1 1
2 1
3 3
4 15
5 99
6 781
7 7001
8 69253
9 742071
10 8506775
11 103411463
12 1324477033
13 17785238513
14 249432247233
15 3642471258187
16 55246757713367
17 868523130653947
18 14127076257342933
19 237386074703124457
20 4115341407421082869
21 73516094755096807279
22 1351801707136238290351
23 25560299982282953884239
24 496527038989340123182609
25 9900869990185230155967137
26 202493308004392988286906465
27 4244524357483984832852433459
28 91121538248222122847062115775
29 2002146828212522932550892089747
30 44996422574331063376666031424701
31 1033725967794021942824874230939737
32 24262150050561914098913767006801861
33 581450249899100549454290062111239271
34 14220976828685260896262309469501660423
35 354784404154403813393789273544307516759
36 9024274342433084946560716067445593027641
37 233924878796309753650398227359392394578257
38 6176881111166165470030466488040607612624865
39 166077687954619073405548576780480893242750843
40 4544967193660984425578638895997273357596734471
41 126550266159386824571871648676229057292334689963
42 3583855349372023404223058933677212873846949823237
43 103190962192353015951918054709026288253264020104041
44 3019891752326471477227045175524037529702318247770997
45 89796639071767294877009343048270150849256636404175839
46 2712149672528973018883514203886647567675212490136098399
47 83180795264869609706322335501160900245548400228521129887
48 2589787547812921192142680985793769904148532816569100702241
49 81830884254846134140727859473273839029585124598033149114177
50 2623415588871242037245524884930886842951387232063229365404225
51 85310502927232231932433830685170250909021335448373926676562915
52 2813300792570617765478597466805210363164211163211878728665957615
53 94059894875208516339656896352482325628663199164534842424264633539
54 3187626044289854346007661315037821454672170634597532654399710251501
55 109473256771808862849093580598694777299431974576969858661869005050329
56 3809192436979393045428862475730542589428448192129354022631163120753285
57 134261476941631851072618266029293040411614450478266211132252799875807255
58 4792651655085524673860728771656874337265669799357988232247698076606852215
59 173229276923498687803980583239964084085974156996746913230372564579066843815
60 6338775474456980422419231109661473477595260818024245608166244742381563867401
61 234773056602248026750916069886288041435710824666952203006629780144638887379889
62 8799793793703459799949818146263036955551509389013228538862914927949533002048385
63 333735895047594610658009575229495398814894740927126140941668241083181750534433067
64 12804615333687228374889385160294394400917556438816769462299016810393458158402444983
65 496926824994605930597071963786970260866495085887443757715237859445620280527552940635
66 19503463021815489135044097501739142400459586643201225221865884139269928593891566250165
67 774029330871959716743288473249451510970563245296880399507459757293095020649213647135849
68 31057346756904804731780668113000383423912725809333768373567824425225570451429493605034869
69 1259705837367778134815860772167722523752041335293991165223525891738610112974348905714831183
70 51642837214145345741514670814140430536691679462764709518838749887178901798533745561437000719
71 2139573133160470749625384155853464294151340620955567769272745099520392121017202237555342301167
72 89569831374353330860863419416292257596461403316831235887245072418035946504804147644440160919089
73 3788409761931707518845829329944524648731189343806448947840370796062134392045444756461227454800865
74 161866561570401055547702846597923386105652136405847528842174734668927668953825908916909351036733857
75 6985671568855679453570976070633748939894991296439086717086566703473939598621757951652267567394269971
76 304478880999787386570517045113771216944722405451871790970307441044954045253629118964588463791879312287
77 13401475783660774914907748606810715377773650557697679751827444084991538047570523365683304716764989899251
78 595585627465161546459405079617069113635873300322818099276744445016571157040365791403980729121459648894109
79 26722852432577687332330941311089898611194778694462776534261186859894908738750484643813166319702089639979481
80 1210376503018506515457315951657517644322510911622264202892438013482322772147545668549718629991891087876097733
81 55336333518114063419012039321572760728643033959338398710948760908060177496264254391386275287646446830522412999
82 2553328758256877194573385273381634356896447101124759862581288996913963179003781373335865725171572843596525876711
83 118895338581604100186509208952547343449362041510368584321168768971043951310373678270394728531198176812144702924535
84 5586514523275185961057463070185557976013212736263766018837019637085678647285061904708811053730127499181360405416665
85 264845316817293942673488922077111261018910656426197933252205065472466600792085278799377806389316347178062738672396561
86 12667097458042003902277923130140780948055489846750570369533714752783694007933211566287869511840896837538674964319392417
87 611159362011509012565346850125107330690722657024607683831674303782936331760437012270702884904693368042584868935678294875
88 29742970560422294385558376244106544618941261038234193542968019371362915432703249883527978434630348501475550671396134851559
89 1459914935942674030894019929405812061684629672101159088398428458549303551164832076214554238179991229473247484277743052711947
90 72267951779304835709805874363067792510033502950268783376437652603782106858332271413672374891153237927580965083354302523607269
91 3607458697461768172229963358795020334318784562672630054902932133631216158403889025681854705382499307538881476991932477974666473
92 181575660017342567751830562664077940128168112223457668776378238100570997526798595659196737312427000650475764001075963185175657717
93 9214642755399900265049803432872019050380295869256862102824439542403253611255854049414535976098296369354621286381789660311838532543
94 471442435281961783537423284260728062481540934891905448702910847421062232535671161408413080896490556950245829099889279326942614864063
95 24314958511575176213450592946752394076635661831200746723325427803496532499899934492235286324164195510790082160333994579872253336148799
96 1264093402951845502250689273053119357791639010162287305278330893145064994774423409644650675157380490328649218001794795830296361170379841
97 66238777501001394087418706426283601257208741956213457066909958144897471461846232587903531922061490345295153212658197607648085313746767489
98 3498165472022708777080506818902210808321344736116375166858202407620923650959750561586657847464242555585114000474413000813815128222785256065
99 186179258273554127103586023863924904757987395261438655431233339451594589757612615841633724069312134197605122887103614554090844201903243271619
100 9985130989017527707247964179518427685703115867564996100679886585420197657282987279545979788349177935603978234636953297569031914314685111551951
101 539606246215148816834901020926721126696113026495982161200736980075037060660355740172218817273255846393516034314797204086224190201427413725954339
102 29381277936951062928329812076949207784557316891868796030432990565272936032923912515416782210883647670204346162316323230494615006744501764627334861
103 1611778077021169656420687208098271917274060987552060640614752469671297908423388738451985247079274186678833323538493716657321729642927476665751880281
104 89074119246264645380305597864591877805388004891013081088667162467954743217850714827781674673424170603258744206422730651337106595921180472559237368965
105 4958849939308374877001853435083997473985887811359055608225484736937536891948481709942621316552898359092173778279007502583377221261739951378604064230775
106 278077245504013536349520675960468281544415459917561514026033091261307785409171074037218306898845195100311742428121648567189460687842679882296686331229015
107 15706427582688743178392375926360264588065383396545830351928425550090103639380986069930449650817814858281791694627534474193676083806665825111854570157044295
108 893490134844991297879803116352560616800662613598347838858156451428054291925067982137504883843998802967519686175934359969118318403793237321145967736376601513
109 51188908348548537125025333312170844149540933535307777651128329908728914116988458256174559007783984842393356474013942859948480647590321631591222256050430377841
110 2953313658993194966057285777277950425573573483795486094810719714552372102708221461817040179716844656296926725820084052529101474923008387575719207805730513824065
111 171579409218626281847070792419904825799779875256280396422069790015894209562877818740542782717400406329479941088728965076748358568806798185148987052100452243676171
112 10037310884545386968135938317361299206386966861245619087343254799868625682016905670319823776374844193266813778245146138543025844124592571657228700726267357934596503
113 591209424186603895107182829885972621246363075356512459037342666151389929856926166085633575091388124137713268077413089845553630350497672966425700630884569806192570299
114 35060059835189280270522134819251169536287621242572519830193442256171519621190678691246277003560622674523571212094320089160558545168334231563861954545479674778143094165
115 2093183302086099997865734707016128457272389007442424854083519263713761566778734730036626656458918013626566330793056146721186384412963160091416891733572478944809903869673
116 125806054183871015727214006386293283831583830855399968001518349571852245129036408398948161070865370788698040973345296976339523787931746758909924897489005435157396453453813
117 7611534918590258484005337602208115736568332736318902054490291149202353557765482002030628012455325473696175454947090518888010740963732122702796868671013875455468003142466351
118 463549906925184393119997771241506763354775319528605100996762409459540351734890226057146327310672444698137844558623612603006838190049782888171321200742818858967382249069510255
119 28415270744799500657337872673945864658539045828817597032404705102163955743994647207576572013741799860908054641243709481283288950536596610479598093606959532242218976338449250703
120 1753137572491500299877294727098338815448055285042221730221500762327374311762569665659062002505040827452433125462294136341718613038977496673961426516396316640605330842231837765201
121 108859741193567690605945697365161661922072674320979504361644697517174361387339734468194884722318107487997361489081657542594882030751246134750549607941353268977755384049836867368225
122 6802745783228831356139061519270303131905714175457254649754731814197549522806558208234053031206023954759697790699013472112517430272446774530573242461544898454455472770850451233040609
123 427804853004606910831085804946511090019801975046643529450499910583005871363823975592382675074528591209485365676954537741455819051888795268407369466906269822839038338722358616575871475
124 27072657852251922305869385799094438645269464625560322590620901998493001248895894396670066610535444320957252653544395861861986578377352299506579642324537281057416852502689329091949049727
125 1723928799004582415202946329852629004423833124311835110396539446237785789732273231501967430565664399026423831574064587973716980876667285967533304280917247214301480248644293592246799530579
126 110456385567001212841390933804986817939053599682588151501448169101047102379864644202496325692504851696430246963591530350910196498329733555765719410276499835306745889295313341294393673294461
127 7120746706121383286713142871018709523402220368945381914537773572914748597265633494215905185837859069345188249560625107924582106054567529945977537709355176697044922423371313909715118914975065
128 461853123353261699236747771453419792701477131981472245857288415155358621583698078986938080320829614739460681143261499668608525473974189141302650024427430014652716524533778740113600071979140037
129 30137456081655897592379639540400030462686315143370191148954043354200297505182962411869917040207297019366155593208282463813303370507117674306990678945414988779249390927273521086843403244753029927
130 1978402529788052539535692225026367071234843559282440197862819756151402851132681503893324366510286203443109037134634120393714484213392445893823845087649179294313934170059356263361423804967828774599
131 130649987128137850066934103657969125328051787108579723111741110241179893728406519640587696932060095859398575161947232810438891574161723578011256545287979070631324308717501302449141079901135244584087
132 8679051818645849961389079943618355089584271930551094296870675982163807827500260003490281376417648054185059760010440722174048969675620467833684079773484108312186551978619398547190653005753112622775673
133 579942861923313874522167680959309187954923786950402380202044800074817563709571749272666123668631793135206711554836476144563714774627479325547084022555654635198507724986673028617015200329763268008791249
134 38978958215793766864098704677531638543873653567741774794109885872876890230883572777210922686661905141627533287787579180874184066719824316430486242250443949720186117312617159410592836387560867791858393953
135 2635054938708099165560609705947482952608619640614626126483501558795010546814026300228085088087379217753845155966823145363321686180781144850804850108112400600383416989775577002776259371605485516735011510587
136 179162093519436895767783365388845807441758691421037740344575896991473956693762530891459172334494892296655521232154984797784577344559747916489961902648610070649449926962243216122651985314867774200240167253447
137 12251306776183161244133006111427222541655999547639800917967389716777113047812907688357079890650634470798365663827358349361629211712539369649124849866745208551985407336393157426024169572837643302358022686222699
138 842522671433191802201302700691214970830318681068418515958041412705930884058124973620943566815446832880621462091534799156357390023476111510320709197766750005186696413271075074672330655000643003698031246340972741
139 58267578333045184840842299555079939595094257433962419134142806214265844457708872208737290796358736774854272094125414270317468207633714359873754225271329281979989750874104391758063205606603279919963069723381333097
140 4052304365818094929539582573048571054219532902498065388343886179573551686606768401305276054229679033648218050025088541634529010187327559742894786487970841362143447566352902207452186006636647248935909782125853967477
141 283393973997387992342301541521358318374900705513939276010874424850254147091717905465168125965257605949105397841607209131168147322645032067716768859171462641609948720089626048162400775379742151654522996983731986431903
142 19928591194605714274989325256791559816827863343852127140859388920953385518594031046418286963711141357068583812660817424297282745369904745139065959548641417575591716862559782651365458212001069885192536548089081348722463
143 1409107744077326408355651959114533115214761262569013708940096287331775326769667104148823692909229138668179808087947449307479600263291399394480727417588217114391499051139435932967262314184002672714354588804513392814893791
144 100179258986275402437661798389295044570353116317698787672762716828765326552713250935779766400676080089628018124557318817262606031584566043612036794737906808399462031671321272193663963102762654302177544595748628378707166817
145 7160808146260151861693488189200132354152368754290872246134701436911420204591961950715429654661996898359126783798816799235950654251405868616324883899991580507326307916392645664136453499281814005678141794172888383635845739969
146 514614090953465774606231505084733955190392002167541446106631787799798635842605960222474731094145068069003868263229727344382538277637992174499734556403828855917208454921510713775055025340191404676275489369668971543210343729345
147 37181056162674250596603659800888823680373421827540252318559307802006676459631948148185790989313761422297897202885666462937221895450821229182929577131951653144986306674423135044781062871113392542785897629201162983650430778654115
148 2700644245366703651145290387528541047206961325043925174746142420445357882668547431971511014992446387158372698240495526394712655825169728970796513162368250133669978255259071233205307357798992689063122590230694009651949437909694639
149 197198691354312503440991374602089179038039984383768540447782501538932363587786851133282115268248167342395112569861928790378039756782443375927296667848126013509155213030105699984104091215528441735687933966584149222977689358199242115
150 14474955752698442614197191271515112814710969412809292476096265540786770770918813231581328886489834601545700616875798891241376246183008343564991262693259742188703272077727652997969841826711490442368296258148017123339563123813868194221
151 1068052948783778186908038770761027682590015114138306875743551686407311953169614505270276206017978119168768590662414843594026105598710363179565833200100430136526259193716488776640042343657705903518640539006579319471062021909553838161113
152 79216669621638128212177317645441946018393097984720517259205878983475845637774437274976445197565962644622649396646808053567140350010160071112194006161369460520173095979573546801186853479381800983734441365813539061060739961218565330543749
153 5905745766814282799551611918807838837790267079625859069012590399159957077457301413991748487132753259172921585189159180131002908167279737168891319656952715992128809642027870963151465700061391206628002194963060745694160002361055208367301335
154 442541058754988855448266389347313758658217435082597222162747556637402070248139883179973627408313136085695205512393710008030235636991626199868376099328971792785537057519568041499680689639016624199558319673199436141251043391356674726022230583
155 33330321678966207191215377171956809786596635378195582400348669594378117159957139965877931913504172448269005673681855275410113892747854457997047201951080894673605180873607312751368643187853109141720225699174227261763873603608286603934717382119
156 2523011170449110476520457287905939334112249575729352020957510298932200229646460597065840739139594265717288632693166947197996315714278286412314151361459576213646198904307006472284646270962529991928902127859266528550754733594105291652999563242057
157 191946130234268866837833788799291431419352229145114124318412491659160372101349178374428379237932127324246913245121059238857761344585487112518766847382547542660925735504800387999709391781170701782363165627075430811947894953603394006168643864041265
158 14675976722709668974325401975577845414389099850009407562051189626625879948171983103667348753274143135797475128870937188919595301920898333408705324246127598930319494594296574369060205495860475729906686385252272069918903508986077008325357251203366145
159 1127688723658242791027578989245811605903114170411066060553966983040409465940923172679382856303124791608524533418791578274517638828225439837395400684319549408528619004167261920547602617299239519393741115453075109208032673877222858763907825975376388331
160 87078971389470824374727763276579437472411067346120815064956717010850715108446766466656503248152741085632818139898517393115960721747678860304208864147162080713867753774303303393076448405822836638172110572049380619205498506716383794533155701678448180855
161 6757197042484195031076524952210862456989329600027465087896076815268112563018584165266504989064200269425297725896687396788803321980350562801342896199070991011422013020803597411806459900389293543033020187982538095282470096774213184532984326062965149269275
162 526910286562701573625139177856646450229676994112201023138451479794866677770457937436717955299054386160013398990148213601446058059789790847952317969656536897905107369579584399973118659277898475954670069871682138377700689677797735148244042456358339503021173
163 41286805283640181106158802522104349148468986308927098492469379740350684556036862130085253326115351290301241965899984755990327002259289472980567627136664885021904209501604407910359363820539594404392588980410195002258020207879113506089309983546755487967602537
164 3250710098594067192719685500427380196534763901992188339320037467641787795424461711281204750065900491609708936751545869683652683086324169930147544640514048885110585133875763908014381601882548182998580147673949719682779263499161695159328575624740500579624237685
165 257173108405423367926293059884512584350339708079479561799174091926425190085806204376060415791061016734984832690758428288270805380794953724608693272168278340785722671898724631121836521704880049287567007554779085602367089127106336255856856048588939883912178572047
166 20442845772065748101734831771428475060707845672965457768495470512868360941798013500715814374642290926530721795795373062611591089187921765164645199921731002452101030497917846131381308591163635423443977203122902116194153334096248513420037312155447111785168498988239
167 1632728235384216910110577016529575782460087131362608459572013199271422656684020625408843060648500673717769680301896647248708276273982439453880485353640498994742252417687018011965742412218653389735298524635395372298848984627668806360118745377929955520102937853257519
168 131018194484223169836433873623747665797722312471519219297464702230783926591914355217674725805522710279498350045014634686692985338281619052419034286419444847507839421033473272976751240224613462879430993985245826294414254699295367830574109406799751575375361251518281329
169 10562896108457178352413795984700228619534364822040593313655072692855948307005197457885635952331387224053121557944008168428015529094176009384599667929385796823338070055713950270307673461181229236253666000114850271763437808575584073106052121540627820206419832991838244449
170 855572391852436193392443204131010823479719983007597528683922185090250326095861108436881920341227115553182499817225055196483034356928983371381219556935943328464082768315543119476933002218854924039970278888036398761781487087841752427883414811866512056302309176850592591393
171 69621225521911623587650729588602172134714352436415504741777993642040226932037071828064191324752678368297529512612181688327964024138790684657108445173972999535421637657052670535838455050088928851528922693499863039291892774183649073482834935052217587390766266692148734437075
172 5691498571422846604984357702603501341274430647088870260599386723834073967129013654742386578766997489055655396714068858649924031948113856775059276893823100307175380297628592016943879684747297761695450400665547470015916150712672991777350170172808253606222143204129512691638623
173 467412911852558411363437038577534235182119039844860329803965653294290977313300419106589645371243272336773695769170727738773984722206781707127897332764643828480333511660682424593480582733443101091964471645124660965263427584918304165226782058976325832533346562507269533705837235
174 38561422655197500346464520198031052750862829619792740341244893839999985907087838661329564022095208733373796780684356805394995385024915174937375443843546516431501606593671438120929252188391980947809326293423078024958932615786274314908102377424320591151341247398004863344887709277
175 3195751056000513928339395908218003938734475809318942383305637050179172136843036719583797838806548420548227350119192924602263781015947929333439892938141729802706753010511658105094253676298862473046733157353876634200664953373686502107691175698810600424555114088386888245014732157657
176 266041742083902351917993016750569494367307971363791131386288826091801759197667772725992188891750086873054786348815374939895343534575432983807275523719452453497943844888616958647271271516086981453152317181908923831558248029951706848197130556858364594741363414540234648431071460935365
177 22247083646788537058955200163467868221248562060561646263161166918345580757928380540517324478317589995120557162486717316228117913861605409720863300378660389423770470447121193320196103080271440689453010911104715871991883524737318248062203099482302423633370420303074892436274623689674375
178 1868669437387303327526947139797816343925260477135527072329201173717319914739881609585412898474854829734129283712273598653310595196068601593518428037735057387926140968334366324131757549161634306141302454887136418619418993446820039692826631501683088172773596496193287898367530035789916071
179 157658614900637020869036302608374394334184871921864175819570137400823563685481062233500474975999995066695629171841993461738717700050446632316599127491930857693537326473072901047397527551957319215134520547684162006679744650792799323227764016621873469478055583265889143831452189043583114807
180 13360373793582411072270857024715311638016377845650720010770870506867906613634461232907888796421018109739622704483093016836329118311584674147039689774495709075378031292391279190659990129239807996678124935554487063509680646556145279410954594636664753063018952261631179744350172528422631545881
181 1137169350397620885771208434242950959430326299365872739118251736137020688453076253104711712998944074498081444062642550253623596424963528427981977562906446553482590231241372602174327324493103238445077684420552885373917874376889180718970076928159233642444255761339143871263660688366382986601617
182 97213679359518120670676776160688691520976308311667226033948749543731822370263704064101283038606380796877915210982343477843601163647447216778031558377386898296781202945469684122524591776040563334815896798337483654317027292382914870200670820805678033667219728029954008255213569013281377969959457
183 8346713010857202660655742910832351246808253315356309229063730611308802903258204164439589622443784832661847230406752813483333390340289420848880401410145313415067533452170371137553680443019027181761453967575151846425752641953507817342327642937469770331057626060963033542231991073867034956369936667
184 719746759172778417119543601992225231915477208729888615536729851115381091425926814078547987071811776496574956933282791889935069289859162487967538600945916126353801893297490081605955111388066492394818300090769143375957622513860839879549823330593280738856127645003811611466412914485401444836523133351
185 62331914066252309361668199264541309929321953995434025433216199435796052454188509634017160016754617771320185678135148397981909527849327408311758874598907692003102279420887408014002570344712203895647290341997274416104947481562513159036135391923477560490606438655998873964834353892234123939463315124939
186 5421234439715713077849608261733993915295782152727059976267123726381791751342712329503922980327492092414127637875119914116469655378483683265832999659140124837083431044625729139507187613633805295500119410388875103952894882947708848267161085714119594739586318170964419826347333245713533524758710535412389
187 473514697992359167833396452746120393467146621932819206537280525075109742591473942625683159031523430286403355798240863957880320519570008762094304337521865975006374255805587813214209633249675146631493049400877167931523610661668729513020237463076468063613574986412929478051090966771810457773085437416788457
188 41534305833899844547192584766891607482696108104278658669397281366395112117056973176513881738642479251033343232297260141353038638473687680764472527992333491201784935813015409978629528468341093903030493802198511809074842364756251782847767201596263076341757340498939121045836931194848419844454752720920252917
189 3658553645361852246004007739784735621105928443442874313249350885263087791822136873693091696750821295260736014522001510282471635285545043669436398773510007557237950057218253324460800713404184649904372097271861946130214317355155912753759000374983919538955980499781477521190910292905615398000204327265153415039
190 323617301945342525168356150463868392816880509132550861428770314439518877821095955260773706701031607400171972432126684534574029598853221285539883317593128170738827710454240678020684504434386777802672497964274727972242521345896369888740163772101114805244451440352868186613675086913300309362972489252762132746623
191 28745165953013896111471092401179432506234283273900493910326025500126941704870740458489949229667590139122258871877734930637208129686365913448046306970631532303491984975441508077765389501128317306247016132138962369155840262803800098305292499636366626359404878286258797495616815787679597653221334212360441848161919
192 2563892009255143075661804080504101846455808460556406587196350462125880102424868439886108703394553298835100481105638348657924646896057871304341646105646058039339211055396419716996222798577298829122377507948158779746973059465990222669309222239268526041629416482864683978694261045905121549387277896440355030557362305
193 229629450599094493183918858511676402360994996389845227295776286823589621841967137675676677617808048367282687204592771163246588010180498233413729134738055842893891905672345314067301330729247056197927633876828872989777091059574600570517344859726605917932432142817520303954330486847403890091211348819637644414656732417
194 20650929811969960756209640012437917199259700619023095418630609989736046455095267534926918567942997900346945388398303720510502074493307494505193136169439131532514110418806153380872749996719325953665965224278529492409890389820719338290458119155323161458322563133039757672940332002773904285041140354079191776153223744769
195 1864777858333493134694014229813117484827718954474164091964365703302162107313995760957462108366243318153324359441510895712304739987038467112487381164632674756536574800156951450506869577791092857197133513066243531924700741056262434902763033163644081686714598224990990179167962401163509066945361698237771869418686932210563
196 169075801779867044815421022968236418912455656078614685509517494127954147100111080362551909790015652968334190740901009481307504282576946387102642555433305367487858085214740591032883667116880162985771877472662050192769049268517113674925394852085328372402175626773793682366641507501631520534293185861509406752399147237918607
197 15391967548012623570474132634402980360478639773404751172504115571008668635556271659372883164331875184493402248874895762507576148645191647248425705692152855133260959632789013134858432340797838007792256207833569798428816375777987660579451382026923777194166285807591659766941498775881752578976485586538450249175614157469655523
198 1406878882004582361409106355051213026906855766197061942076545546060542689729653639483234890804876058115654770476661242478344017968483680652832162783082837452797068961253952986839342119595510853554988616364778439936315293817197645136001859525327314381136631154515405830204371719578161692231157484179425950543415253943856079501
199 129110275800927360257833341655786490047729889641917158267885789702210270091150247034611666180263848339589370311371373173484670705343412313459722980713044439305541785361378751892464639864903748247482795288454280664329098865536454290100831414203192359524488759642360033669194770490960023930495797089081282405048550072994979483993
200 11895923220778186770304998781935169649068414906864873954068014268268151948773965083187602130820309328026597635896811896512191914263451907601715389583587156685297582392035784030973265513028342496944414000260164832148377525429984438852838150273753505950416163516411034797893297448915405510853749048973890557599790941079607103890053
201 1100425232391050575629194589669955480620407599848762372191487901529606793414874910292380030126674857940391801012514513475429616614267682913176147014511274379762332447438564748707738071138102068380967575045117644110456798282754869512626356808864276166944924327623948571725788710219817481659759136573665662147862527719665440515180599
202 102197400322388716439446258515913880559617599408864202419755571641872061701872824484648169464654493737488526106824379382936370499183760672588115639885878893141812819516639741145931258014451099620035346485807184030018842235524171355640648414133941106232315609541079825937729590289277121923423345720257305184130476754426065233604311319
203 9528576645700807465754299319870021365189052551446167541682937319288335910268046369027061153755010634912023548092757159363665788105149673962945370426974432026749310937132971100309954045393431744186751860970412112938060882674997006668765206918709494143637638127645989769729796025453355835663693247838756574776109883382322286463240824199
204 891901963503777772170543840949097050429490923186068564127796648798586206959644243977277649627556620469960591920863174058848399943552238542288835046411003326257616699649910152015806415540491239210041922543356978078783727757685953053770059019992686515138326855010446759356371083980787562905392885653461493788740975474693658613956401069289
205 83810651892256732424239808574332857044259199151297761304212667450395028384172181937378276218668051598262568895684836286814706035865679969243527928730495515091987427645584566610994189234407008010219006585183863955325792190092803719912995849378948133840981301270483049962907873835029012504888620665338472535191635755164609586689927353547505
206 7906176526936471723460245005437020014488817792410018964667240882870025487991103350921078840928826157645865191414907568603532160957476823331818323039054663542026899704270396589796075479727955234303875801661420060151018840712364310531880471659551380583652183367538202540802079840928293110099859127755645749888355807254459772950741461658599105
207 748705868013986830232569949478205644735793705702485787979189881680193892724518107986693154528818783001365612681150211671426094819189977116851669846462751743859568151827061429944642727818939897979023152454115022792941476257984420152423587813983959753618971853060384401316126981590228663211120769577707874585432025363368164204281622307962808267
208 71174714352488691374500336622114412966618019766738821977969747143457752263787571219176964890536756820912534866151532921180294359940345653936626390893545963114542620816512772967877194244380792976215543893526051178239757436385294804229711680541293733940010246724071337007362819147933722467604252235729266883308957661989541942812223656927760151895
209 6792073699419256907840173420131185353050834935540557806575770836643915580374550054836565036153474725647083937006696080042253712813899313832474901041439003517472476267676843609466775680301957520555010202327716129056975034559010435912547478266646983826490901815717385460759291667850219196027994781856804554470278805419697444322802579341999474995835
210 650629382924082101727658789091333814175660929621655094776801975410357416706097591386861072741261614889142770928440657605984139243230432070538721261930979794692443425939198678346745780412398977155607932211284679792581023331399897202682786978937037095097814196486901672724607559621358251799349935396347867037409832105231554457094362596270429915491669
211 62562214808111267057200241538132121111390435876241350495260045931572973098477011240832132158310159967479350749749148407530923942366110270086824180820117884187313010869049228359169406748054352526576353020212015644713282259696393408160742152389056439200799979866549147341509774920430520925224348002057333099283245444858586466645489725078629941399813609
212 6038517364938354521036266547031272190244395218363206668992629221786289928030166384155584100875399089979440669943662897829041564849680759736584373283576188672320262085140765871733539645045678947696211299522332130967808636698044844485639542889615029537463744367630431510610144196011879246492815927263269832429920982411184877999876176499756838809575934709
213 585033795909857424586407721311716490638936476460843758531087772072874294031795528382047283747023655354742032266335769448052828847553350319445186478386960393793103254683912230130014066240207317211624846489189971707903522320369308367298227560760461920500970896558037069891942882451347932316746598972626961759526302773020586313707593866679672355816751431407
214 56892727705049657869241721136400826530489759003353335146738187275153332193402599744225050389799519390748837693766748947082447996095755870839913375893258170497660374185306786874471601605066078152789316581053895668064265522277831632044437389556235395398570216105420177828625234755000446641879997819970765306252566942154603200231613563330215528263867256907567
215 5553292187405338132721331230539643308756461484962086401180815647192475443610545908224548302113184102062987793036580331700474706614939299153238920409895117468350231450829092118839049544885232284048172403964368544316534508000577563996003708532339278676791069468508089583738483861837353371348305852949389040347289256682975841539165739515731391998350903615037647
216 544070431854958475947865118024491803186374380915244415681533341736018370420347757990402290700928422016910851251322045198757909826533105640693769219068395182646445666567424436737376019595863299445784299167448585482242312178294827781122496999893452072659530283343582727419361838573998077916654074943069076642737182282219600799801169433354155983892482042479937169
217 53501195196750544879249698953787438325555623546413770786041083116979097480932948550642516729428023784610505909399459234201228206678430849926828526361017622632816338077374954020025570460700933363010942000141164257591888426966192741336725358577630551716173667461779219434739307226497743270045693006365289595465895355520855457381057681353007500493183501922730745761
218 5280421553700896973613995326478036245796299056690764179210455824889861598944334692738521840163656818608703970561672217020109209256349736516559007997770410985370290504753557932684052218968732678981996079214720783346259910968211154827535027875305490045289688026702090615995567341623603382052600288285066990510496217235938048922121291125299383580268265276744868395361
219 523074453847859981428840695761629132518424317060721684304015256489027817179373505062620312705359127096438184949463605484646312652576180552182002772665911278150327454912480678555751683584794687043320939995660098163244938769917368810701875959753617511701548176067148081640871927931498885191725524335201278865033311902272426708897686238893469351376934576708765811831219
220 52004550108477558618130854911737519782750530427465512803453408509348842017776101593550254654640704956415678564855467839882273378721458528861274324095207307326463075350864830494212976783555198210154214782699623252266437372504242714777457982830490904290307555416156632396957208485964704526891034913494220680728033193312795647253339256666177836668614855204212200104116543
221 5189138585306973449101024193153081772836794875969707242667981956602368031358198369690881169939128117324104439878499727707794590428642909279084839345385163293052994739384601448977111160582279044690728886251414914330664082156801230959450147600773824033745519945887149856502107152606917984271901868592801622544142526858059747267590263165727401482709249307589024693036720915
222 519659081556300004305423550868207017418050340203412625834058203947127317516828740188416715741491983834614030669405957072218523157043525500835726009988457322616120772022379625703347785222146622072379224724455133389409189417545132982223210191251477490349338580283658282223248111688028172471982596579866486334341444425892872117501947259960607376744315082417607629799207041085
223 52228119823930806767040753161636415565988825619521476638787589402771684387477483930933947901246815702162165070465192497151219422666433102589912862540896018133516020460480929651237743709728937618814723229732733013992539546661141721147728536097130791542642250457706003866044661400421981569631665422739964221888732674910967547972351118041631356226172732322336564363267813290585
224 5268005635789593959308100778978357791431558204855966598637255450573198590160603993864851316331361881861191569599116525071013569274079186682578351871930140767412087346649119781627298354884277798753158061372141116465476954433352076693972499295723897391025256232384670195860068714894597756883983099593554374574755607327930685144189617699072089141918278612070369457457707735191493
225 533258081689814622880024534269710902989568944911926409106243034235420748358379005174789926969892584749149748942572885919481415662187402948979138314805473374721758431240341766341529667166441961465589988604273721084381955265545848708546329760396521129048603732732043400552817409672579712747828565237424305864977523792564230523769414972322668181665545811554864946764512866833877479
226 54171579791179497389777599617639154939439976371716451198091391099430388309359712883542913055185512053500407626345483957010991250279185231328548646884680839132909784803592656999998404692025583267516802151940411367652513824379940633536688073466930135656801848054287563034442355478713627672341121653791507671859422010626332711764101466751724476044173210824146223561968504387304890503
227 5522578721014675026548028225535124570949254741216520587042586033024114153816738620917231054313222000063822707911527447167817259514441155240121306732290906500882906693259329900957988992407127964246252718372380715020246125215820625099428144905088644737306206725822759140009724909678422287425351154383878807169882883961785064953654293120524559571392617274510810457538250525434138563543
228 564991953943754017857520630886642740706884996109186254585499195500054351274287966802840689989511130670559608069017276462832096441180116577549704226865232213591954615797168951198992003951636797175911595715520405805226040880486795958771918165555833065952330958929738190847895657437970516921233190504935569530027568869764210071298933352420381072279021926515407745884718158029570044655289
229 58005099125206655661095336440740981361613660613458228098417073665874495940010383532507497767721212202477033076538945357787394515388319899375447541525008239725899188501505293920934766444372249606058972508285380308001292981421658525168597262392735845917812302657841245863898145385717238252220569764065233450091011875086816232007338131898282165160218678097039776482236456985253563692965969
230 5975955132341968979955695263119185435832569923129260740959371644955895847406228082968501341591424369236218938308964995752948002522227337159171485088884011274928320322303098753734208417318625601015932772262941772389097473904971047604255725434536935052382080238483653860931456753663314952914871038277205681676671059752458340859717663147344822307845274602573131180837888662844404861206879969
231 617816442946879836553641742629231429475421099215542292284246271165255505326908746097484836161903020488277939441147752759016082007429733645958772485117883911200158923139899030900933043263628169173041098212249683655880261006333810774088758532815323484819433108417400496520021176193682617071149557698163329769307772427033602229535769340244900072344462746483482065875211983373842560532524311291
232 64093850704345072763576392512467199451853869825168984500906746269786172310347470531624896779569706737034298402966672996030182654733827015684733076983953164014827356969597734688770792672683545436654306415070338771277037565111896680640621254063091035736644521476395503267438407595627617895610455227536649538154387735103527391138536852955052931777710398767667521096982671698306127454745392185223
233 6672243268956811508391456864948893965462462500390874983734458384554619960437079484800781888805870967000330598146909879414435287151755391509736928777421954458077444297133433810963659287432035712631828085098741814285239524255126338437954186999130820965964991395979764080237409648053169050702363271708314613093503995398686294553097426306517979072876992872731048388966699960765399996476428880774187
234 696979293779847407391883994198848310708374102676362241407338642558725617205657970825369877376568095249036363312061068021011115321499420738709770822268041193561490305087646160923330355435469949091690377629976912167335724014026978406362637825201411152560696118092513045259244360873664181954088110351847446017642767744510538420210254219433781244805761726764214928524994490948784423979076792666424965
235 73055735269506394206535550338116087515494486467093290465120189319230724958812683724527916236725227036090786438966293787603928818123251992386224175182436572934953527196703322732832551006713749256129332036158214885883750636651430097469833008287661419539479120368072655420727084090209009733592890351784202960852753504833526369530500644896273465697697555195177068250614449902906808380166609726440664425
236 7683678452912148912428814381231530271313556325419321220210681709975036940268914575671643803926672879412250817090637063652161879521289860187191764577979892439557235454013756176425235973953802744334628511358015941972749079037390967257694385040333912728734498859850397023291073609321386007166942716799780611213564225424567110896915272721436185864042718488546009417656645069098494169221941981033866274165
237 810883593244081494372584019226199394694927267712024032938451123881832831910876709607761263909466625589047056591768767121575581304933415990613590342384406174012398058281200965849533108490356464377025328805950670342919781314043472828691038784694527402997093952690820252508170445978254501559693117989201480687802805931759060394693628218644154742745471308857945309463894911501019710700402968790696414206815
238 85865044034232498063711040876354858369271991540024319093374078283181289891813264624191549822831259286627224447009258033888606868767221865951382936798983102872359776360432911224463554121009542416426191614926494050167236377075376585819718205235742960006513083021804842171741180813565370447743197469071251679803222889152191031478777885574892785751610555061696200306073066802774031711078450323746264973170655
239 9122985159048114858715961834996420409924285671561684998117771415217789983501068630485651901342388070005969936384572334111144086607178958789389698975852786806546208869758152124080072770311876344255967491791917613764560597786548406760169868088485888828530062456163604071056280935221624345692144095402640994617819576821207797131516769241161041749115754349007866442607046495026119244934623440574699055062863391
240 972555535590844576058995032621681452246789906674179914135942040034115360470619231785728878482906063489050351075235322362719692890803123176188178832349653501426602294548215614398702800956014117752544427647817079863535629590432114181188441503210424122754309671527835035838702988924915127970687742197069595106620587461132846018744198789882571252710189409562184063527785366609481896315629614028074127434347051681
241 104026252024102899762853670525984241993467616475537131389289716103350105489149016751523440344865953971621143024739216015206713752898776186593677958960181428088490446571057963463452903320855838742734304815255118071024930987830603236727945821362953591997441349323550633069489811033028337620012968748898773999058193852270954552270257365566466074296599849301226225639644792153400163698666946856314319956531625669697
242 11163923916029196516003970428699646039322410638476261620007092571978483676302603687820523508771768926450614636224626475976326189140910030410244494251616175415300717658276905896217622207196322268167665908156851294091718525982488881772301598336575631198779193427156982556384682236973542647013846405536912641349711227875618369103188424333537294087693037504427753312942114512845244184779010282079478907124580026722113
243 1202071998747873575909905362572404700526956131489284790465770623695056037700750254324804176534284945761002151866304157518864429724692521173557125769619444144839881231610118783206745269856975738520919656447334824580023702708717421501555595050829436228946860589217753464778859250735818678980242363021235187262051035783007764344685963082425660279023958870216163746366853566742945451782572082325404839317194579120803683
244 129860824449657153189145684654485976173404493686197033139268272255316054210011791008831730721123416782810035313610043352192447246646162784510739002166796536600281753879674702842825613593507613013880602088431081316473961550234253746643560056777938170353834284761016589197793149848847174216943420318723189138335429310468648696531701346117813749157467606182749336905167381450838727267747553211250077092046866314825098351
245 14075191219725774381661042557831863437593174901414217947480631666453601502276020179628853370897870329761145625365213622058474941984336719843237447871732835472173541595897094026024988867184031526882663477530767408868701915401199271013805372286904996159159524674702214964841098792710233551702327543276184870352447917121960893667318599735156022640782923735812309354808496081209266779946102228660446123673757179369454562883
246 1530570643364448362186942179506691876927451735077389773014701911144193341498103709714502476887593806761370397228671710837313044172336368723893051656831567632714678324048974368034778611487504373120385639900286893893286445243675309099300473052538536431022586276086444147809557896025512106619577275924991689113033238440862656153621694635640745410940384124373267655634993718058290932410722296492261356482889406226322311979373
247 166982085338816109783195428265942749087363941334169873538055216298002317298261376536679849450613798948421470213170225271519858267778525016862096881712498673273325216507224396726489547141568878907056884961407792276264953542972572089462276780612957398372556083621800727191651651556897395217366349214319515548666089618533771921791010364943078363901548157915076512002316314930166392809665718702552207266336749660869839084539865
248 18276723778773528947134081123001416875964373533410091062557557416308968466780879676001184134029110356468804734818181501992913872220309592181944323637248317034504485784779212548454898293217427440574199542220739054434834270786821029314300744958301780149596660751155764294171204639599612218340120630672540800433575842983910636783743435260843811368466496032057166700668047604254760438836440047235762783716407982404542142171465349
249 2006935274703234126741663033823322165057400994115320447654520439383593408441335320963841521585921979993304485377805377686087580614116513956243884364519746837473909510845675804266552676626834752214578466269807669680351807291816410180983414217811268044188675295974927610241099843118313333690762200280455996321164240277414142551148637973802641889262777341136439548144741976025780287480604825151783751233200003962404352015020625303
250 221090234397059599099199528514911455622952063523663773277478287182424004420553852947693092214523647144230287888018457724470142433915391151427121674999801189107075828919665531828372722314143970440906767549098652292046647035592258604419710528495421845273127388786531056641686992292546700012269056434191155818602303432374745061648359314664151359176576122467812078677365047886663496331097170235715501728453752142128775859314700556279
251 24434395348326494578017822238353002790562003351322994874576467063169675377509138335449035142790195473296022342529924451177586794579403100803482546106009456384261206344719324434457523790792302868749586830201623651610968775246220215197253589359739609449890293759359326397247974601767166199491553789332533135011262416515941697944498653249961485987742235322479495306390916863133705380311259413526500447704191703348652095276329226402087
252 2709094679477553100498313349283197071302488080138053806660405280739016595268237302829751272555027059795335077366828308287567900614924770096842526426114089914711295443701592582040958791695783657510023298861070434627998480626866025169601245180856573948499333992452025871507985017694792419351466248709006047393467475809674497971784874823630964525906831341473909598963142422342813094751730980082288872787303647947567162958712609664414601
253 301322851869009295401536982046208242027307663262967193455035268422251663547826013649436013687150085439346064269953526783753040506295185383245082800613564757759425269917348644652993763802610851724946817034138244403500838500103832452009041736217892844498940300640351410349796925110428805533876004210123217614493092153283786875572394431249074247418126232881871743101714267698833821353025552402770057519224247332746071156193927259591908017
254 33621728928836543706831394665410922560746286819608049354688398240500854694826055308432670380751671575924174821099169991057488241210382418299896233463011119506435681440214398853354337396839416622878965659628150388568975207512494872319680934762399930334621607850066506106658056522443075079631760134157348578296747710271216387107746907021454903923947842715806719874302439610233501385366768141158405086444833468628772467757618079896805904001
255 3763422101731966259149323386304296972259605949612435438445608918156395975095059824057343017407734944020423561211670259578310069374116761464080203002793045210377674218754516675037609838402160095768425091690925745097915047790917398450333533450752416434999068027847320704757198867070634942344401605363100519612261457165196373364474508232631931200689374342619429840337635004754724484689931440894371214542633368804407105718942403653089741758635
256 422586484017446190452191158825146030672872394671856427997040848815110062493622053298395236113565915601044732130993265119304768369869915816600744678621563883535226439097079546588957329511631399758343882813066806515383099343726598717893082073715198177555581713355677667257037499433793340673640605752715585826767913889380741526703461245448883636500497513013425928111066640093005780870386653815515634441461069404736170937134496706889781813446199
257 47600658690144795061890611395367293870759349025749170827510721966349025897383573602581205809190945660627201944680767719622729854182510979194403321502115640349445733968613382278796403236404816485377198603722024500579074464091692862990412431095777083905695918077936930023943364227215036213301013142555740682754752896200405489472920885532434143240062687133133182368199968924380060587921906163894625825887637209987803012016477644857272499564908507
258 5378608763743394856927005791595264855442936617702520411228072238716752719147549339797151078468535231160548795508787977284053559952203672440209935938694211161481509802406445886684842962411436499908402085450556532819212330524156020178021356868846358087234775968205957331454739801136919536424260131830406585893355229175011244018365043266342962820209923875294823050492396921919600662978218461843634609083113742306983156496310328251180231724967196725
259 609651381876059619288293896036070901235429357504371432963082704322796629966518348773574222329471848248528112303351311633617880061020295649929231880402348724337125208756008378984877900716438388234638019228975821708057046454093140963781125704303237401608422253571104430874278611575552671716202469959533105496278469605593238255780443111954295147678205030685952391400743024082817644970364112264493927043379276385032439466794062490420645990610675671657
260 69317486096708745119878904354262932879672277674732553825309842003465357258026227725813183076669206564291438599018044293824476209372453239937960705214005810629568117842818974749100271135614128059801898647535814713048721433563298570817148300729357465385512068213129581976626510779831504417493879282957855088265835101430692622371509417514896531637411384618803371398683070408958198061682278345021741079385990787069766390989198144009195799851884382069109
261 7905853017033930425867073311672307732227849445327904826204083258672758492375838192570464739507115641702750951518383130975529347033398752477751193180550745345580944668452840347718548995110235675070817955782647814341323455555024328474659274720723340016857871059186985753227689179699341471027079770685651041264133817601112687276840046404201422215974536166893615553763131245044538582719480543484058605190896253555440602174419611310615971494509866629920463
262 904470592456509548893372172361797969081537537422751611952691706100700544303321155558876532043834467948947568956109166749396789249999918647516904622328855062505182321904289401436587991332574072967409308848017641900135112871708712944290233901822694086961775544101088855347674155751313369096947412641071244348859132948929198570261203778196870195945255405673363999351645609632288587626014957599584469089910207554212942694096649536627438525340710529842365839
263 103794676221201198555586074873395018885809074961354419781232359291849947856181370279993648461862497395437058538120397382104577513597550207388794771153149045445987067821263609230147354040757417831913885441509279602518296563199905842274818727838434425662171443247318006452081603590417455363132705162053326066348499300470265840764922200314162450335307257063929838924450470205681595867671928790585828617669897013907008517278473002868663959457960917048667612783
264 11947740551432475816872388909589658354987110203652166975914938242962371429773493012562524227800222454413189676670508173801485816727814211971084761959798077954372396781908767077099035841557313905579570393493870478262080454135074243372052306099350398373748724363435003752921075505101037902577616754435153433399071707161487227495372664267533299909395206280460976525997069310320232235874994659435031051848480253183271645566353710755039939173582034266534295088817
265 1379500192132325284128421190618671903965726894960895649346058871316364478686784694921894000313956641537722214488915575851129392308816103316067118691534772573286858344284608139201146793040561262656662694066592659079613759667964603975253675856097329870648639300285386348995625587327311342808525298879517567752990745977930472166459401146510069660639408898918319912652037333616523315580269464469123739145142663308915795751727521291327782908739718965926675393960161
266 159763755197739579173873252720333827932459016548218819184373743956434658572980791289798701202060265749077902649920006734989363496318388773984207108460708251252150976732296455662546753956463508316292144365341761831641668298550986509513413788897567406288822760455563771677439372888449364483186142662040977355985207538356091497635546363097631678745256258169379702499020015018101761569807957067073236650086563542991196246053037545866424907010617523888815012797328033
267 18558827575051085000820704939625208319003632545248923533156033921270087797707670183069427386499097145622149283716445383838643762392120602778168043016627834292852018223302848319282325749511678033430276322057777773411684273272750060005840661123414379084672054473263572021909459479668376022991177287621838449430536174258534097212923830703723228501471879222245194067553120064967080566568382528917476045242917997788180932073092412576183376516822796373267772230873176723
268 2162389381471479843459203769879746732677010953927555996219454909314708632304033407768649235491322128840719761695360472827184092261824528265787119220978470924612173455206694425729198687046929418441074510561601878400118394803830670130848114109343693502386189919531676048456713547619536432614147739549064560144886379960118843780913970437016895436929550392857634467009318316931358926626607802976559053158436448043948963847061109894155950613118011884709478163306702096159
269 252710732938459783036488141124248288751472426040682385031063181962827988683164153143291346276971215658086960145442699733266294056463699932420364631254778673386062515191573403000108614668079420007864511478016927223030738551426485573771655080420081988150498750916622950378828284908870994715064027243585789598335185034258610440564528815798857484872576006724749643535052246090081301342676513849994429235806389516754407477597618604955223947501275240242650630065300076860275
270 29622060865292026103059226848315221952513438909649453417177297911840689531565921460855593953783470370262473083911221242380913174818044608848142684151374216622711499180242127733642678250856704124894135829813307535716782916075574545264673061274212794812691760909859078955301822623120588466304717139757487585747497059434963521698609336615035180235173655269233922273210364911561910993112173210913728908258278800933070975877241698074861918961220310854379607727353989605056541
271 3482603661922098613072079061446233574023877901046244264276457117283732104103664350368880653028980305775655232392406093709264471542918663542006652853016461935807308288451267852783973109426139806892651661357238053876477644849433014014243276046188006702852677803716904648058205236437509773169216217303014669834637648338567597529754603820783170447199791776314753444777079335578548112766946401764157103845857801056739035840430275124072472740257376756475200351939896261901911001
272 410662901821158555693810967025616691708001231614607670930569209241151630418821853281941704586508508738887587084706243202629400886961213763603584288280294104961780199998310211884213521557375713162248191385540213345181960404965312164537688599916272518274591121443175857566675419935781145412500419051542055396123348964853442969364086752199244259364564200595807688664981632353530062556534425301681083444593005411862466978263312280394861089114751511781884785698882539152806354629
273 48568534284433151599282363868360279965573196777787602754021188063289828439116521193565632524605846104762597722467801445703691590392946882442941962595022999188833893454489039579541535757166486148902037101923311809996235433473084500175864640783437143642397493699416128796979691710840818499195553232609793272418784781042273200180868425559683449549976021743753338104663714581863268743671263138617545789902691437931884784815227065375448201284469966386864504255240604124267488890183
274 5761136050094186738613997562702529807432581945868482729561910516067693621608424547763244318709874546554350101330458872871790524994357352552545650162099014742590231335685773221637930963782639977497441123967524422671283315693328674322838723892378319473109755230986229604240062977119804566493118579645630875230094517458154751522190350821759955928404781111664288129331123697218398918597877527529962293812614020276582699598657867049476669634945914749735894163670269116840596776638823
275 685394170982890371912260701808920250050373619360742816677056058759106633434240798622644898277191966628908043873531962378276680543803213585689364730815733651463286598049716128503353683814954288547044458811600893190907477326322912217213464902896243684119538016463662462029174473422407315905648608279920272592704251414576630715036588411108967319163836653066477760946172446576376112219902324315266173568155404472571411808633756931700874909459001589637368715441098971873987823233238391
276 81780053080271374170037311477430220465431871719503061011295292799651373523275359429083528823578788810702241923035254191092587881152622684236865689022625039041258879367157407951848507423602932148755797668981640669448576362973974857130883507558638875428267357885872664887998874842104107267230218068730876417009335001836277743759710289112868028478028443606235263583332076359329087437382455843104430138715008599376212604614165847599106720381089610108660039944541690083855986502300409177
277 9786438507117271546165927651970192166800421466181463764419454296638487611345295578061424232319713525977617544224492183509859727552986398295731413516301190248404658633052867458509916006798172221872338708794979841152359293095453267114716372920866253563649279033911890171739299912234354856370780761711491545611361180282015625536768299241913346122774681169808601101444988199102889781258992858612152887674620958072257917631023111412601314115028886084685921578864578816547217819584527577105
278 1174540194323096323298596643977993383819626991381994997259155673873948698335991902327886502310421839922578705594798450618678890300560571767973753804165325075916892657832607224249355010608638554929892140211270462674702409061321304504092992781487112114116140896530937561460692138144570666431248121384056126608334450022582637788006496417709384867699321325435593981240735731669939742533572193186254618896600624354765288303992230302715997575568535221310214140024316206983458411395746370029985
279 141375020470626364063835383685186380450902685954108665179577600816633947087142837369104292954142664906863203193623830985399064236561136448489234620826709151689064823168281719795910989517516191154982112692357841791968916629224864074855084223028691370283208244859774343262143528619566586197341824053777393170983494173490205150887846185676347924098456896202167106035960289325753469691035675448610681281313809576696694563359447584342962698523775256933680842917362835646363326631631466683657947
280 17066118250391612857824744438764112810889199249132371035488317025706724238673310415242549425356048049129566840107108712327375473910306096510277515483247871145299882086417602548461259472019066991381169353918594929206258166478568070838576215398829817407427439333577506924702692071470087037070125427630079398444766467815105546097893367198988439415264169010281566409545284893618188658495967848340106038602308651079922822973745652593017324112924140119802793274876683357493812598788195536544335719
281 2066092729115712487415707922783789240432662201643430074132565267437717034923501351614285363009054494504898137019133577475223753897776644047273014474749197157721174171871631373521650195415444421218888845689913946326959393722822307151422120658066912881741045951191507744619752503706990199295945946144284642090602676347285569171093307766838565154384318411901206623703187196973206986822348348592292424261270096944581482930943755277046702027408469768179186534779235330099256393531455059010686426507
282 250849710175218523137404146895059406720979650768483758647366670831078312642227666645682071736601444604068521067429506508573509341824145441978005726757195450343843114502848917120718942920032408444678299617470578934530331311434018801734276257264188169269079982067023409846707149578031151909629536293953325401247340921135587646374822518966420630243148948739893521933580487294130289430323384616784975250833418302140486142406667364222209954599761074004938337049857334421042468050619515144850748077157
283 30543718508364703513337920990590511675568469957664358487525698942457020432818281406872288394232161105585192764965892181849771663056434801989048452532514075991535674085031386315948643541169692747705812185302082395163251044034124244937702928967097357452271725492625718674723024761574522739830965204407442197323403429588510132623174895581628950920530208737152212120397108096218682398771068188036953381882342538041143929729496304811140510761858426825309291783504249845809389096295859782470272764174057
284 3729671042246692422196445149133548089570274019221448163346843951176942340141027879629686292459258276845223297452466941908726994235636920143264176031892396633492747031198074505081358532729610038624806153454182990221978793693240447232442119640261980932364707084972759076463489564025612191582569796068826962969884986824230646573173212352779895723007675338391385189586883307724869607849651138829498253517850935712119149307959891604470363649230600468087214074963255798823487844227841584936452392546942709
285 456725538491993308878775057706778265142779613621281714354509842248426674068694352700529610687219932443109297263230927153018980408014137818132170681476731256098576994959714508872825345540722455880630404629595338355453094275560298213871417844758073269975239749125547009267955116656679894624531646155697347062670186043260828778210184867626944266151553740811586210606438859502890610170053248050214953523091409750879526482635862383671105927466836966312833031874377499655644826433383590519785254226055822143
286 56088273691014862909269768134270240610425145198503794205915392535823666537482161571475680967213119527981203143918715571245095709012257489005080982357930022137684021911686583766172532497245563454485954446537625616497438243090645954740008896614662498645815632015032243032243368944451380091045039546821318999444131098562008710927210693849632958600253900891820600656377754596766515061120979504225831150580957129507069106007227305449737812308951387874957455891148217098741619170357997480838508362816097874495
287 6907434065934501278158286478331195978224494420774305271480872239575375754928161852039349480310147562101369169854444198969534386645795049578144861418482209094291296049698867396192961933497554464693311916543919671851788125130520088317275383937589619336100715273352767008543586614184632303759332722586465080293797608602758683658298899884108528396130650900888728020878614817905999561676432124897769728420498922377827485034421882901086110297538266551028666442915555074450025549397585054272822438568237884023231
288 853071116291603012349040687637357991602550790861219246278916938387753301233900396076773710042829726401928240320700882565099479312760554828184208717259143479676309910313988340035158905286814765404711279503617343844662820894007875474545169724004510739861442240471584114754068043037967487270810132319707040345942489848608186918540880949563749917296165072466174252280977176715002924780551930115366673872044040458795656081592825812414277517347292160033510528917044013310259991039743983543314810696357684400794817
289 105650969361903853304062615293471995008152051788508511264502198167177697213220924758229963312596715225973163815108787368021805486423351309045908979179499553205225108888618669488282337708371502789320428505176546272022677890412200536781223899188503358374963549215781492453848458967425171594534440607601128591954749906669166073303683509863221679744464621330320779511260177199044451798429746518808259893834532134198997578774950736746398189608679514788099431468896912156844914091165050106289436741593845137758120833
290 13121318118751778734396873789270872386652332241937275296452720211692487881745288358588139044896638768150589322686246355174449848979156543940167441588801171762665256018600311948609239997509925371159469611572668519965468641328360544236405153014168100826375655462457667209246769567224227559202847019110006972418296948343813064846904495493092171435976066987704343098776723415295379479547898785042033929050877603129293750468853051321190931880590062622613681886654642746810899030870956350480409099802980209193100588929
291 1634154717430799088123902176184439757076042152073632181151223447874084073241640848750968130768750763666963571063929769941063025444254075205395750488739182434819581640187565943784780814889222258116014448508244049818904189378472886430554735334153331788153218220082733000623207091863619467271239241220511426012046632591989006882619293985604323000272934158150269522286511369661701106992205427062758035621386469291926014322132188821536038941971222035776084060253070457464715838270823333198394788121395588496537848389955
292 204087606488166918014352014310107192951462063108014698776787806498861352418277434797237098930883519786527826911149484244772547606345573496556730521193130586229574153683140297016095470200480754556148470656334628989024087255418265158662813227838864594672297398644423377307550670392541293927490283865494107435591317930665634497682710444539295465366153566787852780549033896618917231208543582798878193833533335233216602460103126656232416497108887102806135155664854905074668554028459583889272492489650880018022211489398607
293 25559002300496630204953954645380783722420646381655782438161256881363290751599397320360147448378023918768797032137984832372694819473378379274948681326780520099576168150119719491966536495729931542480075055058775971557223936420458533928684052414702508325472537433974183352197204890410414555459590451765496898095469299349826291224437692982980055300109218521602201410422531862193854285360264807656122982026360879722264826611898337826391376463439777057175966542046375260484074566523679838765671386798742351812828743486841507
294 3209748786125849978473956928679510681328528172214030151828573623229906658563052362099755436028363203806250325693725144487221251352125193948228994395264096081151798006121007599648375761994035614160952872033576399892144368518740613766054514770508805948916370299422693628262317893585946698103855535061859624044887271325217987150327744871117287540300704614481572975863964495891665107512043135609286508471336639110439759693522710259656338769374816684020465255423928718453851502024341920828613030656234067827749993141657884237
295 404198012800896347264500430813359743794525769149113872253117323396888023436563045326880120656521714308912839551577771447792478937929900624276675649038464539294849239733471523053339654996362426467286821009181181995780914241284507516597252238363664917728533821906790325948007423262146850377822764361173319585592627253321484529050166577838768579430065351378906038877172426344959899482789825760003746592694606723471578920391221639446002650727422083660363536884720877876300664608094121484450587736335797196493715268477295200345
296 51039853342241457487119247365707623697068296055412027079769078183246094839164703120637890742040810407562998371255101162307557710562940497574127160760590923459386629727410727371519501426989314867505917858733583409348378860347850028910860709530231939887410909129556856803927616573232634468084440107519201104641399646346437559915721340915729396914836499762319026604016962596614218730129218178207001811357715741765119183414134447360247832116195466815552914267331817036516625479158969897953640351073986714848200066686356371624069
297 6462684109958033473453540197505392510016922078819482442797589518693429286715179019776827991531538108537336932639524750620506796656471857798259707557161172447129684915278824477718570758878413659088070440566235919950478849596347430307028236950721502282360461801386265539480681635365790602443995519656705031818484390301423667289681877387082694607121010198560346901779280903794646580229303533729775643132235434121670932808070559967503313733718514509183041056367151612279566647536655414169935349395837947725149864508897861803655927
298 820542131219793549446725921402808497576651106665731509606345512229046771981899673271115533043432484778479577887908115445282239463932587480849270290128394452926171170408434252899785909155919076487324486963126555177593071359532105345183917133949708745136351396830253283186769342313044740626996278381592450212785537880332517836307201936673590345306688819923642557001201890407355768010439973545996635044956757195152656133409797245559501343956300802259141946180843749789077550565319827963789285866260880225382591311070070009433054935
299 104464683102723288595717784759337693953637882934300603983255004713874356752551407378103748440566407986451602338749129885576295012245349221508346232254863727118294665799243807024309699671430958073300602635545947378781931560278979626896942082034917403590144927631667285748673199086286941511749993271148920536003942525512225643455560123726890445087137894278579845275300274176257769045480611214891480162905407819096391482112759762767001572419405783098922825676550270934941712361955211994294268585342048001846038084301940989360245950663
300 13335674146243461784366231992557527089755132331434348822133399714047414861640405919075219389545470244607337309957328600617924163553208727683400795547805406959892133673945164118844115809640079973930093516191417288860663422163260738923506044266006034719029437133250652765835095692165134542512488351928471753592236013615281408217635188053952287146777421853903408578310395864529613320765801487451890585727870934268871540390456183424328689483148736109806274172713872561361909167183333293505970261701435020488482054734835076875583314484777
301 1707000268575394560052151120851532806307771174625708365214207853837874658189151927498499739360692252581592023158826165571750594072075749334740430011699257075278516836548706685510387725364444598008412116971758809647893172979565065781942318831050395722751628639518264027529835590158914533878591352408318990564689600186788617004332856332115865478990403547608164942657067999983352784471452814734748615998709931192086374504836400200640193707955979185258476966952647688863666012441163781069887787684692806293904385328708281239710582354601585
302 219089523581290963581055882342819033557825702107763242576858584640234629390533826945732609459983834044492195275680817168354759950716851441889651390907328193772874844041044867322075006851721614018683584556337002327650795938944508668117421672385679385501387382185293475119749787035937652452097186101620376466594212079838337788475825376437911756100531395528860954084671075532530323752591794781478084324580980569035573487363847395860096156417628706228809252844323346484373325492881170639120009261034863025935081911914910234037518840613440577
303 28195210430338271747951608140359091899152912468195177539218773965811390479865647063099142191573715268507863408694289745675203751668987941505817269521854255734261151656066468518698624783476829069807991185134377707133848012703448263733390130511312128619196321159417082571021828052360629894978273604399123150603487865694455050360637720677204017384738950959876637982271445569655135382634890205744112850227308580947363297433828992737106191047182153518536831204304189230695785140655254338918100400910035967791272109710745049608815406176333429643
304 3638237964877203863730886670875353519143703433079071461002631890186394509004965562614268681440769190571100944713779911901086510286912095713391351147429604765583460216811160208738729198552137452927402643616270008148395602657460987340459273197439030013542954159672474260519026157623230720436459700733393152199494939034642225319958666280605001990575246387989747906838284409271380391051361102772175316526740940929905117491980702665373437863464457002848275631839082939949786765527500403722256851824828572801447771088814476802123755746255779209495
305 470722808366482647045174964611010721440954137253058656273675309944970317750386209626862897058848900846071254778196308827329850571850429184119145603913592352758816749189545030103954780451752120022622416767773648523408113169136986701522071873629553481424111894973317655083577674675805460027956806638957143604122599506744145562424344506032690970569885851996057236413130489979300008406179728904893797146869487810876120551470268994804320030736209014012291567748051804257296396591560156157261870868119655391253374152560427274688228183682226978657595
306 61065249107086907362229742463018576397210098883441159221361217118205184929959692157075548486667914867564263460922616205539361055743859283935728859806681706947362384470305552003548481399705304302447796818756268257826939191275979312714197856987239073002438130918346407430148434722311202699449267088462369559578946388027110310218179473801443073290956247943270684155099963947712869354461680750885703349620903712008087648363514864765743215672435460083437963636787052912493505433104923025576425178686569254714942341300596674403777558694417410363772181
307 7942809893937875226699375303708220115463142416130291085166923431984049595201162332026637127274272474518602073715220106576005782649810043696529696866495468314097458604884872207528624874286815879205454940522853013797280859718163590099447679025346168276105953821544380574964913320237587701627562824191758967049521856436416376026390170524745220216485390066332244943746464470218244516010621060632041603209494759116816725901729096594343207555965820272008735431205179198851596601971977652985389622504191475214745080191743063407126801912741131174106948841
308 1035861671183928261840982706879170351659770641631686112403110729722346701463444048975436458207145162332700584310908969910487782249746984181675145791965919976273321479332878795173245195554836788754799240253459129736399264507031935468038455685116086149858720184936889823346134070101999110062588484613371221919250670783027405456748497488016568774999004477825749169100564946056869320985155925447149209301009175618988533952068710414054982899040209994018849135825959448699204368149181306493605365180723644460922040018034273336792389597158163142270261313013
309 135448237657725086583074374085793296282104069331568322856911315010482355071896429255805949183224573393477786903609077238224435735630107738627695852087922990929087398283266746865832450941574269978011068272344258416795735322049209981069585904006512359039207515922360226380219643593675427745820860746040549247969187154313157685212008033392253011752210303098553102391716495853194874762887093121679436722519671337251044515434322596935441754791377395314135834287442266382798920480532143741696118021000742155085628997021794253841060007905535766989218809467567
310 17757646840615223667215848303169538904765198691673908259467588127154232421403275359422976558216867176308939747376731831286152421738131290480639327900728170200268172696090094719309030711020170563527709321670228663031179029842482566354936472013918278915448424738143103861219094513967464263665003556974882232188689600631247130820145309122925041835996052932572380932698851404980466126171089569598637789474889010069192826447582307848724962720425099144619208119702188578708721320826445762671809260013868385532196122000211580659859368215895210575328389112463343
311 2334180382464413906182627075838402865555648389200042741386044272446232879282926675153783192547269014269088086321198467556232757969614383479007987877842800062158358775408888951970146839482227618530110203699538698271336594868677141692669155713870601024282596215957714933303495186930905082594332890630658855337745426991552913370972631614167438460341147795560904812950906831125918969818688394766937531001941238936765313420035360148902338333679659409331101692599922417544109683028405413727472009083250707858356838163461937976602100750362434854347172009358768143
312 307621626711272811581470878393704953068908521945660843067693335458776924796290583244363877024731475291439610299799321939435263960156996863128788446199318503090996942996505591337158457539676028971442018998198368467423334889613317042769126224055711223312644277060449894825430663925840425449337580164450532598492760682339360879391457375910300990010553090419453279535937006636387498647185217609795317332090865809151625600806801989335312998728697025131475117979529412287855292510916232573987455602386694144350534632004944908548507353202344112151032717966749875921
313 40647074228542362520839407502207399564988907991620189091766019919927560974026082501379716519323799789505800552772581959000177843095003656881456323710130205213776841076945935034430359376834614895604695427956438204478389989004068169573018495573679196885548834241426734446923355491274915648923422514646423533790852985498368989855645773846582977299854741043165498723763128105136743505459136374858633846267730896525067760927281037429713109391636711725504768051828478840410448944218676048119399475665938107215859628406355964172213159888933434125844398872743250438689
314 5384783438219181479049453731684341472298961762355379331531496980121972980183154012506632808664108419558596102591482596851774779430820607034990944554598075881734841513713489615987262882516650537821542530979344486947488168769784336551411782329936848609214011552227477224168494673183939968336990839551224606178941809316950592344591980380954677413330338919793607457485281754330561945016484663596648659264017012944999125723893120823575292169126303523213566238157309851347735763741929559282806710976216078670095286066462676494412396032752392685213640076559275469021665
315 715204581464647120921007156009960406905974742499881982088160024413020332340782100307251883446118966134168429959180505590080434413306538647068002775769480136404049042320824194606062177372255184132791569566142605917681484176501408624639887454024832147140210468090934961718887964437453191719144166867520258749968056321305668722700616387395783202581407459201967982910307357421315907420233782428554564332250389177520025372552712045577568164141446946065975301559235247825733385200230346275817580912677671333922159945503640450941372041971891997254431828717197272332947827
316 95238384379276969413649500367102261964526172794779120570370614452022196399035636455202464348706326127470176026142984751929048942777193929488607840832648713668274961797359817028791043358816193616737540067622634990105648580954815828862941496522002439956486946036797235616611561148209030933367671174018666468700464746657854852686332416971414123556742382781869597585340396159261437954944255166273385055885981785101946121501744051208090405180957025297740026604781060621347484704233096685756593970954069227502898430824979953492858069860627533689313813855898239996603130623
317 12714815083876804047335982842093785797431106806026154475665997338400551352163579914318461052164605734201603881613457485479437667469150349928508659939520899507248355573123650171713541564064179408379862620666378842820381741884785650365650118868384474730389020332400479774227126601444827926425263221062955992502994601739275306393427983885669107114004080515120774252730524858766482637038767628436812630075799155380352799117063751739069780644764278844441660906769430599921405905632854772332485651087700579927817967685588133309366049164221224950042238487681054859962281126867
318 1701848935381040618618709309277829979205269728125497283991724650838575056995635937683559246515528146019871201903131930883956917511989994562884209785918599175091125335852442783047893933101366190290917602530047418542514810712890803619133699706966247923762427127706702172426058862298512187927643741561965989631745668823475587373243930212218134774176518461189201364625937660074281399939991923364336254758928172536664176499142034736510857564555157762243555850129017608405617304843939076783736287230853011528216651355652800542348248177936012199281850512065058361451178365224445
319 228371313064176548752056304773809274572141095243915098537157786462602834665473064567941451185740820279535784607501548236478502119450744712359004172544837974800253740707743565982526161072502688832576651337849085627369982466925902807326065470947935502312286712434727563505452753922238692618907723535362329226497103863154616330627428099611308931110401219631257431082600227574645541375237564760594211846188011844700809121885724876621889078979230206681428484368432422818516390557029343417663000919158634169736875739752354097799944674131847115238081049458879873042022196537259865
320 30723334317937758946040611579903291409462812427285045831529415356104782171313936752702560397201775622548028171581721177309417108087744614150064434281323899820502360402523947917559830455568468552432942198407184504356780646130438324346588448368161946432226279321619159149531907856914706326523560755193658871904871966023841165636875389746797294634713288298679418477749935262183250755575167771898063304003501803700476587289183380571541309398792626796763877067190227587858468262573236731092708878124974672753911670867673504805840133555333443813253620691369866833223345066285380549
321 4143793395859490976658217059934404326007802676735275404293180311043163070020619360267177433978663343509589487477836213549585640185467961998082710625637941858032764810504120078189217973158388239226591298866904216067233494459848144823531152035543198881914063160884349052829545180818003510791384600410176387176228733273479586580632404473920387873249366133377984257819582585905313021158698796241308337769531367620179071383771755487937351068056460885151633589327153101960140449909552527298354274690653611391703052834493114375396349248635265308692823643033078032008934802874511665319
322 560308878239370432274070187783960138717893551938938649216967323903937646471865646020018827649364081574247482335187088043978516006084352461026669917437782429309880230110802742837250347490439388052752639089753696660739536209046656837847448929737024860048310056541059872397732556814381364856325407963217865087062341585510882404903543287092784687788261126363983994665579457020051897125887740825417932596575782769272400923838242204088674336504808876188415160131574004214866188199294229286253976631307663104793266398323784788287947739967049092749474735297994603482678753675913685983815
323 75954465196714503071824741930360097188660116541524005595202338561547426123588648914764076337346278686525224657872039501046950980951387483769087390381725734039079134515761819961416249543700384413171382977699340407963278099711592990348719372416185544030193221053157038835144289854595992941974385984214625503027409705738077954575738465978741512638220874067415715044257993811279335572308304770094906159233291986445203856157860994959944816377214023985201966102655409094376348388145648441886334156949433875836382470724624216153713919018382808553495272070241459677855271859262810875540247
324 10322199893151100997560719120153171051953412155043794904160875179891930225242037634931657626791643501083131546313745302376765154506940597469513974915019165325365821716201604240799084234247949185348532089794626403529338054461075261636792001122562308179249669272204251223892150424117198460160747298239300830400124694727923396955116402933681189332359510344866933031614026727162828360151313525664249836227183587153499713419082616139587788993937931839133646721960478484031268048418633875941330209233681993798461942656500334331403996935567955878314867388156914283781226955543868780918956025
325 1406310246033525457823180423605672712281797231715342265407821578985401741930841101227909152803044646416842036090531584891406061504735012181524312760273767474293525546896311883735756652495513752771422195160440248650376920602724622794346065406555371426399576567751508422412005422875817218299786669267615706367004314478346690309298562222494334516274863049114133937082082520640492224441661716434926114003230430223150252181078521754878140688238534145886955205403321368992420966687814184692985200956575618314339576642080585975896825285828920393211936196899010261162858159148481281655130964945
326 192077603776095088285913801368246880601358785378466900004153284918842188623822734762042302248272348632814610272801910950110976936007387009609329537422244828821585089644743139307200229823135089270765496746268577858559436234191275175724878674320410237900871057597576291214833685192876703152253299597172192277401554156455529107822304791238106532164323871406648168640373370318979640128759932843841033095702498604117773756051568719081502248275598810886204440527904697542617630025497918693667182878554720750974142324407105281819251210080441701656411190697878796493461770500195407707320808002145
327 26300005550662219891684198374758751416670390590394377691350839469752329602535910512938936110382985847860006329354279529062914324140375468240271330095902840597895209719568487290176851210274805608622945834427274326214108648087891760927691719441131207703437085600804159098150398972620892606982208888732069993858060331636513743049292552925273926989489833167702003648945999024314701296400945217756124265567322159307724162466811336774064467075458494539607852848312290976255006448664983169915680075483066811227713196537168187107179928898826373250708040348507201951895995222965075973983635843552443
328 3610067342619105270562217408585977080286273274125813651906375627158148917870062840927820065333073905261559196883984409310406548734440689914343733325496782232661541176577729799517297435551494300304589014932261844126743004250879872522334697753421387038527369744249588554735443738834011180392447971442820711647567770811664067010865699145369400815152042195032441634474282506875818764117917570406824038507082900671881672445640790505828942804880567912665773771698550672525316125626639203715091618176635032022053726851429665526905693384193449360059775924090256285740841070420670848169273737138819399
329 496766117789798492711630598871094126841432592887833075444548138582939906734232098456772479990201312451373044346831244293933721437344310848143076916512022644478326309990223609741925154696754723695148083166775727086143133369473633634727766295719380614750215988256697499737127761874819425273865905968835376472173687309576263784545912440750923493340885677276172354638486920298298205177240886427664213310526791023618986418779148562212900131395597656299007013189996386406260931660966935935143643021311544048793319763870010402292508124967151534742247380220033784558789577842817556066740249770058088171
330 68527154294638432155361260724652382618317277284910401447646394896575482550234425679728661786744132824221389293059343431228479519516252474370049992011914665058978359529134231437656166789479598548311794136873369661586211509898782835882431690103241012307580818037367501195852886049930117489061610107716131151173407214074697243917813495355940642102315135016243657384730813737011054114499562964797922194939252868629791390396252524325696472913780668671025268258526879922533152247515200213856568006889263165422440534713458901120726404954599647661068833859895211760000029068518990828015588322956611957829
331 9476421730382390715068226023434769167539733605451264133238279176893534511467264152443336456693224603004874136587506287829629796210152329661066421786576869046534866241588979101694379556020295821299804215617631626045005135687589171162736540291661045944543368507072493696832349269004277525005166855037527876144693708258298849470913920688996601577087322027703537305004360573020317839132846500827072998184227381702276835123851646991102138132300198139647922824847783062044960327491581794298190564128816364506209245164101096631428341543284264607267863928875829638586742267089258501025136212392727855052393
332 1313693097070725137661759246361453541038139390702681384246692999574666215429689434501934402347277115746386931105966680332269757334564854868953629503707074816150836024966889813992967620696592655754674541674623782948523080764748113333316307838054827354387539102489700243020764494239141264595114811888349465303461094812991954409051365159988247475530053231973566738899664622928465719064060463494984364977197585411932767236949294786587084604735918056759901160545593237580521047873302866726117564810640698537021063864790827234262543567605845387445548985692604966935044448165639189359514795678759387958337141
333 182561095250527302482155800450511056907019466548870135019077800724296079359215235697424298948415457168340712856620872444205348975578746866460026079932169618932217478649959845650858228212897217742697425470296255541372930149079851449064609746856714043587944746277494618599531775174851598422305958167987886767882798313337362390455316903399748375578713590328669160663826157186394007840401467971871670876794691545601551778087849197957831104127080907895382891295020375867338392499111909242857469493919156042812332390572957939781816829421552122789055100379959826629273184400763322602744448212126871419669817119
334 25432219507255221066963063767258031207483267422857471433719712143856887381087812406661154109058624265118218900687499860374112773677360104627052402056237455302602644866238358029800463328504116617175375603992238381297047289852113173047404256280877739459289495349328112144219382593707000841766078366433958346787193400314941604089722781343558333526794559795896112434931606460011708526633239599943795190068856542831198588899436578856579350256955240938593512122441706926897617562352050745668190416511403513326248599978680278745157525655761551515949606474708553731310967617640828782107786687792375173962604703903
335 3551558456392227150799460582921640362509616890529137306967178723324773797965644551957763006646975848010492498176641680018931709568336510730947534862586245302222759083924996671840554976494178324394245530049049426464707061056297201361635110032481752590943713486754860679448753914520075564641663929290546884484462535489932359481193025507296229124455748890830071238472049397322976108071767443397459745976473526479578081929474405521373025733835963769678878430451761753861124347184741217377721217217463986520208338589957166276264147075978245925018431461170894648208516138819529771882148086804728356709994665845087
336 497175041936988817663090149951570772102707344215818603207614203054445438694603131759182334667822340107282644115172470238918731064958090119566201895250632948587407587222325707557069846180428421935602592023868376047768161210463309504360713192093632497770127849403882843685877420064049233437613818026500891724265209702048184130507821322699716268177264084521548218410775691835128274687650254610900661699425249375578515806330467483969995365336293053212894219374648402023868026227205431877928730656181400287514527198496124637252543066320480082536257239536501771843525013332636858286480246851388625879319335545532129
337 69767363407550124754833141634223597422432735491577099826742184516826777829264234908238781492812130979297367703763249419126449838259431827150250822737316766885182289423518645806005295642765437720821478969723057538345441187232883146833350417664912009510437202262211103885469970880306256395057473720549809569748400027221150189256563457560198645675145749058363141951454335663806702691312971898717519420771837009471274577124692267679334768409708115646780767649402018771277249090704170028612268483700039201214961421430135961577041974051223239771228163261985188648814738511226475044607926470063883355393983796707783361
338 9813975103923516887831263762590776170860642321774534953430926117690266497557094791478239408178048291694202994813449808917328542058817291783127368148469052817309887713317370195511139931990331094228714250986255101321444194481685763209745716949429790284183300410764376869715782545100015406286502167372255269689550968883882841954193281901577566412638671454084366326587454777217701631690278040025362691034374619461912775612762000165790249059433188805937508612063102438601249382808867105921628725678886982004370106154590702884657630472590979269794739346278070502450520525191699284055832792418914361006242469470430764481
339 1383834867724549358896783196290569424546606631181890575278832798710001881442809270066868093637217635776159711133973058156598001338703959814748756192223446036064571199847525315519149084379296395549252140663621576073397004809943704040825724829544889872896424176086558796719432076958457350479513485956934717155777835942297672422766192512893038717589405805844726158831986093397655949288030028495712517902455088604488260002350466798019905918217699302633059646282556968566586469849441702445153053219590227286388855262685919051118275043309682572326115007543664569602894512282871699629598141940786434231718822269932349569315
340 195599304332104220403603189160403417291579618307539353449182154225177130466808123289585395185396219388399423499818456530211128565716128172389372049965889543954009981719556159615754518118040099295076143412201522553106632780446242344841339545033247996605542282499088730503573441069590038456225092449733373191019008665218184245412929939298901848623379174982554879313075750064633874266058230590097632438777816157022476996923558091171703078744536024133137204882818699471702194626969834240367114474367805477505005306804084880124952674404170441066046320598614316726640055161285814948844652378558147150603819121854750875863087
341 27713483753104917478697919880298558364751736435723656407883395048578628948715475235366307552008225863990921832632910868998058799703003078406092841150965241167954150655289640602678029880824625630679557699173305631328654602239832813337230567777546165738801488454364589428366330520679352310539089579549951180607168457367158947057654517803390167152508418962677101891451968577949129362967575985846690309746415078244538524212630109477241919688137905069371552378247775226015198769462593153723214396372527264744904790116625415914276929730636348683331417170136186437083354960530260773440194559247243405294896169904743686744719107
342 3935979218324411380114213255183501468869161553565317162985307178588991316497283356298756916174389070608264871017395484574959237557402227734334371809458629940514889019971818361313959089648423219794857392884035287863132193781781309319465529083397426218322847148663921756081664839187971071439027245508858315454484417460585150823523803702581160517200050753298356890922694491795351564677589323550644422674444400158527136928959534595674808753260566346757310600277875557330056056051779150503787844704002073775505674735295456693870260439595506708704094156929793058782892087643768228505112306255656378470556885879725531160132768045
343 560337156304344314923476201195950287940611901194681373021379232473996827391587355306848916527096787436102489459043321846553126814795775995636146635939497717580204638074210654527525342600582837041036113846876987409956254023106150613198906915728622700306379688707549245437568939152507173620729935403554161250461015312896178222871096886329755418623394913135444662965471418831243163314036675734951750704975512196123533501967952208849852352209154130911019160984432551759502544637028994834018104606924341920574690831014273504022345351961591906651606719656674515483212799687774463777697157180897593314140093045778966829442968226521
344 79960979956897368155818027033348420519739165341058915947550647868649261578558633639663069588881053344212959122004523434085438756498269135488803697946941646397398085307154252338380621038527225486071194056473380475383300678055468631584250194639607562806496809444692097839577856508778560969137263877367064672775290640070870464788632192947436380854803600548447120892291945595510599407364182789795520291343010935965539224172621750323683600633181617157559290695425205498492986969585924389534836668642287760971701716086169980909845374782622594002608505586405648065743868912966050343539799483355799101618683293527633809266199937319045
345 11437628379443009735773588744207514114483490954830338524338371964885892877950225280915067322833624888230496023337504863713117071945983423078396343462638032904613651681647536792256475711280160467834513007950004862763271468162162609518944938273444513514707066505646747197312330259104972135913234345723556913841687661512475091260487239606773455519218740002761923094716331146389545441538784838307695598183060298097715671574866306512146052518910544820577028615040896878124385760188084818334813796767344754040016721642799453255873441144647272639621874527518844024687231684873917059867904780837369728666027657955547283430614473560897623
346 1639910648120909814612121825653465870047827790394541798389540213364527674174138214543875410103619065021432882453530175973509164179871757500868028510811717558422561988966832266834667192570438041197724696467144583454337703253585713796622655118873727089207113992580566616603103457077962575083008604529009325267070542171770296521066294892652187611985958178558596696255038696777933846224136832605119731083591128994891117439657080126655902073522667909391386685734617586989631714322018154137089923978442464874955428255156002364100377970456069718667213636254741947981682136151504476233570109138777621621981580193914808289048981824126688695
347 235682794359023715525330316169403920653435707147716197293171427610985205484112728522449487753973779660310495759165273940709697615481882740823123610973474178501473605960980963337318011971120869011426925837444139931208191008849351788946858825799710083182390674965420755502750868229850152479923296058002832691138679231563678110815776347251961585948215314106804911802878984638365611167500883779523891891160537140454099683785292108868698598842650106942076138651310781943176364326321480602253316182826587162925774478260263752360561252233053699875281458114851532677294644118565113500740597840304113961648677833812489991655658551103249962087
348 33951286466651597846757610427494863366855533352049878480716901368419618225056057218477272758816632377187814461667857231386449224798314215898323250271586313040438712149409174851780509259919524765051469267564398625483642027371486088398053346224025792260872861323764044355964977702333909583490852452589878861670441290124224582217987330266614642399538066269651925526578964948613182325189417230066898501857880752121893028906243676473737270201021153565622030567759836142598345318283758230064609087762222913260597601524865644664948405404542755151437140830602850271871775320386355095874496860682384163016492987161605651655355777385671566904521
349 4902328900131704739521056594300268916015028239823964340841648912966818868938099001209396734818577964623034352430100906937767197669085445914111640042567745212948082266225000676008161312271193865567159232914936007828767123899154154728526360855887993919352651772014870016728834973992936358859232899807025186643282556436978803043166549587304894852408874804372144905416154599751891150636671633717866130063809377081514756028652792868601222759226288066835820086738711235160925729644144553909531592313622652056018375155528872160584415103963674415182819653767744086831238498972859292835260150000112758148875781468996127987598473915746819921923633
350 709518484802901388321544831241897481920417733418615953232225145822843482258743003490144718270884630769865006667196166497452253731415282531879612279709574446840383451601701884175314428582078140142054007863859214184548728719296228630141569228088090646842016712860020136666116459816583137682364484934441908026324332167241101162600975897187404636846781613725746996326530861696240282022786529047756119609444799648004106047455315693557230326867736764479243687220659379253957282781622282081717930887660643430047969700051640371385019439555866335478552210862480102958345494454802512056550084427338092486977253987275542021968429657574061493709232129
351 102928884194036547251924716821298095309494369757870157422584079965291217833775176711315232829816245042602201528483538569354430417177163895824192065555218103304524523070851984062621437856637346945304674485833816954371286935235894070467508976204874114813933438252859691809215813539806894265523443219904325718628812627285605117733819012097819527661776646985389168942829729760355186747591097750388385330750752165574749683536929598444054923542528765365920756513259877245052790565209905859277198170752815597764091539896892080197327985520834212138861587333509790445396735653014354301678025492950944027726482536671617065435688625735696535847031384171
352 14966502852436751986816126936235563618580325296176062320730785757999932322502424224233902523007781719044877384085993144532354965321545601463294540710988250260347473982293081853740727534219910270750578487480389479584052469854035945529255765266741793927916910041783966354664832837488600151176934455940434009134174432763941568369343766184865304705400556302892795834313090534840617070405778128228231827017766340898578431614811787927633838117079898794500070279707928938037312727513932584139041742266114549161365032938708343793808777147455610218025116037101502792305738113357065992077167942041595953651974389271176600535445332620604487879357222106615
353 2181273736626801441584342195597113039449739374028964405400423843012114367101427127573503076436658596437988586626408636655388171439790370706667384581362707783529846242140138457756514876238862120799383999550818215620617604376412229945911265067132619362785895318059045954852822999872205082623249770463460400891843134083941289663068758538487677495959073974619523049831064358498093711999421542201046209122938539908448797627090392363125829168649655055864373549595352273176442043044631827600385755476868796815632019584400426226499803505640043689870675086492862998130205738721122205992687670749175136256419390796373773632633010791721454548825681340383899
354 318642752153554079539231905245735342636947802168818549669891558505549572979938602276234499457205952534285189414094051017852183201507078291624311139200599886134305760333800078998476390321926347454545612090808300402358002102030089041877854107445579376493003754176340525950807595598366444857343849203074507231231989571314831041246263856983573101833320149248337944613439215039712326506441160651114915693989734235050696238583049267992799634974568251711678942221018104459697827762469178767294245027272953150412748625583444395374402409680343835285572439699047340293634886384452200491254584903021362390001795875140306295073559724200135447637345406862408693
355 46655112098908469756685512390551559287925849154169565329152575603904997488861592980571633539937150221567277162343572693289162218276096067863106382856827537114541279468647062090850955827667983715920699244770115129546330525277159735675815827700474547768937698890620567055771516739271485284758098524892432362063985124084961206061629500464835992388302132912201689698578833776694863181740351026823244427199193976194517934259636223070555401713363931748137329166560681237712395642151420605066958012921073236101177883365649511486405428667830633273676053004056739362048818487990653471646148393447150662697701656757060812296908833466155245467776210183488656745
356 6846885189459011070770948851165431131214052420586729533004845783502810150444155964315479707743948502496333791374163955900707893586449834876917115870608104634462663065161299728453864984812555020883088285676167067983647300239570816825915616972145318069411145035219492166871210738001525778169395315996699820416310234505891821817549969147199567825724939046518951595649176786175742535457167944220225962067419613074727780155513316216143411327861606058912340016298212234590690517634057440533615983893147275896583468473742701473600469765475803843997893738766214737705211985561813801019084386048408630562393312018830465733311752143345005304233808008032916480117
357 1007123618665954712078253795834811816204445819858815474581380349633004207297825405177995766906768848896829247669852996305528516260809086096952904710424942251366725424590388774430521306666892944004277936967306647631843855933734135936302871486547545014882081545228446350866990607816443635802760117484837734002481146526161863475783401376094216691030012443141757718004535109302279330497070938352914890544323146730101685469555076482025446071994478559114059145053574360327144879283025991022455689006331479730841598280854819217030619539806619780168720984098245438623751365443628685244276226972480671960738400408736673611895657550440956612906063752858091373814415
358 148479251579062459140146640104101487679485542429344549044168224389290524397843932263198261285500045342374593845357635372233369724404351857396936410841591538350564128958093290714783381893505812597833657929133035998544806353139155969000936834331654767628301759839593058043168831813533953626375889854776828709843854756559485492255644519375854315540085042230528516066118773335549528217840240909373543312964501638319597011350213550546661718252525626249877789490587966316195853553357006422245127827837630276573206244532062472065945804462809610112400379976661678115115534765304586248117323772168976858403711224621509596922682551790756706185946731540980928477587023
359 21940137887238270335496631804276845638410612944309458510442492164618652776461127671601758357913868830918972629642796220776565111192374266658693983189920624612639897351488007008652142687195557320825501269469212333773561908356818940053345841780523276999461696225094958911114888798082147230841079946405596757102492373573767793698906073102593166410314186463236620272696783527989819699082113783785059707609405585051159144574133005060593757850833779466877820990402018413654191113546817883363064696521116592020682316193769564121047033984930200402600485933142260481729853137249525663367286539212299117867701105959577723673713100150456288854614947294523833100007839151
360 3249382855487397591223074527563861569035061284726843665822271578755870891832447336906022869498979650760997885079191195884426290957182885763430267530897931056377892204060499011534824489628693371302095142069534339936416952536109983663184869022829095551097580897873395864988772136849898111634126502092976665694943538354216592735687377770047147341009629260849723554572310238582040831974414691004764529437342227681313888107515996151467031251426480189624696859683711105786445285557385725611496136323247171698461901949990090813864174659902757507776270283750556825804304425598764652668629664727873004813028837300818110261126892817245563915095317034092080646198825551601
361 482333842946942455112059861221119947841355178785441914418860093207309192785557290227684252536731731204802336865215397045615386980950238379979226132685138441275817143890893932293501610561093724470271864780511333605918120708033875236726895911442149149183224808641452403936767354578923788078898653209201863042398634306254832169234671462616137687666188741861469876987947472049327430038801933585835125552054157575957989054275655852816484084996700557972260117426790418086019229847416384901783314089697992903889120042000163097674811925376098397086215865085503870907154801497437799409306379167180342626616909037869554038376386247916188730927290970182231789096381255320417
362 71759150338576534866696993262529915543168448097175598324458959632074481314890015216746453747651205409623608233731720079401413088137413697394562436571378339364730721783732929218406166621389269001838756237238296900414637813932206030386262050438158167272452093021325976344963789591972246091725371014270918727042214179237015957191685811463081239244515372393715964294974843174379187084309050458360571530178225151153749537933915147870903673113583418390483977459818825001108611754284961980439328600941272370898566302228470798651759694391261350236020245317076009996267966377779069894531154559930550316090620631571893696424747482405569155948048754391288074569426534179536673
363 10700077909968807521395243765217498835231897494374132056660385080346434404409130496231664877598728560861059680283050067492402129840029299255358059777321978253376612606744079081881036785297904105154874515469755721586574057240536418303109112965013543758541273225815135687811683340176943643742027322624986115925418072029381779331328065487432944646324827705802065264704597423125732597907345750329754753259777629974820405936366755512516094458618986050947553871300171859247004252869869981117388264124239543291167286131249157722334322033913964587264725452786258784041463019997852281396487121166963375068130270132828073522225930786494256519881347387792054797674453014529328723
364 1599094402038439806811512951876197115966929166152242232261087868244531370703527595125094286379722379431565261436033515042207771211324035867581231723832429242831308571814019284957405218255378269204774051174068961736516165137744453722656690421399789086321557163579197881995386075851956688446660267365646283357978091702340117135215489460803082046116606631491804553966433713995363797983592955204715449098168342001693225983155844990695872464041287802995991443081152237739577467738117025002196113322187448664698151771218450499703825431170230770334648919359198615106542720545906432004349624932204491491818348561304721475425743569362192325860019582174746521079716033467145077983
365 239516922105134691162729349692770029003867891394964877749214440994037958269895233385521836827724256506565150119801585969833750975182446606203183912681669275429658694735771500730108805879590576244190851429446921477655339053803374131728085071418532399680635666526833056230064475764870540582342842528046148512788284247780909425040217567356945104210206602565444748796000009047431471807786603512494163784593316620911455043763394093438904566535210134243728014854155070226033698524637737481278413680823831760486993556953488779880389882888046099283280061398919743120912576363512336492137450652037805530924493676678117483263615367786750414660418424357705187205306147235167599504435
366 35955942438409920298506770952316699599571922003979872554642306615734036895727167164075015107766721461696288629273486817291622782631974080585011139220694635689774758501218247643652529955243757304095025647766048331622910612575687564648511831505335426033937527549132444550989713967991738309832747166412865819736839352268815257623252528469473112797873492785757649701347718811341098367372477290949261059866329342425630218004003656184528207169044133548492941896102429149170423151103231550603270195967401837613035354007004312845392039489953916019456475818756087332296320528860397875670511650868150770879936017977716005739751491345677798012346368212772494847811041798764256635648477
367 5409722382509417762087460981415653101997755930951664052413628778616983839597183961884326269812003259750763478557843758300805741587671949949312254414711130508797686045050889121046665532341377286810398169290736010853442603364690853571994876442252366899156130812709982896398674807781713568402389096396202376386409829112109993932212826981517979218621713671745634208099832820593064342079485945969495098539691236943174505603877851957155217606770328196823015629962057753612112120681026871037589575188194075029069608421736566093511529265463852012558266589840083670926578382715027262711775647398291391625395545447644312528804428896018084972901633302847778618562282704930809977126411481
368 815730261821392212316682227344497637737234496816311728003648990419735899888859393405943082880550441050472644072113751450764524463910714765036854570017994480206890616989093410497580586523008273139670372733315928896954387746499280414413588108159762605983063027687341296086080492482761262127636393643554661864298059061566424063814856460943286527602215853258328406720112330762673721869291013125741318324466566759284273048083021771267349087996247758260647396299616828414926101142191219176928104973878361438726026675540110114785920488749842267871919125539865485886850172830213736476747390466684918895740853757680004579802505633814534235981627739396530820976196619456000844942599130821
369 123277251320737127414925369653456966585693997995483486397977128893562206490713463677725903073808532056750495606005654613935950124568905891058437806578579129136551184148484548991313847152253502002617344175547344938123511077244520148107086100017710405953542494813012340055329905957638266914203715429238357132343573677929231931532071629421586115340213850365985436140888919719139576065421400131120428070262554704740354490407585512861663191620843643100266250135213396135142275948654235872129037473526764364685888711651078858366416339817175725957670872618298802657314096699027960286947756405380931333537180680433546777077801969255701993952266344487188502844833488586155866667279554292743
370 18671601786599379072086174700664587134180571865066063923713387615703732682917007370687392372038661778455599200359857635820755787280102718096952557951705057749383045336560053463691716324566214972869914705497762421617516463559530686013116356248095161589514653578872171295390059035715147677152671247756878718416839341986570177523043249850591291869547219494208162970641151822723600060269018580325264900159225295414763191211330830645797308489755290962396915495010290852029483878086142798379043797381936696245712349169141896716534842052770818013095248101394336233453273287229531061354206571002774604485072055836936768843426583341687431119567540310706688355874662050067731485135421856713511
371 2834261920205931713984382627976984524728604007637426235328244697695614599492659621819528376336249051489981322972171482614716101462103232003188579230150133584485186102866543506361491625876681172483293949794641152911047825082433106527168755769637102586989408671895690199223893095946619675252678637347073018342811464374726893824182021979086415623020849671509334430525452443149692317225339108763574446735301523194523708020205159310611841037841320344153491707518173571541507302695111577233981970123469770811829255077927948186837571756665269981424961108974552819088788465770923470580838473458753984541439514504826375474653176723616929697737440595631461793093859070278749018018238273044454583
372 431177090160507959851001630949236332081451962044203389637892282761777162895751829478682361249800718340763344658624596021192404213594541686653362727971842359475814783912564752070237691816590031098216335069252128662198623016847087894270660898679859445971405814686058746307383007179887275618155932668371690212979715023418563675710292564750998159881846507550642846152836232321144386203728529971957759576886463132247912700739489594804774092943252852568536003312965894153455894387958061972951306230478788311310406808310573078046851447350850328670686477111089046898143980935078978857685599055861001016368859230611820413425172184622631365630998103326700733811864911896899503343134496920497163929
373 65739469431971370811425906846816457288584064362105351235824423825878976015804150583226755638287195789413212390101711411283344901175698872103044367063235742304919891249703092798568799395101575647333843612694142395533213608944947271151151686362449703665095183899163370774415268706408389198557829238734013429419613078862296921410123598382050694608900094369066174722394992271244559731070488026100669144992438534376131311490318816766778498439898598367824342369095660882504862730747550578988957103625304085974841684129390535167141417421861345147664492186595637375364325565569197582715161518412465048198145228822640532538099196486152146066849956712903023875541376103542317923027333182934858845073
374 10044980049415735493219303752685489598916430420435397412697406987461742115193106983072219404252533304069051380227322373242939931881110594869170637298029537298849844056432224017397365459456664243068302017895306165096814056205824533319491294229044532426089282976957938767774821513459038204607942532877828282901789973705456391858138109748476495773205628013422528931520020694000666235440132206334999797577934856022072914263689493798224587866230382131379903172961960544586922300852087481042258419277984704892745009062220710107232058827745895724625087897304322153015487090330070960242114677124687042298247604518854470975993484519564555241145929571108857941752616904171051120625179187657797662120225
375 1538232157415819980603259791963134023610965810665711874490800582077300132452850506132279177770267200234976950198964267067501117736063488838134187265939753932301774511802636537158479200092962506521991177873069656135036039920584774069427348774462403873351453840390961360623356599721339982214727911339258529166082046169744052170238454290843443968729938759631510653957256856105300722817510302453796584745857497819030344314864614067877976214200693549757093972150736814095811490466802191894847587945016943826946208503359158687156343698165859366366654572803289650736121504836658579565835499521285885016922288859183656099204235989267180928168947677170686742624451014612493023882446151613649586422121627
376 236070754352086537524317913782733401993681347278513817838516144691087872489748673888018551762432618688465319760579184242560274958716356481719438852738851417271557107375949160676069771284542838875897180260800604801902692612018392007786705210884266071598684775824840695670774119940214615337766133670690821637422760655931975354134044393786737015980322260929119326257173174803635393120426899591478119611749815176262175700271272575180269491440890095313309145289330491239116881550693136195580437717683173423293336859503704658813367081238054255434340242322242148279681227831166581743412765840597598396671403113024787205405643157937001267574215030389432830308355068313137583870837899530021917485087247655
377 36308437995394220917447235796760910278014071781246741273577519494244118030474864535149634954892877315537205962700813280710675641970484579902751380438645671940687217911102340521730486435128155640233638121516974653733406686135311366989072793977488603494368234462411404524783342336878176310597444552180961855313195882593784050845920981961835855014142968874993464762356754729637568016470490737079498063663545833466415093349844518816870521257455079176696974266874506467515906256106265475568770156640523506459322757194538447146321062313762589999953895201342518665923115674013645722033029235878217156969702692112033766047830324635621474555993673729225820350092418816052006446369858062832944939483598317643
378 5596488493518127829155768183599517512380648362327646257506586987696479564997690341291262827707822353353197068029224847552221271262164357867385523434853367187532620035488084671360418806431512271109068487533075708020354861731962103748815142825518544438180560260985287767967353519679679315098984722180355497443367697664204307278753251651608121495051399109306291440995381396604324447418168826855740720119804733885155756517349036400255509860250387997131238123744141217637661167367901815301475605077478931464213346318487280491416048461622012974570357630329006781804030866897535066979181908138669802168585969662029051600508767974237097089285947845805874000113342671885765659678455594987844241159618927384101
379 864497901427886102241942946271320760145582900299707161630174473278910555393896776708938378694572815193326847043742705511075730408352215332160396202090106464447837712835874751470516381729904420967004842059319740174323779862946288719827077651270485102130953161827721382112335825526512091063320017211723075180471572126233320952861835134335260408770977769709317759158565949431596786850277343274852991191385647967166911407498489290494631876484774183701877695546772520374859046968019896330472348881122998255871641242583946847187786341385055195631262567583959748468384762673462222765702609044516658653956791094250368061317985085589404754106115858880995318054227960805549345710421906450108394786529073604527081
380 133828980620017753027108005264031123164267747345270835867270983822850716984208436016116328717317200073427290147401628239971469266616032192642933284994217435909771788110922999792428234498433611315122418913929575889800171624484230511957603409647771066139749016772210574439637213860597221266864046518043912798064456265672657967826090232347495463854605017405985928439312189632764433394783133348936900148386053387789349786550694691592448724031329277499244120038234926866069778579214414230363189622346200875026466144765362400796278654423628866938454745792789248535047198639667522383635387460517377190295641668188668274332756517882645135409915384069227486039497761334660324910423988682703748809050556293865571317
381 20762130989243520324967306226079456517593461696496269594196900639989975801861917687122581818981058533617651219272629274255140654738768168313990065537088233967098466258318097052850609108474581631194082748810187391849862880307619930104983601589235029331068044512626338565902587441930886708147678761809149377287560516566777614753617548317530530442444298279433400535052634021107246856555486073259398198809232260734680035506451440674806314626872591108221525104997373077250276044199385687560144200933621820391235670581519826921704667675046866588195652634405390299286428319939560944157996225605479160024926933167108890217430930853576418817366515433056308092496817949123195073111873051262763549970774386934133927679
382 3227950434752886285823579833568360203512377237253398316770563839390437808920347495770692847700259683697504068030836159891840888212185844724221893852856733205585489931189066928031827333425640998377245917485289426440286436955514971278085307328652458885736894892523999476910251835622088639625282032596868486984883064443337420756509805234019889236848278476721485641289947155806257267546654038080713231408454472536095427068368689884703499819064975830108772194453891857222818194768313155201721929422437757375365732866686734914916089400513952765968465204846399548741744096436548318266974494057345733173982496938362635589182180616761387892062039195491479298039821668362710215063413263582879262838292605759581183173375
383 502935878150797602764404146796790545060652106638446093064616332541902195391032602715304558019230347604916110421408233542986259952737868619940348575962982003590730694529994582980895207203339105540204053964375325132860086808562018477011574755098223583101659693592021437660144682819105628260506306920421685441107181368667089055716471462926052720601672591714871948518466194415846365236001717269821671483045370362884709858396204493553637991327030735796052269892707753651335888376406187656140219052869538079078013517365960177835365639064412531018164939504806393219819425229033739937408776889899855907897280094777242672304840210454787911688603413693155803269581286192290119466666210538079516893583553517391561085390079
384 78528423066726352872352737449853466952164105301203893426779473213618868399129322814241381482881327208076071524842922759857667086514460385869701908533139278740975668165816338247233613821611738300693219763995363153724691061554948221153546239184324152630626824396183755966150382648974415114866718853931708514890452320345530756165002302955789313920499464471805172051341459893720434941906808751987077297979552208283069974356073793859467985277850581638828526859237803969790211169908644208081684018932224250524406661787420567302535260885834005468317758228307484625061136753398313921702926348245099028354720523465666626420809675629138592031685805223252124503080161262756816343653369008733701051172808798519656654149652737
385 12287606976390858953695649103391483283228507254129979605064719655181193402683825487043307123434313908765423645174734804384887484613454611685885105490894669280875643443650145868474823055749890164158148510613665085566451879159111872923769212898773512686069092373267303118961355303389788400809505362199634308910690167858894724568175985353065285174811659386011221075980458152587174314542238260579106269393527137587167544499441516871917194004681087735912189861633362797638350561907204744793341394006216779379405758762410116132435872945036690644482331827471480990050322976151344742173224945492824512524795702682891356509062835081825966071393278258898545306795928073680148765432797054255935333447140306715901528328887581185
386 1926777719128301029135484975323933564924848220427195915459975783095326774458455592389961467066413667257891435527879529313274482423803400436579978639500304037104965586519079672824637906963640997328964156615659402158689873112634357694297216811690635086025508375774650801831911095732478023557709888677891409938372593658057328240811628123499293096496343794032960324926519003578315974668505693080711754243974093265010153181128970435542662726583245257232456115803131351314066500297360105564461087484699388904736751269732437181124940264874504725757132952395537705081364179860389780520678496980279538487873532115147198518147745394279503932776202101675943303042139704212126254733337913369584990006472014447837401530345338632705
387 302773241545045764353804753049445679239422372900136223354050322159440170120860970438296160067647085073215179275250757351742226949166553314007684157554775130913208566699705982586301702947538184430849745961327180611483632804710031798737558248770011635867278030696642595297810328923578687773931631559692351125572882767087940504327383898446526964913742255174072403618241582387634342679930244977684308333409408447494254464870026542701745224214232504640063805958530012248187153983805928642692451758043552094917910263340598882749787311781344077319219510714242657663672425307712398111367826202570010389153558418932420240672938272375947773500976894565096092228696457119209652324953073641563437245250332809545036794379110175147779
388 47678507384192564415819930342225985651148511322178017991198016957960381737050992823672946795669319745113107318321741107213017888381710085445944186353906843148016307448157249822855852367127214136105028242309785286128279592598110824261050196196904024434671490799282402000780318335404111107447834928141691350687181041764260624918138591195373719479430854849852851949978579390072038584314481351640496149375073215983968605911877755600392525965364867502112835643533712496670629392150999424618559144187060526758948147251024114601990296002400461328286592169259452452955500207536905151030728780676018605182127327578476172604979873127922309646289106506584487314182337624613701075987244781205827308137684139917311180622873027619942159
389 7523931325129559681347397884195021983296651451072284295846953851909833759410546251935958902009095096406952576269598176061403171860856282541154896810860985112208336503328001124406914648981149917190065493245034726577434530942732483357923939923772029313759286535728995027315458665917301338661205773789680449486570413784297627424651723977005121808120446701978050674868577970817246824425001501205261404379738053721886057215723122754934635649692082993195029896190812125689797232179220689928242358072561705868166404562415480020178721630019174968608660222973319324325633653663945559814096786544135206782406980776872304178110185251742535451919536583746000183046647266841230588839153591548457508182576256036400766398716400535068132195
390 1189821310852533818615300520045863147591124179284771501602649711889990606374717075245750962889851505250669608277388046457334821136322918463999747546615386243450642158326667180056097629411082358577003953301649241635343045352881800087586211221237588406392279757291742195989840077938178149474651578720762053085572908552243135716270565624064691858186350855075013580068907830153324846765251518807104870991146564198225564213446809914502419817982745737411871239082208021618277224436265168588252700708781900241191732320106647871908839961541399929224441935850781822397470836307754781908689515022018968277266276992523287373985803695238659725568974514394319578417666557185958374914396856654300363919943374438945274095441541427888238666253
391 188552007526756443808793322135587432623296616820284138088915055453278980291267082456763118279171448295197685291691703570609451377087441087687917788437388688690090760566314446583414831952487766970104308608096533678601072742615288302026501210734539430987801307828902614204056497887759418479964136942542392744264421009611250109469841033961937488421158238859947854842989589239501964673880735775276666275126419065387503012065769938875433156812398999376305537632613185963809915785540037359077277379866998862447594759512779337385901092271360535499908099575204759623886031896107723907477318434194530719350895854413368074776927601460513962275549359415592719578713819890089394595604219851372263398713872442121939822461308424190009909552985
392 29942691432479244872848378395856348178112837866335340550945264035552644720995534190760213162654476309096244250279664334036264993587098523389723001944054402336675048394567714868230474713527798633642901889547485328068634474849559273827846428346677003737960041959082536953886381085116738560708462087156580507462805813530913423707854669437895248371190456716349937974681668658226321892875880608839119885335767089467014200162139526743057367326427078657617167098304060995478922745748410197770610467021709008702495417524760420353321882090619930111516206281023044305527171472438276121898261441727803867502822387113967097392662679014069566925664616676326346498994236705502304893098715165871897569580956340868418922418542696038404195573208709
393 4764952067589737003648050444196654763907210647420342363997842403606316457194996544479436569007785113641518616315154591299966154684809988960909459124331240780692065199354283421629548637378264113960437042110661383594032998821057026065831216008700929305350352565019860451179978048281241485125095850702296988738070362532363222494291397337404387280829072512709201696331415838278455364063971221322988380470918642181955434013723487962805056734785909135779345257754826800220116613629776117480502840172729197402435955553274759902211146339553780961493838812618325109680029859765135926564202379616499335940793114980398723145554888527031194223880178234694854186902542899938933042403480169344229095785536725815260901237912098352426631422568512951
394 759857311802404514530787449391396992091342735522428714443604431543979614835732024855646970917657443979752073133621058302023829792633822767499276917717905098378848121175469951886282655193723985402390393055521310279253452606856268258528163535035572909035743355624940671544565806334958872172664582392001293900456510022437542679880060110715373998792313393815388527343750217853230929525408410001948670417695288226118628913713199189698982387583443559441222574055375532614435549681792620716746479302100305527355451856049167056020223522833504454774483889373217782416024417129807636772599506748259221880571823058757968057238555547015933422615602879071114795307360549903104761982330272099957610210637679659065942871108716447974831715751602005143
395 121425292777000880827863163895909189285347880364059692776384472711016694482902903318993685978371341171841935038322272361256264878733289417427796803433794952127078159706072744827895016401123330244040724020056264623157646590947875554488256215212607617760165524869949328915438775715612695975565308423411309372897283743403826285086999014282290131599203590323296961386406752196210690870399105476493584732979953105048482503513702042525307476296435955693902279610016651502765035527796289865970422864733284772756014174127518715998576482043177445780542610129457695854216678915703899880723789138492805147063659148122940388300542527634742185296244574931043955005569941858132915241467165236169314382196076986889232939296606422939430135293731644349447
396 19444092441426369338430371376839029355705517862926634401489016657312674280031081182414717607759206116000692930202887314999941332255312188736075077230111682438454178004348285172158145388665921772282272414327141680877309275140166961512325833237732585569023431681565550813420872603209597370004583567047387009231226250602299470686589174166669159672852887586266072192988443192768403913944834242604722880114099976501047622850431917294153047827534672115587165658070164474052026846621265709939915487824401012269637081115788921723475951123428235291524013970239281889295760430766318819697690778784139017683233614467076721944131390099194675377009215168376888692713176560747677004946465716587318287380421945634472424220032651127965496397072847338819433
397 3120077737461921994495796351402327179175249098004566672454233642816627251748066609585114379631855018396231503802524497137700847964870153488381104688917160445529662059569112058642377362609250565559600203380889720674839692216495116743390053480591648263469226940307826948467375630801162287215389840260325262546696708530105283681368810313525441785469961514020732756310130122419193132975798089733798916530411254434992549059113411843974338178520361577222189469357797706904656606828662638604499310218734279367280037906359281261788320282529684727703579222085251732971774572907852893881590831541043562528905633920645214121837287575753996403265842270123742406532287389529275240981767790087993714300865473727910509871781719778452603763120547371658838513
398 501695490092714479704027559115581638675680358790296172320611661402117249666693542644632508695185772045748929863354105469373549968303061296943069474801335974004336419023668527342134801356160437417988282045633546911830492549768815494643422365952066218904571089303904879714774256783174629767435120866576521444996135763856145516907072051173217574854516311749536279788838921717389437555306411688072318929811634906645285995471630228514938425485966608703016503950908652470113809588207496353089655876977908490699878136380424288471760625630201529836878412603996490488840939507639149733795077203209385976961915771129946140349183155208823750533105895062417632445068391504643177594071080006218336199256391210084819480689889270827693651315063483456418337217
399 80836938955934646437907962485186192485103982972591849124060558877326933473492591221515767943101631388921835722888801983518917671963039894420231261909663663564426137207755835249850870778962132642945124015542269390774649045624352182379260449115588999928197084926472523465147962572779404168440793751337154294828383113972443958852887802458999524575337880176428148342217209228928504282419875486460511751035299277562988827431080426843348285059743282429114692731764803912009084745892965524072864826661185371150210297278269669682084908453969731538468435855006229591195579050516058873775362266979295763242715933379635232361038297153769614713683945600889987300233020108370531563060138602257053290357902672161728683686853243667472011461490337227100938065739
400 13051855264062022283997737693445809997623988152669613150852314340827474291678875284755921090701407039490865297780177614553616294469377079672352858268092701351950792295338227389400616537046766840114386609176649269880620255340760531168193928616954104549217091668849210335493747297062794164631917387452784467042969018584741036625790579783279326459188150222560305251378195116008987756041130636158839588428360720996818001352719351541171819782217416943133240187914096766318023877478860068295914409879991057674959866153193759825886650175558197628989073813256636430221541592191865381064118358779972629395385669216990915480944434222073326833563949708175854025862867656023562521122408624066337982297128900766331247147455501407091363781943390949001777372017879
