1 1
2 1
3 1
4 3
5 7
6 33
7 109
8 643
9 2623
10 17929
11 85349
12 652395
13 3517911
14 29484193
15 176844781
16 1605009651
17 10575269935
18 103033059513
19 738834271605
20 7676696689275
21 59466011617671
22 655467253898577
23 5451048833933693
24 63461831974209539
25 563610159408512479
26 6904542032727135849
27 65184375718497967621
28 837549212192590528139
29 8371663834159035906615
30 112499000712050144760065
31 1186307361192105738313229
32 16630508888744390488317203
33 184428382425564678124951439
34 2691089271994124272886807065
35 31296609762251973466064266389
36 474363683342337539985950306971
37 5770676211482974656441384451815
38 90690726797443488478740688203441
39 1151414539302415979287375922181277
40 18731502641510578504762860894932515
41 247683017317640220629772128751495487
42 4164750995087249269475579213630995401
43 57246665196882804102029508166506434853
44 993569451281986993308377239267124600491
45 14172644483582033497947439425352256929687
46 253575133088787227674212495043689113648737
47 3747721518879723002575568572178587884903725
48 69044107174218789846572489679379554930823987
49 1055763991548037602404884358896457219181918959
50 20006163107460476260320927163793826538033562489
51 316085092242235501470824752966958866185888840629
52 6154698788261229181220726905405321774158146894523
53 100348483112835121950123005744074877476135095780423
54 2005940381120651789138874905599411254229581351577617
55 33712303150860673025372562272900308910956192310751165
56 691235301265741392161646096369442241053595118039458883
57 11961896990914704946074621078754525623221437734003233951
58 251372765668468986981792968411310585625799965660098640169
59 4474708455464100176319426429942072531350064313742171388997
60 96302190600271851648416146688243976141919474868524911984331
61 1761780988907140570805522176822969544162465291755338129577207
62 38803354811558232124230355677950425376068189997219539434902465
63 728914669019504451804465175111888525273564067345974759922811981
64 16419160071943531574517445220111875545332516437704544289497545043
65 316443132528069081845939246139027859852661644747701300192557940303
66 7285417463372421312388893058184448784739240082448615659020922799321
67 143947235279111805999785493245695551945250353531040195627366578662101
68 3385240256215555679467554749627263456833868165667845350025521526776539
69 68521788276390707523757961792950843061426057869040639080206527687063975
70 1645125847918080681610457030651590477346139755856802376310819152539019633
71 34090430922801733919159324544253737685708292277990800640953649725523702493
72 835135459935534528348229762779244193814181720793834159593452201537664125539
73 17705352888391912284210255574393766474959683202773696727291565770994241388543
74 442348537209117693582970279500225277337654083959704510074832715762810033393289
75 9588742192267742423701795602149211386952473602012805183787484603434025134153573
76 244202300950192369688754768997361693751064537038838704547792782444616097440407275
77 5409349793818841724241192943597592505998877690010855576730663012501475015380777559
78 140366650286984689432044392852390902686099563155477139906286746517217321087388078369
79 3175551446179533288600499285453231896829725878608180917721528132581133718158044304237
80 83922969309284269146555464340508650453819769770482282945927917629531367148059900465011
81 1938069756495639471061184612207005306178220572376152667554567438366103140674771695804847
82 52142842458392436101252931088176366138696764529066174833900470838570297317600429738475065
83 1228573120521544062820677315483565705423778756722332053996972461993928781232452896502297077
84 33637122573025596835558630908836746854407170553706433215320926918481330235750677811172322043
85 808234656357062168608489295205354797031880421980274293708193740262990103818015308107849604871
86 22510458004065868014312279429595983249918681748812133612256523934255388997333436459399480062673
87 551339800264351833436558123425392643019602681530057968419823691935325940073246193720510280646141
88 15614886337990432599261302416445664804698621734697346226715853998395557272304646642973800537718915
89 389675517709929117376219164192643645283742669288727479742811915764429097047455656279160369466682207
90 11218774932187608377483451979017006170014661299258504322779269822596167107519291686899605550105066473
91 285141325445312828139924982796783181240301203489804658700833437939201163818374512446412876813187545733
92 8342221745651409463217244197393099052953014085103031349009585707479260749493864582978525307137187381003
93 215861788095532254399746138608706340808966812407243312232910208653912636143922875719970066303737085849527
94 6415622944807353257867809540430961982533594237044787194236086444459031587384157569867871787046288154424961
95 168946148521798104191814581501592328878786670059625239664319395325527019885090080771775301013295694153779853
96 5099417513133756750987417283859869638397368622961528188494153710905873425119015386226816410887106392077129107
97 136611844460175589799770622078294823503025583794499906103840682409598717834358239608541697935051537568569140495
98 4186419179448545972144749540893254568568990230490074239465241420739518205083152015889413611170561397705839046553
99 114055986772537665641094447282601353127040471560523099957105633257530075996720805492220162699328585393999624737045
100 3547580352168043463284831812252876240093589330663721523957185532265864906281811701699950523903166051088920683729691
101 98258577335927064889653583314632089749159750289747975300713876679928467974038778230286015204048936407246422917674087
102 3101178161145812409633046137270472568228979351568079192116767287939091798193048895271002662083769488611843121522148401
103 87294868079047049978024397527698710915328866374081421122088623221086129975011319448721022434934705966953973433370136861
104 2794947536691522147686214589056313951232148220079452393666240899818893695558340103134284954032713544383526322499195602595
105 79932915065571292352378924247755945605176121066994765492355895414392412240013647944006308153827982129134944842337694111423
106 2595553563156851701095225017924148310570354296518464903321259122974897941718701916293120216627086379105058324647839067078985
107 75395119462240624969253278717296483064963026205717556535572942849870026544101586999594777704568606394164123770231090588274085
108 2482341530654925280466993639258428056401730905525912872778338593343584951676869837865009701177589924403275508061542987903328043
109 73217014169490184712188395085123867607333733014214902795348986834548905605466383183702264642061936599712214602451153830012876055
110 2443669609906530800309689877873358846696366398532511097719590428040412398958440338900714622430500915333447828281573990452875510753
111 73166232824620135077755926109832444045722393451001562576741727049364288938095691095087780225705930781955463178213178271455108786605
112 2474885046959292840781582998629054453527839992095075020288170536329793923140667576001762746969749106866207570136186378213137103506355
113 75201360182756969220457748664061456160704081779840410062404839010346569416202011408714027471779414532770787120745118075639886597425263
114 2577441869163228207433657612822723117500032223556661039458613434999567267176169558992908353645171745451904981465494871349380930176653561
115 79460401967224793160799101988895556914206736218513207334773674517489618114205241499792760482642256457037837080548912174645917905836116021
116 2758931383382720229099355794516522021814748161587779271604315534559860448322581006919041123011328236928821894534227022307297301670567664443
117 86275317900288626463220319404394020259581561947470752577888006051747037614917481533616344682394535821747491900961853765563614997502900877767
118 3033994266524728352437708726162674286636670607587567723187039724067685607736758533654650115597914790356610762698673521829309950669253649767825
119 96214475370440001795324009805111172301826941502063348177102385990308231225556011254294007253801720914933556955564761601692419420662853375011901
120 3426261989621021587554280064261747685330518966941577837785307834969258554354461648205815805906792325699457282100295551167704470508974400444062915
121 110160491924852625965735372504381001898946982151283097208381757431410863107366490057366903813806749764581773072470518916594017755626370376591802911
122 3971683192136488832070192204604167540288321829311076866841472314736795525498155051144449083978564087102388053116390952762243486263766156931534790313
123 129438197973503907922789511529342520343183343271048624241970167206481615068880745336691884809860121347899653124699528324214071692527288860332905961669
124 4723881088148641067182850638756503446961511251140954221837227174523823266791221114267598046353857025171164614041328972182517543491788624277213368254283
125 156018255721939688031542677651681343201779163427931852229029701157079191518909009745184938249602110558802333934408073206436090677451464025773482244213367
126 5762637771189646265200747026687528335261232537610663664937780661403908948657817810929025892277798966478943150625563759323144313225040773012854141643651393
127 192839233867593104196606377975209086889810231991406929179435281478896087748353142019313232792282171458055282211231886319843029540904399891439565130723520717
128 7207334598420446116927353385176132870348815822508884820383489077996350132952149228748136236929323494362019691485634823051279298589174486211117450492588487123
129 244319549714357497652152104415519009683613712729863442583335775815479608892543648631070160026429292525514931078314600025077509152172851036376333649447263964111
130 9238407312454208862470121689079661666654133575448902257643835477372789720967648309149778106048985797996182883843965832173338080482349104917599049647785958341209
131 317179160891516406040789312879675247067709096521026765551428718962703176917583220323387174094391527029974103758777187412693478730074851380933137981482138718197589
132 12131974417794736858928075320470571333624887324721599178724495383063799032007169336776058447343556421095409318471460746875290922396500897120701103377920305451926363
133 421774342082934627807207752718878597726182927055762634366433417570705975521063867549991538144487371870991864017517728465114933831796618258408263626755561194618629927
134 16316437787120640044490852035216366493677089732392490836464947918311865126813711583671152574258452880473709645725497346864063387925141921739970561926033723198494555889
135 574294611474803370304913878662423109565398564519562710092956190064081494787389448430133609010166144093517570740705765371125803430256453289917913579263031360916399558493
136 22466252950012715807614245506213135048722433990644078972169360422050168152632020368450415312929635779737109085483401867037833375721011953268006159617391110884761436766947
137 800428795476883019395925713164142543821097814240213452518209392220858945918198829516450160929016615294738035419240294161715588289166998391414539817718714882319233072065919
138 31659463465731080849441490030414358670698674279447199705787223264072602802005403294814815324417053536094306858575640374843807711888498360324933114858099523782280926100493321
139 1141569819402179400449577625711758164462789724287312759433165446413116015487435898306279399591009977413316132433205279707241028648025571971754859776482169345114148218874239973
140 45646165443810958454718000379757287053617644097833435983202894130820734338317779563892654097491196452566567517591295284292025505703879001733049506499603146861549285212068618091
141 1665468620502692196001138673533273795103874805686495786379968073166137397359901488207161592281129665648336217928252106567554493378121514197045724383740408534383709424562573799383
142 67312699361249248030358798805125699147448204847725216289482262688931523260548204580788038624387129650402295764788752624026871127892078090147739304633469056027996275250228689524385
143 2484796422811200713317960910751292802565353494531098696517376540477996447474314370812345890722100159769230257988200415178659322428463016090734414491868460875719290524756165845999597
144 101496135670716105055976219978884463257247738430347431868951705583831946861276149254770877219772771133231581831496271459644167270610906625727092464549192116587750263718976875028219891
145 3789966505323901026182937012722101261126303528648046149875359326408295872417686521813816427952188394565216405583900195629065650055999106282348151437117700811950878945787698700286816047
146 156434741133982198822510316212656021738253555037951273102706493245044710649342550067088455843440651491448294320629374730702409575023124332776227948916113776225209151277902155045231088569
147 5908040131868889656431096244007712183221490754145225743310845375932903350033797450888233722597513825668574494664269651050583568509702762488166204612400401080617246230783477925090300247669
148 246389922759081207927109241231866080048911994526953115067348149848365144940349713391688778357319990219599027908301224045544472952051212007946651550374744999025263094790659290267065968921467
149 9410044215423995681174690628269442456479851733834228873103490567388926696610903475768211998458296178488411977052603777046566175080871683518803561267439024599600546675255509343700790166361223
150 396457677002067623901717089748327163115268629459224687280349883428234157176165293719096363949986478128070499981682192437551616834933894911836119035441625665709123255673944202277416327685646417
151 15309461968120536724197362710524722084490848390606405633683241789837674720936430979170410798997140557210838061617510025438065340717273743866369388410378323142888775069622595298119284271440542333
152 651532621761663686134244609693627382329683862164617052964048206096586603246465525781794511319877484851611121339208717491660251978495663430184433549175626260585674203514032130254737946028687358211
153 25434968060880616989163679083532770229227529277539709329615882619537463774642008622336891776652384813538108179726499415565595714410145576226271346623377611905121715027062615236222953227608966912223
154 1093264554000980320048754154372226231123695524511533531509285455599819711292359868905236604477456048493181546387719902298612855925281217593449606715272915044975578543447361498230106981445823067922793
155 43141119547187993497046785048954961278693074127871863267235953036866911811880070071479567092454433049882290275857686702897507150091738263096493415261668018714735217641099075659787082667262913793234693
156 1872627462836495639047418659597863244753596209273281028011436524669600002439822170361135284978146945160589475645898739253065830312306264903172969334188588242788264357166486492508425221635439890010013579
157 74684310515340077072546681702429282245272888170074968885620286431108184418104562166087188746741291693832203008057035702928656948734278161259997249594754930553392437129362573744548311385632824435978134839
158 3273441552182865368126610092236033408381031299395630472516533440778955034935479508477595401741441306611022487521469928295860993537668113036966674133365078545318829376016271097685287727091818906842867342337
159 131927900094213334912852314184630217678593388482900072396482350096277659031723026559810840259441830514869538838803326600944911583262264276790270021946887698529602835028758953825309572270950233951953834374925
160 5838182256415121206789610508041935796663550730459215172376890111388398904658646826252258953187698406628986375419776159905756518010185064397482810115129320733347834979182830166463297055910503074274946602257939
161 237742839296760903286681089871571365061327526779508835248639486465511591670569932278167466619615342410786960913903178705258094358362641989853107942543693165915288099766943846856721047199972281487679890966704783
162 10621013091174771055815982963073973113356206078741874618167887777796178751999279925926522255281034418970227671171274913451705562787987143267460973519370256887621059420537891165394089903946275022169399166548796697
163 436956828539893969278959289763216297533742002929077350093967229342233602699952509955682354345604630830298541189109422790875860696958629021181392569510882999177697602267840205007277162985130101311558664915356089749
164 19704588748793106752763100719410467152140840550047798793379984317114226709905015889106066388418186508371055914833214870014610742291241308357511903942944845539202055736754287024600275125940158561537826810460639769499
165 818896736091278743020433876566113734266590091977380864984533147264638265157447749576812959411604646527097357065867515264946275011758843336472097615013018717896583954368807194663993736084568070107502890922325802199527
166 37271962870090363234554551778813587379592089285782552288006264668101447440235578262194175874181564445330337556806334175563710955272123506262664729882338626866188533576310531898575824733363519798401904408275579309365681
167 1564519151724379046222004178011761462548501858458500705764811441734912016463999613728527160088595142825580055132366675522710644045608682094977763099822658829944865948452416009184886858167571410162540626451403775331167645
168 71864312474947117564474718312819782077703686269853552270279417281346185203997933566725907649949774100419600034297801973879562725667072915965519880599051819771665149618311633650478253905620333417028620301706848733859430179
169 3046475329273743914082194403626477290416976848420037587217074604127373182476548556783159995693357518292570925742516559586579170833084419730539233412210100242775495396838121575272725035749787708437407829008899946397208871999
170 141209958512898621025692603782344058567902799676894669421120048050796579652574416991996469901774540708262267166395920780655565459927269893518614332659667790672057954709096387282379874611379047772102213307168027904487274743497
171 6044851029792325034536442929140159123668445517817080049080049711564301335952556620371612634272905633627536406933472420155708211863267196316927608222208151515456006983186329648072881627776774540879551266495403032310528578701861
172 282712827925242710710619146328211122326211400099516881789977395870192142325612242556180529188690446399546611133221959472370813935406811225950562917384493326320165222624793967836699992767172517259811602808196073520360959282732971
173 12219486329684986880159150167223364360492878989392802300739178341518719231075742524563918072819254750909633523454249396631820616033704182994377275865322791311901177846224826220229570592889496007757343687987966791176621844452387479
174 576584610817412512373514344841814225263335748699379751947343305642150164036113811113499340329798898487795900887816080087590854989277130125896951152822230647411864646563001078735235487608160650934242776361407097659693980323640248673
175 25159964710569214488687806498534981248169645385478226479074431841963927037116491147406117484132208896940521188994346451601973475552194145408171299362881695409255429696234586071691750858586246277371385414356957645815485289824940684845
176 1197647904124673548923498795908955459743167733577867762824486271338573877175612720096796144640494670147078271696183624239347825139814178762651415561009542198620619844430395919877690769525796845579047182387480348558066467919030870082611
177 52755671054135683077553183664895502830051507229244014133111181254212484870504153870538797031277754904605905798375228556277354735930258953960230591717831794521644063984540525467620427071173452978609399469551733671984779552082705695430127
178 2533127525490807968064873958434986735059215902806542461937131006917786066866403505182450248065602411644857528184036554338475823549242165597635306049512280099885645821961912709930435308832435441062663680651347485183108840008046451876032121
179 112627531927012785318660777669332744412735640266562479758337953837344694536050357328279839310901285118223013543548176092205363671204942584291039799302303198792098782828654849628957665159562508288646309313762419397220482707988382194274784437
180 5454586541829231564237911192372360461823100346693678537621973515397611819029049140648715824603388231302048786925704772292715576741169468122940953914183865842284349026501054473439642218348843717682012372331402943694054458728575845002678156219
181 244766730094452498182540550321391424011070708834043058893297235697943940648840728706747413613649458897939490252940000357182388602160028679951077833847201537535956280508780140782497095643343908053620348760156688390485404115560195293733350027079
182 11955299193120165746504063893148399346407029231745581602454231923882371640548327668477511696531582957100284838277795490878091028751188889078766799105225445920012722760099958849112766848861043847951826147646909835861453633374525634436684242047761
183 541390368270959661082133245309233279043988892146924750708971825504339793407829795975710460916510487409698303143630067258756175848770585341644990623171640184796414352705060638805809637620810035044173054325047489418120911991498736231271526304180413
184 26666843617626994401719463898365169222375331620936123843624408398862906588568575533677060444970363613617230308873701017280095379654528418455923923715574442276023168863976392624424292596152484378806174652840184047851512563320258349761151163082069315
185 1218536799313032685265957284983588921200583462097199414013976552120126451324559565628023480325511846091207452350239476521491703781259372858426487243764943222585365309753119004707247892577358299670008380071535123860195762189772158282343386864902778783
186 60522349033066237022777194112807425330607049127329748138736004559863585853796070478765248317821576954859965887945640079204932240086702653552938805965365678968492260569112428048149507313246755464916707123097917270875144838134549576222863500978754421801
187 2790346364306296608960199000494842050573030680774734047132846207357129626514293495125204607889320846769926764277580464801345230024284632832823151488979706975514107169845978265221421771038017964268947011015816275313072031410149026135448106632578326164805
188 139738168549064500923914266529993709783243606914333542186047259480965690442729111956226877209694714109910588310437974931990013182856534633001343831475767748312407636296017756320239777195006690959471518327993203185764504778589414832419296010499347640123339
189 6499679160365120177954542965939897242462490808934602955138537870016700696580859403022196345720128058102856926924462907092464814104573181669380623734075317930571392094247916403250750472265398264508291610731450610691619236408643762465167519160766526435131383
190 328165676961449023919710592741131021501330232191100768902064457796862259756394658380447208698816838319691306051980606100890450774371464313914027729255308106090743939655278442260000498466354593065057057659612595136173465132382189334711868773272099990901481153
191 15398011689808023926723934284686327064752047286574956112444371415746369421143271511873175814345863432371145599222649432578974397790582432907289284243612994964326092174466144894303287006656445465188206752752088440243962500342663132407832452788331144653316824397
192 783746107739646114019317870888736662608896398089640124597386908391924235800737373049292236046715553394739548526567351404311130734982582733205537598352641200029029093146098703590294816844666405514442850645449111844067898719666104449198766120475801069421498722899
193 37093893026564446721315338436384019951943637552732085518387229067079423286363421805580518299277683519124750823968372398838363624327864641733978144545839182884444765286660505808100000401521002587943043960521869484306568889936169158379927678747524958047524374894927
194 1903218200028697693794815018299058656568525829289854011625505675644246771124590473370800637620990294852912681242135882160886839371334574944664167758049695809239547135895517812242211539207592508209947847728616706519997488027319479791695371552442207713482018647322585
195 90851655418429404881227207837638604168506538779849912871767330377383957608224966253000963843031598502994155070518949678444887680108773905896112476363466884232522446753814427318210244988540176352285302189350122471071116460899059151744183843039068045377983786057597909
196 4698519081075119669300548136678835243597110839063881098663769869590141204144939971395416633956753977709662082683886080965929813347425026208729976444036799491118723961620645320426806569480864903435391783737581279319693896097361756873063405140421559393395899177664930779
197 226196039690433563797926633175420259592588925808843077909885985197375567763254903094036603371926328031042170803097417762772727039188253784871953605793266712722490893920628102183359338689292814841682594437668162718331583804819120101512207589542826001219354385639043163303
198 11790231885821708357025589257713444193322491468135576901364712281570499610201454740635556165405282616831382567702185503852680079046439535265506009985638825054410861575242700084933274804662255389529927988633072685407280505272677649451605579820861296545326345089103799063665
199 572386440577854443026999240328903052236634780222394211480992292694661013803601829378252148018285794197481367183543388380746653551930009328169547254536352170713777051039184788672975161603600654555189738929877787219198014506456375590022641652162959264668886554510647561710557
200 30067944087684238185460012698611102238763225801692065161397988098103727609445804991813377861282730606914722096303402950611290575372602922743586247741668336638270063559183309074451024040170040321673200187956517834987856456090169231807800898465647842590170534875523077979536227
201 1471897929892780225764793626232763595494384133443171063641068551143407315726998560443951355971918238020257206104158895860550326634685264635090259034015211663424093329387661153252268432573703076283195281627473511627273851630167010849261560738815928530753330469496373449092012799
202 77917964294399632815369456729724722123389542543651095236620951212221503971367634043969257776392957838396186879871489891014529969827600366471850903927707697348011177244480689058539238544103772724601205535381939672350532778647801890199811056370948906489822205448222734973925906825
203 3845769233090769094285283500513188687436891627371620377509648079304461512779916915559197173625986458703583930774286103718173122926569077121051626124063630120095611740288009355245000198048589463983113687264256728153022160371716538540701961356202599868865428089425039502750717204581
204 205143463391194020044743958315946429825782986574048768734768067412011845658152723700533767439978905804850618487735497144226573034104303677996047557327522962479377274684805890403350024828551459520228573095461678952562622273468783867085183907236066875226319418699442150412946987818987
205 10207992716188712767417594919968924189366956433469291194524239933834961432307312596666717028479977827778647700347944522523778258325821910477504988963215766215866057625881641786120600943189290458984165438078849869731711916518238181082096355691858482726372562191890917824320166308848983
206 548654575054393099739668151855258967493677937840955827712579984731095090502379020789181987841698846931785102471850757940536077456144751860756004740764250877927720035092149107395997476623550909666412517634823852481595218305201382714235208321359720626642917841946240659012511777978539041
207 27522302906741768638026810553401816060533544312945396470236034113972408916754250033524220116583424409906016285337843120465313775847426512496718327753345924377367549105400870764143858788861467423850357970869955657822879407022623357293953868512306992943440428446160834948155490045834505325
208 1490382722789148637331852501633072766843976827605149204509405943072956120735223089099775224939353113055709302054326370956769026328955124809270322702143271775927238958815702179882307373309875200076427170098636119871591313409432537129650644305135623396549714392544395590683287472911141421171
209 75362166083460883437418459358155063258889203814693002281439941830772893410846411651375656042418005567750625473927852169991760234873223565626598894231875718212266741606514356300154962730980186214444445371608595489465592302618671046605631113929383799365649216505312770380462598516711659420847
210 4111417043126496002365554042798485405533095609919232587698311945525196375423070606386354745583678859034730017422179486779284298389366668467879307357721674743695029381455429060101022085621989685278143723173315229674115252711688328845323372046309111763585772191192163237683455033676373269637433
211 209548343297036401506544617581158345492233980804648602138582524876989507217400450160114135991158025162849676682301239399915978777336668167708947169471412008576387869769895484088690971210209454674870625277605426763544699492200846047740255754562067916474761662423556245850674316929789578352085749
212 11516454144160524340736574267101702726506309215464940706904199361097157719439942416727710387724004471233817871801154934937724416505323872105885653542757255153795323499929096117684176321672462905616309524951291692423368837127104410201434965269913386563512151583767524096056464996393390943135427579
213 591584199255689328882270121193631984492402718115525474195291894215970393699975451098433769593258830775295920995279666625942321820902403865707738044508444512938465726438656111132187939964852323649501900456367762956889133588791379010408386818337198320474528009668032315036830470512922309845943716359
214 32750602564508499444193541130105574887381166420152959199723624357900567689376744955724090835897144803371110169536274854252220202149475356748916616810343269410036629216793813739420503521291193494929844146377788346825324082442101145425058675984845616058916899808883735762326331654476205334873877126609
215 1695472332034366903926488789605447784692190012433727983482600821927259928951369616787929926485261841283213063859277648098567868903568966022266400954829339308834937512061787898182089404087808039919798343354317454732352439476229431118173469128365851703831477492614817831882802449396534587065621171058429
216 94543984766544781406694836495056501492853307704916860961049718046765063224437635448699383378001928400196429458111900049084736903760325436070836699643723433714712187250044277411161568857384725661514123271527360548873816620397215966261313205606177902003450586545054860443877243782510766166686504392716675
217 4932283941532314850982543605226772775896578734726627698981265146727012783834573079457786120067277486303694213937073710835700422670646533866396273879764317971726484283155642642818908298544430706099409734083940909572758351900608382976415935412732514286326728115077140798900428715635485746804938417515857503
218 277015780763953633309787044870354637777633114597184358329981443573509562077278915887903655960838717166951878828103719435525985003253622210824854017363647515061458985884821826298594624055869638296174771194513417116668548754436507944870392441650416955057987004120212748258954931594257386956330825933950568169
219 14562338548552551002898625172216018249493552885716495206178132992191547776905666445120684125178183571919397195188157486980878072790341927910817236485500203514948886233686585681309655039254596539394886159722274267614239010227133011929990014249455955201166343675302903949874866382746525287170658588462031156101
220 823709475994129407760477826659477159641507989140418845449976450847399329317557114409071912230851975077294206406221456017208386667515190167150468333360453342835778279052622217234914307312047924549252816982189397803296899292384012276137529114330682948545648665228228810574804444121105553436430969592271192326155
221 43629813916065610857165937115416175911197842906030582944419566548369131305246694673303056807175124056568646018990057384260343195038946255444044974944087035148625221713868415112437841221905338510969425576623296365435844783372170448483399399121379025518883174215119892755350895899936348846121924566282866802580151
222 2485344041885691918232139514853322275906737284010591002465143434390433010959248832604604670546624312921225836438148864540530648364096356971596411844042166856372875214952016071209958864878598633125589464686571953594739917951297841630405929172511146081271634985502743426661069716522329669564239764079946601224716673
223 132632291685399982293031615395485744102972388253112028820913625028547851347082346172880529232292589732188401401784509013030707068491381829834258688365264687061869345202890277854779900625744229371616997242583212326161148833625387390538607433957838346677720868470956973303254921724272672390716085050944163875650757517
224 7608285738788607346683658341191003631421173769232503698004798870537520073058195321984412576953031293366078330846080727161742359533731208684931153797132698728862199133699850521694214283470091890966312561874280742978942437670154667521378193905541512683013273583211202436947747193226797040748773189553908139027704006291
225 409048048986043806575737798140115494491070083855686388136108015536658150918713007448890932606513144592007294042390274685044901754843795016064961806653452728723874064713702669831177722120196477512888099537686595282295654248174376909388659526822211236645702971137742271924243259411895233130684437553295761045726622859279
226 23627668121712551840463279158758026975224894755101977472029725567665193682356632529250101284570331527032192524238635850455543712016091296112318351258329838410487146219840407107716310767062880188889303320104388359145603624435776854176789898756706042597037957097766710110194810629253603595570648850050136326289259574385305
227 1279690441450772669867690093597993960097505431609228336566704895851694257081064749886714929273678077531643222045840067712418165286139050882301106240315231598645578009566302350755010021717902578344800854897075093564197912959762326386421478161055433286462082068707643772165556469322439896104306233660928881318605872810060309
228 74427853859878067853257850143268350149430457346263117461299542494106412096029534001648739628879647331797359642199468019718210911272359126293162164200854457060772676044609348086875350434004627733164317794213223033591032229601048421018211872603799404979001249758748641923265070622770999904079521077881452814284683971817346075
229 4060583132487413905671818454812829867512610296522389445451670950098629283112510073769284948030428660218121757948670721992715364118505555020215769307500717565262550940412458488594703114229119535484815114222756054408675787513733479594904643953511203125302296279329493939345347526927969290548716361970359068476177565322983759719
230 237781721171336517649501222020344600009576982101210649239506704923794927799836749158530481674188946749632694539765230957435890408228438519031212509915526324866378019046682926591722187021096466710945034511686178361461712125513600844152041589253347928783748867963001398263297434235505600925835605643808904062758869598946276912945
231 13066912875558537577102992153305287583065228756183367032920232429814917238331251184347820698206789080450458259991002623853661930738682166648837179045865105338343379041899220057480434341347888419320997462738811966061801199595953775586565521258548253674742097104971091581728103493206047593462461140795006301854941761967993562171933
232 770368309677922848962417035987562158980796768918197525779451325475239436542498858078636452093894785360858546065476093463976756977012048692885993351084041369170820394574467823202484955938727448678847593813840543621875765182728534304113740147517989321553346271000072789429453323828504781590857496879713151355962083052812339971094435
233 42639077279109893887997929740534125185690970148450036088649781676626204123285773252600738075963916530844480604043163699681189841352800915837931424384260418753693325308017221995590441631175057315649975125828152545952638268480395433435476579449705854837038809354001707352455100003916771400440770974025421182620926910924141841788187071
234 2530724246611112949639663283362596129637032596429641478654257219192975536775665228757925491317149101980048660421285480142642637282713301600302785672283029842253815612336975587490321470603924499068139560633094783754951839503873798947879452869766417038633932657828686286970044798734364009810621408978439792753748122530992077955059256393
235 141072632585304880501042466842863655760387474088393221595635415750201402094970591366073294796739572527428531209416682584278100906526674727372253544378978852842167919053144960489018586805976405226328579645541645724937649683202957635031849121206963148433576913782468110970692954428224462534978934351351807336087781447913211056205110331045
236 8428844890857018469913995399552411496728508202595277215142599222755025232975360285913031361517989801234808833134713818269198416609683945697179411787643166428365014959143627506653659747024704712593779506672609215770470358861647403758917173613362739331611231641796703923368083197272108223137450027317842601704502043582231684048844621733931
237 473182531444340101124742926075208154863934751433209241306412956000532733926997842540672520628392343119339531244076293907187829057528053316626873572301966549919755348205114151700040417977816590360403892701342584694699583787397212347491407867443212067131971827734433081183282518339123706929228986996069090027002116895715886782589122668716055
238 28458976936451818520323405730635514685596353511866252435530630592159155743420976187344176847454113631220122948869518022912199609942225649365500685774894960686994152161526482383331825910687828554564477154714619683637404241720817292761103637526547515672956667075178565418518785219035193180363626318573733427759950417766827023974367331805449953
239 1608856076280233688141307757485823877918261447592822512917035207968305678280993868835070894472238668580863876287212849463320119082307787276828870237807292285591929675261330993215621037709755461288655463095321798640375632550928495778786012698447011023048398965149441429893445482583519695404435389127147981586543427623339630674155434902748365485
240 97398094399842479158560942169190747373935460279301580999348112449847274019892086919424564492379032067322847733714434048634257219691565249282475330264212783098212557512764190953481291039722404816711901598369965401776313016414342854741259166238234306386463942527610145557255141241443259192593932169949177094252476188236955860881518163113450028211
241 5544477646967908531602722870503638496957624240921016507025810434895382208250717257754451762024424085033029174892522517637037356219587608022168513204487550575930326917938933430971476121026261541101065281607293209744677858536167440192325488645469167295987153202053798656086352076563110593704703373775112255531995924503709598829193391985552605979503
242 337842546123456450539138021866884269025012086197079090444205382287036902817968747229485040105730979474156399716802632640770188264815362136194058805395511857776332034495494701592048618082905585534253886803982900215945662249799259596338371966009975040955888030626051444853380074591652369246732805047548955787356557341256551871794632230761552277521401
243 19364763229277131838664244250689207082388654827389089041153658276420326153028754383797441402598960318949621274243550891559278754353120666875166913773403584325458139462978122109456234571950731935561697473207598039344763414699246168641673029836833741999191780981761313309125070887332398659526519466543275284723852858426617030645200445730396408343437621
244 1187584284715121464129553610424795675075107143309590661749758563295672454562006912760166133969207145960749361782630572791255243491444942212600475879936614303190413151767841226018616630749122826235950737628226779214428236979646154376042013014709011395105981319040826539097490237103590631141589682137104641258451681066445535074279146203231826363899878459
245 68537107779998192067354613619211494354317113957919330518797010016258449875196157938655488290458415212683319654626054643234007728676803226170428390343952772728851911289386760733103776296795955750124181009768986398813338176242414415675186586810345927236090655141581904570430269278313981043734888860992926248872656388546390151678685599383248764536798225607
246 4230142716247286223238386774903554576875374112715827874600917745219998266053692414177641064572603768448989479503999803941960013548095106630811172812252633324711813276567411594033169964817189194821692347813711286496565577034143822829615580700272633110139662938595483449112519904944936306180216023254716072276738457699292384816029070621593354963332399433873
247 245785372989979095267457985769562447886095708095789077163918364606890251909623298013707181395004437763794772277156400721682705214914708179820146385206619146442214464466942005529676355985560172802124373267079425344365030799009130820991316825076245776516263195844248935813517506377579522710179623727117932016584929527516747142125995271147258002643602407269693
248 15266555475688146226156747608828012835516774000540119458039549856956206950614523651955187795112867947086352117991738563457374335735537975571653271421647492682653887309140370400907752368670119943249596112990280133965155713293289255388568184386832649502388136283556005803138243749066881813363999829251016954883280304176930858764307295997206157408916717949177283
249 893014148702598311592835448764283063928084737785594321616258872885731467462980115027157565056942728649474527828382564042814173791118530579587004273185554459872952305417963780176653638678203775881097009029731677261108764920034633757784022713130135650561842311558054873744441101363206384363792292190117808226946537702880861540602979185895370442112170223075613983
250 55818512353934372633857718213661580592388470598554548299156500265266753174973417856904763751062793085874961084916165625349703270948548108985086642063480055017310948700819161395903575565131587720141859077780548630236401345680735776122747544930399825870319608257043730332473389228309581624032679438472612043473696253407647477884736318641082031123039597328832653737
251 3286917163021317190568238597746786724878190403720634258106729198754471662283733414961903793895797888145638383786164365796230743845660515028696751812146723933310728195225797962516293253791579577862923007366755260602576269053577512162812752777879829869390866775385228233695489172266061614883833388424354631973657831378742523851848942594688707257756844779438525305285
252 206739280153296220303570043489990446007765210524108350084069098140704839641110692552741170727703639164966669736730226545177285358415686596579672073337024948539030668928244513392866684095992547758819393156766785802253159338176850758428645837029926625972551483153866699126461815645990160094414057551733614759686880574396400694782168729281499205352134275659183823355979
253 12254738362901520279932162232079563528438933801375513921880683049199187479242086257201336250627007964649436511703619463559509642015431581166163533672240056001078050898220581555392217272270382721713001416492612630025008415905140526002537990022510814845335801829162722315410976746521706552172796898195342027949635856323659292448985184509366703697907270891050961081693559
254 775590266807922525794774666192461154621170790347637204180278580773187273440697441868899813950366439449297420748905031199572961152016687150824487838894011337246443380548108882330987833466708993601455301606206348400999115123393302846875485814387519782929930511956597655154083823373007770388228799588363635684821195881394703308645929821483735980887428515686370482631885889
255 46276618062460691822278957987886350011454274594842957652970171939253007098203155317094796956659460014526600805457246254947083349645633057758536985779583297640260748228452133178985202933686797748160224381803566539194743544553586444121832206040152002288694587291332761388865654968684947672140698490178126073772946397148282829733921982489531864060436654896320841988475603405
256 2946890740355152615311830291840528254406914780945478471986680440476209747311885106777326430631970901695609365348197840524219430917151879580288843930158101337159108598625698421634999432503325380657822538434603722262195888841300517747706582798396635467510454425919223413120228777078140725286805660327320354216964235320421456738199732442798729119582718375922701773127332160211
257 176978104394239117950843146923072194779169199929075501515424280965655248538402870104363738006045461764150671160759471537553932349414206447561716047503586698447368339260414947624825043908962909683293180878901896364717081591968607343760214655930669664553166346615680408308127167401271473068465242162971452986595739721139931901525723577154932768733819216273446878971337086805711
258 11339043508700209131793652448878559174718000563794873024710499165807559486665264988822348609371780821950752297555640631869671541444944526131256855997288919330872176638929179926813343411605480919460604032032886517494298520177455986022623811455688274142189803919882195225893965390989605343339180214621237979630651878923767791891392668595689877514282866223747685489357140670899545
259 685388056491568832680078727618474839213061706535558704516230452053048154951823342758442369950123079704866505831192457951162802180242904348253965030022869366111111043724471859966512961748128719580420972468341041112035592062682220433193117182364360417176262723927032628191708757223839843250901625869207119147290861359424972088461454932159580419716744867241572698889720833415655509
260 44180285128099599830259622385654729386533100347702155732007479533381130229195216943657083163754426257667707409337473255232581031595795752844660271349037061215424194470125761954028661101868943639483940663768429772316832794434730003953328947219655958035222657490811830148360548368597890373720731913265067347326100157631016211165013727552738221013199231456632372439659192383716738139
261 2687645129878948456627397105858370937279609436708317105444820516940185751014068790295766306703869090055090662715483515870764002564779214993396460436205522480030527680107868635432153253985475667813184364252935331747082250953761152415671723134458669353899788851605679999795917107379899287752429860162424263897104092693207280780162450479027182473409771432289513635720891683730548890151
262 174292993896958927153805573661850409374244615779071392969229279181401695782741719289008952964003825562139775820597250221427079601344428276327564591030868145884995412380032864250598532837764601033596619428929992069435146968228467914248323557125304995941112719830027951392222770245429916947562319883858001797753830388947142646873232968993923404992179898457491691159765955932984825702897
263 10670521847195933812798483201460405054894151716477641997507921095320779503040166686010071060993302149020988558423450722300273853467006959205192393257043943474372055434020639620303194484729567363055721685073714697474136478362972092216212790038807009293351426064468723240145199246579772795805685798625419672227844859940737534753700173555845311515491445635526869510625972217126435680798813
264 696130863943572390085221182241905947978113768450068718949454054274229948407888397361629782934932691473121818963058135181868586890208549604654658602388642965284015638650811519810394113441292139765690826040409534164955752905715763346831477999972774506250244103327720003709089806179855319574543451215643952041417738867340577835156118891676173388175265135943971309607931048435689051634316259
265 42888244734882651180246866286496877088170679588513725144999045890699313745168349347062348127956017219060247144394583783211309103754213936086437070509844861407378575043271671642947057887054785779262839241364678026502269584209363295473705535614915516235949297424403258895668060575583911083291272690247444555089660515127461820685600810443839198353307045454573988521452599866059270460440823935
266 2814635765541600286917093673733535665327125715316685697246745768789713625574626246360476729858555773010299536478146908514531855610856271044849580354158715385579371402024677135040892297466147256715907875560808413816565798294186841510159034488552143231275761829593997680629492992910584951923214125779222899266817828018990548246489200466237197625202281191067960496234912750031512332267879309065
267 174498172773983866046504824595728519304712530551153583818824584235610427749450536492013208315646356555336943653344486855877995205559555580712080831866872163403932435172504104082831489061852974592955798437700819865983059559372011529454464852393236187740772047284570472664212221214054528194895443602913602067977293511318292207976808868070609206285555304789606442790614611924042722516989732590821
268 11519543103495162680724187871830347604998293318465936151307488647505758041592161290000639487285925118948771456338679079401443930413054388288730324776499354382425331605736234979541738151157492061020817990734881317959704348828236611162500372368377879823244823349329803366768692273388132867405131033855655439724947737175082425108304679745382660074497526565349903567253568940823122520220295351935083
269 718629732365942916664734501958204255843746370090788444071851896989533162522788377147303645183249508261168817575712158505347910124272314846804389239783509157002060726886427345572385728264350880310037915595352605154702965412836336579405986041970757650969585167553731764801414486467024838350938624768110764764772308276472208378290119279189421618869508073555238309412857456492639723267122877592132311
270 47719072664193226471832868384584406387445644071187651638744670108848125094499380646655851476861152944881968064059938451343693082184980705812532987321191812886967404951553304817925506744697943726820540504812897209733605361528399595023964669901789515199916962253764894630298587231662250799130486687946763189316995165007348635603642721356199878557035287201724857364448987313500844275272652094234616225
271 2995321277897704587984766030330647544757098220685219661678055633375802166053494195230153378833017100696346824959272482990027516987344117358856178791466387652917780110493939626768267943170803924916019127122794687309820251875176761627768402256813215517295613084805357876485397404407897858849861515156813477869732043717343907787649145771237470228118865044416692523538382718313326449598943642400759642349
272 200057540959668677976191022605118857682963012453759362111345047185341953569266818347174712335605042877234509672870839240587627032607643235862828892221839180112228037558844909729476305431758318541460015059685503179294748893660757157891776203183772938585143183892036597956284829373147138645846968748741800190999450709686390256272454461128080593008166702351593257393480704118394462557623374140510846548211
273 12634799768039199092046693944680090934152704235005921315470353468015503315445910842857651043382028541221967553303216791763078447128233603656355706436324813963920092685433298507869905728017757701304718291602333984740119975545930465447330157692278773833114547288703564261687369547079230808488752030046410586436883618554937833573045703771293154246495482745295032265034550646813246497486606816032455059081775
274 848764266066894545809915800667331007984128086256336218587262508251705380250144512221730097651839863991898038588662133329429428961839124473813735705894187431438449028267181362728137785088729567963589415478455014527107683477849381295096354446099199469769830288696614395663440825091241553461383021245679304668311382723246875745938852989259347698598326077461564940840066545847858052971170728729384621427588793
275 53931606985500689826385093229921518317920890012558163428328814792448818023422577483033340959379883718383008967903007828553697208517986396588382698292425420908003987943885936632725598101555360728337585552739197026938650215634079910600035887725493075057047145617140985934913208107076904419930847871379655193383856408911714434295379354629713268247639266525545142109543010474464691529249997162591826269553055605
276 3643779138000713729439015790802706313618506447511029335631917015740595995093021986519144319164174259992466438633441948947402211324398023499690955025665096048212170638744204549270606413298563818061828808066401439164812186861768794661147513831191023711614083090402699487278390022214733901163557529222785565400105827777177983076558497495116154050077049675478526301527711995408964516919853803655631882524611202171
277 232933658534016697977167603661869197721585699895635884894906038201259741148110282427813479224093439024451249037224745965430925300257991959340897163937503620634717676934720148551755828018301016010881114383624374922806297225915910580595579067538732318998177701153366712778104564711671205662666958883812989758826584919180234424301135942877695975491662447256604957010663690965454320469752009007208700650133554462599
278 15827556931228253832391045641307096973941782729217743224032992556736750931126678028296835085867222847860936207356150749394097221523166028310504847371563482802667232856492676262819972668325772441435114337609234080546255359800221042812609263210935616477991850205192156520374617150514823119870671712727589270316744892113682301799849194122066739934659449729522388865088352909865553584086865121164457791144293963666257
279 1017886558157704625322538627832187335905354748098252004490603046073938187725547521326267908536471689900881740859709856556157789657242101971142587662666590767192956617267764434233251391101308401003676737851347500271771621989713139814046903792639744759008541764344875401477709015362330136224424513541079830678849014355409888025347549606098709676204306927103001126716592527805484235955037812559944166407719069332321149
280 69556415697929563543879399991827730168901860199131438250702570565828254568377396373155790591057612898547012963210034060570759422502145649503334120654960123471665455113076609437909391394259018834825988809898600646444724232750817381191032018772365464382776338275845412056858148991550884235721970922060080519461009551107068824194195822478963258641498162970260364837436820040203785248893852942590935580302794280930044419
281 4499969907863050412544891002353361128291373466712328436620104616660843511793095852848769961072241039355172192267373391143104103445148288098061681462474663542732152355240131004261650178964566141025370248817743454545090573034380405647008798946612753680427287892911243034806981372102380732738648693745992762531977333281473285551993872228043390023066815473168759941103091881317181521151591278952288734370674001505927082975
282 309233872531499489020674076440779622167494738721354090410673703452083630783993983796801665251796240281268170920675900314791287370537151296147974589768654793521986512649845654543004615469386266773917947142137465918844861511134950902099275023164206938125909904069231778204361428594496522995314082627047221555174853512395502046646590956895192796808845207943926205285266479973255113359690831401455174849483027707871126940777
283 20124647517600665617321081283058468569550825236407742790658121895031860147493351812697092391886736441165866053675563437596811519860351038093377210670503313842778773512501748626332531149148182945522174308289041802505085570056663726998680224339504050001492762307457889189459409485649036484266603539146149845974235651882517511629554029591925359203505698034172128357321649445604401576815602498040492357852266928806279327436805
284 1390685886769432580479741075321461348366251210375779347944472672528814460531764148639472999505016349657940133316304213961585209351543815514804378667857220874651825079290623885873035613363045826205555523791501621682327049898550325248883565300236771019880678282834981573979074097298126706695937569175026989344608342550608712633133661290652094177859281850649840953616320606805094329806798971314425405669883906828650831957917835
285 91037688133352916988471409902868835522514269425537524142211818770259036597936867289651334641009815794054470228620998784795795376148432258841064996250480116717238026962361273799827789015968925725461795836639480531803621764879314734033328944363052461992946986948843276910771399282907738925467674452533542068054510326807043439067736164926395385094743249607903131587003536003624373593298681509621419500412538330290692127587291191
286 6326000205033035965813454683967862281615712714763051756059063816904786667575319727445648923450668721880072892204509016502695632422758126904756423155746681520125256192189375912537522009407292670697970346393169262285244408019647870558758548372421383731089494693898948813767965561829374282143397043886406966690642939571934759027286050545333391226823185788272042892555919893742933411233486067540831596783643586065991491890995226369
287 416538084113747338967811150152514326746065573602268658565019444890702683060530451293663871530380442066573166420350736888210642488273835899001261787369854688102385392720312230721807401429001231999927271325013701745119445762560173418696578944777299109594913532019833959041497877955026581333044917062533138527693544417731230916649211737124478934638355244060744308595773736691380075082311732497613491787508650509002519042960278867981
288 29104090334712234540831145149218368845132442316031450601214749202367521481098741352151923627040096634547961599586853379960938634397424256435040372667715131840669451189130835859553325789126492909476662703225288274155707941273700166416657452213703756790257412201284224891918369580013565943182607874737983755349589024184669258406472270592165223446947895935885105554299039292732955353809370571124258513370419932386160552357231125937939
289 1927505018622955052707294737449938520918731703169672114759945476160098154313231026451399313566105686032650496333219855096234780918538660020716594684240276464246261496377146736069587021862689931722858279687513931675163669521473728646769601292771555362626039834939119466367616303296849214993459996546742463908872892190890453881690821838436606975856569280731612187392736702486774350057797113772380420103882610493146536027200274389306767
290 135416159874123341007658699991923881348764986473754296217832174539913256437349508969266722568175492192471312592935731403379222771674638356915336677258433894226219961912435332125491160245552770754561541593339052860486433009484652190673834810787723256931721618682364235873529771459669313886607599013356838499383658854861239802596869042601108584588577212900223102081858946900938854152564765968875726643671182614962885126817929077828472857
291 9020089120546631719208243768037021169551947098268183675861128907053872078982407119409417160670248735810342035438007860860483642906507112420228100005512659806246056182608320219929590880891841919449126386536924706819139810379243631994614131028868981401240410768203253969114330005271614174235419439240855726370222601949687671747635246492349782059559128970687025742768414718246973848900235520983098749640458476502638625020633295312976631445
292 637156330788245187219023143685054235035213190751081247715147764764669871360627743256482802294849113591855524542945416444555737286201440419845433516942886812341647139374385368981466555647046549010717703792983031276760611454893956347994432392319964599987219957941860848432673088630112043930925684284655585408351257922588009094576253403157214788205087527518812422904056990185077717657232338579832480657306685682590384428805283628805761430683
293 42684312424174215058511994157306853489199593342526150319060874295071707475572633571353690579119016119767710607775716937576317645867906086383013852776841788526947793034552911027253491934264626510654403601242809858709826911683199989988473063099225598342227737512120883641629106231703655620848408180175157647041886821376424927645568373732861728535127761377935878776224176082968466585443490943632196257256436545023948586275759995758302794290407
294 3031435979294738539671585186171883851256506331204590399387245770376936155162036229172265542055995424038123165001767523213197024624904030090011460942143386203151000591109997632827549604068179079006042557273326086629393453716956368592028113590986386280123562427502644288563940011268774381072168979889134366880898506311989236274322777994562398262183323238381780761805818882592117092535954056060370882981336646121833855711231946688575802737444017
295 204237730539393670634881951780300601109681712150429687105762341993406341725267169682796327261267729447814368807778114205155129959946522925977869865977541200522864735064990775927136819049077401771428155540433038510273726257726706996451045162123540873183457596266569419964595255370908652522871213895478137094813610956775227844908354580023616892029898774478768790656497246439042746137422742404273466332799557299505013817290858240136856562324809373
296 14582969304607175396855420502087297813957731189917478571529268463696145624907004455450290814153212321530316455261459342143330960869398432760309474786289670622511296602566585745748412008504079957604622945040810526644739019343335749598584549990283717225010075548889187050801078703984765392405994278716504080696531763328711062728455328113235355669202034608180721006983731803256537857502310655605959696411501721035004128185023152393454495291911745571
297 988057874560464886410421954190156620809686480498186751157223902873436988218455850560962852531199327082045063840283868580471464351976933405061192018631998775229385671769591217292337013627158329181692815611385588442812207091128610507513970361632506026000353559863271421264246984697576464275619745994817721674802946563740517962652496106261346455824575418154221412057273792526628675514038811376778271649717835210561626506123149359755483609204262002495
298 70926311921005942342686585528514336682093198778531026082611085863270484397065396208211603430463533434766231463367403918288370223223669632864733871741230263112408400245889116986823571416486155271507991236033671956811582062346480298700529073635914694068989672739178908834878474065114829361145326673904723820205502015346788516704988149521543292532503573986280144362211540922679959687233358206904747823282766084280636831500128115898634621663589059400137
299 4832550771188036911045398331971719175042812747428186974810729244494283057435526535580025756230762230269164223945378627058815278900787529652465944520259422053859005880417218876061139277504889425886608688780678137842674262522802858616843761911632387229056431404340449267610901068922794429632852784162178171238366757859890110253372309063101544414730360005511686164506660600749487478102517542335214260382757046387410461811620370640296674063320199989805861
300 348739991486666117235439865319133529348108542453970533355216882661292812469679410481192399818141822619873505816559291392659232981666909319512303488994876135276616989255091115776271753677628528823363088751583318514933369423204301605432673196490914728289585947307751272319292606435245330391760229193178729146531377956179279531185855062688169872731002679588109434727660593391996953999661419989105615687107856483759783768324132760315165355567272401902002347
301 23893920825129664317492125625370266355596782724134393060776824281787266434533285483433253573555139140570814833855772222671469017827673502369689833817642468064741769743696408391623366704176665980637989801511622077685399765619315821276699340570932062147947402832709946093395483732910831939776614751509706747046344843820424762776947148595439122683544929982301485752060547556363137206341974254420398350619597969954957811097600697596797267992123691095187920279
302 1733399206137545114910616517714254867326463393642235347894604428205452621570670333038275669441565568180895372111445172610080070653872102707080708795791618383855197363674814956772983479255079589207897024120564215745322118151888602169497890611400733011808060851692282353303583023374822190757417371939380817939970231248843371054654341926707876042781824857555546149663811658991625565929226305568185175408810841306460288490949020738923941820619976743222859207777
303 119422205107526760138662761888740685774154259268811430241137739778506975560014575790266338366367934540418645161575819702427889322902775209964415870466105589409676290994879500749757995139614363527920311305002599298369767085028381222436163027141060809782525067269216054102304571395715765384878394263417067973201215490383645572250445294771139624018516446109248456215793847229650718215600055080477870350560659912080568368193878420121805492656360535041011143020333
304 8708990200460951675070079564105007679534822392176425798420367326315851571338866248883808389935967052609282760882570365824715723302770687611271857147338000303914518050190860443302738825720358010387202243630104513614748077950120493677143791921214655969909359638697887570161337554671100972586472390021404848255253450822183816603057980828977280811865773070970533777132979238366273797192567132317567073513315160408428293917629692552507076411939978580659482782037299
305 603308621809042078788598361893507034733136998878987381505054128497955056055009979215032080183641838336381458400872922331527507017752166678045091758427468038066336798157242998399521973578543504827389547185354463934658086993482269537460200798937701947404457976617189482331697140053271646282230894008808032554519909210131458564749298299178595400488257695337565860723466011487060731843496949952769657730834238432349826344660801957845099777661102530472923248423432431
306 44226204306396023789889813935514359548922975289651053366791938722466998993691836986267338687859937347825504494452051337810056626837658437952261882611033662988143462561172419881704147308906013355773843110302469637660710556926402835727515312385222105456607575639764888561413384301726237571592463352636273747683735023063775670768885159051682668179284595668633754564870222957175298384684370972021111389387366488886971133360542204497309498531960023264571104802774784377
307 3080500260874944270297619679577230796778257371529165001535354885522153270664892256775503996591550365683778773602148157369573662565567188188890510897601434920252391768819638919529975887596579914967088225616955897705927374452088601507367222282364907991024468748468455277484728587193035021307075699533351118973297031730017238122608025326667611698911492884210737031045990152032017612992713344307363810812352430335621588154966746676302885714407271893945897073545525063093
308 226989025784702705697459131563844347911676786041182499397134076727585153620246531173999734168822289898574102624649654792848767659408446438044335337176968335072456971661911315003146160024530330652804240861480585531850256902093032071269559741142690539778681788180563653416030330497252877961005888901386818445676160447420270579794484984163056273716223319266917234372240466138076040673343657922633590891271968933913891503822000247582199600308672119807684615188865772584123
309 15896485159806803672871521437536985121957375535076505656602079304496069005720133743389726594016484765108473603296689147877061674689756668816912039016766310058683659344522516222136869310256675395662701992717915458134523074292803379257149307635497821300219133698027664351113349958256553348890805637697072746688866366343315419590111894166306749637599804881600843307637704034491616668379890951576091115129445217752684446282268213289909812585950936831932551118246517143509575
310 1177373952510698566421091504287978620291055968164790342238017158291551973283574777581577184345629552993903704017289592624953599089289518462364470661950372144992039650434879380749592684224687165566087498827799901945809137201810600629902412496660406548334234276180461361593637964263179164788162505910225255622192970778747578947419036504189496120053494477070742922137326587243741819941210453114589080802464688337771988691815236424145924817464263439638109753165264494884371985
311 82899201322580535640674650477178646306209599834071218927506747826196007165110973848015419447421315020752887057445083973486974862152210750212159022868546321591832100648109216252035104598377348836656568377573913599286557836998409196823279996634722079231101821336729618086215162917052045702262534795017821173880295892947634554467907130887506639309796053580854690460695404923738623404462674122407478832311514014531983545606901352922507993060988566563320547457030404173144646077
312 6171344120877786590926968123930541758949721932300183973077513905284583318187219164459673974749409971046596686085356985201520191185126527920876294841952028948733964178037714486787313016524011386622515504353711460680382787697076256346297233015226278868172387635625009222682460491881313634449414896642141089149094700397800490161862143908835245382066823450298240890423540980292912306913239137946334105392319479644804838096642020073772610787872084598444793893144537779491678438979
313 436858270253471874225904461935480810373924069631637246206008501606860007041209818600009003688151892468001314009880409026029011368788706790695284047663792763633687265204988329617461145034332225564404575981244475998241275286838316419902769234919579741863096081166233801963651033426559258326816089248442595942094387421306019242814642711692021181721727208699885939419324344775354756792889749481892183894771593049713994765073682332040210103210213572650249961879412511738635495934623
314 32686818289039129312973744705212791251798801197646464492259389013849317869627395101013622085005322255242422306201057252814972866855798570333845452187186082048754683987247299204365068115354300024398600734729829669577623895758519205257387226986118724883097381839950014747041002214637736063690184351079524990358366808276372728490977171267000321512896377548217735740223656643823945522471829838393189405438069541319212356618714056623577155757429653132570627001168551535725952409095977
315 2326182101295317413837218301307649111753195223414667452602095835080666137111456989462091862299720789736300942584073895669938328075855621156926225208411636489252214980882784012295144174856048805307420078943606136298937305371517697292637070332015327567812865237398080124984602221916860585446395424368045566468313043030314631509480257314542319605104402347506425763197454423679228616739294874883724654737973279539019606509200618074499434346382025370213991490038780701538889770834570821
316 174930362933413514488466236007716860133318365081645053912290466427840842952370161339851433959575176057683116333111490906721239681642777268715069680530128511180716804318165233482042608293596483020424843423272531883177570965881084910038064923192084498670296870909454389834280237242168282361877295545795096302360422532404545475818315431503372654735001060339205229166791238964131474656890270479563976702972433472711824902320305536430800683293009183664119326426750697117141504021901377739
317 12515035711356234349246747339294956341107214437692227275066445491938321257422782428390263248530698827570423030213139731195903010522956208212463310959507328351502079134262378179876854406240521675399105748079919653443268790677725666167038627878086983318028645605601148211194371231503945496298525661856272684149302151752968966667677474863624340537512226311405776433008320510432190695453659939873344955362830417505711203354141894008426370752295795211890306277017524743432623738772833397495
318 945866563953251106270669716295836252461709776512619988500644252350159083312794631701013983822937153923742752383826363942315825763052941497440831507763215323221813222651711833424031285018569943855944129661495008156448680727852440534559447039236178358048399084980715663805760533113219056065633745684991464425329384178410436280005173332507447410636207689274227337469424117665582632652821699088449096260791620739192506945950068362139712153746834938465739910207452544690195140393645539666369
319 68026536086837140380213909779670828126084922420675437206447054485121432491293744937356768989301635551865411523793689365950651312978387984823181941736038986469404516071818488920170101254339837280793080070641549737583728607677799614280078960146387186982500390502471120083596358146058387907962695492984131678264301129086015044330018821420126313538807849343418043951361211934601584409826188874867606031126670745077816142521729882002093956311593365308054982804756451313224459892349761728738893
320 5167012133195542168881100356963173162959689902866881887388700911425098581441027514217169566825748543762421793528857203655203851098145062195356735030077581395742645194617007778340462660237200394039553049439676247545004004307019076604925298305949719777943641253825574950163136358102356327103028088867851514868465427032482054176373278297660807110400742182852982125581134725287174781850041710907619886048420214974492856650716348555516943036063326672269674350186216796933859078953118502656924499
321 373555798893471116776644695942061065119918850276730269409315816020215127003974443551941495044439676021891465263074563218411677711276754810110305801615073129224591070144558637030610612116903501327038982423193377041019272093318337730390548344830400111946252391286322572543761483519159791058374973245547811659028450527050886923373634701892140379368006400398671512043636101127987839772058830165383113898769933817606420033063143865824625306986715915138908823290680885592160125882604845858609787983
322 28514591662122653895525995607872782843817783982268824548596566471622866415206467230947012700760360695242077987793237248760257541601831650287530283063356766396658152826855518150687520811362776873736346789086295291437354746374133683292217751817972038328129926721188274699010668407060207111246738272684941726519055456560164700846633290382732296042723234432070685508717706799825034119383351117647912862867065014381055052781484616741135741519413144808585366812885086496487377235517428331787982740185
323 2072224382147654894443858125315136515838779479799918016258981821303824935912031908641442158601279661131289236750895779128829929958339177974917865289937320032612874720211364594376073386143833693538554836019094142531161713168021572899602458660412791045885290701099028909010259563229526035105671407126063886226907961002100597094043691801897982178563297790771084740153198042070942276867453233844183657952844439582105082133514734293270425066575477625768563222489326280599863483062419988810101972393173
324 158959454087507656776724358412306973120719415526635708259506109495724403597865388501197085857190620095408271801028746546982971946374337544439077651648251948340964366126084614911188608799289575660959580746050911801824717351818008903233429326687687367106162530002342927256576024406443471314700702268563500870836010392293432924280634380852111349432137787101814279986516499318026752658247018016534934912344625241845617366577983715370676133220549798565280105880703791837284777531314114703839535873926363
325 11611701990996597663941034365972269242404759597092013836350810355679601717745321869913711671624908894309503235441981992700242892883033513421106540953376253355008978574566954469572613270823787213750550575835037611867651127989597881353783353732333726726397035229987633708335762579869783065937170751948504457735408154383905076246276049139151402560145385114580414957034737620442874871159439797417615424096161114435038536196615280133302876007784027665725554778022743605649173751429199732214281298756849575
326 895098609843559402579870788394402641226910507814352932184186176125355812654869304241040154201470496977349210278481086547109152552938754806490836931157248408811873872900643744052085902888358536563322905346616145367346025133976931058708158019223260390354016009139056751158213153385152199813148307737339852646927355210055104767897081178893153283152853831821121178277061627596515370087020120927937445048594661983047588590332621473777769223180493786657128438605736371176323630810156894072069687151496937329
327 65721389931430336004850634230997655472572926161740081967595960178655009654439376156656223924391622995085016202547279095200391426773530569615699288502015987322987117304196028227780714818184090303655303214263316191409946938892726190886644796858996647249325949915697193718886587401762131774982908568810699949930478224815509097479068309783154968534010262757528455510930936242732113113202886891579717777773076927641719510659708698115456567667674382247310778339918229564994471186566206931104111763154262926557
328 5090902919408685770115834501912676700288140307714184922085273787958347802501667315085656873837899677362399310846574614581609938928116842903663301254130961361668522758205999285460100666298721610078918980443819311468292406354774526209603057091612874841164260634009552349459295615464706809424425491066260019283466161695642879161816189470078688988434351786716863635383924221449028261736196219571289546494576476330890063316816274977794228364237382506441149596579794038175088934340247517403315025264816609946723
329 375702095662503467498507276847964103156115170710937137033566570525531785625596967378593699614949436986299667732018647261238312254422220942989678848270311076566836030181817957250938569860039575448409145821257235841023890374346563094346728372185035156711347306921288349375215122283646990716776224945104720544076787662312486329063241635379952877494627330298939175984279722276061257538521876484050109580675618614479895858919998602121021655021264374344319418236215172413792576178429423451298951886749493979444735
330 29243716742581265777354939761203573019684505533215287634585980447312270870888433132839111458382189752301990491416877635900586659351857347487382331788390739767230278635553687968718526514367931002423603460832931988399420999746660397474741113232731753813976290521897089560229195684707885080195625993701078839081081004192847728762755022958990793936367962484634996949392783478020046126081476434986919960094506662376327791420626968529019662772789779111906262351794647019232373566075333935546944673493243921323385993
331 2169107541762318687225682669541758703617424361234196792805948819302629833239851982989455964254961235923487017062891687740810204090352321080508104828347137816543131471159575491684124523314701256081285420490419824520140053605505681572981440025278523821682722312141981511505405455507679961936911219062766521760937390452005361595228764274397443818097279048874303946487931019895901177739789508890886432711443058059139922457728447086147983887686134849930875263971078683508840681332149026930870856323949360117450887525
332 169651949270857467766004905203075228272360586229362128497662091102364822606017848985511001523351588842005624182525310475626418466943240337026310840497571758268886804406414891032626008571903399274754810749175900784542475891111515307378710579665803570077309562868930789618365789608587675027959551048951866478429338041993543017248000502371823638500179865318788675016590317444401992871826724735013621630454471617865061592253821589715385715349403109546281897134839610580106852768961524492180332373864424155292940706027
333 12647189044898696636938545889840281882533223820901405785861216356851984172278573077297208492685081397910728909725658142082244271206036132286004225860510326258634724420170378719094962336119133088100795856324772750230692832374186466022241881548286783924982883325928355841889554213083988905738713634241094789113587747678162927919894354228990103126574480336464519847787083597650490555138893585500588098171405918177830909300739613280861912645859408244060887647577673324114832399253683715491302212376063488405178252136535
334 993913709958422967672820977062162163871995370323205195107313794558412457545735123861202010479518235272410302029528386435602096551763988101781637504153802382520532383153058662712110632538176736042416296098106462854360835688174123267671312709724952315888850316100538630124977975731221049701298698649360615515505860354666788638838958821124695536462489959717232738574947671332503536614201021089141984275327342523719012385451217806193873842194982376048728048806088296066202776295784294268094945785981211692778990803412769
335 74465920264511057220578386223588781905515643355520104342046851987443172807957356167705279812243793853637105792258158436082928731806004179389766529406681274040425560468836673424335788048775513919675875348462550661376954418735942023875128241896639609713667651636252521194636121137266321083369918602236775968919414947384449123624588211582414324385552525826735324398851930794521566294417701500518048172735994849206928134629337917134059957356908253396991370638838056691834470510369711413559189894550376164916921130035201389
336 5880000370106953442010436202677051922414896581352653081645355220731285768738565018994493973316354029484289715080208889014239978581750722399078692210402508756540035624180139522059950174014493234515486058623650624625125191574598173326611332884322286152613747284992149853934471177846513658281815316192727655414651289862468709571962392920053868373267741547694712729344051525890407873271975954111000832535701052720866579989839081878583199916283710468600655418547094927714052967839321000361523030469822937732221190978161357171
337 442738401220141219031023117981128314535643774824607806586595542226202627294914323105657570932726724424122311931078274190776942100225499258142942611761681330291585572198893830758325277555090992844438814648551011752803662607343354599258582119978959856629110340042053192824143459698602586266682339487305498128035346435805241396806258705719680603437207013971436471373584798043958635626940824938112249295626420447441328817170481982604361476004475798245122419591940410347577313103308043685655431578430692603429708025442351634351
338 35125333893794287634582367655363164717024553813741859474158891211928786356717636018912089142033861706403813855677400503839376166182723941963528240554481934602467772978790041954498452552954457951726386181791680966707286256935020978052372387034351806226460764746543876470754102486576284628432938119406755793074005340388689120484115227261412971203287886266472048296772971104619507951988353484969971380789332050711160446740732331048173227359620620092101484431181861025044579352909245214004231895566805858975071661511424143660089
339 2657900053034024449062413793899999378354081601878327339780594634975079850123289599540189692230598303239442504001454746985476058941272323721834879054812953296148359837413659698778908538682380273196814964485909039580102906969240318315016804619708626194476921290698263205905101057028897221361939448343413005990273091040040459661191322590257991655631682159375523940906131608637532629626982546923169746559800373768614651611911818267656162235228331690550571534889840069884553355172259194588525043119373112166086601345035144136549365
340 211862395478241225581218039808840901173221206916630148507747119398461667247445035720840419177114649906478760311076795781192388393588939589020239469334299355408913928416449273535537595797275183808322696796526525310586307141811545247626931301435313974843881141354997706967776191524743790428250309228696303363839212327047776982407340967862055962417182696898802177442766053721570436973167463782101847576664975279809882131410126160638716157200172184298399193815292703224296289618196758540852667870681438977437715766759591741240454395
341 16110460056205120693059797669728450151066094077272059569314641771528755116208044317454592772688608560022377951054013327025466991652246338032283757673043194806210750763169023913786470107832885881612252521371293471396190453271701911770733185779425031007815244729550458394409003417418475917860107417765099247869294335922633430749756456478795912880573202855797347496138943390622295165872449375387878227956597877365687960936201696769944580850063994109803155424228816241634393526376806217174483612057731685316185449131961691560239232263
342 1290190253138802659679512563961666244009678958230861202380839753784244389005552033582123917957126149993521901818892947588351928763393111692279266878123039079527075311510560619109668363622808403205218393563608783405746361024941588658710429329294923077133962971265283187897347011211321571798401348350649922449629650311553957406945657075714485585055602126489521961321751799915186178001516057097764531891994319256832251966192721681112187800402171997109070957018236712466334243702746067505514054075273323721463191976116528928946658379985
343 98589662324524316321008331881960412123331283741102279311038202520202787263841061554280625822176024917459224031863341672471260572901998916874028456164577702221870876664118398359456517037106576144598699159664191571423588302615133819628793816615273311159809813054212110711139543649760057093359112065538275108207276679148241654891061355397271528277483220650575766642648947734518919517482802284594385527875820263616944027706361571757505092449561896146664480354443671889704129367890132149544491053914494131164141910586052453948330620956669
344 7932252325388301665773448638751979758945162457038856498436024513726649276971541466446987833823201324924795873054190930866592712889782164633131155494612942587623288900606707172398147096044300495545440306393812966906584131070291591223724644612062716218489187631144071888025254661697010846450114040620798442397617380778532660129437064264519781019760227900679582551668422876956775854544701080418331269540585236632927157006146869305965772099531542970450823535628959376313104604101658824228573412192296274896690146249972562063021796410057347
345 609095685466221825951368487468368015104575146123254319484402705758122697407837387831734283869111177559594153064635162694817874076975487920149330805379353886823789444091375572086569305666795202940467896511842678909106522894879467825941212846985134238032598990439078797750878726645993995850235902876158473088061174449357758403639745815492491630039633897335174205516384726228973854648361445543147031132410014429745977053124522602688651522936333406756279309221724330479298212792762363192330131516602533945826812932353380449142089118019510623
346 49233290619845858511674674851304946873740242900252622121643363851331438568867013530484611655097466247652783529198255742148478979037253112188515718267480475966919161840417448706561500220906361995676723012764638974317138775368828213191124412257468460126917562537030781447728681507667833887394634030771222826581911781269376036876855367058540983842459649159983027061025388783932902236389282184243008731744072962933494245028414703715456159026715354826614976741232151720042349083698834222065069594954124429290552763857166610959631564080840118761
347 3798806811087759103273895409916790606577599353717900734266007288512359747903733315523416073149224002827467083205687161011219301982116032013993797514463071901017707128955689594374494685504446766464565702238379468384698866240352364867225886323952330809080027487763577028428185871583736403584888712140716834849054252340748812724663482346529012471977841382433995996165071013761492857225988821243486755155095082276253975198272760474824135881854353794301907428190756809471756838770779123743986262472291807603162227484437038516443441639026511015045
348 308473416263791170451991477868734469616193341211723914959961438651552198897049056353217162294517609853698550009627406805519493934214914181359429359493702459001216279469481805273327233724813610627459850383054389462593451635410764486929628953265034596544585080236137687581472596875696369285487603137189661014512403881250684867741658957557500944563620382371919627252462629896976380307542600184937089131854515626863443025289696388048964173436451564910541130267719964964748119606698446885360389933614850770218756424407569045412940064996920094097675
349 23916274446792907976226702806675686823812800819100207612779304639723340648038392288972834238201657600904532334674661637867969987572482212041004987780460256920491491653146596863846834749125756973542447833884901953101548474938622108695944923936652467685694232799553836118781381052948808859505252401854479615652813553551352792101656481132425557048870428385960726071649982010388289769284822004379514312864441913836455443034486321575482606176204752938478249712374161061116148690205513023007556217380467232334082828876091673707687479781737668044670391
350 1950969030052973304944961422487911693556150549659323719473564546795626407192434154153550289562964051941915587114476191585239913578677621822313444473001632727929643200624652491148732937075836717534245812789698283834780508410905471574364728930130081225813238409378451145097696092665739589783721703179413774256042887428317596356738163705309619837029387564503140932249868653888892262606528251522728484614474982762490780801396346816321802599034874810930382679873411596048412100888301011224196376748592052207324129196211694906446642652278486510026722433
351 151985387961608291903432070129514382598333346872824578084988331150664744425998199653164234632488083545886023689928539560873474150343034492817996084445881065873276653536954805014321660455621250680046027941612794025776649323275274717761862443321965485754419153142066913211422688021648690755874066075668378948173703948647374437579963942731923591591030014027831532886311327338051922838480900790629596128254182460574177336765470869081659932022432290815886473422686820435772955411419945784117942514716876377576143553197010495155238237674658478263205674125
352 12454727560147500466206471600633246323556419135761308199414092740708246092093304978075889254741889085403681049289331962979876652172319377553482312306251528973357273324660894775671649320279059704795602266050353795559550040029823466237991355126818590197157097193617186123007466600250652095762721942330636768951969077917051530635690273737889050426391030237890691567102578898207048018027959541643736323467227793307373892781053262509142774773527340550416835282522774541769914496586023662982905061133427967845753552718323911434704035267366517070414461417363
353 974876802986444816192175112994727233923559724323764868522583072445610305655084337027262894586918802279284163753527583771325645240653718185589728084983571539109997157355218873037453282306998717438864329176596061389067863712811605119260694848117958417941282071813801015445964322437065965841575573035335103848604439504312960892724386346429145442453153810182992240923284885840588206058788808350869647701824905777917360537502576128523918773811038091128240312211599171891851974921933348302300360722008038210546965454754776338109908862333399318313793925929743
354 80250368529497135395968293080377826700762259199956847994694245736364282173701540130487780550745520774532051751883425914911349539640117717701709098659371157655659369831517243454371744900026274119510118305073866351627299525164976420233372078490315654553604008936682026985447512744653161429546935306625092382515680392070513068361037421891118472002979936652957369137342232842684387012427061629091843326323129384531123619069594415003691737135531970654959232055947650504117887742555643116529759214293421573372522276262897472529574448905172246678550899125536153
355 6311245615791612203614995784247527746787054327923777584709325679638475238814747424314679551300206932075889593381536705311278157951106187728554444546304731355574615926275611828152995260398307071327425476785130049022213877804518153257564308212002786128354227287658432313452990102268300238902878207527268838933385094661815602578855612654541658613694793422774665038316394544646684130074594763881556953096943164628151930097213623103516597468436010882008315464212184677238240095649253948758041371391431676270661151424938578967677013221331656657146651230400660245
356 521875314580759068149561693247159864443482686611235672386015910909263836096730759981221334916454413560593640026707358397897716616890098743900548382982331322969014407132103028417664924201547511720063110051082758578658081743750681998995938518335568780899830607551426898156128442590514778501172363138781944376066848680754997661875305238110259228768991822433007441042837267990612203525878257381728395472658440146967878219543983739643194748831501298574393643994984887604312693281688361223346577208446577752923807820703322358828321056243434020791474065349612623131
357 41235946766643992412950521234751737178696587784674156154371530338241153025771909360759027667889617359836669211984469973289395530752296256112644457307264757082023718284331311649743621801198959840003791792078040131955194435263798174002672849271802844785587470389334832413073865866321378244708546194288274136624863605831529126363528353673530138393480935645420503104820348932475366274389959471423025835161464717316917585850284883621470994260701798909054670194650737904612770827378102582450940095962926793249947545684539184284341123533207558450224779615277677365863
358 3425086948624160142864504326585105586790050029333139491322808619424652559233363553795298240212408341672226507291473836744672163555926726885092686797396356021249910453688246926065734147804772214256897706763755217280989358395312574156376965020551947915365115971961119620956176960140980595690057089593884538104581579387127567634197468852633510457851792804492812868382917954856381889023901416663950964837218664005945347391865649968908616844575350922953832974699928696879684621940020694462143314194329004310314268733997345035985735593253040444048429523836564610832945
359 271900958943918546494444210161310567265662095249682161177061448062429161217808162838570565373692508436921870277263106262269478489432528612189250287654889112520335156745350640316720395306713108336670080611893967195426415024493405768051284135207056427787386927828421731389466280202178076963258903438390323925132729730928795354724699978584737321464957328841464556351208335997536436569445003827279336905160436465646082823361818523418222008679914889814394540681758591759988906360777683762586379132967871709009375827538341184821901071872994265455240512095837916429632285
360 22685064800207470753537229502511957466521446112150176067253826596198774012851809218891856699156019971793672802312330227030215207164278006038465985655712404745928510071713777934271429770665532959300796461278551829156082711199952719336360950481609209839484190427298692586336718419651217669232776748727699766463617768774615408765751324090189676124866017817275878750219613087178198189680796436457479840067217145148026102839034146297237522533132581680486923619984052298879622524029288204247011342617034748964332862858459109458441299477209802653655784476118517624802797731
361 1809247424725154261042798945721883566498876797264356088634520705611072483527345640636674318301689082438334643968312682857172554284973214541247874052264040036214593127642137377472485063925594367633969390333354992490131604785712236446637656439022124368226473673084876716675991052944913494095547929027676604703860540452425200322380581972613535437858500003253512125034640387577332082609219010562753620250062316668849566778055579457077477829476977796220752244562336798367723022473688351449660186297119612098982639268488662686005069678068118596867115237519346550523426671807
362 151617980931153781001775814404730535438062580938654765678366620179737784716418805529399981690448499048425618568853034973473588662455575087108344881508699553488492226971390870049872127956788332356741918455741526481279898421095182883131638953426445320573226829664501793267038008336887994387386893010988093538569915672488970783700293869262425056371910135538224717631205120559187343751735702518187134181974749624817143232453433403479456962196715241060429742326000361759449319429574156473164142556907871284017217590554105068246570751171828598549770813420123332616525853497161
363 12148326305754808893109812747860343115148923771409358328525056457119259575051730897129935131741222493960024857372416989251095801780762372490773376579399287506404208311238013294980983362273993895526005476658606043329980626518561591376942658345066803570678319590836203959844286148553088633514445451375437613118215140518501524522955777480459677275070220359825566045812613441419840848991625863899474780595114811372798831386204754044185123677620127075072043520053292628184970537212344428770050816684340877275337888021707866232553926256371505547059958388387860402980805005852581
364 1022545331671103103274810094454791297937271154034548649633330065309656214207912070440116758940835283483878685642478783162339233403968481804943517530371578959085356832839882871138540893937198721663192628836992756347831504852930144964125695013905948902081675248629516953222060499661017005061150671273356990390144970054518019355961575168648760816211818607729384303098303818822391955791625265477441304873216617442415769575262767610185229198347582879652219098380446022582426444449157852168033472549661237891656692076799859681466323082710901463663180975122667817242871545332162859
365 82308603112437285751513194032414921982233641421294821130234609189484632714051712853540408520605161078911085275768683241405582641380098994908979263315684138646150490429314316983993193094290055725685655974309246933038951119680292101869970708853981461617702425113387158653821648371714289354715647724883026573473149186510047914832281543143998324340205950041360806229124394396927452441725954956623076969535001892917343861536690587527023566831842933333749410187933073281113442458612886177044388149108014973499905783835326640348674446043582027454934764955921401555884546267901348631
366 6958485884323820745305843323140823767541091620279363423884713807952528671332717671522141851793962541439735926182050975844757176021419532045421774266830477599540599711793375517362729004747464225547668383392979589976529266859564196420192045128460012633680503565444895902513588497532200223733864779736904944081631599672750649479015401615636617894374420333610958000239874279550727490769774073974298197686207287230890886610276020276192781394436931003919505307541831007175484231528319283434327511156649872225624770688231427837986232864495751652228422129186515351329667544852230199777
367 562682711161606881473134477357432001142378369095636467875343875025769630130764790648715270019582372640092981687262705761532159851430238318924838044913843805740144957929410224689966755939659801990419615850489408976106719510599131617877150069302920091852916603637947056256646426938800670911735130444085548582391854678779084810610437809965344821296330834230360915986095694303372102506983955541501697986078032612151083488633434176288425246646984408467786491738470457651686262247437736950480948044725878181888437862646117357199388636270823512170999815054649779804410162845216071162797
368 47777851383160453133810943851045719878754186003864347695414983130676363509365797843252446780872091172969258024902407508393348491909987083079809392691778248901555967115750526312950907962071871655786778809575592959119871238710521999124540136517401757101156618874663149099389661353015401974003884132160029049788097564303584010380514317633521656341475939157574533504257543200214945470447606400861042283407615287302792201597244356623375082140273023936343323290892205828033878108208928496180802169906942306569839158586643948440107654037860937873797062620213505803153884455962666269650355
369 3881065309297901551328657992685276796723111941966750579412823884905698094497652870293519856609218713451961959058865072688950281355570379618590577466562286079618512112598395143359739039239656508938123526547550579180879992601023274160542327692648747500234605980944950001720591059475781048033233000243558024962799303435299814699717524857692955417977009785331430425517903051636528875544439163625714985504540554671715298331908794843472731627835564182041261630453381144133906437502425911867897184453008754371237097954809085933710566362463556453497782834969312825090374623515140919307189871
370 330976949921627219828667408524187161187441330697957771049883205113079858849058765391446590658173331656642303372813047717024832671267626084219612688789568602102920185804240011428521835369469493467020516349676106772784470391569487447817083433271991712752769112060894077937337179173792490766137017811221110306707197385862711462478805249173233043206497474504742986044226942605935418808043780878572069339642233530953577921096568746960396947115412499585144514588717548823707855161079277031074989685278390169092023740280590312009838267805856177100232593034907736079745183863648347532029587193
371 27007666976419548460710999577977713495564986147609046921025436080942248179067386177340330506066734454902412470461475443010771352158787305079350302209188943208464047032997303328362147780374900873752821552991080699221040616244439163876668454835749551459579844562921639516684231109009909222254036345399108913542114333378645534088483065972967929911336151721437931731162511293162516380654295036225177908015665706950914694666100557044824709077000144762469335994742215150746499773804394002675736524187849209583122877938064512352394140969039300251829458142365859214925806560568945446694089734709
372 2313172149840253344327769134976957254068935205244768387374515221847222417444821887163725351099105814550388183358286346342398501679425366835208292722080976497552508805753750789162886541515025053527436062500329567963397832431526336986247593715691445643441558650341732016608896749466400321765542746133964132549738158353274853438719767340750493780231669981252217225296209285133968291381245412736757384784160987424481395704967187236941715027429041277703469770229769887611104448336552121187292767738205682975121180175811501429100829346703488828616078666115806993008623155047873439728719763103035
373 189605897743252448874682655841049525800422060314545641878605110845706354519924687705410562950570921142734596797048525988832453026621843480944637195251055632352130013937546959768945048878757030166314427907577515158191746298842972604811986401182004241176377877072745152559408895561220687890472090145089189577503378460244882459960550026359088027736518329168553534428789102159084954723273694411506631740807690802485143212171084549945026850371966229829148578060183805237031796855547911069836827425434566581973395595685075519204440102518066350696191198208521816504767107376578127884454419928223687
374 16309372263474556738214078484119741292741106052224665265540054115603051491466664753118381021156209822669875448287756220054813300744793270564561371883664708738390912534162712132995014321072487788008322109900304444774029460983675917355444208135483329568677159433044587585586734558050769231927315097041720187493577552340973101323002550045866608446510959964909197535649096030758872939733432844117355788742796670105914251820060358008993649402771372329269386402953187910367564355213936168736456645002181703524706506576145260161366645342191381188857272931309767997099559477342712591049884925143675793
375 1342843473796006363531263684868133842357639780542743844875834974284126236030463848559437948059112593565905389851959455533217050771712172281414297529135739404434885139834840741697671137202797548804674783836827047113468056340236902787212807333772089507515976022597032388778128208178628032183095648845747167806877030122047119004026283278083089075372436359870664711956637691450885064482647191924935655547632802364948295543685558806838929828692668014960797516656195494572723708840881530894857526266518418624942311531222748623493232714597351825339682993905729759364600348315402119076547213297473723965
376 116002098478421230384314401886536076981529443628256404938051859548374679092167943315905752000612265767596646231304016445239724726972587365923322868200169472703766879132621580527965277299458114515604161604890401137104655334666315815569655676722958508822434480928807723924677221878117282866986869296667133657593245551219548882375469730038527972974465115699707985689658525975047025316257805874925770353769049652698113548125591234084208206752990363588721898399966083463010901304266735957445168369711696452769208889328191635304154533338725281212700902098703678731761276469315761388760299054347363303107
377 9593742441542922514871022334288760931961729325851261254773275653801968071035368797893470158316125746897577402064359632778667132787767632339685656547320694975849770611115888259811324527335674291824558890488527552816724168929513491067392656286348990459643406702962833620253542287484819134955669787675197965438031388982032176868068357392384967710964303420363779245236457732322738181787373970173887988900097830407713759897587344705946836848819561438997301428275803533564575223784917558232139315663359793594473800850892305645145192406464956379023183873795849369604625718496978285460756454181608200058911
378 832289057520167479848878653269387946288739110932117195595665984914128281752987100830127230441404457537414794974292569023284624455429966576785579848995700991224034114968022889156223339994698344924146997942642341271118653532787052016374615866500147972663838964439489006860129351719507097941417522572641364828811691135260079834096618873261120729516663555108104297107329575610076596933842802333987742299232241690827781038785011815367970679674167986799861824256892004037276431036853893996970766645504476395263686024806122441575981118915985367540069226529110602048585941002174322486947216212379654602634409
379 69138565708921421505360608594118730079072229311073951413408685727256642530595917526403542075845714419996069309657282645617031582415363886841573879795783812113581611454671828213708217626924466708237924053429830532946653450231391354337237294639010884292894556849108242916383868703439407438429331679107640496773506625001969704275222398886091412306147131060824685995861937590841301744687707863960395654253167568097384749444237818151548094038451038913670846183285540442650159907021200506099108279602017635044747849511255428120173616054948232969262888681899516350928361100838406986795972209641477828368665285
380 6023416521766830208258747891317060773035468936386956552304836387609812858653983917920406287141579439913966095459721589189597331436534550044252854450525226177314425912037727605641272497528673914988795391811467340148073961144489870483947723493854673103575424024202996561751126974097155361370658835128341917504524311897588930172885028838519013330479924405668500730668651952425732944503087374119670699025333469081619265266878919251425678289824412480465248694549565502806917719835522138226867923518531461503120401664871579686691278146953044496764690155501216029907704118432852019538282231473074396541334815051
381 502577525510009739332307238657329271363462872025636054886660640747891719324568439268727623493824948383785862799495486732036493598571739792263636496344840192993060765405130529623490832924024620499482879387560313332916453440220632761209007101705827155820996631078480868985145816987421598888965864103889718621335923014351087020370392154369010093292391941817270928115156442652405755872088457157032330592005951452123116194464874815104805607803981097555455859728162749409183070114512934096025893558143704652067671477350452743323818222126703713377243477974489626316247857248265084568237603255028143271596212117623
382 43969630035541785468122822884352305692537738990935234101249822268248013641131769387499120761643967762487307696761548537128223603848647260305422627905556716001021171221064444737387369503436521203446161333387274226118241217400125116705549461375368879433461176075683349452294329771293653944829162731520262349224248401312519403301736590372644026431694198974457509733735738568518739967537428620155645886540765756575505970686642715863249053009564552805143188766144977442457320606040433230572910895934586407922979575244487646782954094536524053855806699579526757470252770014655018107722688222745887348616841361264449
383 3684826851787096134148624413751628765745744410413164672463848218992885685923694702030767310449916440222532455794679360128822036903035486945139451807507481603763538134184781262826529664028753772256780969198193022291850071024552251411669974431438321446626471801955859191024607327847594453358502076080466672597554296071017829915853413109199945649434332365880473111927212083832690948658789474761625949284246677089192153946692108809807492496674232432088177731534733336422482361629222768005508501499227367409233884350322984877792875665604849061049889800327463730534844562770223916049668001144622395458493670705996493
384 323731500977262102496099422580572381505311919409237176077919991216776821102544852470006184469079083874153391726819556707344527372667273271664881444710573751034913773706367642630389584933949782746886576902256313317284664977361933102121873648155065080644940695661374349289031608263573425683967011090906674449736406669647946084895211324595013101385398253298842761907248787258389929613612365866940535188455180361670043020258131536518500234855748072462765426230651798716371786917810960060873898377721841483829862338867993711281472363136504170272741612435457107299342214759840490522771316213635009324273414702411437011
385 27248560399433806298125326308913393594187481813683107182849307433278861980738055219068699025874018309150789056009466295269576710724613674840220652458909369786070325219476146623426126686863176770749013553471340974065608363979129136831147084681330487405916361774384174383869596550086554435961579031190243285903912319686074204564363832665222662825075847977192600417132419411577796985618388392619494798515428318142341498578967611028494693038971670096522468189246320393207157610500731384458928960177206496937747788787571588579660291423314175940188282312681645163631304683066779147028852393669606426877020749492798472655
386 2403923079680727846671579775253264577493924875811532286119015962797390693683736696909662387999607976448136142852101978645633233255136421944776290460406298854409259284472072092855770910433577180667593117412749858812981157008534758263236516446207957026832909783420074162552737980805733166242103797341063106719311211724242584919731670457842049288635575117947373939805136959094346780336021242736158731219573507137815661021578046885223550095642571220904240417896234215231616755123528142629154221849492819046045859538483424065920862374975312581871794572626398094444976152343244489622843807757565449889996611155872598872153
387 203218770171705834662253212385696398303024247209253771432257075321130319211367529775819520475611470987051904290194072168328778950656286816592420281774775047693276128527676317676241465868654595019023778015093863653586134149826702660610957734605435310253133056405643423910349075934154173247795673780607041706041748757514421088820443621735121954133228897437918000152883837235496384617475826635785020150462352659901372819765094123770896068735756672829641973741066146255573638575950459321385924079694464715644316689499284903613704579700964728970167142227839006930001586496233873655650455137763773499195099133127051018766677
388 18002840911968933974251794411001495336366549646366469047739762381615713711611300100424134552581846215718855221541155530521676921087728589843028714104073494843331493265235493364868399998776483510524148731708839807539010710591294540424425509624401945789644777817674602082705774372134586604312308019962498881798420375999374245497044202675823934830778417355424163664004709726624482668925707220987317565586796975097451413007679894736630672935549603957527717969640461684764382635208292601249052460327832855549990850760428374442046462929310550789490539078166257553507301082322622180631166041431944166598961608594597454735607131
389 1528478616058006843924212673478816981866137133869666985687098311223371625871180492964836146476566813527263133895467193064075757165107119329195509976671704805167112293847310287845690956312202696011657263069250570829735596687827990840299417529596108398327480839214011704034308804587574005799100494942675867587479385403050313936278806600478757472856477025915413346733050043994463018494459124645493041183476732692814763654475758468962387586677644946605692919553250258178466355079375143751154213054502861555144270390831632715924589034899362261078043304421810678026008083034819137374447932479697068274074886202185591018084959527
390 135965270872782595147404709568659045536701921790705981046818037279016333885307213272971263567094394288190955079235365569101587399668171254185851777565066116956493893016286225616220100563481064871942436492064914975817322073317180650304603757804846284002273261128995114603824231686384332191180005412472529425875124093981531433141239151627324186480079058519511882815388962923195871169190664664827675206840634237117385225812163464581328027277945998582298862772340622381907625669295493746319403055081514808359585119273346954198185440234595991322939326121377260064901281936870854716679802371842128233988611465341132173664548525297
391 11593429003296801314998142305799683878578894043204625590288489997948227789260445289724596010495809957995702848619176843881227856385504183070937947361281656336368461038287636200280789363338440515941087870474690834443462400185492663038634877763846963021472771993754896981142670317531828238547920906244085390681128362636902785773465628648006106275994645505452251777801728892964399349211010785129275709987768214881074992580037722223855473682036571374966931579660804664037780519057421951451304000620265585718925831471632541294069524423279778257957128158878962048596591224526328068229413131260419818448078938857002327253394935644509
392 1035531225098064429889263129401842053858992366669789652739378037660639055418050542683756075536925311160521791561049644700360095024724518047708663583135778355560556483240653174924433274189314936403309547528146155685183361292655754833716935409648679935913090342375799025135592780951531463212861969145620034347713009588097703126790534765911325952154832075790587612580259563265416636320261716616659768803230456442768749633711308510788312306058223534633505373280348170189255680946018423092240050366969276393817852069271766377963276120663756752804472926635604045398601057707119618595376703408047677429491890561627429776759084972254435
393 88675433505916457618629526530472645122673253645230026513736303653886403929155886290910845491772587704712143675078305535635141223011057339869843882141062985896185338309167244259258380651715433976793181946572936494298820087695217994431603807225863329109354641260148025416849643382723854413735977495230041838763152901535775281021570644185279949631806889325829973259935130164549386294998174014437498869739846040938750106297489242343870278424074726192993741647208791331090602745864281995300113556066100913647602676841840125956885712604728594554712413850012575279148052819518416979406201509973452566904227109758304681067931241785205631
394 7952956968391568346281603726810336793515692951341875275234661986567629762362978435412015090190853040572328954614173689966105398455174682974191079794857909331506966948652989827862384416652976433684618732971955251310747692683131170599531746038756536333898846076534297960801908413610502243210110836451788197502504504282341047740327862087872319621169168622431165689758211854073683465463028987816986905966376217392823013767385665203240116115449264302706333849232982290840608405726569555416398159990928685800193552082879994173080680420350107127992948878820002947369628386292048656351288546554339207815497101626587229125133311575456655881
395 683936325747590526702524437646802729027063269253798798784081437295562290105192369520774354912011406800199789875997677803037367094117564712549757652073635775546789531300234959532620051844578216441805759466576111494882571305667620078061693387886402010069535591581311649528766709117141841933281840824028403545861100363923187232412894607983818210570588305063542656430120163415579812285521124883543376424438567740069027313253967472424711130771514038932517422394176143093318338743416651545786924153158558911404635295766259140112024045446359517916927475103494110609910285533903067020709987848414957608458745957763571511150547023132347076069
396 61589466327016602590791912854343716233809484470136654444995045118429563428853190393638104636031501326674663074937982118098631041812734199498126267087512351688983144602184938297825946308659305836004902858284604012846188347145853843719379932656986486688226831692807435224269956030473115756117428769015157636906328769046038979189599252189226107749314396587359650737692576952642246830121282473844600644292876606115957160383657535106287199719630397265203459781555110455051784332095191920614860826738814788217888739145837857307381287374665411442147283626002187674610012980382078491637016285555927898520138079651154055199573595417970711961963
397 5319014816103724836332259881161255087781203089342339687716252432464164154744920125425765013385093677523940997947307299775462998360943798619635965781357615438732868194985452623712409522698652271061048456962553373717784048814074270789773381439894430901067771912669382055070214087967972753818562484146390258069032284821586359468257535588447683516245184411361791037464547571600325133488554335494597902993370009667430264516927314205696755505444036925006348837479468386387236586920553404307786224836476973445864738783813539148155650930661310078968445024050071047333997021199733838817321990384033931461726426015610711912641609282962307506161111
398 480926766396294133676350182366771027477898698568283973508375316338387678103015016042615522463185325953221657446421670636585504949040960633875245890557396319948895971044807626755517358218662333997092941057412171876860403679381686817020421042574468995324504190443913650981380340289841502737987053368586098894061118843186042240280074361309282659814617274471108729485234421075160856889579681171874191908038881588272220744605409727836958565701644483675166771050300603729228436038820228006455648522372842784489961911394860868655776863829081038111646488358539011290052717342414110632882312480955179524691444847285335738267772749868448917072211105
399 41709244592998550403091820275405075121098994486729437577836121249049346400815945778787605320324345318275191401160018653746717668961940160371763245842797563906778809869076990466732784686823841767271309647627466697235061146174488232609409734415770926845329907822482081320436003741954108834134139585218847057713315894743474152072437532028490872159346815652422055666331712145471618634335315544325163812648287174080415450715928355995382579300090237801316607059220159155678680476792108064195455715994409791545994847971346886632679873407373714744535520328486950669489882550477610665500530903826153351014783199340714718469432724457168693727717003757
400 3786418862475429459263860208986573608615489304716853505813245367082108557142432493833280050707324364593142693864879591550889106350621276203499506599641500181944180341093614687288954004632526711579582203968626573495449594019683949817820469834095971264638027388863455086751109832804967750098988790086035317493699471987824700860742322515628357392660242462300849723128769061689562745301013079271883235914547003628300792104491049047851843300337502694079495292983716518411846113861795678821448494112424398929211972756567362385934146043116694046359816813664615475266114249945875446409015739103776030780800363186150304088546142599743434565513234082291
401 329762778013373504851051918368117036943623346550418820300213625037868523263134204753895529469450042720572726443491459455087251144599849958748396015684629306849882777797004016238224133376189417848121599172701810121588935493565339508494581114934400552061397550412879027877704333090860361561609759984559777401972778328092488577637371908616466570095434367202592082424977153552554517363567039111518277372185500478218191756623550320209235437508465779373033924089511006449469693471788874218338142474822120343795003919842926279683638400233611639354730733239680808742855809401425403157930634347283105096987315361987055326579653938386753154736407228130607
402 30056487756947012187148849583419018606129605275890776075075138945953724112313453615979391446634782306803344513977475781100852060329980998299431784610808534325794314089586752013810746886297293272645037023496145379275173425302355288191168814432244443087225208205608951463360063460468772259045913885588668359957905799233408296421510043167233242686961058423895700025733035844901787369416856792276406283307613522395914916448768945688299589124548772749403796524140154200221915720463594613905004101048188129927259828094606188383683580450186126292838275476794204635250001243617140726726247022506963347091382002119388658852461913540354578402847260272273849
403 2628584156852903604114020018430104405437568576971342481198718646834707789374776632143792739279794001631301913183751507755043217422609771595147800109520452154583610098688572845478101175485650213547293037106713354400439165356162104464215931168115283497525083998814359954763243376700549574909571678914987050240679779463966312822813670509971137813762735424941004717676350379724796841478847540980697683732640392206839188092693281820712389368069185375122199736040473268984929237064876433596214314206258846750153092904129043917796404868271236719345821711804972352374041966940539118307738227969734865334192397364735543497572921968848852098561656073668456565
404 240541775835777535037646337853920137455705876756709537466307913292381674676385129384324782235559404161832915541106020389579947408727951392279344700904795771232027894805890763065938523269073839275529831620590080584289206466585117504063648932807234416106838061667009891415862043238942588966797237241129847098859625458735185210743249641269903515188822019359624823677210727639714673664285076993402694645558993883753197560928410408834121724128220323176749555908847170619542039299605084591172044074125854120449014908839764263668676875387416478475178204667131311026843823130831854702346829219815241789939077676007775731979453575189629864673103935000664214907
405 21123992776281069211881731733589220324886290569658631457583264218447220086221941762405907608509502955538543162281423018323255574167360423997767281586231125434673213847279509927520597460930884980078284098784356978744594505413114700373333765238706416052580711125650931514543360621674853810253573173266544282410622129699651691886279228514484628757227702431019427480773942788818578624695359019132478417102186433718339456889443973480317808161518776722090640461936067107493649614115565836220747735646851724026875905565801758354923349472782695067114606578848852183864369279122398329139349135698336916546987068608128639815989756072250102111952982582216775494279
406 1940745152438567135425037211994134187748278539577234852855635877333131363414791573613740315522160374048368579730189207398298243088264445173689856225248352917864483441246763701840263378478345293007376251254560166848197992436884156975313358376119347763877069805428363340960769617735473127225032334096019020005169014491475752243054362555954821039593934298991290804313208177958646344892399218702046428819316744415505739835551372086710519641089164861010823039994288650923628915563969628063228125691664021120596824740282524766323427465692983963251067877557516890975097060790746379608307758700418971163362046872684429023374020798421286566291361495684357283216977
407 171138254695806596521620426001440243370960245114718191744790398398587360270107506777540680329989182831870984084982420544308858803512558095009552350974269594607422303533335099797856781924487073850976584222427165996313918704521944412596528659168908514760225692038777282809478959522347319941931486004274886227063027634424318626628904359762771722505583597474664557185806181819963429448233618367090344066671893222018905738668376894474677946953985663400733094797209208939393281913325467220215342433408101119025650084353641936478807023988192420800142749880997504163139844338110551658542223271776340085604189514551198185333573853872329203766980149928741118021872765
408 15785392735887257243674625399040779874239860602208145957182272199472696285993781406796012981681747262313701572537884860662211826898986428968749831707368899093209565489237792275032030127011599179266626223593713405068559697804618844861804036210656361282932769640887449495995285483025948450763390363070297172017196863695289549425201542954563651593919254307978369485903327938447303790487094164588750126714596501292640580435813025291556722019670264862417255267201891885552200596161877345329167203571844252430583295475154694620300984760635245785765785694607945127529416634138993261725769851235064727691328225259958506269395109465352616597944546292257828998852107011
409 1397714293530623215990058485062867182430950680093120480260229541704246524662931155952902979071599052164339888555201990511793123271880231490617164678387395337815553507328459275205467350727197634237166874788879098148863479390804539587587807850161018587624084663728175473104076685836969808079166052333552017322651565469229284549798027989959057154279216599449474109961685049892958937787932316140247959218537480498375070667537638293787009340498417900654912976465630655140499270857957339417402666095584441374551417089998260788308472520836929431612637395998308778375978111358436925991151194142343456190101397743792666822559567468424597706324704161847636171861435354847
410 129429862265123832078165302980307147926241396529307517966547470190169206232055307441847423698220364825847845088868005884064182802807873545574489892408642168594981632641702935968963785302796078879562648177472971538451589683600323118688100194440563440413073906819383878119354246682081312453524368237814090305427331956593821487801787778150155769306703793946047552748312508177510369449894105572197067103120711291381844575949510223206722053914124987039206418657660468030569901848441741633709616406120981529160843213542627340907361818385985918830158483484607220983061171871479070960906741408387293945617192308741877686119715042921895425659730912268679348039514728085353
411 11507297725391793656333101092876193537306602147481798413533015726746973154187567575082672282724182883131141043849519770474743168146112731943271027565913548984297123463893360168968575358954896459920198997561375872500815619639729125648494678642923061608413468334249036936522537542960801339119447719831854985445598393239628909928315484898107663314274723460775196030082534184728544245783108946103218437574240570271108680858354987294089228830996809011024443557248244312170799289997265447279040454162915520256191771407465494680938326282428638307505741875596223808291133318775052703363866973331802947524027734361127548528926246536754776041635785156449911087366052118759685
412 1069767239506423745457838304834492439199909453430163232446199900021085034385548257326164428853350426319873645577022611508108051965258243663197128419661393184060465661215088252537826951144575834797405942814675816146387766763923829155637609125135513932400368547595677358936977818588966926047545056489422861570950374529053279182643514647407709821655922744637044665119315997541354213122506968523863049252631682682290688051088717868935098664929596279423022279847140893659905962792735689046137238009463342564423280448786128018601469985866659447865499956544792726738696397239878334454291472259415564087203207688279953345056731566237810585137123262610790783204185220804837771
413 95498269597890005568575729944271826854935092542222531187716521686485854067006346438857309723208150443829718072823525985882964766167976993358954646228470182602866561262223035465595291477992391966214187268697691986901972075446464511866417131838537939110076032288628552213966599851280188018233639134993819706724824665097588718118214398024457249992474843226989449096009448302371613511893689184450393023111785963037853225403239988289499033205258616351537303241469501823513003486749878971963564017527165409758225595007874779147886174219003472315812412197381654823850355102032435814351858892980870655852235973027584564593478982812904711776525692248977677708222946016072416055
414 8912580278956569253455566352458452684593171059135034713717591199251095318828457454435056515707932725477303683728268822856061628704423384840687796743881737544224383412423142435105529952696844268074861612332065945118924041332447950178121947852644110072162980193319436411262947503264926564489846777699377769054780305560347067760867683933484710884265503035127861263677763880639913243808897441304895334077064272502108227929868066720921464312176596340893051668030017792280146647237458362991420991599654015112207130637798806226347269479935123518455881144044858505662685535141580955485522804615619739578983725784540516259516290446095878008719745745796857951484832144888259555841
415 798856171628430369972386369323593669156608230603707167651529484203792093882642119763416695184276459825021616063186091785899767896039465241869630405563360815290646594679015550287915974449928030403714587681185143529494451177037066566161783003444183550743070471885471371267493418644377627619963497413959238404022891922042588562303841584019160830877529003157749643130308753487613507086349302515067463477823428863774643885776057341719240142119376822655797192769177551841702265291163791632742568513146445686866560809506972149886672063564851971010551173579351274746960464491942143894887347107904611793826569781599483137476701305199391963930087795501977034275373902092527840864525
416 74844652216233672174410310530877374097257613324882712001115446195317779458188335527309959862447292838927228324542358676319314436813870923404394187837566451222868398693618945637220620869510237628268385658964038997844349867406370595413574132298515225486287022550395467713350666624029678424025486684413449968769370720389211329992140599652331282898142971182815191726816627752407171786207105869782367056129484105288389686136973685827141531434907540674002932355230766956293008559497243572273388993150075601308704701065047084341302541104669217771338500465829051234295987158189518186190512848936015650498895157012115125494861942984082111686880044712827418475341802525264333237268499
417 6735603446933549804968993972408892026396957731792157708360126841017426793639335491163246966651806571895746860159195457539691423189798148775883946805604220979470685024800243656747603536502477911139835495054040560153770293473603320045346797860094079747722107985782290484118241402341924423614049167955592935805759022782037368072356957328989527217271814178623603852815296713991542108613070512891705956116807319029454207504920531631330121282247042179782002384237982283131022963665279452511603029001443200277093086440862824893754763076960244794469141056171415113985608239184473688540601146846353883453272840097276568420576604313810228097171543038989378835639014679712902135122307215
418 633497944093778079282479171859247449806723784872761041628838134230333493922426449444281098310735826217011958862327014753521121485703643325497285000456470289484196982848718901143758482487001564409507375255629009251368453149633468341885169277686604039260637241916147023771840536435353233523671966264061801052611257298536089572771108057498347156974537826594333385836228601114797070507995763964575097605613190689981613614944534623167976553785626430811280550932545967938982267048645705831279245980301974910934875831393998613763469875188528583929117143814047925764377836669980756082847510840341867190473033158389098382138076724633620193910937511670921606365210305882353012768567606041
419 57240482391355994597706181149983572592784201457060326612459718111774033203185850896579334984623986004308943338392195628423718992081500433382422467479872470805582442141651996730832648389264445393441125639886574489787526527297885597350982063289602988209775473071079905249305220645316500997017232955705751676960384557354631082367733088686477190269384550985023413563401900777082667340345378170311744017101250079093353043070383188460129950420526854313363060968975408676903776753087247326497224479473933299454300348104633686207308676668875398954810292967941647857753569603185845796787949535049498284252102566149489051844764799748169528337479365958068315193279110014701570664796280106901
420 5404317637405035512652621212189229678681528917966924870406142066276382060243079753894331945085739171733597186158612063412113551403388139519883081228570279290724237318887709838266467610113762776092129377306491273938592195385460805463697432667415462592985568445478149539786526790968131967214535419512084508477291859305972260397872012141027319870695284770700473025147556746590907846938967218111044208746751418302858900510328892708617517009292035457751436440288029663171667427581246554139161631066519870754189554069231420479376419682969864850691392942999674971148968913363105628261609780175491840025388121381851542332429119261210981114105252703706319902998044343650342214845420383647131
421 490267498357468563539988543734364286213173094240128311610220101866356328194464570367915713544757166354898101973496257329336497205649172865039275410432328949509741360323824070795424394964979295760023379888256321066091265658792698641975766146969007002721136952318538856507395479485290095124287958546348106362019498395177011214162743227965060947958308871850315544989705449238931423290428163550382560111114425549940787252533910457769068417416823789709460256929260192561578521126913595038294134088145244491804830486725114007047439571145583870411747776097940602590978012986972831790616557534724856923905910591131693797257984570253744694081169622288816148014378908405316022499097378379431911
422 46465648223912722128980267772627510239769443371481103848562454240945211889176423262588245891767455900700189674902743618216832223999771332167849381822778077754958192008316331463557667026631087984030535332254607601323938087549785006861763806529156302237731089380349542568512143785981362338310733932120400070333482734895693769660226674780045889247515667990576384929588367992822558896179399380006107255715275974572699008923874936177285509975186604866598292555903848484420585619769612155214307683828898711508298578141021248564281741166753623144863764762684373305679523763132780751419079124352022509900567538412529087670708362209984030408131095053307626957060146532048464394407922664214556593
423 4232045194430027833641413601441124326802757667198996650534035776485902598876792858140017010591319800778244221651444672859281721826842609656478452161058636673478715258684540279000378918795491464621328561690472910193409464658465853333072550070974038500977553117927945894105190778453953283943717567164447767921069306922829833297820317269452494653022364331607284892136025976881778240004465516701533045369703774355948850962828062605052470336714464645343293113050196116797184925027735980151085689606769834559122784194487513196336858313547582707232253523247196647469307541016502531156125086854770408778125431273917755003320225322362282400538476679600056843733336868981956436476865400309157060509
424 402627108108524950375396316741832681067731727738530059739758457960567918185021046087677511487999475198364164020466957908651495735700760825253535221821883731299049035248646563832351459319985314591959955894023677189426733966739637517166809949592324428938994585568690412738190951593445497406833200227124123518641713507268267738952026145256676240487213764252707497501525842130867602483235495787682950219664740149106659846014612217885261602410682273191357900872754005630020081069858045713135634125663370198784831294047487843347316285628668032833263002966065494622943840669617969245600294570756203718512292130447445252487362182695447948646882301089590080696300685604928432250171922818576418939171
425 36816232463206322781086038972592797375424476715430613430923800629584720081686050910687841212573881502719438802020418065171732352141737613712069300078369782522603770795418844014546012011101484205957907757087747848480801193684795420091215526380446698242244921898587003941926889669203351378209084551651174668148633680104616243198728353219447212084218867970069588729110903177729201055185320396107757099493190454051699913514486764330848014264101896464653630360080914471374315113931303055812281959714110341883806253896618988438099604971583484290115787928582526676288459764849563459640575114333432796083941296083830102965033271678004555913556554706532249066456798999400626404615149907371895744608831
426 3515915645854271469985894783340007385978473890132088093406881784258269546409415368595763185853394334841761893573545208727116862074585069120238251563450330417664648424023712207449433440301803417322486120471083670814329383847519352695095089444728919034502735232997018823328413974887950092155762105862924034856849370910320431184753645500031734483849979510808805840967150368366172997812015456203491221635643496968744070000775753343007167781315898135052772514065666932462077195958996463585425216214514340300109428983153639379683255193337491028465626887336836388086572623336823569990448690587053946135085911453715760901803631076399059676734247889411535303717649362981208159657570268649519207110384841
427 322763832450165481158048097058016314428255279236208390591836810596606045534990984456975188852796309636216409875393088886248453793841003609405762601872594836833240933911763697458538161015835513799563556350425505625368183205346135866522164534698354537033397835941939976277560042346218953019385361932666229712747204914517020138483321700809435106923008629740105994956211311554017412135020464438503205622134492910086006024186539295172219783886085575872473379395654643840645153412387328183498273245520489577942421943706776638136886409625489778423560213808992978756997101825610309121175178551737397967229931904522641950705350560188605889731719188003333020838686873121251078928861869684419156861330209829
428 30940191226330346131967302926711863802151707642659846520783801020628164984618802266712717519262352703699795377901458761883985066267084148902385157038520147545556848142376574985805993269888567639453515550348462321785438885041545620479792500189118896448285272908914370259683484576705095955390803456160739828824979568815083618884138373940940936893695415843042274612817025970430636008318863926914030444392109494344568212988344900476413475326301287383211159266484131477659633077513651269927313094485991900767677870337376433843258908390148373717310569526967393108386130456852212405048871575082476725418981510002841032270878968641003660457524978186997857668018046201847091099036833128303749993603985662379
429 2851488463254663536680989274129646766652884917906944010641800105685899551612214960189015280094767949618565979686326165362870729983026998293681681336569585372054866384676566481081504245634296864548355447886898822096803557010540904784961814755128897922373834268408351548388949144737211090773664315079418073319817771124090380889168543761716411826380204375339703789141410699393449308819690653537937810810785193627384410457832299806735835777102315685243864063289754977365329526236717037450889739441038915846143531861105237824074301688486355881401056879605180486985452281326353773131225510775245858033210250665428407065421562806453642297616943944436669869427326421251287353497538672726358929664211941032087
430 274373068238284952193918552597115487090693595574683275443836235008377566548091287422061546009989675746794267780820346521292792727625675512792164200736867742406617069410997003117293077466108008809820769188387705122807578507256291703031470502153344426681129395865250971067953238676862199830825999700216619680854695144855346948667835529767066890263300151055567380112543283973782817729425180141907960279694681707646832065713312076493786996339098482014925510894750424258773691276755350383207484560528390958968491968232814759131442911894611502640551788807052072131749959707948727073335784884710140732635452669031329347765456946499995268175604311853986318067904069399630047463362616285461094496336965595307873
431 25385429188744253570392369030873857949249533370728455632486039222658445113101292390951385977875818806411149419520100097969951620458601461588635027746063820473052331261066658762893740831768981911412608390763697616689285454651235457157664067658464178830471649885039192303888500674395411340357805612011625622687146894612232542439796055048022155317197291488625472691932051032246126620829168910429956383929636298093930970001079269579937395224691977711340357989160313144779158556729006884662889409923907993520756229772665771667477654012564793618884213590167659238591139085382164896300720410233143077494140803584235258541451482447209413178234674440889373888371540907830002907431622417813191988028254235209410605
432 2451765178161499870587786328414867880744124992363313881806391372120918687284429405030262087712524480145129148096728416252351673060486423366094552953315514168251827457903533243560454385351706355326904105013016896602860043756277254708552031863545469877202739085533172901486640152422749573110540622263320439288815970069304094170460693751137921715891720101919618134503136855493866656131683608460506280363543080599588005683194651153865017859623594147065633574098644887717083736156144400104306197772580236206108547817312107195316442386988877263840284418803374661095721789073145267165810796801100702222364052265051391811201564229902927836423433891116034778766969675598647128461326811275744928903677082014881343027
433 227723880993997217417266076676422783738174242460201219758058341525134995927451912006924953472362057152994823847926613926440846730610952928313575926026850648251910640270528198289700448319788819341068020052816933940412390199407415064480097863775695317541478115510993724926927320028435906075803209581168595893551418633889800161481582182282080928980117918541967808998298878701054968581125540746708734006147140598584753873950367346830649876397431270082316791883660381176707071203540586204968128918523786445731426991944561147062555513217236829427279800437690001347431231475602289733930496772130054008600243100521315810696245396159951422867582572086414307810097622151277639466873393534619196333104721996598309686255
434 22075994374021537270591467151284998383670555752213205826429353030781371385328985800722594261190016042244497959408653714032265858117758509723984050243387687591178313606547584928578544798645651195587210143808860717465217985031882511818917867439350696950753819971465065579036184454915346097435820524852653840846564444761816509317631518036218254673425673408168120833155806451203244595896632148087017348592453725908326414570397872596852575433696317861753538593061540815746881142894087100856520894558754913933132170548081022963084582059454178285476926039990635089779753456722210729901474731300825919785000987440440411371881637871283748243146898153697548400463481910677740875622867816386320662460502178196987898905721
435 2058396296191609461456772242759055581690643400916081089027987627180225619973949243195980685666299617635481697508544661167979200537846812168882960001172029824493888989256674520924671888369090658972104100832087987941800837444972136209803940812282760750046020364688345037613045827847878178766951098753676020064575399674807852684044033445991075453662179667593184640814671977282504621355006156180954485253214352135355272164040927637216516776213368890241855424669390072583079990466732217764571391718838460263441999993225619570511070205385878586608791336302347787239086314894391701367190820109274330908022782881920643622255088013564992742181043403300708347175350826594311184278490167853655730315385594066424281408472757
436 200286152622108069654463738211572116507320099409733231889998314727006914957014006950722001708775982742841357790431935269669184695746209890966651369715128003127895817540637506433968265013266594080797228311925140389124061061549801842379544778486741523493707959661600370199265120031987335798510540981155443594008355415405808035844911537503576981893333702134063204300749307563954577448177058500225540521400362096684332917984345475527921183721590965487901637231808575836844569864193770456854209589676882803454566160693295952086126366727309194832365609842775664835269595822159839988743336236195038900895657377717859259130850361581877155664424344193567499004164597716858159170620922520934595089717143878035985294411709883
437 18746969085711955451237550606364041811199871696666764796585598257850593309849235097428778160369022947771073068757210564701312942210394482712049733929016060395358702530838629264223097118978118202744161803859165411448581085851985799934397608214562267464093087760101956024969498028673664443781729452124909435709744560712525064652358943257955676715883043798806928597590231778623597117159783105365437204816489792035540248935832986405469132198669835123496222724486577466674389736769601579335006817292588039005832106296971355233772034723574779797777280602957180200420249691660231965463638733495218998067731985996133347180209735151483095691054719484039578694167799774093124557789561427927493658415758294870623710372802856263
438 1830864446883679466494671949696319422826091072511624093628540147161006644374954259757298346136180818104928844785331441959680581604067001457716270015772714486438162980364215209212046690493337500785408815774174202927824132358419425054926130753709769634521306824747196309454390923458004400735706235996651441772968638635287298796576598006526636757815774400016605829969540424922581138821943323962081362288723970389674083281808718193640721768411499837233171654122957397773660712454939796034125420298592721749572571668421802575384975927712248579571038463628677732225046963925119279161594962948759484293803021175514061217705631224220162792680482196565965640213730290589218865364753077003198686643339378067025300358497864460561
439 172028431910810993157035218194921638688277380111477342337668616155932596436412080949603821393713502615150804635591631794921588450687618675995695093054947548110138352467792104906987361435870026149237959891667462190058344058180535465931110838125027624604554676408597694336045066610227347864038697529251205655827576838898008824722042401313924847098385709790955118456277085515764283889986319929818135163795172928987327733039358002536015424438924134482915434668993835512334186009774597572087964969532571031040111854879091100497591190375462371752457154241572261150459903599294245378638369590558108808639034811237391743106035762267271950661033489334796831367456396718781894183033564214948414000899925923169998880801548924345021
440 16862485062054856285465914946611629696300253073609409247692594004497644069605120010539165651419278807951442368433095033417981492289604236571391837165521653912192145482404898930838903152003483139079163393891578403111460219849873334223306832650460747214896816262566290025105971238322669495557125746019515025307180457865263248985407690109638471610614986357007167757210333475465798767654365629629474585050116105325448509451249043167257859785944813204846721164861948008601149381379808239013366134933936753165343186103694332435274128784115825545375955187208306863414890152907838016740967143859855702718980809375852922078695170849054578076755981764973213403203482532850115814121624528427337971302256736159013120478342209327183683
441 1590457482307685872798662174007769514046271398979437605238444102465309996198829645048418103077404390397803336187487544594163989948468993559859896493882420707037042661637166119414010888599274619579241708689353229497547279128570585475732594886739992645347643064501951977676090474339778209115199726632783677452807329367773027862011614839747363902741509223414911797650317970626245411012741982864373975581644996402401986422078497199789758456160420222595650627289244874261025903803291103051414722587421550067234647211665682015754764964879879937520173383554621675055225687610611275154006729675415633941936044041487716947130041622978530381192324149379028393718745890425210895079150653051962452923216249488858552066614019687509353887
442 156470588124360543857408494350128090488908022941825174910841572979223162941281140351059639046000575860734095706279150627225753848498001998348689809075990183831225763383094852299841086945910056201413542777120853346027505064868605222159907353278445882894345473405435792556849777768131074316966748097623451303411620360556176411247010118844914634832272642950456597694383613691516644986132197852912467206527177814012048983000897379858659404247081557960448384009113783728642448028331923126797088723932691011308454757267046377212212095709124925821254390603901491542226176504750303748397258937747159838975078271813812780677789612554710256137485995469503553957561515653646170331325357465932929060161317660946845955987318364235772500521
443 14814338372422439992959177821584479451222140889010149078401102386954818525992763334959574494610344117177058388410581598297400166880149669151680770641483963671396421962709006673971229701214195053718387492807382262290666734398937096546101049540271556482723245268143614342365609302919345006615818743193156283892302539287130797511455253902363918989870049183020478948071530506832321933365565560990071985389240863613554833599310168872510757397379070421701095628615564846852940337368584048869146440242341733205146125402205333346264903860987729694781568499069387146756251215256375185266047957369209194280909401953496258196276169207233643664322132708136886140866646979408196266629717328543921183333161415891902274508334202095096278017861
444 1462767695870340986013216951066167274273139479062438011180460328043859750125986946686109291763265004999125214727558740499074385834031478539268660179254392674372553242503527744847463840017940607090184269626511436145316696038166833175800455589465564180506272685282680369050117165589892811382104306417237587500946490642101738308200743722052803850823266153400681096577437997380227369016267765216972861999833740764520337927234998261134008350563942148055287626155658080543155065764652152315687787572203868313807607485912200606374251936726959991079703459578823299015450521850386078436757605513874299121250663408085640045423141341834826862555870521430799365538741828764518919821713411326106119313216102039673689278554221882548132061020619
445 139016594288589556249382595074787749348908678290746602066031396787212855313772642299861074604938613879965027681283832861686458997617439891638511621959695862424835818735927265791236218684537640255410835467565908083808134451779571980406604931136489667459078133773810953297062238108420800100316187372152172795405263129325249034609796458658216239057369107201347954002206767636445592616793942643595070812292166471156190515408827040106481586998418067613104383265577437412128714111395124139065787909213424335257469320942999465953260057813778797680362745974907442750855116571823649015334105005436894320423178000929806532043947090036801249503586867244688665898945746934567264838131359353813783068723974179280570198331742891754951903178806775
446 13776389068586036409812234806889824828870266210064047362452926957701826324714241420307596150785862277623739699510129724602876783490581314176231017690329942387315612689772945787277292271997920979031236264680970808829903403667885680345060121593785070160588285121896225100041787049719313597215357430571200064715801934973479697036169409048276402221215243181469772542121431427837671066829797398485848325329319554948453509191098080582944204460866817708447372470003788170104465553617711885642873618361746587451621146803847174645258789992411855231096609423088819627137769222810755042663361906135762397772516517441606240501437820867370919781066297050033513329407803862339148024483030060442779102657182037853645473250298622457103205507957945537
447 1314199104640179607406929286882220330320349442478427666992346689917146475797472635764416083404004507982511391962127198600388816373696157716241619157015394974587456431001020100847688179142018658345452742658001964965763975011386008598683774035260260588910590501293910296768374847566900660487230700371253582677131739753173180413188940150638287711073422173902405117933056963302007422816741350801940925196324767427461710568567104981958425999038085895155204762530201881732532577286827699593594827219160345416842958403766270729655421548292415273493478705360682874147002755493322183065305154531705247951853087235549577461540751810764360805642551033531786966211090883454967612154582028681897371236069886824257948160428756531526318107893483163469
448 130706997881333808527827320233592114831057183893925277464276177937877435114234994212542601321888555707575491886291397192237784950043112933876282614479933062493500373368948131614338227644255672169051532387910490164045922695356726792526272248837605482785302990232294839255415117476645500752767883141041016532003536798806514662833490104920487154419013250607817504534796286817565291038028674261023141981152236412588585806509640472316460233893641197716228733508866548404909097224901569017163451690331354608362250513433104406581153693776826005655043971306402354861938179246242147721602612151459885917462872801891541342811777435330473327363375732514697806010981532607485889352994971789483641232498186918211532157058091465138278166440619153804371
449 12515606488901317548591537074446601991247666635278260375124339780869260153800100241008357669675162806702687589651745089205639807012096418680110475080685483493834109981103533934190071080894838222295045811001838960928075806339320696867742814391533179820043153469033496735707311769318047793326142533995163028114440784432516938914488212932604236300583365887364610984812132485638684741776217322669593230615523033959390874406545939893233612794490427483755327299127173886691929972613356987460209295682894007294986625412976759851525743333298650363102832512022739072864446428635480776832266132368137450161745805224534924035020490327442159113853434147594947783167467629728437677195226207640545349324303029453026415317578363895001521880468956471627599
450 1249257059986422192299929321462488021634608519095011568246139690121392899352703226623113596983568811089368992310048704280603145587614384970703104350038457667710690559922247752583410887724876469793873820324855052825023447920963940160805406001545996765816333522503056846644121052403407812846143367997760324434279451688235053800364439906054518062964143459863693821182957029948486771452013126795977014780392013774867228454258864109973056935336134686564722932814701735206032047016206543123464355572785177408740740791622062519205337559460484625584349443852603996024121110043537074854435543822570772640645198816838522740867063882702204888352985475836569091235150567002073352884142383431784680573679155259623084538473010485207010194903726362678265305
451 120067381004825877187411095292592782456466261820307788360052603697857336548124944554073967910038873573840551389019890546489434736298984230101506153380753138941792049706967261465947206392870880033359247274172922954026103153209611411099022613125204238562191298884634019691728578195267489664758845178941472578438586667460913482281582694964244870021315908885061720570156694955388565414586735584079843283253978174631529819944755398723813526517572061263300231076052050308958801331214508991824659578653415562915280860724362009750667068086963894626400251868021813315026162237596814875750276200264431387514519427171155194688275828005245494854286664980900189201586402387338534662613707975310939403566561650205731285045502850067755448424931994770234652117
452 12027644120782993851969143140440818346929413266037242781083024790382464636694959656392656803010258296285347694491471173498530391674730186308390632234265756127338523139201113697449455199526074411640299576752628954483471889629247421907222753761569445421486281767717741724164361988957216317322673815045109478709553079655300659263427375070484319572870383430713869589108414251601984785239836776297312040086939307113977027835229934904521161209822175448048643731137000513681267171915572509159767682819211301592267200026057430999285898296176266865562907075175356907470106938364560705981553874246329423918270036882065477145868767516742319199017501151772113611595529868400125465588724974763783955155123649047255255214123009036184904855673517914839812793819
453 1160290923884456055324730868814663803222354184730736496787114079037838792030189671477779401025111909470016459447281841967760040228481610077878852772353423758891868461971047473069389863985456432408180235521521632934185785257273716554352509580936481336156055093092757732103075697662734225437868097236201277034442813944615059090080299524920410260286796491125422357366062495867221179279235344446007302168130540250621386117071587025325446655933410439814502236433599764561092904695593715245273100530784574198316939925617928368484768015962124230113245457399199600344671295299039638658095878758738104614936928781876219080897548866938402168310535154538767718730756649208934742991538185596774773413813456430957078383005537179624962679827799968280365913062055
454 116646438201747510841808937800731786258154644338967746665152785197253171104760557926855215320224575842774510664294406178145162095796890916246193749433797884410965982417135867435129243318153678650837885861220721047809261790919424706430761493247159416557726414382870793924855478471977286665964915508070674712632867662366605475342911512711039806383413809332565395520114395732708190381478931208882154498902665803083962332819374390409155604323572745450167162288620078907394130629310972555699382957990499687918075448070381500944223144925955908167632476393909433842928446328996792351765843098794664670977065493670317016998460054706705107719193423018912022025759539951449873617626146514810659175280443324560185091439868613637194342989818908487666093039643249
455 11294419265543351132806380158506365612041517048641428793102505668207085389163142037520748231007083759589165595104606383166135673349540028879867457585814938877188107885936285129709632162999405122985479755025744197383717550224588805122151551217002816828899373103717081195046011319513531517387865795950880990911169934483089118192373761590137941255794016103151969301861422395078017118250514460665105421961983301670199467729848321675190904792594165245105362983118108088210031268720859223912067468880758658825704553311047185343575906650737275380093225482166190379699259151134801168469681602733807223686043665492823892831649521324120718485509021733534012062448503498829986563153525344623722423902322542575680840754183943786221975445834316878506814353172782557
456 1139491367401988985237690917895303753547376401073902249103346491657800035703302891972164427594586208155815527891712617123115591679687673153199422271959980350347828440842125921231585316146458014073949840885238280448417780968046555958670015559911406387036254204138981972542429850188559729095225770530894314415684989404667747560273973409520568566104402608078363671999136969336605958542865676404990722837533707323814328831708987142216794272420143396883624827729901702301238161690620506834363084091452054349129204366313151941680919716746493378319647866993376062227267316524567881749359681585781648970064254422086775311556724523478046912827574628610476445942308673462586721349298436636893867150798367446915439262697719303538427750226647122885693210037372542307
457 110739515350340871566128481249113907574800369731827977121436817595486618823612359043639811010573745943471956643476715697941581415023730383119045389254518572335697784414546694334747708758186908758940237395679712099956044374338390994416531690918972916903427626405085510707337465270350828766710019859532412949838593388270934189326531291383882846851443479155757738122164872902262565896112253389448699485935372737022616644683276932878801646840813450885388958344885174048491014903237060949275929503531445384562565587472295356807276410827151023265454107241482736933602513695873990910737450744821845786755761555645732672844162344233269343790466108977657003333806800479250228591898909234190701774561888622758739661563616244665970944026931041720620827673907664343295
458 11212071187301927216682349163072519293197126002177052805664161490727467441073126659259716505828988470508712323407410461046131220055100988713376359802195191817579598285109201624451455761939701170365075799675443845856090808886580489309239496079048644395478043262082285409712558037617245398946900663160337923895390104153239361760426105479263083496178778396285404563014428064812938163203971076623112362034797574706276807580961807888157065247384137186860806060925721629927243000870067615704274536264711535415102150819342108654661982242925623763349950802178574647156863367624131293504372044023375885166413809395474937773933941288890702709056667649637541907331113076516828370532203362238485204841706558931635355319947270831452111673139730199113998080325139771748233
459 1093628199433602751762664130177543184330774471822813454921182774465040984735568388988892901636973382969187905464177539003897679234948279552695735287198491246180950814661885766866455232288295911682211962575941131097673576530503337418263098839061507965530385427251590131150715476182343039851214508603293857077773673110315044361333589038930046635743585363744949241951183379238731154779628990790924795896776000084159030304963997655438634198873562388077755350001270718595801612593489415151556557332142491992376914383418932911548603676752684646306203485213250656683233790588149802382378076030618146918894680793847699197347326628809802707981999518953079415918003024530839340936217445662118032015898513891786429182727678413703111026747487574689064983985998968542087781
460 111117541391910197391086923669602924147716881759192201252140874501983558857178614455694820259767430243891628749090721061202341633492111592016445548268371979943463102665048887601946815364597155114327350259999238997324433002272363396180713257886945107754605210934374777044304026987117492636558505875403738255299956540468682577197293648020623217800394490757964828788716887383927303404653615220348911289826949799365210489066564511706376374728762722675621550477570631803336369002314739978262919957319304510822287487079493853063690505422367304933695462360539837968428440401922786795834400866241358229371454238701011110011292203258049518004932554442334979812026689490924230695003162930276296898166533894815996330120522619733350316147128109378794258849426493594501259755
461 10878072015717455366836199177775566715056186880795090577282599008552848647109844630115180752500940852181794563028470063947564826620559874845070807993771865718075451683695764969056241496259814411884330082534239173371999800882254526338493321769140188454399249127556998775967162527399458805411738461602799610530771919367749107848616689052369150354126903525835519477580022406626809440688626869391905154765233592827100326274485567836045136674775707580457667545603482156593752329213755131940839300010332670536096757328898789641206695825841654658214231274964661015696127047884033820211878440224153306403573654606262285657777222178081268889522902188992351024920778670968968330345493861252995397784618257612725051317099680596608547424705183407429653316239391253284186258263
462 1109144688679081153863935446154102022264954563368108298524196982210846479791337530689380704750973043185062640045809131400396337587960642333065060992342324335833591659689175215707038513041577677666242395456461215381260578046331216975837282649435281233611663482072950040398288423896737636095930369626282694349820425593867681988734358536719636884662906701399245045868484037377356680653087001902879132735519280644715482309930770091406966934443937820448143774812076621671433473046928922626596852455856100106770644714123008205818259465855804130331644313933812925434266836035094808498801806086590896396368409389172345413696775157648282520543629194469375232443991162494893705758085623150126715347763849990003992824578114124384593115257605568360908142895510763761061915816481
463 108977339019900729489216304700065883461047553969973010935957965843336359540641000338677659633635685199398669704744099454344155357117920840513765188586275469621156951887703005667355489710565686528510072914452887691745688869530315998875516436585206330018321827890504004682837185336784002345195573221029420792609416545450001030063577363944750915381458682820544320468513790370205947688535335957419160124188033172085653744357730350428895681155981864518153594760898929949387424906811848801502166376172536092830207634159185083051545047264501855418804456195579356652457113848681199428465672322872300749667155113241773649990482315218448059485330654957752569503696442941860079455652939474020106150800283930924619155840732001541928178126986023502680777433952049740618226735210093
464 11150376517817327814693519421907429113123064844979601835515085098647607870325613134805724288569171173514446336059245597185044330521271006292803472951921294979336566364125776338165852948854710994169699715609659008186790243971801478774407291145276085629663637638601440068860709639462122946158890171236344273387108659858374358682201381816604237518627177004338925498740480562438946856927923389211782758909839858284483871119475016276732274756252599249352670120862957993757030916337799615402290870887328349184496763999520954896833011253215783759056430611421622146580306340805407061131829697313514642871363942191213784763506725794462893892687519883095326101219653655586279415498908664264834967826428148704345768705977952781959198055155175357369200209277366875116320634895245939
465 1099536148688772125880649530113134509943906333579367011069554751421456424942605554268720602922412805534311474248833911560660372435098499253745449152872107713289160171809369906883673159610517030397683142347549148797765483556458718471195405710095439825307682972116643774075676643915747324601243070101709724306007068981919015269590183592379218675330424966864710943544083465282893999876561289718411858020292255653809171820000282144453006750798962002204303334651044656291536500238306040244313695258123332876629395760905723190130143650378945233446670535699009068899008245030434990238624163686780214375319017806791361741974660940018121462955347910131693136117795856211647718587496514990131643186386504721476151645435736028634893157209994432730381354786301502754592904136695313071
466 112894728966701826163041987567428604939594646321773583331897674617930221204169632758524400885125468205100901729359696118476045384631433416902170269577803253452195474128984217142058048796586600015346719960575888458239824389611167049125442905516400487896098922116653655770422124171942372348858507003980544068983643547983742776957846709711744840913702776592388013566474850688376990825612243165970032880130863359366370545433358902554941857902953416159011841187294154005858805124832250578469740613074946416013295404632620860844594521314035108218421414275442309718934726511054919374773706994940216355641668448020451837732423633868193894055084700131649072456717654323987391462877260855893777290338996173347571176469060641149765643120798539856533760258221788543181405192308987445049
467 11172721686535666521675931544512119739771031829516318737955229551851151665281438366968269208559408679379713394281528738505144270547273932272772516094433017997957092669296434816855219104555836958686866117318044801971532444625833390112874512261008226934515326466003461818085077858427831874814179894661844573796712700896353963778684934345419291141039704868696602313088571331138666733692705884939341622217810362295264097060153171623943325095666644204120975001744240562161844816008755190751838106060321153847714974715471326475016835800463681595204189772575892523795608974049884825131956436264552125795529394101454152809649761207031764082804265356559227758813409991853284375344188192086244687633863689782126217374573181251169547934047268255906439963169434134579732848558299376155893
468 1151138996520527236010651417700087550329221285575326923370713896226891292176163231229246930915810619639351539384381035061525158598246023481286503490345872525852239907264792073286719605004342432359031935647598223301700762119594508494431051152329300833181216652631720678362971562165446217979152131806943738021581186092435978136390947814773809540553235882183078924383770004118308889440255279095664779396324771997057105350847401435395256824332862832532526338763566413720804154833352190796916089245875905740634166560102868045930422093485569223857419165421777231178124275961581555582635315858963421559522444072906081840174083024569606100927153202470700283968869347480099105672035148979317383714642894107303769438904963882899095471293794056202079066249447976847673846175838934621285883
469 114333059783578515028506052795705521932949978110686693594287957883017634966022383156983356227802508813245491564983491258060380767479907897387566875079603505726929998104856996500934871953966620242275144340296624748489539335894134825221826860775555661075670046675918446008691853791145103333173089167965923185917686134266402102948622026841474726532072226465777035247039798370106928721564256418867356561733905386465941705143245654444016909442026307413308060891316635452336211816363837012220718816383459696092247629498439293667972589275514091311694363577481881614537177355875098440278589140077838286313107179313015172437538409196240630831934055129884571441816082593631675611350786077184259402574824132348105828796760307916803348554435124168046584200704896030869487490596395780093501447
470 11820588763303246239028452300418962362094022956557374910068713105632091525592440463772769737378648247263136303831459256621942395365135247349397273873338777392911873890024616471107684458121709526764951266010365654682837465082385473221976160362067661882532420353793306187656704757177597204710869793726076242890861370874877680701370905130992127116237926417873016419696206987005717718868856404838572811430130113810343833151592010233012035809996073853645231410149211603720845590003679488465962397016969914064219649995509077242810630716833011423084135663399761504125397464913637414552620832754408547084721220107244636550719863408463309272267360134123106982544585206270600336424212349547842515572941599848754056721499847177286598362200014976888705274923537951852310068904306513744446157777
471 1178244379843811941307079883287363414450137411650758892557885867122688961576019760242431305143435615268248057208167752420051759905710426669081555101420033106481656459980864350648258781548374549919813486476233384975914668830039676934017954387386442499414890037131597250828559455060620468672536779736000137773157972272490524795617486382155590739788494349872075995730045889504153347887445622378302363915800175202835467993174134375942425678346315292772222297674048463914325763348014086442492352120251366001247780149095228386572173811429233632189629592956208344899629264859208267086951138390991439434537314152258045894128550817179219488503435906686588323539073321187168875585574711093436570797306327274375998211932041561948626318345598366006484318258796774295677366492959024176767478900989
472 122234857288314436723493364500680539890322086445252217810458795822530023558339459517263079277627926457825369660519153141342835265560280035678175269160969300633307083838231340661283641836644386248098954808846692787564008965873011233397071252510379428431466570010570065171969035440665971799466854319869596906074475880653494611558246172465668825864165620180656268442052623221087020418045119064942518989825335921488649062474556163185519996711987248781080205098886222890401813392975294505078129400645281295000582854017644002821514444315523482218399543699012532864561615287857494099633111404886038795701922291098597071324544170764743197018299939191970765059881800543444334004546034430953747199912160951380871212240829097645437823542959891777161132200169519790507826633029933089512433793356675
473 12227482953286234222178808736117063221469563742701727543776918591452834150165905839821833127751590118825680235128920038113319052712659561466933616398284876997588065053280529166269375360171218701132954336916732371774410597915659436352522211995498345169297593203372241444825436768623069029726228202378560605746893805692087959911527279387732257131280517376132924060021193123553154470091514283833910741742161680846226877474221197185262647110285732848117742718185640333272219586391546282913274256629827704537166764473608197465265997461833422718381704637470601493761224406131526213182723159011820191473345341499616288035555187654047497813138386787293264300636974428709240445031000223161474475034844275802805411891647703933826230299054939885714352512883928581971677719167737797570444347173223519
474 1272867312171134233402100278938287771196199019914113691459948746260045967443384203007391842720260710572644262955218096922480996822797247408029227458281498062763316372456044731377572978441242308502999250779750429157981053476792605978610182798197162280178165211907516830961304083007621607744268760974036842525946446280376927474850678124743135785846626938814723484305011140146528992441541721879622246442284613579506508267437837868091038796441491265637342026157212890074704740520761142909119647016894443100677381974974103733072940514731073441873861407592518029241050076477897877482724610712596367129252944514342748583572477391633410312755108931518044415051173523406831722993361677119837522309709234408867696484322844643130946696719240506112958379980953462946928445365248814522298168930365070569
475 127780455371887941644464967012014851209306578370329880126684734726611464619711180011151161532088423890717995232938234941417385988127489154191823356806073032043316090976192052956689091842625840135024281091870756000551741022510143839084805272118238513377506035328513773804489070977199001648366736470679523081610484460059751401813471059401715382751696995653703690940401974919565093897242432933936135811025162197007858505769583437734744636492381170452484621710023388287188198222748944138403660440119336867754810699644103019113014063404710221841961088677264646403948165858161887225998212162364024245034315805347406820663390046203939172915945605632887208977031570014910177003484997322436439845881824423580409428620229365467723747788605622623514853942206868198404486409862779262259798540079825888645
476 13347222104373427717197356694975630718319850571103078862620178602670851544821695383137910781404698388774208804037456420589257381265420577465233998376969050134693191029877926835826211240610314616926663268050477670908727612241511670621991168206016715565055283426500961863873848788436188528901327507974038699219621685318213888114324149135270800589126098736622138283514791484884761798788967606895963061613211416463033435454239829663644541422401023379490078735515117417655465665067115455597403434994416366152490208437028921238385713642182115530700471540925865949398841254343178351409065879024683416455902992257404782535725644572620007134146989879425248603365999894626790984959757549925246017649908110655678075449907809848381695293940753716493959313737843369315248268960693577206559165937231856534027
477 1344637175172995838365011349083361984848870451475870913014438023544438802741853638147061607294305650646600906699998788685484900890671589176012748708885314419171594730234213320044499204873034810851565629727581031331186988588471968921700886875582050120934881600963574236659000243790123642831962792388689896919912186738214794050410157896398856211769166252280775853253088999799553775090269729364698698081541876583433178584657749553817027687377914675906591415782458948342859332093495764308197858348062996072824524312813994249063716972759607039379487891636368182207275675110118340845006863734375867651086016038185323455990148495097759765205635894690855302356383511451745946228257960987054566565488335531354668936762698573412076727395301454554697905531872845112016595063904964305261429296186880589836471
478 140930833413702181435967340037198710891480326815361710523435590265982900800245468298403882468794390701245409102719886130102405086714348111843526219799834002384081345581636620812140822187098212925160543429872494708887765015651365784723568060336550873913008426061823215948803035656970907364711671902020283033034864765604368956040242488109784863405593265746557262753633685402306588139675074389987050706345946597735068796486353216189441002063508459686957127325007113085229293973140117198570493607149349744181450803171851527973646526854195027487267206102309372172593491457480763996737107743143449442476177872373742743010090287115536203803098398497864813337892161171223004818498797908832358905848230236871926227613943660582577203356870614954884687751336422525363148127451432224577834717846126554710366081
479 14247768696711248223783448587262781649481623994631300336563926267247194426097557433536567773844100562488499639847267990332911578395215172055997404065256537523342647948277881668541770323614396094230660477231318283915467706728692615125852232277672771824718627873663754346214728676533655989129286702045652776597671993836462712010575235064184872737631574039888997209411774960529735513340190173916047879599009736584458651046668489584522529666472256857371939393182529817940394161573272610527126972630600600359242830059253476611059717143009621850134511990323856306933529405290142995195490466673832413033883774675626682120234665941728537710507450302226770992193699701509009821447553968405850516873831393733923137005651396255534836620945240067960414554712400883853561441355935610072005490841765526187837756813
480 1498360524245035252113815057244291917510426422105365196276829244702499559951122779663880210662178490966165927185193109383924404332678271713196982080968703073171872772257163820500554812965897818964192364048474363897918974958119129679942494818174712138226161494464916979970350463107602812489161416636249836274266990628059296343375691376129930674386661516757426516275871832598311169757980115871290875630505807083289140110708081940028638165648656681137346381342536008670843892900689669821562471788768331295543878589327231631871648830914790376050539606566318474005992727330958847438241693311422476365501534462804750980191816745047900281631771292680841711487229756266131999054528495729165128574051353396196980916492412509045371922477955498517922971312287206470242328807284788019459071064534958700972547582099
481 152011869563368041185849358093340785080112379711818329974304338255656713592440412674070690186213059078718245473997526112228777451782197175504357738851769125147586782889145735526617614111475713568352053689741748478033247524468396852665430933378170162342826178513851286516152464265065337051381557804271610734994709401834018812711405471931481869342839900956189171539921555787441387861695108290578213484218739308305439155601177087009303384864373571754940565925767484432190295871251227684081305290605144385479307218489767251920297232955058265484049492779816259475652617316496839641978828224002760798184151288223203131246635582811972092749504417755663495657595826248400666332419763171673712475517975477611106996166723304944997074535186923839610818879184073925153505020997699633002901456676307173546602736678415
482 16040196524947908818429769091370364865330286615878486617986077269116257888598327775735379272236114524704946915235829573688005577975056027048460757045351477645301263874880059946133201519547555116256916304957135325479131447026751975946719032406848882090059753606425008404122746794355655359951053352687106238227731566447807161524964522685923589210034868205905047258988548173328282968531776498886617925903251135312330688249757871605401997945249164816416168889252708051422718387198388821274414585984920355250114957462090318566628121182743440408524078576191964404321481060252722050358740119324351841145983898877871504529791341018508743056885126677453281243634394044955715201162718811843566086442426671068075488530909265828784180677543779838244791115217423278471701991813518653906415112608891708962821277500158105
483 1632995503920560321034049495227451068433094591507346358756372414949977314634315006221063707163457205711600510506820945046710001941101621846283571721611634736653193912272402576563542325025976520976932315553048203749992492925862250134109595325447909530444374507011108416431883170654705595760542565621138310249993915008284380220741960919932835666165988823891831611767701810294573895701128005908084335193515485215753552409687014290790799889130659683586424804411173148524496564691519523172170878487328545040714977684623246857595866238274600233966917781279905401224424817863759010910485484445561588350056173410576825402900354594253921461983298556843111613195706516028314435405911445849905888065202873364404129369437380431100014791866248994256034292248597620860820033509714814864853317624070610080132786164580424725
484 172891680722642365750041199765661557222194580909343310533629670821928535501322426754887865953755418049364141450475607058536646766458576166297092040848210605209928186520463983745699064474160176860034701473040960680988505257860149095606859341972532746725808807903340465199115572594391027767672884454507491802249302389259518342368741374931763567479528240748690285304649392506539170601110970711460920765023362939320057609115606044953391732055184761044360929013719764632263434836379474881678233789069376785900094275472242290716188397956375021966650021365796969082223795686131014754345249623082484387536766620644880047434539778841075061309268953806890782069803555345920548892208148601882855565428907484397392850203753446999815073508153533977473329173397383576181137210589950880801290719041650831914206044135245420059
485 17662710959837697660083679841778281078559031278688857766960878547847830348403085077598734134022943847004506141794768880396421710388859018957271244705742338394073922082345783959719261332597204379597803881209408883347914484369577635150880443685604505156280614644808961990588079760822840639677056076516896469669983507008240017687715928242943495255929559425370062002413923694309608424747425325495180053233113310172579782950705329348241840412560980364918934665159341134306152270354746323366094651009587704357142182822345593355886117476712907272112511235224127601753709587533827826167617740315437785179380135876740857552657617412185863543857555177414665277382133107727103752428784348669483775340563758703384087452564641136889827183879627915051909090784800602518403015374732090781992195845246212082280144135873295201639
486 1876279971394233283260009749675502673736293403483208013638590117950584860254906624411641496889964883221459677485758733022732789685910200316941273846981462897645699683763904637159406502355222461319651962396063441743897506752262017913737862948066589214684199704623727290145968841331413200410560732957820455105226453967180850320547593176852946129789205540533052792857261372752139958184610175144215151640556237532785735184641826314137316166143306110879529960332629565987969860189752707793328481938069760740863921132391642345545446384906035072013746080252183817406762766594285202351983750728485884412788953386070753230014974490970199016512964911332709728584483020301744462942125839066354487733898781625788599819257996144938070381012444103303456466531248651470738396414429536948108028012244393091896704058669068929533233
487 192345821479428426193905604127567675376874160957198378698439616281260988994403296780693866395708472208222594478154129087302473913524415145502293127283458545042484743004630860932633153690067543748729674279629219126567032733287976221331854242230655921443418990038122625037021716105466259543912853327885155799632893153628649479288696084242556840481435883154677482253703526579442932953379855112167947049148318853652301164355941335808204287434230409697196813955924081041703156284291019733838941639359332717509229766097341974023441242089933150381380765284269618480570953360752308261863481586899128064795574336432640687887032696246642543183173215515193959171149342029243855334107353481685437921583990188908141866164142441943966786580125451671372419991454829025062846408205399640964191690860952827993326891387807939363011613
488 20500691338527652683520141154422520585041902298923627603730226316240325920095253152714021331526402247689357080648587040603288515673310394243238006020433890435084976740835069395401687150650354489129606727017190862647566270617788933752624534105058549946734069798166790730965720535896631117000484443661067811231182181400672711437409169148393976581311719406810315783931430045681783347218280870734019676524250412469806823150031602992387011395233338702436384555231976486255425764986144399720161167454334139977153652291833040120517514460939858249671650262511264299284851921334569346743202657462552270551836017512947588983900673244286944673714648182203547916258528578071016888496926942212003989763798203248237277735125391102065423923030000742029879345165981988192963197327183632828318130765819054956076433078945601697700436387
489 2108868033350748211517772666548765673786689456526278278955329410035110486185342301497521625708915212709821060593521046023274594106087774966310492877523926133744969033646071908844200763630666566731975035158371239506463904384448043988053643854754759674255304878256485809124560931787778634776913670116431748868988581703961541505686480895497763948803724629772986148245145595669073399197935301987015599491745671906162470478953320277918212505508018240818324195074940161846998684262060309540562797239121529738016817073013072819430336789043143485471493032107083656307909253594579869445331555278108973025577257038227299651852739931101859752203218721653195035971543555017637319708660749069786261245799725313199663285488515088328245154758007562035392102267134516338038913274292247963823187269443153989161143497869893384285572360127
490 225514757228137467370301390884919905094359769848180388741984739283242274404010568014157241767146692282384921405651701643479111447643769564740259505342451060728392612959016076911156761909141752086965461569017683285002261146542163006190970345615053322717328741063161698504889954059954061720214385577193602019063320049648357535488925160866990139373062550423368155645970286993061766436361875665901074890751273728227157631454634395861470561103736212609276066794511738054414445001029554532827676528431211270992704049029305031989437063274398282438523094341015788197987425539374227148421452060132096469520067838227033989426859460176672317337754952451642235141119269279425577660308122670950943444378310546525038871484193506098617121648643897433236705427792784322708418492635504379986618891229715842082755954958623611920754094940745
491 23277998274511438772835579795748758818581307838754865340614522619881437429626431560313258997088345693718941240907123189838473227737104669160900728185139895491762189196730266927273019165493141977742321442945287861516940741157813262299446723637691928813253010356376797500800184123724393675158726759953886060250143632750425668414448787879711105152120438309859863889854567790451724944622068050876204064195867025866929622767246996761004558819873581186190815329068421290972541916820614439998616147633402418852988181676810839878140500934450080025420580599930622451253471772228217083215094944858611854721143881142991569614782968990474744398067541041654583967726758796670153705593348685677548874540584040893498825020849082360170051716138457767705667357525455843531884456421728817860740029020464354390249016869189970123171490960849061
492 2497499402563712275555423059032991347571714635547438150255419740531853551140843077551656115342224089566909853921604899874266764915469999262107578342669206741905962195209127020952964418961637791035439792455533807347981503527041634094392687403478777530580556771717226463191737801377396553809011490133354773696005477337856445123844805217547772510798325524385820254968375983847597857537874632867144908734268868692505412051346381880720201066259523689090016210642625609405757817652606109677411006524701097292862875230335493593674939037046856143020197044317287536366219592620948153880108323782735086691739745729173140586272982235839281394992513763578020090119997317493742822796348940582537438712419559638615740585973196189737900833280443575021863489370112192438278313428664506868313973340374755890889810619570657012452549199668437547
493 258678217720484726826159551626218463728360093937666245159595447139909320995655072946675063609155280519577233308435658819349220076429656991686117191287710902556265371518881137137079278403360569460123165528484843894373883717924314240419327318478636407701334553375842552458627410997016604839982990185587731290444213444605043217840221029531466245548578454090047666253898537080969599688911206244366859502987219998026962802921190822105808399867301960179598264696041349323270790476003337550841760704235817171098218539881403663686721423213524912686114783236548854279699508648526969015745661704650588728884959856918246683873789077932334313600546465998180999175837540813886926222397573209813855492363799244130574027057982539585379843291569060841275429017145252046368727264908545145611625655896309735709493190525186342410454636700321953303
494 27845065942714073379293736949562521814267066735279778601991272182218787578753037620166730981173262446275762834015706137433509941384033894009094887443117933579290323259599902982433694589206749165852175588792287972299448824562917469164091171322595855641624244955579228798069800297001598009458371009501322737867308230334305253647084493256398880590577579842660303715041522450500152372401423693912046164370333043963155274846276107933466213711595268503553663920609334048296066494008073022420762180114596988912147664133692192582144242792232675558395409591919941927660980100214454237894455200508756718345654978155922446304049885073647042007305758088171559814870133168208180858482833964164757579278520756648730215700196426514435329523550510817029592378069453366145201890302884907035853904905838366595347373580011807518946494747117967926497
495 2893880551654888939560618631752513607163229328244868161359158169905105257217683594647823226566770094400516573288723769485186320637167299261059827127609610821338203142520303752105002311130365420803079866552475012609692645292600753298219914794284163177517849088799039369407336737648314957408905552653908958325261499964365576295194164015641124043829034298000495178461935669688382227210770067562458416505624203307561177602496233863917125340357364263762332150521945400405083758180942163668851631110703273997611906540255427537846651995969878086564071265917582654629315667724519313749838121992159249351565345597406034843546595635019963155695765452403731782107721500071149555050322827905302327031111386230565571527628596266580626721653495976264125667467751011947627116002912245748054762568279734222665173412079452710230527269569513616880813
496 312530276085629260876134024923172839444144667488108051639064391080009521956428867303694738141427289874575315539691304638668203122712135605673036949824692700145192438698937532105503502358768654455131448350186564439635634138633610063684789407332676092505332768843936165846016982143352928958069695227416380295788619132860373393260020609612802976528353027260267098112008639798562099793452088436505456481827206030167421754597573708398908679050794438093045448143848525834090706561473816454635027271561539211914284523118046040482984108006822346405926238479573888057924957537034706041856105881984586130835055297340411190524146043127153574832939655382164503614768103458464795454693547600671613277773198076158411694967912355282798170865085820924684437219228413514429075971755223804926442355381109572345137842354159882852066841892355658673626803
497 32590907857600198212363613516413293121062306285279725176589128595700178149321001271473867669824284214173210668324038330226868157100894440916747299362250218648525559205506792896830927774383377100263854328540283461728209870735270230539080082645878524169542439471837387302081164161238889833957865949917995520981600617974336084446216129220069174708838560650904725163886979958476643664700709179743450569619886674754727348331778513413371215714754867683388894021956061373912172055906380967307113885891157648722383015137370313471504311292704022721374958475307991695410520171812908214770303838625194712236012242998766483986623837311156051718218161202453893713341625674749487211100174750222621317537962109141245575044755661259134305181138779460198374988349477929843017555844266960845572590004753490483204765461189248693244254991913012636346177903
498 3531226493429608375317464725205966938054871528948328733797232217510128940281318933004908225248223382020011252625945228619958602149929737348014123142493368839754942939355495584460859139067243691487200056612234659458531578008612151368526285974760637936682175380009450762936705896305457660182202105892647113571769490998953849358033551302491077156624911516380433116956885166327210552951199043382828476637619917967280791486642153508005652515293768920790331005451647949275815061794054045635861843166382084625291809584294762116099530275149996104091009330316022398694122433230343348771692243173482091320876672127321265714839327758792324151062749983294202425099304771632318119454451122830695944994553210799556564105106707871514925028566292638559219491102920786826215604085019090013351152517477079236105990108496736158846034225850827677818368039417
499 369484415727280983887129824520597137905284338103253661871356574430643397261475198329523234921423397611984793267504194070208296301421124282419201524817340221645374612323813059665770348289902230667412817000069917869229503022818647362592813197559800347029871560870137639598468706423783036697531810276478362143772389067375227310428089777485101129353052689868978503836985548382511177792515093474695974811286835322060891288924147188119307779146346502456722109759491519789674201508130040930531174313862277858000904769471336957234438964018529482022006663813418673424759635128418044561937340224920631892392404044384525195391225406085804346619778064146808890143167879053495761995330984015438075493896420341087299676490199395458515264999382415163140633687598932743800879176423512218928557676125692931415693940814946283301964548831615442633527355265845
500 40164042917855713194472467060994768925983398109789930690881440062396189744312132118188203817109683764666236256110632056612391386117999808244138487509173016240978790476312649994457228005384517796220519914446970797739621741866963798304987636745693868029500151032068940424044056256465519548517753031689251131058738381276114682464106756616856885925575386918316131326617127791684374973747138132789602677074497030734906025612073587082397024943431264244266792533573006333200633087441688639595575043536544872923767355719123794547630958551064092605033958491850538537005815748190475352273426322202785911586552287691538348339540351289948421450408436081227684603765662678973947457412569459360383088515439924084040445519612565185478436266293937928943069996967417102882733945071587654111363711934558154382202066229365169920046358982434898525445605415329339
