1 1
2 1
3 4
4 28
5 262
6 2944
7 37666
8 532276
9 8151322
10 133562194
11 2320621222
12 42475263136
13 814932467836
14 16326188799508
15 340479903535258
16 7373196169450312
17 165453350568966163
18 3840489521467649158
19 92072430090995120044
20 2276807696679096394552
21 58004514164857887158938
22 1520796261203281523212222
23 40994872422690640880452774
24 1135130583873134890821613888
25 32259379601086843558670104879
26 940198804277476219414958978194
27 28081275776758486321050675040798
28 858905455904858446496406186465892
29 26885574290376817160915531992648138
30 860730876977635390293483705398926228
31 28166421491914913287919506833918206404
32 941600644421445377620570012183546927360
33 32139472166556297738969606270313225582273
34 1119501351471530328448152539551883214557962
35 39775122240500990586922581470836192741769128
36 1440774854787403796392501404374622331321442686
37 53184377184689097418373564316852156906221984167
38 1999813624478217895604981921427873653390081798002
39 76565753221796927582267218313682212781314546430472
40 2983656423955915573803729667276461954807118237668784
41 118295710553337293059737035470517018028271963634629378
42 4770221296727527437817614892290183519994001305707160210
43 195572203323358650246381185783123693557295095531630943332
44 8149491199492620030988173158398128896495661539019496048336
45 345040405435133238286998783570088075024355483673820798546609
46 14838573953929618184469911501801383835574383691228173542894876
47 647990769400577626539509620210743347368647655423883675866653796
48 28726080893315858781416516723316529542252806270312971015832946112
49 1292396644242151418236533104786965185786561818098842175644896597554
50 58994619247917318131341064463763595217812627134922982506274656896150
51 2731589496691079870506774070118268067937303181720396246710302996233735
52 128262021005307911494178036369517498062861176652221463974561734961980004
53 6106004983251521734208286252351460786076477925723187734427155017760266473
54 294640846180199015140181364324134836117003615068201941544302060086241993206
55 14408178176440525560506157864582482939238354741402858321563151647843890988476
56 713858682329051979605245798429930521635948941679276873836431717547853841431716
57 35827145961928230537112463493280848173756152692497272390670886140606438298057721
58 1821048691354695880826772600043914844410413281137450664953204113750876557266359386
59 93725030097267329733509860184274589497876269715015050882128883628872492110921199542
60 4883511423515952093305828066725880828606974624669049586627356016931588967517837336490
61 257556075750513256184554440885643673038754044640276955850121887128236296700733783561424
62 13746657578204405669686414053861445032906642675597523396294766605617459998272822635767260
63 742391808686456183401212379178878875553877134562698145866595805316556529797635186353994906
64 40560859891802388344087729406814237961618130327508347443071677020507782855838246584179381772
65 2241549429011048771710561070021713668443456210902864981825442218219182775504624827067497857887
66 125281780611954009154339656563384015558766987832645155929176450388932913776841234032795442899909
67 7080421240756103095245896212910857222594057079492334516115527720400498999224403760442218220109453
68 404572942794497295700556426225437394150453384095938369494447127030830021509960784951578415070969736
69 23368878052199056783653341401329704330153015010831043054366837346455412695509121649115640226853618604
70 1364333656154088213564550091700677453514086417168454547377834138095375748588994254655613045402288163874
71 80497993479682889871536299032071427216747788499964044049600952732533039842953897137158790476354783724555
72 4799244020355666908925576948218312427886801384741712079870174870685524056417659958613998204743923472180240
73 289085960904424391326200149088767608059384124986570220317548349736382977301662263339700380345249115206144118
74 17591062637956850918281063446590425020991172618819023091829742435896911729842344792366450432587541233795484265
75 1081219701582474845540050493799035429722142625735500166482657505668835713020029935767699413906794000096303349070
76 67118131350832814898046812066451263478391770572933406358843294971541042958593688123889163191035137984298297364498
77 4207443619293625766294683616987638003849776780744182529769014028228529435027280506589242280601198498997292102339358
78 266317094618222987532576066872693269206618136116291378795552677317832978227860801801971931086757884541986645257199770
79 17018959919994581334755189735474736954648668191200253168734632454198755726869475269236922733216077318158081757492673908
80 1097924080607644250389293763581848622348871900950212086851524052640210394130121682553276981882954888155032393915133961760
81 71494088107358097391212471956258394100449305783368299212644658322358596981108174081337197810766947443929644117507686225998
82 4698732828126684228216053171158082189065821308460398212380958517340823701998894079640165362384138186276633494271549573033697
83 311644510258840786503980172619378534614806616497379197840851148847261935651940845291980155034318801766867334000781862665690885
84 20857518117674259003891216750300442381663478279912087203335671209330372100805267390759334067694655041427134183638249506153566994
85 1408469587996929033882255557462812992724933220052064753791903118583937594285066010152077360639516121519647853306831890211803154646
86 95956020134013508477760741549244126028750783378848338956102110986226366859456303701011534730292410097963396196224811279489656853836
87 6594714596514318326585495472962171568416918724510010594829670750375215784918166776265406926823055300724354498409038952570610798897325
88 457171133963203367209930552235303936661132970015409148771059742800751646496243350270140927761865116688368085843315170214941678760885244
89 31965496519206469805867077622048391883580367806602225009402063648790298475056855486541223333825759395346454949736944208097208758715637974
90 2254060803230913717488404786176764942239053061137943796060322182782183237481262718004089534690111553572326812893740430718363851146857323645
91 160285329220835848636159541783239200340141392931481324321834469468584345003429123177746278484102768719471760728129158527516458816004480513921
92 11492886582527290308335502661641630026912671012782263648432408557627470200492920853481056839878174647134049758156298836235373316020914346440224
93 830874904985615128689433044487014780488653878658453651145810162424387375845784649723923338843095258802295271767038432521856966316507370414732573
94 60558907907833378267451000101935532255862518599682771966637716842354620582284790697778871185861517068051951298319238277947012232768071958550533362
95 4449607448804746226253631618513972221115949312624180076562509407574167626396123621033548958046174559622274571427131665769069859643642300875748312488
96 329558650068548888689991474582115512517736480437127228793781820795917080382516047207237755163409501340805315122972275271927568842354782840486224809192
97 24602419978591033859212693062632650476856560323790437814957881318826196470856739826950521013578313216453330801924645859229419699159312041140497856064332
98 1851076732727107977145033958958243446225862130295242443414739138526177016415128640818803240938427116827764902345560009228980759056195817133263707653912268
99 140359077939684072887590965526409406475367142854587295816578738888739425397579988271834708720193346746078227256580409745051413954774027882085805128899784611
100 10724935692542576373822301523594517907479094404033732085008777731797636544251890208810287853427570860482012274378215562840806194721420832841181487460149923505
101 825764477561524298342776310919936494794262177630446982153723136080232999681572735969632694012015223401147863666446393207880431072557134135489684479312380849809
102 64061157591362051844128981634623141256438743086267208411923854576424329099122982870034009511268124038719455307637817115795989697407799780637161951054665404768079
103 5007036829888226284185647409136252600842859028597409500376874903375968148628296795440662484771157980047939603078851713870905019955880229750569446309683973978998823
104 394262146061223843992154387131469936836200985742412995668318637520814400121120849419544232455579089858433393798161683496232520135242350023262480304191118984851402220
105 31273685825499773412619218982916953465525448438568968395697141917444626028157164721985315800298978993572252699011183994161875379561234500677421045826835843214567239764
106 2498818198038163901119982006995406450846499068621661007718245569427295614766020740425893136422173693313988573736984577290086485580370480107755818365298395044886282818612
107 201105646886280254932753251372758324019933425294772254183722383356863956243405072038792823273554761044796764467382417962765907594075017417696995485819630373026993844473109
108 16301245213278985407956035072432715036198934949206271633483818649843033731343709034961631585358404726111033046966684582173288900620230415641923891037518022100324335815823112
109 1330753364821120528463367481073188233486273699553985938425975563314398981343584789716551907596860581516045378682952283911024615996196666520210985128044146017737671363795086094
110 109402808530238517842405156470831911140884299109597470013908427291410558234113374553066485058782862863876764604756144038206896511374142999176438774474350635277090193865578014628
111 9057070556851262863381842234065902221737789165272310567156611524313881961898567020297464810401311691031976961769344460501405623638215156853075363518950992783966017740036163448168
112 755005517713274109921981618261658785719442021088471222126687252564498889712874923980433838238149732896478252305033299029001532194001011767178619470580839845807759482406917735710488
113 63371025210046705858335819969684148708151395239106526834439360882558478284351557014552484099328568310877891028418006617667778447350397638221087187763158157675907293668140951252782556
114 5355316307851999015189773754656848617141178322613027835702910652775425364149304275323977007003230987421923089701319162850901414396561993528896539949838245524946013219527223321399586738
115 455626804406381229677163335087482278340861979332893349408344411230907960919112623661921041114241327163072988983088010451729957636620002967579899856038231110328847125741871731247546141827
116 39024693487899122770621310319906480206664001184257053142320950405945291598676762804462918313766761194607843629100213141649223429860748852714377411345582460462662201208813887759849497494054
117 3364748201174265487962858928920437083771630075502255986677663955570793968651794921971162055359674913194987966180657509785615446547268996828374723061756323904402620747346253269830987312789443
118 292028733579953609397583907486275387874638062266086058989978035069609713719405858179985495540481365353684728430742068587075794659074621158147382221928978775555392856230450821738136947135536274
119 25511501848065260103122122049459421395595266514855842260936949700561787503770372956272137640861477034560987374689809781451169760404294466781651355906223021485996911423833519494336827159979833176
120 2243167629014523972571729220058083698241261907348485188404147621728534929370103713309658037640763809763706607931900604482509850194517840674676634590570654373435861921581021660329872005176751065560
121 198509309999889359425356960981253696360620030998450567838694517806287891627497699986937146122703984476903559847339176627359170989752304117657006720315932281595160168268003237364503488519155431218621
122 17679582489276223380085186745409993372193158409216885786530727184080916782333710405828138015754553656870290700298427830574473314392348420063512627926701694144913316202099376944186430150454102262257016
123 1584579245385450178453947304282348906213737815005339551078846859517991768444543397701810420612735918794916010207947445085871576140388890191584671148107654264004948332720445801478268488452637029180506722
124 142917674177204608226488583200952668499526021131683344288339515222824327354658313224683489900230704380771765261451216142145725688620970738816151779146965210070505794672156717252714445837956070739508546928
125 12970820128776203517113458939922155012757465470382021202457894719102576152751662583871273377516531263224809377584771890849076159720045974228815199503420662992794826767431752232206728567463575749090865200168
126 1184508731921879506683667560803355387669969914688973445786457778093032816319667894070583100138450221484351670172121654225150557688916619547042636812644076585489533984681208010476325186822325933452784374352742
127 108837496890182980464808537988635069558801471705158300480932854345241700841985999528719994834652727994082893643674254183786989150893845691390097495920987065007764283214779986031804355825377535603481344739550062
128 10061637920500622004367027925015327088103401432391937962017778131768928026264516096394343624820216390491621167982339121636876619660924964544954549962630907357592111372014209894550201460569317288301223662740729782
129 935813676244403168449948089700769222406867689233818722358812308964374446507918269475852420026585635007949973259649920008053792001690232155179279804213828270881597663445657345096482771459118777863837560500921156469
130 87563203165768644121759090436168913500652509634753168196771664577624726203098015334091001434887674146989219819850662440314089857201942305570855851610381147241645525435369573482033747804009724741494665108306199562267
131 8242267491970862231638098938862789866426181846443316470006150911612219858891089022732682961834876343664639570368272714378656262229938535459504167167061620118467911095098755723243068046948697849850134251349788642121071
132 780451852914475145479604723576454749580685861397426798011379152342201530380490447851281054328330578470141182641047955402160194416968720904397385277793144020659184508920771034428667687802219117916547898214268788156141223
133 74336425352038178583072573980580685724131556753262484679067085060165510406107809084994566408730480329766126564365882746335614605586494479909216208388507394839930557214234288734301496133220890285222604258350289509634988327
134 7121892848795364992114800060226391232136696126863271627963877099756046569619128883772112610262309486615661589507797720614132608678074165411679072550963350256265719032195685886587577173804207972103908318598744588147774119140
135 686293231160728871425164792730914290994199942666734561793759236328642718528537875041137324374348945223667272921943066580734812033991439902350972182438237262439338311000996339298644608564674281532358821458204160457195886178059
136 66516145640332599692847132976617536495697554988942793633845452775813850846329485354840524222392608108163163922127046435628067425117092910447677934145437788715817540772834500185261378068233562203409406702794272785762311737456928
137 6483810606439240959177389430492644496605774386885256836180558490332125336546399939059412747195183447345493929089777880280030719599038850760900500147278435018051661782361369790306534567521062394235908754265268562856672293267029743
138 635627229893066291986879186959114454551227023801193169847614306005558957785269930791447710888942532378821972988953526796964898841306730599965664612603795757443556731996258102211045067382972764995581811669418580011243992195488663106
139 62665263810066777082744199469434227313383610192093650741397951817080768681888722684607668520788874977399021417499808873208251762934277592105072139842750376434148842814674434936873439526617429750211064950129252561200951331815612980749
140 6212794106538364407062896497741497757802491716562969385826611162402206890729068107076350245800266478237690751174927866663480622944660460162229894690647736765478798170302449747818150306640040675934195220262432952750008990115959697138727
141 619393280754611083734737539601855674766401940689092062390144819400391263440851552292762263039736896970758354741131798571086102172926391442934698536784845010009151838922122663710496650843102134975488544893179382868752852230454973269840771
142 62093966985351316808450374552785735386831892066009225254078023090287859528530214659614811713299774466719958380674277348627287233674069453820041477624202544127551355461378690539413058671369153377623491512759246210882303367039510157760842560
143 6259215071724854542805861338729477732342303207356780288246784979013819899525600226393417065950032939075491483490361797693217022389545207711568864516491144990279746041217240959167019455327382596874464017353839586863698467817453666501765784721
144 634398676074003296831154614100261728129376303750208024016796203206250555473612589144180123696269499985142797767788021414382902222140290980109931281460517804193166087567985191077216302098124561554770410237428419557065332366227867044479159520610
145 64648904063999819170301417510058858046971548073083314646393768011382498344273658236374159623184588860495030021029795944308388038808471267955420957109670240982448048292685200208197035773717780321639123802176351061215092628905755036842471014845149
146 6623710677938221414850530684931744442579864799172869581057618179545967340041141430150267198018115561562366124997455076222522912532611509634435738789656870876380550619018176956379903319751891294030313635441556522570790087604235110739095794757902621
147 682288121802282986450746296607394168749826917907317998796391748641953872171191567651819134743356498407655712133026243655553759460047391309355477027013855217937925066332707900197001678654096091405900046083229666605891899468677693335120833530902206145
148 70655457209902409806428750384664709882146757105216204354125195408032569568098983272168942468984393553196639269801395196264105984391336799515085246935311432463436397181722541111035075363722712789120036630169578537824363693760571836793969416516121985004
149 7355639252251666882469441339234386719553328291491858810142779422405853880057109561070316506159252850261534333860213841623046979083725979118906847197834149459373546228911552311992739281297508588858936193887412363370081666031292294531045179947998706077983
150 769799270711457936968203373765080033448742155132077354371470323042891720733786923664324657069714918705610871765041041774421709185619374089580502740969955496150279273234290116601093649747543198387824066524835178065994041367991472127145433657091194664351254
151 80984642282855460967436799009197747423645198015526292793499755078014867628762989579169732593652246785179594574377733825566997004055868191554541416968674077648989831094133450653856117419316393019602703681520833165565291159041617317719836467802112618921901254
152 8564102499183003373819415665236198004149916810961642975563369610580309822956451947969376014548826704301663160628575248973445193676214868014023811787983572314568588040777120654716529696792851097546566540930288051478768013749609600548712098524046921972557812780
153 910334816085119434185422231038455476205526646460400658938286980317540390642612900792676866757394737552085319265152370782788811739145170717950967159310039385610798315903793902305057748402749381067935825414587774168854291396504544558173877980787717287275346932994
154 97262812329668850457088495159612813851998828694778321257138743903893494347422921618174819605237833041592583324447590869728306693194560084799580910702110114219414866731039429787396172737593819487254072502136224652488669965045852396264262928176953074193411811692584
155 10444924440975215073873916225730624811312482261626125461995463065338916226528828801133187026248840177534844797683530193595556532669788360142764301325461809392944783935832724311198621161043896697903179557985879342773516787674972534517504578473837718364237074868151765
156 1127361487164053625337369684345421773776014461878208626195043944418597874410688558349726503295582199365500455170178127774720761718503355287288135001986522508463972439051344758128676160709982812860717588223744074209834203262268202941274269774186184626817663377624834232
157 122294595382418033082203837262121286912602215118070476539069923376285015220660743275187875866719151730913650916406762278046905608199674589681433163459565329262572713778794305961223160045118543058896313300858089684704996392342661886081566843503788266748049008667563021201
158 13332894413589594435473479698551107260625426189746631906764599874363349540103108527747767139117114028169527900977973198743369593177584830638221322563924519482544489900658894083833392839089093266573102350581161961899010511578120373115174020053640889026884694389446658391746
159 1460837151462356890079218866226347327923215248335307936893572932164339015172334987598417176412402509841899374356475698819356986476842897164466489901152268189197275154981837676652709379638730207828092194583962863741178404705184647948176606066241500547689119506556208774605082
160 160852049942484914886788237296684111789828427700974091493726825867232447313509893468365019318959762395238417323934551463013426252726601702280079362470589448243281004830400662622063341561236254890069947909927407071261546700030704654627841660102483840201742035885883838172351870
161 17798615299713302108761196434047993369267539583139956076704334478187785852417315312908419264377216985028428854635516934209062783392333750436975777716126135664686822512155754371182376597200260071146922882172231619778001177862107163374142898150853330529986861979493057694364913067
162 1979102079270577388066388948677491323908147637002904055477473982120418779734888835582905749830506319717835814892369982288221289462428201765420318979191585209618086732899440070865495413374869955887120677793205533814801839644982764381032123867438324862545268528337996861894032587874
163 221136394460580721538620275376292157743433824214540929127152115208585088267673425746709813528085085831006957495146244863085680527645732290481721754794503633657178136133372764649888063321968729372592681936441657587541729263760193111242962050078169807707950418257198166559696786459825
164 24828480186224592510008242843570400733339306500767518354907653649941789690028393814931312929962919378013638104901257241944186666404746938066177927906913461368090361309491738935212707865489002414035300121360630815856667114484726953844002490959845669326316834217181732061866423749067128
165 2801082525293534804055653605000487640663560933939377961847815399493170911955279456163790954512920299894426850826548131207272214556265596132306177353468568108835084140916671700501733919594910049867079363010826556014677144416898072028712210118903193376447194328239367872699738601876569828
166 317523330587196406820542755022066725401602533612869001441796439767991280139366886667089070712808027003894376216486768352905368626722681827104722042906914958577950373311913092943069069534327429578526459908396272707204928168917429856547761186920465536083880888693272941930483022310112053979
167 36164927373500853048238891795935169566007046646033536685650574652272966824550659231125980061196363284835333698211692437349823012499191425417303053975656557722965599306392560791626386100808947209820662850214395291614550142067096608377503220465219293331901835872500101350993727504026881859384
168 4138568576842177132584697247572970075942797726668759106232689008651671226289283725894609111966480517201975476740769037352375714686430493055168908280100379238905418342912676060819931070521051718217690276279857071911881229893043105713824253745782405033017594100694729702459914104535514698381950
169 475830014808853305536880840564261285448750438298136994760434319084909490994306407278469249152431087588569240770073433768734338176623030806623020338258862645155422741402923784568531482502584313638487883172049197184828419244206377478997012018451015599336056906368805240379440122993066517126003300
170 54964372653861337684560803663254192521616192265762265077980737051768287729069216591942877669791065964163742095408402616722155352322955758358651149115941775941119268316224465055987368887601143724674167411268973717365154217792034742864731005814892242764396195207764684570581291698459107590292636633
171 6378627716400445555577949168962409402242166459012430240904064168673795160207180817682092728635780010958765112717040347158548360078697196140556059996617538781686005831129079214184828904726773996999573825560326575087438392336256621425266341248377747621573083611476654492865753655631946558511355844456
172 743667278568301087490852211120417356897185547202883944849259344578908625013628382938677830788139844637214406112086036458889872146915738907497935232428321507468652097385818955497922928585302626057220808855962798492248532869311980508731446240316926864491709074951638433282784819313256941608538848384281
173 87101282470075795436202085722957678293975956522860345270278754710748004638285740908308352943164046849506842290840046414864472519997305794415878867995761934362456885253516672490472266565063570210764987063255857537886435932280469753778589965625012331857569418869623884700260476470368944380496556607440613
174 10248351893610345152210350583722455397716617700685546654630443042384783164538608734408840134528933827884672179392892258280410669214651075441642791800616056786964447601939755870924385263708865490576914807901748385069060302438793632694184870719619260284001501202571873494815198710784504712127328657418280352
175 1211312990308258304089918038686078289989875455044207808779559208222885189899256509467881937990823385699436323341215106603888388336440538782399694726087413896851581458092158488325543681491451745010891107472436810055890646230689357968074521836336772347031933788920627426820615294275434300705329527599496205063
176 143820556956961363609869547615167228878556051364974523279123594870360516318060871134296423885696602891119597743581588247954846036029204377379443851657115339330355335189345481035410362719576319198089518616453410249774750931157668874692159304567395145539989104166117347990006598891419939635792621795583026370848
177 17152889880966642099375437385967742176286023434330068076391250063743695733560224853668660945565007131072925006385785434062179034550304598612592788849291749483902926792520532922441576421439562150320226291536807853374861268785311169599709127124596341512263598043898203654909614467468982242811846684336636571641301
178 2054920305340115248248151036792818600682513285185224838622990108950997700279494687473008523707529837139251860952614800031243610761024961877223032108894435371007160672937119605370564232272818586398994846260552913054749832368386704279349486146675250280756792667556510801122360570994596070686295125008641474122599990
179 247277009142461228032043303729995429489734265529311852727129936300489533678992425491835203258348036233087514414622105110186748868502075908257319649578913955618946955591405988321318827205068749509195459855027869661309444277271617910706471757671095601741722822815610543525771825557126170034746208836188826978403081061
180 29887762061912406029440714003510209767510691304686197966482042445773946226074670836461511062914106205739174545823910333222134266075109625077051279004054123068184245082624808765937722265858000410177681419231993511708197439186344854684001837300469856815579617514876286001187955038457492898193707456222254742448592643747
181 3628389454487098482917650988069221170284178409742005609523450511462691059091825611883094270780097235552692954051237570570133844073106146352366000982827281089311781785473398942808095332397088328727792566498803414645052041144929370045631801075565674407696506644749648479584063857958630904924963809097469352836009348193954
182 442420539631876902216712472777333519578477995448218641925558279889716146104317239552817906768480345870805576924466058613486303764154664572107823756493464773737194719747073262640722821716861996855483124794475419776527713716589894170857660272278192194913616940037813907918195145381906617238698259073132090855863026701807719
183 54181085565164289941479374744744825784285753327552964115651934228332700437154179529231144400970731914326266794536511808425639380169037515748494186192810713775382529084647924640647407620456146558365123958199173632495088686915386467239822833921882201282552029699815475181357633926996314669322426645075102587092076742218681396
184 6664098571293415613130215872663858668728379225618494893361124405949622902053508359276585536470996357262553200385624975231873630120229304433040722877188933124051957513796664733077467545697156410240324342583821686928088265826685687665631761092737774276638189049321979231396602215454620117090913347797790629458824394673265087606
185 823202660766305496556587602830585106997184433015079267113680941213000943885023814539649091281412369552225014027896472813128034160141051925400500228731278304901691230193606178503944943147550752595317412505412708187656597697675042410972167106074815867437932035417717787505708653888480112305560500413375289035892529418840767717512
186 102125504759619949856594850625206607665857983994801057868002935156623064895406556308486953115127337005985790056062035374851271951609991376826107637845219999484519620427684506571596706636861827058423111071517327940301141130121399101076230780779770913499352862524828515331127597129588789487273622205291440470496212193589111423311619
187 12723726241220792140170338621500610899802885130745366772335028454527400166494579098015556971511584422752088730461599534701638571540008909250727765106818719475940892709895338606333994585623278433707603336596441890229011070786911785443099834198655963122981868242413154130585006605949638245526952608373054596312173160441016023694341219
188 1591980397197400065569453967049168265336837693566568738941676871494930421873234702320472547302144826249132570725321797662759459930740340800259567783901414816639338472512091792148154533719075528194739596572478722062985756290598279155608096295050601249869076037196370790075273206603836666908221110335880109631272587949618720852210457382
189 200030010872627188809323080286334969072303405793492846375631129598489864923159967057144667044093380953470863228109114097693558984839989525129597106183053364519188314129828211428555019812272944112588184048471225142973780598244688101547816039646618435452854968842515560387674307068479621218199722910697508989005712049249230591129378206317
190 25239310304768112981985054448264477438115307011125983307247295815652774149278707571254994892293967360162269310267870331966813624400765030935688150064648474300778344743031459228660724414126280066200878905448712517231013514482012383688085026258693072405790830037858661549652518438706773448094958507008424116560323578244972051242157354588410
191 3197979092247515922123126808637677553625080816819850919394590018972348695587412709594103454827383188146039723027772199920870067302280161496087402281241466710431263223057045235594516611108827906927640175816799077090072485352193807525834819041492193183571908664553102062920336378760637483640656406578279304121371627512215903923280309718920292
192 406893349166995223156620403194710703805076545436229979923277661471682453003400707051146256448551176772946192565980038317366967843790274813398382878618081352384147986631393863962208078887293171652511176043995728253446140118028700642396160846558064469784568688994269545424940139257166869090094174418576617709230615075200273602074238861107753330
193 51985653496293620875670042100962054515678745059026664297137808894271001795371238760568901564128581085080815915248862166825787114825771244424909977260089339843045862028058529139324239735282348812970047554216486358920579879492785244218818320522615109207443904332613371880313840534406853636431639919176279130869942670556869617253063990941940941478
194 6669228068108611613182844904283720440082947279606989207139859261759338148289162378770736954963218173011630107722484709940308314026206681575432129298007306135886056612856481122104807393742741392622224643118118292099777573539840602727272015143327531390648754146289277606096263956393313110039576430420522911922304365090707641835812080581928848706041
195 859108591825805950229986771411338770415728336483821261536404544771629272555911498724803591959119325419159206203088862466904467120202059060953686195231446558596460365212218491088056851879675422283190557667209694657681676581476809169222211110510046894893186938346432600860585156297398573074195562275566251582592066253920060146452809900725735968521344
196 111120032372708877883330889819964937862580579431522999860109670547854267256846512030644653525632317265968689428142552892134512686601200853613412933903453859001101892817757090582035807671291816058868193767790708794419747804859423116821523395091965139514284887814357140909514796788409017452109897390628489220797708744790735715700187640993054805127500019
197 14431115963073398010731261718460011200354823316848267135606005380367301210682121895974220667251442059016668793511616949248984055538702785190873863105396969014982563883830847222263981970604297932070179259373303064569037515362716300705936023481834418595220323850618121975744219965723456308810933405829062987001532806354912664997502724767726063134103171276
198 1881751513465202597721781678957294861436800214191174834461220208807578015361868761138780658262413527076547186400251051843606668735302806367368369487934590494987780163053132021424170554543288834551726226310036466169185889984729762128753707389711912811116229887675834383286056704519966204766039797362661679956764475858894282416326753676956246084023384691461
199 246360486710783768220872480187568117237381846187421127972226122482159128026020944469326906531021409212064078783374726652580779004868617644030500298931344404668185393711015943568507204808025602699662737121887102289332749143469638365453471816130097665917019279984516796160952316628208033529546986931517705877254324931050672658214213215581734503177414075600734
200 32383065424571152399248844630510004743241968064785808880752408977887717017102176407119637082962573398517237966092439102665999492263007283441135670243913088550309224289872841973077969378599840625200707080688137151956516005737734713265666567297087500211294447010510969284206680431631525186886305275514578777863070202805618676858878858358335318967695164339035123
201 4273608826492943857370315577574175945206878343554591760935451597335742850386803269655113755007544224873341862095619652136245092351462133546650944029932791694532043107576321687505327144843071842578725461405598336819804822593392012836672120429997702524161067757078056761416647764979083498130806312749948205776659151039443955921068637959711795006287257866497605033
202 566230612354138008588043513548908615719757475513577601213931569622953552699743299667254341322152702043000540341005276075157526697278335683848214496221817282377795738989593434224301115346447953562857706176925458715225995556083234962133021459045619855077239933363151707753855092177198075127644388908407067838857669768735902574792158416926476047379475823093628486344
203 75319187678419853452067643899813734146720605032596605550901296116052135399232384878368634133208530892532031659193353113981109080957789302317354364488226974484254892332172038554836195104313740246947456348333534930273079567397186371046715361258515574697490842243436920943815313519972278377537146536902041151245165510892173365451424133892133524512346155997759142690487
204 10058277860335491093336330528449574614073755890041221820945493609556149272132453694074463064438371782746306410742407070327211786484475241802476011096254405986156952127376537257729646037174426266526145405592210514073314545796281095861118988227588950738746727202332983173364112383930000921319470683449379513344813313472747354462486027150070583495669037094278560141846454
205 1348464254171499672279235727272100183369444025852576284958396664892498130809530934276969389787635570786745996729164179234663450857692120653748863026916915303895196455146804681178843445245988297837922297083003455758545796924112782809816175013080842527829599959429825497914716855728977837116066994335146586247283748835033251430241894269644788657613302238424783499823106426
206 181486873674782952211153786340177990837425694771253884611614041143185345538050100915943527527225760449448055425170899590109328983071309379883515561943282116183861702998168412189634960917939682993856614203815065588338166848518255714114288417348997096502206602197717686342454707218101166535082638018991271638626560726793399715962138503396595207561075526551143558554541188925
207 24520719441668537546730985109376896022543048595180771900255389956007880837060910383924326942189075553449186161650293401608245970203505917729264302887517542665485423272182944770334119131547354526305231712984503752902097879050939417396622298953521458886391301318877035547608597363950627200064873970176075566240986443324869418135533908871566394718809858557361160061552189531714
208 3325796816178043435828674414927363588797810851316247425023429405788875582376949113313892578430874458009076313713921676932627023331541833468193914075003610992440520827045809317630669151900928210651388446088569502952636610906427401226436949275360556866388607150603283585969643647598065579605539338620673119974076559102837575670584658049481161892996932539060007600972126562800416
209 452819492414264435517884865047712098511579455422703909498874755865840406408297835543007122821393435707048544667706555691287368571364080152441007168825781198083599723875399036366641267681109305418717717611844499750208334997730771825594321548167273086905672301344735201420751154276282708082759219454324508108325231164219105760509113788179929026169502370471888306584280076261000538
210 61889056033283216467221511277512196757635812149311224454087985581990399401021498614038769831121583554744953891150187638800890837899468703841844205129812081701832401766646822404450203030003481256351491488114832854578756666706905843950632334273464407272821073870669378439752102474609397010055330750546484315696371705053156434078472811520898779288604398597633117338510518984135187952
211 8490914482984677504030081618946338029332774675267642227405657617933377987649793971394364979039170125171333376414762814023911392146431508537541524488519539332696901684721721718792419054844078901481175415494789963055263304338159447162568591015469861623763339461655404542493292079317044974839370184464943584524939261248513910111463157614846080633722389929246483767064142223212646827851
212 1169336550214976673352524556359219542758313374274436672794340277503371060528780578902379615904771813906866947954978316430703120777194735153849275395832292734262337966673246289931280193031417412137038383052777119562153889827837335178852789710888304964113079021767052802068162070258138463775684552439748950565315584063489136161820980332999419940112075570617899889793204644835846870144255
213 161644780529840202522208794178274873566306517283116101301051280253834133046133537782511294504245983739320766457389754111068664172763645416369364395160240107636458262006219883447299864061095249130048773335938405135180770514194923884771055562423328501042194600820051290176859736568601479122010395262578108574062821195284510877090567809782468073524453141141582792749405158105462270979366173
214 22429194153641526931383413280360105252507727105038802317311611146880033029557438993188721010344410410690681062405763624161244830800464899602802730968203136732555497548574294788612921095700515839723770532347277086949463746392827940666114213206504094150604896903541612727631926107549216776575615147647846009021458694664234096983114504026887121876818557809809363674539064892418164005932950395
215 3123836271532241094014324048881615682883304388920017156588558168969400581756522228141188404476280012557608311928031381089752004372140739139185408456015441149472111093155034299502041962950217362981114753300345947345087836814173133502425494681847381483683245762398426577553802358467229183436120676623487179704292111005363454900063831152188079280257564744084919850374966295358825507689688628448
216 436695095639243201975764876580886975038764644252936723026563354803469328890452145645340260645638361756358188807262993766958745274091145470292254258104245190336793680629062069589302760824948381341287469196227972993424762701086497223647237372816566149038720830408103716405743555093489757433689456115492077820204201245889737183408900508083776049033647302946801388307621704470776113030239705232118
217 61274071287531448557018245619861634782380810150024614776495357793536371987578242549286667215006592846375833471614517634582785819483854606105171973597986125731505985864642986061114292152164087242110546506368300374068926003404130840086178422529178624108668834622447331024467373425028816278144357820306323361438614483969845122998088253602951431815111205244858245958998658223343913567584257649804506
218 8629318691202598402778398022401425002367245051200512800449135903070102660288543510168937855282872365489052769388553075821218435036509054583666618667073500147055850840061624278591845793061631039117171475060722625603343939845628670009555035021761424076825496352692789402294329271469791105545820785460137928253832120980100523527858250163952911071783205432989519671007410249813874053928461357678314159
219 1219749545720706852030829460114380562742337983792324337266112773345829086350396833759271437543529521939039546171902227172335512350713973775887961024649944805801256088635124012855305668140407119616724657215549900417999026074328272331743927366666570578836386883305734300284997616787304617331580726874660560709461624046629567745143340219510623772444669188191818426854336438496170219567978132561902585046
220 173042311144325840608151307500006885486895932377947199399616703745125136495370236893342441349738067946724401256557811594787933124726789109994739020391264041579992283664544789204307468335698820431222428628236147423577012975352938486966023248039189094881211471649393909866096583673171509883071169134463115696735577990404866244580908594105849512723452288009193806932579835893393540052890775288325039969816
221 24638518667033579850020212934268057121842954847114501918222671171425610147788724397882537538686284522786501586686208921648011145082067437231191566487147288069067691556354841644248296191019802502236170376891933311323581852611213991598447458099294769301117170853805670379760746547813833694653040557450107970862375408175700280707286438907555182229408435930108285035178853826046523218986429895296218256608914
222 3520876107677314680507396552181843473041765346048172714804170203166658471888418182377144124920600507311160041023179388727776667990212041777687390761148195319575675632742609400623839060201503691313627318067457332717192833772779656932902811578998491264652604418701516856350294891125600942909778273260741152871782867270365148568350313995840060202764342525010971410863815381353381538492422018828035954428942240
223 504956578905204364446318348993081324424590740623902293156165849080078491307822372305026998094628692875051914816126913414502810854049274070492925920704046033655809021143130114090217927726707581370475249846608700449481103519431354222637960145925332270979984109191062252158722513294332238088047906360239753650163189357566329029434554004452895820913796051531956243620444804278294534004152771302522160403237608556
224 72680482761744098159809288122351816075778196253544748935043190042569843761619261945963887716217278878821309825031390047655739129098342089886815456752877985271192176925542847943179748087511009694635884417367494676021251836970118099922790850040647299335840888164826299930667049610817490045934414670983518777242352973161609333605262557033907379960855185550696337591072880067444916987478250215026601852772280187756
225 10498697966188988270085839741460559692120069915007300039227657158866778809325534399591597729750840183975899586346688187673963448508913186949857647148664444113167215641387284663873655347278956619928714911018599004040564509512330219766144897769682898179020298755567030537537203794782921164465485862323485116868441785776046328947529548110916448265208866003689708951100993593225641307383124517897116026157478182678122
226 1521950051588709995823133891728672353196984298770936620183846463507412809261480793886171390642103724523464662205230746868323047970874858836416658902892981614151260332099765969094941081894122491489823471852559989842308741464897030602545333244260168153747306567154297985407497611391366076568180569898551588685368519863100104019963266213826308275092882859266105566164307422016352144649401268665301964143222658965459866
227 221414562992955956560191314453046096746855477249431723189280803739521872985207240452685974076004001250698559500913659245979274196184332265934380403294092901946241546532082430034234000247534736889772165429928933551969198109801364943335560287047739207839462970953124016648036822121780070420814198764241147034218933921625415465881229332624828322124248042394254281476271376376975610437808223353756278805734506455066060861
228 32325581740782313314999363613714207924137494732378873268905235673841869615159183705610939345565001789876844092934195647109603604653615412445734763114065206761109105656875411863897380367629127761017087685304157241213435747404324406014314089419306006458498840132020552936947046824573219067664680517914963753066161467306999707376746728272399243211362995704831343991567967877313055993909978381698486948719527651546247889611
229 4736030775202393094889770352194592188386666117160192759953253534656426741010185769516486193645383229220903790688401847865879372722251313985508211154174852787654818211113762075881378153712733955090343481648309999408781442348112780041824422411652077992513358970789484567979322579946303869154905425519847758768667482701231498208055304374801607489594471056577456988780469200581516185957548687268845297525395611216123823229815
230 696312753707266802423522235023954295906467530796317588733791045881421606486191400914643810356168249288901308089244713471287582375989334411279277399062534895034689806839357386613400602551025332285848463858224722457962347868540568760761141360521644843837752744312105512991863575738041577553036240570743096921553439990713773105755818706113264905938346004124333567574662143684349372649715329715542181518438434403329114759164169
231 102732905842650783791901599856114231390515354163235567707943281189543114147274689607150913537282788587854402383613154594538583340217426111017110045546938859623667274897324868202050313767842522716941852229426515165381947451286899103119729525182830372634227185814591398572376752412608685211841899947624343175830997644632916368955781366165670236620196863264750310696143041440807072607201001529600588949250216644193256068712008743
232 15209815897949342023287363589409890111556218619758607978620641212406717542498953081952329508757679688213465498564837116525024670291141516456997871506429592500803712697792770740513006925208513521027638450639309074071914712252120905053787729859124682034680038993739855728657939600197028738004280516217840619833306301133123901324844905306664695331544971466766464654182382995217239903518878037607354719918845498072208963925849681014
233 2259650798605799645659328251810068082497840490591775374950107674969381459934288915613090116903722055554765290175178457938194597918313189592049140963363676604338079215025881837439221647075989736315032209376390886450710445677462891902111263938270956470065394405373396600895955018306414847153739803196429319832599173100095780901555519379684730208310874049059364051710300407633224036884795525175872744807726357086851352649358263161042
234 336864747525045828046424768546920438543235387269931564512798003473236143135936472110410540536574775457532136534277519060548972542808578333703402090474097933116185879715084230651168398860204665635036901675921840092009673176529521939126331974506454879164328341073383537579331271558772900583941275895124982892513505939129360125741161239957176171885040181173198459636224929699070605225625303005090752096072345078621557622957541196702828
235 50391883405594958242253451013589348685971455917295902227211857379406707205942799977663050408137742455690240690260135141644008001915681994238848235815875201503459574495231863153237026440470428401953227492274519086593031300572448141951198445867123025752542535195818862608137257378615249511605677095018144725182290977875285900355469927305099923047076937294618491677862164792528212360963010477956953651815189151826107067513178564047546659
236 7563980180826703742763680318132505298608745806084841937278559640277481338969227395771495336468116270833182442077107305671938926626841267624475807162180659474358470233528273683652194923159605488104547543822154228830782811004095947695266697427774852201884804132838327816438349900498374187544038677090008776893223478733329856832681295559689014846034329207717581238794507307245340763010391346257102801401980678814624719938191276927342785680
237 1139249812107574761352780378825535820597556078143839480190728278720057482271868233160488308354154937085064571985427458982176696403082916922662229380115894187466595142892329639348659133885483749420226052409536236952486342715181831740754545394094537438528330424406587448996690688406543348034786914163713374970158408804962950284050715158487248172211015799223265977191180234847943856797787555100272654924583837322685126288213981510688500754202
238 172171163609233507985168047951330860800429640527033087416381991705153621465662748257705904689138756514673233735370806000136605919531846662700255578988748732848912086368811224930457518973488213622548950206451281857050661822862285789798807200482203124506906017925824108160372676388834945253653352056023398131459952712383615287516187514398885261460490354743592310165745014813157218862928284057838354830627798512568562004343808381421439814307596
239 26107714278364453571566603803808531642753589773246018293990764183107697298757173464995599345750721141649126834444431780293756665533588268491043284398861769192502223691260289641648596462445727297682999972347425101846918199782550373626670737414862141286050884965523856482351534250437952278213536873376199679193589594521832891302529540422132369344110561983442678909134017723301980390074015338901096022598515669509824838995627610652091238383180580
240 3972267110687972294059061253229144841913777284877506953142786402195095348733089843765858547413425863414865740520681478560814335991810474152635369572048453270887561743712251253140681521112000009391926458940213605016918452949247578999015050875346936405535318048276424358656923009805237194025374843934393260456300259028545548565999133762784957988502625899344389503656550417308238771107984000017538575969896474717459360582596617734085435257886385580
241 606405889542246881015317354959449189003715417180066730798154714507409755265464596365494208997037083367849764336724261247900144335479717705551382092431624225567504199122585528682419154429862056496860941193933095929452525900619456247783333323021748497719488380240612566807135543570830939624850488628534965450964720265817784423126686869082950862373752428638477982882740090936945265267164790997990440235857503230251115293214749013995526351278057287364
242 92883380216709495770260339110361015640495301469904830120189871284984070101482234866534143529835122257259274757126263408571893090100030467479332313516464981509345117757569830097469285929723391363106132550059645457815390264173199368155096762720043865236667773662289897787035438473358838265888319178743743371085900102130672430992382006560358363119250117139395729468416598317603572946946183904175577273301325512957437365523399044482307081340022853528204
243 14274357067183228207887038879894261031629281863560464459260768062969473085441047858518654603933631771790576227961663374823886501722241924887491477397514398447750831502179603484278846362725639665769753944804508122657543517558930073446694452246248987935516065935259508079859576755849354722297354504053820306207312746657219152551452741561270364364674984264409098879222721013407589660790573571415322685630025279375125890833308173964730561772135674098871415
244 2200966319632035950454345960737483407608704326020452292554149936156842775980599940980875952341626060432023641069614886619149837311006990180674464115628379540214214071200339202840411062016136166627732260146872425586634656825414972501801380077353279592158215975314308158662150097134778517694109763418292648401700476270090574548727278395972515469260676042917990195440849730900303707882386631896850123843052153002827875523972734661271802031962319862161244398
245 340488878659709177477421725966934614990020285025717821643516022437778856599576690928171277809303046584565393856544343323003546893534545965339287830009988284741782137221421662203971933814269374180548772404411110598554414242200464642240196477038047577430166324986472812920989864483149540432278976825378330606902340248914321677068166726386368182209788932288989512324810146458453372119659887804656150123701141078083778588557749676088836178895209638143426082613
246 52846910278230574096801810394963699310779226327250579637436490687776359737915174134029190851819766403924602384751038168698458173285486478620372073473643260019396502871847086574780984772503509182861053682862414219377722689099927747680565736706960443658489145622774967253719159916897440073560188188961420099841796532332421937996064788925094618308475045299194293420083929634139572736592781818072944199360921238768753956463354337826410769819403211785800240826958
247 8229205201576394354588021255786163421951829018036765017086432876585270843808463775333585708145541618606504990410928714261968150420056387537002740572472025910258130336535356169730531069685221643892361004745310004226025002891758937849614008552214369170807024397552992508480117803490038562888066633577360397957822552248874925105041756667104106167793805831984490104450911694975126764749986571042714052638980617638392821846334217691375681660409069461204342903813456
248 1285619147008012289706476337980923811189372100839396517969916830102511360162484078298395109744601752620374263109850405967652879441212288547677406429322129664476724877178254884230293968867803754665378783345715543537819960848507988703736954130236615868327045928167597055428795560002520110255842664735663244501372719926839568128430384420773843856456280140236157550728461566560566363149448781056100372462970550937423639740779693689414849620827907421285424053408952726
249 201501132662421985722289287381548796170418349154653503303861238804942791228018634511939221205143382073501327041332936791980710300143624726676567542308829167174321394013585829376763153360673044426329834645496348666310774385903305414829538750452186818736626833787458765301629527492102779228349185477002206193076290528455246462483534907985656955929185634819946994677659242985881937338169118312871339714918286988207138603857922039873036444689131771550427080901067035527
250 31684582167012564732672552943604641589467821593790593423789746663674505005917514151914793447204587371610737529773815516300254291574892607640528376897538761812199112260515064331872447111160384907125458605664426555699081903057531181167684316006677109806095566280384191448147674810773502445518539345069990716967678858363586182337868842309260432496820251710942115830400960563159998631165679276965228905176327985533632856120069019609698334166181072466010138445513288976732
251 4998255633222289721001840708527832730569446947067515822320758030565399016601817232914883010675983672231360175383556574008696058468099958750946730454732678521528887025465689498186585541163738635212859663546764359275794875856891137703046562021274421117824084257838504756969307060911364237479619475491741840306089991177793474187888078962300482894553872396301941646204935740199537773121007063810170748062383403302685625557512919287930519295253059586751916732637385417346454
252 791013009951320261479589440731182871872721295989333664053638995503207533159048755308558918811237284036923617813130387202698101950063984426687629491533426535240649119539930091879199148878593004390169925610563140557042695980618156611923616336595825080717777265371851450091918518302725420962039353703844723115974604751980465761946145010902530644814311657526702227531995422285590252592655684180429155641766706828088761524648564619419561098381859597519253507529474783467685740
253 125585126512017125551933449925462360914312406021699042265405330222284448093967358417607616611355596102534082752008162685629437935885119345114492918723294692943902901649504429211288874392132500948976617476157925482238867055539860110138382328612887062583321082274782519956621982687586223951905397817303102736927406550904357752379550677124486205837748491660753469461803304796505124139842561281425860133040712992827390485938483301708301581214988091722685685358458561547914242154
254 20002163966774812263976197498041037773168114015718249060706355220744810623848624543810816795489959512297444908772955861097043374000828838663216382458139430276612124223824878983434382255937942057269682615824271204962634748893767061191921090588906444601566464400578163471127457803727095766565902741605307129609645556501998570369457199394208605059821568339326102327825519192191420105475025047748473522775283692674364188032013488544922559813593320953129894644998573461808814689436
255 3195911681692974158275174732235605792819213773118820196980650397727364499125500596625781631718629257788558149417991319730870027166882056981235313066780231097688682530339603140592205792699670191001409144910061147375925554313967389364284203539423777828918050396008760910803025662000182660435566135920328664703677764175512896898529755627158929687493903186085280609494653108810235610853616673354525568852828823372380301778334678363414340768312342483214381487853497401281744302527254
256 512255253123354605709159633518961097175234959670281718073742194518731736613777960742635628246404904746479932046631220624834558680158937185588816158931613150580279281019095630692793526910530489312041180686588691562503940684694238825679939476004881723449180444512715907674057775136788469072033675787292632609195313342039650265213489666995460140291807740544530900117185948047936525124115661633333111156584649137101025802419886769464076285483990823578821892836639206391925578566088836
257 82365783025710916553765130212061856378576653214639540041875563613966000932311974313602333090325692735580090373529570895128352892306125931262512883571391084555473269653413615451799444972497797582732484135435578551998189746464318733348312743527600062329577450303863180777847157786431913277234000283090954061029445122163852921051568070841160260248168143398765952606469580738459642782207069510539884298283179968819712131793338686290532482923466379356603498092065572333630715061433886325
258 13285286774299336428246983670116167170021464038404876769200020800766902711047393531533360114053700315568216684121151111662948293942927762818656041939781171792968004789804327267551652659574918064625010415090632678562556928448260589570591742783828984779038142626709617572090558889966096129328282222184948437408543600534085071546438413843536933516707546716489656585929275645678306816000036846926565933079353112961946079326608274068935503085377257445544754916037577141608556928749178570405
259 2149580415315289428317407553673436387435562365775425902004143989039388154425412696513715194718567933850857181642848763967968268773460911837699668884301979249389315675956909774497521097321976426334858529705588817592901020312258634045689231929135834011300095897193135502035334041003513828570180697545478285150822872632101462884415573978291212044919442433196161803105196558147872102065739730148942948852423880908636320307121066421274065270014614008999723736833367863834340989088067131493351
260 348891290657654195017174074488556819646510005932504640955159791910597314874989150209422549028405542676414512568156832813192184397402737611324098328567860840031329897499005976947880516436676291913894260579640804154856023939765045052443077846277676055147209535401948747684517190963488090885817585192292020255410928547745741417836064963221975148312368666765145721994037268945919362064728848908196473741830370518801347224277463558527590383979261505455901060178643612063643531951897817468822699
261 56803523157763750135049015294566056770578575482423062354481911259333252488104443921327663472913524708037517018954996443749926564891427582200986272896018620938699111793847666387008866135552326292359460098317174698163406325457435988530543960786036568390845872170524587324873021439587473837455403871459844381819580782479620258685353908169768964110389595449440492411723691973334283316930367834873981173264374055542287482036801712043922925903273100593239782689693761463663830024067317297122392955
262 9276928552320727126762048275156305606597488383115476372161147870974352646755803854385606775569989093644687444349863191980398372873418113896515599347542017112476746221467993881245332809720820213319067212265636339541901539375040344252730471733092006602840739780305588512994180077317669476004178306544045094358411770608376466653936903181019924693162292478521136348726966159217661860676003805879142216023731374511992872347708688210820235499092648460695482097784997982388937648173617738832626762685
263 1519749684709088265598372475894850756098680205580604286965484739835079266315291860363425624947807967396105919066153133584350208643336855113402295442522497315871525676188301687208149755913027859519284755720523668840871646478650297686740058009656096283282843346548706841730986822728159894795819420646049348497047352470715303283824740655823232936112638397873899087833944437059484781415717921925761296554821141290045619803025725719641267122176676399085219340301106227254044968069114619369790921092232
264 249731874227736427073788419367411918463032092077877786464543679499894837867410340487910492617017597856679011275390668965243902369795514098947857661494957692276384631415390217029545226912494053753064096942499544786733055061464465490382562878198660217968484318212595727509874985703166040225625556545847237611210882775627603109854126833746407444866816087957470434056701098257870878632425408960748052695770036610403739220292045083268940695974634085951806838267696913904900105392923693138636442561356886
265 41162822291269259871063526681608114874857580894391630233041471935589039324885551627341137731556036635894351840092907706091273695633606945761395063716841001863076809227543391014836367212773147493702952625405072512021538496882837406997406364635826530471450780064785301111328948630800826020351861771034559567037835675749636837311613731854069587669959632489453290790537118185039777835999201147767909711715707064183159194826684652600853640526644354653346312935485326334063216698016290505728595053419883233
266 6805511751374424713284196766586458635916159231507173870639433766704791259770484403005617143362156650708239488748350452825124993290056402467105628413861767911680573061978323254922130768146991394993953638553964378397273697668806729206830778015591761048131363633746294229542223207336381257601423541307939684369583589982428058698588136291222377128896281213154643593227134047307130343071574072654852172855088652142529893696731731354303681341281605392292541334740976605415822123664115839974194969077849249241
267 1128589920202379972988465625648978252143521066096460065769405995510246249113085519137903088033562714730156556584247214707782261647960287510060226802693539912222198854662370142665090045045968889245882940063313243441084672321801196019045230517440709804624652096609636508537849694617703149971212005596995361966609212458011085537971236152825420231731968351485513282336450510898808103155083260039821044683556522401537628277422105018341517462529802748747991626305190365636321873072136433078671223132385895277781
268 187726927978433491917560594245637045470764338709283783211175731137048346777998298291939839118016882959807575157863280099405796077432097239925167567882977260920395027244835549788405779251337964897432630217462968988591327370846760681631414497887381582350316712749772705219706031635893864170087011271366132716500866324441702601707587954179823438702099039402322942226577382724193296472274121315944041220989341654070889589632515970224116887874199035233745613070560726334912540335307877804290578080164283974641496
269 31320402393716260491250029385881328455550689203987785704230842976163144180514218066467125367239599509260531808006494722411719778750469788422551475716959634113771882840254593111987251184755180220599768550725606074477991160893756799961277363231755654112969924460695292777939567981955745338555221272380568150303899754964956292172090915586415876989698542969832808049522140936460674311984085335512596004435749308486706811068647444705287950120597987596702843330433184304175555089664574850482264072293507438435602239
270 5241237099693571908452453235931902170399826748551338638676242899428994394805600355676610896163066830404450761669941381234205093042499821889040357881471730396762940361886542790617888865172721963340570551250793312504269299711166612970315988319218377790140024084572033219205920623743333261787948186444777936684561579766400579663079120052468237374167710622038305134648451752171606705807400382163629766843708865493770760745126199297247862980701519095459653121644679835456680388278507587341130508187341217636537851449
271 879713763121540641259557414911354518661065660462236988818793973567038537469376469569133826531254785349521049700988729873110379830969854467046057299160458340660941693990914925035863024502924043568655466663171689889022269868251273536685491616677050042991401726771422636723810732172325485784774478537065325193973564032627510597462362974243453984840853488076439018610344157990176565314036499708582196346372860446234433131308385951356555881002087950657828851988781239902005634646441383990510515318175165297170498875036
272 148096740201901882377016952055466484454589633386793082652857293432275787988940531574895507770385758639124751589763405117264237966478243923413865734490179007836375679463243146695649524994349586008877294512282238628145461483635912729010218662255030448930814429004479950962420922760319970584638775949473614324244190950907283885312380322309130275850287376049544248189895274941534301891858747065562436014389131560170372220635863374940827549391630921146103295918844537358878819997506335217555410038560059702749496800833022
273 25005848920044997043175906934321360035521665605573490283193983784178535260954116167584460213713760364891815975400379713087476013933951783413107910764562299936979794731652026456864990643082539304266958167418679918750235937979350367464319719899614726223864666781700672755875970441156153946370387379573401232214961940590428197862887097402199738355012291457739470793870832226631304967270589611905277910784212735902716015080370557136436082791080551265425890250182234084556580303600691905242788401572484688729754762471839169
274 4234724759261882272490422855699295003245939058179709661999935937891471956883677227670413112013153950107796760338529193246978058687112205323992152928796767750451210035795263404549545556977246913025825556476493426220161299567534545787993055291605907484275005514164581466242731604584699307154924130955296917940789484460239510565056659072150708510735714632486170839357386231775560377124514397740898780259375257185046846145526513577432410732883799722188733352971867109181699381512128560669344593002240222221286814025821955630
275 719269719080637686877261045461418370229507942173183117094355634081915288072465103632929305992049890343922962058925985892195113452011012556379863724463701290698284681765171307365941248260853208106421563898741787525935444342954382830243061334106748183826076001195466070640821291365400762382538300049163473173291134769319763910114232933956315814904993636565019712676979285421774640842586432622062444400801670338513290684261407542278465371132456767634388588165454777023019825118886046407319877268496055700655693431086982035429
276 122528445457757418376013570744122808592222125266219989371604877827977388091591201774469025232445777257393477815148209266873199189244228304307213804137467675871172691967944066337117625382815250060410209153369173920150595230843963985167408493036181269209189032115031035362854199191492363695883284010931660145743192178887127100629352112560147535518748485151152503702346916523003304624153723807117421289647343541277937327360649511658126032008754521767412692423207244556394925779392686847040290502935598099680347210468214708038150
277 20934192451301967665895529436303763144638495261347768810297218285276989114749534037915184958289316449908077213570570124143579644460930177308928479819363818274911226170488837873659070283062357270961681609748746359852717776729954573725333113812613706142884481763480775495211061562106421092499286372585276706336981211042763774210224146409525519074122542981980782584265254545484563893614190672607964514552221329896163434661564772612162461698598907256687693276653895936572997578801524824136895948038336236447901653098819879364268989
278 3587114662481709193317374596152804261365084931326438410590530622863624183446278473387105086990746951100671183697905347352874885892644279272262582338213572704265566750652724117191274506505948841474110973099037761367461396673835842874534216617420801011378425215183577431087023493580733369455748433503298034843063232201176990173847050919795450096901941901311198338285948334420010035294193798216896471252293303958788433072991827162581658464554250664872050255519724227415802431573225458863517962256476576805523938212183243231214252153
279 616452630290501397714972375255347292691754334045700064405126311372821904878081165473944886105542114555269020482605124133104537184145935747257384468393217532999476654252205827304376224713781599217260725341324819224254762232858312473130142320985454530758916552751873058696599299849312510953820657304369670452193303623883950230351452518490290718433670085030247059720597435118887887925509210429579425510018234745547943642690060679396028751185923282950483919914497045093589931709901369414691229840438429617200780055272474343821233473708
280 106246648919518370144429309066926257638957422117599657417636043889323225069420070010807669489469059798832762210382296622714539985371246699455230686204515407831071568567156626512900185881322070414433353306235153456509956918996321734939889293063531925024433865951531930172913360472391743607979903352336317107173191661566826419711784303672877536890857370532183307600188417343530542142262818006742979725671988987125009071582122916795194518998216506713952237872233853227631161685320630363987977918224856705937264471517087655350130223945079
281 18364857312464831796747507521234684320583373911743480697207516342920786836440698528072210101692488089761219155435382184536391073060706722386375286798387755537750610393719064641821576226026070466234399850687701387669735495175737065453260165053875321487390897929828872985749340928030822439393392076126266646479291465141686683833407571452461362019205693829176834392611989942373599870356000818375117128286399993399985109133968486084420388622753814607989881541781937290329489503966402999298132421064614470064083435604184438486030399383504546
282 3183555295889040499195597262227463726770383796513224140821902256534359920648177829119325113154352350010102337371882103647198726345022023404487121102566042840975547749811698755321611386044228048171081207612163699245094714794494037887505368066589335868071905764712046227616530297759426907786390668272866086009034893261459857483506086928913628654899507590566831031766977379492450934950886098582532542330354371111103935375508231110140946556220491648905607835931600940031139787381560015969602662980533694111819358171833282906153622517316830087
283 553459088473533318357503608377861842828003132208460723847874008032736192788010330786412751583967360088856904928761629376486469694494285827665209214323960806169777184008723950173687777431842813303454786206825994571063910180292759781290665256165344663829767660728364687066215910009310587470519417593073403768956679897426716896525639173496987872978869799329067299335392222024001838293907410409873025983924614974891206008602386203241934016937279762774866699046832314807765710904838967916574809576604428374649111825914748264150311460756036962759
284 96494537677264532091828290068941909856265958536165055129304389710820042470614322274840105130581172856991463210033766039385885085465691731122118761183392534810692597640745050824170396361442005780115662706659407614847020259893705191596752006560576549985194170625735063701552373983980897018788505984130984091082190397147329043619451907410507394097461554910947999706063754925797082797193763657565481519449863312844715860238048504926145564076399210909248863841928326832459404624469387171525613832658020200271706110694786823047358543393308290641221
285 16871738615754760437397900632146943752782494679209768178801651192099610166379362214157739076548178369707764202320614038623772113939248058166740096777081222815477969703046354250732355315262708800320630277708818851687990101768789981315781637245310854362914017627685223001249922085760363277490793478926398684160592111722823526896596714222401688579643519733605520904129515598286487355880410983869991723566441177152671101956519632839128050443183017714906944904459135235099141415980491569933536331284394914667360286963020767475233897642662470564453386
286 2958371436102084053582387952217083767615253971042370806678068990024148599042849844794892437828316829219927706629999190278900372264234552359823963931784076124860647428555886183419392821563136540918426909611293058833335110206863930279011849879626892111489870932213505493307837288453765247198862261252483091096078727713477673995654909056311151917721778170859972092585089814972464543557588257731198033134581740306942180593244384534125022935644741083627473829769652938868691222705615482597431255175869586116599083491625376459247211527691028882429563844
287 520208201156677042107279511571079199464083744185813755964519671882016138849572951329227793426491336789268350121880795556391506392533444238057102373586322678639243895848863038793104897923205445827903779644586541591421800313518153879905005435266983255741090093366867355553748213227262456899319126767427177591972142658409607449658501235181203627485856545201656839996593129670930467382914667787240178872202918316772260595890696600634928495348934004276967113311029231066859920475972910101830722436987154977058164992462454928747164998202070801047150968277
288 91733766799054573123580823823302079212206447303979979778783682061493514689099563391560157428145089796747489803688625047751130864965869636732514018284191131510382264025555964715508366857245485195317973650282938010953210191994320069116410920215020269522033971437523878929314138718592610822616462688516050483337484462517156397299586185419318315311268997856042721534744043818862068794748399803052964066576624106008608232304032433711904230135692312286806393605862822370319776104808386419824852268732424444430371585036352450096844218955389149119587615071344
289 16222012495999114589210687997245267069504961037670636299285779409120576346419281316093141008829930049735518975011087442506775080273792698012804349416024233477209194371590662267003416826448925637259410717252669684234409978050278836641213638276051445896127256516714589845358389603991243614108272411308250613882031187887083029615485138514763426630011377867794022881384795823974340544769908164604578640817034485736413583145668985861448121196546260473198733192001029171261008168460194241375942225726589636304188471092162024973418118370227954141832896303117963
290 2876733756457874009185554297613582629130413256526851334910936667620756616902547742324818831721333146025801393706335384830397652430413380588143906161024501597363110859491965543440119520204034781806178272974333414764712452745007504568524121838902910329036748879767900690678853912817737112476464347420235891374855188487417056127130051252055666891192416780920343893020631623926664076019527901493204476691198213821008637088914876985749206776068644631180380353147517495687628258903783405713943911057861777657215199727208980199432834554489275602009302450611364221
291 511575843186908472798607238702471712961448760168121515784759841299218452747982364986090802450508462552477494965183652021293362396764161704828517522400654389534898144397700778607035059730549277784029839009350001500769543484626805464013006060999678443707683183694340090871290376393078763587882258330196628645478602980391283981118348097357392276243065049478055734049613291891703180422419563224233840112326875641615351807964952152579718590661596883674296432634532683392344111887548212635074386686872557880742194619494551746969605620160659163001434002820910659691
292 91228770925632714422836392308692981931013706723526274081746832880479321162914156718645631080234826329930528718710955041293584955198711612334750601331219824094635856131025095263192979937933431091847938148216366780296321947528131194175501883110728554372673453981521828159433965486415272077382644322869753621497767988235155886641796409935574506184540148078808304544855509692800883502076566772998218657962721538310311945041580405764564501202088370285381052361749360009612454602470103630942224813223283111915994637468590278790541460421931368263172762310412405508874
293 16314023968359037069350703492031672805344181839841176143027782993369163391821219198038196464887340988756805771196357023626799787650411572758904635161979429302990342122830594077147844582878081297357002920553456825980938705477321210780529578492062541153867701895388787558280680299913961023489706005310665460069257258378250990154962129366935139689025705881245583460945411523254836763935330089959427826385472906641255028532788460863991268390463517580055844969224898838152166791421714543164799035855104268330870758225295005476466701932329861096673279586797704871872841
294 2925458302079251518491952649032695412375379046749500749218200520649693489641298344516752397257154801420265076557435094092523106428498943854422138294482446305153916504982393834642846068242633734201546430317619375475688935163435441863526347485547082700079393912042016775768393343002702141750739762843843497640865824593678389489753855898207845172605290041070075585419507883990515522848783698670271222418577007606316310583337723893447009683396222944333476671426762301698050293958752951708527148257791372170562707463346467262299570024316889058170367286519480865226444076
295 526049201455917594346694071659332933775562989618648543744007436682304757728408458141005337122845934651019578651609314617984492019398738930657579617238590278026233628199221533275667796796410350947894704638984610230981288739208920407652714602990075809220192882473933978192068913823854646430067372247086870337912420919876624550580410499922993782255621492616385666845507378121810301332775239336337939202306153982498736703990839305521619514586169332202612456665564082115733396910521571511303186025480692968465853465910674812555582898311888887195683240230884169996923444715
296 94853765203839515990098849501918102128275051971395208719325169397543765396455557038198197123718852573591348516714333254658224403837513111037559769499727703743628542458387609339042913011409397281342235086868644499286826317841484992010362946291989109780811028527628662695570942524128072731598235628065451788738973794430848258892956790370063555161501631667303350893903214728192148200826419654701358778145369573349287843845204891450029649921297036163750550318661147082658876410516875565192679320424072434259386366001204996542225374482909320520664466249231186019597106005832
297 17150416984011585321393572432424121910586702040921038313043879891238376534744875128067183508375423203654016007469881996932034434630987689067774531556333106466149994055184734881893117150453164040133832908962210567521393721691434121544206212119113913419390592037874522892117887545661478290581233624929471621811199415826071532167949787551007223810937880349351074363539256221894161043846051591899047838922429858278817207640869160252526785899741977119573206199521598743894795902277435596760824549152009802156412632992268239392724960449252963928089529508007133871920798106142524
298 3109444870374198266995885549716638741934776669078776713035879209130589852565570697329274995125897541112507808554984536937154475814062565798503537108098404531081390691354522314754856673805884247761592588371509878236521940043710229312449632575396482830435622407836387759715369351123068559482017836266079744213536182168034876378819430376253745789758545109231270202856975662625833337674891339467822053128902823831386855264300142945456389170130502333349793979221859891372585700966623309707649487769766747240781985419129375200051225753366174885595921355888801237189283212778414510
299 565295204976826461950524810909251702887990435483354463752709713406599730070377571232751804652568231730724043863021053299234629640033589581933003739748027721896169139716476714256306495748336825709511415245228085841180107893238815960262170742149047787362831636876904608017170104696892531032522435719869642590589257787702637473012776958481568783144644708026300406993248864328030848705561290330620877661555087592155667132318249085118478059346969523274338921649868676681427557171616244799198420078689487734346974772673630387622160406972252084413954816867041863349682141668867312259
300 103050053897691983463224796973105011803603455945469680596316293139636517629510423705692657551353081265023376445510049008486144565490228136832930081643165442062155848820938251935615655889023138716245263072075642622979240939022406506241998734868223455630546020855584325262054177295358080514137722994088862801783847938947211210044118199675038530063461003674374144400003634214956131227654507690992561110702683198233840970849960390805495524474828468514645696082367042843968289955306179188343512133605384658726030756692078787119132540809145142239960744708376828935043854870261851545693
301 18836398471080753282037278174251122004162905277008452619308855808719590518108526495611705725922440500141120886899038183422054391384031201114473746030810286762266149371740663306087549876594412696856041111852851344842519570058346687785116373852443013928302101583030418899936581238643017699070095225147432556709701980294504654422553234163498693037069430434586867642285792867098291098860691115295769138276850439243153373133397702369487638369160293252646301196187765162319559350530540897487090243551987207768268170913237670168003465067004434868150431412929497887814934911292774220668223
302 3452395215987115562069897477554632791496945403759282334573859119794969833153662675724571302458525329656703288486799963544038410013508419498306782060052360511903240817408770158231503327410728950308709530094496824928811566667306645510092307651205463490079613031751996508001127488128856629363690095801779775033024862797809771933611972721576620802975635740347623035641286479740320455611681010031200364552167914624306162115087548602227961958153999537327079557207532346392556647592369105619241136401910780564240955697107422943838539004467436616250476623285419589605624258294517783809093566
303 634471948137926961451341074071096665756838600140440198391682293036895938066862012375478366090648963585021311211305205112568238770393135621691519398940049203092462912386181673659769175695044172955454541630031616911878702390315334712163659846488839058268262543478006923372368612186117886867689456891936055710613660308168592827892985072351242530381439102750844907863435280673003924408076503966693122542600090876474622158375535215281018586528139485376687834284826245622752571293535789159873928901129335945640620058909684737666285339414724443737505526640100981442341239453833854917691748115
304 116914921283906246732009705374435404872467124332457732640424049925115210082108815096195775420503760542122494278108668677102518436831266021728811084957595571172524234128852418135141070429863834045813013987010669156874595732973177278294773286311464366153384202133380611979624986122838004262589270156466199161584643934428912727631110543324631906041627461854594664161777127839071381187317990412468061293750207589163774056391762546892108814862047586243771400287251483541126705227421449253000419419078038704224933010298532308906234776652502941828876447500755753713368537365389767487004293634620
305 21601772737338295332162417063014349988620693680705034717412386881963672169497929444228219290124462513454977640343658410332106283981246000100391627437277554273806253841577744966379620344462550266457828408099650371409116798354866728970726801885202468059746822713208301981314565190163849018088120506848056708741606045960496700080189207908068180639280156141322892355968154647921305422675968490699781271648697983819559798752366455438828781366943757426175339274467381496985612228406327683564036848365243688807206048298244705149497765395312438232824200868156818410863538369768344874675433708940386
306 4001908366722418151423518162012429668619510843110521139983228532732214601910745706385063866251831736374935954769618779421889044155006882828772574603944688019493391928491944173635012331050324935888073058772194904256779153901280102784595339869456334880137198272278012432126727502617732790953153714382925672742077175095699076761296667774703728335186318729583261935713374038051787328612084973092083153189556959616650378088658482346760774617082779937683869149631077464826160932278831924443414024067829608786776307034942236452975351559634788505160870213315741346415836605929466211128109430350060158
307 743360650723501260563873004781525386872725096915991369490068786580718122142331631877183445426161120112381324030839832952716233800616771436362991627389329336942800696819960237335404815907187179929118324910901944645873964148749123578721245712906739915009892332797474658355822665352140021249975000664681753973032382626341512954320997417140666130332962305485987862221177129968782195488410355971890135805117882349413925730659601048473614924898924597555266430709670272767282966971024821707871525429799562294315100201278676022530371014889711653945072740897458204226000954167650989241590302413325974289
308 138446851654738993562061363704721400507434948439378534529321040544301895754324546542590294768017785356574323151833095876916324768917333393419476424402991996662513782635694282310367933626062125486579949925712860935586217868365105764813684033568864944781791785822046206742431618477460914600695753278760512744520229727670954301989357078262035912240959684692281804941887198089938727657710340583670056880611657916236912774960075127628429006032519890459665287282656739819615514672591646241996880528301760082352261217012446960119065142716277415988800656495937137245398263722350696291375519883822857302723
309 25853188780155591519058497953414009801477585144926222527357055402499386174842767704743984813283747774503372920669937266926864995346183367292792863412807509487518779824930506321549798609406378702195011132372653068951670075319276859555165129040910454813728224385742416021229568547398730907683134633152060395948042842771853382082049088157410298033195521938802874830111478065078330538011574611712645159339091226279503008885123481859047941642114395173582173536024594820155884660972381053980690951010276111082091214887726797448097542721779554294042521968407449010352503838231210199206840453213049712541637
310 4840487692105650756208809503309213018360914842080773834508625298277382431176561247666013211561680370548097766351148017955113059182659483397332233330266936920736498875641177574319131148706152374015125670936247119723926742837178474202665688746692300391501329369483547128382151623931182584454396740941568482214017771225713159263881197030357361614875041582353015789140524937386465135890513115649399825265051924423196289828378051599997092430916897525121715740406743314262677110713683298552882239849484951364280326434538151009158962050590039099200598349010696515357206747026062113509875822065947846016728633
311 908666603552783331893932571355310415176637900393994287161821410067045502363272053739948832922777313852440733377244992059136853936926584081626846379293951411186519954518185292888695886556274040261303842057899248834476790337860207417037911894224210752244782389443258782773527309931866821197717833556452360955115496886487836774149687243662002885079423614981281124250998136707983744450893554009370316470617007572758205758955222918268017130495690457081802764411543091069891753684470389013263075936972640305025119316053888328627071543877987479418634438749711166587270451475544309086650183890205067574507067884
312 171023957909510015328792826236562767402255014786595347588214019722879922653835163800886585162295421175198296187712164180979337806158464472959530989149103583983135605926213488412022966068227861264147003022899141660661725269118644349791905343433107695634674172590398679955384469038264854506355734353947076248232049485041303054948435200495882428323768184710588554930245870936989779338956064777327590006503863205708239219880413244141825595154181282341841697195341632043318788367657035196686074605278662300268136067550636886111916106335650855231212459492854245277424835171903644821676462931626345585675422080920
313 32273257025595704306842307599163561395012742985986231716555013928610387975637368670190134534790648477522104856395069990797096238808799861949057965141273774100245802792999993546356169000217343087196965236107783619394127603848168093956689222080403436998822060819714805863419719728129664557607441068517355529659346211358390049479639411418851997131908715587212397348063907328442047525460165044450060980895283694033255746911024713840012368878100058382951441818639833634004070236211117162495770359468513817438585536268896801717356808700172070280541300295624245041941102329263090526144661548012693987978724586502172
314 6106025837361928688104625677676207566270268690706138589781553798725807259085448949337092510389348438723867901605995548323067033483996273251310858454601544358044179522996138480639941752829147867278637939601218433042981114679248828225793130885242009537076800906258994684990556343522183734650745713352831037431650859062486240935566988016996866385434033350937726451165866030551393697098327161529687885639691927063093058989556789863239598383273763136387693946663653717807834362295251392087751912269955926619315361405401327688387012138398755468925466749813661129374713401982770093589136567567069210758439321046966675
315 1158246606263530564377754016566068692249739270431532478273307029264887312257916809619090505811794685448136247931443641821572635612968940720208398294999060899704181584398087690756508802277762056510442454177244520301104717920792140199960654988217391162796268275283735213503119901553450531086505459266397118556030396627203159453184425442755500504961770070924179237997534131017281258685378275981436892593187610290589630235954750693222351306848343998403299098203179318094270057995363818673090900981128812969544844627097919942997155453216522736447487575399967559260803510181785706922300652804294986150488460130147604342
316 220275692219235333952398147284414191395209091059031993015242940167019404733567352858898774491738055970956064496237866650646649846265939558064928085767963323115018753187243848005777998525160050708433062781958645054692906761862126585154134742783473353145687429298736280388635810614745963988040702839863011367804864474074464957700907217695716505812177760237892142648525612317741429615176668178785707863302152059280783073093070550196184030440899728152608292375513914607723411431089048063098908072901124158809226954203122938252924494596098095069360548041001659995513065193078538822946279597218376571416612745126520147758
317 42000248061636012634036101018476725135524927647604957417002291718960888160642687706214342514143446317398752787508969993054359059546244383843222780328515243126304677913169632571463491328071455550945808292654252446557097570504527110408685735955627141291959463696501105418523854565809692533727023361242143844656129605656336043257192378115644437314294814032288426120909291040376013827667924879906948967639030738945210930071364795969623943730076629510858430075759865338342840189326513554214063201044033229529337719379590235256242649352944633180828881503828117786128383697791575759892109251665296363920914045325212444420665
318 8028852919000350929190619217962856650769071468350929021215002819981406711432782012796586346098219564697197307918349394621253938067255638277183177648739918543055989529245228700517032024432625139534172976208228425230649118915134843209377953166676947217815972039298412422140886895463792319956818592028330516118700469061280782375384838035489925021450618927748522966899636233230756574629573754046330211829448385532455663268114123992865819327530098344304685802235647049003132564900602105560079847428648894553927446912136727418295492920642880405291006972483341445704803433118004905273489773096332986710872870077421702478142672
319 1538750329208831833735858274423582554329491747444710823605472697568473077985416988909255334896140288191482975300965938436910505888393769346275804879875262985351463593968500487383329951320861431807980343609304315203756103703235760808867804015359170165806438738403933903120038197520680241646645888268244038723522691844966562943202506864967122163314646992273889455262860712534424729570299439856224784039859301484793929244116151876075012026728364672238347997668537789242880165819355421621102364266671828043997904765243156085969292613453964883635309175587832073063519050055499261124712914312220761990806270767435434275185460596
320 295659943845898488604597428041167840495576030342984429022085852044879374499607214506268780824737432548015852091948994929239762483507353512931088547111709084565173639346772655452780277271577179014123116474617071453202801442421754442481001394464965619765622560992233350016981435291798818928618426745659615633675316152291079298875137152696545746554965142634403851261604966016444999739819385713496565449085288713626078898502940029661216348996215021894827455078975368980248143522907679808979233827524976856761826032022419602650992861976646135416506186326206430802966243025414175951910026805450449965488317672371336722270028678156
321 56953862240740672735998432111614746924175407530262601056871553308336145446491712042058379003517686272331390170994966393494619476733175743205424948848407255678564472827725511502188479849903764607181467331481524186482741813666537769170591541477621838724502605512166745263240758991370887892262349626885949410473330099465965147213678845985386474815380680665155114368277929748963842507910235276417892249754318172128972168528514886381255695421462771950550577109166103335359871573398967753605967071971686917870190930470716661964851647361757702842722756153910881104049536530159924527431356045473637501665953774632146228700068622220431
322 10999094530760319073567106504085437147746373549431503595011669853880505447148781752745313961079173553390972545083211352658539905840186783073499648755264977536628868908900542704672252779656043342002078627074155727038172915881623243984155757327926071360137965543484654003662765531246976464771820705439506905557544022102413872479500201857938065721436864307839361664213195424227437981478046079750242126784489023118475029874003940374330427549919777689925831786959360159101060718561993228099528695978799379435779936700285693906702231559535625567127797787495765510097602140144381501114076091317208377120435769953695956616814305906703421
323 2129562923234256491059387438355199662976627878357796554583275965620479858452968204299944644209585766068034896577821783645352168990732361258072504792025625440759184609045984488846035732403863443562033735036643994993853215567314166889438498078167636833209619320827528693158898261187318798345018802231491281793811959448513275753130712383622486750629067345157887897672171368327442421126073619381230293401877916302392536365508466529302788326773002818976797195157991654324391363141937811453933959745753831321793389444785470725976335835657874704960889520589832508099041254447736231412510915901956446957116761042001256750889722627576032120
324 413352483743145200014483927669599214096963787990898051760563455165345267801677274201854830807169813659415433163742245906844161111142773995888834560528593254998645328909723133222814841135609412976740955559457605140384467317850577631553958818162075048123061452885599020441794375153339494013589356504313286836039485156711355290976648484899939367842714010373196610785922486729538999644695965272666126516076308744066465489422348810527739786847724106500448118232460895061884908577726937876030013820032595576327559401152676623179138945481718952828487253551871513402661083217800390245323213496907352664454211388697023333357954125812466088228
325 80434788099883288252115827929945653335082945480057481690620140527192648942399772914977062070451858148105078011983163257610913114114637240025803966917494193388214865272510705613930078852069847061580257686914790036536283730363984822739144116243634323103547971752763010416424545842497494005125233148252651659108427344376076978871605769078069165067456626487454234113677901452719086969696294242439354674180540497517506150257161949676391349139434622293623042569098508495396356640889372884909715689831126674896750268632621121166116593564276873952863339124879242022120301146443683705507246556617710928719081163895303744768328257859798863052644
326 15691243834575578409188797626326777831374477206432091286569114260754962644315872993019648196558176505154204235962862731102701214370651518567374002852040714999337177516686909181297595689870696648122722745363442771493798938880094597045085881016441498695608195389340809391572490336014390717652009462580728620198541421413798507716555561964574893831992532117283351034491903238490541792305464824812082660716206702273827272998836198250828423495604486424192124366008746483491875556590357212897946050963898290176064663885413717670281322623416761228990196845804026893561994302443545349108511299051441519908407829773772871015286356504994545235211999
327 3068723088957802291320252264493712563296146328386791424122531445548312620309507892566837996332263999479619442545625266981595487666119700479704092008432536546273241793386859449922358048552781531806545237703085791000933422690244707833927390011686392506400669140078326843779349173323843045089195154739442941188968205092859304313297013261349939883730831375100899290438522492015318791495003159494072594503385105262228189803310618553458054279302426886320800306465817999323604683587975743924579877472012379380543653601516534313403083463785233742463681421685971281844082826829145912515069251639210746725438257346139443313789104972118191609795236569
328 601646967721794869707825465663978940726661853482760372099083711910345193176779889482755314324759637524463723517603041868422916002618698680363006618896668397597880696778431502300560426178334170663513562969091219380280280145304558794348954255983941279457435006059492835473098776659433646415248097347134255661311389005640890214395046193086457786563548445632897704976800157161115278604319196566338580012129703617142017942241490637741086815662364828318676022861297181970804367401162965099051977380246969077008041074456477785066785132684678435389050118431491589072644860029857150047521066250079259078968649685110324403883499174541635440523981824581
329 118251403672293273640915888652258488040762264769263675370688468224304862143548005948081705727699062212895154332441177256031277939455907667474947039069158047165373973682504780046995871586098903356960033246813402740121266055088871531841254740277399284345221467695121823927357246378196910738072858851376185428307609186843901401636864216135448949557518568545861363417743542478187777976839578655087574590632946191021890901809564543479727404593232902658336415493645400931249396745112869704269815343917649710042682741418893189727126191295566587862631810669222317984427911422374934230947506009718794390250395209576326529411338924714994560740304286822146
330 23299589869132875026390986306322728316914829072893231783906629760968529963807794457797223851899336671027619691686543051925438484354681465454183368040072383795361967106764676446175645764055009338574869486165681185525664892847560394993970570774854581444463860254623655182969404587866230425936703651105493510006580836785568052886588790564773509344066333732491157025622102716297306130977123448658765845044148159652684537914120670723362802316142220263738973931842730795707933111798812937272187792325319067539655808294643098047798224963133455146003595674646280098860017915861311861437208576437761800499760687842025143732176432663992143926955879343088051
331 4602189787244535960319811071183441847166074859033220049462742195036491040315777862637848394890841509225034864310527232989138196750096324781829857240464640295943952190298831217841360503390622887556240918472234409488810597050954624721190893955240250683926152304470805574428857880768241832984938256138772179104654079938372827991571492925575893824594801935650414788651819496640500188960662628156470065259835226768759669251957456495820367812206524702080970959783398495587905574625565455384897650393062485151965286414924747660408865696409483295154606269903297937094993783169719408005508967468634460886686297481253538538675939324818064021115202501977657287
332 911280219234866249547232140548303398706778093753806775404143379265825970392752790150371776123520262376883671258721852351901407744888589946582765593536884752266946777239788969038070784662602198444829173195920597999415379543208307375787822081159589345294927979880388776653751156231021656427785405737864150029040408076762361211590786785158542830988440691757985849590287234501129486829890230760082203797596742546452177251527491464393795516196309856259743948275635816421159299984585946351695655066403326018531027385771772135674049409219482635110744312668396310623675273710843258706197827476016384916921544847270983184001621047845043796563664454780368633814
333 180887037664642424487771271834830644513823861274168408616998873824477507371971356137854801694180434923497066712437581049425848982406198076170060750762170623406866389650071338632421818486490908552080962095865143067060035150278071739514086830609408106701739517338703847026891288646923889744301684796971682537811516682530417144648950382317176409342488236275371902238818310680603821895730434327979533145902393410118492066980862194640789464207068734649781756610890714012731380240856089448124548735057120545904394619973980708243356714638824266224524790192023226189493265577742067021833506528767108265642916210459057266123944591272729537579788829784258060398492
334 35993822024119965983668955907377362658166777848835435520522795512507105900171530627414270485477834151974020498142041466594649401252094105379405010804433733511984817761438685963126329591674467042483387945653763281515596271546534537936101163533314218977894678047010531020489634630950718152554179129968636193580245889202071601916108975887045770447823792072586422622793386151026022548641865906071802153124994752467732268711288597884842092352868102413221671759140522244056103896043205645728305531439006251022588350899353270999531700915569045571870228572300712823734914235846337429058656987844262502157121262456266283909991635347515761052775342289171537600720345
335 7179768599897251385365620086566695031063719190705782271307538902558750915742655322158580302079350166376320984089982860479583646710399367910965105774999660048778101473685984521306682330889287312579660705145629028651473676896463805306540634952656344403869481887124460790073978455623690089121526969730590238167024384188188586529256470876082964673859952030093694700511506756373412941153844425355929608053345697716127307385129536343713303549381949322783317327354361444568248049814197902250399454022690296072348825901412695292519204877795072615815116857251417978722874736740159107644937697149124297818310572656538943765082394118638556473502708322895425202153373244
336 1435660859862331727865214739289505492448342283032663028161976853287563010891644299975623640138901884987756932230429939174174811587060783835980098908500523378697900963141496540351046385560362896330917799231805329557672493125366485888471083466339205918181060539069843572734935117895401069769158371002669834538514639518082266945038937658663523666343965475574126816897326998647949381901303988423558529670925730636614803629904611917723744505310263126062929487588911299768659250351422517352613997346619801739898810056201040397610713989210413045969902659456391208557299748892166312074108798607086402231186962389614748045544456664680502569159464656420899673573067882506
337 287772432678145286968964311056587090610057980381977727584681461605888037562121326108828245491028208785696483467561043515753035037207785084201907867126161807950591847682685339063201400275609492950432218939740682839939042103267790323813960871682732237425961673035443855751032905337993174966338649254312084267836899105310715290463283183637893864897106697313879461348639569749333912416935063228015079038057528178092288580370423997997136407074525419470174115394547112461012474448782104646517693415384649154341943562943297215775536326416142436949872134018963964216782436157108077836291906920568564356163482441701220110603546394955026121517643984896393488965617994521220
338 57822841758285233298409129580238771075577169391233762528022427053685398679156293125507052881673096719806330405330212083870782229425485137137859944309288721806451178041064413574648199372328149764691036194439564720543436319309956461970985692068941669864592318785672784563738056687566227482239469361550662571377064063975850422553066905326078118899864873351460963439786132931253425291794308626179731746641955457878682102569408268174340848948444615925161360844120018499459972459296077048574016753141752688528280712076989105752514224277154260099036622694525393992235826642804833719712327983022389969380372115471704132975923013034263274536799731330424809358903997628754454
339 11646612059708622713214920973188111818259981768967612326443926024204844198603682497519830534408273866506315264691926166393404541400787737034198037541660457535561658288237328746488442648915323403112254120240860648043785677570055978980830347880238374799146715748982015374310723020509998093002958862067550212418560902887276836714285193344739320221542516423832486697816685455085450726323924980766482375741004600307168659964354655258376080563697439516202198725170337018569639714824841809775486191371061222008599192243983065884337122080136877681816146563273117575896249196065327645132680052693919321604381873228231965470038035307992715971407103317234591485717383940027519205
340 2351509608651813237446760679531354366952237022567180124809294590712806496144242864934145624657969514798302496005985782417458944785275608633313308900906524209262679097536901000749110983913353921818095639451794869758384807869110315997728361199203254647831033744858111821600159125387662639764297910736127199459571280453747871609960510576875428883705367788884581670385762476519152251988366346874288319811234550111811571356905031000361810637007965616641963805340948817533245254605236937440629849354790543442665273673321652015880501208149071992688561779344072937108947780365775478693908147121261249466770188509510061965569456846658667796791850008100535349842249605434646306967
341 475924352993100345584205575512784458009422789842978481742946845012011104636879741549082124982374757364737683517170614560508797906874410532912806871381215333011876198029566575238374969478066527661149026090050172229446956544837900662842844183642480219478909451968811768533825568232839847530652532947216501565899372981753563525134842837067555142899780874232124116065931845858244125246916149535775697570406625035401987829214560499608515912760822609222543218726557659695604342706816290938692687485168877715596156181808757084083440350866762268515190166667217219638359485619233208396673444298217031623668817150190849151218540306492760152439772724829966773903720368357798077350227
342 96553982229636043969883331964071463725737117765526021573606486976871012187107795119803568664846213770899599056009134471901295986076181309530676495817347697140771971925586130632287458239604291595904670169371129465667828917888453295796748586894767329301120857976759237186639820960152882000117329418924302882811202538015878261962398971191375325502934068043209440256365231221822108256894933260978375157498290555207154504949079819326742315626888510561948578166093521823774013227266696670908251077536309853397343558786263474363481924866181318697310218378187351906745360116084070273023752062928451107448579491627733552832900732416223574139620673989047511823746168308340200094414552
343 19635439657692004029761021414318810583407757428804945085916740442867241123780337279131503945895831851405316270918569998034126250211919815100548618903550137596558670779940312953543201446197285103127115988906330022318467576132446343522399687968392192269644769640296073691166745561194225573643119079543317111436016228361275814648303792026330584865570448477647385986739434212028510881931857478885395228677998545880094123949432276961792275864406351212490279763442631285608712422871372868431521685534208380003254084855223429285861126695356824946341214325915261673860524729195109665831747215900766993610172018935493748572606501246445998911380130593600369675972915922300012699298394519
344 4002638325957391282076575236015123181908144891816733411715627440332565544662682426797217785957234940151451147670614625349147663158360921899830203539369025758581978061661071735459947093547504672229296441279499920907200597712722066394889916234955204546208052628050171858833103256565035743584514157628376572389960079481399728422390770946000070016658744595568034079231799475361938225456382462837073994925045809377303743898151071275554645081923957111716730611061760148577536944788369303949033742036781457547131416886138383224572885032507041469829923741130454434008263756865555615556593758669400694695303351550546874312518501018492392547787944436043055630815105732447544254318145825869
345 817870356170359275435486366283995856345167522074472958390597981734680424107878719152287727446146458865279647917791465409798052448299470925702731396336819959645816321432712428476338844534693176742635558044128672331277345158818425402021025353970393528539553000438377638528183348153497903452263238512892487103795067394137633773392118867488197060450268966342355743717332973545561201575984040371284484849127409744783068460715946720214646736314484716219238061363715182255436284983908033835401980263366040393970864838587189181252211733390478010860911927138662334574148201195757281013138239603474505349702693949980046671598448691739799663259315238215125477499149225757476590567807307241600
346 167514389361337032921647126324419926821277218436289166465105447414661061027642879100969729417593309318454399293455838207209402924813676628635982558506886155016567505402513822143572898956667148516089832192269608079132184213795368571897494066066128481455803992349468585780121637256000117433960181350984184284859863800998656459239651452325937499014456572050702111296239077387436569412932781500224462856832915157844448562604258056794530036361807352328797140913932455531355508074888887969513085897690815525005566454440963252070362658132792201178496986044135213724959785590232415576086676028231468237941608316579914801469298609310482266782704860831494552453848981677224491031685150643273239
347 34391130631166802835674137373935634778954967516425148583296140144144916581134685034992925807186246770414046079806714749550728948150302287659608082706822081585880387643710542512503389415800306628436871593580759313165857123043633384508318403593157468826934493258410272198608435319769812341278693775011696955705009352097667048007756185108025526296073518554201064242734086240152188382111444444445734135873530199503467542851753427360109588692674109828935292907456656310839366597863648469941993166084189432330337420593126645207239812187633426894798524482036918036926906168226860885173557101989933556309010727164262228884847049546098934126700853489075676260171623472874924783907777620441540708
348 7077251674815218859759212034148346655048145792877395321642792777051368216296426719088356654567219614973259601255428690097027619430503395069634115192733650604218712881537402012149166606163772374629598100549756420379151878966028937362831414375460270837934959711442342791358601847293480829685514808990024666185951071793464838460720592907629816995138809691503036345253823194503133425269583052256948796819562320661767800001966081750108000495348944366408690060355475681465732963490937179326672883221276460222098799069904489343509747003334338664572487111671949062991836443176772569242100383138392485184352477822622689722708013889000399895738987266761993651246481898478966747078088264798698492547
349 1459835294448941939949333903193976920161806254826765754635627224786735851727995707017049343835154815813196024053574019254701412509608014882418060581750746751790490097549884181261068377499768043603358031201160949951563740080564504373152548026905501406243337989851671003548317379453164258694365723028952182532498879702987828894587692946240046525957647146908713302734867152102986212484981797422844111447963633245103795545353517790425623286114583923992254162100049498526330505967810184258321357447409429549242350810001654922663364986241152186528502291714512161945498418784298553900848861880808714259435127345920755764057516840991749838493986051066491458463746108299520142795079452522099921604651
350 301829240246455341770425432010523736343855233454668965455413078177951792714937849023962957123232632165553311410981946923232132878386255453155385275458286524667980131954882043922582910615766828840238030131251670966508946965411904686590855983369438638122872468378886894593333962782003552974693194250122647914853829725369209167654402034634086673895313239079138953269999318365458808716814873601113347964075739392351610441133754284051957591153884556346285571016238627182615450456343120897209450497766685919949030882945100057208044433733373956208519200122578537297989438183073810673956018033984293920257278626067913426780736481444091171088463636020105108739225485682909677910137550562626811333638724
351 62550992785728768467774484780857077005815828391486567083292803826851622191243367069004943223630310170249522085841526035438713595469522028346320711342741177607067177510108406388782331781205401670149695291678046931394853332090037267968385588432036743200990298128000663476075331043159375316401259221459537765019342210503557997518174547081441295684526279774924158908238456756148804630153412678076980044851453445397502831809188660721208583013558934515912990452999255320185414955539969751528201462779751175004090096176534839256816945701012717745443840008798623722011886387519016897855036337435970552232359083285145369769436434321184081057193849397277800960166847464357146408704802803337833764088551959
352 12993309338153963798167890174336899777929053825178456224911336382026015233936347467121795348651548627341503551560504982713568188011821415210854193228492078029922615460894073357753689010472116818647212755958205328715225790099385727041464690038770309298756896790913978864158593182426689216905088135491756566341297478838302850419525226561157440585122203767845545576815263058477779467352240965247042833243141171754221761327744003743593362074648196063761079520221965307784107831951885056772706918519747490142172474049059335132863204005438335870244565851161099124550638677182747533511877739951341209456940838529354914834345212295889576349234047924664562291326975049949090127509737835107147769021229929358
353 2705298974546168614123619542855853176894582607764218788296658635022394666208788610905338347064413073241187416642637995506682573458045105928063191840513829548214163092202213735040578433197831946450035410018033697715321184240901880592232555203877705873077178360068053668725372210262654655732133507641540860420726804734674874000530478610338500136414098057317607285254120339532531056825013352800540127202495754067038029406055161283732078829246300888035343977418606696402736741172079475234614753515790592958609977553930110236923260425806008975560329924250430798193542859332705699158295379079824351280832109937190378482479976126989160850727432214760424695671810196264346532892774282148168657665829495329149
354 564570180914848095825362060792078312194839998004581067594458716474348825587507799605649911162872225328793386213237957087094710478697646760216289069736915192943449478591552880278828428102501037861251054992693134111234499772583769785284118744842157913606636963780066699586987956098850875016598583050391870241256996427359103971291233129593151274113355395145485432639275240667663832841818246002885635965066702419933883000005182642962607613955331721958383178601071870049943310911534011530333292936644300552521647266834011117179401697253903954232335079031726930195119807973772530836776245729470347317578649886059374622733353853487260966171386019753222853496039081267219776402650361887194384605868530085652761
355 118093245237970805074076167845748577234575727044398282719933763332308432644239333722892748154222504541495487286314018562264064581966990250251158401217939854928638126707556403709802244950096169348141222332828389219256360117132040598234772467715599688010578043374215591460816769995832303122521359901498531597979382015064012183396958758858131807937744716092747628187586471654739158797819181145622604360036801943321406166869417625077316599015927079641452658697842044392684131554529813762962613128974450767375896315754550930487874590323577422413224808785859822424876357556160995190585257642105822343099019678805225301993114613176294800580954397787917772933714839325824589587679392218149435350750238964336947862
356 24759046804129932647887158922093825688147897360223700257754235590152241569172214052499223472137277280740309559182583747018737578568537419958593805816327015261513503293475280098219841240205681512722898519316124330111031331194087412042757672657297878595905094808997234050361893410311092604113394209460199055583661207201402159625355582130273661120200665076086548351911806194032217776541038038881539577624017586735100683191672792756337263319212766458745035875933525076957216401894547796150720912831273387532882439213479546694238780800928675983413223549125233503123331720631467588518237241291045028230034563430142683389522218016454941293976068777316773686976878880758462056133860793313960591376245913805661986954
357 5202856296997614237414058589833914800444134991836225160833387690284598074756517611597678692430321140395680455023890918570308281645753381453971193484952095604343703182567529614538248913936653405407090852894850222867263741509595653310769973147591897496825559728127835571076179021694672805121444045365010981471224279237811972518736286709650380368307629175716660399813176994942837053768003120742534805927860529463176069895371050477451241465994072599749590517098245823290982469597678810061686716238327553891027277892523789904009427440963378090236298402024469332552876245578644546177082507391738184066995694240497813632973821089230118004409890981964703257734142349595712581463500280612550182627892935525198423652578
358 1095837369121430361663272563199671049631936373326001766965759455523621632802035026052382613646403170352355724995757472299321574854124383870135176082711927648536046048183675991244691016820226814397480890717823048851766163776559642950281597906628402021465470294247005746964683750461791420885345013934562445648630101229126201221666754143189377697553285911952452795990130930161962302312789433014968715176239388207945207863486935456855953143239565574441657571903868058997121583067511031193527682034512165388851900148426377642516592144733063398427336299797452059269491980893519153491445454509715257801457438857877779957519440933094893222749860747432228819221862976432484657410943947248573763513429073177293785708296513
359 231336457200827398334327434679763866055069524016218362022909165617270994251413774214345318884822184876265239820506058671754926813140370741360156370527179858884812030773103450048119222510195621529852499859822198839652697111542265385742456308677106805887645016419576456925923539055834788427540146839974629253872525071876797162294796703106840405638610829651537184267560715046749155476169125874712905168743273517904085377206371892402561674545966297816390931988411661461414725371141933519878434376072305625485055695241248039441350811187505469496962329626277298784411220661995185633865693133389709313978466434063090951601332584064703494734896555987419082561673151202564361868431098480120213448246791017618015915080781028
360 48947791434748873975673694881677662960261403951996206104730918594299650231856869466116061781652636284553993823109234148042489526452620723552983361387441994423299148991241397983662987917247635402439420040400263002572646709579423991993045497808261913496013613000356259477667504536129603643212125924277737943171975046435430969927609622232502252705520845229936094561156113022194482882217345428797956707765300984270623893090107729864353359696999156219320271983595929603247195065310312801912519457937753709698819922144085898317735400015814771224412977620002822977453171588774780447988387464374247445824413406773498069481693044778875768752359141837445100044256890916265855663933965639414095242527460627836547923481980194209
361 10380314931940444637304282425595867927295035908912752523234243966605869533708739928253831179550445810561684159096551945194264534002681181199251397606780343646745996289998075610094550184407660599942998835672785014160956162746242963247859873034699645949206662853687381753637012240267402677583656245639239018506395960824536910278859264637066536870296310973524886037678450601820553762789360555491353377944669439990861815424546463975898143011251542440687430583681434084910791381859829728929384886823050678519772606332685648697221232623575046640859822487645219272200634435877231596546345271413186360327889876678991237857779686834691586520041229208865212773744709400694548663090353850517813890482134107324405076320166204403674
362 2206346630307690505272049591592246360018923416822175392430406738261473537599795343878547933371486791567873848356961545239805127549231494647914780798981868892394373023101476069383266853592301507452377037854127720723793825734794320969579076803288590760613234057802855985219830915273344243827676556419634707209182099545629045956303170347369846386690498856984333519884204264096361931659012061603800847045891040770132814898025562388589697559546581969849421775842304057137199629149563473341460797967298624753167782469275086739673614748678490862841729382721093961450064419116505657812823929694674013622293604263420580866712646996636406269123289486435523565392447523298675076338345799362632934579557799082750308373044215258128288
363 470024106570450276386726922522310756073687974131643045284302344135353248088940944325940822319843187732460723661156186210706630150156108200768614164581503851503439258807308179449658608350312378331899808422100388168552512307507943729550814970703002739192493015491756604511327739987585197158236005649268512873380739988239432565379325609909704760231557710394913678591703350965623548989186920629379939462777172712426947824376166266009876138291763302019168720175665952097967491153848686542392087986409724637316664206961824295304885001079315303693205302963017406949875811337284362423643715150817710969031646852408900837655486239321543873737672741343539262411671950862966742615231387591506040936280075912038217938943625092328238018
364 100356868360315178339381132153912215722908407736163751504379596816998280305467807318095419579019827088811751623846747608295349598872611992992185077004656210549097883999945017002249750220065810839779986531002546339318092557407214950776872351199677992555881772734933759878151539016714086000141148142709550076567129919235345342606549719456884227682102670935807223119337217720670151287683308935004737285829113181170483195837162304396360673295202316648662978355534851298287780798849226826446351762350753350406228790134904170152072921579084384972282249699184402990040987674823449029780815590992504130184059994536252456501886300624419207401329922785602867215230106884490736470725883955715173118453666663806947225351714188081707882570
365 21475934271305159394610626713121870531561603455312950245550576871459022133836290917540681578202248229715056665246584272663003065459108569818623209696935319777003524371651824627464164949178918419436406353057741112669174008145895874542412255215509489452529232259982441283400711567987232354093146937626415990887743408687180709926798352970691747457858538481117946124563995459822040274395746569799934043162382940215928301698579009255808040159013320412108106774465865628520345214373838793131625108505471989650592330594393042283159432658679582241202838432504047423225174608048819724930984282736456510669760957403421459588478276383063688161388330927078801897487881944159589790583576299499610780062581444711612846998905547066564260471261
366 4606090435840006596865431619237057132675873440452769006729015018672756548808919862174560663116636561014055287696176899541290656606446613997120353316979194535003739827331893829568893393755252214613742655693411420221910059550281617883213177188500039307667623796181912540446537900191052929436806591970275172519223512963772323104836519508705463586489121169591048596680059305230854506229355752715866271235918026569639316151784703201914553830049690122083673562906194523522467711220857342422838637976311876524540282033638849338506957048572112745205775103943482155013114777821270007542454843172146132030234395755599142993167789836100774665626604209782694237292959628089702395677890830528657437561621449232208115202367381332709421533667247
367 990115204421422853389865335336442080488363404642250416426865947275618739356053613194215424748497859774329084444996871808054029971440689226690316021984254420289285975995845176734630734242263804247755943551370777170114121731369652361653687481910913631594680021748143533956615403290689964868288579859219965159034925416862814841119645875568511848677515034956017791097594907977071432722103236707189150266702586355128011585632052906834396439345009502187428916167520861928120146768470006010956566085597495790378349968972520135306643483170373601424747034075366509492729755046170921667224556959182654364569832756706377689020399089766125833216504247631483100340866537118871771045167272552255206228589062024948178071747594575550030257593839752
368 213309074863148112676747636293969841756544028465183527021817973949392942242015857511029431451498348364672858067066629904262342445203536198920314625809461780854770099942486041067429666991452276539517777670771934561638285530456266026058560657688045685864064886506253443612786315899125772941228567209319495683539896825929835317961902160905812675828216743991548551700483922311977718535300441494797407021953769636561169742918272136455185726032244652397554438510766783275522126181505211541666900423646907416682769620100116074225886623611456517152900300405556228580436786958362205777976042739482009092134075653230033122005358245938352543420301988538632866463271663179921713144103087925091972247179917187164224639725999791929401642688513896552
369 46057540252337305878585032137675227911145413394570669881634578209046617943985681624941880415350177251260119042076400700222389843401317656291486792449406613546710861816906312266320481147311189336411263148880177795406874211071695145765402122792407701209745609961127443125636026627920381452570134682926383383024081403098351592067520413549354387552288942793024580245666777793884766309387354515608497327146462580179106886478599267811636499249283998725361148294527282109191874289219609685420639609314087898276004878121159009137047199392205309594891809626553478930121499176715266961151835238127987887015810963394993163364718565020523857852058972360833963458167073872539487324091735499429439567134014050977507142731732618052326466395519271782111
370 9966838929237261813103895676681596252970756728938926324158415285850574489040706807890610354679468621692754199142471201102517341228097886571493199358172686845519886153705537297403722181572246745445480759371628795398944910238455888317197718489397648943665300427669301054939098079756634969381611738076794844901819904013445789325858592183498095549991151326406647452927507242632507495787759098586419553668054201241214862567642976322270366660878927866582075856194362853315177326688662169438893074507207901945547630376473047426462082494354957028282205109274324688301499706258064148266349574866835128943430310916306086126843555033206588462571357369843695674350632743410080009797949710032586888146744673207709058617697325356940496611318268552625902
371 2161607952439985760165879579444977866531510798639174302727385979746935400948378658726701295552854574386643529602676015018466574459037898208742089774238519867502350858613247907583166582670316148914032130249820207706423542396153466048723040055691430924453994297332786878499495871545744569055338541251648465192638670212998502553684913831195508065232423679756736932969089813826579860300020983673570758356866465569264049435199965890006054670372793871870845364464501100242910649497764067336720062175902012555559726752059570030406292974427653831518326839824596834150037141867091599079369407526558963781480347239656726334176738790507920089876523441865010640346272390484528314886843319170446894617917911236766775282451648913616550890107519932570925387
372 469847284293047569731192923832722221658387659055071132261206202245874609372928436584449789812770097747738416215761679247214348175820298298981966424428753944320528967802500768196844844084191031150345359274321415161682622586043918880917748099223126883537195461819144309246777774588836684544352271282393117589124015020296171860827234897538662393574786412012347760496371509746735437217455018896661630958290534400826076744503142801317701120387187827025771279698527045348075718162989872678329959586235275658309118928796889435156559879901298146998558139249832703976123228281543266266533510835372247411695102491382812996282537628439735208398457392331708824467259823965943991100270051431174022109493925582884069841648457296559646783592104247127252589273
373 102351530061076561115656888048602843053773970641663633801594652374105940615645984088933653933939311477378230229227891149704014356407246476090599415791596977690917219751831189815611223601239987112137549909447455119877429018549355834599428717579504653051787939663324810392295181090084931087279621576707184714639602901798754097763005609058517599982512099693525088169922025988252878666862546701258031387907795143659282754974391102441680226841825014472746650538685457221152298186288407237429534193602859727081297376116448609200204900508959527830577238455367211718598324159226119820051667292492605864587554074808457023741578399360502209620689082954743413767812679629858842978429062302641363145261845543420989674623121461956752881555024832142121004297496
374 22345358270444590291470877215156684504399689872363230312101179429794273371124723585834797996239405571566888050641969576779300326829462496302468285118557960255515245367459602592744852677687879801401793758687770077338106300290487540178156206728932232952527964223884658994056737115039649589952015642998068795639064688126182920480737939425698244924782541207292244014438670595874397292160092317158807876108162688690595059695740372791691634850477657790942927393745960805898140460142359889877984955911309323115672066525437103648684149987280064354587050166279698071356289698218514335870289217412753070787908199185799743437799197440277506554115249499603006541488088806017134652741343617206717778688339587087625881261080449460648082918250629369007661428035665
375 4889148406450714884398260483860131695629055744972878066155835030258042929753396436562754428513787152317304802267695290540115035398308667393510908708195279916751105337636181440307340629910743870362535368763918473323279782670399628884862511269328197565011536971764342265498709620770319993378688989974053609753755780373364926162880338550378899141735669683973015756272040809189054209124114155498158138989553901883363537304890621033310216883067155025507139351535227222520443572136960628331017984581530544051251016502095973568671301583279910329522003569163845197455838724762295222062668811128985735276248625022473495248468369658332554844750265971603914641031721742972008635368981613373873858157191283580969661766401354020482905721459094811842660814993510372
376 1072085929668171341434168592547377077596800080004949033561291264093718041733956468156851001285323962496276320069143485669742432148214095271392059024251133035789791814719280488268233104070710861137556704936454819591995808452154304187524286919099026747742027413198095533836558664877096255670908869503508360293185235389457200129883803838474821138181677679437825507614990429792353679157490727213427045236939392045472231594549365608803441588254753955389942287510424463383326425963940550744942127330310353204186151689590705011242846174544894830033582081830797918738449364048971463815738270289353682501082602696591891622144536952392396525268597871377192379604410780641009196702896021188834669971525237592232187540964998878247744586960425630388231979646668650072
377 235599316573695287650953715220259507773726610482857931628013478975665603840874967374649999304947217229384537209739920646609669862147396388421769023338290920438843952749955266564051754664679224609273815615473467682431829454189643296996158261454711412555530920690494618507529311665533161281278466366662639889200423880007952001444943417735230665004101304453356359689982271331050551412812952993585570719360385912690456481612658156087314701131768435852665070305407610380384263748938562349630013156356448881563453868589767647205392443264613806366668942331161319531195803497901276922457465918514195052079705309441216402392246416708546266728028430634929675969066819394142487744029278730948583468778536275532821636909514180430542449961044325553458332666984139696238
378 51887661551596789756414674638179762433929852141492027179820669281856205191369910288523283873320729697078012315328516206789778407770715241984648840478203259914930809782148765549285870029701348772080270147255067228622352910347968536492568045872168525770872638483999196786325843622666126378853569675351199073326735310338633787202970906924685989992760492363605257862017316970954533082538629767534343255112987917512290835246779591600720348129087132905537299156296552276286493100588115414024165239787794627560995105029777400679100851847993686129623084917821645998543114520312212633712326130407992106335415592987989493385478169800203409184681678942100837969324197839080491522768404991236430676064058721784736770248357051612786064606608594671485584187363261509504113
379 11452423873187458718694447419057923679784289521605075821203170927501589916465514885605203471497681409659324307247035371900209170828515304469928929003547999390661093531318417231778701174001952962438498630384158080214876182259988065372499526642407967872051112433272744519141548724090519311747540609405601571030017428160044874198382902331804541827719181660447740027585867580999739387295655873262771633543779039729654486880094204184687587341907383898713362436526198228220832143068185747239257732798495408198765036618383074520618108683018821642219268988222359273628183345044279553399181474590325632955098082833017844308116257543815320404937363427269117152158729320719327776324486585834261527789025404133186581074074948652691910324739518078575908982150160322746731815
380 2533212278340113691024316302104244178631689663143684334921283864448210478931588247539907197192180240208679723433736654961268249971486670985940771531616666844890737662002628753727328723954647054961853768768102126012727618802279622790454393896414217121610031124029675916235637467377874605461171145929089894960144156828107896581801193300822621364435327909387625130612436835346470395232146959943100484366281983439245824780835878015338569965594629703818378894602468426508749897641969026766153899696151417575946939339842593323479362634029577570948677051772228964147856022776099601640234053896811239023213115613355048841208833047353158213528635716092610805596855931583773301758776927837215240381592947127827263368633893016371249252549454503311669350333409428437388523266
381 561544574977769183937774273603588326607544707082285816697699741424901619395722528396402578339963963091994374104145118295642085385687259771291904316100064563185244357867449966640624015772018740872680920512628809539821641714454045154068427388747766294046526051500345638328233661020520219512388053397153025033304352077302965530790132685023792737379413502186274607068495523822751380085907451917714936225627331092816070310298342783595758276899421642233281812766434199107536701871715439062533911495607731530159378416479112409249827603069303325939791449202875309440992981844288146003252356891152156686966223548074799896363180580318135480067494264297275923854675888729523247946127089891560787816286882549299082578997739591361609207510868260973101568045198842566184829059475
382 124747831648526831164868619822054456333008504135270055817805293311812552805598101123641646187728411330779783554938051926224347416305107339140262889539484279615257654296098373865165774589287259469291124611661824586654268108668283631781946012609722599915272261575258633262116652888275322882763158213283057169793641042638807124062910882611951165300238492434035079715175342158704492487552260431161075712498019646938593957631570208926572031235617499015275877447120638360095522095525519527293779456494599838147867321535016794404243615006553677570751482254366202590051448204780970825355865143349407701944078351591378261995179060137484017467815427298843397744169539183496532623805107546687956060461621972240989236472919381034874127228576205930579367402262915627055717623374954
383 27772536250301640034817875327348831768886003504424822550531423541273457447189025160537408328188492425518386382550931551547703499730534101537002023771685201815341228908432696915751797653887330730480886405112154960635426113039514260631576150617602482250041842925904993864227669873904354184644656473362692792736781798661910732318475671553446794455751191124214696895722912192327870817661515136779483192341006532300407588687663171290935094834409983093980043419830569861867074646194700683888030183372384151039088067757166823208533373739477860834188687791620734054038469089195655379961441813004906942922720244112174326798462203310717015973257622252959723552296722417882781647386737647963054226217423795777816966692270409899927929193027081643100716566256395630069284678672876010
384 6196258211452519642232836475894033525086379523320684388317204655469919533018457674239878298803493285115477665790505930914466351242902753968756065394899752197131371084543095726371521810506901970187259799588780021187854566020764400831009397314924661912969009250763514043217900098324285377003514999636491224452181689696544647493664796382454919949065984202145001739142884202316304513181843660761825826066222693284377122578676828082246725893964393429481406339026631316203327119366044773087162030229696920607538015969142800946366825979246986237649461114223353787375531418002307590350056067992698001266050002812957624575150011370430309107694101044397865139295573357823598501657307355886684311763937153374780750577164050429195042276345001785503015980964470785200528171150008818064
385 1385391676009700911795444735009144699325888064396332685606170049949615571787393056913928907000338711495672993507858786949834336502676045421039547722568846865040179808344916210286156377066773478718449752083122159604856073779823538891038910307615427488174117706603646485199189006717024733509564458559026157710308594511424190876743764568179312820229567574953784150296079959858990773826786791344470635306899022214805432345079617299803615708292985952769193073798277718909136450842605191019466459429806341396241523883549180256393690258594783755712917414688277306801976116112948824170636053694774959012903393778703511046678967694112852536283856843705603394255820277105874677474699851127927110542500621720336016388910869452220694428236522967756614517200154495131131772506876866412482
386 310414804917609933129608172384057134833505303448098492089644222291177908442332958843906520946146492580253818309467566874221294448071297471940062151475417240269034240994881600822299130272186461889973169732311336892322144886171951989353424395666078233882668153295708637668652382522577322906473751612897475299665927160266935648358207340269365604332186202336383521310119886082355596964626097449568146104248923066916615328655345035883001449136572555879143354314497506277446087346779864123541278506021268879661284728073398793519384765909583767247140449477436023626008039334327333198716699069237521609536547789375947091502904012215226802640835895883433409930595979094718740867222027275563886037191871645032010451241071506790607079304665701994553576732556764008876427600479285935754817
387 69700639226484813930440108841698007556489642770773820943693170361941932401351628064894483156070581820128598338126143995451658753475467128155135524448757308094912862049950865405750258439359744793549453109861929797558940328174262591795106426324872647214680246684684496784288184912059999875824693458859385233412197283141739799626851544476634962841722143356254386498754019353816229793609309869498190459701040497432309501049532821064704838259016284636152824521999082746528127785519107431274462838507991446284989857234812784277764531346729683255173886010224756473198432476361836377242923461174921104378501549502399693718936990188143819118576267735704943334994915398722582002984720558563665947175580714592937846905632986907609613962050011222999275123446901813866643890941720963404085270
388 15683871881395904268150764304951528249064794752152569915243407225670542321948603776582041921188886656784959510443533098649980975992808992297685293893669060722704536691015136869285873320891100261946972887471755420719704546672837911681601780189259169957572806006566814593948644490343638224510112940908377512683877868937843304794938446654652395019575976734436980414323160784483345386209978877208093579402427884426666173780888815921355986214781393309514879490344841032093551925081013118661238994468624455817207205241598763993094380029604202496090025758919194753362554155188045787957077366575319276093387207074124478123914026249625508919836945325224080660985672972815592100190353966413346650473524873117937558473344035163610093789105509256638398314532840888492149625911386684293200054712
389 3536630764539405109331129554291601644279608999854141524707872979103866648708036779377957318059124458658687054944303676894815162079067401439023669822573227966683741384676590891297537560782648265617714541445182002730790850200601277628432996930183654725508330041738138146135433837062948465504427416818670351529876105219509522423000478648626244279429496757139420880443176387843646626523720931718430470047608967705631866250595560029250954030930903219883259131331825593850139950358365420942476012483765388432966993988156573284492926624979647372237365947172976518740574754134691620658940235797508448559398840688878808857263461892784990367292244085252273110484503525833358044801805269865077076463028511538113696681358150097431711521053225324628759107708256413388303353675217244631949841238127
390 799178506513320692469254250056501545432894269895374979662867235602004179276115595243255032999165044368895909007871227589350250477008644284409036380051044700037198549820547356472215454320381246842774720707018188156723494047260462505021359904399366801416784291894793892338521794322501186232243280537558526518128608239537265141434688795208100513890351070059721058300641586597644807994995179701833099886193117219729113565254105537079842753673504397707412921392892501520840481059832243866304605059186378137828254546487576529613074960493314424076401531353091732008899818969114575414060822923623298745759834697006405052744851768289730337620548060828052112342636467115198515440269145540090384940058104330673756192917051092966247544906511099271422174754590075706995566490542320050256947325166929
391 180972777734887744168115252748037358647064350442412080919134496400822501661057436543214282547906489683482002501117052450072153146114973195157036490312079765841564069047373492731387038479280927817065428577289660081466267148676911437362577130231252033317703211632278867760116513019332870227573988564111434659347201251822166825146899444434400124419757811571565960325489032709310354365150234480334868006995933200486057664587303571224874566410488082677721504688110538381866815830401355447576333546070972822802570173761025604326211396768007248979684665125940759166751154295454331031676686237673852084163348152493529579281679791740087151453322611040548045722521651191871452504325490515487868235587845833839186675182879329927445084510685139287781384526423000739891117261895940746690368369399778192
392 41067271097575069421723073733853352646177820331234911830709054901369951555330617948147146531356287289021135886151113491266540521969732976477915877191063594352240374505107941819647316766826637789805520107520834666462737971956460135812296271629061640659180711460139963455389584611820739594531956844745248093825636677794008536495508970859663284288526906337677445891903131729232663306455891606550131648924411869226003288072148078226290869648888614123782056369642470447162312343601433237922179667349576593620249277204650034323502058579942963840026640996809635967741413177445221549906766007231715269029128444237149318337583297848177001329475129399607619674540640434633367450852985569110419678333961519674776119960660143248961479761570042280035405944432296424057284307715692292800791499956311137587
393 9338762653554257393890624818690592491847204849235073209309379190089032702090492545074879731374083585627991712439294621869929011480996779505811112190979143836174019473836860805658798915794298049487277293517574541806601298799367920349270048474670666366891534124016232345629999257149413152005459993269667548345109338883610208979451025878765850713118792814607439897744339380449281388780557637671458116978122471930844015698268691470068347397180000077621627410677092219470816119089273689509687184422594193047909295349497708852318328463596541018445593479414609496946210110529289791736834986207126186419481173879969151426000577857824929699158312125298603375136536854765555543443707950066910507339583252939107742417640927629219077653138638452673735323965597717896115084497562265739717234872303046558082
394 2128097424035868550265534584307635575849115429267093797585351622786036206389354801371847800187264299886880038645804633180373132842703957912217054335192545012781991588568773337043409760966649671404485809032834906682698667941384218777342344257032533127142084227887201019264349891688005713681497651004852874858695520365851710603512256310251804374692578193225839527334455259943215819936211884393130245937837022136263967387671482332084362474137272746009422766470579140878494215766856524325096869254656549534987543403056973287687757998116884900594485163391433853235963104128076114467692828599442672310305197698840152415901809503466650876528366729946317957165793545504804131632444880350601129645938268753811573714761007287148534109470846080218545742194047984995273995911453173075593804281822070626388878
395 485959566542689931348964760351867361867443715288223991524068602803154902182914803615265737059172280684989183773992962656082469928052526271381961740638411064857193289722343570027196985791258731196195946828207748241321107311981666067145972046510135072942518704061595200198697946572587998661019899445388283369782235035221904286747753405136269191257402356039946029208827884925651390210075287307289271082614244935196335645044878460421644488946060640422299997854333379587624253253336435633657991920688815459055968374761923562558646163797369112214029071095446326420200876021743841590592839888358947363189418497934466624239810168124416549822421886355699906062529326129111936070381610660279619348822841726682900933226225807025686413859595549679419177105228004235100422205430602329965419544002554759056329339
396 111202109306900202383736758826332315285120008623327246911268118240635365430623300487770240158895931642652801576259270867999250718908206571525371168693154010086268946395740196349431457371204367910654029586522240157490166253486725835944106597573020691125184779553454018064961583003492498362623144140145456453126854575657372127392106522808862530808686872194873996042048802780147927065447671671560125620512529894256103458381429641074220673321369306548651876309717114008337913348006331303173412712827606349267344814826226277653464469006325847880820075685419176415633113934468948659774215800638336134415221566792481831697850904108242931395467431933165825305585740066045387701553982631983954709233098006783437365849608726010448426732202984276900954177280404284800080357160172097384466312659885236376513688830
397 25499283734354870389141885187903053292032492509017675880583444011257023455162871860732019969322993077332652893593144776467032463828923470022599704052043289669486103832572143514932651116206757692190520783225306082262695040531164729615749177084051801390164147390109769281732094019901988064062235355134812025570662977147266496726552465461872938049183289498672896244299315666328026668491826834101133542557323385084122685559301435723203586495942111939208327586400526426669963238394194186972984926958787087159353073547627979318273630581383653657433408968331651503501729284143243234437487359547880690477365618230775024102337929050230932583036237673836721662316539628553152892220078110899855004266818785346243106329932618517899761196602847224765106447841422896577888013568172208906532890847468781020536384430896
398 5859260726541931067986335458958339681184886196174906691333973074128092802687327244204241570897869400288661876354580094782361480964734778590277685832235260646195900698008937895890829357451909857258922030168507422612469737788290222543535333226866873237340584695659566304343913428191286813975220026257282229295110370752540275160756190503854670258219018262096115380452290170376627830594606601155242375109202491343798442406489305710545472695771900261219096052055042182893908705383094304625609891293602173407102569791527474848918239484020689465625788469245619727121175698521232865675338998493144567934836320642236334954178925656238356813305814106896820573025398439380405117425271708420886901149511426135935574414716997901032517122960761980953542773167454379158419734249253623738457331310449116767693423306662727
399 1349134914342489973758834838880420478424935174851657231888909317403041956808440052866224083041019853658532171075627162929669246705678027258332698673503908343756433904246463238305560529927594727315197816369834676346215386710829988774122557686046679837621243643393077448232567385622526256760949047076900836238003599344983272115631003423818714190684735212920279097581490103892338824485343630617808676070035053812632834755768082896451475023155429692781053456031386679362550638217299931132512624667380630224470434310306901687005851869537187876062311742847962149124321468557482596966046325380764225230760114265725266227686930836487838630457462276547617916350580240911015791158188050366985919047326183021638605219987688702126509393355964455878180040506339592087987949536075816467585437905045934689708372438320665050
400 311288799705856943649023794642621524179418114641777043050764646917634122992899797372412117876918247747536518433390349554977794960049503053106375351055903095141377753604469654619739211228615515831756968607598376833917127888092135866425745049915814297539152633720505377647945636678312653285325340720944760378012861815227180982119322830390714805531474961895816265659647778983523261137655387667607464603182273222365518938294331609013733329980098471496976489108099796546466702256012489143705372387885093570143283526001685653116119054907759903223553116922344020839657975555715557338912178092563774562229473684946060228502268123265521424649442936376672088771932089633615695377515732504663283987518929190536852580853806586248882412126710518283862461839261708386245059679929364359149192967865654221904520526406711200893
