0 1
1 1
2 1
3 2
4 11
5 86
6 942
7 12996
8 217179
9 4258118
10 95807186
11 2432620268
12 68794640758
13 2144208839932
14 73022589819004
15 2697651739347912
16 107445653707814259
17 4589616491007605958
18 209295193019035187754
19 10148293234344417217692
20 521357263631063209544130
21 28288713251354746571681364
22 1616573832599749808113944612
23 97044999645469749056067705912
24 6105778187730022842835728497022
25 401776319799071544569035171191324
26 27597320095075957020516504009188148
27 1975247106550540411955223298133363384
28 147075825792997569608005830262555338188
29 11375582714982482803108345036166907087416
30 912669459875800909931757841195620012774904
31 75857527223496332126761479060754145187149968
32 6523870410422264315536339303729873073567119555
33 579888134619409199267442104730770943172879139142
34 53217861166160578814516139669735685790090434696602
35 5037502983362442057895852383476042005615033444155516
36 491376227088212947855140256936614576978712167002039818
37 49348466324758003874361949914113894461599960316723267684
38 5098415067769889234117197905285406220171787312528105922324
39 541451812017778227723129044504284287728965527921861322296536
40 59064534647573724619985677334723163000622513535019956478230858
41 6613511689887526453156513990360127569980869334701398644359912756
42 759604120376708757632121983673985965349086878907585810484603976796
43 89437190822467651666689667269183760341855188637977852658901744503336
44 10788566019869473599271919829262392156719654817484486008683812699104564
45 1332525274714904989873755420236218998090432672880246850221635486197766216
46 168428759485827804058777414982035351983790494101978544082634131101312776136
47 21775077924405457851218325910151706922500102889357602794697777162806559409392
48 2877991222371881330637031124922199408285756649358120931671636374408727277353966
49 388685595297381606895990199329451859239769944020529588803043465456254149284503068
50 53615254300552886417876386352956838117540352079847634687880067424545051220623795460
51 7550386069784788250420655738390027010742664021820818672486002798748493553856959423832
52 1085071718346175148761736129715810055057863309048015720935673864096329451138460347196884
53 159067373528271561819490444417932884503442686888290394262924425479741415814129282949251784
54 23777646642026948471214681921318668283197248421815762294569355075814380471270445750793154920
55 3622929366468620578062015432576046107612242190760848001184082210373088868366621514311984761904
56 562468655639545334273998992249174990342786862507039731892018567509000316081395105298028551770012
57 88947593741999814991531413008206462182708967899832079392347649060204572115582679342871550097094264
58 14322633745864165627761839255925244018634846169250561450302394924695488735866153032836839326625275048
59 2347604300133194644127790549230911294357744906282277265637145776367586672492082352590588218780756477168
60 391566586180306557667617787768916349146696193405018431222045296640654662566306181277628836678016211225368
61 66440834829190428662925390589557241573205577648063733868480138997478578735576643083817788949966381138896240
62 11465358993173949831408185613212594076552199049070838688199284711704823815324739074496171105333081033592414192
63 2011601332217884575469996733309619858254215388351099992048680246364710640545653257096552291525438589141107381536
64 358740470567150682192587265838579016883614523817599133652649251386027901264615594848464398621033320648813794567267
65 65011371369068693580609155871541226638820527186354896177292856534648562654542902785915037995903598496421582544136262
66 11969021900311452447802032797966466217417647429985334119528545314088723715295535736743181836151585843511462221297871226
67 2238111337658309351090481749840235115892794136905975426383374127494880059479726470735506708874587643152190520703233270332
68 424966780286040162380478472948013984281396278308827015155687627447028780578668998830535734573669036369901820249218681927386
69 81917793454088166206357092646877028554246081667620607605438591810569335596563875055448790445303403769983701640002213816169732
70 16027070797803153368316609474148817825265536889250352898978782222028905947743827358341315025419353873139414006290518667108040820
71 3181912557581095565390295972953215322463745112588042578406316282765202538266348445995685418714822914424150947256484586977978940184
72 640897763930126475773461715068859308852552272492231845834722817872690891676734056086438274514636922313776345739124266127595196947346
73 130938260738430244039964223639147914734591470030926867208734416208603153875651739571835966000427202883835649943807608968833291651331268
74 27129078397675629437203066485631202381472904162426121376499478947598421452224189211917532014370180788350424860561393874938597833153451852
75 5699148016590813837869010556115996614766342950643091189035425153565393933012656220323040867822446922500484357903201914855572911086418782920
76 1213694310123201357016468245619485417884431770804140955346191160584180092655267660596510482256856804442636176526747063558936163182031456704932
77 261971136963613648049596754790348523768122026158015275606402467657855189949686863607830485735954111469310039481385687462763680820941523308600488
78 57301330648695453315457306029434662488005033871653535323871746139010970857364762182483919595970507616293571344088309704620877554107349358611513000
79 12698941456147953674475525586827751713028115044535504684856397030557496948201416514757592772339503076907290423532078206059460589040946766846041630512
80 2850941199157840541817492215262032977093224195376153407644095866314028214625932602608314204550486330113602997088428864540344320856406588579212891753594
81 648268887004582949917139099264281033757445765757822309012941908649147926405761297935161476699069336662801731832135791052569820001960391427586394289088052
82 149278870509767373636829294779522066867916950208270002888672886967127678592202602769702264043305132044606646544041222170500428433858851705105661685889209964
83 34805634166120706465698412094923774507577897428971442359587517360389967006113440594526861775565045407253477678596434761238291704169277588946586326253284159816
84 8215656895633924612914498472052416227212495948771962160372170265734113793168036632383045263485232695403398386354070901401303086010999201113731820006652551318140
85 1962960986761103910999680989107028963624008454990069720749915379213288514839299977860498744166085673124606084773992504719557826257750118160534075690360557299586392
86 474672784454794346908168663055409965821467958016740936002358575052956741605632948866124525455309098282109642376562045037957958809532228662677103963415868345312661688
87 116152468965700567481720087614471947350268753035278635343220331411744596954534070339986803209608311384550450423203024789045649595030894569734733436607390972317306392976
88 28757664967496231820121514900392286072441131277206959181926798080739364086797219656036040051733048663417750112943691299892600721208173716198925176547808721966911054428452
89 7202957696908545030925890836462400980195956960226272982193014651221030647754861626235675926560072280169409127352294005268781617759065383860903968257326568818840227672263688
90 1824914576687510284837802344084010750426114743688974085377942655551590104832245890112659132985981857147998192757698679094236368384992625143789881979354670031323971862230221144
91 467619178504828907703625033718565509275328348986653730709658590108053518684373168859876375066841175846077525335184332453559114986321855791602855221845623774047440921076580654352
92 121172792323054514693110636325825785895214861266092525592563396478051451537701649319358055109492691482615175085273792011550644386144908819845599224735236922844846938788542601508136
93 31748783720337594231426677387178251462400285739486397170848794038813733763369655004410309979324195861267939109314808467903463383134833874480679746512126772464120379756076198209583888
94 8410185435238645537615858642909860033983102695407628153293121674316515109635410929349477013916389030603412220487247997005509643928396641246128832120917497544635557908081789422819522960
95 2252107012402360001396610353101682771009352708050158188987175729066499831889346607757097225222755752123045631841304914721269904621602672537485288843697680193753057045161399843746500301792
96 609574820957553793343963948972386739925129238203639478883725014319377494298176225588614602366207537521362223965192944462801348180033359907957327656817933961215321068859469596704215331842638
97 166751675189056420065628904403778012598281047479683099873561915043822641923246994428872567698778661602885300038607024878515044937008120704452680136026679306832480090419231968578970171888115996
98 46096744914211697324532711104179470968117016095627890331149326280035006599308515372768613536281428198979299463102721234069144588734908689034495545830875887347110026861723394386419323605413465892
99 12875967237410653011831215971776592815078024705440449783976033775692523299610132148381431023071469349092847736401401688828342998091074944398805309456574356778224749508428339908051397271004247670680
100 3633730148495503835303181494336442698038163334599816608063878153067305703586182094016164936422641083529634252340301116842890403500653467811962155756920614106331647457402468200040119517332196455983428
101 1035960710316276624341870358166177767025118131264502498323782472556278056260277176911314263145928322821844210046213366863870139924190404534757465888472272747440453251783664886682936916420404309348863656
102 298337065094660309163637052859795991158445771840755262290471626251809009759194915128218973624835097839581824102744989024123674174158883376412833429252361998043193163066152906621314982606643621508991024008
103 86776245634322170871569180830348596605507385459769835107789123147274155698876657421323818282904588655121705921146956328420863165260484518214023194218231013301021109772537605428120651295635589410770564610800
104 25490683190842544664315932858518169176653838697015683999880944609526848409645219938159220473490034404801533067336356082727561326006794401168883563172474110873290216652138769578884090044088738189762497079722404
105 7561486229401120942240254860716081793763851308556697822818215431996702147223499375805677747630149949787117325055825962042987024998683617371363027429208699836578044955834396479083192583490227462415158093038891912
106 2264836388512771789292615095580221938684014406019321884000234199990606017965856170248202732613578654423312886959840268899428323821771022557980144613397422075084783909451357637357813357871055188480399463649489450776
107 684904746636552815606234472423690859787917219173494426001476422507278351914159861247102025228890091574053362811903074595180634057176782175058411283565702258978467221730576762115338656428524679176892520446893643482768
108 209096927815349278847970832384581832473722905617282133897313874302042529368184133447268355873008114195038469019101368081969611443384050770880374434527651934744490045132731546793399397389144520478329257257306163352482568
109 64439248393852660260315904728602811550407233070396215548851421666375547399747279052020314829745087661425263095764061577184009864698674936581977700872456806821606176330915158914222152946080760187529973432677632994476428496
110 20044745499996149925876930658238089163730487072293680452081946151957420449522557341693095869353490837171855513727817682402793403571065805166724893167322425821738977748944692952122172976068982841726935269924721808715047688656
111 6293040452878829483727136385389196193678533841366324671896081425776672981030829443263721423737123024265866301608313310619767345002600519077585006996228906547052639094824518393565358545736701022234624331440922848802638242537824
112 1993855641384900302569846335619722631828967373680885500597514548445981505533865203349186848502887055309636452249980709424019410292010166280367108629301903376565825007391472055033014872379979407274692762070239252203002786167749116
113 637476368603021115824339587673497959578090476791104790744888197877145773439050967552930906249164933669264110108128546323020158457075230451735847783212417203421509592514545054106608924609452225898042922131184007306864331970811073144
114 205653585661357005684866182382304847496927265373134762176757345609692647721928062808767150020635860220639094865194231763789906933683301667294814000518011231370896406225611774846183828848235441693715340862146223213675612314201491322056
115 66938435281422629206027411763231842617468862021173065586857882225473947265614646578564720234474264286921978851934778486599547372094027476098644225155053734995095562015273233614911008283849032760168801025984608178774144606055882233477936
116 21981016430186888150886342435282669850852971251855713740113840711053801270032888846624790447049334773789125488886404122775425709735604993363827325247326363572565287156343437299286778953268570805845682189970804442571381778068376254190604008
117 7281475574832728997294037899703247245297636552942734823254835694209234839686838093549022484842362210618148115602981135267027899313986366402811471390524915710016258575836339588929085317713059953185690214045927994199937626927760152289436258832
118 2433086133768842487881294949930620597134950588260975621014809276154198816013369850819080118058371005509268258547135575603017908563137479412207225476018876274806110779341352242805817395010809723666054229097118103721457592487466096110630458032976
119 820029821397031164015856068619891236747911624633359819438064586229709184232416399192177096663573499237655646072680415501639350671046133254962676396228317058967729761111666871929291453868313561215309437151297512893229764989061883104689588367134560
120 278743053148648873902222321372928723676898504489951895368553043100030025579528849915001515313171024684222792981213092804848847165078165156888811508733906066311081683435439804500114142921866468681309074977415844826097724777723837269425328750608650680
121 95554118092425218337410581900091528790365222656422770990092318890607848450716710254248892258799594209465305529156283460763336769491904569506025261418906013691169144252821993903308908351763214031662325356904857980365085931733911608429099608026368038384
122 33032005672643746973744262310146790757553232454984447237576794598526554756260501618461568452133654577129923683800952998417266379878497297324971176321775849186351978473314684097460034408584060948102190793259102471977009704189362540673346433515828753465936
123 11514110745873860296243623202822791739388486947691733855409347060540075064765906266287058985552162251059819247356375133307314650455787551091747747817406759950287688310577903517813198411066352421260641388418359922369758182665082897647361804343631437553543136
124 4046746716391950999199743792740792678819337361930696226455080221278051537276198811343877679238743229613908645566141380324025272807918520318571893552513467607306669041959916695187513371978450685417476164005688796490235248094043455183975895056670838953321403440
125 1433945132269980205118447379008534579919102958330337973656363001193380718537077403067129977592895660955974857155802104228992996029733286764597868694412512971022812284891119904926079754309492760531472478223696353930883904316805885001850801964722297575520416927456
126 512249021788751152949783267450028069233937935929717515795767956885343392923077894282065265202118123657312438186630307699957804154619476642606664971094305656390246648640655215868672409625081030238316073319253700317186058859651573826514265677142994792701851608846304
127 184469045136159903117215401273172443447366681834975541990738680472852337147806818997121392912866223759837887613028234853083622255866979899230627009098725953866411665163484638518244313568552917092371128115797595249610618523729759226497767844453122592326111567188769344
128 66962512118009966707191091968432945504653447117901338252481648040129166249004408469366463802450471685741791891245941432750954684206405135751160049936021945739936408213132555631589369847684765269592357051876881600484296521223823778439987670000413484626853007164934682531
129 24500695444354323182393586348614588312211262991168955494922391390764086749333928412282996414396407439566645236053741623480158561315874152895085240893802840557270228334184578174672661104456047217845067184732415204190999008344395739824073887458170194611061563191998376259142
130 9035173817633699867844225986294119202953874064787254346382901064066635847519527372360052947216407475924541922249716954654046063066776992860610256843781423703241708447587733309713529223001853277472742604424970757369103563655787988040218887654092334126639942077450390145795386
131 3357990395419234773556100712406947096136733334089534171735909138042718802896434756165934832299040074302045549506115697579758203590183386626292425849141193594461900397067030162535358922054382503006127635815077361297159099827868798133463014732377619465207690374154748296354696636
132 1257711546139962261362212537676823388155172424628225067299390578813381283755157113649753409202491848960868405105674945207625834118344630384318258898256150797385006262005454407079254682973197149273587623613694903591397273506307704162047924604791167369614097415649137360747136974202
133 474695955242366329550402223556917111699935983234720117517611793863435348227935986212305671347147605553603507393077668411203141645954669781953827262801154057099192106022727589436767938278523138007250088616909941018578319625487673488125149561912394941681445721939001809064458694113348
134 180533381516619448792267800147557316692064128619431204206463353736847878006398115756030714523647058243777915271312383301179728823746344610613445097271945036101455300960725482866730693868582265925102150470903293367282289439749334364012554763326542281788869846453497864522208693518354740
135 69180230660452753094529430487736080894212602732005921698170260903203709994034636581031406396089585145578149080781691199132354465697288441220173728885532718687003648816509074635001099799868376241246095161135411162090993319503371617164485267409166414136616761681447205223544818597860268952
136 26709414856420435579705491261865251174106746060514466748982074324592082476073207052656355487804827095335670226562835043456467273090351265936071875370549351745069852155879751775908345706252740560173966593823790552163816928980079694030362593026161033426351128242225551936914494042529748093026
137 10389158296422827666843566454908683861261962528374658506072991138013978056140444401811130185011861293922130849112565462636059010144223607095157056474380319923987277250167812520179212056167003491221216293389013509030635876813766058769871073809965825331331395635850733318809838855646875817935972
138 4071046625940556766208657918182721978642935870075258397062918263554272742411074167765658566354701518057789897599981324062544833967805559090603293751651970883753314453327210423245502002403694725432765938261961605750176496819874314827224986200351472805526807307805423934942219283425570217277764780
139 1607007724165759519241092783916781736751794878864472603606230660865052312703388260859876706660863773506736379173520801467242474003092780856351014932274190967177459248248266317705139545669123510503548244415063373011387792630174029908898051572616301035803741880324442934144634340334960842967786553608
140 638988175925912741377659112470878169463102670965244517996394364389462892714629224406243743743218321448333780056706837514600244064546175717254006146762421579518640739378518174991997042089377423849391847852521841785514767374783740547773735733105156225884617007635763734443125875770651160638342141328900
141 255922093580125700075168611506728361830494721668768640436441606985169432200004919932935788283440882467881412812379995398460850007402187983686139754699828882802403063345983665210299877702207715364911935146034274780134745230459357704377126111751846443076215768924511290202828953478990449365130624126335080
142 103238169832588154797755831055612743362280891048028009499408505179405271320644429835320009327615693370334999917857674729303029687951500008047973900765286765157996059556754864384159355136185212158570432696231007703903305265999643990958432702152189736107047886599105284425235654939640720678145955213786137448
143 41943836639873470688709303031115295651936632610688210621211063730742856200726191854228129454621273609320891238816662277033144322346927367004156789109192222015163549144439904235181323898886214094828285844419469756761220152591989495946301339889809273137810223610851185183362255177077812180017725213710206778800
144 17162061084956072919745559456817182367275049461559523420799342249265384016502871625005980343723037157284926839647527831609593181346024769624793165511285008939116755314490206649921466702484560088885363820627530107527550522475531875767175996501817485591735669224360944532428641797432389770530328168011993686548034
145 7071679507015710243450960169158166974848623659757810588175898879106559132864166441603703492802949312896561613863642686438578813025652204206215610294968794220901193662509485151328066882572086211998535095475909275385491613802605127098409415738317849215995449207741199577986168960321753731855161558173596729962811332
146 2934311642204188444641191991058500270578624774455453648023415518139767321006164308166832181273474995520891784623335070465129330008951116106326525144389162773441706660806323599699361989712232649018152779161345661184627210416174692032369906837628178354026033458611485137933282037885155102628019393768742740660104965084
147 1226025329858180760395224099916855817149527294146277082801081377156127711513450513059491030613857590633448474183814380937708275741601406781601096060321896924308467326696526195812466973914466195570933612951151406929593559144298665391967827496428481080110219777245628886277774702945997699750215419711351381336501818646248
148 515800164659444432300320968381967896219411065639508271307098627879192511133926645125101212435785997276273235628263739263349998059197635533497835103169476782109121415313224053469612680888795295955946076190327261303142009699600960604813327583893518751274724663666595635354813726333221225253438003323355170188380021403824236
149 218490173101136991280079852581146242655438371409743520449409673341044689924225138750116337720480050661323575785938801139963130179056041252145332398920239408372716619847398295109224750787007143604124320233730581897975389565601454925260069388423087204867980990339912839365163422374709487501855941782186869018238828816731783352
150 93181691201253471081050394328311173990178047732312147162630612860959798179786885983689009095846997385197407232033969930881940350776698173420955986505962589632313497271464541148404645604633052349755687391158512207565218669943004929570361080263187507758166540939229344357935341290621638281518281493798711055298514761374680482968
151 40008994401446569348248824493463504980739641208883915797893268308215648934256596691094994679377910464851220808693083045493777001102974175784083198655340964792113046357321845164071131229478868140638590009291076793921244921792036901853378541766429217234444182803170150020185890616403009084980952150817542139423331271136388208570832
152 17293919682548247742847590300459717328096130949470225308294645114563853924114298018220285791631497428171349226184274765674367627733894513739001701069777799633249030461512419404938187023478679238071757083514062594598679728906937505418851116544386475861803089866400085692630602987316569548835497933102980647887343986751562462242362964
153 7525210306213977078306942996357570997028310337945067902409648776267737206595765705221491268810203300251825857790027932730723600970754680300714214813589901057127024104547616483506607740531117624415635767927386019376162871259256951523845220974252171439757105181411612988539152503790289365155844792495357435630294363541136724878104565096
154 3296204524219504389116962047190512954281915267894337911939830286913674706408240984658697304150089297032613820771568417257623091764825497292329923702256540264593462998474574955683908438221822142330592459256205352295910853499272889081078899665224378589258597530412038431125381470450608040028610668884421150132197739614668526670454444115320
155 1453319565994332582064418838337162301989585151064838773405587149575465197906293643741437366379316402257769455307865371501771385526200613935888674684256947366740671653560694777832805669850758374609997136265496275697120747854419373681180792868237744516606174007450805679027840961542339387266511625355651788186440305231462843749903540756241872
156 644972131611712934324547479234169752985700573311359197408992803314992392549995349502713112875234778477083450333209207626940521937981720910517682174869379002729179237171535824430544946411630709367619698377146266304125577876880504114888624539048960544842606752525488326986489757281499163003380471543700879049820853476953020050988499330121239944
157 288094707546751515097446833152643523770745886448096948375176310174075504014337479141629750273454268588197048346092872181115571946082771011823795180326007990520545826011464393861863917627778562905000991871976666367426356762690634681329379204409177590586354811375867837281541344298730088029251245585174808749796857528241518888508487551544465519824
158 129516765275327967783792522502410350376241905488459455955125812965553529146291652277945220722765104321313635821966942797846786472800604198833159828053909995961033529081808242573626262299086213411464041200552550191934116645219242274301279136499101636089832920633478717909743383155485162662948065280353899539974002518864339824199135537656994864413520
159 58599672187996099636247085166009816003375460607543420521295265511280252546538188717748151678449450246555992180907930599389664768352288883462477843844082801354077382184760725469198088640055550606379287630343903633292132088718689960292901764245966282388336291375054381823691220745428438287305294387360987797187816669755971660320272279727563534442544224
160 26682419572253361216062271403342637162221736236538243313103780849399068077177962214921736221307351241834470228725272658143047544327025964552430585702797596015139221352202267583843972257717813491231361946757517793654904570483495514569422768227762010868613790003685704618983461385134103656716701519349104407361227601493055250899012833141212396365209193306
161 12226400469753656889997066549128615034141331056467803581702694698742486206719339948892437357407930717474287607581622906355816284619935568674945651236595693327482887705483811760982028323297313220092480669544755991991809094566797209814767316436985488727782882073282747731014263068258461587268690321548044851931664736067427504563624062344868751900363817791796
162 5637651021110033279822292415322031391096413431539609316638820544607995622422093722575962439809770942726851403275028850218905928724462914558341797904935451091591637490226549609410242798463831180387968187382458422261269197298526771063776015062070060524235543769745098012721301268174055414156198191479690365874175797793157171253240836380136689975075572619351564
163 2615814358093865218967075103031686659353911541927554579408217600788576564080669753020109927965331245710207277869136052799005750859122320050955410882145126474209329909061761857306809198331850649245977514235649349423542212140069466274085892019551744104315521981800780407416218269209294025606877602433184291504533586838225775538084507251379147713085116732138225288
164 1221259662033391350737712661225064361491966109004430591108910922749102066996106754317324801292252862938697967001785896747986436308706897369109878463384112621356470531190289482682730366702777011005158260875063680250020944280071682414971311062617421231699818411600707081294327850791278794494753920024289832405319072861874461941969416212823619534288706245767102187436
165 573700040896928518379263553674857551643091380692958831322097095729686749428109731836648416361339712657948739297153898866776389803631064543891479402104055234044956568000054425702895303603805857281687573992270413264805975407944879350355458330860708532218625909234409693917453269856837004939784661243155319964130397352491171927590242103944720809787091893533523450228920
166 271157198735991913756392238811604482518019147306918005421312261788011048685614241623106977127688136204344405567509125661831587901930091550072896379216929318668548158329585369106880075610390169474807662644965907932388047835686676866471737373874035667284971124503004610073521235274678852407817913416434143181901036554448016662911382316851537901849143684024038805633842008
167 128943840278829922977014755200238796635768665940379384508579300109538898032510687864492521034384119035790622731528623808917973200213211198334782001383553642398899696316097654644132480956862319667065707735449196018850656493913329370892672456588638514417074463597874188179309170184246160948983664018989715982494437077058285528540476112041255343215781236786039307383243475792
168 61688935540893027615201336169977403050630084710565651187770721872045875708511867043096230970304270305803152351322458220023130507364829973413355082799348862921413574169693603513748055188079985021708542410336831887718116089631677659315885896613168593654482501997864458156754685336646923619539584279473824174791463298398477389377613331651728955342728050570273219383257852981356
169 29691037194097856519295863839772654461221616462681754327375018110467620311315452499790675809650719791134535006867743227986065955894485672356103837649015242641838941912493685138354632583045271382133806833901736204011425713507778870651008988913607130566289428026602861712368828377875233373903820138816869489848339886546592665776666970511860755710387815132143823924864682077845400
170 14376039902549955118239835981220383976848930846267601465841856361832093315036496350072151946217866008789726670055161764678575634332878692911750111237650459706448617363283077605371961671171349273296886561015413279607377608957845803395034476227801813462167486891475087143738797408243182951707017381424898902736438587596808644110869201350894503111685652423090047075686001320210258760
171 7002184580734900642578408101241172952977822640576233417004236605437226442812442872619512693818389773535722863173659435060120375936130204391368625274902949295789329957410484038921580129528941723182952636501381947972687491055789612357248585991262015294923272894880715202634750480052430396058319443837107380789099509254595438381948122301801632816717938839504472223703599611574066006960
172 3430780901030018642968041322279440835911096650778536918841908472048050590501310368680019070239592495655933988148215118110341466916978690598132470383608222553341530098888289108117582612693374885495096613510057772995334113443832974869582984545168418849295085930906512561609640226588316628237699682196883579851685914730064009841117038920369476559453571164456651163939991236638746163688600
173 1690839926050307689496696017305834845163449109402368617296610948290911353836395170723365386179030423979391794277651224583054854130477964019988025401685387008726422567645649787191098750794233883748296599020145535782190352977538832809121624602179749509354086541667006334813265354996689133485812794316108591800587114025234450983696920595878708112625037494675210998986096548136814064385928560
174 838199119826919914822093090242255007001456002123622934141012018516847988981255604286862923140443898623209513859376155865038275026689531320810045017652943792805488910114580907443161595493021721292928680306421215946900026578159258061373897781177535789854269076247951128816931544779197013450036645347335846100840365592756465572199410174638578326220517639890935806596576074738172365979353250416
175 417938508666713330765885110867666538535640644003328374437671649345928972877415038174207729905039778429866969005695319603891591968354021493755129240399902280357917339132673805936881573964495723812182949640261419602101906850327934041377139968276556096671899885380963150816777536525647135289040336215238550109866429507714989589741046369985665230978576395147967955260851386136999946221842868630048
176 209596253501022141980582102682324406639675243092159009991930584801351352687399351397989712441038543923920177335087827680636380469017046203834403808570785287988117915913124679326741829716769040706674520139071731839143790662560878011025339702540820620507394105221984143681951977773855281862117819437696044213623965292136536816284025455521067786563212867644792928351605904166968809607861188177091652
177 105717334370012258306243645058504276984763862249981490520287774906443771346482313565606676075770518695404398003189168857622556674949711713928907252739096878309879455313346714395703416083326305355801968539414476686112054528413984923435404541570108318038939867266756399974689808340925504933216685141615391413487391176205277879715646573258486248593820733866676862343331325691745321815260975882014702600
178 53627338253408212449986039254978310288187567116477096224581566347094546783868015518135050854053887355063583372908836506673237365835288115978098123610520293486902463753765992487476919321385033981467034540421501527713989682939247352276939000207929169538027795482036786447303230324448019159939507269856995005832093196221931726942304903804673244988133776124154660030891734132908351918932813737825762063800
179 27358329572618211865144518609030191610214611168234658354448717119468494715457271951356886045985188161177811792022221672417620266265167129226252028931549329849625694214129767363023091085177596089168135493967565849774173837580653583095521548081637511466102961775743338314937977532883027702236537233936259836360944575335080399159835951379155785065585157595141655974362371215694931420457882485829560345647056
180 14035966305346232455157200876988831166714738256867741010526673528248769234328441840819626056773610528836149060177066081230618696658157199388917238152367571552781823882666109071016199352422156838650770486046402455564112335118655330970421784426017168188379982712188506586428381272264466172974260167916962566127561169125017737996640353796893716633336947846927528446237150665325259807253239540337461407265027096
181 7241536508362970500333510175747175983824854104552431914209941230259031403737426206939473216240010094118775176411454259613643363326640641365802789692744866257818936313984344204622361451620922646685903798387721175181777251695194049904981921404008421690791975632491781715218561969599802873455087844079574364243155321882936057601786252670068252488358388661531718411430063349469960381883548415498107608337630644208
182 3757000178681798671657881045863875935788368540510939315391192153367580370081292628829404639522946553576721337161075014323463719763819878798400712605191718582952625782777899149926615354071831428896880606016000252543225635161786990948522759023574555923923457433794172636884919990300027061656453596964721228168646620771642285997466539325398709553914722452684548577581837490727848865885117790571562107630586384053424
183 1960019342971335009868708498340021987136296327492536584197321526844448168919106110312471480259203601180507307192167216156925666903608594853126813256138985190012839284927363945214386647562448481731879006251341007853250269430099022027903959703333473534927686019713663256542788872523843996821269556415333688453517053229249488153782684156681607660171042015208681927454067362746718729687855137227792089429049255624177824
184 1028193524341616330273719928362767921744473925338000780372301788514282695356972373189997536742355144512154807235485117577836940184549895118524210274567578103945707469573034666105011199605421271959660601297256572183160090070695048860621797743874325937780785595728722035429471393664131925750266265769631258526192794944041900645813237978723810832715429256374238484798432138454250846729843250302165759856704731030352419976
185 542339950795044909705091693804763195510043549657876247584145362483002412144536122264380995779551944417113266280610208036345697461950109994482951608984326144907247580174219153391739058271428822477240935017704773215908076281232736004219514054232517978518994741554696599864866900948699122713069478470757160691555344139976297429134230739360620056687050819735936715323908143447816092084435044295023101559609367305522355799696
186 287632238093716082143886806304647017346943220289984629477422447416545770756130175861137579131208973353840098130056900317410885943734497534537499039600390540620297747770561687854062148056668600644091543834203761742223455266828703119300898191673507883439176824316484476207006676000331027235712935529870395847861182442530354113646774470080413939791119380093610142747496409667075413359011413365685734177638349127985788041890096
187 153376879972549154972572024636914098347711644211453632193958472221515288226364788458563316234785658849070719689969992309992877914620606703108761950542854724589461778285353163001144619978136064333352293555622242866499115560984272388506215819953190308368300698339514344368781483637823622145528318537687986482589975953272628151106154409491581972179080740240206815929798184404782260200225485995493434308919108750130147958786491680
188 82229168082554107556392658187283217977699087219015799950682781196774574744644212306019525591370795098451148177185282187319261005101580772936455999731754013369771745267844538002328750869572344379207014957949734017562867699981235429340265396898808172990399986568605014507094444621614636472753647344010464183216356184474217313551751719201405624931736130666523295318611888322840648705325058855383444577381082898948251745154074146128
189 44322369848343443635217152188304094686957643255632448588158939401413201952245176932855689184037782064565208502309559729231598004669174958221012631244556815451576083000041253057013009086269673501735277597503617489985080435569669277075087091868442466296416405272282139023031930925983007515491628885354061434271842337373960275350752452223183767548362200796026023502144195471935702444170163054184376093019981262657061964745364774879264
190 24018101972560593987577640041401847492405694308754944429370122204503819666781599330508517222287786551688619215053294256973484281596762231412159863644182977187395649192412047231693846385847434795394927167740996358890006472664435973643196994815150046499264978551689648542174245992852322542571548614751894744680099993235071391882924369470585628034393296636109552194977802152115094127353070346473044992645020119865706772815284969541729056
191 13084608001071585895903839235265380839681812236301409260184760410496831858070291043099459299838145544604386064904159376283375590617356560987549788921698395594992774190542504543174907485176139882519617379439787614634683511579906397484932664307834160687184141623645921451619906882712664978224885271316116341189286344200322975910285468030561084883971614742869631339870318634659331237100641803262505838116763942004857178185082178886283661248
192 7166001355312678360595381848867303616424005855432572097088143702484685489865158095806835310575846840579847702097671577095033964727196164169098042117610046946173205863287132170387725176137255799249778409349330212251612401752355260516991266708004362549210894517419030617937184301725964563757112002348249247855428851595696837326961357552778071349836188783507616889697177322803439893258792708898465844563663703468644150508934910544553260285198
193 3945255541612106871773203148531795085944331339004525220881211511158785020559319061321064274375223204635379917093217479354232677825287273683662758754612351324914082118804779252113216333993176902896828017323935525957641221559490996469578733778788353332650362512439740553597300197194360337271475363719929383007516005330714939742527458352633599874674813416768029436991874371687511358001047150126476657736426909197032987827125814638370032684405532
194 2183451476519114177681241422566736260369978491821248667337174563309051013256655291889117228038839142677751357328980055568405957862217314836576383730459581328337273067916513788133031973735360578664240052704217921382840559469378056843131099958490913647109444306308085051045459550725416585037086454656682863211510180149560399630175180399266450223601246287945451889518952059744543463402465683472397485343191438067176388716239190834687074692103124324
195 1214703548504475942218100505669513620956460039686387319150825523752109889359794556313506439547359011334505979142348179288960289089923400100532765633586126581424728052941095059563420642834395495334250316686286019351039717788963233537199518170950369391852754011429720514603381076270874851341464825012170979590679854074863162659817708650760138493276272066116077715317570313660127014198681884764964064361724606560493546002078875646185240305303476713496
196 679272013278516466712717249526771655514347747830979592801172186536553641846788562323505167246494141139200942283887236547270996744415919335749189494601361920974714446620435333357622708483748309187185758092116229185950307353314869435410995110550393808536334998991021582016284563662780709212013892525776512721528062681686094837615938566330970046583262040007605989781438493737844605415358033608498865277757586980854272688789871897094941918245499515682468
197 381814349772571297943369079358045682123062786721060668457456411933028155966015404494759600965804455286887535527731843327629164219266913445096758384478048307571601130036890711272990748926684309607800671731053764830842827091091604657699056735135407865420051196677985790702799282663000452549861323848838230429450788959210883763822301091015190390881301512546483573079811184910825723795465662441708914789811178034902014725512649254434789381226502618250941288
198 215717029294551174504213361006495850200961906941359096293872264468324911057004287265458899501399112168894829854881491448723262938169264849508483046939854341724003004404352700722281614058400223966992286345637910590838089734817502404051857331593248619950287813595847564224851840090990291620910058990020905086726195655913931298098564532618494264813446582408417942335294949290683659266736317204963876552120860835367516222943217677969802457218282223940959902408
199 122497985603298563714543714589456245561974288837280037196355886004152333960847646002946699924952987715445332597420469157099761832431263683342345404950969439213322263557270499850526447770630082508114943340864150733024337508828215666238819283258546164244737944001769299835078599636549077946870815729861506252845990253872174436394486377976910850538091087416767409736911124975867898846888265400183650273717461170569269664646612253579500267337714257995973080779376
200 69915679436723986853896922300670510524680081679791639984897774418079810302558518443603878530753412896521039652648098488322968901200915698556065023900530978479193575125976801069957482493874440149142450898144576366762429687983921411453144082548047386187108721267942433136906671864561872654705420340753037634606226378327246628470161986285425093934960770476788314142100634374701030011220156847385408558223945769883500634647079138324240945392406801002368646546323732
201 40106081993577039598132725476760013070210083127838173923678133748735136153954144237991459775816422122437388950272355413405512593875345691448804531322882976443802313532040545589021210732682554381975677945475129674222167678909282579479326990146025195300062668044161151659280428895282822717281965212306416878064108386457347268505612004570154181427045016180430288863876060364111186528601557010060359771474040875313428403213952513294291773636087368398037898447997889640
202 23121974799979746266502918939259207472573691830320028234852368450923393201769248442361593568811389805706462471453559919614187482739498468805234141348647054716281259102919163125756370222400222833814806521792592858212598740220094993164225720806660883049927521908103729479589616117173989338689218337015680907024344154504223841738780319355085602912018009215903211331525797167422392642720008226717320005590497739212904732567052389591083109663939217809817694439180157260088
203 13397006325453015378003676982209519204997089305053617079489152150454727556800385347419424283283446871178764966597647499116401165797902239754245803532812444264050389967032118476343086316253533674974979003958894169054634389840348864276787799237434069019110361924309628318729559592131916906970061983168510894516399910588564452348033550997223790846062631561543587213693950886360222240042630194235341141278903277399216269664367448412630320281619736153531362977738585129125200
204 7800958788860932674336806098809092649310176703610537096704833726379573884893404072833847342327127558467103378235522433439186302530988843346598433002903460889143640005305616329098193287672757605591142116742675312598178651840176799136859352697573761867632885716621788773439755304052882279098391006434758772566101931359276151936527353595662205232541224530456978956221602229623971805884844743084846714070438176268327349761216832870457016060669094714025204268762477318123399720
205 4564938416920396555262430742897184997267427832827587789014274972049999925481782232517513051226244132232485847901693716587775391305187898841589316430437439809115127134233843804585624087793643518315220890080255450568244071007539031626547397632434084319355245727255792400541929824592699182518024902637661548183580982732368047207625189367392077590090297204356798531887536490031745054586468558964781900530535512287561683401925977800889735206138285230299293360854516252432879600656
206 2684466704612683280281962643323928302267237785326260377766308395312712011215176685848691306346723333099561108961045442117703957256052138875518224170760262579548275070243968928550818931808684758707045236811884349906578444612910504901544445606343367813409357671203364778118437120173765248775212206298836261620646746413319620010811067142999511455051439612748214716714652999131747509179232766855152231314237237784142969607047735903725474386066340431552059097587543248563496405036048
207 1586378531847611549606423005459244453372314329855247557334389022321897792582707510714559130168387208442791197100389279744350969145269558836128051519989364828308548560920054362445006944855767866795649733146128125706376489856392450523323349392147524396427015958762980358825107960094428650181228760321624413694981223542462877947114487081547957099510164206450248331996106913178445834128997127446184457009475648928618797282322889338729345746005060382630647288516178825807136852565253344
208 942043540308999908684191561126932768376788029412749142398828636390169945882841435625030117634239816235405249274869035369048699637292981869610322223687172797377607328965035081153907204808334418121573476171889860074657745515528529256512433576149113104839267382051072030311748551098188613084845276270985213645984061558757299838986124647796542397331664336202517578065475218319555898847067226369832155348568413710174766389073266789984955084089795878632949135234079377930083002256330021508
209 562134479093315348355639539259259083189243164374460198451409264251349895258452915232743109570047611449801342515487935308689160349111118932924698656063322040906378361181860614820360052423229890679100766974168507429378700196415430961445514676182237354167899718041014671116198234404962121479048702541078180087613299022984797038081195101127898417076413774013502760325702251140395406218900619136342716612837866916285832493421341240876406497123786777303515722832157844125613815717114385794440
210 337057824798607473347580118508672403543990330664868914259745766827917170722769922290420910426281578913075694260806902757808701544358983294041601817685713619692653916677725178435293497005709478081564101044252337490470545759599107258118142676054808307005968986391579096406193917678551874408551565723334781332571439186775673469677981799749676275244108905309021648533012554014434755950481075547665628203424718749310164590178762859561569429126725270919662501172884759673046757030650083548516024
211 203073609439757870830495950267429625382403495795043250777822340503583142755851644207008278652061056542332617925075577241296740628002287585802677565046971414433517453557932443601215086803624302295621799162164940993665158650469857631993706483148991784522565293571238861719093243341271436416990767792127943569158182485888155090148777918017950413077878628197618680994819561314669858097879710378434554691896441333964546144163579365316813308144508411078781993705492127195745771356177325287260521424
212 122935549276490750031183703185204273173927748461576721845982297806063747085863948761825617162216988730236544442145996123226951768907177731646908141652719768814140335307220238029099238301209533985129102793096780925974409347874113550016644921470752028298716197744914652427781057517160456693777958332184340688479206460833373047864597549867494848734958639878667502880582829890404967429891197742872286678413434341304837942461675202133672057224946429036011183544026116875468491910106508159119948399192
213 74776742375320090198914535107395669269758155080892781035086569515502178823832940824795547741423988711377569107890124822786461346777025354003354719130195271299500598922663883866002687156978535117408394416125153978438221605482256649050846778091843486425400088604480902868980293401305841012283194869589833605678338754842589811808376530080417499208466311793875384730660925647612633122261442596477749744985444368108274506194599194392889514113820185395504300216998429462975116665839307503057845370592368
214 45699440310274720844261591519130725072750096946059552960032941878306203457340466223427096495902093117699566750363594919391756561520346471675317217196990404032350901306247363913642150570698306894257363226217852125451670976574222368175194437499265684029792079188157444877067405566863718957232216292856578476150394423395956068933586170897930372993219127808878085233525780888071497566912342350373234475270492479867209213455768117600201306077163812965292531126025545476469791110947650707354810038513866288
215 28060850169637733948492184192490848489338717494605935251247431428584447144460985454090807013453109120961962567529266481627922812510656794607592805562931430158303183439278380728400300730579073853503818386634957247360773770298908626452805169275302036107765290083500552945003734586636293190062850391135980816518852671516404088518272846032302077180278883376396412607864718075162992159224529935133319172268602262887516054394825640421474676120485565703420066923031936896919301502636183999850954925424644891040
216 17311184389555682303477033108485597678197285930234933561877813483022739361568800575585442143783263439764543825208122992286048539241422773088927427037739011055407142038918229951554551310791694659678805208727088674418545761949488140247826134452275732829947347261438176093586135321374351945343949419061813429983116801381294287628538169938927552266449330735061628584407771278515783017769083054451878141610507437934948912569184860187990724162346076378195931192305088797642505804118381234816343422325196377883752
217 10729494288666017743718338375020236472622817036377196648825886967534958672073183821217915004895226841367772634993845646316783027018498816298397058995577370422194535896396674930726216448831639021043095376434120325551907140747134816460189922515741476031043271766832807177948103193764330088364423494884963453308371677092773190213324397156990983735431722240004572257914244529897983735569714737380002575916290634394884431525702836766858139013011329345954044400044999606614320022013495754080063637861887406037434960
218 6681113113285863579916481045836982951433397847100886221187550446431143855807037903038480640881053441347195262957233367647998115135566451947073155751913204315611438406677469784019556885172146451013523417773912563338915835066181969368385405513169703694296257389370755455025090460163211286665812858690292788493074214599822573016385162978433723599480444513787230513807055170581481519992484457059799774209869218765369931177663530087052970375176989130963392404442160935971123097647409312258774457857447088201419956080
219 4179517730306005483274784761297132485608945877056706309528203987313787986666971681762774945244064353689678476272174313670761119127580912611454569447271065233035073821912560557823564894899233573595840772147101777224571826281386182243084282609816412441169249743703053928468203787749005670879684980890761512186850092142137728632874211316363895140973526315571823372567094003586226181945651979518321233450154158867581538146704348448393182252262946690682218704954353520490340044929773714752234704458477294470899606322848
220 2626649084076199754212426524874121565600172606054239199784548560607908272435827624177923697449258800205639473776894241788416541168492085903624340056255548547623120888123138217582387285567541828424353363325016481237767381941080049386523933196651058000983862363087172996700272917482976140048980504354892033203388365118283353131948260279211472287642358314678511314349924553984145114912523540304535591205375646731594389727466424835960986026343952953450067698586651419470975446212321882662334099002409299562378240664365968
221 1658316114393230090878395651261677111225690369005486830584182057826194586169184315714466384745608144637658736226021274068268093658651786311363880631462805911034592736406002765395869773214413048245396127530497225943074839448311776614360667631034709871263786394637214713408781273490860426687468976482667339975403070473533829928434607940065567931293545090365889096794617537882177256654139555206069766476459149002625101062227407257559565797584388395388253057549021554482647843262029555579079741624323968556830582939265732256
222 1051750910201614463890352159156952352008975591603335944596024111571954609092130055198396015874672923768263569976395931097366056928693528598520571796737685426433044134198370464828187047053061053341261367420332351898019610783678768924233472343984258572571404529463736547030594441865984240929039777474146799583136686237834705427705656217793631750534067052849219417215694633747904384182308744491450241485495054724940717324210773468563657228320049343930800218165191201978139318458091181405685609692026017473104958605287769245600
223 670084841462557209001141021377720115332599281985726316858569107143985329668683226506558367173213749508301680706288874970089047171288179400749788544845641393159706572358069518977830055749995614015252352728534539859772584089946205089969702794264601675334835492888471176397735069403898864492011853435431397155773529247412545206416458450244539751691773636149759567406951678923975029411348964236964104039410338123412835806873412715228277832135468254182158985415820389534685285574533738696150909531610910189910913612264236328376000
224 428853643543190336338700774225201390907290636587498132853839564746387471431605332035084954795408686796447188402587565725915152109376222519669895020630128020501508626113336514992458657228424957232487965892124688508037020179702379095152176909296049093751021900613537724238578833319085473947689008113885188202129060986731075277483985577430669183276078769123420381898349202616356651504805203168068040268513603645153642003232861587138179992441479627815089964751389643310722150456611101684190679601154919716497856933042726957240918460
225 275703323271316570261899984341454624643285510004212769653136683244249468507606942454419935179740031821954633828984532898582994470334445730101697570709998200041615370827593428960806107685788602866254981864782490259260546084773182646079904858367463529136596165624336059957071716278779633925691424592845530749908744063568911333143033362177494105217361130021844526229903115639811865050054838256431763566050262217200643145472651408240226082787973534153892291370322457042831646812483219165406993377925050277988360487482307557119452283000
226 178040881371181687718546763554443667993177457697571972559403090282754166318775037948289408274287154211080012053744216060832343802477526504905460172134184122594029627922045596127917924532841231714227430161377944138418867289123466315801515090291177683901950594699405213840716886591084609908640318775094526283581276573093771394826082822473057224749876267328018445196376206561506655934987211125669000938200600716881477856114066390504133433191791024596542974649000275051568290183572458735084259348919709487230366935597514405931195526898184
227 115487142903554675153996613101342452126690698565264823809948464792613013638575741549977796265795691945489422607977847388303550288159298379751017939380924730718164412841672735376696772308200033630130491991068999722900730583836729521898337585010660807343873528853426092191462693789528836613248738739930059201413422813268572190838365681410211470945441128064388614462957474240321180708164806607893579088576461777816639519752017507417710190087120692635978836215123521209028460205193059749829933321030242901085244968231130516452374285367284144
228 75244560981964096955069360719765127577650787520196522491845435960341658344725779020256874106218810944303248791575823350693758203867597419687120027513635408924424614538031327175872716886286612264396502184478274880641070623950878922576509741469377532176972458868676234455742824544198344172304576581982379896904753093860194819043497719997302628347168510491987586954299781924850578108978761715507467014663562744605625552632621296704466217431113347851633106903459472306373843506593512432965729578026203951520505026728302812081625041598308722504
229 49241995500983857970477206253410253037015718787335200379580342940948382550974184339826714020730268386802368588433036098116288185165481234037378590374948695692231842893474591826380764211656132216081137003485889304722965290220527620133422575800342648541910631671724550095491905328605783845899222105728289148387189508952582083772098831241747394881203212674160621674849173104044468897352368956887232400202897757448516156725197647046972049460820732888962317074365720005344081346574440498980633537972553223059561301649428970322850925050874432255184
230 32367323549640769053148339655324726130244502608671093011425715752833785254977436913633091973534229455561404799259468339238549829074094721697510777367705022977410959737131552660872904193365710780275188313624818825954354366060409941603014285334300098412104606941165971495485985589356131967500374358330933642741777226567016018186590575653665602562573627298738574492562748244903789708575900064891423077577762353013418096070724215448797795877329528006161459724084215026165650162328822301352150303341733301840241493453764174913316554012381901472291984
231 21368802195826161840754446269284810523108946995055409337263055915680929006294743310446961591699220172470213351490600773500085320442306085282666939104224988276634776548618714335079144448892633031279218861208049164378435889002775853250380247938639894276358828870288289609956123429911527474076805146718941576602938748765177492154102428443656027100016488252265850320006835959628270613511813311843422268896486129038605168049276926222609430370949842379405100240395800741982349037759312321633242440937155632756932502324303350354020125261984709670758767328
232 14169271368912585629462504826747901327897988706173508358956694992728668414081696500291324780038934393828253079768033503336724835590463032905757018353750773376614273774702883190232811090361294534959301170744414500941993348606327662322248506636744017789924411781824404078003805870379357688763479849751049065912643476125159043829906205579289800488602216053068847608201856950360240230518047114637076335837190274008302332477491892442431883847701667068917122472791416905783127480572902466416344196513719211291190707235145875624801972255499659941799597451656
233 9436274858891011104513055532395908018823590517186382603114930165239533277153877312733587242523387937517435896280762093611576446545243344609407810722694837461332936899625193525064143754706832590492342113430723518886492938780623820434579096211243810070393900816985394895198186954907184589712239984026242771932502417792705410972098582795258550297593106782370560104403679988544294719594753877020745628875894605932689580233790501446290537277811599195253773627131201908439007217341295954296371208620823327388000890835266779797787165235631375515274487638728592
234 6311480140655939377708750438741727369594668892889306202579660315055178859322201680318771355754556471751003011334447825312593635139284622565921309247687653144056523496856328578054058039197956878123655668035443734145293378301606192486248758035747631798340746600643286428079705301041021514388800175061209118315553402615365261732033856348928514541784018331235742549379627313170405632416270756509833063296312014340449324583053244683711381522280089551910057256327935985338044058304451319965755179209709633631659004009037682666804429330232737573755074031520748464
235 4239663109727976215453681003117005299945711899471892526618895270813651772085534814713456035214781881948697457656987366285010408614438110893176831043714310523625794680170760668028937233605440254447028127834823958801118896005444260002410394822887473152181481522012984280765628088195110718741732432584570247678427080208893165581621704277895776262856173000476766098644227908670189422774318525314855362713253441299336037613278215689646582728513795510783239186084846248801564338555515830881049170217876993945056982793802092364536226010766367151485714814611913350688
236 2860177290590604142904450622299207888074506716394177534668710039395434272891233029944156902835426553321389922259537649365037681001294990017656958566928349143101139744614707672633884707909223626848750150316348235577349363613188314815412195656709038620320041479571518352198650094177526968836163052086099606403609613874252105934176466509948429851967292688959345019208506094882396636326090796091426012869388391222472368101922641429116035720461270193172626560065898285251108713141788695135312670958160886462003198686009929378855415504949953479214508412142360320107664
237 1937796168677318266005585818731860159882487752362564051286279299844477576880487564700512854900368800978020375526005582359164196944489889379706324354787073604623777309261568196525855897893934063247803547441988797566466912077602772302703505275864591159479700043216411236225369601076423138599233944569440915402941579747869842551674214264624752652347550577680002055370636635265342979437969254898956982428970842499387783531354695501963776418351439022941794503597445587035363951810173666008351199437349799836197122830905949695505432609567751924476393047683096876128182944
238 1318465856352489020278756115899125775350931060841571432499012220344917793075501074816384859078037091180629190955304984629517216145631418818877007967786598534827267464161195551918918231570049534875153596755307615158712523970951388784220109564492298230241830287619689463739815381952973716151989079236842990262662283580057862818271822953048339145516206551136770163521751480431974041881185621039621160466175634147363049743164353111102452505674444078665782631248868128368908793626955834321589732086108497969360289068426662898518095214920030414960204333679634752201769866400
239 900881207612856137980257658906583512807642578341952175782553782610429156371224071389017832289903009804774274957622360293948414515138974126504755671153792662907317776398921096449388173902704508281082367354546481967574008185249643963293470782139083598287869788629638820889492719585795559987926271835262208494916291063973007243011584161586356000451205718267656215372152073931821283007776679605090074243071276377163757467526677838302970386548392890815798562516637385095381008563489070659106111111626194756536874098860340703501606446920578954488232097421595021481091405721792
240 618153408729478826009944599317118500035759894757753392692238117287036458165289383808989053857571414161072309210479330622983071045178788057774686230472424405220842618585449892706123490431083501737314575043850116343533159999925448209871256131296142563300996031863680665611458724075618904132175887267761299604962948773132980028739525771854374908559900029480709041858501595498967762793085965003566084012495166144552388892915036978626912196578716684401703136460226770888725852354512194245045852610912908847723819242944026733546713396821030884604282266019401766314539924511911032
241 425939023007998318803677184778558198154593277429829932585694068014535743452774270270645634460335908130144562258991808630804063770687903191036731220638531961981596288805786671361008283627730305907942908522077307258213692948453975254486341351842387109656015978820598258672486077830549834952677430716133342394933735441536607892380550065245409939809237210562838053477992464714338891841815882789613622987975200638319243151799510297858937272096040814049579709129125205030997779630681809252320616199145718994797564064502306334002673811576970212179355572787712083368178603790786567664
242 294722571646297321503881345231745214333310675321082838188584941178988985891655901568774552619455643090525701406870001096353600452899925272044298875903281663828665983380519959343106103571920120095267827458289885080412020878131300362556045151368529189262027122864570887069384267170932580649652915052466589642712977690192587525668855935103196119844927484229895813019731928995117714467159699121214658262927776737863388359799272785023444667114186951399215948549043154093470249113122152578192429583850636718402059914074582891484333284667289935877908104991603284524703616875614547924112
243 204779566491270446670450681552214182564101176221954708135505954421690137457185051054142865447357360317457241176111051442297043122215160354478973855593311233573443526847866868759627395632708762423707525358664945020367170869850465619839256093640640832142203315405660954488816320288211223588956678558785952055412183565039715473099620343102372747637371186128067375787784379330739838852764601146257562002156390276636727175599895754526352607361548332939628443130337667946647556632849326698193197627947957273406699601748245055921622271524483878584922467013641181442764972339029396595521632
244 142876105799247856769638614242755125435966731807417858378970565118921148921579576215385143866058283207000071715311162311578578886012141404702539300031151239599512128074074617088117388994195983408296000765472331461128435053572526977704855110648827490927674589135104891185145938948193070687101753523796803628555188715650416850299256113801319104226390255545513688479896270487884325776549812996494603332489892077137731173656023090750305438136076178091504910754457253805752578167890174090744851080913323708134042954493764881354539103445379207727431161772056627498889435553659427319197301456
245 100097890832546427648548413858399562771401972464936915157339768092979477409182390295256473514808289459714943235254122525661562931811106274028300450190967698684763772131900800043433597608378221306008213819912569891018732100173348719233629743737661205683017180081679051717353907191923597108300955639478827189568054318841996888975961706158404832826981524082310172644319274907720056788845690022078048104944152386265273034000588483207180939350595989729163075802200419853185840697026763185323281522091367047849639284549817802103147833383411515529290587177858487894411943779039633618295348885024
246 70416627004679988441354810036406749828041123388258587940191931443875382821512010371933899971869370592261685648230036392420418569065846792178906573497631427094269023931347191049549692419086260223680159324715746408081198523226712325580747086896933995550206138752313223985042699218750935551564593659703478703685274439812056799932379719366262901698701858876304187331129731398827084761222726701201292590370777439659944642403208386512262459295665058579311624033022716983507984671322678867502467751806597015138066565206031302199640080463801276603542651324063332054944374717577234920747544986609824
247 49739701384564887668725278979608598464089707426531725043222219232970629532094407508636816893835488649718276726902338612452725071634918311862510147653999299377480601901323021151091842595569092447387239307052196064955533883959733778823838813715070150490040246054097905395921094113793058015028387396171323088651912623547196933594365724609232152800566127018002372683230549489728992943999814283917442546646731375367755127576904620605482453427780795493035724285313684539607614336665196674665735748279345627419224557822192852882315112005269749217604235333141189981689888285263094238422603777676884672
248 35277804229927154250946207200714588499976483083039666791551872820327557319492662868945496208405111608688746516580181304675891717112884059621596504265652787170681846422580911826525211756473615238970828904108912402975680204918999212567250437494339557713120137703356922741901050159627565646130563327300363710133154062930250591062313488339519686470074635741762094160972548399792184936398830981403170116825522939413988041762173160101377864869360523796817093290610893498882199616237242502692079120807151459038600914475422505551407194188877034378102681722922305397310772327059388072402171958985103502704
249 25122516898552178043193677400037803120547170388029222244781892019884021719201170124687817890620786852330262637562736953717932052358718059150852682866848401025088809065642079632950978443362646012612941377045731055854241749810253319793833659238589132163671279632535716670061861415894311613958702115896564564790634753470330020205873507890214067530109342720260230234314908179500854204873744743268195711730986094299178669807284802596762037640503401675458211820003682428380388245573623512900549515428555285914075132209952180106179041587355981640419529573959973387999840188843155804843235962934528761286624
250 17963081794390130398311150793733962310968912981700090717278320940985605196696007683097970511036628111088375606896340086395433421999503502120006125993704295844210917748071579043646930098221497375058479927168139291877802975340510565141935071621230108822085366569124202345735207991294854731764060807137353656533974668825594819580866927347691016510719087004217823366260013616040105739268150429475527473446825970981326096607199954718352662298567813162141435721826184039956904886270360336924317943163355592656238949587038408962044262882112878767931302721559980685393545322586149735473461471769105726496483488
251 12895778790047303053005466533220181290535384731566949663574930721420226664624771514051591633045893425745252691756325543371272388855548313504742887251092417412934113130527216049105120738100457951064266759636254575172261536873417540929902973702779562440920822849474749896681969436895713803079928216460495486365364432131077923191516832759138248093670055915961969581704591214555879805935302319020417382630179465555706929602008069065907805178337099409308995033306529817995631105167004803470186862514490268835607158361242968483182674876076990131311063164349402690701682646297787544786862305494841574160290924480
252 9295148092265469174858758280295911736634072589487544421245838825025602254108888756040953264482874433410063907432892266027541118004911762152711435150454665422391833239352666486416424254244622094494173293300034316859083434688815494213340396778953059367984519869662378295738704645799392795484281847952216512690983438097318463709212375284008218529448017108032882003416219560659040506311964192845195605858538392585944093881074462894076812190825462688725439726897738860759388300713062914107675859201001903702273391676108582864106577113032215529602387602584703448991034749601528999220784634705428243542604698951776
253 6726669713269877943474025818070166462077209290812052687630870146362368643598784972006048639176966595590810475538863606098305309742188198530667802433191227426047741181875485195719235749628656368837256511492419699859315299895380916712253478904822158578497248482281199794459730802192183735452068294420492531163750904994860529011295142473454573718309206013839205670194409453389110112489308622151176357202902300310381244342079827128735469805254552872539838034547128231143699387797734287839670309422749981576817134852094510901140682383613402956331435860720189702921654923875079298165402753302026500853867463708650944
254 4887334250713930328599791093561937293660962873832186709462695850474563340652519392160071006483761509815466287620707918603436733705752641298007325014886943601018137196668949167040785623793158429992376566568975651470003004193686916137652818968785952233973826168955486931066125420478579421357063891334225883813850118138655019485796086416644107009748255117033277659948657345298457252050080332010878683020023143487886741936989319696199272816457974589399077237809607153161946980584590636236018488678575055421776141061753814837244914109938225046630627249171533900927812255786533437650859966906405453193269543792320864192
255 3565047152018743223795426376292980333327151647319057124673014304267743340616861966445829413003385339857558780383195329962123010191391903183470559059329298824702478280665003740821384604660922683567951443152628024080511132681533439931662828511812455749069007732306834130555606387507357565804436293875813274221746687611517329952902675797031331065100957731299890359358551200414678177134027094440413643365638335435664624488752968645685412438846254522393503273504987338320595072236847387506986864812176105207012842649538283301873205477807822966143855976417277647160006334642693628745270111654833111735523798450094777021568
256 2610796474095258572683197566625323613824531313645603987891302903818001103519855505542045798657449933793193528202292907087909360779275377291863076327857842296148511553206182623613053091043848812758828885008736766520097851389746163711498293644369793773248176593304103205538411618719891417024413491021701791560209813750808107407455005244730479421660592716149424301559676350910763832309619010608666557499475295061183898126464454762617764088880288743952876912801701739948828985786321992209390953450541774389022418571541205939150855669888967798866760588899999160593776511942241933691465391455381279011711114601969119103421987
257 1919501773531979944342838702426722777126595243931510845874413438937585885180459903691181825052838598377358623311625857868320817137191792436158467282710011003969843988361250840611901580717104488793232663100000537543439492605990148637268230385457302313459358539517228520642554424269588087112345382493859662136907386150764751506413264849426263816714954814135894015770318163253772127649154840089504243653527744769326063420708482476467519054860893568902967167532580483057701272622761261064690722437817484874082402639793315131403772380027579723878710085321730545569009208242937157927112940794807116229713047698059732708265073222
258 1416788717953664795834480851072307204496921654604549234483143811811182116403607572530784266603729772390455233217419608274929261889206381684344864865718721138337869714150072745575452594543461917907118141287537460088887870098352481545553907496944170922544022034986978988648961939767750655482178630665923686994588863502242185534577927216432705169726352185107864913297555697445723153588211092190332502968119405245593986671723353825180417836042730235580892126089195150834814940785882930700413335294687774536439284586933608719201362611133866102348605584722549612028652729015615998636098690751259716804988851287448010711313202154682
259 1049823033313420652484003229754995347272868471797701356531888116077988122021759483797357293894591781735809515527479783523865615123506513638456871923440532614372321435392047371636462610436945090394074832578104665367380428555551483961168508341841424353212101059117989642272084677295182847422140594643156261429615286879749156360515543310349186205507893675570433539026283197939131499842962725433690790862723958754728356863264181202791013615784541887348986044383294879911834287121283213618850423792167256024660338546385338643014515477458137273729585288572014890944792588888247598294064764686614268591924737917748856116965528446960828
260 780935119498455801240018510187832074679862724877855082732197473279688972538709004844742907239970006549282905089077938415141755370035070961121308561700074394800300672480091708493505023221128330565381821819355811931699318364427644343080112110548914562099830302087932957515998727809033159975616201425921197281619384644806364201225790445527317742930010408882262079924547340048112249005651818543643857151001220383835857353218175254676104840590437768583405458971630693514480994080047963756821314444766101756175706622436911276633884019030052062271800415958597199510478194408686067093189047621433668905727623866523021791992697431697112762
261 583169935328106505393637199854343969907013786493324251386867175347447988833395519271292721710080552890204629732315347884405779081870906387640870614152205247754831813970777714561967440282355995714713982029290520753571340363671151310076949286248621105542211074606461568665719114858191012656389498522968000153478894639049511607135280278896302432206303182220160296977682608470977077632308858333044035019618355261776630817491110323787275086938517798938181669413998299723988608438199469763595674919417887313931459191062679207189811054043041568760127371439790368207395828553192157152806810759147595485797874371289392504852222439016492213956
262 437169777119257935280197587389204720991527725055894457965668692947264968070290017343269967652163212872507359775122049173015096752073694085044207489658550612963067096843091846904419467807275014500903187538131573026156533396160643666459179767602588843168938467198867085039011733276093706698204138390304445723425421159920859159480007657508776291322727694372956938783904649016295440941001270537316464317091030088310733598288701011643808524136561634312621158705281551571706744570675578946161819835945913876433547103691938670172663273873252277148680988936356792785900501851966623931674134402005964418698062850366682621500379250771722458116788
263 328983056753256760460814591246588320841557933871681669885462948980902546586324064082531689502926309367194674462325825696348349157892734045400330224036993694032237693729851894444965591862796557908158325757576728872257696093059730058848566077397465205988690949083422153777345436754230207304130541563137518060980057993248654278686136158146492919603399332047725882841531704233345016565909740801015971413552060160037227276787745018645491229332146957704819842224105213470673375860163856079349274620935527117736455997147645815986612005707922625334284802650658402674114292537091014380255583116430138230933062957792881844706396776640197795679775896
264 248518626932594207063224068360395510129326444896669604160714974121623672046009106983937127932200533312060702511683444515773327471066352117368591000128705360936943653224048405871119512601265995193653218067589038158067580487226340049438895997508527726356710220234498117214988464049892842058442395044375858604511385628239636055146709544752283412377076777010090534979803776844840502037598882019366687292178488818923211391036546554399308424318182276049672352946952917780594644758720158595437532249065516357569656020456957531124983274508888549743765172919854012925662505703564185582050334873424036712345271200576376616428313582021086714906456884994
265 188451689717366056374648559035383415860203677522553609314851472452982414649156580705559440633025394539330089931309768618588626734376385580327059241312992791011831773976277965346995979112980030760397508110682327775840657823772161537482940727688650898743214924161239318848362678307668468020089941311531924181314838081916737638268884054873804624690204039494350695856434198508664473754880359528181870365340057504170162755285066156649599516396401556260767562591409511271504556186902216257515312348470771444764695092267005539480544380573787715961387314618994007082509481485999157896888027706451956028727441399680746999458909281919505031130818974559652
266 143446684427825775039916139475178858493912160201087553201076458069375770441777212786306440376488560387454271878358711846318635372309733812429435980933910605605593200289668767487532282090551113807039986387858968703024386765291845852139872490762377923586225360760218738772013271862106057136480975607035699209453605870474020644809936901466084418050479786850313672725043298606336743578749078962698033627608251291186899854901664931292045267570955535064083523509596268664832581771012598869064934329183979109131598599614426254182020276076349465159511522339573156076087361453228357229667825682563028051628640353322663274505865809878918821269197098210755948
267 109603428947848441223213405321307004902801701123654826755815675037540187077992535570359957386510280099056149785334929910704567926485290620109823020254902837779059028829923090374624809503804182227366175476942412514497810819896578015940309690143631041999262378541801133655210374267801457192103941144459414616191063211504344790534881879599034706227185372714762010116392684437672005549019624599728041642934433325721926800284920940626633025632385623029449024103084403065849117851652659134207320829591212356901756838529726888674534129842976597409399898084274962383531290886112253137003473361262396100405137861867020152294229287367308236733283172317166915976
268 84061032982088005192903182615688999440686959039759030780797551369146716322899184804781807288097729251904144937128685479673835941397969573958145544654413328588664895284151008370256762521693543941309850232548544208343915111912312295894572119891688148249719469802626155760010082462788791834635253106996967683509078045691580706153970364168026067421134478887515152580970512965112052740513364075057230437878563094785232473645547657365966093771672865982295322098719108731906803287154826824005851194951248641548483355151464256700299436091182563637307415277958171237639099087963503013862756683105505697886659039597056555309653644704387928843782121086805561371844
269 64713682136699643579624600322440370287555691717210088419935759543490767092879619576312303471065334101482049896260020395443463831569179702091337521117807231230914239835756301987368553749459516151603803649194430250589863553957091812703774457135953434261786789109386000468295635119201677075084157358516800246266632732788968769144492455955795051780950296732250345236309756831167298763616389279448616814831271222423745262755465905833487681603329685703846366325386363947677103428675504175147237181077169271801428114476453507451260998403963747873576513313019686843622093394473856252176550138185800499279694060328484430370320536952308682802369385561496714694585320
270 50006010416824070738909229155992674330634552558456547381036570368150783410766183220900902736977044608679604462740544597953571599646852867014277598695359714126239704599681770462918109448170987053573524412977297027096920390894833339782386619990064926032185947706355173687438318131107210645734675989749102160031089078592107475166243845785780749062567925699783611650464684923274832209664819491630977992883834245841197602626926281329491473598794088287505740803556483431323945947103888716613441517005398413587816706395518603567780996609833538069631461078704994215308544826963901155234618359011120384717594871185440949187001261970277310486616520891378116428299802856
271 38785282043118253083818312398921418827793457595014299191352686171936008254257802100028148411536430770650359855087387237723883184916332685332048395173643026978594147568646416614098603070795911227699701221619574023044588119896206053149081699949366155831005956654017913637129389178521077870492068586245826627327896698602711210798840043126017572364488578745960303457319295808223334246685627141524025780132638796857752370071379364829696099781897264960322039591209593222157703568020051188647836038406253701601773290461118604912774938226103145685272558885870361040250897082514562009178831667065028818170482826985691450661325863204177126050861293307120299091842594034352
272 30194256615868044069621660126779885735395662192834380914999624680375360085632426633138668816339932343021875530832559324687409247430737880804170313619456051655258133671608227076633134612527409825713582548662378593182218563829583255240790463400815935063373941732000448578630962809091967614991438442198961664653789607012665067659443982288097696140709944626946885686328390269114179732974260163072001370280635901161049020961762140128266725908348376248869695796452579767687201404922649869240131189210758033954949657595374498438932835482940039919488849602871927005923943452109597043222906360654373680303650495552117340381755742565749427135142153800985013746432075061260818
273 23593284483384344790861771836664718523232321625570479639661927956903426050671711493822481942767404859318215547548784237932992395471892932679927636332709026566663674887726738822446633575959991737757238783638097669765402008617699788672050355948735874273677023626997496574855584005493603253468512776954601055719760569814306280988939479429150330842228264598947353313378618950429551604678352280203318282155954898117896573743842369880042090901885895551329024714501038860044092363200631568294678949120627261493972461271990027589666870616586966392784494539411147098302623511713319978983788818545272535698909948508208212910636090292578938206915299425465467787826663849650185060
274 18503471685823080511738128316574353495619356445551540027833382919783699906161639987140456973678053483891022579598766758149840535246213385452594847288759330783546360023935021082082718709841900995884036755091773451529212533383954911628069391715121845243602055078290477678675321520808523642027859152929676458254344954233011367678611969006177443593107225068010822257466128968417229152323872586826095192060622244246591930344788040902077974432243562190806076837707211661461136108180739731487095071041048541621067091697695350405848865780334413795311378988067592429807537924212362160816759890716604744372337655546090256148253577918611640379478873004839333893624666521938485052988
275 14565081187006014182209393857618017908396692907664042864833240316293254901903163225473649851023484017972427480404175917612019557395054148320811872473442972693836631571296368197426820942245185866224739880807992879461524389638650913880780529581080292227085808246523555438626741328224873385852304314477881946162623257424185216728016416071667289510755282396614182527352162439874381448446954636400020269537377816735052416292694274563931526755124796175706518924584858004366808597484424682001360114025015159348733697961604983172424087674059046257499529169843709567294506839559388076358583737512527895056491426686190945158402098342930502957524375491040321158825762684027939138543400
276 11506987425319058863592565545920877834940729102564396815214662245825435459866591683755264878899523532206617066376417717390086547831783699327148854708127374022591504966327383435518284839626499878428901349726729409591220086428540273355406576960610480122983877789428640496554904073079188202980795372474025437695924582204381959797757582989648712702714068048235826523813129667422891484048698875574304321783306491803377390895008359090368301069118349461816205607103831103190683734203190438308833522360009957988562689289574768948127210127407173805575457201724485188484522634279719508778263183256931289867746729890988014529052037004844243658984322480918216738839316411664698605298398156
277 9124175142630758340674947664598016392722222526032870765234710249401229995218021264335973749224039382363395275161063100746692343818490644656581891874974890587332843317814669116374976317578950570862939384477160054001281206678201610173755620451778879199317496088305484280115323838168382292269313587627764987333874763452164754683133631767948639714565939021405586253862306451819549272208215214551417689738214436318780914450879951368558110540921899372542423258319499777135297720016795701740440934595265665680047016709182535594527393575409210366699965276801716335123013905274177007824920509178979196540343099424287667089948131007260136207717662847032522842302504529638466847968648176248
278 7261111117868980497544496413587671990439446730001934784514427722358464357897470534483991378534519825756200138049017703169929129533128313607112166819499183434493118729856117150406056164339544967036051032342131462072564528784038006509656649329625138351143137754169023259176838334271257616509349959021858249480330056032662710863946865831385877840917664069420540255114635951911142914320428861119016836723487679919769906258835504728899462889155585111106063307179147999893692244462640958864374946107347021003165566303184203279116056319538585397177981064573920412316336361434925882950318791504768620454772025859971624619643719580784809410444392602463301911685756976113942076233846971231064
279 5799417015260990815777453593475519078777838937336588511724597051330029807065075209039341208613835499856448148675074368580584395093800776946584153638125865137156157976857530872799101181988887342310204003046528685616170407084348738931197904019729317164960681910184948936033977648411641549252468459756589972805379566375887065353188120847340777029187166637090412258380764478027643250618465713297538723554390513522006164182784600336444093564562241068786483439075996241992701845655030016985538530692647289994809420869557183358188582539812433084006564927733087525250018945886499722887482474252193258841962149824960426619308229979640099230348983096199500775051729860888433410197437086950487120
280 4648702049742710714306312248240090328636335518991609756688224339306654762005589761104001966849047305538697964477530881748026430523840381671874865204095457772781747027204447876600631585727577557967519314942548799315642351306483526637901678633272758458284051585342973579704707311024509417373719796793159467850955436714666768139397063976522603716071546917282188482615658510679609828429061588433669092820582764246498654787645370163211305919983055661020234782095473736015857418246495225850644243016647542388836362659346064198731506940545116570218319471183594949055682103504541528377663360780046111270038818111320332214506082358661943794124675603516922950405604958608677912535278776452906222132
281 3739724206929304135572439696703281713126706085671823240086077756253179241558639920395340123650138240252957460018524972485103223453399072421204657390636387112091440526043397805298483245791243788454560198725261249343642836675756279094644968297017121272066928598449359679849180005149788532878970571931153638599027053675483747467010915777337026118498631187718725117127233535126301181935375944309582969612260709251928443881431255073716081864181931070728892854628161060600891172957293252487287532155900625783212493402319603719319822934372985399926193114373843411354326564119577326780243075450771468677488868222768899917648686799497012988809467980744784689817434112219792569387311826922190895055656
282 3019272717517772254737934172926182676374610732441837085252020746276480276208449374831285731765930123558788550221480296878851329527786184393414577608173100634115850687536615035098301801454551122861347024558143693568338143159631485706755269936860467992618315497767666138862206380139979667040496383096030545031205443711180942274323283628842989252006625448713990356198606853626093628602532812431854803969379683479398198572108843950347737479477669780482825083954642938386451310157172609127369586077550648745829763818969624395490396273006944830712556114771372173872967683440764928814771676667708676555456382536958919849326470213782920160843516103644741955465649089985698202765423948230924850931867320
283 2446326760559716350937740906017317684651670670726564597214097779527393004895878414028914261177829715127979002596142343848665298435577182123924022543481389025138779278190614836390190418759781278812453516129864175887481932167916976884601637450122307623510481886905225519121138811357757463331154232729728279238714012473332859259421776187804519235775876334204507991190549502038443568310665183429336565307997384919701583513651985924042526895910745604974972175502754591826272977013565139378443434309370252810085124046471580655562251958381365206863953054662266455596310949541726841776347706782020014866775439292582557621065347240957439304213673566884719619309844238805591236992325993839733776290346894672
284 1989163300756020802307823228968469273573395318161941766414393747604395022679620224015733365840701587263688375514392744092350317581991539957645809695345629977257848266303770776025068943602947718507179949028033910796780936294777299463506456180957829834631509264179994262084672327693533563739186823693454395816257709727898454570511511266915860035317049196160239452462636902520230274205836855964859746889911904795862670906334651737747734253353267548071141347870890595301794473467449091600578704326414110974603431430329909370401981313514888996767304220760430904413219672711758056019317350023814536552446676400717644797804557859575235139918626226961622966964374206333858004984046744979409339665594034012488
285 1623172924734792208431081999166737742114139991805421108414286118814687407117325981614609331568392732293222975109703131004373434877286613524153283385340289549234045198268212102299992804860247643905939932231991610623661575613473881486765077426781762921263486137597580391662434427222467933004324561095710810537346587982456493410831554504764321036890196541338649553842691618352133085755482812032564093984977144052183076033875857898013014191171310178522137396868087049055239480017074533758091017222692980802098554528538237482800633588136568112770067731823185681117361199842039954881738787282464491762689643296586065960552162704586352927974009717375839622688202261126000026809268240047468939906821054686377552
286 1329205382811293588318949866045184127590567373541953471634409182308020640956251340466733311696347985486205407292871218654486869453521336341965725855472760684928820128056363509669575417825099847049580250910753070611306141106588377670144646808332676273341404796316214092656155657392987597658906015006073417858107429763726014490168446348456348724474351335422294073988206107637105212963999984150851299931111219317310193178394265037706372776933227679436312933652374606429464413301963655695022106188050682739210499042371200458491551160601971083275410461345284624340383887114068670023673065575399401595809133707170185791705470058528683460132073539865795621006627575379460851175803849979792512167613081578599550160
287 1092312618412183493266915032834039952340562770523773892248398085248444616833729718338354412012156339227488820456804013619897711894508179747677365013993267130903278447193708132276831546948320878740973031406103632407308056570203334018217243354037393871883657390988022704021951702616149583781191285721106365245269314015922073784287653468497691980865871322443922549029506360633534141846075546168216991136090402006935751372197278710476233280955190922619835557967390775207558826720897052150981009294108015940914067230811256646286515386007786622201341195431113285747747572388387275591595889613958954242490816888565852733387693556350081463348475381710880470589710076125611519940405249325779841584927201231226077925728
288 900790948734624986176892165934278282030563484744947829504448874994669279418859815764901043419299998256763649888959115260695472933659857376395966326363936976650540646215222855865972839694371107681894086635277233729343450197677734232253839887323692953608902534310425789440724830017692860978832351830788576961680537616076598757342595894364858296327257071388346624726723743771122547800962322304515955884737848224821224987460212068430242824194014935577520634860392526573484570958421800205499891123992585322317247331074960970361952568726232573123813957991600200911381347375093950935343062088890321156987216518439793393305275121974015839486795686355383173989468037294046000968140041607079012724732428919796818514133538
289 745449046734039198071381085015646324011546459522358498885807102689886066672916447300775048980953118110438541175290489488954352577039613071281951383424879956435329663236591659463459012143240405246895699810009552857639183879471005761578314642838573754656410092838997571933431235218585044896661185342181457832245662927455016841668581258629977107931487260138532810769257028970913870286413797928508567835189509675272223398560343684239402751862199238886398349479893565940376907206142645260061498857533619235308714928286552569618676990703124740541920220666044786313107531867727254354145113676195715764101948292185942527813522451811716143845257555441295621150011724200569805916932419662803001145112768662638440421391444676
290 619046854301175148498129346039615723802654122799118354752510684608609744586398168579812633019865699258604710432583738259211743038202559436105533792184729449548243318113393586633783964643977931943661237363368909387308510049026025366729614854329133310638811041427273401387027769678050539564086035039440517474866101335494752160770310941626292522458248156123182067321363961614642384218579574133478230128214814938859226810859559475588073540908892884946036073676233036091099402123883943515075991371364338413234703648445466939318981136769296805933066041679122052105368754569152808222581477178203165009670096310317740743557898128107431558190671033937101502395836010771690394207305697673343667036642219892486151682596687184508
291 515864262907425027402600126451313653055569909086480000112957713946151094705499394153935719566299765080297073032635299563755670364718212908603290096612337016476325766546675138499467542708331109042970167975849898761920047094851165627190955818341883366038387303933896501309543423896124902518998668899761312198693964526930746922974258235973816637519262151709754429976857426321097237788396206042566334943374904293834912142866831078175170022967396017940309581194573794067660390772444421621748825274710956616798093281935443667563145024307104068435177228579162714831083003553325108917952567403403439751432700493593382003923164669470018720868132405227383193721425488140441290524781840430211521696496220002451333017219246590093864
292 431368592806804248798018984210686156517642013185742314657031056769230899182562181600132965863682342903062813456231184529918941256847628386335477135139801187989543651481653221311227085017543575980251614919215685445164910686655359926403349956237595969086094633945253225016725806878397299710907233731989108710346701605443897488589586243674326074409752726984436342085705414838591966578582618125752996816381219782752368513158147804336541815052391125526227009063379972994872185259624267405472413164283980526498286940873726992819731299567969671544915036828309578113238763942737060088971968162393343745678743459903830775658775132872981408718820063130422725015888809503676624282777880363906112330500642872773955249539084562252199708
293 361957506068547495311104937117208022248293566820287271924405419205812090958236380938683176350776341632150014546382676305192548694824684853588342090287649813516661604849234810696507075951458429684583890010226703065703152886750281517363006367425074236207597314292282409485334674080330050162686127631696708268051745767222751737804735362821395055666600004271089449294770338599510862070870156410082318500168532057324307706434661552234054940308716183339269530900029119548110796053066372504041517813554059698455831841896997197792494840715881159096479355886636072607000534129666992188717161704841819316462170679447206947590091468741182774290179543589429807839676359009801879514063155864066711333909498865310369383291869531658352264984
294 304759676399675672682906221660900922032877738129650459659526926542651113150249650352608479087219805556606178898103745293797363046295408283978045234269886409804055210315171915941975464883401356497786528762553110714115020542662201189914452711418799878086904069525939309775949379743459004292040096868022598959968411533823822648382436014291699384457547461630317117336193841978125566053703733075568793339968597054339443003246143033958300895586182366474361917440617854071031012687883798378619428030573736176568278466648446715560166012393152893509203921360481490287658195074746546672061994309261965886740806510223906808800709883865573579005293654519743181122837631344397624090184180806008843180107144406139317134596709173024521466586168
295 257479804693999473304554762046212151443966131302793802964807074124668423547958140804405796104732265181373835830458311985689994804094386889214185346013178351853121490623415746006117516281496055441148504886306796997379613338491580935284923246827348402124099146460768098124372217728116899113966405845698931177923093658498265976655301404913409677075584627276241807896288871282877849987786821033971261609454660408478455179659975235940125715009974419161536640261475664209856196430025977800178858913612961213821523082185899358721905136053097452713345993015081215741022419828653753636019005793749036980598418888313327755430028928616015405509717903523510567451118554846941093744814314423677797902010426933473956873867500266133814001875564944
296 218277777672704553512127968349736312581401855235837791502900468804336595208732634731799744572722244138263298056911874444889741106038816972569298634792458228571244408886753752822119341916361368134250158806167538434823214020673345295771299069270607096133010673062681276768609936814093161554405800615619781353294267788985213308364072325333932304510297956131154184786899900233839615426792175267057864597926788848140620054504285217864781043215101213875918042979660531070573905611516107242843064365289927934038776514225200000737442948275077149048038831267118361152016928934804358386719806812598944594621265377544888823732437154395157194810217378228036095825802141981901069606004938398740018184073472836615471491865739535601863568787434053404
297 185674186606307683915467910900936905414000034955695731463554420936708178606178205567916401357632652893272973604191119470394298226104949422523348826071955064032590373413992482246127708766329823814999427316011152443893172144158575990219024995823117671565387893350985281827171310058542317116698222539987130770820414300606264628327421362995348406028265139575120363111542919111422363447548956977980543335019466154609124892252976293062182245316798992409054320160509194230079245278103083120306762099137321641277612434509327969365870285514515391676551758884007830929111045546149694818851613044094755748692458094694912627701652026404848537665507150911781784601964661111336008690865031673308626567576616684356831472260200275644827068254887113886712
298 158476252792145336271169218287023453461928012134535975703661694286136501143513920060753468647318317079334973422069716576369790241633391591395034968877885628061152883117735950805491621571589985094537618249630652277561534324987543134930759522706926634552722659684406118134540673587618184515432897674276653748755136017933110747473171869179951780926061990634845808131133897820293507152250914890156257041373632950005698772327518738859868247534370938212268033925876670515054498381443289176619896150417380920980974538409994857513041486115408840074340437608310851710775315285756640520397861501512342810139498804751898741387761112763987986948182685021381423137913343252645249973730115864379204382321831527991024388712716524626417739233489980775817320
299 135719593753168817791582304354182163569469361389293352699431096419675053406890591704991339815921530445152671018838955068454468739836150745423577251540163894174700966619889356823267716425967597458049930081208023249484609591401726212155911645150282599703667501183421726447767975771960760482479640281981119494921895740758696715463055976359646876410192936376234786802228031253917237624413035190696349843087593390147696451831335065469776495866143750990821747153890318182709471577950911543712751253463929003022779425008307369407787132520959865234163687338315752563943004656469686079039061407098929279728452040677466457777979413679040352978106422742544962971076373674428891761909300005510773579689131081742377251636252079926253916913240813049844372080
300 116622318786506876278754642169952677923731309660655105749727712839297661252317351977189811754284308704969878154312277470454647921947902586321036554736213500248467367545870466530331733655510343874160523523011870408809018968978510140951474908727575819009113713978552343223137304604474683964209353555267193739568345082643069742756399465617816421035220927649492830370377850677947591069111474205251590829938012460097851596656308870876645187678313801720721769487397209176462752455598916563782293292513571608006124253375205212862926922846249232615800503368499526907203204834492606867539820022120505689458609805994728296385295040472535656397079323438607972414255597935015063915074219685148048493790565544876781577867829623984258574109960196207026971737592
301 100548746394795264328828529970580375130513203321509382361258916242186408374711775203968074876532343429905138079660351145183549713388046529235684794791499301344164961636665364811815365088435711017763028188478406620644508100976500188769619043708332826442404102774535869221968653710180860127545253999331110088972180228165913044808602174346724319183608568614152530733881265121993627493204819176244272463840350732610148098956307707277278853397832699270286264180609725465318160832507413159623224774284338381410403416336551216192404991813083802782138198763616776496390732192818976047118626419453889119012615552205057376907539952321620383974586152266503922569182125453357042246343541476985859801040040664885402880561894130868132941310605878486686742171603248
302 86980650505114141176048586267060355013642486468653121212980027196648866788739081240388041260368394761662960154271714706496985188589944467226112300243545791194974344218178685534384733115619773194921627090297217770976064434896293057096488490739613366802924552215560463547449808865639411573052764460116217455548215234256651147374292318714770520833709864396344002051515483063235322556475111811183242637636744335756047849506847895503784451686700536309478020404707263047092463958710459470457351243448340298977176325964955357397478016995106533349566681485723563307277841220467141634717076397346276173636665457344842155181047272272785524467116487414844788063523716300097790583044168423960544426319932127887315069948922271995307777203128854334869674629227056688
303 75494413124484497575092769198383070639835903858793810821516730426208414694464112082365816860432322343899863934136646840087924857989911541769041267886322384100206891676610999625276969883605555784764519055345529375686468802550939735897183696616776499962365758858692309759117108565775337491234522287476192609041674081862357429558152043378300874262512887268753234802373333070239408513072303212146360413317344017459322405910183992724290756792310425161475926934236441041129174041308538286288184165783888115494016547079561503746532923370224131809052337292601277147029005370759389254994218915692115853052581248041051414023845771212284683010693883934354643885016387500891927756019096814315213067764176228221150592100014975733875369832764032247828108861932027704992
304 65742822703930447840486724456057668664807131344744366858213919720637749097505445703212041435447585621662921408311965339646815339318290438263863030269562911004490594640191806283816233280494798046041428532746230815068423406104236795726761667882142475906368621808817392095972433703781187083542398111214224625551388109522932083091464873430405557550689320058373284667904839072952384867079040634798768989045169786714025484441242678299182335651017217681804878671354254700437030810646419342161560611055829555788190405840653261927250090884681677663552243790905530891931193873555282383544677388432069739703976326366441704460211264465132606253934468815970474805411591324902715371021140831337591486617347589603134480383501813737499968398681318275558449807504540589743604
305 57440535989918586037429299189323606560331097659194297235784410273992732647606036993768340340100075570173976618507522179529911333001415460913373220304313459303867670153754087955024629743074960764239848624212646230269882441451516086672834602563852137095797436207498271835217739897068756785362986333575274867008989684339121416885970865623494293647173429627967986186523897053874035451960900226275813530814695831983203191018824045629613258952622441298181075850903403721226245787666921101953142003707163891743082983086567987129661044927153600233104820373075696190334109243969285664762535707551758601912607729264683943630292219150573321125523654503015754393101172721466555706228421321844864714231057195505428570606847744308908436378109023456600844863287607841997659496
306 50352436179808550481196861129129110578623196093015911204697799959998296133750538250577283477469366220408721471571800150151934983957023417922352275251416724290926772352068229862292173315247922673172408292384589986197862156276842972905349471490583887812069684561750375766737741057329915446325138246483170031390480913451040072670145988684131663648436338482133504583900634879933623304096450515749800367400884872017506989985898933220175899559715052150862525761017952348251378511503518248989756225320355376710593749184603600331214997254541090583631311526127769273546224368012620065805811412197824629078807355444564858925559531692707003691390302275613719658703113302313062803928990346605936008834351896021287589332507930802426788519539865063054729923444645490623585932120
307 44284286648069939467481735911020532901783094915563576696322125364171759738970358585673046701631822214072107754043955784911729775581590357076988899019974938027712643243730867558682385802269086124266744542545083205563731924464020810830214244449472961377405402254025173026978428025403266198418237588368365919194995438436606315252514712720302060105117667827321284412742058186354334309757933553887054145314066134643382581293151044743383225466817278557259865939829757294903088194873547796020757811317931821943532592154432638110748924575949541452312791936338482260729356525339291200918340618676604406867691378146455918939944110140780941973573494094198451173639599796561219998081004471488458224657765970576880293577348858685515226271272388867609574822806598807240454944166800
308 39075208671933926541943823094348978916110420053709610597063101380455206947312263472615259005318801856835907759472792930111045963144896042822135908033991046836325964526826100145114744396137770799071672082675151227216869504779610243171910635724009756652576620715798622594276207776639868448104787956279512966844288190966597126852652986094171883565144354127582085989713281108658664765796076050664156885397077831496918105210382708087826907743306690296640392303426251814415599089596424318352747992483009360323633981507508767655043826799496964547093547411523911898565853543262442498119781764841687295593654990120840167904395477771890771579279671609230244243213943898002645960142314179798328695826353302839286854000168002872629068243725550377170555049255294958899677530724776760
309 34591612059867440335752838094720462520681042204047765106976706317439270183891946715690296865534572509388007327326725628483821291702541898343463141311288452135462766548916324599421539711193750451600387186782933746766077849360959183426909612107762534625788434866207485130962785134014214000502913705566903501275387203628361243052133616429052839404774803335749977062703683389120078703795711918089604457541770197156295932920500678588227290806193218233915233848785981601898071580084970221208043267135427485569878257225545573291135902654133090915097399829552970188210606996568098813610499454982153288444176247961498776034040492339700390272296824181796529615134294525853006741411858532154674539486174857130565328356257964450473653070585439934236120995105670522545471679491609369392
310 30722285936800515559573541025312330828494538116178083329827183511301046437800384438430596876683632653226896556401892781401135506060815555362905026456823922809021172249126949478137895720353519884742480341713510803490267932358686781187295232198662420740063086999181504274274604831904974110065358175606291538134633184767315542428636435431526222035955083032082117768175249056097246146272950962638902964439689378211747147028498434498082968255505263515689716030128556315014858628503891143337514865558113712867453031445978321328592194056645945912877420854572189724534886146967150229257123956516354646817799007920638757823262662312882455792696884259965579288472839730902882300790206840703729560982092705455114606895101668716343561293920083217044781305821501445630357788666136436452592
