1 1
2 3
3 12
4 69
5 444
6 3060
7 22104
8 165195
9 1266636
10 9908196
11 78760920
12 634379124
13 5166150000
14 42465716328
15 351876854448
16 2936058188877
17 24648274487556
18 208040487845076
19 1764376309044792
20 15027939263874132
21 128495423551583664
22 1102547377746843624
23 9490542912076091184
24 81931260285359287812
25 709199467337528862768
26 6153967855892699398368
27 53521531522907694320928
28 466461452477641527148344
29 4073353167319072902612192
30 35635206010759327402267728
31 312280590127628302444719456
32 2740954751925406954539018771
33 24093892028105551060655029308
34 212090499756400110418238566284
35 1869429121641457130437330239144
36 16498244411058890375332572546804
37 145773141661189017835985225052528
38 1289439193629567104913964849017096
39 11417801082006733141607875756548336
40 101204296212243254793916685243109108
41 897901423078287178056673891154403120
42 7973546737651898713642536176849072832
43 70867802766953019472561408676824111392
44 630381690518184729165865141099054827000
45 5611762071683455671883001267015567271264
46 49994341734458974437493790340220568723664
47 445711967855459680553136362327508031908960
48 3976366070761995827231560075987027436512212
49 35498062972105760903217782098314205528762608
50 317100954013327354200059739025167456495397248
51 2834354052686219308779699004684350777334712352
52 25349185425865954450062004908120425966918708448
53 226838919113412445843596926918663963597966136960
54 2030979887580965107474396214609557942389994756416
55 18193636617441095968480118599253870595775146735552
56 163061362863352813663133450826758531909916752394216
57 1462152031492502907928475320864515353861716956505824
58 13117061949916303256736162064206498705859742342448480
59 117727038715684861181351283373078128682132891382868672
60 1057072743981413779964646093353253104196420097996403952
61 9495465402381462762556599516537624944813903599599092160
62 85330519835044472853267211260401342004781070073453208992
63 767120518011738243497550188143243729659829927267663763136
64 6899036855844990995854505818787102393537422152828959745477
65 62068868662786408855488678939294435159715054358259057546372
66 558617799216681924076777542539023921041439154684203233405348
67 5029288916828659400839114087430925841934562983089277544935448
68 45294428739826414095393035596100142690268333300631541043589580
69 408060992355087673098056872989619997049205623224935319350123920
70 3677421095196283964779228020410093916202276183086334497004344504
71 33150928801337440012716940218843884013171129572942677483505486160
72 298936075758509263915065821922257958438205898689972451997435631620
73 2696420618510442810301198506086509466860549155470209629850628580720
74 24328771004520640938560492346249213845266081861857429852987137681952
75 219569797725028338684488537890230284912213397988171203937350856589088
76 1982173859207984526661603484226061636788819428336310962541916961136216
77 17898825556638618687316581717157041019427344635337488259540600595730144
78 161665753513936919773909936324046880342410993326983103321125377663258640
79 1460559990156323899166214755848461520687150246046477432971949273029050336
80 13198540760957207238983313799851753371888691175500844804003002086390739252
81 119298494745333610904253943201809811671952309687673189536437624385366424496
82 1078559261708664507099223189151233196621134362135638228405593920082158900384
83 9753278617522922065827532362244035286157092228514064089087819516494462586784
84 88217038325890810610496996764759428444291890892086829871776919348450790841536
85 798081564271568533589876821342433598389032745909064331974043179296515976497920
86 7221590611961472936514970082485275039639197666415089967311566765502398052599040
87 65359259892331452199208773074570261860264471623746565608719224835052435269270208
88 591654303354039236453774378046615847294643502371366026662827488664243216129997288
89 5356900825947779760019550990057588337365399086351656133770952080136084732375893600
90 48511193884704811225554569312670150375930963998406308493743053823466834211561976928
91 439391106833386972649941838348240909497243592843463253785307878396809954349076062144
92 3980519267284512837769296030347730393513405653895087527735161422117796593522184038384
93 36066637021689917319316155004527026489743526879958554845457362821410022693667079376576
94 326849147666249868332114095511439051538342934043890236106998529527449809767649657520288
95 2962533326456337773532987088652278156383821003867715137014887967281155852585254913479872
96 26856644728120504592410472503753609050604628687752724198710642851202729617192952643391492
97 243506958338437211730921926680639032039454372312419036857909594107595922639356003784680880
98 2208211395670329420400987282300840142169039383265317831205860181214528186153060730103012864
99 20028026082843471564543954355657664872270383316626640728439244708605709355908717232010357920
100 181678068929691101326947740890721683264871612706860850404739218724593838260735380824799949760
101 1648285289811673959851045050653654140692751327007754120387159403355294268971720374742505408896
102 14956379854081080309533080844086348706062957988680254567756322908464264322880284172125932093568
103 135732409858162063512370545464316328328876849772333442873794983436426593427067982240202901649088
104 1231976382340931859128882706313494959680715311248290336633013721556449527917468590217933038415904
105 11183603690854291442579005342239327025936830573173988316102179927301539081922485853095373860760128
106 101536121014428062112289341691525540658142073992704359943064052908684990075023931276274454494931712
107 921971850231083218136220359778367754634205044206928763055484154570408176411994494499300932898323456
108 8372823978308911618452093609508120503818617676175383137188162757288952053373902523185727503653938304
109 76047056743503645768111134435711557205776718432250605993586165256897003098356318108465401380702458880
110 690793082788177644816714435504614723382393908540562320226793416839067523387688039505448112643974344320
111 6275779421006998593669746224794340430365930799155948437159677506558554823722485201065631690470170502272
112 57021745667459769373513882422257329889741641916690026046754966823769964425028230201988871479569409881016
113 518161983739215154540997486878474057710868014941701234491717342994322985913302539631197756732464218389664
114 4709142826242946108308479772270940045263654062385541826326534611327791962678215176603290575681777546890208
115 42802443082610902525121193987869458822962019662500998660217967919931309180606634429113065054991559694519488
116 389085243149089525656378437690436270288866379710079779054900325410761283909712712061327109008879529741785760
117 3537281430196605896077082302315845980663307170011987721786559733193219698485736305167298983124498543003085056
118 32161944034999362411123774609226424856248118516494405670263075787865407046316106446205811829036463860492630208
119 292456975047046346514083577499605391514572577164389471899368830994880428899893792986097970747947152355043270528
120 2659670894785352252236063305859472115181582569698661375312250431237979613600592640812378819755997334945110730512
121 24190189697730913046834043852776349923924098547893286760976458165249982644001704529683872787949591998573510247488
122 220036816837655519476576828609247917356106344854161611369103933014078243732028975422945660494114517082785290128320
123 2001683492745896456899428583723871638333068246115424212643418323200040519596507093356018460527604473922359952991616
124 18211206651851888532173214712060162195733236557932916664512086460961016257735859014394537281618188006403519934897376
125 165700798636920256340060659861608179942544094588337605650412787519311523456300305648650585412850370358178287442164608
126 1507829948421119844461961568713310706402935444664023161841370221723492737151391070684172342330086467898892474459331904
127 13722124298677814755334352639476412607809044776489990910133401195235572743319560071816721827477258216968753384461507968
128 124890931690587571601176679168278830658013328425561520326024438820531933858453110339198563613485594978410011469035952315
129 1136790411033710856353097574473363344224639977441398642101891098935161419913036474479744205736519864099441413385784759324
130 10348304971188846348842419797706038345222295521076009826305190544527875496640442622607072275814078070551502448381188847820
131 94209945855161417617365848275492937315990299755065754256143533788673618600331668111267761034806332983193303603182405114280
132 857753337427680732553155601631922493451589804823789378294921359076554909890318514551732732692554946939931153540009103870756
133 7810262478485190837372034117053011834025810998480711897397502271389592754684883012532757944150879421772427703303186687954864
134 71122305953908747009585734414759713709814727699522873766155474061245254679790097119232709472141585246000951583652248242615720
135 647712777174045541434134513189297461054625878120271455951387671096085603582902115055739554953108234283224951138043807800912560
136 5899225481652342503150687162879919979955142123345603211365482017113310932911807508426104510572918425449661308679354429491968284
137 53733223828407825501354082151600582854355209140286227889778561702625496909901157323647799458966400270525507472746936551916463696
138 489469520447818311475406098074381952107066540488236976086252221909326080085329553816373068022635759155497855628287670538580836640
139 4459054273568353089988457560338974411477182223253129786840050175679677699154353788343712879187079516866443243665320390532189230304
140 40625032349294335649623436447824488824824502950682882059892533218988250754175805589892281963937077631395197611578871966834629601704
141 370150256330170025965686943658985270175551193547111614685581617734805349697518160608509092304883818232438411340611241265570073163808
142 3372836505192343687857664523259752716857797902092715773863634206376247535946327331847805572981846429427599898163110789661973617620336
143 30735831232858520170642705233831372441961614956435357098898841927006809400855254660953059308693105392269095311509703532589848289902496
144 280108714797810525441100295869733988664527331522257610119927472306486805251143007625414703519429697701126384125682843413748914874307476
145 2552935369187287475359056543847294947031421463410161870113392484881911199817465967031234660525261279769824044397091723209664263452415664
146 23269343273713106887295295189404555262934646875311266220956694957785685389933814447238292774135799201713126319342184850156341372154870208
147 212109008592308922638044528853669122418641423053905090009968844877076064240362567147033906651619408163321292713197384291359701665425534368
148 1933589888076020476743152332147913905955459422876228922668972072707869463278257747763438003721496300442462185976369226986874419946975102816
149 17627855203606467442531491005321700814514948161719839935612061958128873612102543707206949082742319091045818952913382335137607386953790143488
150 160717822171458236845774244423413266856987497070665971539757564343534830742066237545086601997194119471579533799755427788313448482254418337472
151 1465404992745381365543150163698813126260574374045458657543696196267253556271569216547469386839007355049173817512802635459909136329592669157824
152 13362261735453703646968506955710629604043229907649207919807632572049500335234691868853443535053901123921018845449930682145946301934356154682696
153 121851417100708968995163132844897215466877225717839808452737838699408023483429053790914046728714434660104059421325568316591251175662838781104480
154 1111243227921356169862781520367389072666103066642861090447458253345992841826575410646445443873981083990561478544954764817769607392407865923826912
155 10134801363770977161343564172779330306095705573374120817826022406671644332033625978996287238294596544906575818216166934856577176503813672054562496
156 92437580723094408524279475399413179930444901815623381462135298089836032737434451802958185676844333439464507769917756025070168381920500589455815088
157 843157615772184957335407636321589304924004117955634854275219599267987542743976532908617100706003472651861268667022348098647759393974423321198254528
158 7691224512624943125153622234751996600332101803152704502015732338421458767722653246746021550192292072085701661026018210498732107911807615174807392032
159 70163040485840742195251677275805377599029033584261128949110418000024896575877519031344438068682546097850076126156891617260062807537585224434795467712
160 640099036598722538481246144281495977873110050528200472033256597924116903233730247044133977668999048398257153075153109636175852522927038633276995757876
161 5839981677225410096015709080210835406454661133982801680647281688237897845015690046688291648081726101933020868663824141052177096021640070506205132635824
162 53284514963398783014251095731483610966835196932176752651403623117878805881186627826776000802123060971734718459936681134319771389870915845764502424423008
163 486200565398514352546815700901624094081972916810894434125843097069934206335788319209674565934697194427105664199473077109590680193227618122054453617159072
164 4436643237897089935656395555327462484201360025179297681826877426544952330669816563434758308522563365526938037659946752991840535078238508568599953100771424
165 40487210964676660385792365705076969496107084344385585965586185425021753117032273627232649623529857510710304571662941049638751087928851304213280946431124480
166 369492157689094250434947160907898987081562407623474558055529524355023854424522773136524845816739422940400955539731600569031748787837474596597485657411795136
167 3372223200001418693066387120878470745220382444929668975892146083264569468519283475172919706104057927177364064842508341860935952756631316036234795515848026304
168 30778740016827387428974915956115854950666824904770961173593426804917941742103063496179511174354774736250095008889349848901325460003084462160940203183377844096
169 280936729586161693089779812156348038515991754807238271806598932069972170584871883540942219528542313075135284768161537829652947316662811685330375629373102936384
170 2564419636868827952194400167056518639338898576148344389455388529283774091706746358100294857591264893289343268182937995554074170643390115459531599954233598996992
171 23409507795732023814037004131042152227913231892383598318410887579689182519892944129739147424813647593270215274167982071731316139205071209253859217805128744969472
172 213706545438027228582734576158300958647346850438400347693303610600842040096176167997668040157321047698972318186618996721043796070674786596958734918202374074213696
173 1951036791119285775223448036977660102004630308671870452530413419566318728564573464925448051969753342525836529969697590918448464766217620391553456009308180660265728
174 17812912411876170442208006677182215765401217101236377077427391641956316391082787162788901539003515650879943600440371929932498758400353568325215829299556836465745408
175 162639486123088207832258206514475457462073949125076735117278872013470154697763997343900541091610227690348778655502481191513483391441802393019744941943646976677538944
176 1485040834246533045595214614123009171940750792345210791447419204032071284938055771854494472657335861776737343535855503607671959250897022366859956925662525360917521400
177 13560381154314372018512727245924191357331292240649711960676720435250309981164425136261784945571265358976977692555336101470988403125952269727974998941308571760262243104
178 123830110046121033037750512037307573529595063354676239371657635381778852214808045542223587973864515598820499509762079214366311961051071493369710024178735446490423474400
179 1130840223291457941148468848338015563804536347150622863441811409920537937040966919302430972951599767611073121297395701012940878173618350203851120009555823829280547564480
180 10327533990995340495247540940284756803271231963745943419980066894920581179590176529069914255067260183900794488176245527839762992835430660541456811325028302975266588127264
181 94321823572221579167809085654232176531631747154337548706017555891336088525797396208308396936120431583028028000899572778995706831700764097829301649682691303087133149856768
182 861484943964219440392514663465016332825323605579739087675320996564512669608233446631050077257459040420494512823553018648704187544851750497979253202634982548095272916735168
183 7868698835220662282993715835595425606389654667999749481497243628950663703543921111146265557383501409523713630969321957889524490273931740545538529750324370045606697511316864
184 71874968704835710072308587377482893269666203497570712398034983442998440239846329900043413473852103223390112341485351575195345183639519724490295313265547311680549290231020816
185 656555910128160633937925865116645911273940507822242577113895762728851407152373337505860829880689648757987217576522643568961564572615639765760293042789801174760071910287016000
186 5997701597018563753196307351339726059366886575613361949998868979489288274984381162863494538163397522666603454781803100129483867457383970966496569560049893800610583268238773696
187 54791965779258040751296861906540351524724356316896883725608371217332583130769909007965198978221125472534508378680250043796998732655687966722963967165583770255455745776702295936
188 500573201322293655941579793139301256769876573509422045271076799710998128173201432948033929467905622062767063523768926115974810764952739792661212070299292303194148335673562060000
189 4573374823654776332514768834906845923197923103685614805131368262012755079301545986795263111472151870750401856456144614073380929889668739135479222564493455373500478070888687584640
190 41785373642710657259568301972691805065487264453311935263178273544961230973848852042506814478904059956585750213462079750871082874509449965518761346069993747464910610321606772816704
191 381794689272240963590200495851417715693939031095102645562761339809971801675011716585857344932063555193147524049352322699185737629678646182391047509976423689829148932480774869453184
192 3488617755058705382648367962133007153480997397352377224422924669451757658088778280857197946126780725325786439181083438648840408201830338461773570540475920277776560374530306841551060
193 31878260452845553430354581233514643981004651445590314811832065735504002953058350969257216484103447021913114871098637697770910816607486855290121668930153585825639406221694551200640112
194 291308651697585808741142636273994163879250961273976461992942155208818730896667748496992282874139310180054886710119253675953460257371165215123533443786524570231888564053494165111652160
195 2662131545297938553822840828264358434578441060842524122860107981446742228855717065455562680706509199828013401544666659546948856015210438654369224167171554100751206220860253034023552032
196 24328919559740001069587543362015986114857183466560870854260959154044555347687489072931633019474281744927109057750872324295570684301678749656213422940025936573149656303393797550814136000
197 222347955430181773425552970794967844384055854308307696354196612571400521614236693908947051722722167104490698531211167068180733314732309684315421748120643279492967599180206007731626254464
198 2032171202359194812271132628268154486927647971570526040292791375843888054492249037422036610092238747493346658731261312428448217761521091532074336396982668103801233100452635504095774379904
199 18573943062133071180935132543726952486458125526624507814193446893686267945190189350951107649948667915643229479668032386099937149336307773864807018441399377712603765019502701564173568529856
200 169771358738130753026072304197963794373418018860239247564061433172350586181159671644029686909240191887580582950279381039770539228963155466217004119195902216044304124309885354461375798985664
201 1551819024093445278840760846431513172679342970683081480136460506440007672615998154675218013148206155336576714360286216872588834237146673382949148432957635047946623423409584654273867298832064
202 14185148581888752160006275885859700537827339850092190062034779700228000912205924739407253905117995213898481287908760994383122623857373593932440922182810307966768335909279840770198325337283072
203 129670957282212667311677240672520985035210766571359939266420955385934358179601177508240474080945530659929037077165026840641929737092021828960429302087997066150295245183737902200259251263440384
204 1185406754660017991123274798705638658237074201422676572108693636875505786248957394257340431074601061649111598610031717866508340083745732475084961129026155030712807103675946421112282555091198528
205 10836967619819230047694571062356310066791877443291442864263460634013978646343430964641479895161456390525873087709342271441496855241483374097823108130501811308189850276971113114484588789402443776
206 99074912713086777133436173428365719606880585699608317310858725318576993070876805789013047400000285009263496424571611808081327123167272569275953865369556335406006711747346600053508873754624468224
207 905805628162640642076994893591583717130200138765497445252279295894785954685616348560229396355326987529697926462031330227495744870665434385122921632065799078662826801241964589492281977592064749696
208 8281739703627531866495982345602894501571723310481609787652961206816686824615559163870056718977227170809980944104252253399219746048654870544158882335525442339661945079650160977267814593332338625312
209 75722202359919218862215222437582200053757912520833104736355156195251333044332330110858294731631895847201129300987023902519544493281317729389745159227036583162685378238723835598355840963679968105280
210 692372566300129096072972147629857644549375006480610461089021371188536976636139564855374291509275474762194686783055461009770741057884458378699730095345351030606758589531441067046705138108812097097792
211 6330984912334025940562366811598921502571404090724217551350123340057162708663794138295157216815261578120572078110395740576771979078125296163819534474297492541557133622817652262136449338890441855971712
212 57891843225799243307203998109233808625132697626499469951535561959485506988281932156393101955354406826543259502884336338969859604389735602444201914729042634248003882441291475432783245087794411108869696
213 529392774852586581590956308950664793167845654046346501211134842840461568491352027410382443733628096965374596387031262321991639677116193242928845497166843175779894872317309496043212449871023486512467584
214 4841200165351689940424030212920984359401831934193664585269148293204729329275220906369633254795896556970285179550015492184689243707373251706580526926221556308138274636730851197449729027544261837236551936
215 44273344629981528160661488230673190386123505840478621525049657752866535326291752740823377401888359969533893649714540532981030848082322161800275609738796665267735283574607881372984946483050956186450772992
216 404898114939379357463451301278867258530817169086497498973800803510448594886865044607339633152110033753276741275395916888736832586501273038547190519820935160868583837893287680077403176012460860184000536320
217 3703080706198425488007265691016774809988854265907224436060280658854445100234798646125214612139664165063694628725358640417617039121674729646665601470153478340395306633386938155924907623707203042947264099584
218 33868383634591554928729145701699087022533782468538118372260894564349024705602402482492992172427584062955199749064070304056636815684999416651906009527728696067524896907152117154455524773677278878971274303104
219 309770108028155903916426126007472817808946010740310686588666486739460586006165030427419831262816581277181017202693557492572305217618704026693449575851296654976054711420996605869198156491871452132066864519168
220 2833336537476827836309196602960906774051286394047674791014665399780235819271028840582089144558110905644521064105664709151830741458180911513779932815823327496329710965505160986781793974329966840577362940034304
221 25916139653216824339815052929905040942816527441921624641797562714089161616137407248678430523386389575414070486834597828811063467045841216874849450093897273130324138878310885650675819188791590959665081296764416
222 237058664521282292326580372949781163426899674074615250933259968089310605790134963458038707930165832405437138437373211173282196930926699388445344539712994933828005533992975348990673239355509879864867800748989696
223 2168475938249192383464435366367992278631450461979643727635268914844072911624853683418252414524166906788261660255604215431487498809010334799150099484269759374299783875419758153083150172182035377509174369387980544
224 19836567067584064427515677590304316406699765513273530834373544481068515451779583865373598487109367716066333472684595386134498167405413596290826931278495614636937006324943092730266516601651699000945310772852924328
225 181464400661209896808474296854771170563592864120563333102857572476361897759984294960256876191125304694421259619570967721294795726594539706157249309688586936887263345255885322896705802758743908041521933495229765856
226 1660080938952105554787918046748572940162366962649421928381687623082596270592368363765697731362848833269657254851194979436437797301018798783885831049068048089174158253726220615639027056801471388023955447710130137376
227 15187275597694650319786125486143819638667664062492865425523599651908122207818620699968890948545423853547769939281377417442850615648407791065948446412879773767601264017338461770693222726510769776587927086332848832064
228 138945075472678302821043263238358277915118093655491293347571983906691174434238600143039533637135936280279309720768852404780901570725830311487559096833140316958769385323887216506349432826531439384352015765185265582752
229 1271214994769468988118762533800826789624513082097857177319385084357611092015768017532387474093068503812464032226596129290218859038228927611154640811411660055856959489795496695621678112408329258612434578930657375901952
230 11630738955036092105579403626509437948882098688119571533435376948537707335458143545800993644302653085484205523316720212850067877302148760816632433473243221932864289904057655098628382834093164748255235530964316993002944
231 106416251009227362818790417041108462939577370308171660471609662979649823526017019987020005606127219532440090288839853601852694156963599552186262561582087897838346430118757921299386194203306327391789293797235803211380608
232 973690291596572360566077333457987665277467097156524745225498723080525936327760546673358923239627624382050152138080460633120948877927802035982636808287918408675603606231337965729989427529119702933231017648738427263996320
233 8909346663162039483764246555843502261803065640846326243447204471853884050111015285528153516591576268436322004775563393895604512622107786893266821000097800153490663421916590919731980995342944816285045065651102893501152128
234 81523516481519820783955696232013024180037945640498000874499759656972540634429296767848250413985113546602478721543061251126324825408193725457779208510120099276732148577780142557113306723409527732466279317150690414764838656
235 745988061996317885801916100871615395986931059222985272020590307985571243210368480543010377656778554804094750121179020521059545862511936240866779660746941870361263864587350354794070568240013298663186579396771695280233901056
236 6826414818524418589868199498441733552919967368399330368390316202577606176175516445957603782821986331414342079712643108151411919513584468118488638071016889116468060825005421335530721050854378024471729792551375645823035748288
237 62469092641189625575291086884795735636237794980545314384456297197718440168788636752041793900850870934001503964057652656845625241967620737614599750073632508926954700764340072566059796855535921259528809039589885274418611940864
238 571675191940532861880092518388779256335468787739745366648860723186492185999845220807845948782876137543834507942749206669742755503121848217688042894710956432816154384093847757995669104307591083532639135854727084996969113821568
239 5231726386967935089940421478443382747583889261424371551940090554482170578898593165370506451790357437258630364496547457607069710699185151377389441137692359303489901917728755753214024053846950447738216988784172098217014080447232
240 47879778348474381903634366402389078212010085550927970042513310171415032260704208417574960177317852001607011972173881345215990476799874743598882230207081378093680396371970771132333188734455253435372301160874256391336334109008752
241 438198186939335423914167791862301969609910419198492358301074309457589247931054812090328202958044252844075498617760404663979718593546869636745537562402529952774276887196734052650525703288832553887935093779299943380963713979928512
242 4010516099309376186947310150903468059047615876636586736504165837696653396622809983370407609676493745794723676129954260945761673987636960510753205959807927456288370145570959470904844455928875128351342321916101711645839858266630848
243 36706341571339399804115178399729480955119662973638766703935018255004901829612655076273580810640922121182466377085346597851881362646901705611760230902031725975176459910931843989243324135331687355741594574235383053746540900118782592
244 335964196480569266411797210571597284737039790327903970098222791680421293037423624670950143489270878409805473565421085078258632951016586248175076556274693802780776757625971214838029616380178493803822401933040434720890767751040286912
245 3075076048579213761820446697081501371491318043340564145489126928883397577058686652924320664581842837974945017273067610292460180977240417501444102386816898489255667774810504246372565770750417035737668091004647197062349385089745924352
246 28146837255388487817173385267620559650014116914226634166797872150941984561564273063917405626149308418972542103424505100336644237721987915243388569664588271419174424400791863551285682910328483536918878639254547530395911872704737194880
247 257640499945196915221023826155804372887704983896875059202711217639498302072640284209990354117045919559947494107893700807767475618456091025482700593535933940601376952177876111114313173826312371120426568481001692819426275003721728642816
248 2358356017838712357498327984221257737248797649320299168230009887023951916431608620321535329784489021030475540145249072463544252946839057893756104488585172007284537415405063400646074419370172081482070971178767500628314749532676926663712
249 21588139550329563464873019040244529742479961720599834046219722404328887565888822282729606441833668621037433834320700714574092327722657559359937198107342854605761443980143368386700301231875631457066158790346170636278489565883756380829824
250 197620319777800360914959643542961460578315329835649047510712972553400348114582122079670807002201932618563533180464582810696723739703980716721070547009836577149290972137147055545192097010457121795300391208516923097876583444260101863901056
251 1809082720639584589872793081973149878313198438995181521833541813303217554084501493541263132233085175202042219962458593183282310501431362199433560773399592272923393118794059546277065830611690760592440628502276485395219218377693026154486528
252 16561345483189240879521576960173370961045138603977592157117926854988083445355220740986308937308393217864130144472861586127363445239683691752706445346233766085579003031553551021087238885222901701318826408299198213160165944148064744029476800
253 151615321089231496582773587086561259568905524777450092444956927792237123869116666785776520997138386601261850474847645574658809954836014086338181645673859496573113250080392814064924561412776693476609793409101166595681183978289671718196786944
254 1388036106166172899458563595436456272437983478378453284605545653728736648237019444358570844167621623394509763309903170714969821759904656988268457540814916521400576711225527561174332562141618860639139128561142200456746667116545144347835375232
255 12707746907865118285966973561617086268724632151170112487736905625595427287935315259524505701446147114256003743962768965145151029526471550397900929463562362581520838707282642208998732912769544698881058028359338087072193877672080102933120461568
256 116344642854172794068944105834095649814727348428262812599315102156592276710032549446275867364096774037260136887470187860634848246778803808879317956812832789175696578312561831241660880032196313362303369768214127196740049178483091229669572088445
257 1065207430504533335349916082562691291388608260589901526272177717620076118816880755774083654085587125281554498911262617100988603372771358174410606145363239425077308382734496291157697233944312569881287869279750061005456413887213560994507797130212
258 9752857273248298573246680214916550823351313850935470600272307693809983808860023942290256263265063302876230674318550758383988757583004819592514797296347381505225303076223383707700515170115786887349462313982072203184112483738937737869912049937028
259 89297511915766477589496605427170658477579240311330738557151468756336440204698779969131638221787914204889355095980553532530831159341012381746124443438565132657719775703225322240969031638527238685124525158184682432434716808439701037606014246767064
260 817629553432390729039954187982751123126235362176132578735302014271564491654909579240204614166430402174629972835989118705418639220772918869621958914819406121166204807699576320892528893480167645082925747648281636632136402255209278129671604083201868
261 7486579849801828002563226737351542921617291854495638413454946345376231394832488980830602538827076482912962982600041725830895508001470856815987686523721681369579397897142488267155331382248188797039085941347550061133254935655366715664662400553164432
262 68551967697309585186035089425116756288538002958311317250619495491355713010517896469271377561696551393759792516393347222390783876311640260488603956194555318671312859488914746907930282077293582984427262125087683930171031111867084583233789160992996920
263 627719904721662699387627790529887106161396928535889528777630325836159783233234978110041047946028187377006904772477103880800075291811533361367750374312994817180697276413313546042040841594056585566354188484485703918629941347108184827476278281179600208
264 5748060276595430300287028630638143816663882697548841539627508157373647708463496523203272741028739442108569935747468422191592588343439926881000316256853733048940802025350678184278295485977979983882880606553912239948628913423487939188669572472430269268
265 52636389784021105614829915550466752767099980628599626783154905290400938996629054885388123578223976948405962077549313750783250592459368762634980311786226593046417343821221679975169516001679176582322945522223246206832763235546891925414950765515928053680
266 482014576006998222086720889410730288229108586061897547603959649395569069286899631334632638016954335840576246351378874688232905215953007390568676438451392302297530794759908773736754208196838524591244969150586992644408889978218738143635942388606989464800
267 4414113287966835011990400904303510670495677893829384286894542784611755711989634784418906623064191126852586928782228757476911999047637126036424495309193088632596930088214682763619844545029914152867052012795392002309465907109447118194634868754415182237088
268 40423688291895457421095602041665045401444734671756510933623368009107339321843382756242208921145611772024013166521401948352012921264406926049422072037390495785555271863930610984450282517805564181463988595255454475391307689442111515769200548470579109068216
269 370200914238339779219767267349005296763075828725459896544482742297850356579582225473346719495890262995386512807715259082500987817235079130059719246671021294153379411173276158440851271892442457541216133998917002331702279330400767442605839326923968436314976
270 3390377515888692187475704167310439347461033632137488317419278515495238726109244255411144291420971181187522435159423299708112932537022051400118317358496274962561140077295835047988770987859925570806033455403416956534848018055619492270049776337062451884103504
271 31050427689049046184844048085573292162785199180613029888611243012821033766996377995935129830548631269251490325615735567840965070866835713028671024656818544704134664984869435755084131353270262272865588523049862024109728230091070806337169716527388968452941664
272 284378004724490096455978397696268684098792236133480583036238603512704984037557534081318022142237244524893090209719348414201675227894893720979981748162683098694954763037635889432243238513569751615505963550638613573709880298008962025545075015306343004271231084
273 2604553259759518751516135634229198498682560777257111230218352129305123385376656527948018567193642107964596894296326507286609813991288512385293115960053527810300558911998721460514485703871452425374433094922264055144803973170030939138770751946411850387881654160
274 23854990147656538590869028957062851515490044938704217456568606246737031182027340840489382234949919186970176991532768084177420705458573968493000816067408893958795106501229378992911228636128622608162590731511900293102661723185190346380101975600317398393359897280
275 218491192791791872317710845937517258746902746163239608838096647407076720629436345601627479362563282562506175938286487291836250267817417185682645177158903481300025992493107752677731817910417534451265226982491286691465888289634088331550091122557077242442562398176
276 2001231184024493531817289232976422524083061546828164350060482225752086153843311843635038968208240000245927349933342440565893428959990981535720361071336228441416183182189148802430396723719256192146767476159258303932636268216949232876056613658920807520297042216992
277 18330282454128204007723997556011442358811648829141857005648444540314615271816192506541055676100428883690469250132261685949770062825159282561721764966660807540482412870030623277757549764687340375484848120713230645429273428907973525005978903354545117335572592091008
278 167899560868321128620480424383813913073530485433020693769170944725549255749150555690120517432406219400317905368212411943622534059052864621056386285735024917312504746764279573718840563196817726278365401803939382995172578403569744273003897370547228821883373265617088
279 1537936520123941839695852134476074750920979852791682500097248956500032639647873165910299857311110727880650422316084744264052110567503796560969783177482813283416008256761516091628892515968467512438308918574216329038580932647957663995453902434469995058679994753532992
280 14087555677690771340597384215014503502168103882753074268754970734392261127388148773553325491213880224308476058736845112457679647633544769327150681028810237694991321238583192442954160699805696479719310545991612966055157664830765646426410690382136810513416865030812856
281 129045007512319397039824446833897989106624519109471209291631166132900783277108805183904226277437988659210461209818112359839212600098703461141890710050282559597790368227568883775550436557724061970711914002551483611650623930150765278220548575622637761420656598054497440
282 1182102228012909335507812430156892424003509860529684213202191483954576115395753657493885260844241894385257329465579284311963568316922961529449785626138356620946632790211881634302185384473609241486730680579581056393103208937965278027059394804072169193725452489550909088
283 10828718719062654017073449159297853865802872155580788519555067013914610315498332156076464072063458191674158394168850280626185813316610495825161231259480278112790812531189765957675976202515867435833624490120638613605761914666064585059391149069209571630765877939785224000
284 99198992241555534080051629806682296284036307368928646785951064922680461118064493965223611621288711023868229091540570670384536680337461196684837656569568112787376216250439291094880619869054190351007316330767503009028230902534441994750576322922277578419327478085396924496
285 908752336610925236967927744096101819791919002291074137728070069424105784546986288539600050925275228084431991363509752703680563912862092792930462152836499657362627937156490959998908559534403478168386439491859129395406727487772690749278982092905583559412404562222917393984
286 8325145972610712271303988414689248442584367118145145000958203285938880374070456512609582903573101610117784550803577020187478626344581055595783659548832638972569635408733530324316998936420198721348666112047165967644427482225617933438977671735666825341055144704372043101152
287 76268666622010758997371583551372817271374025110406913632406123536261306685684028637006411078572028223685129213584675768760037135440188318587957631608384552342869754919473867891698589899228149999396304618043234337633052142896593204220007523916265154017015054647000549866816
288 698728366929578381802097951978458293195501195938602552623145484404701614755574302402380958343807795545519197939628488400682891931698952117919031166886461999612490031100750747363785096370357496049331957560859909937222275194717350639102521895987301897580384843691928060762500
289 6401451594320943025308836168125987813028185510906531564391248366017553643534021708772611940845090438103157619853092541663908864422029868227233080593634296766601225478829212112252411782839552570063400697486952039512006776674615774423272211444317746909987815161097086913774064
290 58648427442602657709563602492657405235968203021600753661215053918522462635795575485792315114090486314971353258981779438258986395233420118340259094660972110794487311505282862973372079115799256390907351304019248833583224875643436186489011478151736757208330843391014445168742720
291 537331175754496812773757255180063883507796672945638795862275154062110480701084492053157724021443994018891243658415944795986788060841828998630617408612645422592771948817171576889779403789916340142334063839887248215838895195679690911348950595501495996863939679647722600457825056
292 4923063233397795263709948093670825494133693481268026314694787286093810118860230819012183804369920173531330170501713750225493275572429713867856732192078127577947416917808949119423907022762770881132989852198424621499840966514144561738969356359669462869168323071974981461682367680
293 45106221096738501726598708532277766187978466522389559576096572856364650229605949071899440726213676002081681247068957638049258471499836362139108802661261434152993434728645654784781617011467667936825556547578580460382184745338240050628924943586307901667026085718340189119391913216
294 413280655511881382017441298778589014382919205698858474144113063245415883129754983082067807328007815909098336124123634221133048210045943296542757064788142322724173184743500109133352398293390561658375087621317340169664192951315540990209203469778885856576224554375713121688092425216
295 3786703161966364983782101150270995581062142759475090459877903067745055409821213976711560147855640017991182702005474547117511200538370409143278798552833307042379271958528972471213550083094900359321305749552820827992033291953109805407650094811531794793593533475969857045231825716672
296 34696442430827413826241831578700752709134848762982185981932525282852578013590622434877982340998854657567851384850559833900808747292203659865780624972443442645594750067935679839361247535502107588175682951924500343975467725031934503010758168868775464544040888460724228349262103941024
297 317918705458505993571158733524372745692768780615656690131258194277746527320356418541464398523109363801365731698005853587431062923963645734056259763932927742214237324169405518672895638510980499342636945695702526838916670291087520359118874804424105806462581714633037831004626294418752
298 2913094780146102939232515526843789193293712393512693698021223082931662885406885417394153390485281756926545774809315352268353934500121595093432673136248238721306042644626151077669950931564349444024905647222224389080042060319623198049095846135953096325343719666572139935131185601021696
299 26693191271749960871885524316892031875624866030496466074760729523190084373500904932727393879217020712368800442629628491732559083616886326452866270642251100889106102583683534981367796121235433942725557536873648059995513531410563504689725503926161138171007540563959187682806415719589632
300 244598439784312993621178597026615314232947886661344191917622475010236247487322962885078038832304638681698466595059849345824462722148283421995350298793063676416567915045405007236145715711559502938406628919031127006805401073646813309475086284638909917676711812843525382612541333079177856
301 2241372909610666899129301061905942169270350471790052265920277537992514887820417075682993106849487341421692647894832200651863599628683447990509261351681816584060069127655393372572869738303750131826271992245313088953714337174511160854235739372632981895230820106864507830611601238726796032
302 20539116505950138839566086520833679931895161034484611776604068660943229801765228940485409071513510948540082469897947894377954577903677619585077209068324265405388384565296202837865311678350870348864730940953115191276516904515487695055443397394694746940857384314191307837053135118998778240
303 188216006489460266864140935826011211213644425239854557511350027981335012171089964983050740112927803539984155500238916256222827944054958166700767192917782670867110028457191344659672372949247078280259202966482296325530362983345214332753590027553678393223521433991061918905167547877540236416
304 1724798871917678265736191314401232476630210036634253776362046412153187707522365100128077223230050660578790441213142541881258240177604340550553059726572764844994511810026893050357780411836028774453203242558704259845393165654292490565824618610853587807399508686928825063202999619355233553624
305 15806198319382590827324631831145851294512494139378563882365838067463753531215090854010739750809916481521254211429048711731260987939673247232143372450496459020238645244632745025070030538570322166677893196792176886158635830711645861452328121311816111072731236104680659474488185281235311982880
306 144851637757553309709519992441424842326639750582107014003456441254985488663633895117575895855633225415906924397618779230702004064840135325940150694810966355740127153054104289651934253557157549837989704941005175847659941320015575426716442916658842566244345743525123803564713948111197969905504
307 1327475037728579728070652783630141013434294073458982375267712214247072572744186482737801033648706351972000702179317366942082326125661560606849725357386386082579735317577695248143815560085342836951911171750530370463829490233843482590474526157630483155475513628409868889343885865187491426785728
308 12165675867501904954263255831883613654196418844653528498413274063366828291601180898466450972680000368438156144753271342730159892691994740720949071531160091346343990733833125114932460246589228588006510451303117307256520782104756777611059017881754673179048492696785801953238981959951412744753952
309 111494385736172611649394718375761816265006994235616063598729121534043948639821977948639987538278574246086254732006297831903176515201153158840245867639450902515429036323274281591412918498084310717540740080740080429895035654554903007118281856316841530404965922955791459607583655869443074279441664
310 1021825161041113845273539289246899084691685718025448707767032944310478999005266693943787409973698334772530939911908273235126432935200270920432119161522746649866631870342897031891623415860546762492084406577253318869720227412831095538461487548790208526597348602867491387810075499270818679126848960
311 9364982644000458731575645723104325068633131534411552904822473982583658755145089387032029313064542583379373187681268767762404060103424752415690053595708615052951257232599412885244115792933963284862270285821405319177074779678317786719003979824899686726827044248876691844019196353737923970364392320
312 85830987444238496687667975224183582641809839003994227117357173360689447825515966372949340935648947462880542321944120220341761226227427932257304746895801264610938335451443508552293434381234611306811667327560241092625651162897042065655998402370311750808055856934412825017742893955792552183634323024
313 786661589598632842854833767058654402422796464340226286258166108705668383737536048911346148654807383861290286015476287190598233926695990063704056455543105963566315266136597194737078254831510501506382890804233102360225820323487099929853579807818675421051105464558769610268637004231993238495744795968
314 7210052770929869306356929141590725429228018556816240451832815609348893890091065207167430798857248681421291543768274610874621963549330530076498821502249187084034969051154866709037922942764308225813284922447058506957214274112305563706246653868740686184647588867496459136308321963376204320336702015680
315 66083884054917882082252925056948010509567020632304392248973675792756656560778419660912224446721101513495822206279412114787991543886788598641390791873782439058850593409211961064667038702020111291642083512788994975918861040080213323433861021798564180447489021128845730639571048985073335444570382044544
316 605702344805625455160919120097385037491221594313812897622249968517777633080345573556044965381720485574036338694594878999620962207426020047031978892886633217837535615760274593578769319925114878389046946697848757692814365761335427550728164851729340697040227625068939776010544426292757697691782582124640
317 5551744677138163314208730575385649265720490955037819603235486869379471164265687626599676791025535176519461418128086174901362112003672884674795832146924802929391778137054527406363840654408933603974157312549807387015509526053402333433083744537839334732848130491026591999122859412497275293746820901784448
318 50886925125859976927383172991707742341672326154542937549554249098886936483696452695628356763285262027396673747773069478738824667117050164369441315217112745217432453185957678733811144076966923138738115749095692037537682416450397511003368764929829429405845303042233320430598524298867773736624939229122624
319 466433126685500520424802940338534025082735804311789974974541877508076073818963902480754712788488511501150003745903529228855764217342771764726043746651209386642850779233717756933876126560261433209730540846788286062730572458966949021601021450648380614500192316771550740097790893871672989310164339295180672
320 4275421904670348768109863618688644230902412042891378514424685061997066609314843674220117228513232711156764253011655336723212369849519559711831506088891765668473627045920527284978931784047454694814202422187444545894052074117714732277982202460504039001870689444177053877124236552660361140559486534568846324
321 39189970990422662481724563561029802213595098086206412604009623405795343834352708478727394592592618901596197979837127391920111791490213661811914342126518255080948698123617277910311079797348908260928042987013840696276220925477635323325499754679014047562446576077548676808503564474267647151837500634043087920
322 359233838956747199444038006995715451899371960670841815878043606744847584935735671745891815703449610846352507848755407879827597261682778200705783502258341161060143128522720851398269243870309669898157070827957067068765275067643728795164104139526500472800450390099972645074867706207474515585223051203484671968
323 3292955265395519231378723263103480415003317185127995783961179154723470052647896230534868570906143346862961675366502193806058222343379153524566268522804979324144477241551926201047201170730011740539124510155579334087460368621247179169751166972246967558833440525138007774623804339093463971559647228106308036512
324 30185660102858780981273160876187997921784497991251461712266223900971961740190961486599271898394569539923947638475512929455936559504120907401242850128915098459129484972350060060400513673965973016775079529588543530902599249960753066676972740942603296415410489307993820448043835939024036136912624177341309849248
325 276708016095019159817828156500601312627626111385310981444442505210092809017986097327094783918439331263692361272659437569539236948980335515946521848904947622834397617567792520436298552290458078853032399222083887786519601040902895846499389606985824981309726192836054649682671396303834798376642498886575404530176
326 2536582442473483820822491717663895093734388516545516420907251433938139294673102637632315147435113670262719978815666549806702141436930303399389692431176974314850238889396740617966336219874536278078817720818007291790526147489580278608904947558651203516655139994562991426429286686665044473102501913930248019911232
327 23253180561376314250325797951529477042428593289574335584605951801930382033683934495070410756895865184493174743023703985848352603703120830256313637580989803760148289902024381971256239815824287253812156266876559405230351193159410695627181429533080995176331766823613516082358801749824148596856080277825487523694272
328 213167920552127617314119633657082184519208043494537846597137846167180689425830921809597851109930921729322327576983118284621725803414252982088545773599963698547650903472104493860218176446956608988568759186004511442215088318740328151274652632082417198627982616875324038920676902722937247951664122539224481967038432
329 1954192756405874926634884907367779564667550038731757010104478541689204601239030228506398172113948623798522884728106116040626188780942972998317939840289194108366735500263158313730635329234307874957152857617885766244278989184288579012484499596721539159443153430391756206028615634585530258835852612151441704549320896
330 17915089348539590186424077447408317541222710315777907698416398351266980022963597347266761530793438885727096979076572554657245989994506014614026156620225403670710012543777505798588259859287882202410731088467537652813457465195343670078892620022509529588820674877670067253414556218563481931330193533064391421556629760
331 164239097591260567594393467014188447609596678162528492889182355231598853411129907064128360094337919699923703838513261840046578139806917331271839676176544909096327740410959174789334172003628416806268327435352186036721263684075638191873998902463192287392044187573472947182545611866411325350466539078800172047588871936
332 1505705642796359355869111356201879932556091772987910390814403232113265777669367923144591664904439023368000069365298394172815041467155162701166914511647092478380080153313579043518401599896621222205312676081140699153396098781262280569290107236908214289056116699130151061877329833463070022512023285362543928676803558784
333 13804145431776899994768252236911950619171721489881722681622495053682431468392049116478014736675376591286707029520836132881072011783056767078828423426495336749762519353546801641324866741088793155226247123688450013800487790416122813913940548918363489226402402999646529033544830964587590326007330826246984777476726176512
334 126556617541287385341964036766379784832187931462988807052775726873632892744916150121271676170099229030281300313401392502147437806520129010458797583590538710928987630076968511301936155960468665827420975758099591928408573976098554829040048936887535358497287123277414685941277271540961814626283334258027765842626294525312
335 1160288643205718024256295922773071267406150442813522839065300122950178229669606817158297900133637417670838795073824890747451949921080419209985149916351849857551895706414430179226217655175417288161604357862037232346170526866602066461643619037906633512196753662910563203433981623230418962978141137142057263097162209289856
336 10637829824054505639430108754137373806411009282457625596689166883220346381363267166990639580771265693066777151979196760629224804461709470668137992608475051281251487092716634480431342534836343040329681611636094679556041100558643130227425077641118281151095004717407418971957715773571054023068362882804524307087018844728704
337 97531704838918855474132680257995678216101479543086740568313315415510073944895111660225964075020795154303221796588287973824091628823800083684931265392294732321278584921253580305264371656140947186268489041421983828800803893644482125615821481616316573509331364726872610056942121063828633795658833199486540276709067405369920
338 894219916831024120197887416430929277036180947020042715248989349263511458280127269910785437987226545141822509473657669406199483012976555541616216110014106820480742063822152780470474807450806844276527211562148486821785731154082425212475850120520992167283259915772299765944103839884342985970152889301127477372731348626828480
339 8198767546430984266503988573185297118427673694755465035437223026878731141592606439928340183226153927239779276402917924169308750248440993633658833312193983075346620281659453608639500529428298450944759739702400759322764667329268129491664117273741719598544029647115087194100320476859615568487499110815013926054983295192881024
340 75172412152032337631895473654959575684278799227117103992487260488298093061120317205002722575228311788807181330842901835199288642037192647081286160517503510615238076745084916967075765559227600020681008523843284853586488302732998683030750556121660334086457814473573079922959240107989681653594244612308763060142782578326441152
341 689245665858256065331977511597095998636767383885062362118330809056360112507500225153223922909139846473194051418162322343054561378202699538638498128730048026015641112612214226286937437272127197726445533349167083658421867067881612546410254631861858136614837796987577747941173944832877119217691126122263257519589406919011565952
342 6319681818691950321501601753014795160115807291897677566903877225902825487821401098611538757017334353458622232062424315403200313828383477561477643058273152147217918697217165981769094493610934830085775066404440996901917938013540301100118956265345131876982634948728419408856852313179818559097448551747546154996210242475493572864
343 57945799751878702865118410546449940195402480637851945918701331542446654921267807226184624525951513839302136497935454034256473217396917326314350736713732423075247546848118831816176958917202906856247469951427514932405698573134136817505716389903125886280798064930174580556794189463739159318221013312944243323312858168503808125440
344 531317665466209944405705242590013450619813515940072737004405281616999914533871913784698922536474295570381564414107155757435220730927106897305590497218255656339821004052259073150616514138250713804116600904770006482845429280147308920053473411680976004865956265626901705396283475061845754776923740044567542806714381332341604898880
345 4871829315353709715934791356343200814637121184035463902566674940646376991750224357318906440319380373033569301603802253082017077537051178983947931059756485434335135681444100221945545580642846502522312730835483481199497426822345702921696056335679708272991169541426789382158206247886638725044828123493422834166050287133726391539200
346 44671995739086521444773188682041074717794469170956744807889412241868585772946782954183675160099311063853381053563956472926859740755088817648445683334215333450337174481917953947748990511595949081752981925081391951097331806598403534880629352189706931564265016551177118724593584304199702224534930769945765103144475971633229556241024
347 409622776057456772701335992039154751997463663644870721920529605721412983216380262693820951307610475388711538016509630831241608485221118825246661027630969800223676053336950938699640743288818596180199559118749920512944425573459822850793183734404746391826954935998173601806239296679626425691092197598123234594271232962122899586272768
348 3756109607209246553133206069956122502807323873811563809150411724765447147230930267411136833243201918295174929137784785753710763843645333465830917343391117374104341652561029559859293757769907901435623820513284086521200306111603180498670028570175154348654515230725863923675607152151548560968606693008746901952828917277899579462391424
349 34442748889530868188032346623705246029272816171170981883960830463841537820182181927204059304833863547026438657347102573088532069945050515446612323268064195515616114029994954333911755754787465646919694183226289359932262236660007173450348902039834927461101064942470620106318372205706784815566300202176921309852165845588726015929964544
350 315836785549752016566489662413699567223452341997163810832330988173156473066936559254031188489375012319264659586626621510080569787758197484308357202476828578400181146577402403504120589918134799045474512944487681409310191108784406243760915742985738046766145397454070674404008380931386574606195206248651625512085452579459830634352165888
351 2896229301690321715575848158064418508916872814714474861014356738789632722019567311013585491847878561032673353386389485865374496815197264584272759174365189666622228912548469734907475682284299939419448867740875806974587442528297852160380134952697739299802720333427766564916815547637160208400013029687681933349800917418516270891535041280
352 26558801398626792995114187867393917375436717700265002394381192403708402247000604615927730241049726207326556833233824127267250395419472452760052971961087100514276593285847494894269267751220945259976505108411401131104433138024341151503877029842888103972145659823217238590018434370726457944947799109824123602466462920458716063098275744168
353 243550634784039043521728999432872994315263137306533667350037980387818240930068622508191139079239930534358456945740565735339239247128851852875838989576233936885896057882008696412243111176465006220424405341052930061005429218871527732425691259410366249139773538386162581958634961930219248905602401488404006218083652664050228657302124919648
354 2233445177202764920911457330866839634528376717707105170816976270842901577640278747937450776758183584213607987565701530049557831365799055210878861888889005285770587504818374335929328827822303880660119251033029562244451784065547552975242587340324073721382297831788272614714990429821676937857733124674052946404230591311774494728840830822432
355 20481725160602671634589573688356812979378315176280674513001024230856735267030536985719945669913883498728933594666430809863008187350041473524468251434667405456126235178699806753498925001728962658434589419925987277383546526061047349105205825709549670507712359498669505513447312880190821365488859853276426363622784710278790172469347707305792
356 187829130951117167696886221054686602590834388456149515266238481043465792871818887740076874778351205150987232212647450152811281489263232182900444099169080525966375811884942909042124118235194623447682317705472364787506935480291772693822275865553167494961502887364356912013872954161160663932868618972256378813772954172605257485088756938603040
357 1722520949077662798483012789606458046363719784908769406947324247974173717660825372731926095506901391481705589333882530251541255549532722293360951093377023780561271179600544643726446310869921610974688207670837250935520990289800348323915323447303423874490235512118814961914304491072371775023308660349623027144599827478079076991484266940003328
358 15796875498761638451492697379220803046466490498875915667030273432564968438302564083769898682519097216401316713581799141369002473043615696037758799581935853515708573584794491974062775486755727302839796415006565911285809105215637337151250779124877283868005664496018340737035863629792650552588006007814377019123707358492052998677730470114571712
359 144871504110315058596513545767006802694485407525191823178640109930878167371457404688350084625730949738940132027499550904881612775925706509816167418706437647520873542294043385666812190173843421456747866737691878365571177766160486485419297500170318355095321760021551274297608215751277036466478696117428012908941823975494833934178281176160522624
360 1328617001669303737835769112363372092478636365012921513808138504499097299455531534064926146105812145353119745062877635069007127343600799251840658223125299157096653735827080178523900605417447253821464140745817777364392669133597065029970091247097608254402014211103118872180207456700814336549845488163541511278935965181891762772359815375067290400
361 12184891785401121576742236168471525635879568655143537394629122530617558467372240856907930710881721711805620864344049736006331810778945280885555525425402400721529632678421843253506130182162350313498526719785742936744526939130378706116721368799809372790230795791208527274047079293881832442408141953269494615261386030468369165601527356622082875776
362 111750263058437259289001549842101804825525708313128734827782183748934868570758302191197746201914821716588557945696926829031474724696899654408392883643988072886106027620318101803294761369149597919171650139630558353133455426573942437025296490172240672984813875223448099279693204082347035166487946852171369745032953921692419460071567328482093288704
363 1024897445534105054557937478561059062010407644481219533976411370616961099058776270433925101080328110489511375142195397435083739316700385217755996201471830779709667627802501852519690366883743115202187205504675739202686198103812150021695210117654592911719438866064110254556164244681416217697730790881462321274625032654720826223034139153688190222848
364 9399769820574374040885756361962098311699187683931406766068717853989905239640810961811768196201000372707576440071082788986139870599197438764530561097439464352839267706356592841370380739092432671107286789679847860583970922736363370438725998825426113815341075164317461092626229030188383029926113977977370241436546625920559739401667692932200788470976
365 86210259297408316059757890271002508581123587803606159588624580926628252213800143268290825920098726279141380287933243689469371126223332636116321321253878622867130449327351501516454228264304741509549014991878671490464491769183200546373261039617843604351885053262528994806100460296680496237032468249475233864464598324517224198567835323353155436854272
366 790688789332336566934879146818983480315149699704931872519938216953171936926631456777291477059265369983286767969067827644608537371558897145863423412932806285543708987113969174091622884230340941583526053139144227793828025934905353591210369653394686614616437642376392495136890157530396717551940835121426141929313546007341779893484704384299935966243200
367 7251988084455956916834922875964632385696424573862470769790813972241815523460612157469964599869872266040477009333495889490288205315465036316078011776012295455926304837011624500933948637058895203947522385835617318280410689434758770697925317842759133868834792722012020529380939823904057366648916728069768910554377838026055658983470847427934729968629504
368 66514055208144170570126109536335560404663780661468012578254275410693043191567815703143111983027401477879747531468990895916810956782946249205045783913147973157776216961747500003602410052272262899704789865408257598211820618236665310593470586140437269944358957411963252389997837733287217261486359096138302018700244873772538835294087474568704625866759280
369 610062863831185646341742612065786704655142626650701278583987420817987631537049824014652304524390182268848301978186251706766160547908434045192159774749466726942514422759819545603435994119060196146796458236116371112366397443986790270733967839396760437092113567427506094064142261979991811526331222207564264248933716583511873270247911237590945300744180160
370 5595521172844565270134865397525345184757609765116832129881871941069642526183401253603341915439726684602653553130498774609609773930973046244388441132742743378727981285132203417525216019394553741680696175272178800510316662502203863449007270791603209940273544666635318207271352134659778937180625373364112428274698350027852371033545981002498062531888171712
371 51322908901190968210985497089093511282002222051388481408535216062274525567093422743095323379336280335829610101407527912547802071680888869429814080817968527711037756666136676068118258220591851408420984141961781158899002478723547821520956326565770702741725293189935501465645529276186281967369878084603522176920701261116551820267612612921176776367511317120
372 470746092537851095211019335825264143223844359274532910105752045039144301712380490966223918093225901639475839060931440831252681446977605068869694955151494891327645947813138451801945994583319348014271015660376439239287827312138843193326814821757744517585357600800597064084147106546108344568258953337287054973946153197302507140682408699750905118495694524096
373 4317843514803210584749146448947597669657597975766612685988591784154839512490597557358050165152663297150264331594638942010232513057806872796133516618651615151028702421427832946866405061341123381182326062691752825816851065404007183267896083323521844794253067432350280740644965751384269769769421306032930736741282924205032443366387014879455462359348631994624
374 39605159186435854126072797382212803109900823699188514446514017531671449867175499218768772180870734118856573192168280681477094152179749888070601025839097459272645134426548500729534592472375779439575001710753599031718334589454588046588683814783243449558942196367577604029802404910026294869350760129464657109783134089815155198041158502367362462180355100369792
375 363279835288876626568398496324618484128344178795494812591826963019150645390832729185775888564904076630348309089269700875310081880796766157819103688320090205064977062139853028887466519485417279768056643188919260901712005818156598531443917510131191821047375290455043317402699966254589370025472719567788530692369070591195188554763951756145475078005164141935360
376 3332233761617305343960047098992174268089589047048193857554047734234234457425091410254439105037269084186216886043105194074362054712565846587219394425793192056888471464191809863224072281289127792664921503575478473596425912198517165985535745961221425878340030733733747952518968367808444294142106867907244135012534199247828851667394610330739169599611384775988256
377 30565692762297558963481981528689155788322884008128520331503600243281989233314535142665218561169931219091643374917903360134415788867031144723695909409168968214340615457792678941939410199776947114565100939659533318075868174328528231388400817701702584123278719784354794993839807302670731049269993145010900526094617077686327067214487718300021357727667649265170560
378 280373922063818808995817145338116285965687245995055400114216663143946877851684097420110373424877082190567232192347546583970977662406845852833105399015498326110357697219393578364453821024898460925562520439017154070056871164374145876605758338567753490920253092140424164893004099060545278579173430808294763094100355132361576926483287657576406921542368090702218112
379 2571849533282779127783332199979664301434545170616689902450320665762439144338474401947821429097011197818621456447028028563904746183980441726596870099240604685107146078030358890782733843823461824319872378631593933881395071921872079237774396149963805032877974268495953511098896106058408688444118813454489799063988101474179573735590358756670628891065197042866073344
380 23591634876515348079115192334602330629423869108935307617877747790988219037742289402972214670162854629971155763981800546932519929676638562625499603610774939837919034509664603982349596031060287487283487445505002775321599468964887864092559616699754223572783005520737294680701509943965839054904086521035965367787233576524099689767325458168640296756071118447286742976
381 216408860287906831750472564402092700674719516493017258432144700958692560741749108212411827285410859753826738584288937206280062233231623867992284714562449273763556912364413512603034629033511311153637889105546425522365339570926059499179973155659011009819943351346049641881574995305247425008112351546314393938038062209967359071869523893869163149479992979270050278144
382 1985164645070309616875568657019493854162812705889835964027832139423086247030718658249094007448926521968091418981365231274178768021623208953516047181095903314433244363871856643134572581962268054718432699975486964413210987915017158952939237136331253607532829751854297344254270141513291502219128998008345076939433310789840641046879283002289336656699239347151741172352
383 18210526283047638442788659092643973889497810645893672036172159761726154249713572915684994276229074223831748851081149469488393309593191080917739843920463214619215353582961649773164118042325610052037473566932703707371842913231653694258570912970883642524600618000024831697956539383611457840576957259240911224201127312299271140589399426440475104065838448370864122880768
384 167052473189032852369988504951123742929311737702467265117110003618622356709852543175944027215218112333427930534768889226140276295885743733081034183421159182614256321530135887415567455551004561393759314921070004838073879911384739679166645473666116270177943465418914593259799514847275464340747210223348075241795186697073041644075979633961538725475396623123557035562116
385 1532455057411191322515217765275982242154308610247755825188247862890521919178888574310783361528880262839532856176592796262367529647618814864417179512567475515712480181738786015635098963673181132344685053182876608110886364809655855556708835586805257004232508050698809833895848957265434289214730700310400835478963823028208801837684140323792284972506371415936549568469936
386 14058111555055160449760238196891506431824899781429093227182132040842167916053049690586003318918942509818805648435469783765043491658411937294055834027492942483387381497226645247765344909783372953910922797038644378711611430640700855198681276442839130125709036202503692342087805403887740265072581081227337588366636339164319247625721425525677527219161916947320674533094528
387 128964625816453194459004527364077444681710024938159528829748976695098935427956565132221155352787449171303212581869514395935261506352986377585095742457868076265012831322205834109990506638763499547993663875239674472877086914048695087352704062031219619191751778764297320451671705019470822299008160104914117517674262738962266296052681338748946585302296961360438798047699360
388 1183092157710191894583340548599087492699651266247014252158665582269166240385283416072897668032746777743702473760734922562556489755390072831622321242803268098917993225190013791441845010214811161237816309083983025122447460756091416442328164304010438976465053694286829085901741277678010453225848744843069375650437759513489626825628179482989435724524528951115704660839556480
389 10853526785249020587882385412882226524339656266238421867082724420807560530633247434295320530928656632027294559141335541569176805713049775288742750146717913141511337214591427748780321470368639866146086719141635142462157080291512754777935030482764783200819780002868029077781805200517175725971989626185390998384893305578557030470034503325106366548183605227993658845943173248
390 99569769211163349818554526604308478360070409247472186361234073633449196993860941537029629673595938124929606638969522300820075305327531831546478374281470195095985239124257738673157707460913012783537490617234040818580097207352892229923423404588759751437133046729246400212506176608984100406196068298485190824514300473249713944007598350182025607792587735811651775929332960256
391 913457630190520684823223085067857493253740981281676154719945639648755773842549001973173753258763757558832343034013614611299357941146830174543050593789997601642889004294568771629065507334291503525201072257403460740838471179427516447960577218607177048809225516684499843671832213652623704036520900553591697761449616316378391770927008782256571770405802715924194192515405722816
392 8380184543204481659112177598434432971442065541047840475539004067837599582080897736069707925467345918805338494479555976989964876221906575160028892114405512480602007009355293623253650498163763200591026420220025398957111575685546597946060113508774763241641589160558909872264024178541277965211809549446292022962432677239484773544867909006414425891479070189588072271619913936704
393 76881704400008293580423510671424326892562165758839990498085350056209469991416214480831732141793622792174562738485008984795811011416032637764955829777972718914196652543457614542340483559981206954672629424170432897730544222958102461891037841795134161256942857473204667032122727445149801945632730531479025962122837103391113561857432807970446174063893526103533269185884571559104
394 705336968378851805467433938900374219412613449638800325404684949733726727805129925526299918788143624026460261032462066565446333502408814233801685936470036780063999914249979487988461657991054742829652941853931250297585103193066465209167802095131457444552038957068030670242330491712952941393345890825041430999663927645759502863580348515613197301403112730972461723106505415358464
395 6471046096187875018241625009634201394563051086933022898197264059057846946876915645506771858648496910334333435162266877434918592424209879178676254438009359457771445666908056092567802386607653244954027086661896333970767978493722811386777857041340520165927377629010922013109681744239409296297174663380160297376609663080275228854430109124262596584576044258933764362689047027003392
396 59368560861523116476225519497175488558708867834221126748269216789007418396661911724388009476398103053536893031727843025897564352221916657479475916051327534231793831762414513776306165533230274521402968291660401109303988221734054583889543499892569157708076827333537908332428342079598163716650644631458630097326472140575273332386419270433806081474315392840701902641757898036923200
397 544681606228470346698138452902627249395857961483051430652314099652743765098197032753645008406941032072288747228320604769897429739790486127572430125046229154176209200631889450613745974173134173455940887673634310436127382074266620264739668167814667838884980024396603624395415783760208081186416490059544103797921219828395202293371336765555692633923599333535878174674302941669655040
398 4997272554181870467533173511105463114292683796710693801501190709914656246764359912113566135394006125186698554651470481362232756516773650289644556677311667061196389562007868435692909116487481126492786679660771312557180496623016932567573759763926815478463186987456586244711447018385571332747181922857546680371935531943037220347206830970156262022238926844388315708147372673982472960
399 45848748172519868485045700342313931279938766665467966187727117277212793330679224917136390921016388673754915766068881262861365626742702897870544649178431687715440513284256910315785218901664820416351951442182480457615854556511616911226369443162584078884103148007229794728945977991551521709826200450582132568700248599956246045407848703229571155671750417597740504307967628932923413120
400 420654971426069511347516673490473509165802848836832831102688266047692432122323470309622867433845422738395924733521897969022702729291360953810866531138190350611600614608927021859157198592778933536668321285348137215650145117033520942725618191279457779674265056059261963894690100309195860740538746116737071082185341410236527489994486188324447175595921523741666964574670049733644122112
401 3859478684101090729570278776927995893871205886887893988389068500230459656771779426523711660879210453980934997166305361142035231338179323229456514561160462425008137904279881207618299958970848042428110270645383217724225799503810255733486362355808926964398658495323180056962771633834441181251775287868583525148588514292641186129824648081012123499007446381475436156848015066573109223104
402 35410766240821193622514813227637670974104674018009853437206334783840710217299511438096806005138634102229702922189703110411052625114637989839737417313715674812022255675277312210847507879519118037121054487330277986978015447502646192461921684436411347274606496177229550770762487116206728687167589836956542510136546498028090535400311135106969312203984691502492399170097887509292529198784
403 324897252650979669077520220074663495394526583980811948551284278427095989034730664568312228541543511382632365493582797004255945668694365051016234447582714526297542201912048715972230945128889860437720248384750288332715817422521226066570173651551360098895282735083795426656695203222247441124824386983092706528950126769405436537766209541619509733273336611866097668900485465167117224057472
404 2980991723606424156092376431969539752023786147749754333128524639667637469152122037893321308138983358559213329237990063192729534418952384953855061450906721064330915701247347000148831652947120121710671818743848207192032541997657727259856814503392306012365330943936993850927612566174827191263289722578124100248467435985977073207900160534414067055628630027418119371585550065625929322219584
405 27351396069757804135081524591282172405174624056835611636502152219919197667760092784762722862049461488685714029834180701846751630046011638873360277183459298699229351800286711915317250044668580318179863425516043349958866107239599985121917530409717878844588859335413845269382374458355697641138746210307844898859871334339161515350536246182875025580028708726893298462271973228382446989284992
406 250958669896978755011314176241313279277231505634082185401248735366077400185277169412055210889425009668174039610584079381722260415206396479403061934530370073302899229936221829868180694566456869954785561090067511693826248230022007025872717351620393253091540109753640232178212278328460906575853440402535421184484689619514017688769749466825511677285268285970756209764330325455164428905118464
407 2302654963529287209472873505351120517089099010903728308103572659314133450809880979725181333843421722708460518793534085953814539143321244388659264181791010449066389551158575128213892405858877115779068254812407093129274053617568730629020166061100198666710234229005722041615364592206945003511557425388267167193612841018991127384551679930339660134122666380122408147909203326348494138938333184
408 21128052534361048288323036277950433194203433412777987477966820673872628683134491845451208220742036113381814902172358193693680324313750607510767979503433087495735683006826730869066763189662387887054852473275219938994228756793426148819613459310773066032908195043136656265081064943432107395397651033054897085136796559683723273995087684835985496092749480585241687005026664154099835317777093184
409 193862579949680392403924449102691222339553742485034518393727946358119915510370661401614517329986651356046231163430937761916730141874583614332896300112983726826199998299037034966610386296881999855526779742200906579027198585014725132055573804686964692477330312373320296642788430542271873067031494973105642234197008859617251045230581288809450016092094035454743644829824452255625326422388886016
410 1778821655045740935396211357327289758039746479421558687130153524732815511541534224923655038862063796918411464230616924986600042514858280225160710591736737107335084648624212323014350422097805663196585005900293954847933302806575423355294178418125064387004386182950563369643740549943382524096878805118204620506815985300969149328340175537282693025919090610409734919448162194661095287825655316096
411 16322050163660602281097557429344310693129167956838164880508285361353525956584494813285352483363634122755519996264474565263065398766322008627522707525127253599391373312270321796493291140581239299109532543628684926854166213223800961474504464510287128765755559265968225935677314440413166112540409039132068753096345292109110249198796673681790212736290400669552205504010407591539196870049454766080
412 149768634623694439771706873984204470991363267371486765845057981377727735430519076256015704616103145357038178459507303502754549385943916975981232718472255710049489861325429074933390514052948565596951262189918076434604519998821841334128891449154675695409382380269710867519266195340143884575487859857538195174661559977775007295597977935663244272292885969029043877653227455685077316058674724919424
413 1374266233873993620896909914032409042352673004810560450357971618360554218282000640394942294567925665688911676208633279795512862634974529518619226635686563811207547761292542457326984014550104148464262443511981991681607165140292879543604574124129434454959830649152896040369841984599095929653267555274561237738302626416135970322502598230983769538977041312163878965857736680848566595682855438559744
414 12610279300830814890933985344860840547360573365015449668638256119298307966680289160745919115779659026516514905830719767343123559618913673296695168068087214245413708142460362415392609339919666095824726190237341318085781875269911765989969759464371410917336076371088491879247127633684067938760206602506607356324788057689306355611949861205389960333775888939087363510535534115359840807567039938142720
415 115713050153860373632808620358088412056365108246846648953167017254018921638800792099741706058557252251442122837582701944332535412392039905949908786404021130122274101237579160266829108457678597113346128057671358769303253628559617509067446432570088650486977680571286454204324981128402870485112249453718488260575004206229687674169767498748480260308344894435241454742114509016660814111958226396230400
416 1061802552763351740975078073894787532753890772596308526593918763211184821421717502521472248531917531133098606087951742255639180820765286864050705411502558173231105097444466933337584006526014329840327961472603829274021461185960805785920898639602718400937386057940416091623071260815804463024098242038229138749053126115785459328801075363551001439394688011184914821765424904866089752195171932955242912
417 9743364686647227275680498890727564885626386658672252039822253863187136522900896299624024775128540846925473666590950861411892201059828203373649055633533280228703910698360503791751839587294180185005905353236907335767758253654087476290825415804922303116642752672471450789904776099161310231704424716064802484407955935828760756169450133886266301499629996402672647879360937740438325528553977684773091008
418 89408313440307913817966962436377581483307917600012930817117563771212352316008686570275240222637632885673798871389503350499694102499936523512086241097720002138693232708771612346468926026447357156263934725018963570252092170057692923434032923906235763484856607322959830816977030057013232205806020233063294857477839802465218326656196100625455699945906569394818683098002004500215121792888394402510834880
419 820447092962532652027394121112586173424443516306079179656329819602742146732141559591947324106618183735339528933505249634729027244708522049589558476369368151611769509330689439499199572326555872815400506186062669433774537390797632742671914019555647163193064615642793920291964848578339386202896880587780530793752455326696589019435108155768673490298742051609294372070394256425739233106641564503031399808
420 7528821040895091964207454384874918682875363877169000486347313024730488276220654864100713836515892848865627221985656471674472693811845420210854661605610400771261934793432416647965497143180992475201362290538814309755629783725050233898619657793161510550398558586872115060027824917037916362049677066478326750444493033987832632478351885709724205853025481680079633871531987027301906104737016217380885872896
421 69088707128512710743052671553704002976918764282472007667670257748504242409059212345430570155154841808133199580849629916435546433184418128821121730045845576945732390975320191348397719230563209326670536238515369244226149887344351873171957754370581974973511272035407664355346813346830754235775091755797152958624532715488889147915824358004711666872052930162776037394693525004357508885138906850019119139200
422 634002306306580968713473708855823632911216323377066628067362337556396517970148704419444279477933993626795925948145091584007842993759415145722008103717363077942434304060487604615711713822471392181064649874719194920254329721338940948749255360735659460814875324378532818429227246068913169674977546835762648973112931497495571221385854226657203835083456254366737725620547566885685967211268488852215083488640
423 5818061031713454857336112378633356225353894017169636157564369548748617943833651855722910502464624065699265561081999517874097759256900543122819881029126841085319198867135702117419066503082656182892023705208631804929386241294412623570858586660056947678845918813179437691084516446970890776240865172357621813987295255382578698877433005125412762538834923489493556612301359513215460844590187825131147085262592
424 53391159598532137072527980806139717931363856869089434825026564268676871122075304441804565273047178067813612400277188571920700167727512095631213429716300609712715825533641009953145632165718315670721545107030168713795654869257106557399319027350870556021859998494735487702034571480492017660994788959322499950063482545174700694389247658470680451175881965486498016562677746933865091151180704324934082661912256
425 489963877049657072951174910244996375159309998492231794855596137016377385712450935911691392181149794339240442881804241453256388904739184599850634924457842015909394421586525725855744654938207638956066238580979128258210402193148840989688720530551859106252135671391829273933270330493882389856945774948247316295367489156641069800178184439958926133401421152608214055927561030887789029811536126263172218354110464
426 4496373536570432540670976886728993645586222362638689678329398638021893927565651025805986882470853876533573025719202865447419263062550005995472751296252241353820902347534185018477203158692551071635169665763232150850056830501718136571377065729220847504167193040322590451515356683515020175698643504283825035954739134970397864964048754543972781856056652426244240618033684679175264656399271316438356231476933120
427 41263332378158978079177006166451991973942764644260703589526244012925141500169436956176790054232438117775551726430931817854149571252074330661028612795397525410211232897718402462917934648566441019573271231124571045375124540825416682970599467080654922092346405119623176677159444143639439213860136444845657382651113507557680361434252644021745439106983091516950711825655330665674864796620050824245634529118756096
428 378677752510520724794353524575043184181670054774791482026782825949637917975723021506453761786149589451549738433261153717505115823649882699340038176371977818785949308979676127675671367404943542035523397938897284060387500017054085633605138995743536711685840501461894196572005558070456587789618732277553280749202380994509549158310571688455938864608316045291744285135183577703831618634339939054901199316498583936
429 3475192325732922441826791912697112767536822269395255568149028662083014987565176593060081604499624039795575576059065519315788166315211714063964488148266828716257789563243119341694374710032130636815718199025944040454038590695974583620032861204525620447427941982092502405397623194370425934923752117258308606083778925794715482026261110494396189663102961198231163307078201922955239541625386158385633421404123004160
430 31892711370574456221089930106055843004480945694176412213765310651073389293659981435137878663595212760546344636058925507915601709172328616098100247529409685524795097429744675294228244803251885639014632993504972830766367922576378967681929604574475864069604414530814526935731835446111876164962250937918768098159630620163980614078155875652863230006301476406903067489494402081220147566518843848726060841833167602176
431 292689786853985067290741053064767710848907546952790903212473733703539060527475870975572796059929429714592442431391934743274757681677871492592297948275193402907868789384296960975022807747056443512100040731993783428361731601276720845361091998469305248317912228155463129713944341752792473950326838612225829538989938138921561654810075891303573878385332234916473399841095023417297763437222702458005656307612167376896
432 2686131103844360494768028649579062752880314348161277445228760187070568483145779813403795430388023918799979141406534030916250928601650550103611906335220690460875196007741123110348986535547173348056563141386166594914786969779449183480983348041363401964490533818012522225261469102547685110906451402345062824895935346207841417214397998187925940874994121537650641901879941919558701192464764574721463229284999636345472
433 24651896653164050972156940423859570230948442828146292425713453118161802052599137549090245224072551506957064122816444921887431305443039264636657080943994707457057689304368347408695475719087159569951972946358478427062299839187585531198213665582802659989389504795756927611212024977292812883422003653346275197424077650477219411955106082295980150824494520988553950690100448291619696268744478571425176097444326545026560
434 226243937292043837251183401351419288698165543105740163484664776355724700963162907893967031912988708069621872183939060621417062159809372778932094384433088689219987766262932913775189703020033508441158986281361851649018109248533583343599369712966256254398747344453408607058571865575987652784665202344830901813374648096029759203634569364101646365984102058381288909638703541933386646406246661862152328273653016311509760
435 2076380898674283572800797730433846342946808735920327590980981983464173943912763986006021468059386106953608261923034256456046031665912202319226028302454195137276664119572651071176779657603139983017583903904883125376554893469758205581557461024435235696885444148655587778435324788779127752551265554198251769957363632364877984795988156368701849169817484504415244969684208154273957849308024673391343480272803188043042304
436 19056386258272764112031006045544347203969118530283901934680309930871700641508974541725711344959379528368878829055494945411353150418229984855505252128643649361550723749783542499297080775961424489401057877427637195954861026791957022213422589529684151444880804526674546705349496599772575699982257257911218552908541635807002332175436568261423712453067245026246666375202669254843635847326664390448863396555707134649195648
437 174895042955780638337788886868174716024259374353371905183413626765177022409665688261803919433408297688439234126167668265492215531190457508872763065654230288055493076258997303090500416946103198797020391179311805772570716724061365675871658100840969437986195798266884365148810261669430631447567503701409883088771717104465199338734808762611314788499163602176240856675275573846738714734251545391137316891518226350322511872
438 1605158302868785290090735024305827861771401352178289878996218280228102742997984844822443298884258185985645670270409379004234184276597718733304148059290717084573266312143025394766639370371568323095884469015309957614427524235070532388529954331523976650015912343276165559601088177151779200728454073131716094303601629174913700702103289824313141648238844974572021273177667889988790942228599307780803482951022564839383262976
439 14731997576891299771948964934153904742784761906569955927042400719051038980935952510488815484498071765702122698302382102067899328773024999780518570693203119613286440775436006617174306862466151867123671475119804523818232340593712824663579194063008668494300258601176801950328137241600542499947098592570919017617310677594259409159367285479552427721341366973506044221655757336223257000376594894683903005968504545770368418816
440 135209993699323092864585489714924372078050114046754269282770513179671217536196214696902812296379995270686610776220336301907212357533159570964374964219928784418243140642341727295178345662333669728803237904122291198913245379205585971399093645889517549495002074475687057604192740493656423125851103769232938456147117007132796755363798952934400179891175564947172329177378284264260632324199460943253686522310343992567323399168
441 1240964379072312409737285401268909422726355075047038604240790124825086428685567449731576193934689418074760780314936126890809008586989170968369304700516826011072036968801502218849479739240569665021411283559543124758123973654021887666022610817401361267814207877051544333232598103759798257111353184506915413132108497540452941972365788687286849290969581944780408311574757718982745557192567547539738883210108819121375688837120
442 11389723799716538217982740263314985201039394829036822009068487709529090218263948327346811760878868305527866282980458786575330106762573371781163993611716101273732554296945880129966320776215951174795198200757456230558138646142025493795692944041381645508809279555056654493017645421012033248037133965972119702736064310404576079892193635327935361352975111651402185409538978529507685165912036541174653498660777342670860389957376
443 104537090458257780039155646255447101297583954460410473682937207017020744202159572372095149822155035721625645168419039488424634870221176766177988099555670712378862718709610463907784784276997428114982232165580921459813926417963002009397331221034485947516111677866263951709853635586819925375043572382471386880186079587716918635268257968109732979905314522096414399332600029127291003493771020733384655659227155694606680738151424
444 959469000981600450354763294319323650309829830974613853088913659775561773520881448851150723939345027156233139469988044861816178656692877752160955057893444911778066804230198119220759974038665238401124278568546153489207766038194126677377184254839875301147775439070519047573246828374968629315701396688989834876716032655288380216367213943504138179778160191365068284417691886392299350519571242637522834751621894465521566052112896
445 8806326763720603816488747071413275606138351608289734965330427789522692147566381787262985268122931380410038705085642383656457870897619884797042385246245703557134910513449568451720065208945545362730864226263265758867586577801425292714109074727605600207369707280363225109698570360184231171383270174033245135836397948179423444549202279824196779000968791133146225432576087425584477967017174059174251950801219956273056082223751168
446 80828019643420256893535249928772649543497001586139676140411741146623377246615737405616241989826518022203659388824198336242349381757600986479378579970404601632379487892385106471399728856683310638301007813971278740633457170798573054147368298692346405652061687540463565376874093001585501352907427798780882412649429391601458433996132239687840741354879683025782459425956601060137203886463176609851845048218466935822750371322100224
447 741877773054040824784429348284997013012784008846338085180372734733323676294421216420402072274968077925610527171728934646129501244237787300898593238100349025475514169583097167154527118948985376833767805722360896553679681607812284370446993308152024164886731688954797958168976218163340884758650729851071536005114448300297416571508619361403026412113085675981599634839242987480673772561221726209039651873172988937688806788895531520
448 6809356083031492835877421450635657397869669752685556982895703325050157512783588608605050868275258888519726227555116319591646518097859310014378162695958434365317360554413400340106057020801576631433356470631494175586414599512458760073383081670547749445505984573336606230411908222002405292679595456134299511235864192975874448953572079748783543201492004364173851332700898239953784889613677122278037707790084399384691704358437643640
449 62500426520264934715958275722681511027026149135990819061875814696164606153873761938049054989959463393685432171888268752958508131020665100284033412189547677420403725744569260092004196636376993684730373531554110152545543716038291294370709230029918135975590611525831840819338595087003540695344774158683449425795897286376076341416745788909133103117996879988184881904979141858167455567630580001959291106650779875441264243051491897504
450 573671338245059849709647353604188664799637320590472945321072788541555368343903536553584570019847007158346697173633693337078414640865579510529140057868833385923518688376101713494778423847833125502092284868427269736248093311952092887822499183713680157585345490230339644822216922603783069249204193192052943185771661625426360630161807844520086904533999783591136003600541928349747767948929895561837955312370328815377387164897703836256
451 5265583988856970111998215200404906017775582206745375480862543091159250319948782280214548966974608109038340594191055672511742535802909402111732288677404720573005235984609219309613313556258613887588298168556642737335329827174329968323683270181594090577210512123949199182824805468494780602182002560673839361052225214885569132719643566601139687073687090402285956206812446202205227548603110894289025937381629708857537135602236888895680
452 48331819326775438172470864152256574762334065909982522792605854782329110477287260889514092165215629738907605658063952022172760889246952497007787408578881808145664391393378676089011605702778160795942026542283705373416523376988891052974741139654701519329459879508841254050488569274218673017830349723041611401953453937989449802811383618912912482845325009883235037512335169882923657512139369738432731934963892896755040492036733832100960
453 443632071327470868672295736146416671964186238287498286680321058130287901200085648655167317618598189888194950582328063923133988520568337967741195639548986107363695056416148776740701428944017946852975505589437012562028444800034605916878826704569187290432385926932740082366812866925955451021919015399243138698104243962229489079725524811675350540069049920553042652482359339625942723230555126777399169038721393977495558773165809000766720
454 4072076281520350785950454750772176517827057279624214031446022671676810966498753776804150905385576580076643378363916192585694834744208086687417960210075687013810036504824039714530882344676754597198814764529703586491680666270551405408494833095100843443355433233789838446770436422944232905183250401684131515930762834643473614450249236980269092001902212580093086476564175779738257169000907335728062972598506123054668802598458317675864640
455 37377654004602988531598074003966136254460790627671739049387942515618105864374041136790383865645792819941086325902481578715799783070348234893630797663741266427170360543441152883917133055615905427301140014912426272080860496669591790663226112710448010177998330892506992460126146589271031275864182880619779214440532960565290613713599355436845583561264075566510288839233563649378013786681677257672382470747981007605295967851764135349572224
456 343092579214168762133217562083117174177982704592801873874955208799408908409984718355113693436689035212404831810114837092335503146947077563668127060692454760760817549199092416007363322045356428484227703260663476562714804467490682641840519161261860812974331212748268562428457564156619563629222011532811489050619086059078870846343635860016968857390963490996239944278631135900953795784224348460526348474100335068096577881423593821791334688
457 3149297922997041814278642185377114065099642468108008727752554814543543355812585289353241711384495032780710692439121804527475781388389567245709047969084720662302881350916191397277398487986971003083452438121483056194411460801033154108713752021816480494372858059914423831714287524881938952259270817258493606809049160543232782466063379704372543690816439702075105735586762310187546762546869260104144046080118467959829811958976783877808226176
458 28908082923918245474934759100869539024022995426580419834905623842559192504473419109574705628235031287047726806624939345011151397036130950824599729803978340325229127970054959744596685341051211683788177250605496215851948104223612027555530162605446066510741380149027980835672419404784105766948901109259029842672318993011440350027635653578130694954723329256912382880011359300563011365589140994982182213076939672036464188828276683747204871168
459 265355410014333233008600927099228354833050470835848645218566509925804410304735541851081231007693293702239318017229180935157713375949165769922347129148604285800180538053544889058983566173529227488682242311705965728114213921943617123869767321819388206958822564306185809821072184993229780244282015604724440328976800699312588089891107147918302399568294085289040280267973104393126648050325905604239230274085545496454783715956414294283114967040
460 2435789179092093428287099725046634564109320624600996415719512115438848341859589698075312805516837217917745746464436447350353177226574544485612753414983312686929305454933369207901598079455643840081338733437886897579756429416957495930655415488839963034627936044100632515105736315152779301486003310858488798065513594201747069722747403883279983567545999651170372397877247242450884958953199238373199741479704105659492903715155996919234178954944
461 22359110882293019204501707377147549509729850655035754396241798760152991507431140091726761968567553439545128930485310848592107666044907071944662820969975941885564146608616192977253308028474157275275825400654593023575931126751625932459860463813243043380791958094392804734340130383372117276986186178601000749625613162615165570217675053703459985204754081827426258895177228719868319668808146742810634256610482473856245651835381800720370191123968
462 205244927052586804296316988582530934264026408442545534864026258094318054778241005116870475653506835334947062307874618025140672664925132044830407057145209483805930796039513844469538093713307731264121471837596743142536312103174484402935852250446192014785192298722613614607569673945986022936763085302920524360017627298893833449461675303012154523874239372126092662939183440081912224018940911057008005678374339141758443893211813625795279876596608
463 1884054187535096738928550212333118465722175580240815466765986962447325105675443749909974810248056861681923186052697006405767526929140247181953714964251932290004948659352634412662937754547688476520189859955875684564124345755663224114701870380042198981660879848039710590047552147203993430502659170101485827218815060799270588255905311431617818021591823722240053843707861056784994375032069560047040356882097182357682343453407529146587780006312704
464 17294873501111572112680419202526426675101154151301629485072119175072862843838404890230792567785974105354361717147368797633513720702446729679259408074377782070994599363978727411279936896612508408561605633768111190735770960982018339739999886525586310858284682666574662438311841469526783527179784280899400755772544215112641445062789019926908933743395091335957965719428025483527694031611470027081543212289253946296888153783911867090038136804699296
465 158761217125378640101383591684767468934341301311987937800982835907159156167522544929143309925145354582496054080886590959455233911457838025770044085939133287250219527303654716863089993130279521960458549849956579887943123649273469285772966753207230856063217591315081756407309700107990252607433371438381980068612717299319218033331517767904913030651116695112299414496461156822369282419549301043609063439086358616978968434654899153250253051657135232
466 1457385573205971127413558531306754699870536075597337124042391775336373475681177554558558575362632399832182830063034300156488586953412815589297767673624960490510112479225603378067508179057328703735509777095234270081282152384300936562242683146406235452822479182107977175731788101422911170914385420826487159506808619546191976443284278577213259878703991682967892131519473584981270220828536901241454307376578385788709468645582996369798352155812126720
467 13378502865414279981912649593609638239096154468277060221843797532548653871690797864870504148747175344387691473152665679436544947894160005669074467887974707750747587401202641368665348471923019291550744358777693328379639652220211367483248590348899379068497919227487835065924897349047041620092475925794370189406606486401712714942950590599992477294776360264656740499905551886310763023953397550231681934964132325945761846310575588541105944452216296704
468 122812778412450067739734763853622453342062944248253630727608143043811438906760207377600127696982954657728390756814098076537727928158618950102344779308521684118863830879833928382682056517795668758000731119798966044756260565386148512951631760270869069969094553219723150942623475382941507434249982406434654082359065987777638362988855601305268439371697198192783933365694766091154644868364354681284389573495423639443607766453047193056563691206124952832
469 1127411797545092562858604388979895686813371649257531802896437533682124942425291959937667250030059984539942013260719867190990837406596656428501534405096643739822957124308882462026036574743802355324194044264942047929456387062218884854525946913402610932778872690791462414177967881371297091864675517524693393730614308125114968093415644351166372632256717655955301861033183687552282251144846484571978578228595755692252860213951244646904650116072203138048
470 10349623679607289381832848903390719067232609280628206648357525882441125822422954048585995651755978231239462132314683981728622252613656930679714768687556320934304290218588662353642852953166542921719672849074480613515245321791530466686160900975593279312316633429912519049957214644430068320277244738849148573158471762245182427168240053941836852609943455265835510322438140488139796978752191173363314688986929297187726336457886550285244523939467380662272
471 95010038724914874641709274156406179609953517297141406116251554664019983044480268073471579646280893461525248849204343120722057690300991452272109695949970278873739237094377616519048273072474147245670004737006808907905714376689577520757392029058223822594192834887414032695204895699488184061438866117517547911962554061494651262794941196071154808634266864529061562828477722299720549162842866167713684999427936375917235576967501123318292951792676572864512
472 872202589017630958740495682109816901341598424803323591231692921249736902424256181869622794143352580941899322130842809508782645522166731147638871808693534698031573211526663463625326796743172704025412244025625363319258929796231272281263741397617244730262359680134863055388280109937601000487240976132743276643163165215607915808897410089338142038875793299619161418098820401609564378322897819791112051869585764256095907847809974354142619771616853433676608
473 8006969523567718705522514725609088875967202344976137891664762249638657449811882224341933492430904728555107406675860075813094024850951247783055842841177486645932846191422551809461666766325527094498163816896845550720461170380987382725010050168658134477787474247736127541816244504750600680773306843559218166281675993352484424692058099663849051818644896979884724375625712097760592591611705559295318277235971685596780892273392017640785980469753918296164096
474 73505848429159886026405479797046541178693124921000146492560128252346825735606969405243100524501611679826988053660093591078659038234714744162991707741999142866013743311055127855306198490346089629446181552245573705945621533163317249836633089617858698837016974138300524288250747258226297296818885303273229505801800704578931015253646603861686848309636231058448852175471280643233444283124148355095088497845330401039112809476627555244366096148499561896303360
475 674805349694615432357951996473820984346806805020866596382307159279528340462023423400744453317524224065826984745363336158005493287104862368359981275501115206465427044129509117229940330602355097386532736813130479664600873006618729466474052159993774752279317010218760724170829161243663657203654403228365433525499574500667357647487389981098446711377011493581571053831957101870410038293508260508232364964429668886187462147874249733895977681421792076799325184
476 6194953200046067202782002121000042080082798278279728867346464899702982420832328933703621885368521498216470008467557468017901793403611335515920200968702592860958785903472743314133526143088848862169132081922917049904160059182371394197755998705287348997815514190471513509460379913831865252102953478301696586403811828436178632017829808405839044454939582868294128318985937749233762123255120984037355306433164823168517590825866169538352184969319141584134307712
477 56872251446103930489411247792753742225151028163469171378010622061402148682498076383354951548929677879683131125549434909926850916216610390635441113222950709408191532167850630074193042770563781532241155122494369211648639373020875588749124946959621532301973682350403529405895118198533966441745189253914794356757522794238497446643643871066903332372824425962429088115410755644001715999995134586768833499491126583691918507750895954870929553472546164128138003456
478 522114409734314172410068757362045931371361840680357546718689066026612025128100729534285364318393090867429374259991011091383771060298134822291430218496225089856011693316448028145801389660722283874948247118217997569231587117238958744077651599677588079665838348499495107624928230441383630039349128607704310847084579457813598974836439161717158737551565484659333594306374844500429264767866834321066249170973291496560549805522728404493818232934664723032460503808
479 4793290958231639787733054037420818352263610362053518692933348878298607906746880906292467610710328818375308465129162857819360075429689606979170428058396682576412281963885578784655538923034973779792120182719795404824545105198418401583602952890483973255354950881337208755441974693654868588961587499616759649658849513941243762507810055208801699880998251365607789916873322257976871189482279666302998751379469336250508723087408412000304407968208326910640155614720
480 44005275791697113184471721175738160591401655731945397209502856998798522486261297321689061261087967528133754560486650194546011195165495940802125607291007773779303535472749989395852659565027364929655523246403871321360809351806622266396614291608908654327313890147885979302447853351719382701454448951671587137743078580318986138266635421371587258468141683460143228400912472182821673894480654452748860519628904144272713888392748960730404893998532442699879157592720
481 403997365596337034972479529330713037346122982655105476280427288656171652151283586427843705827609748362016507586119851849541229679746511568055226941918294797316629401363981338239549673633555367844906185720235379720095618082531891938435600797468671943246746895458230132470175151245989829329681493942641942742439587193447832833140897378534072257255250340959901527705555139303770895291243787485678728128682540033218585840791817631321380035066084081777188878858304
482 3708985522823425750620960311655009280045826981249480459273802596157969390233383615019107434972320620585425941639195825624518273542781156810759001509715852419822645518386074450419805658535195231565392221900030114890208557222529119420679329651749497460857278707812004097761802670472558709011518186304371532883638448503477770852207438447667965864481860946432693336689640568890487234738551177513225213487864216079267633189453238169721109512198582040910398797811264
483 34051366925505852470876388025842821322357496342217420314806470883269532168155269044936032441926879097271250647966690325176174834192662151218428281566971312733773311907449992711201073491742297056349577971250943355851464989714700472885284667625952324947551339293078818370042106695887821666833047532828622417699583454278592892368794222601714571649555230313212791853481987544793005410938737176068896147354901505420167847336200374342856944534229576805626455279233408
484 312619999855496235989785612418267191159420094196762292937775833372969951383036612419910107718084187475098878625678696044995761629713684083562787766603840108682788690988898861865127406592426704717688081347913856885552459405332204264260112109978677760201500942802914755896617886208037384862058589504071028198124343535040278370721262785351974137118800343201152356324176937591851089800973663372061470744006216699942143079504807182954582719990019539649399752394990272
485 2870131206719681271855593253366931623680515262080630073907754913182973351307731423779205031941164055524036035130891438705309727484983024826845525580539568072638808798021257052465468396741948858616903650592568205092200907186975641058732461457122457819088122722164793484982708228472114285183451154951626639416263327121506389309425622685286753373996903360547349140295888601275355082482716988927524355705179416259986275179594602659102327006909115516854026790016725760
486 26350539760059046598945900237251839151458207641891723900288745998739482769260947662004303861041164893090757376046832679438343338095467301135366829240699827143110474183510875256937175184344516438212525360535555609403057234203148051029962309040677816441679455043765274429604035751082091725257171438889307683620716282181728414277119111303817557920270334422370937480987548003756326468935089708040592796902110713869994559516956486616358890176817739923847946079963744128
487 241924605668512623010036549274959017405567577477855714493264778964049421528797369565375706552263140221792321730714915001254681200130132082755327397247957511381069987675380656694330850215921447566614976595650262164897769953292899945893922231251591906891567223537312754919721391837269117697630427132861853736384527579640127915713206751832513607949328502404605399366501408842187449246132572638206176974824179260954044948791683000771826748141384129951136718614825266432
488 2221126624248310871288658683193519047082484217068182499390059597692632093030819052208030803272980180333202550407249855320499347759959572389937231440413165957214214029320691163891607634578439916607391434477296562435691454079708904592343682654946863530310543748688014517287396722936666256155813697827948705480312595728296045979710924296764517199403351028041097021577883740226846836623831559179035753018437508087030663697389856746745643959449646264129411094967067845312
489 20392446554486149652729938699371945059959143572742125049988270400077701766578793903907682046538165229680409586577704142001179564373341943891780421234840876986177989471599234432165138672751864013216899680977426352587306665275269495289980489407515006576506720554042420741716348910322767666206503376295650462005049250694370562685129342602165624344188808195302075633259740838593343745015458716299261238627782932195813844548506446162086903103497191787414052388839583085824
490 187226826064751769570122854406218728433896802212453068005151471747145503903256516676909195372469900000649229747248737574601589943965023556046046035524885898994841209263231246242055891981468586362661696300550691961080666901864157997506844782021498605425062068253653414640440481678673648152985003916673248709356241738809313631864265216459356561083860379206121521912147869867257214540601345612871863695068587153791873798456675138110796159708282902568033708032316860152320
491 1718974893710605437826596425199587391902728491281872007414506562207608589650853356208604314594174219378787765501510230045579928119581460566214280394333883822386033928850537260186693037920409843693781480423340491133821043476853716915716199206038011981271258827977921578155474420970252332943146675683463664255020712725994810620203243804470313496958744713322295108618967565599889800189015692759334574225583347470221416413046956834875269822764732705868635190157789832048128
492 15782423671915926954792196421893253477641003381396561028347329760793690759653712834593404329985352764926161151875095386083686967365780504574532695763127658592158935976900892502692696191539990141115148288784304856168381701607697475954054320410369421159004193804346214674258838726862247795569793067699173108949866255830345461552994780739062155005271025874954566546723216624266293036962529457516918290288368693617657852948583263581971957267230314530510297407436872001248896
493 144904060649969807474399244737352180254799021066243941431267060374982789641471280415773582164770274203881232983819766971478210821737186563892402388923387184879555679097561567217766521232199884213072820923439108473342320472292665747565178338795735177281411439280070617221859176239589642412163396243738063456128882843721120005502880064841134220695364875764917243815792823255662124308086126483425082843340566815040388110692812504357659307053270953119327452896950099092484608
494 1330424082210492933621201888763381094596386876722604532047706338953575927017250560530228314574218949001466556489742801712996836339836619602127396197907279120484861782914160460034949441707026587860647836387978472720302164787686366890420807579650196622036750649753394121890220912373079515056066108015785944799091050097444775542799548495879066802874772980635513675903960391578323810660288292539306330376186637192227737165854940053984513082261305174255155911439361271942901504
495 12215248646944118794287597356181700601252314451548128608065655251873340115330488004408169400885514506657433082496680914265396634934723120591138872019811234767161516132907683845152148592695188740018924680405056587544939424972046881426321649061064444587723068030113678969546440841746320771819569606032859987868231134701128372664540986410293490569808375691541536402995641960956403066541688808944063508802791742488124234840696526247171327224402579927177927870012387060741875200
496 112154624983750756559126045421316282551077606095661552242175989644077477957812131100180200611136386680056967905863214830849638822686638134059161762991317293133866125795859310742389534189830616551353637767292430341638327166977022153059248320558425402418741197002590058748765187448617472693864666386942527355775073214348043426491165570468450821752984544827479814879787025645032819619727115957237304751463799779899801106594732488605908444662403915178215361269069929035569385440
497 1029756908849915920506266898740525122315575375974912127794687845596544676081805976365153808877834608512806340613253782933497455839237317906502762711715734692775271341858062964045482732285508767824435061097538342350289842727354032420596144185958838074491367277032455931934782864252034028705347061061659000212405183312742362392525177902662498985797922008111522119248061059633975813311600998708830514875127459072636121629670771841508058656122785239641361828587926335330233086848
498 9454855190302150774095952146803112543170013318486450280322860844394294726197613644385700960889291410043235179471428146606501067410560012232213312847900196616595949223811012357737932338692168544447915632217429597377385523501981033381317755726501043299979543351261684337461012207958465009860986139762640132218916465967963470040881204882035520380571870369282176768831557718982803939193951405164491765764711230745762541257060352577572288923696244963481034805609502184085386324352
499 86811583590716327755175866197487311332731531158014326362989793307187874558628150576141549142634781295429953353404410226321842111033402130102124062979533038639314513102224309409930211332478691504000197355024719914516842629415829352800644236491679958824562495915545062114340154592952405952267242158830177986631396200844383119736115399782371967572085194911668546051771281865539488862314818889252960310021336978125649234821475177265813935499753546985096870521947865138337425544448
500 797082170440562220076210534386481914106179094321447281720625882465459469502386208330264883546899275132926072413826738708147223553109427548625060115355655471677002032885518844400851571661170461141947243477881664439621924464676466930684203864262371217100565613018052072129879379805493464032734311139733206236715490974774583885651464342439328086054907095494283421882544472211735036331264122582842371931316107492983620008939476993755807155739615362239505400400483097683734833048448
501 7318652379544067538014502288962995591572219650306552026029402985314172288494001369513959815949979285123820680140346405832728793779531886825222513057790402103103558685089427798356049334329875379275222946670040843339190888358864221888392055936978517738972039565518633524641790802296978100691941735606239054492808984469209977960183804230861270385092536315156133511408040910163186487107107560445729659515611852931196400815990408907151424509411616556203985832820435508611808813357568
502 67198834822024362803624130871882696647402301507381433634810830121589042340460305084318290104168261324182920214156164156331748271923130187358132479639979890664022012284162420266623271758295924253173392614507498515182919261835552341112792705926546234679003397305817067007209429149470741942643096676103990650832501125882678309675269770561793848271682743991653882912600210343814788958404645567237528548085730412646482720784437225939159256335672545654148966218175635891745864858328832
503 617013908627131084772268558349187148251075633695198150966750969064871061483308648487522566190687733634539958333279589891069222714698264124223170904429566770779510792095970838846849071928270111120435005292417450872737972181235555097863958379756906909582696122832191707147660513881235201338080701021524903777768633470525296152674028356479459971815678239811742074967016906797227476164899285385734053621945125559014827953009785576379403421761303920469703970402182966803309925009174016
504 5665402146854446823826891706321129997712076307537897914462610921854400227444370635735351369766996092570897300768128348405693074354907171818128886709934875964243883106683696043104066663407744951256807110077249809575214026140361322920278469616374037393648871473509047423837991312861922837378984718012459380636135520770002385890102288466563253043054260968629365035384948097994454815417017616465993961354709312998182985192420147855656895281080819193333101548177541410552353737870309952
505 52019850423214686196608345276931512532987643013608490025958238263142520789241280822341736154924079749920974951275486188958781226074237287890016529996618367823896647382685208003871499505063452274602722189892064742122186596173335441383803715471194219321714269803664589500542939168365883219007070848210724128054856097287223154981273136203249166607743800479726938730757000939097954828284391155142511935026954925385944613781457450333571504556853347568602448671364271971977166993481472256
506 477650253650746725470208902138102469691550610787613160535808849205398380976316329791759926255907878188673415638681921541514326601412141390522365403505591346194919391695081866534172277239586712393766785404753354761809982967272542946568539958590430334356314431355504981574384973610799870795807025588276559190237441669593341224870637719131108506619598242922900516865491984494945143589050991139756212778381197716573475353274074199002613600133424035082580372672343168138434631539519168256
507 4385846962044420715461419184330626787931968041402255721832785808636721143731719478014616028521651395737425650718918838096179098363150249462979131748877180572183228892084788402611784664604979633429614209117421842667102167585652980906969083563105619780552750346437428742769411154637946897378289609974568650060621850503761443059963014391020102512441690304344263011800676697705300386552151793733674510214609058970733243427230908763816892977361046988575950734006578271821860517555191543296
508 40271654421908657619631256687574935874283873116356991904176695735454440624736403499435311767700317164749485198194755816678937596140375027032188414095634688252188945000923599118355031210949335947590887488648368716844365380397933426921864902384343298149034572280886393360538352931087607793434685177917183804083953565016953858879599346155781964339278383094473192963228131345307900725239002128452530327324911837892990559160594733813773835013075657817093597063210740527244041504075112475520
509 369783898355797130379471253956449992000170055883662450554085056408712004180050347775805886578656929366947215855221951788354816083977159524917266614778008641614692861740920483868357371385417982447978243111805773002388796589541400589181671993999488459115125245348904054416545035433468278296452996998568597841214784111849450801989115849484036116930979413369750699998712996498502915412276623965629881604249312697894290467606806683834468036363202274521009587437353575216870693281300736953856
510 3395463285923435029522540041813164498764726165105250818663981516619303246216580179666249968458196676422886040150089983711035342658673218576299783323878716943775474843830193918112537114208275174221039376534632748030533440628796779130351209469776256638295659014899633339306374839024695434438628574673940526120851750448305675190540264495947278526378686888934516222510485164197991020648170444139559858784308871508608572009290414223376706194710078320440073228073883085217924420534225321248000
511 31178311279815903148408235118901069303455628178011275801578576215356750297034880762438206359603046510067118719559743343229101843894186002999302068378837910385646444956951622109617301953970083775981194674359124325713890794701749276485476924277408936282145171857523360609814350755032878495016669644702345860923774002104649073668256353070745642455738255370642203923538359238212830306819098095271251694701371060214265908081011575352300686222848648903443291888938988113968356274936943817168384
512 286291619949247913589948817476001254006638253250768415711696135307421795114402476668277076611116936903887058836603653560910815782373143223134567074486000326021099478372593627979107534700929506506974690320196367708358130255737370575501459267097989105319908106429278032862716076212891398565711330968552321304931109218907893914178353197663005229274498701298195750579219886783176148940263632954282415643566144956373830705458301872578841490958139678914035391713584188460749616102060205293832867
513 2628858260950391661426141863357620719520715910163168382814640754624754507123897560711843786750150261757663990688552520329134456674003042135938767454383948975955884470787152463692701989925393906537051507412561294142600978216546866945302540602546529095197454735868609476635864654834833705598363956706837400629567490887898168509018947606819211372780725749242442947763780184539338225638511430401638328504080783002673957126518594638757545730482974486920638352338191621829722547845691139165698748
514 24139495216723700730227880043131770086476364234396184122465936171522299947477271262963224020130729089410945543465896862419491887428747045202677982841971531919616898465722155456405662827439322505306967652298348748172974284598066965595009201107625225811008150766554965314746930378838084560547576142561637340389146443056962496799048845301368560520113623682238273182296101852343950225544982031624904750830248324776655548922263486911787991307266229366600534965490094654451599518725187861008613164
515 221662213618178801237486530983592970410717426206842458118241794881508757174696973425418502554287874810232521912372380862504468831095929214423535704805545747903219251742206192023117469438177276763844755014802351930626084816659055668078446679456815786045020869975185868113041675183438013174016916609536650778075379054159434847537886051846525733972163377779916470615305540720512077803793761764542460537492302062057335639589449201867782175348418823091988750088089864523510137692045673494023459432
516 2035436726997740313685737125782777473918562734831449729765489162298331610226857839036040188012485418125749052529750001286715807280891274192699156591069551275434920157722189419034699185319016722849586820207654157974930361373248839567992931130568473388020079160987718068680425796820060580148276541241585498037585885142171224982586452792222906908355456351621575966598776969883425185982475808067358330209817735762903473225040872249713685086813990824529683969877677986031104640990962646165670935428
517 18690718494985236909512347863540597188405588400351129965336048956390469547250051880453205745893867409957066512599923802807013269325444947922078087425603055176189585727958802438171796187088863656984418858484511256838982045850202677615591389005853528759423429303289966460315380624806663713075819406408304487831903244301390790411123258506880054678486441388311254160575724109039565844252194397314629761896523666994352134723432525928868805914927412451611353733352309559568282328621792486914111916080
518 171631432146284474435523171662756322865846354628867801804648943308378309123462039488572554695691483490595714429178382040301467387037625323676803883671560154103980529580452484087719370128714960334980919599402911713010629817540331350258925418916827171113256184001715400355947475142440836704064937896638490286672871371243297990552612710832873587045992498084356494600332921174747156401403250739437501269700752720227918673210286263814108917803130632691252168536892973644152333609404738516076627228264
519 1576050346256832789082085722417849239178528031880633823146512931828062703075504748840415634711664370098435225147364035656767908980984746360288794946799221692014650534350727979246391724463296417018161683685290318496972590004678030405001480919033738615938634943044282158871249830475031812748165185723793783534780914778182923534904292426307637903263325609566121721793713631976650459497334673392539215589385208265237230581496720678966898631229238961882714373011150496506857393671115179489436895904816
520 14472573644755070781519683501984756457853626836242163989509859639225178964646713644154172300278547366446871787195231795235399427505682124417444148314086002359705933978290768497692109101420292332693440275160339454989194362717786104345085114096258974406272887902324381872949049583089361089600771033919061933262627825125136122331716948336825853406455626398070456633976283744861442525278244521010818925181056042320726348018586641901745690700998814820666895728087656491619911354580997811962934047067484
521 132899657420721559165193758483189316783775974893060109185231905987643593222811246709429101771286018194349751304957792471380551951263324722950784388395170128827481511077979161701297953352947401297221386642067046214923623733312980568636057019044979221413137866801707712931804108403739869902094067038193310503748388038413931115063122616217635367895810407086054078693420230789122949425977198265256606735392230802896779457499798385112418906114719788516802029428946718180270583705481751970337548015512912
522 1220406065008329921591584485194489730442723894959494180939381166639861956798490496181924170629819995759941863705664099358706668307619694076905494041725850037020006694110475293422471047950192090944409786204835726839952600654247852436108199831339848278570434078242610581955680947279654388182964870039275640129242718394064469059477512509350574811267017326873360266616862571221927988861897320917445459283203604633219499486141268561321646461382987219889692304866909238284706268025708165382630437944385952
523 11206945151894857410262495015262414418939306050501073546366666185320083865948747516448663249472619944402262325199434678622349232314942326961604165891305843575335838994585625962232651274742728266506359377247223079642382147893404937289913222051873568446877571518198677471132137436966814990693396194262584014366389345360856654811780605639856101129967003221522782010216467856393381588732159228514351396636357009849159176214039706886678429443106873351011543393609778578521747650101484583431191124538237152
524 102913540615724207363359900927569791579999923676496680559349446136863378629195195983401198632001462975892582597048089620638311476352298885506697574194016227128470391957003111505267512607844838154845368643043259424982709446165710159049656363712157400798478137752789445845346117119218958012017698606001561725238960350577918579733657273854926888467246961464354482701069704247604718572970779898718153604344032568372487639335002069186997098610162215179935514463729881785507741731854958679814539939672482088
525 945061711356786962377996157716551674807239849916962236440968707633328204841027707350814579512487058357840919216290292000514172781374275210856226344091919213505524851761486826809655435894403350712558403500706676306509000784216985183417258351186776031381143625508533905137417199979038017183241245719296026000066398896693307915310643627399628386315155261984446972135537458585742871716828127088864739397659730529311477122944981122380634698023055573380758818637671585382604066275172444886681746295008355872
526 8678610208503117343680382324093493097471092700148477178760009039218936557424196094676370886388991806026628694552976246294740797690254842803345042067591127133784303716339706500933700951964473434524542265639270907134807173717877456025994326406391590325225081377884863745844034172291187122986619385085969252894224128431941508348756923146767242548452193808877483976424647191480735677861170045985816609728569100182996791908222506999579251234139285510017628262512698980185102870136034271414885865004947956848
527 79697106576766630539268081928904388645832529340351463982941945086211634040179973496152044483730816858471384765839207949344703952201172888044462336077609809754304138153179421331083996099375261695026603953755119275219872866475054661575466078350710974604525390403835925855500657936737473178573156394095237400106502725068024666864499011960053315620025608934453359427891493465772215277780216901071276601256778794706878713450338207687095249464464166288228780663270428445555503018133208094312777059895503704992
528 731875609804526156343981914880804606727632550577862280110857400084034149056582602615594590861907645450884128052545338844420412793838946115572693296726749002198684166631753931643146951251292945413386016263484714366279989246224548952231683552104269014343958701183620976526526266329054991963419407770859984361701088934695131776420635730580317334231725436691701024685592260573032417567751248043503085257245103865676532634193273518191135672677656002171657707539444587646559481576526472917220149387291298172484
529 6721006776402321123574378053577062842134987111785423923863935623177659671041945068559105209333273783369371453529897377035979294217548564698754819449627806728585894125151348823561733944163258225137069991988286589125282371359912228206986765518596580416184287014036081929873467751484524366980209090072411377823738567352075855625022327496999682035120839012316282954964341977547313898775862446672832622256377983811109932809952825225763376861330252661232052695783907908030976043078649059235361377534107381497712
530 61721109262260403961966558302572741584025956286952526757365325347825780974170544175513210255151524511126386267212021619202558889608593504874494044370879724780589755985814907093728358802489281722817392076974818654602204750162003323580972624552844653451896072662860525683557737018126012516545745936506924777046536351027995393884415623924137464228041626986598032671576116301672067238021595818994000647237159353179329716622797761775744404492478672469269577815352870352893920434767711925158449228272564466636928
531 566807298338636484684775987760527475782854098245362193245252685625645223427830673686478001298299361260926623732868159582808572850944770949444886711005864691009842484695448495883196166369896802468686281747963990750347882070836087648625304973908728627269796446435469090773041584078532278932409273956159537044170418171426472343163287405747448810519064419304669214457154395714479501815464032807350130809930750861534639059159559207962108606036110486664239989477398637885056776804037005012095805712816637897531424
532 5205224407748110983613758864525395631972351018468796161652754093111352697347974696401513097144312578591787347148619637856893603577570845244933487227266112314213059473888914403624686640077983009851057509565943928799009809537966968337115780586509162550525636602911905267201731067768218080851970466445826965830597476580810346804055133581457945942559456008577694354958020024740995274314150097843653773557569203151525663920597019149739747650560492928176001191450015276803433137203162426466571460947075839123903520
533 47801968968418003744677894251022359154960923793923268565172008987872717358004177707870529488683255355578223431362274669396532865668540983229896273105330377752636342980505390992466702134435499838921935159506637090179205484261593678485405262628920202334070950106257619984590564699368394695552747201085249974760384844049265547438564778996984341400044884183652789295221768036417628860560703783409308399886243437802410573467545367357304675183673852455176304468231149196897557958409178381573431603439683619629018880
534 438989779533492549501823132574828139810773317550215150087282992119324102195618435137019462082193284392613611113241300919643054461630634205377965119514559528290928085665987409367142416312290705051299803224000298779286402333624931616287032218702401431258637927654705783115725545703207228118300631861171343929010412016111484367472233301561869101878080330233821426819102186727882686619342269016880067471127062339715472871874806474527948674506412156309848961006176739834150845857762025561604641897665386814177762880
535 4031487520153976986520792150520628101717164287784999494022947031393667125815923492232914123512472290280965224410436811054546600417370807587877667083666203804568724977466374337038325480842537226916357362995564613560140109074895348922091094380122903880032117988984670868129301614944888552828669622385758871635047646930728516485842709932005145429763597421074748295460226562456672158160999367870378211109564402946866858828038266018648014093496608190329392774241112763895959788972405750699681231419124181067671996096
536 37023588359003754685243354717980137473334018712391370216978726609388908307610902798673959856544638766120240033307455948463674704260266913570285843727169674412841725391149384938182915326039885514303810391371072915537538621836701839466991338597148960724953985230715209265834671774905803375656238259225776221332685634440521908006503216790650841232526807667691185027493574520836717119114071978921223091286050464580745269466218628204215570033021209720626622771145235250820098817599891819861382902754147144936814589160
537 340011782878046628322836843008337584242618580363079971419174603396943743947794248377145181273738328407094766584479775580384409025224242387781835567661774855734217154267239089070776877271475290496462225601588985608630193430012611782848798466599653628942046674740437129116409116390663390860849690836071075799852655402832944112914761621480945096124347575293195653337548400801301405382603595690138054581022705576679966545574371532558792145080433072624320964582597984689330479997671610057331608261253497792930957114336
538 3122566439730971687811195542378798380401090481808092740416613026794716597263422527456363332408562451751160700636039779617283390336792820141763749414080513949896681694708673369914701163077017954586042072423363699024991130773439454469025907899809584954527624532236721492734244001703786041283996448550213057205703150895255927248303614901474132579595134598765673441401365914592753392420252158957116630483072915167675139429909349157418877287205172754394846276842562185560104378539944361061517114041208788860684464899680
539 28676864288585349275588203801137068923855848441788866012020131949143030055853165083436948567109480310623952255833896812005589536850875012693570151042238132170241813177743597116036140209308110023646284481120317595958946692090823831929292159617736249523811257964626694729154651025814506125863497709777057242015645078644279430409343502396833660271481815565291068044250402682503230576723965958056677802054348589126757971626185414914317804858671074281250594182550005357978319688747244673218071957719474070367664021154752
540 263362465380945977076465191691361639134431442017065048733358830173593296094735658684498706182195891825752151963233757909832482466260127792921278114462200959883518981647857341086938600732543099939260964971548655742833645860248875854842237060377501293678432747109716287146305249284217200802839206819801526176340761008088516553554689430523380360192538719588689988587917564496558173726040211146180071527603038289100131154920633909175690563239838223444534607961837772470538966012304974981550151507005813384130654196978288
541 2418679554320738425195242243703601485192871840667898871710742433380024477747119046243399280787448624684261315987629849929771387918900258198905756369785389791419023580479905714809947521408821610408591443347354594090716317653148159426339202196063759042391660409470876844181325149499450059120526949840184712526365933354308802009450841967570173203458371877202264468175264578905241015158946300759674644014224296937695581987615163703571657330147072835815362133791955440756630270437674362914702391393092020407205561144244928
542 22212887440468982711486949459881175208481928690424129593864475800121029418122114920947933773944159990093231296884640549169759890352692978261802601066401410174709383037711792091826627168075954292877775250838798968404408791310283953585352383654419290125249118517887056470813473930415652692354254048573348453275646900944140956628895246033817400457943514684176986610096511797039447015052372180215931636270457145389559527852627730921343491540502462505698879194651933836405493910936750366927013233723102752411966275967844768
543 204001761887417291780756936046234405065503508148017100533291823387600909870247259315090363078209436046410480603105726427102091859488611145681429113035614742661937528498788535481311224082143808745508643154953189766702352712417630468002263120100749716945881936436053154213229297511580342038967633021302598006390523192840180123373961619426665768350310118975994051855638714989052944506656254884899792378051018517520005001384890404573390515015492580323075426658830491057756572522223086945305553854792268844126003668300278464
544 1873548898383747600694074993885727638215427259995876846248403469933584620712382513347542069420688352760659894838318921087867539021143313647852979508786525041682057278779237713192978859929283164875212558384699750494321528507634681945775042733402158843654268264585120569565459322891559164058323600918963608265602533732848281054382778460895183815588775670779484420574981666575078368816672973278178180741742066191827841058437394355185549849929972882635221173863880496086989180133316076688031162534179658648596350681855076764
545 17206730239641586968450248955675387864863966395802229311218299162793041841650832629746665284077145162297984744348317709610401263832806987224498322345527699637671388609114849947650267807285769069091422887989371148651098028377794142451105359053697162029081860499415392454334152070960980440547608701968265866047257095228653674515334484413472471251717690564259611363885268892132535662776631096493566287462536494706253457316202889062337647033310524645415209399895371719137246378812500634925350713667923824470955595003096369232
546 158027934334964688779294752263380845970999308372861523172822151786167683551170127160653768513879976229376386421323900456574981343483390764944979231165544910456643507835849516135700689268718686251025627492116487899016265478030631972919617925567584691894317299840871581765284082466499910927576272290544773624997261944744337547894973065724586121674998972982119361053223075736479554094659532851490761179538883302035834023473403652978054447004226336052871525136552814550933467274745321441398362084330890865342809335481794351168
547 1451348017122538545052951571454644330090598578188889044104742488053043082723572893889788070790923682663538194543327257719969869327408473542449984392038639004820371314750679833353444664423523107901010842126970395859186786713028100689080936112973748442549330215005964426698036658448647910956466277352685710518454051418515670205452607134465491114500116304253648565549258286682322087934616791005289973911254035168166722031189579857334124920712121877748206548580369776539589084774728382146559900532395679656450757170183724283232
548 13329425880059270607373826127371270389346671559919158087944570924076261498903371901587751581983740467942874335446521192938873282667338709130482538935639655899886139872083763033666876944942006843716771567763500327504254020461442140014565247730554252433615154446275066694775355060340582823592534877944017102493705676469335271380408098438661494427821766514850745233902820716834877909171969178690955824523265678251619956378825117939661920578281386263679531879953928937004936393926220650895924528252728916128617838914610644834944
549 122420315862692627634003797950268271666766270532423803103502437497947245781313915824179257689294599959748039082570576391081167600912701265517098919801735061699994304781801116567983195571220315327356734463789648291854006578418382159043398515434715527093655256479173778880604418480113386307497145055519774588664119666006604705522491334126113605557558297685274473112253383700686646907332594170712035631793884245550393741897086178990523338582145019835611257292457871171519372762580683879435886347642084196419007176897808892634496
550 1124340127886254479186178439939709595967904612442027332698509190610796936537617302991430653757030076738136052859150512157377327388174822396055760525045446995896045582074840099769941391793619443637026032633202497418479607486381817527250981119071908368265933307402841973681254603128005322594614060252030394717980796073186107899864177345888347253412665453368004558237895288000208265212994067918931163778924469498063387154111351653947638500546845815463537032990909089692313102769466240657394387981202782391851721139196710134016512
551 10326284401596270587262107252342782628879309935611944961572620553009360115815552515044600942965142016110710422993421302836280408855302176341562829734720522936324628125927215103387452548191713626710047083242912434391094867194518764041024300330087277208566776036398755525687916635867987803548633083959585810664381222124581624755373767505593020187156301656621772929363512495968916202030248867359953963961423569598645617000847953501645762779442812993834926601829906807103431238522679061823818837075705740846259401131779268788118336
552 94840230531044276096220118822651403347154340608719460631250909154349624843957830389645268673831135038120181033690329222758505374300940056794613585575634485319452721908653891938883320435387499330582365950838388789696163912611099981643643436392909852525117421916661662214468987021734416460411332943219832508610299584283487084687192061879540150167238980507961140574957356236134329595799163577602548932955254044987040267468073847386285318436052517915850812447083418313727680292854457020008965699774035891124358985805520797984300128
553 871050350939124723154331626245458738748156777684717126006705923207676499826419650126408100449048312315525578412420534239317948854518756571972891741939864924672414753113081000839902402060224609899547293483206266529590076996876860108691277520056805575952397200132443616361523115241950121099888555150333210429150793024575432030005971423747039001787916516675983428814344539999474363392418425691789106697305894467356572310118001934735093006506766109378481321507305496927017687688501481929924596367913020127978690053655157079618365632
554 8000111714575370275225581014653446850638324720548809867045874490095647993026807067105608387910686416901030931933967828471943681995536135954240543341918292281277624064101891890176290258462953381117737222603956733093374783590721874204006436134100294930904900752005709789742287127519555891169571892181392426044681397078771239395428213893189656164243264622876924029737945014008840476147434849203643561779614543208745060357503871572753206169013378219852579377361214335115647519108618881334974368985779959434555605522034135059470445312
555 73476924148037275240668758056251234838275960127767045564268780389656368915179287688244955466275838161558800092533402457933688787464316355990797054712483773733737297945914911621097047885975301954384585087837401938268104150614554336267272911298108091787433738564153094931773508389567851961656549654808170958350396122117825830894736415294956947421251777675898539252956587939443712459709310447216107886380342180535936723563378882045902425110484663399932672393518361515271493673009505942508740682376391881533916887042116971123270533120
556 674851163690622577789928060332669870112412366684261704119488714624569895118933098778598522725932105826349142044830190846749995013852436131091609635462089077333837101854478678668736315590519310658525503023440548650721769433957611440954370008221676999319717623629329539442192796539885131222914222973374076967078704365394244317329036870077343437889910904431331865970880262232713058991504200974687333115390246032771392327881106920487593750822042792906600787725720365166333059269660226466103778624663850989069707515548830914834767607680
557 6198222237827530731046652044776628699155179512886864762860100787619697130847965645035953949457529461843284040236076331934303437253310815086046066539241266606947751051625358014671815816519509555213978027870588005935117074902545597812816523990576206283680983006444005131992729241202746935293065652347635746451862243260444390183206667363876050183149295975218546570767806791579032099988423908571033625769293590621947816850414173445822797967342318912406225618991932442227279466374094046691603501767831500110836339303948427508888140300288
558 56928322733301127246681701947680244987313381622084245432462250157817137352418432186554262572255530179364083038027350161945363554648815133297770866266759870852097676401642645171136220183214597111423541917501663731053286039178050839596390128924006244464039372739834579627630859686615342204459771783988334170210826800380460070955883182413380965638314460749512490025284732208751303761707640967338966643185899949196098523496420161401620735270582789430157865894382672251003699867600966747157249378892706022928460501240734777442045578257792
559 522867595507811076975815255164892472044042155752604288756564207140607054911208474873198871589964259318724427620262204599082261758887819859853513212871611377588584966336530073918569859236812968340998222064740992389840867473823878646110091443880638555786070025820563055188035760075001502429730061775095676096033002653240180368418019528145342340691429569722806806991074525715126836891003307691393148231467903605903086205367676962441958724869986421416600733784073392361920539171141839787214895925092281476997779182801472285783488320123776
560 4802386984135765777852795571419374107989333659125392219693068008998097927035640682568048695813046197176466093315982637873441330150581491455190277897879141706350132036052671318413107110818314100069014410096808801226899547978809909500307307452326931946950143643036956768460747072037939314136020157636448516357824158679580511008591635520826140858939029684308725436034291976055430616275105143624650213694249386133590730940214962035978454676627494996828557818918043703635172187860315009930380100001497346119186186803942836133822613330839592
561 44108740662860331001804977160996185505291922536460758404966121426140601568051998566368154773454220185579846551415209555032626303346805239617344652058857092869138026056716905873107043075297398483028975700561401688994969308920887620884954061949777579000775515846760305141025906936940322346190675584815331800477619987080419513814840546527030694205579457602271618072949955592032589284620643095904245416062174403771231853975705317416265814990213565153442038938389078227286398589701593153072173340943797455827510336141797401961631060803629536
562 405129843052195338688059547753343418793506372917951507541580555678115621199947476592985725652179296743901415762923976766330078146539195358547895410077008502111542590838793047024918329178653191144352167527020795580531197485982607975923556957817026227317586949516767080249149357724888429282462399920450242767867297421184282511700404829456450815119004779518884835646257860070223029365630236812761442304010915939471890998935536009357138898720343514323663556882140740470802211337728904040561500984760235833256051407031097654614424310709155232
563 3721053186702412919233054874027989282303980605803267825654116971680800344938246727342001604441745100945460840357373778452772174752148815363386901946950554945455792767910595949910741736042623396009896649809342927860911685416817538143907544499800784683037525657331905465744245790511923617711996566819215918420058299324881026342715066626303732324475149342909388536253754803896230298522583756919629142309498076351443366818433135084662626361293093922155407742555993840577226631961469319575720295060544065699175868760490274556612340582460290624
564 34177443718024221563143799838130429446404717548881815489791766856561726707928018650632206007562030898317150760032929605952741677238591451676408339032385106908755885973067082157960063726595593188184627235204455091506727136999484725103292003427501494482280417282845925880870313005998677110280757316196850291313315463780450800961048553040665268615686214066925077797981591457044532576849623968777112158511490622040882567259168857659678810131290047790876152720637861945307610008836127553852552563020601216063234571324842036118671899253352222048
565 313917354652452568046680476805027151146641261968875791767818564821474433944376877762459535003536946288064458648550414149198606933395577877775573039942292269112687578362069887787682511869307375813297962885601872510583079196252604035651954121014797471696643869273523136866251339230302697928664247817511990729553127188664716804992901827192125269921470852300767849828957583870469454984270256090295511715982466327959777422444387421005155849434646672803895690213291731768915548336599273737725357627589883475886927881779563312565025255071604209920
566 2883321815362874005809701895477718938334500704753130847392557983286356247981317124541527429838976339272994362855125467784006299443525495192664022886075054863168360352058505693808118887165851104068257995702662882759076199997195664803581511261122506090532539760769445762531742862283274990129018703805276125045579860986483274135171689327711646847968276819290597588701851349770656579699930870941369753685093946555345941717953168992568939995734569657646914976437344005531369102479947955682344767591267762125401341413341617946261317183159295286080
567 26483351536078540622621167232220650748759817485425216632843465489538628868572154220216232557611431773924969966941807185614996570712838981597371052393817971531370316395254582443772746715744752193749403348230470048261207477099446658721047106470075440450466363474056916135377681137110370029568983266860304310979272902386291491829233458845762546083924246572277522232109312110402395239781328788018630822262736901071077831786917061548186902942742604345098609716518913882786459199475901256912642869181686929808679092024451904359095726185288932101248
568 243251093432318794878192159685516752175785105312283018596718514599638645622526993476038384159863179637215164621744348468497451511515534991970980529219107417664697743813394675116314118600606770903670451180118370216574763861270231995549430561322054056172259847186606113707881479545992346467652346922094782495760520104592723401506153409024697974613548261311217923823505889488773053401365224954678359623192765258866633699834666968112540068979634774056644341401966304707431176830815820100898144361513915484964814516908731704622293079180089840476336
569 2234285557089007869348777634248371984558274154614432865380150410210619243016689934569525471974086679908381025646973561338273431935072030181996708648635741326685421451869300637611670024452461272823405635121521857903789298392449303128013386496974357238051143423878237429864866226955036264081864332495485296626901433780820543269061834062192941719385516459861634054198746009627419600784052780647711839067785045171977184396090459792657530797203043392484593468300035635867943424995896903598907061676237692800618265431181222955353107535792301156413120
570 20522230883477943440269294703927704249770465213907459113743785782820697179743022877180842149324086772106697962067288719262672609581694399846409831602719496953495457304686401284992366910569663363038272555222197138149750866195520341694161054259264778575438285019494773777888811184195926040986805367172496235363589428377739273896554714511269326477351451097576087439002639038186768800635236122242782038415711795359993354157109567697742143186753329347438859737638484003908442051824405075309570805755144171306244934400437088443045234741971124023795776
571 188500483057414850049867496670432259796409340271256569063278243784702603460779636968483106418529149659528331253349042290956402070347120715199134168137433103825609479963695060977286076310055653630681699565647521399403468445902053818511700167530836321912877590147095511406056651153657048930440609220231044774757695195260396257500484255018335566422291611923936220446508688778468052542403348606802821595326928704765774378323108527529320820309722124768840639789837614850401363875454553789983266360226107273075777890516723208304397732326172159720776320
572 1731419744268242822073441065048835801901312147244353949805232296858514577816029240646389161064834942853981372020351635077641545628793250820201822028966605562868151815139812449837072484355839750948630384834406025275562701942896588215832625361893838297451466568886357881924553669672553352157503950842926840751727964040231221328644268278770886538633312406238653481779085871741905244134279256516110346926051303496578970441848939284843114639508744360794117875378690061900661747261099833673427719108502794689159228485703675502540763850331978453274123168
573 15903556529961027734948191002343868412737393334175192626348681626496314292719498576577328425284826694953899021818730021776067157079499760710469972384897072269303730001374843710369432432962028057838272949106375900546501791747874881702833995081570236841460458118066899439686561052078186083181440386669924965042548504421140970079346394524128986540392339994451823674777787582272993842788055447280453978002509835974191672584063336310501441638534144611970639574629928835098224383063636567602595855162719609828540165977261039432007758108446723453260931200
574 146079116741318309086430508023435388082059833309875890967219246403543199710924496706923247946952308702113908955870890218023811754318561157240110870795407494035231877502243479234455729354855504725794750973107636137908557583337515270544965857395073599153913213484366575390825345120579387929712350803170978984517352203280993148893543041028643601195827600466202154573804857355104881190843587929643888309144656372235952462899214481369089324731139380803635577468457904490294564087794827788778509421304177667937765848446896092224569390751636413729167398336
575 1341788269452845195346966173209617167145676506737541899813773150092656986602252565422085379560045007290106212364480353112435258492430906218473195013877764131669326829528526601166520147770756513333915587333034568668206121933118773559483847635489347988285625314094875879712501949692835395385964642158337452169138684160246578819002073526207494662327471607939129795627061403812233254179513913459502301349337684717390028352907935460055384124320875472909624988264681880672717948527120710565796742092592597220611888411611705556080358572031080592579234600576
576 12324855026767106737177778846762824389257681615436310956431200202369525818931887049649222225378483709953881843792064150526412168675724786994667093945663921893120985604612269850982603699020628331506720285596576121156820599145674495752545824884943807211339143588888996432487287616275858088793150364088148407820606448511918366615413520116300019728496293400736620248915371058023298966530208456826416660767620179693736233601147345563625744956046989576127371275855571653240337546304501009577097689663030374987155770458015751495110669290366810654789778432916
577 113209171920470316765779418339426673680100569053613622144000964172113413387292740810118869307691011395068517790239092564595627163991480552493842986230773267768972877289780872520779757849781179900590595144737898468589149830124812796989949233220013253572125510892333864024844104965886345760913284800502356458169719112174698770363788517165611767967473081793774468469595139570659399171440472900810892751397423920246209243610047633642466546645952843382207372898961302068538110521714821260819333595820672370148272469500858949499518151406960275812459455539760
578 1039880337701247930168409065049812768107814888830784658361068917814730514737506006338417832044111965769873523033628819597201727250703877286522908478763341304680882119712809562258312331362310787852453138393859551168171432027957855428330498241824443138907474816391122664529027008596241628561090232644827881368026188594518733049375296281438580309957727328796897798968976352054100975720653375637306596146619689078058387205549840557652372942572501196785805480276612799549785810695359435180241332657709467657972010314146938974706894590355486563912746025804544
579 9551840706202704453050408197617498524170601677239142866526770110454183279624207072465101064781407797745745116209179832944789192608899659127515686903558601901641243669776203608512718203788621894758393880276119746833208516670849563090127607910315877345606431096436628261579139433883853493377919763553076679393670943729180853888628650286143842924947459425616478241623836140884712252697223018216463854617551557923102710759895609374242243806479711508996407372737584745082423489593320263714081038686806189042380903351265572465289372512804023594956575748027808
580 87739008233258174089353533439204991231752153596334539180999826986506355799587824997618060717663718951230289164802119486978959778366651356393581808549744731832009538837440081938725392002813811281473902375012673870705135992166090671480139052135639443226289995483847807328085351540307997069908808898192252463113272543625579755611787924485190735038257648754008997577444095382388196000450064724672772299106964827123003898148332342028772750526984298050528957122389112051094370946465165493734694014412690082354438634722420389355753276226689980941549197350654016
581 805935542899980538410187680256263393781156373148477001614577279619925263094128734511015134912494373941028969146052291138633737943577034894015837305037434856776390641424080216219628531873938119557652209809593601670034078162963617168948512615364396234454090882621562867836660501611343974157202676857688713796413150719445219342582404741398345595831222549374594680188502026502514759467840331474271727770274813420589301089850391202278482681756924433736619301282248763734105757262932007582432693114659683632207065714398323566073335772209443402811120672221616896
582 7403035451439103642139723164733252221730939513458930814993254017921433791630418700471870344886613895150168826358550457594508446582994826050160193486947740479981928355021951682284865997268218743969190994713853313909685860586219691162546740994968163687850763268590829529579223443200327935404771270094236069927852968827746291699869750683924691918381380327819807308966370682010591850471371452349414596699358513430941220287665472808349157760158911675950268506506452633914661432343258625969657276766265714946465941463233308290987851921526360596220269031589973760
583 68001935530386796406587429103986388144482711069440359544517820932455508145715443177389003138002433888323350026208855828050575445731482666059439914155693660348581269714930733007660816854072800845616860989775484514645007234293656755782282064266516512452596400086148526223706877840122163080413051839317248508314896415027144985430293818697248123277656237575083882939564480495608222960783366242986438229511192351606043022542110308919314250124322683871126532154132282394663605268909629774953092380381262668823707847518199238446762648419270040421087968851485446848
584 624646970011322910502171701088520019541141729160441895199369959568714177586042410379334167987399085232554540328808504660672695329708539338699456507896566495098432335417574770381520911211319803096836921423937549213410005187490316396751962774389029105281593645239082822993466839080667936622455120403283929725687563228726187474110325810709672101771936157003511533083635468167785184179872689558334882940195881053261307674933158489535201200279102750299804734141260082610219841751748031592751675751297624940848566283994019896498857320131811520689402063909595005888
585 5737859545364445975467800716544263743700743438084289978809661343199219451390440678658317310032702222850477020893363163405798796840502763888365090864778142038702572910424083033046660783329827717116973139531215056894605397779493986040215088189266514041932690843080411526470213021391658286086935870712383575276319022764414194394574770445775708673980447048369692482588547918709221187579889131458685994132549932153132943355466235822387339354223234043892974638990695654907592901883558497336640903012562459566617743237715741902904787774677603280246766129567418582464
586 52706853931375198684508896988095488046957940265535533664323692096904102516641332916558709595840544682963272316268590154689875527184510293431932018278668005757344756398324651788095263896785106033518035472399431847353353423196720078850029918098296624577567248082241362656637674718153802356692384244254375023856137579974185453727873593129319006914494032784855772169623052950579705250375345223403790828485942577683589654092926058752814755238362130945232946566783353270480648476288731220696891936170087180192500215918852154434367025395923240764951103292932279001856
587 484156953633875925057044673278382920224752673150140578229746105665530839003487761541142067246403197727407343785559317861304006182525172897626146608996999899514982144409301995151138209335378365118560835464835120825725802728564762179249423654146800361975039333053183215046865535365792265947356402348473055673263532592939303510233347086966323242059611630428479038198730457670685741028100863943059441073421921762683453165362767943815644812376529874197082218042545909732306620067827867608343840622115156615983828120837304294063774817905075538860312550473502622205184
588 4447409771156981342072457155160042441782123124611034070871064650137938581169919988856640793533869203347514709291336261780463346924111600983705049210442651519734926356234037039869329380936106478843006544871143574018630697552260365941156827353925278810244404715657211395217274674901281044696327206576226532149900441109406643845551893217888422044508952205171091947331175560685814121128907541783822633488955751908627515095179228363849511489304792314068388749572225440272724404547320743813005222738147143417135715374802895912853441402914909870034737307573923188041024
589 40853569115882252614416307028999837650771826186809464181926899581481644442490302194522571542658577684014569210883946371338285229232309315866000124564703440390579265435425836401015501752474649875271104671093159694053481957231303642246059410132246007978650611405879831376280124723992434670356626159468452250955530843714593012706809349449347823355816383316912062480206387503877551682859032432678449007216524581159634316884630610442457455728883798161897767044353129545484796814621085116023960987043457901098949426260625174036027946246302686381373613345458248790013696
590 375279414032226155968232014953341897814693399621552216809185097546380262472659230138814882065254220419120666587564816052981089289081357522665177520130044361304031233954269532030419178387305327661025052623336260808485321694235720441213895257232698552027430735357568367157599022616948781538337934457445038760892648901613495638368601873397710987311617181409432535922408158948137313438539248854976477166872215932315764871367894675923853663638708022332191865859486385385515862568712725428900949834895058833370407885882404732716551997624346947647570144092883298393299968
591 3447318045916620640479482930879864837993493231328012596781974274488701585779164867430020698428704617436469858045654855844841710213706701864624158118635294860510272510445748728573762924337208941219626441565008008196700573312518958690257601613396710330043262081721840647969195424374779954785856305210307109061305209656387817501171588317260420384099052381067844533048426899061622012347211928497762259368459472983131953229592269974404536456170984179194864787116066787970915372656819614357659417704460094587161255723474906309199982734131171262531660721971869099836774016
592 31667212084570586006562446269725848865586591994703766875812428859348371859152169407092800509407687120713302923817874734467506558823065026525911252837159013970988842412784106925728773243112647938750299266824716298929016668718245983698481350652412021697579543960872038108298084081866540863830167904070254097143514188866994392588582494510566962707620034179654838377381622993718628193537965504400905941902225810640174003411891876662989887049973339711534110331131944953829371634610735315267742092288985539164824980842839103741288608847158442522529782860046648313063654304
593 290897620717213345163759694791268229302159715141668969816944290986770743975875545595270601476751311641152650995029734886489852076549390840619008625430300354460008372542505908600543356636360751240622102522367032416404369737821309424675001807258144184542593140496543179523607643134841251305261156377337718962227489284094547593927022666549575810451533436711277266247719459609666257103761461056699716417493519998015412046221171590842350020027132286864018920055516529027496797885593487085707723256500485824238291104451208280792365004691336109963139717147434714656293907776
594 2672220933816143473018083716858938184589345900539381304425508080570258333877022736512183486523931851003523744202676803910971479376972076296610678499307374901709249202431864847370416151742203462493872924729538631007238846279646900528830676881062201238084240151914678856922544210454044788243848652846870425900079621899306818526394433548529868725512473898713823000280130213163983554467498472268238146055139248277778833015692145807428374556016679599078873101878352872465900906216728679289214136713232121583303693491319742517336736668141378730687452711975144855045793045568
595 24547451051346055044492284214681453208156625711970605233424344691050718205225342646023102269349403311659014269764486043991614936611017204692830087611173399298775042824071947096323226712116089518232552410065903700800229622860420433966296666739805650546956798098394735840618503306526678533849843908065909339320249285866011175803404241780557338479935523678923181911584966258231001198869762343210860509448401288379395580235982349892906691439566661677901830968981342525721432508592397812928569722509461654425756507816429460688328568951608930911066469851492123057144206581632
596 225497787644905728929818684050195680923536017369929543432036811756091193982152296197341935697297525457932832512273854802386974309633248086697287159241613898789878190206035243586472117291167243414634374842105681117757818497169781140205782590316142079134888783392927485313059617516967313518451040819796794446472032289693902876230542954799318405176180548592720699862359091808339702310476995298616503455496179060304127482763061866823728841576913198424306242275706198866583085354846228508543456639227869266699571206228882657516721023266658214555371246395798434508861478818112
597 2071476466406905362123562731911828562686035456528535812350080468000720232366150875785746365749971757361008969090106815662165545579517184147276409083605576815509462005540817376720617270013245458545459493745600218447457495698536827186856148143464655760500013166821576020245206556307291478530823624012582866023990315496219882414743039769074240078481984927052262369820855944052529454369268818426037596334367379479430005859845428125294732187341793858145393574496921909192406832485586732121330948947354550468900831135355437304298783841161941870242907458820390160279088844783744
598 19029157102957431333860506085933532331416833601933836256713294165887675363209032870928091536959762253978551580095770389454541721671606779361071445582475938074070263232118986555025323909483822681525527282894899938815413072016028901587009551508964539996899327275887978631481354711153659601221395885750880756422832539947074592296158107440217140157271256010696165308547614600619206528034077416028581207167054403509319897230821093668935521551336344639937460867964603803763340585980996325586085150561950241541100053381112801838339483900319170900859104765054530258712742496839424
599 174807846607367917338643425275362344811525980538455457000761762771207947676457935688500700287230485176914483766500060748733852107780096374714754169095891534767707389616302650581690648067969444413352159868070528863640094051427285387360597883336873037720311188931147158857951112227612061587361649935246852582927135960402918340987347340188628368920277827649814451068157568714314934779414655481457947365426034732462093712191372347943317976950238347847533499670948197319455183580528616495722325187311769947425415346762381293911076745470443369738362484603725124767613376106894848
600 1605846803466994015526961508917146282152943923044398887699532029225532356607277067436069527290990289420715891547842620968660058809427541660084313673539766550358515531094370435382143019681588282182552516303324806763443108783379761702298268212669171524282150629886908364981413928802593473567250686932403217353163101509548301535033031323329843587377631892776060444719606834459280267447191177959527408354940338037769960781673495195661603349269818911658239409413780204297438179300081575960760535654536638660598949981012426905707326497787292977149842174144921428955072437854815488
601 14751939121791007008352528606915841226120067160917079120737303651938099797007304629683774093454590095728391013160335867553822438887552562982045645595783716133966800875699667914766996916648608902857164161346461426473454352390462795008129895293762237816558828197624277564076525709664143016906337535338020800312721319135291067253848416349002742662984140395044869689309385251321328433236973797402938429199232751309750208533895293495121439758318689555926333741614330529539820928808249031933131912774378391289233821578241495414644550517629126504790056576919888721399274538441985280
602 135517667048183108823462621612355340451252425007629765649277410040171196970795946577337687528774017719167942117071079141891787486109709842203071465142088059845156935710298636908315601557092875076201577449292336854373103228489396498148674178078210470251739539128372928462919687682852950731444688379959348877846881792419017815645256951087921588401769326636123657888262043839867410687532602026357954592111587017930956239746442208480227360326339451938942903197908698114835711437736140249805076276881562860298297196262865776575957999027315764895723493710609078143658781064899767936
603 1244928820259617395817793509084299956937734464971780485789475634588960172236375411753210701987377691157370863965733649699717423223608114755918442884964907108057546369867009332328398962829525971343228251084611627593855957202508034804274620696741689711311588146220182624393535435826693214665674227806887909681504960055135449270374134062175182334078957193216568044464547212305366101834860396996421721291436868496641993388025577373766003945048413435946184715053611440791235407239811437709721407288787299692484886839769018264129160476894929716077863204685282205327883977945392023040
604 11436546989841754705075853847748052893428765702211624094492387392368116699648033289804092444842535875657542003348874800475516311983462698485559766297378629701916799080887208768567415105251710850323329626991244584412757725160075851233282022843316610497864255821747630980411778275514658366580618128072123040924306006482157866694642471756587655675330898911553458721640026468193515781625487204891545676874542446094897764543607069968017769518393299679420729106406428199180154924735453354922260143032773220779177178797037409885777822738972645528877633691509997710667766270880514349312
605 105062348314394599486247567244517226887442537432514055218092067114643688593006558726956790198865404839922758981223240592562022524368321358830422998377958103124456729351604844625128614182393450376719308197196528960263169591627491109023364848774325937041878665955120337479805801082636512935181840873046611200687241120670177056641650979287490338073281629686442295956095976131204835412973514544661248501055304115500366251973541433098503930511999322893200431949504742442233859807106596420167127931495833340789020934260967728980937142305760589680844936116254090827906076263771978793984
606 965163901368304375024725385335906169392649067856523562825652147662092163571776939461234854423222541235827670854170037435195053091343030233909794343141960169424478585727195721013084495951782916207721578361017446411347457702343782042746149577272658148180705483698962502867800665483605945648372488144815594240080008204581578233236867193914979303611344645543351534535672319942463673565958132953083117153161890756316284283665680950282420019206170260022902963353838840069340535156676633834973307944564646268460158980005651028416448940616943016926020553480563503135455164851732240323328
607 8866593788984862632295094643447813341560921357403681235943028084388527312885175099614470260721376387439420564248462053429898621943976988453228393579970372131586666890142123820051919354823748904753956732205369984321487163853832891626921855824127371774663125727684674490025130424551232383489236660983701597708149448943321273124976630604153602370171351275912980925539909277184443594129807071284487449534675787140028980150393671931764815476661810175125268548549554938360525035337474462349559895440419746566110543293397902254955465510853040116716463500693323021789080696310238211149568
608 81454357819015306640428913035566552666689341554272964117333548309418457871351911326815826948042562172425971813255726873547712162260622440366050955233683940432011052932741820766855323392396328213748782911727630855418132688585957851760288533042044116814010244594515166932050586062398455129389541497296569476545896498931267199763637709981221669504443778216891980664532299018170833147087227616963281692492763844963804753280707516619027579141623827047321272467779499921498474789045134925891346242257641031507871711463866779709268321251231048863709056310261492665956058901879836479926280
609 748296303309364278376858595680190428673714226883165944683449777496831252701072423641026810244093823534783941591562442049434429501122934200514971476577813949780222594943160636947691600457219770692339175259763816843263001047170328196598841137381559078504961028653360925436483849838427984016095173172320623130424006103796799724833960088288520317113674232653543072473490459846453026489469290155122658040986542242980541689721075579575707940381564300383532858541091094754477489945236780013291254436962688247740321661902506466006828456256652749010901426451611300494311692845573398546786912
610 6874397384253861465070509585906738259048877824357899526227729694229016356273241788413109796198906371401301411809895298564548040036475207554344446726648516196727038379811379182085626004499124466060673242849948001654221855082856788769093554200942799928129875162611536468567270327555508024050155967837397668854434016183159112635188442269139962058409719229479957914274085192535473622060714902659340667066369757611524377795572620726982167414169414321212991897328433445436969308536525705963942506813746392754415991328174089754311198870779471199663978650944917855263401802460602004747168416
611 63153499312948847803091743565185591053373889380536859360382173796958171476161373837156525140136147905570962907270464089447262818571437761966727813996769203637791226724822136631358035988811170242922359695991582013273800590165360458809913674741491892359346243557101042772223024337838670833398081674252987869783620689354053679523316636049017363518860440043690532098443487320029799796762923010042492590175326368822249670206051367254066322668647767945393833196327862562596196743601454774214289546862258481902474581797376232294418154345635747468518064264514510681774458827139863535465203520
612 580178929536327651228254218189552263438205853808191362960413796131626280389047061079972888045876105890165440084434264942206480795662254540390661939354782822974785402920127754681692501959280692072950453997248551188545332386177088474988790248457568112975631835947439926859678101874654425366981489489057372801777033289168689212046993945742782282629177747985146361786356892196025349660371101005444373490597626988294596417512769851330310786448237837782308033748832705055652354142420019439366575333093867869991091051797328919586764595435558271553307898441771120214084789278178212748855224608
613 5330012481699024244482309540568859737246112985856666957280381880955907070038817362536478121927302261239406551991726039514581741489556916992590841637825611731651787435654898122008712880243794279757846555885155151361576280299174323457882984052732021086565145673643859640174544047004229705911830386403169009573058069459471208329978709632621387835213457429901927484279413811437928803556261956625973722588899923891139721981068090711097449306597595173123003807307751005133016715923525627587480637480351961389352192239675194622810127140049416561757040306930905050211110380556203948327154619136
614 48966181151429066017622071070124441192483836123332202178971600202842451964172921680877282648837241906484593652051008777060294939183351840276703703586243826243828388142165363700829666259825011706496933127515978414670721043429471718621500154131871467040153346044630903051995808772428533767603204766488123279099950272817712231892360029682066447269740543442295303883308809674471586199084613568795159525073711574566780502621793392220836300748268474797054004222983899022712718533274917546048520753499717747083845320355723905403120552830085007163868507555236709074361740799076781484812780278976
615 449848185834101508850101478317800799750968090896739477890060139719220235423586524278038136201379376338476859293857682424968562796143653901052075576784763624510930789669834529987457189556931688624935129932178169582705437471931616460842822916936387139626348058514985296863714517560561467735698930913666493014756651747884314791609983962671456821465190626156738023861497244557320836797777061067640266934967148280492691128687323169280060090718475666963595861082951632634995266143216440971594589972022825466909964356106882066491619548365792622012730529150011928551100362023504355373250012563840
616 4132733834533618517978561571598353172547058872644775018984073237809667129377923698707016718890132899864409803991554956114552861497412923265887172230711819824311791369644282370767522104442179437712667108251750274487979558819165184149099861859937999098935209374881975695152471156349210645653771139438803601541410723143522356626187025781952868107963670717070133367222771476587880262387012718824242635491180467593986692285400193685236603463478620742206867187481223607074355484646526941728842844230977503452072296718853725598389135790856691895325975538215240882449095963674935144135370179673632
617 37967378913592347792289224556474594215784101570169278491218698134968802268564025653498391214562573697438872946868030326567480979146882964378704336879807761964443642981008515394928446444479764158545926448052390904685988253076545646967573241481217582921355840708855251356450005991866337522682215418289216492993280835639437357358053973184993949644872095201350084620319181341872861936104248627365632970853650115034836208217808187153774123382940158563907560723852254473455127133292804577040229191941990944018903827026251493651105197234710132637736624572451751549393651424352172809038484835797376
618 348807255546010967840813947063080112988886331041345020787014642694924173032651178513749523442719996530307850569348860495902691151789372209105164582451773987341941456404535829835758034562156610460570084424000640440095768584849026029020197349539595511674441834260281546087026328976334414601960628035918768295992633991938737806785481806331373960870941407207811044286353527991538520576942178442503349412959723546290128148226739012717394830939497303838151138955034107093220472977087870857926594400609705778713238342145990788412486880823402057063587461301874673309201091476872575053697708167603456
619 3204513539939460385382874273689609126059302328748478466738518782835788820469333636367035553243296207461082661144510327217650348283738058207488176252169372769770975682236203480905198796565079418127521265198320531380861215691138166435129874081317889273110434608190917921290208113698996155023451884021936845881179476766982200996728187815336204562394178082056660813235124893906397889167563194757926100717122041825565253449210347427655293738069666654074075913303739803469234444700019911235790914159495617553134012077520009103456697472544255081718215962960326247068488850478045982564824848572437504
620 29440176779830358356039621166651500167685438262045683937252290883490490725597314087643149124798897838720374177432236424037101995837858051588605966816046525083450427182551811154225819238987665079630109717640801108478649216699718727635982203691769754279139967512749430071274679261549215186094454250299264309381719944815189322133275463148081330907885716570028883038117084911859656904438240054906514139977894374012282518333379700136243652062901889298352825672949408336143368998703367976640229523733817379265383636007352283840886912098816687945100897163673915005779156500276484477583146854494151872
621 270470816629969317329910150614927488559236930385707353874804223366355433413984058823287709923211930854819025626206342777997054541420499645691924046441573849908565788851447859255240465627082544667223040882472191435552851513402636404172972395320285715529677565816244562771317812685154395356141995095138416401008633541275794677822035573713621575820774169471993218615149286726937388164379280520436279650046426730605976668935463135908896782988826926807762170294661256571033506783171147935544661176064492697866125184218624796013655101564437201003752789232153371417847150831520845902580395002419164672
622 2484861011533001194597817492986982011956486059681907143937979851515990955135771645602167059397459652608135824993810759280723783237612576271487699912067608718097342055586321474389293294729955522651418867769190042494531859787650820356247207021030000067336392173110912898310016999317554844316991530113678406007082496737956503151845905615829079550473968859450968949940369285152703176005080634050472477203736406713596034431934062716945729217652864220900503035566997690476484441857014060314881995195058907962423994431964036180295562805267111063358052941874631774552615983295970090010896050762937897856
623 22828925815174189947258531744956486409902769010740308090828822077093583937335416084161089262120913216832766375815282181295385650811536256075668108890560142514942446722824269554111811180886428663155972966560152965719679565010720540322891109511492915756318345428107195323122268583085540893452215891692474047522709115865200090592609361451383632352830709903102208300104340240372270969288994354371329666443409769191327733998546173038495715786036645476298684411275007071207827504690284596468010500803052024971397992591015640893562222331958164024657572578317847688950043870220523311456710714325815571200
624 209734817126177162439785339664664102410900727232865666085554976818701162822575315821344296725546580397618950918924054100536291563541998400557417305257614373118048181898905119927599640300793920136627425669506437544562378659689805991079063473403375301157966755220740485694728476409430077704586460343773340301875147004967383902782128786581080513406047836002504807568034285573272484229104648394889177849911689458546738941772814433434675556860410540525757811186436726410556504143640610324335850370419856484238359895262057609204330562916988127809024718620525432556814251060100830839506924880753739216432
625 1926891500897778704732977836378071366571322885916388811369274894313703778245212188453007428333458143035403444882807884663816192430889930108027006057528492110381268706414705180200849500054438049483785101929240313750756411795296733863095612436317313466866390755417264789741216397958479816005376512946382998486518610009584348547694641209087568269252938200480611630707362040143951321025069260998782813149856225505961142471402628993949710785776743529248293561128916354607875614942691301983678452366282050005548109387885078995779972706981969561554489455307233591377577225477626591410749142507090940668096
626 17702950695857486026205419583440749659144773474662929940617866468957152941336522490041106466062657614039551671627398806219636249995495075066425943795060758148804825157299557352233572658465850189878869753766305488916161776430183270099733201455561779622096284644342143192134395479649596428194718186178179928628294419258070683447209452799753581368767066890865974047791976698396151702588586442958680909420397011424474109429582335601857700218362645452701689297073059383583780131159662365944630270977600734353904027561346713909086376210512702700769813287816511800981336871786310293648092872628686664103360
627 162643129557231946395126644628484154089561569864953434694593099777678306516713827013089306673765926319627996762520468671182152181138036931995480387888975687962256450257990027542214954789430773876851016005054629305419447271014514194465872070578953932075151705384036818337935290338631639052649430152837735546166925446650245046993603147380727352647596729816328510460992609385505899905515902000712136009710790685245927356889410255301680211296076029879024538929796955015492113494013657157356618671761777690213870818032421766328466660993559826547255752339917261549375263002368480547914898672065423639624832
628 1494264378291384107062364654476374548392129432314177490604841607648634764190374344493040324503430819628978229744443009211200788044009164472799958451304466216408185048581150317909812590979400786396671676757802898274155135204307916792378114023582886240353015383064512422685368153896481318417440289546477169795977372716913411896708693893991645371613891383526781702980111224645331389131383534910624790239356544541480145990148233896550380038306915479206678561907960797669359559046434355105886494664766227623747325637369878500664008608998572434736073467297711485334911342996581657546679533141566954242073536
629 13728428236304674430210029382430035766943803093935498742269387299114544730169365314309608359573929970004444872648457949192773898250342481687618123930147799017969753294170467102584990789601264233034786015895011998577696658955190597702168505609021334257014140403506727036542134478679120554264502408461839070819159694780163859984695124229098404972758996349919950332768478933479362683442914113831188617326313381516603224383800456728466422730607304174063139306839723621676249726633352045532482548935178855107828476469083850693452688692433511271575922520823335458889339861186029791760094267264614849217948928
630 126129257828883728867208723437228688871239326263030505461127833703778042362243078466694201645419260818276823657865558704307172619841723797219089962068293815064128102499872495103627884525678285504910341877122738517507690134225293609171863399684294638719058214826695164989279445426014451661138778957115548428511800810488657103681605209174899713485526268808654341422283301280910565499474750238047145176653178594815829163281407884540530777243161188782318740884014914410405108409124178622649627875096517182268684376081427404580472928195567425465121658253747292086164384331842780767501790796300289716238651776
631 1158810723565419313386036507477218937435564117082550219772253652634102185229870603735246806260487454954322074852043881797668151814710791841707099975523825583431998285529378879497095255494737704026992241177497610588906801756143825329904433939770483695800196175975846175022253330404165128139125391796415502245932539842301683590810407224981806900517168177836372488170339461894733225647821308274129190720686877424833324178838054807233096072956563372527374160654763183226690550940763714502149487445638537817103825009495826176654555447443085146692913437831101022484514085436469302940254446414567617801812612864
632 10646596829661983775134749092406197337251213616672407246665610787592732846245000150615953858207049325480952421402575573323595041040323012029092617788790495900929870298325352489914962649807724140031833312980441143351676228704167527227591107616551832022485175328639728260436558725518317508986935764833924194640048034843359389866170053787484154124335816574836030658185687816109704384291271258217920973522893957855144189650776156445751441711907494263305172920061732042012880722283696218891893355139948033733242133537623558995574932001827948670205558641299269504848765227987012237743661783692846750203868142752
633 97816190174164591241993423436470636357938620345839635134325334968317774214325218774374210270140841985443609377867107115196308951958117176166803111777250911804718601787798399688807181208743942377803340157732634442577763504956243941360425837116677532646542734131180939471007491443753350302853032922648084633497262496773729494049969367506965709650114250272968762347699937722020657138623038096617360528514131526250528108400154891440729516568182404938574439321227643596916185036658540161564772842805850251869519138019636133718882783635094338446330751285857989402231380042346706103290565720896271892889270860416
634 898694959881835084650224650840602611537930512585317181339767355338461257172082970916657868386234009486982396356255358163009347057975439169511756973524059278023740995223318162457960688127003154634710945133900407434422941285787043294672570854508956248714009194991450834119828682733711897517428459500528805085007568593371163118252555532743263806366707541882207245847861130562013292945672033235378332240175277400503212596245445148687270910756822605777916253900999691049394265647490800966671979422661755493630620355763728770016589534291652411703834177353759909859139118160288583606876296299558256090053962684800
635 8256870832351024788734080785223269071459922993562596197475047569020500970694261556649107065077130910648744842105071191774765570687373576745903673997565112016847879295664359805469418473413839230742850924714611905076791662128783763147325674429141368593790742408030201225205322024867989014287721021741840889254421442798096122517708841725593156526491352804572436583564669835219642466730806630204477966694300785176864705499018689476207275974243755343714610164188352660434354001557696606532065001911211260208904675249651916874384275224813432214385583988225942764089192991359927328954913513362324383346356017974016
636 75861302029816916650906787207621262202535643695027907717192739368392561441910455101707957369149856464685675823327753466437305796909954706943474561237078193159129032859091588942078789288555077246136033136436789451972585230208045300479555700032063111170162375784021801382427269607167851521135242882487675651630515541907833251306101098970916551977573496364015455311125597490090239400168338854615581929352270978355595567244591302517714752207254433791795362508584498373666299430640734092629257830704273900925982642147917401337567362172836798542007931864538515327801177370194201260568241418591027789077527349391040
637 696990254872465461751018905810459508074307657700919098089712220649192869431785274095532808926491658270297032744142996978461884275526223613697674541008575728368457491534774279467180432250412121655308161953032472568691737075704501711433391994572506110083413471602367561385270292534697144241080104203417301176979100797848187049682211395645366206524886221805626950161945815562613348493917608267056356513006190888226942458766208366787594056877280467974854710316308201984374494417570668782282742160897263666965695839194474380006037542769608363711872549668490400751001227487108669563192372478919575907765210655479552
638 6403755272122227895084938544435503858305103661927137578277604878318255592656448840543601469155964380492006790011501583684721775695904020159528916602533472254801930101499406136180519398228226901803981241260154608043865932639300744083189483788611040779648954007117180932260977041219924352579965372669462953809340608126104994773476224996144936243483344431463729892703158702613944362069799361279046516182834530646797658102008502639239292339579205451804328522156687545877474576423621489339706604426485879216743396643817585147262562551831921679486970492369090973621785539869353429387591441300387686296369132243498112
639 58836163852234334435755470940323738184214137767954137532919697576837325487141020879051739686018337594779769403770026210995395143477241797967850673626145964975999858427045999113909516859927944306389805479391691903864761435980681721484551276291846956570536895863344087273867665700401220353513533706158762214774615432081661821182364083466649345611328405581736467252093266179162976941195848761982073529004832454635484486684121795935730194199398379672165076034920871014373572826920857621954941641700632838003109525271950616084479965928749989182385322116801739233334055781579652727272062375721942516083235451668143872
640 540574515714332498587761609946551153040976063564226192328674601327848869276249590067046773043964397873215622214474745615284178192495207525883478242262855859048472700200043479596833433576069395291089145546051931350031335307025125033496513465656905673357844298617450062155563094666165350616507617393708427785978486186315408225411106944801118171435332769798895300646554296549967229231873161262687463684597553331861509781630966671243198217725317704803468420751014198605703689705683913386813307457019009371034197007907219394677516037424835644361168475895940230222462689254889873941080044577793566970735060318215834100
641 4966705152115554454473256188658354714456559870404577180199092917185448801171237367419888961811761093318980706342310663260246238770624284056576087257195682249967139526842147313142528566351660374441518803705408320630046422998030337149753349735782619975191840834177536343697594180179110629422508960617730261341286769689391261456087979588142804203471441242893124156173243640478725718843480174714841238715886583353845009035307948334916074408659281737378511714598251589046299291421295306784882834697543808558864202227006611544652534479500842356066601496308595973876883615317530471452129545260974621582230230282846864304
642 45633394632441813352461655194905007108638881036795904264085828050829101145678631481492256543044246217433785807326437543010306060122948178365174970033049566987430386620301347106563357636021926114547638057761626109704675536256650217748716195405450373255180473949444739652141189790059143067504473060715380255597932284039051404495581945715164203124543512301247556865580915770923400337183220053435780693681326460786852386467029163862130622888810523224716810838431791892446124402473729550935006766855662309292508736449024317831264723907707288249665283595524833317244103802033555690378417129855015025557445150957452007904
643 419274796304316900235571574618865869366201947179963058230946359343921150680797132049300121037305875639943289533448199760738100350502369888460416730503647872528139620081464384877815644804991393843917817983653210709090872676794838864207578433345242205032296405971747351829956094412977316559733017700103043587929099779240759773576030308235149301499416258386103481761034843463380636185281161392683148604227900918154921218666983710317445869426732365516062501468544143377233256512643801037647504289401066356205184659237377154148208108566694972794974024816311545693221166386481501438068336281760519825763418322886102526624
644 3852266406438702824521179474383829038892079312582192859185493030123710186604822283866121809062162570382209389297064378508260801775975052506724102632073685327201461311483708642388602550956203851187757436770893711065022351043963881894111967184122118631501831876704893635036676754423378145236358439831857806783570163255434662170207407884706787084560165681038237482156506211533645850910190495278321948809458814395638506346535086979777859224928694200402045000640151719868068747513527389888434322862432010785780260594451172398552222180151492632742540837952423339171841439156970164590721698372620343942220546699421251511456
645 35394472353061818386965724550463825989029177665254748493294977979347039964474856365567895871800077636192623155766587216473103313991597111965144110868932963886591759198218085076594227822316325036379397614665756986787879756635692911379715027135113114978764228197452806199146303091580388872074007977818461034328387228073941171567311874044075929694456648220019567889576777580738160352330144923085512339547984599125983221512439707660741678803606612924747398578542479839419239230287841060292267621909494292790494941258525597526170991488717047313589099195613920583678957489430702517801761959292653699944651451837437780699904
646 325204194591761730615900038963252009789210276861008774267310532988782778300218691890740633603300081544753989211306536067889962890208384861750398449622585055879683934037502677790160058859061380162313166184373131617057974895974750034464022349882305795330609483009682290537657469872219850121732750470624794400627392778330558793678942876782090380466652586470738426611586117293548482594239968825794180812782561957076506377638208507323233933924543399100625309740526406692526478121189761329722877714709265162134852313547091474726958538539345038262405074610392811060063987654338749614721997938428666687681116261076024033185088
647 2987984891975421076008987777629639423684339287983426886015748604365214840753669215458093932869365120530515550332462657250633527858227502275066055660675126376551225224905925309548135834683060602635413000401697848525026248752881029105939386144549214012411784971706824554721078850001506270827773191432411877230691690822667522022122675566937946193619261852701534500900671528009802967600056019564278926197598393845573440428018430166958641622732627148861212490954828822319512981553056441268757900044263382946602157899959335055230173828520185311654353480363967276585208337070832596653280418903242353215263925591058116812956352
648 27453784062871019336909308267342713062517925021980854216422171020886116811809353090366306995570893326341077661671721560728365749617027307760226086634051987803248464207960947196586600057804853283516137685966719729542597272414468928414224567374130313621415856077052444265799707294488651453288429071850632901306799322109778197026679127369313547713166677663492561149382083743307833536252332677881295485910926427424919055908845978863119201572976696594391421115730432159233924778383313947739163787582906006363048935634204115268122788336375766835564871143820413820821268706590964912694643313383289474227076709205341344029414560
649 252247913366743603816836156395060731715465488961282475855506051861662612534915308167428835871590182264704933738866329177026803989325106650367727084972998161212656900160226278616037921698324565552396508127482817420200349350964567062863970816141856445203573193730864096987218324252365240587516298885452767694387253329861320798141637304768267160604850935450813998899025136185402283572173020907517544532868591170377045368623392764175655107688335706814459113769492201930908821074966664058781460028412315872682124084004912052433757384858344010649499977963641566588204178902936859407390609818929578035741879156575768929663203264
650 2317685476409321467876796143629018245740650241526961879670678883472112635992484506473546344173342735527850153980598147892053803103789705936605517299451341779621772502418877515785708449809044171667794186719667594090055953644807675307912111419976348851003127611856450424895105448053425632956155776914206797237796583610715701510280171645650605114923186647077055399288812235949585877316295261742793961963282671708198098990499047157544851856920372038867773282805927101290680964994585008390287157993264477973249230770565538603317923503762804085620919480466930915389659573248123091516078448187843975655502543509919422218995395840
651 21295260617052084920416568466024772384135333836629511772249905703478740554845587243543723577491139283087828241213026878946777604276022616183862937362281552673277457720634394071966041804125195159399373252897187467022954327557022935044033880931281214595235180131277679941221123759255442484267423705744540483473454164708415911214315044886365779172400331332600269326741366030007012964701991748761761327200297113174292228644191320025779980279145803003256525973206611434362760620453736294864857589534675264222153001082112765905359648832231466810777929592212211944893651782424909781906293991980326992757960532264280298216388860672
652 195664914778597754779806689201014230540700569783389857068278377631401274892423673286417352018413425412380177577684455412155686615861478346186500002043710928262865683367019854545526958308119461679817818119531446946730623985817744798641560550940101301059745322162500347741974599594670518814367587795476017171294517613760637110510643305665176181603178375407706778246705244054698808675374806122604446369179283880831940541077752338565166049351221022129073783123137241788976011504137896374310602494947070348076240831641080993612539489337023815855497609161054863445449214146490033069485971700317454790336714436846740646800043546112
653 1797812892326919845111937635939391401030355803309434985704812976048636376169542255377669155804324722907582087767469556264028495473263158072472234912415897265823639560565504474432348138377155052569052241641985794714812331307348550953080171638129145508856428864997880983140607218485554747057976902444406716922327403681522065167632813659260384133553693368606509600590575298448333606082330371941745560969522310355993512895548141095074828922858879087237321844211268703430299956410348207026975573794336677445669137544062488235326212339578559655257708214638740437921576148701042927352275403263366321885578389657772524670664653644544
654 16518764129001962838327797546232101428201201429863380031872495536685621014451067671715958673818988275951456413056713870183190745161894026077294651594060093409239340323229812458209603606023090166219761726450249133957517629788437750311817916318400127629657358668132419345021010123186267890117289283041086515400229980472171584075526978667170685308632221272646590508001855601113387409748794172146980481102396874121299371508417230802033924517449883619446671722381804851466570706344767513724898464364393201440763494204053113728793781778739484753082156224595094583105470051699774388121926936741848101832210282210739370975422317301888
655 151779157497493255318421555613219114707351703447374204563333457124156647217556210407511276776993653803298260497961034619771872838487962428640067438880740358214383877117771215082621862060470807401827220292103346693696906746971677968037421689520515624327654122396791503369221585675630975198389289884822778696121798879640761053179319094737085132084592163578442356711229407925209711644505029521757685934419829293684066199498749738307542091116675606352672499007336325247748286449343308806858357098201264086489646784373238172552626844262163290576175075430134590942984291242258436972152572800545833274978050043419337724215334967719552
656 1394595448221391601257543707921763945142623464490949244732356089074583633454536372633920460272416924852771753246224829467449308567428617426926934746229485078776609315950138366418913693575342149840625383904387920763082333859793618152392223928016273277996058267559917357807655169557184157039029196902749972722606620073634664393037866215753299977643174496117404637570876507446035297787070441043576308974041671079701556392396306252838472945731548617898616714587720405643552809068090625205325525172385566687537033684790471214752419655404115085416758442038171482136111067980240853017842978660251373435203465219679323728181970320158496
657 12814033767025058734233692171183081955902751468914320868619145629764987888376316204663396966216667892049373687885231511453887372585077224674610359653601090650574523696945317047549469729971596156570174862189467092978030653129817451256357766549128357354326213250787621016219168343518223946870894675811820928748751316048638457606677141951076933215217364124583304765636947708431505412922696352902158453447732002952431877012957731563057203153113016802278747361521630291444474572806866635883671435559520900173270272717427311800583250178895979346076600109759015075976560848293794771438660819510841575251182518411071378737459468275519168
658 117740261296940098997671091271672394477250789237495254374898437041575238032842216307031769302675073802536827334679769828102460541544960569248286166926770265998316634189321815396581199080247108843618303978882778627702321425634141181078365140316671107355155185167414411091183345597975006121168325155259143165334778954422747850437855358432400049119785839588457164983518212601865825534004989866461119426618439708899637149575458662820648538731602827695356421578137151211685364196223906022053597051794439155776936949380174499217956751459110148416038976625531123077906804902068227267382425379115800324214098288092400378635953880207192896
659 1081846470149497192112503726410149660484387617462406887143993319779917378134655532944044958968077910175071605225630239263220712534458007515778168963786583694924565843992592287073921590842565804277905925485316741436311456821124294476149945987321119723147782168667143619665516575098293148137127711766495194559439496889508590120514643698394541356072229117103610901825576793910243528862879523652521035522484175922657585087857509334407766025502366725412719000532616877598418887524399561161411314286999357688514005667594284903066724053396402448265003603650923343012545509208343892274814936975489255482821551664588585425146932457168482944
660 9940489498558124365133300838126893582348707084022503702241185562884269160022520575396385030531547904618367917127530532706482350625464334205000366159476134845906065351370280575134340711390108277527415933141335407044622349603743443726310426547940134424360954893060279778264778092355461138031575606492570076049764442652649068156197201957771267812858051869626108857784223403265072193567754212498073141839020140235486579367965287407853791292948335113529993039215793053883681753371813247367312155190866551403402726018230361874483931189799810583576698998752826459032256126513659024802820206349033999875386956582965862263038660724319003328
661 91337980718128311616910412407417634630415478203124136440032881558849922175091322420398475118544239466766953816740702696228359004343073262743197101699144951313398204430829122102660529594968212208180355788654566531872873222856249737518360467138167386861780104481052297173927066043581602473419422498658392927794365085587394006762994248550685921891381711285908757080927534702774288851101920688927873973229672936444055366408370772462088965074172188031959078563814896080470791421077731676050995447504841640004206788160824348491819024969780261789360056870987158374131295108662803390069991947057947795096535400518298386869149707921835513216
662 839260017197127314494713176064526930309565251006644514032996102731571086420350765478695014803806277303389475908278395229046651622109939364360927418306718754261141399074506343646046013149277783778783449701740483434621569849519257725454056648381325922610886318519303993730417827391172676518034490523782310518950462505438338659433172141699148857765227870407541655203701951081691477782210410667928344089299504721793684505758907384954659933474743439456956790103144798592488234906264107088090173810701747894989360558772929882535725422275017967558243464590032721145980347947216453917865384808589191147373744577836778271584430005681423415040
663 7711576102723346056787950079526443811163493864235466746689893335393040830485067543939622635350659132900881357591722610840890343191091727159145963353951697409587885593846086562550014360075480229925436321475793517117279039179303271861481340343486241138696731671508674697875815642265148599999668800004214493576335911226191397712758830479005155890548238857278258980714046911844120006819605978550223773709499149514920869568959833927550946239878231028866798013680439061287601994841041182334528176063087400030431553131628597744923628303212178007696924463032368024436132737995138241273277715022595915415438828341147551932457625732894215663104
664 70858384619324578115085614834994634288529830126095395960121425360825504347478530508673372164291634336271872073264085598495917971032355226756876276617508565596323604887588156771293586216377705709708190752305650861126541381147118461694965059426534730656858922767472228343941042596860771908863539674990657859615315818158313179487731949325048401221754919434364413624099881795402951381643966480362276487014291664866714707942309550992867482275049837786454527383757245877716107634451721966497800377053836722488514238788721978558536305819339255434093882906144760200494506773625848485578979867071930862619773370867434283623180740489677447778048
665 651089699507144478659190406663658649088466775945407815472785795739553788834528475831520509503568408310917794404813191603153044429217988039111043331013824948132688053468031342986022350157934265856785123263651474625022741073860757671990608548945006553743627286509325732087363969485616268975223209260261805287198316617381227127627665808899170289617815371227917014820127723060474432720408255634625599366950198328657760538851315370739669835393627374535198936648272449898430434729532384505018540014470837012521988225761931815317115533117950130607218052221081981820676609781973066696496735724506786585656978546247356232687750453758366271796480
666 5982626307595080813010043026581349027941681101487508649224179067485811586834879763792883946353328432045660722270749811169645519795756173982325840891975799460428979330707984883973458952569956088725062650807658264165732094238954968963848358348495713908578863224637279032889092378639048441876443242292515747488021938685997259754108653311115915646949227404099593917479770678842245555585333963797149063106363121223774742105561447276287385720725358448695414964421572088813950330829245981447608386576658239166373822105835674685514624516848635645496530625984127742546061450365791514427613493756246632002485692318456972281134164668011029487857792
667 54972362035730189672295000018308932488660952229783558785776305701354647194645395218253632636013364299199715391026015848734257493646774737571689880657887272300079667492032501937299767730950835081746125318397206606056846937886826321083565532210117769726772044863092226657877187025136994811653179089137816727808218309654593269374230578953424278639572577181347734843973762940733631498713686900202862629439510204788342346428575937005324194263385069322792445527286409024779877583816019364004011468661812479253661134843907535384137688847877946255324009693597592509939468274854028382839999274285741683342700717132583816415801118700310810955818496
668 505124443685367688068615290064728955335148581361359178205782516384063173629096152096985340060258543020824750252577657980695551457177146058820791155183202507393153492464251320132651452304242449652240629770857322742503140628927743378756548455717310555637271030581961551119013465831004343395876432357596992265414923580008600220797908005788468113699093361800509089566800635420087968616509381877195682070662111193502383984815536169497424972316108002275148727077232235292109622271428784080978512493946541543721559094717647618539785328587911280430609870693122199500553749397200184526122243323950223690863301963788034511965921662036451037639245568
669 4641451678432571739265295951790636930706659436912457908221834092002855513226939737456036361690560179252985249956558371009995175650370771639406706524812613133395627935248271720909274431025648865156238471652504642135008004831152654527561306696904326885194334163355132650256012445391358230119648470673643789210661475805985916992327034862236622151407835177078416549592588811507742912805824839992930563734904802077475340799369446403502909392790861168219647217625002302837438906434467084557247884991610126877222818865006834812578011551140725762061697457661170713802142424163099969313041135099541999255245426006244038409652505007990347065053748224
670 42649185196837746251334928527078306958580027124799452813070959951626594643681019504155393572654456753064873222605601599465402717182096139136525709474607961256480847795857996069429237822158785465436095832942964048452960956459875839069701376515375291771314993697948441029975999758769010640617789395940311711092734198710464796153112597285510733826052641239489309364745079120031612818549495508789715391507947997371246074287468494590243951834985971694489213241071762785638683770414165621401921071262960666563271758580588685628696319979567824526780851749428770446032054880223188886365710783705358115267686879098399209034128573510457539807077579520
671 391894434579606343010215785812516145848112491621230736112451648853655921458452896041409526447995820338000438797960366940311957199376261963141657232899491559120895265555675432938088650879761898945296101892599657244672229332488761495039560496411759483685490333694848084226905914707898951295204639657269160619838635594109293617115174579239295019624395111734316000395949237014852851278898954085796645403062199788160195840915114291909168579364810891397429364296122270774087018158368679350368986173683452851934481683814514043282935699490383238572083844197897635090098019593523645402906077398115321973944665596142021759300744824017254089616411134720
672 3601047927242160062815332155602242473482886377546920132171356552865067021869619326795873478272081321521225471121242161650778433359407859091205255162059781832880452192231277810625796380118376801031311410894401261909684529461697976333469490571409040939127268187089878680284978461964209645650806175618006859678918333345366591974249376574382610187967784341165568035421972591640154308123856166920875243616444625204095085190673478864604581840066968304417427257729380206935859204056804407301089477266137116854602558436785264579137876784033394453613919277652663114669283732461381994243746625829814831946674725615939088307494561837263946494159972470784
673 33089495894976340665478879046595749247186446306487843306926153505362598407256031013879620025724448940654986717558004729314456420289902929371135692687994530396908811086811498630389487831553449227104775957527575179107965203755370093799508124528203890065012096014904910750120703846695125013485196578380799166638903007556414710192721326811548861366562975758391942593320105656955060047078932043585751789458852482744829521766408104653488654231672214813281016505884277083878133289967718842670893649135917373855532549795197327987910445196876992629556034279162964974750211110930187442335229366172684714362493270526922098216543316157222535347877478853312
674 304055483260518279394757634843657364892913544181452869598142049694944247113710472218970510869729499654105597209472819354093018905338079887463835795264547025597552520073715793778148055925911176961504342154026405784913220731700864330079396940732014902747021613141341963765253591522059001293870907241385608995707147064788449623144350811345272925794961405517945064991894145137087693606742729719260151678638831228701549698929786974065048399918872265868869340026421139729772817983492537988690186738950097282392720356249423210348646831809230105272994490376192183465168043070964098109745564141631057288441059713084814890434511211919683530976570765659200
675 2793939282632297312108966037916902834234714261557005055100534898574362991715634177524644272204778195282648064495296565257666993743056291237475542828212932783492421964405471902366567138079985590109156317177948141014542939284496658210750286361649941122092554494356043054606646840910345616780490103120872691285009236152172058897298508125402704038073608883712489885847409120907748980783256939841065175132885003619687878324709978659384237542363087071308202756664518051995534301020317258912663323235238653862531789911483536789565989310005241204908686964323249096235444761400724730161096480374864615831990711833672405531013365005101482041327615649521536
676 25673348666713261202258231748162756633917947225320368958702013266936876701741854223502595488898732560101156001381231512042812737957415555362672377164941747020391079432456666675092765492772335975678785244682567773119346625006945726563558753102970536164904216535997438965688326511577317765844265142723126983909137870636964453772353794732110864746383226166468102474030229667278575608950615880926149065362225284941984129042121980203085240114159289164343814624207547567167269042560710512399875973925771389133403811165985448585138321388904325287073522994050965357897506248664388042166939737635749433853070755092298886250738916004336062789500911127201280
677 235911711185002919454311417976939319038125852927014817683245383276854497839376468989226078592259235501856970517127184220082607477191227360230499780225400763129636236833286211257572337390759035718419940204459438082242831101058579435773798702567496074928888427786611708420492247160520303717275187085604407348687012810133612390744791985854504097332303644757470470694655696117913490600642389166710841225038081465056278875602800126721257639199298427030025087302231791661772964036501812488504613482769863264474924644053780679948711613160381056198839462217696713918861193432678503624045693759485661541934292737675205320296373320519976372424418072654460544
678 2167793476921589784755283241684385314087542791044488619013608368276685755542273636590970693578825144162965167086907086153651128861747293059446351862850711790027019951577867279648031293093328152629417116198216004325907299575626351772861704353573445184450635573714861462400293504207417306107401431018821655233251866029375927892135595195196398252422666252272405582101998241232916144951090750732754946873892230707937589632115813032814505308013969272117953947872343237980200348947939065369655756533381321535680299740129741698498563018639987465921014061295691771331361243458323882370606809487215549812029593486261991385145898407187248982272746972517802112
679 19919926324442425602185040453947903465722268867909182202857234871346891662982840391764487890515992122406095983787121848280122386632425533973389657387427546770491317150814715502218921372982736257771281437774531725081268707037339550617401232536411330244551438458130725951229949929022250481859274043538850129488063470556394915931654135588390265610176215279363622767380357181757640045539442387716542509333128577565537466640690612414279533952871195733930864380398384187769870169283846066570496190291280081374257072506363882800408411949125046083021108047616453860444868467295176695084810740559599284279753371209635733145646763961303129527408437870572740352
680 183045461239593460985755275499852865281302536073880962210500496960396549520175680156108576352299943484838839982911720152448723357134909746383945488906275162232052476028165379191833555647266284459453786001644374951415719199583209890336355718933115883206779810802343997960523218805774636112961309943145935430075231125761118964484107369177001272693091858351207027338283640869583239410081210109713143699192228892859757237873735150295334254988305578718709649052827071177356515114264828464818253602437999927474825784558777965852580987489260090477311861583570162280091888147400245577397396223206690747923363141234055500662251024804439254390945394006403497024
681 1682021766348128825015539854992957899286968769307605226361577339513187813199338793349579742006590306594434081548593283423986083420741261844955068251663310928899848780623565910977089111213353254832725178971361216613640558950788138013483065914587636231179497187575496177041195230033826755497698426791633845580219116133579258346744552858883914278496243678556357655930131368980582824729556102936667035474817202306061339184152794958454718258155252632203792688483872889703295328624202414836159635192716359630847557590594149493037438592351486844327664816946833905559666796681193624533143350826788912696146046501637823671923924424337960952677411931879873084928
682 15456304470903311195202031704592953976709592893395663928238436711158301016830844406203919291293396084343524745895473122585461361563747895349803000089383797408519850830647743667070956012493613661323461754580814193720271977561678619132443963295105737203541678128361555282933349870888919327125980792145913158744550657543896865350000781304284374138204857276939478100649056327670796261424741902425962627227586214174339279211621732126671034459431147009297703877470687217815033708681673919333170187065041141085139478281696749934867169931884844187606286289036854174571478471017833068770626413868858749831850507626331343402690585870255389935187195997842377893376
683 142030337389482122733903484701302546519568792127516213280241287976087156672662021492945418251569350289197061628099592081505720937717219334593494820732881672702656317699474228556428939618354446325531404995703839710945280399033286237431451868715087804436532834624868273243908369535574315712113365336680896122473770290493916204378522173306809328801650195078009578403305978129266492301932423078504726347399170330246676367320613219399706143148472466524941420559149019465742581509229433547632919621231749495474341031318394045675597478820754240590576646211671534238040420994016341199608936061549708652875262031218952069243114271272051877039431986064376920660736
684 1305142616477644103253681859621621105344464264379584156117490703422106525747677847115005013496314088029858138426355123704754161438792774367501593782189708226342297046319183860844549350515905256456762346297125893502996215027532540077170253716072769002504010775806808932316180668825209015070939671588796275034207820852540602553336185051865901205583653291430289040634846088632755472751994912866791842689521020405601256993949507975389551023993755063438991795988202413623055281685364430030398343620500079169391040227536185483100393808702866863908901263047403446225694951679612662615593011986107309984162941420698724806406494323575591927113490028305948904943232
685 11993231491823099382018800805650866334507663119687877818091536692634850192876475093431859475091435806704051420349167989446373918432629792359009150130324783320637771271160410929136991757531872108981809640404340271308488679724715707515350024936149831940367264723415645089094658955003037727135226255785433764720384881373222187434168620877041757144561408391908816442003834984343885541890940838462952366917503584789099190942382940652809762139043798361126944841400975218747026936510367906965520993721721333111584743928627110113834605312819792712265360906768955553201822143510396660339375741624862501383552635701416527810269444076710028182489808911371970725751552
686 110208692901912654528433093129893816286019643811455714398015998011480101876165915131082739516180555339847866620776515125487762620246957395343128526019113459372749290280555545268083903917453443738634486606610010483616523572191968429138981533781587562243199066200098614907843737837136701604262729124116759492001493269352714896548586339008266174495706770927103846808375402003119563980215737840680903687290444830099199337488338602803064182670644092635006006568027809515724994969500568801654435933874574641602008082742881795696702906142256747247404392038115207807952831333366358655456378474095545598300766299073856878021208032001668479062098003842229097054216704
687 1012737454965289325129927790848542173513063725890788390154294988636927677198178235931160923008281058618245316317536331421718662794351428369905745296611943554585744739258883870858528141573732572583434542228780695201701723965676212553460901197524935376529838937952607120356713149023425350892186090202829063726441892321154797416847951516333786455404133992150003734106110399508821878117598848141661243506587575947545218003878308755659578199792381930490537955631650293935651426646834577483040023670302214139879649694385541341654214059109912724251722072592444184768502349036013433152932908536754453776865533035359561167243737032674031540769054197644323061145891840
688 9306347693960065048966291227308440252967962291327907639710851716036611320259562377476314138314055315338993300559710214923700150320036569190154488851471007892664058902931502133605501712748788576395278318301326601070895446852839148255742612036932524175882798777812282033349621886373979961564453796123338178481304506436627310096032904855901109204848878846201858294615157334868041382815157233656574116234370212860646207865015130205766516155594680363015711302543442247218080262405307391481428878449260750659558344412958295137632957937465705222748212929688135831362884400443490359262288162043489781271870711610424210134903292752483420812265021733717421594399958848
689 85519086570004754233876009578289944660371436319554475440659829558382520967025645051224153918634473466670385245497762307602603051412918131789928719295444660046027254814989340547260443176635844109379460286207530945837324548325509202275662951599973331059181208264325107483053553013600734629477726744049064452305399004781624517266715536025215578709419954442544871134321906369082632883818029909796561565327241029841597357544762498145890315659880896082061055591002601116362158755947427939274707112609049324921545049841153255043985147108717111634377364633444106956513794351374387795922123490439209765525875981022612636479206617979750966204382041920401176206469730048
690 785865469057139435441075500825514864654545043087463763139778241782556139152443724689780902088025182604407207359312764188655394834678356267015536436454512958717849950227071182846058996348385334230262860048669445287329732897679377389841928407967528284595582977686260088808933272322126980234932791760687448440466089938627022537117001572518703022255775923761698389475850318257590241442429359308034436673898748423583518327506350092939065493938480567969026428187877001279019628990306812329194389551586615445294034138400664255287387688010611930476932145716541030433510461054499043508188291034289742705022837532175814436598303848078048199398362513950973228884910602240
691 7221621600406965285730694639427692403065253511276576592107984817441424530770033070783375763594832443760969883673361818231179173053120124003804057209284354975351464922612351319922742683160402270704603780857074250928524240912123293167879517553261090836571022503069921952379527373946877375769521668781621690945123782750099395055399237394325331888391515318342021561598034352484776917655498892218658160993033339809655061077684290868908730647263004383280972127561104500669739801427864050799489648875886931838759513990959227280237517952435880251854324686892369761655220786625334402323805618118716007736003244162421065832986612660090595111976669377432015892504228569088
692 66362481317683260894737582253886184073076032900740109559483719593515382057336182620005266774823705392295575667861884747381264805801148676441862428007516189779440623040461209693800153549121987088419084238894745931727953862174403529254094935364272110375861680512127590680915555799041081174799917788037307180599904524786454103330648830583172942857681221113985915185348965135477196104243773540875187041845138139334380044910121235232838195364189313449875356379887597073201839998355229010799852228011323824743356130028588949634659675298839597392569709019269610249667634554959590076754400430661180167988635602245163280364172299981393157099499494879360554414999236952704
693 609834324857269138821453216165438314103220011895924754316673642802311444423175867205584880254406199326755316033037535992450360442754659812830672361054805558537927129461650117879689099442626242333438264255177099177002688365827267637728820569349721921351203983544642315229729072852672295572144740224499129228378032662349397615578246595438421678594249425072840540025307390547284112076042076598513733929636072886748547005030453550544507291442211921090065986217044824627753955611135362353021781393126296516210674785697254022762074533444367369227124324987264754577430834486187469226587343707144716670820582242583022721444976850727563839731132584651528245833505489147904
694 5604056070859697228951065281197402533369516196422880566635880549958306734406158680363818747830861188039191863807045644325891130123790040757422180934237809004617491599053183915348263618902657393415813352776916199875810736547837672293791956717906033196626717335817873621204931412858938675922972617745628326216437288968949784444491876615205283668991878518867654555138265315583089401955761256554750464193572187595669963379685618842717717226664270658126358490639062730987715349551944665366956864485013840892224814368878378526530311478355083986714479108492746445640950287751996246383921641181162367628999106248630093597074088339899630737731996756358950181477491677143808
695 51498482545211578985443241706334750262798995494515128349805972666487175520645270571878641293088990647210146130116791942222887185821644472621731286016393810407200714041001067885098728052565867755228692243761807645342063039757017006386363170438027004978653298236732897745613368149579499408378302119261708568211044081301055160198475621124517512228608365327222226903888150890086157770748710941940555936664721907402896149130620662306549556244598669512216340642368473763836487242915630436424072389522052790797160939747011451635646064937988287189845512276147087402293487601686756633879470743112298137130973712660682924756947046753003088601599738242775594436927217985038336
696 473246861479186035055442146941113612482554102971670435365019618697699698450874986030230562455364400627642236731837189355507541711501252662091698477516938902168251389125396870971818788182532442597105463804208488154047603997803136312553195367213726064958382859806218339003619885503568505444018522816542901567690925086452592969827902394706954131903589856690349187976488934471119567572149350308690616707442276016339062989755941435380483093773786832521206111380984681372889610934932681071012720123395873252024720105825982858654387552213300769502402303644139949397609925979867381904483610018447150878671305025632718653091401135937711533771817681585531982983167673420991616
697 4348929811140828460549440745491096453731203708307991790349559899466299638436238234320769333174417407703297699137852527045105837718405165131731167968344980131902572207781655994074284113760772659282706485532432316054627344837997701659270947959775073789716174348179545428757500752346435750957773787499215740561871263990772584390467467648231273973815229381932659224720382060473632447431626921624792924091512985044304015472699709733421857235946573948756472471435793537031942173313078437693534937468829755935656243262783080239362175536629934953745550446764671343132970584318345578177389381375739761859266912383769525489203931270033786025491598200194636109634819895922735616
698 39964869260310106989675623967506274258788080296998322252661816064733899033645800084073304345433376133422768285880267905044213419208436918547657531625812209731019091174316736042203549573353264128444268686660470319659558831285964902683980116214282723183166832586617917424616586757714337674899852163943091795084826262499942321060276820115603375368053996702382474211480863845138138772490255328820854042530977046870724903846070448747046239820424299038059740912724471990468720104647739886705174602703847439558119966086262774359999555519634268307078689612051217362357892118548207350932375822677897215013968254422224266009859531531208035024230254906199350199089219333811626752
699 367261778363748488031098738000205222553253112978500069984534662499493540365437607978107732912854777899530926035412838293887858106033439148838512562488098510328176110993162626457307301880517033910241600886370581245158470398172866641459032073597407334714678603284180183665381660757818071317257300955960270014795474671731246628483794680058024780955331021926264872468945878482485618709910203885803460403459726468363926966871255210228284484113282161769155207965572186631889924814046260211595513286931067058459270840413966563104415592599971650660673488037441439320387004521883952733801861524495816916593969298621781003733656141706738728085091158348835360428828194037881151488
700 3375004867128229546567603039559130242530070757263965889963774629838762413711341373015775193604380537901522733795253148853413756163725132586209902944914444018687528650779228325369856217836778474372499042424274451161047815714661188748154122174630575934041538314327664226649426234523817555067833173291817853074747852520735823453367231039227666935510664550082866449363547111732925130004323330713582777652449663271812900464894416619820062043790084905110745801795923681786205292898250124170718403056629147329670547272711678494101933729376707903190065374119874420311708388060992258467397007048985765378021167619242318507839675192973528812599534019913578500561452870760856057088
701 31015187046074830096431643787922331163072177842922130987811307010273332461139064631737480192802050258351474094611583384045523345613416619057234813840105973342007745033619731464805106998592068140723146312388506456848817477989006052520708102122728855554922776254984327817339591421845439030734379795616886939361515809928767724085561413048840617502056936115653270316890180508453417913982715116059642947118855985740356790771368716680600055470437676355209460056525394598661801149118715083406660539299934912553902896442031450711464186436279211218091326743502595031396426797244670747009618298559759554968467663760256574517521697190952329662129126545104900093268298202461329177600
702 285020260438255214857858542188023305310999910616050184421655908793090894161582855301584825466880238797094677402237663984249272433556278830626501613117950417737141261602131486911270218216230462808912828532377484903621654112617037142040344745167597130210682473484556321614202721360664775651235804162749027127389094706866827467445978629449681673809671521899042044805890832093518111969070721463853055835756069331249099606687656139139181501170029265591278871882179526324241824255383616087200546398579431362900164804540841955422705041592358674347641492321506221790748076937384993123075715716584031611517263431376147671079195516697487977169045631211665704713523832223506297518080
703 2619258629916750622194785395076180381826003119232602826500942683012092401154067911047667486176444360105984203933924589467983575292951563064936627461747815805087926788737683204696747946891568341020283646401446889235005246011393957012602829741726790665163119682774234080109574654148989050194080422871401943788941998212125611912316895221922478348709068581350356002611941490910061117618250469607438529613693532627030005971541120928784468984691407667520067448993238784443137564538206861489793019910780816414875131779716967259201003963921936159036758813044131205998360741979862805551106569363424797815821955613295645746025021003569300725846108963933582906834705020220710459597312
704 24070347137438497143658913751410566965139005839004483872376608606682264226934675581820731564510149465586299046110582403553946220506367230568844514491863181111468448635760688851335739837577307847050824351194367175541814159438180720814451183796817672724829596973262651394358095549034465684200401053779227248597045609365972210773639756391111557052125144718912830373058347671277969557938375435872895955139777732306417250349174808198655488374632007073364679952771853477042399924397799239724726034896611377630001777804956840501779926673670989017212061838456379571614700113330164545256165208008202005917499232072120062667751246433180043269463981936098752069440742372673273091550904
705 221201281780723161817027593953212012998059982144851333478202809629764731643586695365270220922924770618738613165349319578145183615762083436984288828845619782340493600505146810061061715266407064034192299437483997806254951606123188419644516510884990869046462086032284602237797449891309912185411512022821604506312304020728452822469846336279049111253629375723172605370325971576499055080251211859711765651886271030118631308293552715243002924678244814960907211863959032753337950082708707467244333170966012968530624012361266273196383708817646749037000444284996952838410998141576644354362933716991810381029970165699582360093106645109462385047642712382469650177361216278307256100479776
706 2032798055208832941957133881054803928625824079169705387240434639188267228426960899938971480375266593167943945496217917740365275662769465306350042288484760201366678205412820384241134001200117672502359751129623349015207468089364520052537378309897349355625885176632518574921057290968346732369717239900165983545346345635983698797313946664753056664277379510062530200504265481405339712046694644978736151396850998847600714987730356001185182109963796527918558900392564450855207524472208283502408739072950258241248045069611658979991241568265238314204607276636278689089336772913031031747084209996685337334964430711503733399473354475965679893370805526395146282511590878301815428364219744
707 18681086952631412203263769983738197525705841661193871814594839679132860453158895961270640078590128957767921853607955195085732835765545798513071052596752162198209989819574935563658886080746927080593979477322493571553796840888722118785217994727944935430387321659443537351721179430693840861885998408908221671376130206316442658345997290298331624932882317095871898787709919475231150775649809608298954454138480916537250021838684408482752986766496992077081090223133591180842320221516167561088016016506011834149090137335027199318977004905021185523489367539338555210717369699989577746342660508510840682128857041024116355965068102303739122077561563378410311150486431933161267655097468352
708 171676698009973339545295121162190002266656808406439302202042224877760891649810868062279394827716403156222204286510719964726051106100091563305344635979527320247518990178536611544730573558024737177831021037570581140426024136982769247648715363856960952162199469650023778766132624224480326390742503107812565070975460122324246152051509994682343644740890037530581484623514713779812031100741418875553849091618323745483414833398456519579835204515268360674205240478263538914840008251458460536766783038729467227448001116455998882650806754377710970080201296080752516403311645860388669997001228693002070533945931452838219378863017093933786006200918632464251934104156002626155075932708439776
709 1577690686889844635904318350322610786308566325332478471100053366281949808258211460802893039781763707070790117728954904682032417413679257893333965353686454313469914038961130517321134086044180022239435703190978723782618409427192811688291383441141776648426771210950747946474984372493484947714112963685314082564563981157375850373131901699331067969986250802720642783344254125077782270636572801950268145990343244958441420869726035355866209314900479993115725771768820155698276059284600760348754340311326936373627394431710259626517242020725551122468164088686905915813664998953774680503516986495052199421041964728541324346783780282089715791119872755547709574967213396511780720701387943424
710 14498853751302284598936967653555353356908083094128959208351552116474972115605423175399430734683432719337050422347071299370921346666716748070632888696779169816749413956741777025540866519399638426421698374534230946017211730883779078484708193727910510632791648757480305932852191934816465601827887351246824652459429770062797717411844430870770534391530543490841578939709897873317427539445178784174799481633480094639344829310812152645232289324842876663629495582506614227607592648202338042148848381045732544761885901479689509980679887942616176723581672565180084157382686093052348667067389805741476783158194420533985373744386602185498270571659101219267109128859266393848115977481375190592
711 133243726333969601248101374556215909328372613532581868761316762790160899817259937851662780161436883281953636507415302368845228277717396860310172377558773650847288686211642554000490585543432984560380088602778399428622538222296285108539729797984834080617440059902391251713888300181692270728723809236605032277016402733194959510041435535154451852443304346050745227268461997942301665725446296099753304522926842845525785735636479882426045543108369062538000160164834246309652274366100378916628256606760291322701594639129334088961305801989292054616097390802521288960487854213338157287578047283727169198811731842215364797858881984373491230046772689646598673311604190286933261323831130560640
712 1224506684045644159272795569396603046939318121324328179422383549827977759071647550643382744347542539273822286936809405403065511282273302043598308100723455904637947915854238721889511190760842522644488775791815485898964790723999207073596950612956481369141286683255304669795850579588838728293643099209536562912363042347198250003450803682442930505593408927972527894202762166088298389118645720737043046810984131036605189364844835926010261319271177650130726504797391318931853409341962817342685865812554169241397433418493216383326874947074245873653567992138100678108161773102800842327903502964211548815907319500385361755234794449545467370859627067697567350454144678191809468371045272727200
713 11253220700921547783226921892816814962587082840379215617802020845892087168702094554937440159492128938444087191441152396915501902423907934504808682567232074383455926837925147083627865462606378680948247261920425612801072531344588684662928972365489940140833412817073940505971744895974093985024996704614900518155913438771416711808013268704707252352630049659478815412924662029138804536364425712798921741115400928555967393765779438403112905169615749895273024357351499188968442727823659670867268214705783139591050452345076571450576393549844645849362601654400588807169396639400470272813860638654657646579127097904286454296034950155633707626029404083735550624227597499909894401359322561259904
714 103417442911777748391551430548629259098290909648643478147716040520988024360258334032556294020009034401753644967976717885592946180717120620494329697553289064744413657287723051126341255843089751309347072740295888769306341427040833538244595699544682860152852421605749836551807723961538236826060746238852990700618940089920422384191998457588797023562770720883926671898734271779323087278293198764165954198887606186691113512658249934541767362636225713062561796605724975444266784164577806666059313614072668851372282072153173346705779211732299054648793878174196424517177129889931340759959324349690787211936151478298181451912088300019696209134119291306546333165962488284106719748330509681922560
715 950412266557367259187874610148237335932054226956909024497451978448426556302601951252160344423759730912491860508769101103619762035199319278596636365912595082206444627747977721821849106112357290170971379314540544366579614660242997152049411589130250000734192653297439842045486081013328745900698397032216249533713406855112573764265818271300393588488403093504278314347062164842345766520962679923793601440010781176554282939430111238535949467263046588657866924767149633489564301114933354004614652642801920579234853440402565774678712511062818887908494132775261654169472153473391174778382808367553149198767180754587891134477608019474101575441741876935060783336314184946352437958605609563231744
716 8734369207435735981934108564075219204145134681326567016400661730581268272754551401265599653780723343458433987614642468688269501342196139415817606312585511097575870033209270633696503855564577510983349641306079766272831275477196884162680142719546094883654834753233604683230788330335496304140921977393709535523098667181029198032869696174398591713605714058619395787742580240409213109503704141747801474543906060529065232011632472231182625116496664044584285341083854326248050368625740966939541633632459937595616036056693663630783803780244787212994293183895377745852860748450953157614067911888806098630773795609976325426178963671163782474911146326518048213055341796537212120883166101921498048
717 80269827664295153231526997085085476680741361242704873226539171911766850885595990166595712748807739830553064151759085686659900677742324023010328068393988651973753176572176820827149226150518056156707678220113792883105288305573855982879409910880794750100605775815797033695811054065507861506613331950939194419540778013351536556641619638951962604913178935438684915426673990574774676158410943362267858113369012132587649120076258349837154884208860582696357856074604219791020003309949500968634443161625383983738594229172312382697348624331415576926566134170808209645911732604767731158788969257940105359118483203956043047190653070427386326687798511493007923188370132705160899833306322571390039040
718 737690827480483610879937161062404667636200186425937599829091806768181515734758250820137245975343002078086366709887569995860845703497282636268497830592834948750073310102031053967873845201447701459930019305047736681360070160727264965852668697711578769141436738027857549611974431928577067841772073899229872358899767095272334232891101288165580406545623165035912878274766046380709068983752983759740241703029093667947693877290298202732872478936284737437540847616716011862817125972776363143213078284581691680526679231009620765770590234249384532640992279580904969768401864720250317491015362115485754868476797666413176512331029422065963557890370841325460169687489952209614736228051805885473645440
719 6779500560041288869669885052604442387753052743671757116264437915891233549585206456783483774741007158444000381570308622016825076618237397128310230879724965031581146469854517604682144491726055962096805261966392047530772620448335590678891629793275496238119600333508718949207606552926347950444308196657416417455219154970498351178705848733683744559833513214341226051459135262792831239160143516022224637611596762358983197077033646208792060454126966207089242592817271642819426094067588659908429330619972456518873803348761394753926737904874498965517429266907736963500538279007557204641055143070968443279324256835107025237726382409050991504988628421977725740778126266503524505351908147365294667520
720 62304910943582177114359927554245507308367058398879875037223069276299426948401431534564931029634307279609121185190005136939813768293808467431912885538088743709933107811637292241860806628471403967677282476287633409577796158542544187688506803354587010932397318702925257504495187939967927834076175690198777470362768013556818145526254793309587244075443349791236456734593666443399080043143863526581543245735644800995698218005724979949285716679762231465805809082320290773548272583468303583710907235881135232237812003940639687640161069210598782205611629481321242203912683511727780677976244158693404786743699923917703404702322610601622337934968722308856830984855863267839665648457233338363915349024
721 572595744263639572298035517334937105170269864406462005679117656274650738081806045457430180236834231277058626975881267737674446565598311948478691906185926588489289531063476951856412305642348770861355229689827903373791247014996308546833291695866897662505492529562610562451472794259236809190268136539250772154164987365469216308249091914804231013660377589023241966439583063937570885199350652324668917586377223253672467293007463926124637298110690298825109400471471673291995674963615278632742269600681747824842052790759292290806498806531877523404972102487054760609916719575449240995753638833520917415507872973675072568582450132484667120580589051482046937256801301382406274587561730775907051921536
722 5262295189668087647584945521992021808090754833576183307807641103667598462781276339450600016610152351712832739733012667457785401321607760592483634348695554216590277675588702666694249589247713024276573850674618951296409588468776386121534301591445012110111268437864543243838473833130612791973485992215083871958393864099012321647995750475754033191818414902701605334028554941972397218437397898994987095890121868549602057410345301585343441510055663324467033076985374811531674645386838896286248029753045022659043823052584577213180507819400891186050699183024624949723755574546180612337867949418619819076501707607622856965015185033185361458647651192756557071808562938524236911563392675985601760349696
723 48361921454475876757725037508484309703052059365413038213626233774823263198682738061960092123099414464268489757993736463376417208649119477178578056472740446940642473963316876914745179946153334118660898314944898865932655193497158364608009977105373771134462217245073731185358612937330451171130011954220459676709825684379130723730867263850891955174812700313319508045909543084912462712701028570389864307363156141287009728261614536005065294910219738178523492001270376331506431585814719318263482572482994506350886546946907589773097586914273837660513965301554828421658768767361567648887985720171029044658003168891444740914247966166417410409511792471379120580706918820220161640871486889264334188835072
724 444460464356357136778128433587929143175515580998198297904640318075251270460555255848373251747367202669672083191587802663106859311302282895412506148442192589807401998607437211461491818554724466330140571919747461847454705207896799592392608049045544303207578964266536287628852324227522969076485635697007574576971558862626393141015240012694150623778750877508392320233416070481608034140344846834549407712104604765413880592632356123779447916989179729309837883924210695581731435745933020625358953880680824831890356789288236705553786122648831645778192838412180172305329319496448674866136288601371572742637755673406064364668200876756428834849962170372196088974776441375937252037759041740327564932345600
725 4084735762775292290170595205442942472910943461210058147446935519217835418639328172831784165629208204563233998689985226209751079771494923101803417631347774535170348215926795963949926526896417889825806094588529848999487592276796938350061504033679683431362686278181319364964611252063070884209358987816542652484907999036091732079948317143061701302531588826013079254583455662341039535426884324559395127364273470074845530994885476657530580321724243303121798471758694778841048994062748814651419726854498104644091486301681764165091290721557753683314016615868545341402011294210575655114168540973687096395931320005729212700827950389423640848151431613499710413965663993874955122592533530773601205526780928
726 37540153156547984441762748352884152826070368068021375320319355480783142084975627514318261294904683245567459270372464600295943881681307408068818428200160651080657409105629724007056285569345281177623410078117702282173539712580365419724847571218257512869012507437944202976156961663992283620754437688559874182116460987154299018877333535017706593363260855417577384575261884411482071729294238193361339640964004884176926569027838192716097956514250775825497904362933719993540054937272142909442192745030716435831763360630923540099522682930525897287497352354563070249438500091893432001934604619902037193412992497832671570723974401222570787830646117667272413839576402297399750756745820313198696964381032448
727 345008146085616761223336574065652133016245574165204012428089881672573252464547920956861778541156212751278675527354098710638893278171909314281172661932744294696108371558448826401455905646497600497268830432984586514370880621503959151416331075574792495320706998767232862900049051246363852063058593433336567306837329201901042072389401497115012142468042009651305775165922486367859831029029619930232088261294583898806361061088920411467924648503262000420313648539433633873096666941411317213965405850947407932739221955390532756101624683080528559706016031241709974361229514584322586994199450973951773063394464530170229496024023631022339680752942888431335493245466363074394261888217629276417099100845175808
728 3170763807221420162020203526717099287317922201155589352042701556526413448675210543677287486040024886872000573832509078554889569567165903456299998221527221591135606639578696005879752088032151564158188647820758949948518832330896130518072938534056655630072054594712720231317831236534812135169815994734010228290018201953726761278312646261027705020479294110207319352512942930494297275569834151271233354136329204058497664831511105926764520679410258287127732330446556685499115464310240174599144909724179795501975900641463020633676103291654013253253485777583068675350465259532779528897830645546642929541782886227229687012724127288053822231081951543171319698585104050946788583521718988229941164500947589696
729 29140678886350044002810662971820726593686694876919124696965066451834876954945221596709865766897027494317632386663288573500340878211729344217279245807276176069307402529512317300617705487470338330413548136165363865750694012353610556844777726723339421536828934853818859068190225543876985885399317449448210419525669753330817101132216000540056136974905502418001143807798565595101522325431935092843595494934264922543354057191230223702980148644286094341690209587353931069741565251890891858940645323735153478687940697146332031059011939592157314377809876732169194958358022864556811482740418572335601747451115793544209214554909900045172983103182586932376845294394429438769457412981636078655715384797380641536
730 267816089837149432452004936016804723926707821783607060455084069151548314906587276540054003849470337250300096491716973688135426950286582110690071687105396892306187755590340247038151652545853360720338176141930937976413419235010695841475032936398057734551976886358186264018922029540484373309355571852648133143671504274805483766551579787012059233805663103235200897336911755354371171207591819789108779196666468873299678447619967185604173265929166915096434991336075703455865191763355569501602532077350480998047221862436155673247027687463358043779270880274188141010531454459862306570868715637775868485520829055956202774754153810137693104746329029594399874420639279262264258800385480072285262037817906327296
731 2461358580715067127845017329365684632257459653975534386755706529261060228840310793191011513182845734409328544978588035849542662559224144615322373962399117607131252534231704764476145498511625304226909255963405783289386771943506621770082858234093151987710792795941985932664540687576383445979298462430292376988686536329169900619839861035655581761440493400531648621935694029016620899847017419946366180190544711292139493575649974733546204147501238564619132925976364614502166194702218990702469656507904775742259994525234908645929222546915908486738537885739243596347593646971643940713842521187855957048703099054061919376861010094530318081421899935243258695820922568812566216969195754945918208360156691918848
732 22621131859293651830972413273403199917589159141199880006442430445696725360429968414126521605951856201312782955479333740593745013021991553169963313303106978984578333692013578575529488700048936114480793255397960667080459821098009974272692778155548247716935730672563612329776302048957050127979866371224712594556444908556001802604514533241889956720297831730299074918918353471129042451608335490880412411332597963568085634809779756208139014795059755697735567666899859755100721352312575876122766661754392958531787895424054601520835464669913542039654847787702636038102953546371928269509069121910857100329758581632416297755295319293819757971248767348466237699990824056480146702160047152657038933775230426274176
733 207900240228214177717179972521119729219583609909321544227182746332702747161741979692097398113292179555527561027178512650587814689480876635459486217833184627143352374398657259102205393228278726287889729558813848069192995666949426413855667816414519698532349686827740039033908327435096684890025369009914440985663574880573061534688014789607787526933272046894864712580972197721987918279007373130461746095688201963473853114844430160160460020395230043271352598162273858766209491036712813426809518650592636892606426813389251848313252557644485694580363297064933100236726160774476222808527523506328288637682379749098550444256388040785080629664233653761438286645972622055955177650421095020435239621065189734371328
734 1910719185835438658734397903695856380525568503712176603691798860304389106820202418315725596364463589154881120815024799400676804302874365554167769138417219341743238248294078264549166537135975041232686410641070558397570533858622364876603096782034127246003228046462267224204401023116197868564030956677534866237828214770661940515014282864559995075722464115120726763460865788492083366426981468317295502802054847456490790011963371418375563122097279829936629808166404661064033128307361276987278169305824016270348789979988303977683274849655184130406281544261536458086070169853905294372474075900732952833562462505206295310929263561620996559309074787043599353006870944935908095137376571346961989743799302320913152
735 17560624151492879369805156942950622830465800158170953905696118935569758384002398438294876336510129580943997896402247121095758257877031556376123294653070226714206678530716995765354313283804093920525899338852562573924276990557103227236230539502945736423894622692700766250341254651992252626691048719020746297761577959760301198378170904386115415321467018015889630026037790998828493337704324282627042689299745161122298773177279032438199264732404069478394075382772399493616491012280004117676408206223588645039443004276337602568177741812628514675124969992289760854560483211911101095114125535143136938338935055888299714929457501008369722626213647261292742398677579304326306027794069647813116135503341949675722240
736 161392830396131929906167248643940087692214158545713264029813953356577273482087553182353046827343504913056005740919840742754361198914140190150829499180398146944914515320665741699969951638183501419521589882053612771413280819810036279289972064672515190168412440309173367411220544804578556706891263670998069900615201003628239066474543356508395558330039479637131189117684919959561428611839821686780720210467095465149800940144843949034832546073948986452541768646633132215669227518632820024268912148247119395260657778321135697558622043825015942753102103145524582198072351958367683347381765058845495717904178743335866162637157184510515656234320191022539653654264446661327941332556623295288500773286030727944602768
737 1483302510338673985429574836205072654935616270083887019877899256961687906741135779213951882841272485227398185323358048642882097050359112208618876717356494759686100769531866777651329895670541840472642995603964915227424841298726633254110211975395031087572683028951795969411144474668117300335532152181416495378208645876679110814568485330782708437741583766532804518124488365403722184187941389951281338660703520607373751921087023711818660658263978239102704302866837875139019288424828233722772198242528216797285466953439773177847462234035243562152334882766116224415507070969592369472544926537335108854170259069819320321398482658825826709122563910632181451914459148174025555113801449413613942072465320402608685632
738 13632528857913132472419827416671011200964480383184510803136070949396218351197487048882040731019333686387615243457452690844593784780454079938798381519166365165723647244550047607125939503554215033386076562660456404395838616202717005180354373632418155176871575823721480259520852919852361884103940259548193473008709344737176687754289271402263933617210041947970225538316780928291886916158769519067303037904395643199617414827266917724810435453127650406979799746388413586246558936136707676806202116772031310328913057447089472573879146892199048885031034108401697824490616634290993821256178127234973898294244499818472744475799912872863177876374726556515698036777774859512465203599216820039923702233051647428531287104
739 125292281242302154392693409706216369608979925600207646777360612179237481839427984154187567212820780241792110008852560579542775086475439922988680907559911767067299458908263803549471744366095261092900968172686668179307531477265036982775886779489482221611780116025029561288217822455869236056539883296088741689497630477990259227984313538429045813471491751581126053651103373677930486762076626840619503649769737351339334160231365480534815961655865306917348213598177416116258241104159080909090629059118742253052874440470030963793900788238136074787863006848471115833993446261697638315863428484880307485965916754130165988178912270604530000106513306367926883844941204249793748702216025753958106379461947980328792685952
740 1151525080411088733651208963108431886770764107854796557362238406273269393802707148531809992242793510005055381554610496657212522225561973989891878684161285205984789224772865851134749055306180387052078250126420560160871925528826895723794807509332168340816786346097222620598409608278321496368889023754413344991900104228369673652920403295275693513568415799757385567000435778855411218813720211039215096342546498259745743178825127934275526738751630517148704418497751998131437938333793022662216168461770409102345579323546057837053235435038097902315449729068592944683761011405792661729477101000905507789875988017410379596425462332486513383102446904810818057882387624132306095303053435962877929635372341812970961112768
741 10583362619780780589341486235197838408801016474924227504376837997446575526364692224119182929387704049182215215973650455664083471655350946477818284736905151139984159517235152678688897310649867653267450252709433509116133372161080412114953888562672786073383577266747676251399254923681189405967076599887930706332728269624503567436852773882237345585237984360195490517395253081357037368265855541672961559511729010490761349491111021718266740926924272511049053999738168964688874333879990688050086041998582828849832113336701980646156810654968311338327036001204410837409582250674007940768392541747568537557906197727136024214345764465212138194158720895078238353934179813184861830537799397458339694305318180152043385974528
742 97269154157705462260505826903984023002035363803474192807929358713661903989867107803089940126604545964142291994103873402788335387317337556025504846988561121083329803440612098829323926993231749036069745024861491571539548158044157801293360273523682705051143667325475304812499566696081082768267471356686926191868648912483293406165871618642873160970723835059660382656385009628560630551854208353155125188590149037513517792570768861691799404812081426815189962001272093857979635443075396573830714315066806062218290990494066799782147067920412911026931119611583876154339261247226330051315535454262703364715294094876669456464889183040110707970774750478387270970249543508930982564512482596085555645952683112901123840952192
743 893979965280708856995957396175550728568958371790365666249448293289096706797217753243412096000233260261230671889101753364724365140052605046612295412123869784139796982115093393979774737174776881138864609171751201028071369551429513258261435133551656536629487988877804134984400591863987823088511062547667527668920626870812766857744135123972099868337513057761500535909641638354977860496521044498823843151705991356958348666898564327701474932348418262571361569201348352104384935320764796779337039964161554606385481509319047035723511332770999374377425865491026781372076656942026604354486998002540324720066168034191693621582351402461186887765108916892682633311575852303125152481577069080630767134794705920473147225779456
744 8216400753684313730342130858813464360608315532444385216433997293548751980524719582510584548156351633201893969364630790549121115580826533506401875383393623095592200276326598623233180874348101511233372209062802356946097706484940616281437866718070099996266175118640746083354291986443478292528881147713205080039779521022896792708074242448742266724768635288761706973547096795786681830007048932423006064626558331426710001352705890741729366307437291873507677486101915351872917326440445126286177145057885187460566525172282707385046392475145351670866593736133994074634936850270870540402686730859491480610739593754827716009348179609733307975112045689544017069191469379145670771881772768289055659980670698024682302572909760
745 75515589886514213922377081825300863314642109791566522228647428120824264587181937184722498668072673634926144058827335364299327678373117856911629545597915537683149284472868382758157222330554188843600729384094686294158055027667913042653872802692365520989228798037652416316226960473532200684758241409236357018849184343907571067372296149500705100734710604474851339137832376694244619408693376227767316876243629421431006646804614639130494831401677325765323337744028490991708283268551648764734168594697016301178375998016473253530554003542178553735850039827712654461819143835097951802739181089489091694002314870727103627163114230390031971504477498411818038500052006048917036202793125240882221908989891580011602027634988288
746 694053261321358343163725481227746014460901333763877817828277531817599793111776142771346005555050803795411122988350994752430972497969469775909612659245530307683140517577856256169775033691923322254071709325988930661429922356427250012994284841118197487850013738182430352372771066346697361709111410669149450974740840442742485084469894207077652515958072813543578415226284657313864019241859838545162970198362710251355639476269817998411834332213073269305758807248348155044755857144823325956988678722227578547725816028396399692183935312754045010692666207284893963457718093616042604613336590651978751554261160749514326041037733457757232503333253628726800469612488630939258137938517063575481883412567512412953286342233601536
747 6378963994538017409560729311277206881000497448208555430449814788548234104407443319526776338334823397813379691355595819779687434579508954480048130221208756446258427089735670288927708446376989639709199804410520895782988828864731492017700449396187957593799447313837762501057155387962004265858099530906602631595211344749461319489174043302463898811311202717818435361916035145695757300253494271670767492272821653355413204271118409852858362106230380146696890928967379405136915603569468578257414896947865690016653410544035897247848980623480666926531180455389955626400595469010477388534730847563937687135608796780214131953243460603747390643676934810750982295226751429403743066759358782789439442911466890843556117806726782464
748 58628484840651896649160626318065233044244682846224953526431723922062980303526607830284095592214714978011627910344223889607430216394394700408811673749840347121785043400443351654979458942543034279714488647656179620938811314876735252783726859258396161975935658066985943898949178359658407412762071273937638995381871748506695917705716636539349770553804635842303595019256774260528910363302684392809698763290769449252707069766439974349464473362981298411716985527702929060774095642328190957567743091801999544847161966520441549970473101561966445845988904187248555665711767833609699908045813474178880879799812942255071174616550219959974027722105450416817461875269358325638959590534504486842116902437847462458004290246953424512
749 538850581359379523722674891116696070486829805079294303611858512603639748825823523510250153017466472701752255873784975636130600484575214949759458016706389591168938565364808113585296846507604149856489695331437236555238300733088451136024968616013255106292944092135414738595994197312124401425851567064027944688944077828771821017133941324158557254675810652883955138141211937301477131605792782582191633617878971019944386543093982226809649019662699999215575787414286019680568597114652960586621399656258658202325363288402106755934115957110876715418633743823630117526932487618819039563650202005124822272152332935297416335258002944050231950082276191890178863653616193266352109633048314294106427520397614386391751366527637746176
750 4952553810180400692466101839319051823099408387459754452987655759360423274785104104925014031471052269604424988235089881200650459142902086994716530836379226541510601084367610879928466261415361652121712427401497290498374049813358641876187534064682944671895796026328987041223669164775579875296107502279582397243424457552739939679750706821704039953374899401763227938701692062143107094174445087130176456484402213608814824891980966984463780143993028455726900518825281569157623646349303830117718266670702913736671268724784033957238296546911162362549193236595979197781385648113773816566306865773198333307437488960819539243401394056101702356518916284516996090346552997528389523578731609455743017491152470049250367680500972429056
751 45518842417998732198798339102887004862278963888499346517965984069620729014610808892813230815962356400575609050228058461707441087132800652829517506442884378949037190715139618021244247732704234799473680159767172020642882632620844079402676007843345760827961146436113319710822704301580679961072638149920995137673579664396094456659366110278052447240490732534345654322636325482999666800187184164943252498384119061601172430473427010540854125369077981405320438787299075922584935004082569082274546293307894768392580084827104300696713970359656198958659602252823096045788777383824174395159157121660713636425572862590283316418411946516164069894282003323159650505037553459017474508382070689213924961699688746329820076312020581584384
752 418364062097009118032271101024431029530892404618698327179217598997273752272728257937489440369921919036876925104767672055306610371694828881970556286692521214677312423198127169785450116987631155240676164341589482920069546255096049950210779301577554863714359116409319540738113568292982907426169821915006105659674093223466352074636164770784827596923632848212285436021646002614249255128886307571715657880309140401524446199744498819889756032934774107448620876444552610672770450800621438292859678942766464185804633241010637827228131107527233593489020425134847978517005497771088226100496431838449326660390477501830497383831262809371549982260797906034468821915201014412357176917324770577771813431765029444834704746046697836675040
753 3845197807563394106690469535596679821108677184663284018327521995141259506802259472745879626823555000423602483078673219551730476519227984930014896529852582739889827049418164131620596810280758829823489058201820609020290821298128262535944000694856990863212311806640099969943031449503676483754430736061120600876094737620220264630382468886489480561429375786629394354421416615715896055663591766152546361686133718434280104565366722753375937341432591616988244633652709700603981673235105971191486063650842890800925526530364787661830392744630284239012349483714815263690781735551362504869516573312795117691781243187208019651851648546654663644567388633240086118651251203182382360475830531077162739011497782338186486186850242878396288
754 35341432649083477197500753687599126981317169134152157128756129479301446860649118265116652436496872429773184370516847769729852080742721063993438457617463623480794435595128998098779104965114463331707543260335551844905235725338691494111191753366683332104390571066561809147904885445112202219738551389340506919579049332383815460454937718799504599602860540778375791629627979873698168519876743678271627763330832685354842215533069953380602208583561947199577766603771765728546469220011350036430664471471648415131243679913500776016122254901369234526398851123038025576310430358414468788622744357895100088377156844268773221752383970380403214380944423094976345345739620899492111801564616148348665245712889759001596848999527314429680000
755 324825983512106564132643524052721235583649002994267370702163921327720080064342521895825164101845248152726878822909613654444401425144220929434748294399329667917043483541437003853558651024136509119849319753928997729108956897648651161092377617680007827885326330024037829829896178602121067156827434659225538194260232931954020111986408645223582893902420220837220229809400786193728401629121995181483785260775130033899229571501179597839462833038640933892078547090767865958729961784145073751860959354717132445288744268347342102616749874964319025893905649978283023412910986260597144562310750969997742123009134883714272290805304508249308830486789544401360854193387822367678638024681984933202959103288132651583773688217460595166868736
756 2985509910480432101804459944833074384545140565360253113465620435015928012039476894795744501490796047251932085116677690417424713408829011690982595212146405798462133577731604314306411660276405357907546547910140277079261506370912524079780629698547963362548252415852610679062605779696627535962623255915295619004100701300865808286250872365489635935005616260944081388425160055565205374427308962035393037449443280710726126734662397293640812727322451245962056037656022504967691492391593987742556424092234450407915596465886529692035523385985868092191628685338661941829794879549246863099528926191459577027579079235992763811226824232875279484089682798448748415031722000586148488086603210748919226781517916403914598457841675155187024768
757 27440208876541011667656052817314164440269778144431364027230322572321148187997179580812789716982163103680453563844889109101824080433622234485899149820296724445285044110694748762331874186006336423816384888940621550156589959769442354418881274192513214628073157067839266997518668770594357099116104949101771717060404828469934591749256824428495294051633127954017111254093771102201746007589804303014254177128517472273029776921849637971640910209597498043680795382714328268366739193167588700023236866791769819917030947402547275057959546859609618250717214800980636551166118855255961566299916872629163092018142762528295061255685444468638325524165646733640571758814717746246794305614679525688397182879271581722971621388337866744368953856
758 252207180076376458318282582427586035111332621679430426502704221359308827569177820990920053300958252743362658960932536229629377769404896898262919507658683792702599572753611864464821955763743817265972296285468214355420792884560184813179137917454050248190449315594980800844864286011671290643258684899718538189359538965070424733647502376132820450424281780667502594266936516313408306883415975855214738248568742204481355972905638977511030059909950401834986437904744055819092793965474506072519161170319465514566839430708927109137352319775533332843432726272685922120693749097009025348602392099693344249544306362359555518362055412308475270002277790728694328786651965725660012167562306932981811455310099068822155745728789208582091325184
759 2318081037714718493638851188345566654229356517847882263326346709678998072786462044224396434645590219096679684085883037038046967703477249631358262004992436106573261928992791318146485857886950586166384599801106798546077131463565232965593872332061362192309888130249100248295550333939189890972861960984971657503763058592209474138768148046733028789265567836116105764823528488125977658960644953941027604220475624816019443821295983655607690985962225909518070565541461330895396250325202578292689678437450577802666848029395410570663284152846757157819189060570979271705594736131986036404784472433481879713297225630822605320555253379586327740561059455120449897639681715866341013833868726185122957153035704171938445771461182332771682903552
760 21305950519667077099407491979893269611771975679888479654931841671589612195338188689061399157651749681636985155119690887687876181390942898417925050478494559008090205374417926018763449649665463310324211948581715423980334723364102334237139072387476325989969447307112902602004436787857936963577997118209287243015546921963174599537886123530790111519136748116748378113783299711440476017530040719069233455324778173212220529542903130361730619577864004042445971986970907760801104030952047983310817037178186991322153006348206397892065278305550842426930332340304420537078846360004687384655817290807118265038478331935822372949509577538390154612205491833351664223899398950048105393774405590116387035676982505635514288177589018815245881680448
761 195827798904596074545283717105450759384203551587071632135260372657662951786112348592070768584379660010726485312319403938088066650426220384388022830143059948370883638735534326421425962508568145906706898499472005123725103203613738338879766492665411728017569924514051254149593844423269833094227449653989554548905839795435615380188278470554755161344640355823524606887890712101108403107750033137908403999827881661136008669107759623293778393428254356199026224813962912018155577981446335295393411014185770404333334073273215115379904484847279947093533650118787559379498177019363763751306118489799787257421505887356656778894971826339523830012141108803267112461077504517557453105355990305220309608006598498980442798307002572961596793231616
762 1799902153643311416839316137730412604112103875735244011296455875311545074173517583532839497994139067740146371449485878617385781414977148880673549624800112404279075721919224358910888739954762842983116091271220592312002038674349552427623027414397511436641509427908402781247407783636080207789464574195624673532367648509984761616219133274557929207717395912465519577726221238884602584070434749493855194026359893579174037786979893514283119849805729068419635739739533815682505358442439680964276082438505127305515574759139550339712007014107012137115182677934084516149104944708724153011824748043470800839416332974040186625286939025846926601550785709833721900316579641516324216764397905832615590008775976031923340453078873851782518745847552
763 16543392491572486119775882749102065281496409820821005832800372954833790935782961872721716833783015852984414806911759512976926726081753743743729797468246603894645773347821992908092865823146471556000573919173822971646191956005477613412235300915074069437602473499446317988686892544835544460496452543778899274764054477891834020596478095696038973534482879103417938203304432385926048676315915316051033482225760814098038248464517532038851392968051812349261443678603811911303057461624862401262261072528713930488090125277895217305802606430758613611107918172290052843702563797494374240913215509783469758901241204784877472528653897447915419727763351803077975875373825666787064413920819432626015456964124273727148069245069039435985769701694976
764 152055232706674983457910499719221048082639669045770357698341001042114743604828025564498314890378815856059090270061957674801062115529326970041380259782747742251004273032016366103551105386312159413032395118875517895587649962382142345612617838764151919631109124645894333612746606222330045711832060707302092783522241871499582723646499188392716665321978095091258602599754426910190165265646396901340284428927279856943862984536048687812266582292804441170351354628939727651345251622956038919966124800420540581983998476062550055098407363748563523344655170456313243838741063267265720871943026227660918985234206322016501335661084925618790713162422450490372205460973769264638796570275978340430520262356654048236312433530387770097230527729679232
765 1397588388596440970284264333892521511917703477928602392924960980068079073823087640640495411555094916844132413174117943640169037005275908782733283959345575987906267095045040003816607419060084983820820279868980812227586156064533256960953261028231720625385980653750198281903305481913430295715772623231299736687011706719778473732172414304852295923076096322611000923558695689850060245724721329607645262691256973626953965819330285533657145748144622880938825759729881673609490185985192318063276758139921578974001301962021969756007104311057844586837909403046529069773510814494519358729722730374131168689317951797455052571346450620246464290050354119055710533257328039693356616462132254372644328947803030142314104003488138354742629788774692352
766 12845715858023729010947074725823962156477048616229680569440111169219911017555854743387105910140284447294427497690723266825510455549221091217804177856074684452913891735179561316033103268490805506749391018114217995884593003137254292842360433268965795379068553130226761907516241673170921156271119653709382209693279566331397523754218225242766667515564933466005797703144839060335706100659570713716782496000372941071724556138442023005090345591451237582738648054054471859855037441904336529395089676702850548343876181853855595213032623164440840335211904820374830504262958863662977281546244283822507794866965675312417250342270336693999800088673396851174490402896073725192750648773562065515431255391434866028203904659351590452031417259037949184
767 118069697349394886532673069142179914281556690522201998370304031647371940688661428641908923921060337449258657346977380063147892536718103164435326022492315702050018005357255736429329803243499144156298379719973245813424573686863751224412204477915191376630465549990857132602894565585225523711966762639116363361207160960092113045742808472095593495670173787116561633316069526379612315865907095624011328250941171679970746343374637877959906209119713105617887339684713871271412859069081474984095559060908048955338620725014562310920355406290431821777001413614200799626474229530371868501399257993844759481485969438127195325372595871599216853207985128564999299927672101443116230773410517732402955243693303437043813418152549840687487867418236044800
768 1085224767346993813669970648387393971753911257964309134961196745098232523486844967844488902941514308097006672817748221225768099003918098285895080083907757535479574803183154291588618191114010096969861495939158815589020747392280867330072706857759433513184767045072288211562551230610410843279114146302487351690490965710493170592237128155225346991206423910971733746379987123212802802996878162780272539487666930746981064994959538730981990207107401589411979824011210171149048924448664379680826615992335932843538316445380881862406181135833645657879402571990991797927925663689317779492362151000642761888672809934084341176508775479782023019772945773421607487065859515394187005601382083883121979692145490532101905283761145369775513214709542396628
769 9974750671828532295774052326000437824970861289802204406189026394100503454323676900866039874151011777640081776259549560447655217534001732563479606851114972879461222803040083150926382874969164865367879691007421434677342045419092314827430474369931270461261047013073587570257980135217651707930652556346592023465780917020692771623651973968426171325177860012472356290445425482329531517185889521607012526121149654359395649414769165213243622955870158645388731899423540926495900266677760610862558690952966455386320184867537860155786504797437511580699570887014862743312715929016732224315417813439519164249104278787150081570075454580043088257423235091661305934117741375158707799939844470395386541426922184157259918649187992541860306992450619327600
770 91682300771467714007395859384812028483142508911170565743879208637567088233554950273960563989481800977860105464661688180388376275069009769573648942981138901444846710151992171048857323947550649338068823329076823563490156575055188360523766531768239880101952409821419621524696260864517340118040692369583732949509939228490981835102324836620801101932827594724073573504144653090395495637943099124139266673383264917829522914927392008026521190766004597347460182608403362394344967079466130282664778636042813358532466263507317811622076057415608012927160486368470079834480460292477925637554263833574903048171966613238070273474079606684154938102414857948001232752673393508637255161007891752847918314896249816638394563219884586286245788047425289070656
771 842694302118513054554425627803170091013668397656084313693189660973842862427359836157614685748510196301780603773720163970901810374901864886018978586618346467463237737412503135492282821103160114686603196468689057644508469050768581484839362228702294647915712380947568754066728134640034685572096126734517494345732828294363734476523939223484553563925351688587042471357059417032000424563697938729722964026852892619375072040909185901632823205316339995999518956472880201050483585991809179873416160386880143609387766020617911569684435690771414318517833317633607957281663096615794962417195599922480742705089184899954467177543581423963726150599022979070812013828247893092736114906076667752118742971469662130107052321510259753447571521067304000360480
772 7745611465953926006055268361664068872646895708304710661576464759302328186531638577304038182208315979584166644319025386913759362955957521079254582172809558154165546683727572344301457581800209630103014580997924599410986212667814979842387767160094185543842164655814076700126488890107205112262766258631223977499701469820798542689720058760901674195762734072077327224701091539828275162809777253524009491444441374117531917949329629188362199882009108499701832089154196453344672125800717468417106542445194629000467885698448063742432144557663481850037306315676750012865819183724873374859580892037608701168435697030968248954058896597273151187851023614247619862290939072209680802914745067071238741610854499548507450088804009989884038220094938651716928
773 71193845667136661501167984452736493186707190825487799086319001901384444769782430213921090444354961690458178965707528330615951527496123623699087339657705586514001689879439450037052244532092731300802599437551396201298871235869375401791707205311285536628292277006101339386918300896573893811703058912918497426395448994533712912712172827209867066405131775691260968879679137320915463087553821158812480925625232770123888271289817922076984419639628833869335797783287659951460790637897037046775899388059061393938127928948213017271908789697636465882054760182990793385804760428872856345117289041681859037704710612810896120061193041134896658454721486608865224832939800630894731526954933829068075956795895919644184124019704037353732216188690414044153984
774 654380408353905354956145081800509029850117383009712123912025947958726690688285038465655045955972393443394706920854116524009419724419366716888587823721287109305260284294079610867031148553567466461414122965605304551849727676179814563922795307970000114474535424014750382407963430254499007775918214424252112159184530393697837196782736702914203013870193882997945481356531266478278889467418031914194405392788777101912394511328281590425705067861121059004295177520809283457316461642452804657696500279104571505537698753505200881370945317350192379512771753032854396323676988394546543062807198208681531112139422755587923243174254357726949001595541049637437225219204593306043776420673818090935272219506729000693313905790391856709554204131148675353785984
775 6014772594422169231845157469018024614707552452974773217986747901725882508161201300905772572015675338532468533002021603234336605912992153110114579234474488934326380270342541215774552683889163898867505196240630729178107151265297522564465787817086394419306903607570139266285258544403061797354927853936381124483351771991947370070603361479150589786107846892051585065180109972689507165897974832994245858591591044027658036512419774960224192504065273618772226959601999610681847285315598524774238144127001687734937455765739451866108378172347508184918605525074134221884489149148373303583286191376619503585341073544630959999556654831863000471157086051670386693132957212049298166993785378245875319424185821873515358322201302764540674432091641533035900864
776 55285242829145204575405770357396685020219035146460576591544949076632826511736375468714209758347234170451351660001624344850200487750192558181181180482175500999016573998219854404603527966174707699989361315155598697359334016836470443021863761348103945679312378547807424301667859498092259390424199758967561965527942451977952935554803218636287853927820616115077442407632750369442269458545559977854597312830697277893976150140655072950273257822469855301985539116507721295307581800337232897013202287355028095191654040532860513470702840456643417776993885918313402526825301258054763390469955280257048535699210678869744281036965676198033619503337976184968307256682425464330264768021186578020911091822296719124173141980077044482783225516176019685556654080
777 508159809170794532249770284248299163896738126302098907172678017831714836109916340874574339044523467394909871648323455023647038154729490262460044226070599276248728422848755748134792414095852517075866830727479189531491082327675351142639567759695174742602134943017037191314837131612636972928847591976962490309095553612699093690353428105756948656427576075047079218770043695567924149629203300657005883580891867571852866622762591766053536923450901641988611045127430653933369257461793870505330613707463942584669422243242288705602526422463135039101959020137720534831256995972495238394686840645003347571154789752481662315009340532982495613994247328546128046365773768594642741484997375969812103093052061533475375275894726835733937266620012255968528298944
778 4670813050462579033865918016332374492738333457690732980345259141027418326840014705676898686745379236261712608484181902017330952431991273709460705478958326596571945067569140452591824277682393938162172565205445695540826931776466077440791508533327130975178807579578324893445666150509272460906264325908358126323000197783130478805411617312282406573066845645379038368965143590228031096839835695181800236900961301454751703512704514735920065098128938196072496858879129701237608656640922324844842624434818503739611637772565145927155090148088332585319889944697081687447674072053470993017268656174574354020689181275942345511901292906179027950720596519298815112119664880995360115928643093013876012485884264642921312741781933967445606280012728615003030921728
779 42932456017272438936242718404197687192163863403507751275417987674899681047303082254300024944304613409168754666899836882414178085333928450593853427679491408313433783215196698440381878739716844001715787351526576532141605453604623395088145572519461680313867592006229419201711737606662646380276577069644184602608563675588638125711340907688261147829884273383168450718855476655824451577540717972834906865530550668934295016882852281806538111774777114785766133911518664755531866564479055564632004775775143454905478015995204617799283018543925548490737681239353421870991978829061488677570380053185463996623175561747325785650310752124291311175094928875332901761706435333515492090170986217439259396766284540064640604934882850057000654870203267970619576298496
780 394620876307494984563162210395789316020700735378112937245384074699131346527038006643888203918588698732816761964345206591779699925758017757064962022125897239352508950516377550926026215197281112350011265042542916490977289416702283280258917783877246900306073976600335679244886655341050924828798078680169926489213466266808068826019399905887889524117812788751914293547060171427536465027028992948769150781629138723156084246995624306280451705716075853550300565289531511225371451576730098625777996657283857509824233993003250025171257296849961621108396359269519355596280862833528362515422350284156136431269288902809459278567041332833381859902291617972992858217921295173860810232209179357079579913082183454946993841899387137101501545944418696570693280291776
781 3627232976695880571898363452319565647802521362880401993073904711359598151199625430168333665239597626444387361824695788149396776702894767574029277721352586541691018862644498086719784777057142796226503189346566832132855092313118022965367420346414605226387194080325261562917385207787539443576899798769570410322999075644101370458948342481929712334290766903455963973368843809570471270233900138771870604232684404794031959477219867633578754563091519020756700211484883441966377039064587121382884185028658401676073129053159675322335286262687733969553155704707226330796221552798332093244432091033954645929144868041436248541271315659855249094743234377570776274529313515828873630783729016466642150121586992257065665551968261464804618942518584282750266317339136
782 33340485097461937585753614849114309633003892489733901202289151902088944295687647560659550385850875761441418430584429119732874677117145263428867072522744152329783280165212872778210427477697170483290336428746525992576800965941172579544976792348690993201361653949045299816223092313835220574818042236045090341756186741128603611681997781839531718442489331656437617926504185975331317759523921553032184379187616767779921823471169975275916983567119758330051651446088501228095372096618791069147410543485353850623277057522996099305213304985388348368102713603702279964049190094874240410527302458407716836366622185584010515330115882717118908877377997634681358231470802389116381286810289993461807036617294011068340884313870136679416110473646378737054347580503040
783 306456927982946535171476032402089135833022184427087377302113914965846246099517720655209015690263239508277133078543314356759431721132774448289633511085255554140993442749306982080341721044184629739315089325573115890119835928091152073576974701370227646448027813665381724613194504358984097366156605083594267804259789897330258353290065637658800285372495906757156416230841402918055298576436894259564893679448492595321536975646843935735250821256664733045520172146584658021843053467189185989578050101682329372852880993498381097707110884421710270188912784134217152041364719611503373738869597725989832336792521343716346785722458663580547160822359337794713335832765007308792019259113052229342035219229843851906870371704781287697889557729169287219776233285902464
784 2816877990167936950692632290280461921421235130958855073299636639898019065186470827208426379655917638503535690205758471342625277819271042182899760631099702945581242496692289735237889756837498730114577986242616447657697604958773310188030303233895666815432965585310590854575830527788195053453715475387994761838368085097877824359110634303215130121728993614795082402897386010539621488447013898990582301471697654607506312824154981012531699288278393270624728188299261482329009518550067229082555089844661736323075963919735030449457661656611317512872031630576477989883135855698875986843160426842458605699026158927070459962512795193986474039768538404048194934849607335532354461022605002695713300131020398115850605158007024580948851175672990736740673605268719872
785 25892124683757304054693072952715451035110936460308468475896215695126507852248150920369691888027340048814364778043200273853739779344920849261273305268496572506083853954615185058473596736719077154890722341742024508763111111638648567261229234818694127225702316580582701275005960985721802810985275086170406723921849365532444204748219660697872001988256046994863726946831447549064929333007326821331589634463064171012750993545534974151412808235355695579201918282396662925103517296602304683539757745464304617102293773390905097989000129738450820082091672903258787273217121104690158138926421262029681518457284575883991148083554786445255861197296658880801507936995504013189544730097605071886716727807491471923434973296047795000817278565699147145973377731449893568
786 237995311134281078415441875526887573752677694976300105933473437460526273417218433135127301509520898269910266612815657949601498960851316648618452093291490789501585151724288267950418978304737446309320627316744851391364729317719129781547573218951156893575644712070798418986320526711733796430318831244338749675975590225710773923738144952646858302957014275031745739654958723905951527826588458437420849926556927213152598180203028335082873508823440290441531328819015758092738948395502159121461995394161947787053458702090622285130096027024022738523734004482848542868891366265229242947085177781438424425439213038001082801681516233620040706247075370722178630116830659222861119814807523079196100587861294948715510669412866369639027916427107700781442527890703687616
787 2187611346638213698307403437118200467382017762983399488256172911817286377254778610818254426947077809712315896670154388200333765040133471673675449418110479589227803574948144910460953210643834646976509902479683710926235598920927537297798740566289531450955452435762776799278753043098983507801268877389042160792664024603256970919455314213957766531719579084339435262191429348493936936549740285123917803804961200004554218663651637012149865337828023390780890848776454077998186659593538248373378987624843362665781066512087179048873509369902734679465410443619510036322315917556566146019374393506241317611074327817838600501793857992786981234732114909108080302336249657106161313758422347489949916231321616387114646531689355952942376371195460875979492578968743608960
788 20108190281004208517312090961786814977528399533404727588472478725460900131557462521885661717600556851823559048485262766859678687496656110765231946733658895406771176723147793071167675721665694057986679395853482852854641228168759945796184071423902162465918760603831058402884844091068878311179633587384618189945787185280911773178157747433836332012729746781214251644135247399005239339634832265236149629286281130844549736485129460548817001069700892341721659129794069919942581081502946560706805914660589905517941515904515567256351542269722603297535339270894351449118545346988428231426880080974940983687130468709082405016821233091923090688918047325732970737926027879142524748778907494997912241192181422263044465343753828499827550334694995213553982275478735568960
789 184831868995369879903330914858813076863565303264902184266618903956312530596146694096674659272865573160821845111864151795401023841858610836271459909875841462311340810114311442676961264300565872954270747867629693306815065469236267560991891075729193990379615643246721797459804155326063518144487500434755599250990133629184096540664527306116550087414920297040533409822201505166446456061611986819635586235362710675378639379135301745137424453197510456548912353114911001299821341886800994530711069325149072784497465510864663455887914924730105519264953489407965003517404710774483304750485432545795534550537984793512952352523389724198167788114632436226526049074000031678593429115665949303409348109832036050525162693256485766354507409756828302729663279997190661145216
790 1698954589919427453868931937854490212769080601452187906805973509914391089304096889717737668604265218314010127435234600230975438973398912224574907108813050477953404473543942238746336089643860091867532548541828791109842282220468721317801989774729415295320161694361789483841916936142348236145859601131604780090775451353075823908021869878156050840321317443988945768503728636792618797019308514292946675606337736418023512984141845741419854775459952094969155085460261009931667897802505370938501994993489712618788063809078241424687518617222348479405382704513943410225982789354449459577136730673083913902311713789119694375864730058220193297585376771356081718731439191800317743807330578224889057253623640981487757236638623789217101556776593709370146536064549663407872
791 15616644774247830086607206861455217277632547278906811984101528007611787802841162613743405541692577850471620138662362909137850458465438005215619447613612112601838395587387273513491500314091867702313760486442205054775325649232890702489623874734050345286322920933332538413692541354001293988455500677998824708170818427726590014691298784054706054004788631445609980061798139585669576820863091458308609779272663059325532126546926226790693088252730228956886718977098323994037659970332491697988560048142703717665798270950580255021401135745930093780388694278811474443397862423247309247251478608719563834983732343459694202461615996295085879768753116261017917047712319462684540691839999775879697124630374775298712867104772606999271772885723621970684885337954332371268608
792 143547202818789387019772982567748432707238840030548321010710651849775498174002916301375164748050353287468433659298882082193955006102388721369318027477075600229527649033163608350402627055867127328790325547065600223912585282459719980546215904947109509053038607002658922795267826762737981504772394018266324834856306445764358488937983062237217560415467157539169296677292409832865844793885129800600832429142187085104298829402617803135406950974581917009626050454424849456935707102581400017003691469858704737716706808856697509347332761502482808700230721861137161581765264722178980320525833930590012231790267052612010487006058012491762346409594556075147656549249390523407373595955094990884567374166834208449566659050924965013237601796922674901652365700856777170812224
793 1319479891215779012542573971021961060505058305000817593273606847422012662327092188906973073604276875815578413305176622808086595589019398815978325439147154985976524812057282118953516524239463498679542599644389903946160845700640808235169777694882491212690982743588448690805126061845578062422126017616955774568988348201657460863604168734825525620713568217397771053557463187315009917216118514051509652562662860258183850158361641374424349103626322205616388895321111341919501854979361032525101334845125493973168112937532411437554538117060303700736067817661885610862968286956800869556194538885358092947670813544591345181382666045004194837857720675409338237369441991837306743651172553077774523021353201631693554176883176649795639313505213688178536339860467274691881472
794 12128632986230238416273344357754329182376636190042275113421622040771418701553956580688639627195411164494406480472319237065161790288395309764370068093506284712318804428990847941517874148125693696183274613935790657434854359494526832424161791848864654972712998894857593359929267100141280729121737609537456492716666639080584178788477138476727446854631538402931459293699651323695078404492869787974253256139711793354520025827039630496084777392083038234145944429537061905191092391875431483643413323857309696832386131588854280188478431851655259593615702550463208245489147104956408773007307465314962106684333161257040781402849215351806342474971897374903577598276641084889094989216635156811973399404645162229853144000542579571561916244651827260755960296077337236792580224
795 111486419269650799732842034272862190502570421744482314136403734543333020972902517771261605169585996408568072377079604028924640964576258931609175967831038230918620932522995237917409358206786512746156955978779699636630845891536705659289599152915821988425389103587625277949499408601211457536887013440446547794533954609439070261708625024471646198381284574242769778600396764388390576979381185661910246839465683808046594039743655581408415743278175875729949490743345737386204349815379615534129639026151342025999091388678697199092628418285789772634182172535371490783432042053743626128528762658858552195236143116573225167990640231415726099934909706407590235181187604595414339853910812382725740751750873605282526862785139809657565228646773594075786906589593863174399949824
796 1024785828323295841075436632526169992769928987660355935591329435592248400482567229053745413277724243859126554600855433353365955872253366752684309583351027109018453235425366474436732136509018219041394253515338986405503836960573182312019952385443265741682103230313130720020033463778371027287350332946847761052274321335397217553096137817552437521168554699938231476203153212685945201923602368031988133157047663407928305893630917863355182697328020365587425486256852154433082055360144820631374125609710136375521009465795651632319009556731195315664368183247945209453941547822999893450634008613549258610682665330964546213380257065092731264786627583891570029959455658005169534975060161647270593868690348255821196532648913619725111856490198874172303817012386683048183753344
797 9419878122914273838410492920609211250656375712799187934061980301130734015648371638397799211666260642992580901146282300922292010538837524841589306356979102702705994267293562352110820883528804440649745731715600777019024561807226177924282514739398162766942973035559934996009279359979865242088240154750798582576174470074483568442071209996005229649886865293104036920191005116701819103925225253386275409679477295047560550341011541041387705136654599935754694063266118734953274988540772536281610640377864063689817139729783806900059094025180848981353868686938258921789122352852982903389736650210711719099954000604426921719497324355780719353885430256016704692540183355122903732215366774497833577128840667862780004145370886513568480902874554970620238339436941526097788175872
798 86588154409105816594757266377714803782943827150570759577483625903878560821442762532932415044956741273638198924507016694830454696620553919295606320022191994486572456289379688225540738374409337774076506429936406861737795858619265747735582340705201496192117686550639015145565670452214422561596733696911607754421953602256711973481110389036156552686679666723479784324824717779564555198234515314202138948374724255278756183108596519397594907797684998487295907821770634445049317518031996993027138918094200410921026467746894562168249903670705917019807233370090601171367622252419254869811994952318449635201664888148558937589238979163429207375910851770119341273033263057714189810931174453902470530070153717026735456507526348159460450817512098037275412372678503751944951135744
799 795926025708477229002826910923140660353313107358994219322690380096512924434009343105260773340213336471217286871297267306504916772524336221453195658802022519118546504905650226984824569656449228802666425487568673623216350704891001020861164773271994253052302207923198854441952054820566990260060067267314096114019859595997635312606718238696221724851229341487795929455845170875755073849600251624822781827696574395540060347007728313563927696249922180983822480628556153102925237731828790156155197709820493366815410102705508976835400398643400172592565227325914481175829374361286289902585167570261159855746944104251947637585550416812763480480102668685393783555493345953284833470969069774889681088503982861145618300979446277747257439293396151783856236136278855352070109105920
800 7316240105384615882545689644762487498878980045711779342714250418308876115340872621591989189020348078910728918322868316713751339728322813972640559694235809268183132120047496484872418104128704441945158727710031714002996098208461453242555801386782003429328362541686383717196585203234351310848601506438466792616595302090696118109088253040611672474642277165899987756337053173396089976492916298885571620109448609468602557448339659189885352653036648615956621279154659426343290239297169270492686147487333922551537212619977116252965732148039107938815930809013940897169269739394646369375298118515670852721017072624578301924497639386137499642125929633225709537022746433066360265410742984491024705724835010049592221086577177947433445855037736032570821627653366401216075902672960
801 67251846396002156536016410471782173506825792792850083599534332286815016938334215708723945528269403014505898329958598429197196670375818447066279555000400692994918235825885813529572869356119678198720541233321482907118302224268751685037409089669507842472154175978968805391864373718456214431953912777592971076308344776030872817395856275673932868690670487293319268907700654244920226799971289039030082112172637283140050454349050058877592449748014770711187703757617711815206003981334089917623946904065767266517651015839947458267144881607754121228940071345742449984909335214852208246663353459226103561617909330223744313212949819412136035242852017930828966627744148806703284235315854780068878572484435174525308573580487485017669364487618948569308211971496942136013646138131776
802 618189310344146031256660279020025779943370358018919425547503477213497342451063940179549011231276173662134165092470431594099709059974206673048612079030978209580332432224006903876937718976804313862677810100204599873923671562265189023688813162544329050683520210875730762683539518512323276863218145304527697649888714917957167738400755474477937391347335678208115818479746938117646697204602626859305729272499472440217893667823544185202481410657198197500593870039505011031599463335180994329050969486426004433914115748105209798658137406707851996236694220735090967722709487972626143837474838042090253391072781844425890937141825981107022453273745900854640242384578905649968844374717779474505713760453830263639724646274202968892766359211532957870495395285132290513204292306064448
803 5682504433055598969041343911597520153811009887803745521637188700408869374150932307018185630251068509995638627410921958861140495109546155122304476774843587655910194575221885972308346977776292085196675768864895609084023927849781712551125371937791291062954516305321056386265836918756885817735858029421598665628489495033996246991305243008437591333226442221564900641880220434060875499233536980449282561770828937687013549123529867433104075475699359038572607143533610535940755216543832277699387174514611654549911271178650154506894389016499554440198856035704729739181823268121768875080109344780111405064377151071035358548609660089360551112905300639841200408856053685073617834877500720310631480165199772463815098355659824916042085752115059163893190083193896436736600026020830336
804 52234697788835949197290638538194124196170751693971144134656000880643671509499461477817425893401434468209071802212593621482716338572284094665929275940172856985606461539929382812434613047927671409601200651215157335269084712658517101471060652269149595319078214415895513453674273575331783014869501164114141428380415246450587828787778561260723109614324967954195121590785048582356901768338582502000197910142685620175861575879150328172460619636723073211131973875038253745079384773994938825005431497835434285810241596062472809367271138083124939446504867227777126326957571189032203794789090004049589041464663297023109621432669826448014005041441508460925527470234287719409828729418029388028456747845997817545348576405676702039223119563538319629139933458501202729166422984729759104
805 480152725101112276958026950364270747011060267618661562117257958808298544456412748266540672536365363805948020640363025783976413794673559356591396149510092006791379808779254406231509041370916325442746262195597635108224623827509606470848070123606331320596833433425071590014349388680460163962072582169150209804570990044174516118173098061177090196441390284898665799864861579586552040452569449678885022482449287344779173675829217839244195901750301484649040309896807721234460402836687931376988004523433995750383522426404967511171732410647299693178209356100197422876923599685223283081308700054009475900822389648159973220849411813166560425940622666339148750182474233682489141554090550048295627814466310172248604725038479804103334052409316021256987877801590419748504228676038670208
806 4413678708029252404390624310352483203404761731776430668500012609849068234534883990545137898119896524427148411704911017867807472302140738469597723232932712435415198040413984882963970562122010061806163863783761944833101191657454082803847317075402892027025421075843994315803462591250215337685697063957467881399535259302790269333847851865027195198211809956792803906752853695338436092338522903286085262997404019856216885827332605059143528747114692354705257872830637847324161755085739956569908432277740910294928918525009443578676593777095198427638527181069718780804946706368779218485536972455340263531176585591453735509831556454685102865531513581260337224362319721094234457131314666103863298849537173777294192237211779384059198320029437330624960934549356204187281118992918894208
807 40571684239943128912715466366381784244650493177489947761817661330226592029730784097676424084316512126138646613088583671697426395222970925311219507665519109366560031703139268583020070706356087536688540503877264919774143241803622926829459724807275568431565203374260963365180634257815442520011284246099360554246415583379222462080414681988154733475623645728269109493997746309971720236725678864053287993300362678920274672957225458055778478843124914832492848077889952868671573782534190080734870610103720482862789942372472931915517062206179358575021483240568158872249815335747084876158332655577457660343262553455244601492150456339956601661330130622847498127224946822570920900660858270320940758057454414143148991755804160566158150714834294598845047651212526638863396198023059622144
808 372946348147026325703902659523359335660735100042553285573208715165798584547728900814940155541693441527506971802596715980940803397989385700484474828317302080478162740694652546634808563759705718817888693846865666114420460530247076436569094885542312068732340838330868776838137304385023538590552201022332815769091284858221753559507321527434101080753543487532780093257513111239319932218284302571355689949447283627049223243991132553793765473926001997483804567815171194744185956242913229220644424002480345494682243747988239065060058066508131614174618410862826521504609265524327842868598590533593298119519804507937357213458270566051481951093141701946071517686244209271465317572806837177590949570350220236022782168562277701806576395000714185820807877220575900311638435247924016041920
809 3428235750945788452913782388044899328915643652349413681377921276590503680251684931047204799961463258597698190386161562047724896235255016135603224828820212805185471097589943649910014814517719910164191192592602099539430582592135230959509776662698367904176634587443488134419806575398327187984313940912058570043614503563293411260650271065513610386217750424703190775655424897773140089652969170819548053444486011664860332013344788434308305045676822672934793259545475977055159431732861418443167791652573095612366737654754202092408752978707920632740670317028815722596518543926838224202349104414923687771853115691288158431408104385555636288079551311930154638384777892341085997466786353062828689848223449334906752970822896934267017156217640903831012965282958662896819035771972180855808
810 31513453282302047520711868074712857865697943939780125821471019583024945079630487015317036879541244193251636252116366713040534752706371845770729023476533359808408093838087175790386133678278801058227694837883661171951487408775239926484178779054291967727206768781658330213982665616875874616438058391876386711809096663945556073256441898625618018949180033794240865785335175439940295146784136204471978886711335604695158215980056697274573405698380749019276040159063928490261632147687363029323472473787929309138335589336377796321887053364990653948487470635546117925459510476868657531523542815700987264775570902133534776329667563690538266086091301120952866830330648955726353774001484431573550834020287897373603174360661791792433695357256363072959960611149037017377335129902710221993984
811 289682531182788939138347252020677045597845922738241627399883783429973530228114468554113499716171681651880617549496364095694089387090620595344132558334593460054830451792487935663341329544470817661112450543134082155536474019677440242889406103838727159679227477271491124067915374107069462904772411902197272261404731091727247362627826254816402043568772644056454865985585429059140898214014255997809127658465535979940557680357526931098762347479467323779498902738210636493446750008337806421688787659864713637978930386094941049173318122324448049275281192982066894139673555334768527931994857719337778137597486195244086430094885753285675547613906084954621894193845561771728138077316517849821604995670997860179564821486589716939209277337189438327007580779323878894827657199771926928098560
812 2662867811844585449745493210717793163307496944662194937214803966517208270762499466879691527958190007851539833050930112026620408641193845164509215660802404131594359569738542113911791852796652173853902354069333879706695189450744115452530008148515585589775700342061594134804452987075084339798556111345971703808729670133805489076265998250461268022260112820529293998413561119460634860237518079835562371190819690884823977555189026341162398454265224550303864633617520804928127785567218977148442470126412668126602898223116681002544737971257138480040959548587823778508466488345010330476318391570466268698787487922146381897227947959314593560122627254825554266053806358536835023826921503219684491143410392529354917483782632155635352393951025815408552781573331462870015181233891618986041216
813 24478110907587977824066013643451632889960546398805194825363220166307395750118465401444317227074351000707864570020635797502736616063488489008373853453588252817359665126374744385507622956100459943515704535252869234078256563502303602576233541906977851523747711739936190933169656817875611128226923459676497067793319789737255839394643575506349997534694964435442072490494420530541286307868344735775776881214214869922081629502997970940436900869582063445127184724543475246803498864608771404166592267854628878067365499471053754319202440814566415354890659957967209456031654511748171107664164525212407054035231938602595158591292557623179444498499245948969124803577005283293704883735822426902157174893490269556616774427674708505690124095242759672371650321803546545786121703186412636728163584
814 225012774446028238374042169147856538939828415997162910577414344181101198724496424621316981638363351249199512921379904014804306342476358196920682355510898829986842309690675864052577589489102526540958868072942235557199774750703978067440209310274578070445343416550585922784141814256588030061983204460035932196875233533660590990962405511690280834584620473640784871430108641898497244362583002238806078043978675441162130358287200703638123234626554149210836561571541000120769975253385014281105355745592809765526228925375543773742517528901970944521056162251832962419247033036752978833306608677648166910926718154391832054923313789580964011033203445828146901429453451551996382764092309771112585951957546748784767726627221801639023655607928294695329823363905709038994976310715506292155524608
815 2068413839372951380027159293812234496180890854885796914077748952207000534837130141312666998289567074763975567977086840561839282222723477400357717279671871427133892472458018203466408224900739766007511410379672410011823750082846482541584373564528594699213234335595416035103719533714316805071498900249672311886858667510241906064516839499856359127432246400569131390101512514884959645852548644746750172404772569878791169473235165144733771125444016109126625517882178455409511877278776287388954940553149904881043406608740188345313458968243658470081851373753237152412320556699896048864850025062438894268050453631750745745523119140532585984499234042562621375142233443410017596808913205763633754010582784734929617594284948432852733554959092040464577683492094917696593091775111872725072328704
816 19013789282943110222701065214588632952284751254622795098190767219136890623229411542615399762095126870263975865315796592318124193732978794210336062007612147983757010399447039885940093880765981733356932144850976441813715350894129546047045800714248662298658987669836293718140774075614385104079325780887951079607731959636165857566030748558801293526242781491342025237072849460574661718484822203356050642051599169399841985053062296595987261173032270955318755617007128037944469137534143296169988261943529597458229457768379304739949677466830254786949211738100512852700139773510725919312112426668011996295255509290022261144551068175015275125375786295202145770215521237369809644590489153466825098899185432343597103582510849672805336728633026023629115788521655582954477087603961648545367444032
817 174783687384647175107030366898729668294983487050815142107593032586027741530016099619391863621861292473078213558547289544338472462726227427471305721450322610601520670781432484059165213216770410490063355396132452203928043966881476048141416790471123876219404117887262372485817166553718890663904489989835042036958022810215918103129761400991092761472939054921645026942043886285396792172805230946070031747640689941255003839246010972459248498249892678151447979750468016722499503000048816238128476430678132299784017721472209849092859382517792692403503842772643250016114268853569324364780364668595274578349714345299396923389129287734955758524809824746131005535132461769282326256027793863689565819666934146914497645111831067584663687772818387530323781207373825789270071597963980156299999966464
818 1606697414189525872306805039723786016320774953705649238497163619735291423923830268939325167178697734884599994547704310447689215667209801701640339126027193290235926251069184270659478039541367614935575484978889572990583521529944767588715439143908697596248543529635965181656213602752856041270823500070672835628729434875086082735639454810003261663303211565228442906784939894383733206129968276346356181938182753889905279023240739810965503270180949256704006558985824116297432199644698807203899139497507884993289374122216368971312983939187511670017448519642078311244466436753478946360930912634580871782273281781142046374656972186877096225909350410853216556142226696124554361720628351327273252943715944369434975061695796245387303905477756476074116504914510388415860990151946918984199070371840
819 14769584109377645678242394805452294025685714162815856825186165401049086575028288539534255974149425174968638410787350725403235005653297485468618109962074145864217602508515388024989658653448176956287226673463531541655634805756599532021760592388603900021858156681256961105247359129201708916854261257077146531575179625267546200208899543906826829620636182498249068405367127154038380420856718036905070087280489218272918721804401842718796134903897354715898927395283323897968443712817165851003432726041652666720491574777568705009593998306732550550102612822081354488928022918549639331824460792682396963090998333512209352947609522617101902119761145624908111305542552674207420974604898846137077741018193536352914078020784193305172990073930493006571858733465552294432094888948447285466231689943040
820 135769872408055730237402000468779469704004743220143934414452194393338257191634880196221531822239473568963652345692040198462567181656687596906263320957818832810286546870672157887719187826462473093086693389503576830430279856596190551495203583761389543076296080543218469567111187065495682325458423165895088799281513085516401340770794416165469968021266372661517478223870085179777989576884925798110708386014514289977341950524109970915204921894542564106442356018483802439616989578051217663565840605294051393686490359888704031462105108957520803794230336410597833067739807919685193079992953724472670667341587804625723298621884320835411108368757805964381891765169076676530691910340875420483722784108086794864250938513943309927772202660860674736280966161492521460543326636797898120326134292041344
821 1248071663177439018560258338764039371461515332099381216143817610221015352875326543243447427466464101284465679192600456378331071991736427799414886896275934268048058581529128152117450373393187669972984545158008238100042562565666629703908137243499335288859039961059997710779159488587756756275150508145986264187340839959460838639235541460181926543129449544914725602667415920961694541659489870811584277920356989939456500235267626923883521755371533972668249133283214556001965450913728665065126782018191794256466673576740181209822386194941759467985192744641242218216012538991625747748012958971287546137609246303340788109194216525458923519522984291514410832638728511670421170129107913738046700875192383404804502806673563001637118308858315251670950306975052407829308855998660930908170227345461248
822 11472989682029281239655875115338569424069643653985674596901574667359181413600477420648007014249199437159024035681951497306141276366172421837413899376792841935729531544535277213317077422963858241922072918223116952560828887859781725201119439063977797245041882124071469427179521962640920903324535068405661341004937457189338373154343527181851500396110862838213759457796002661553151109952505898461012356781547526579566483888135144360557814373065257371288724276938099161582172232952278999432131472961161280379503146133093961492406326323437596317855199108406905278947052840255790038919897606318715227513512218099112606411514748382056499334290275170620450178579051445010086303248000440494974607282121270907988766150446761779075310658949432107453820199593343950285618714113554875827441883026980608
823 105466527719013182535567298038825123662999727357790413495025405137024490252075803667711076730991428470807389918325931759582777915133551391062573337680480565670006304164920658844632227857461017491385742121649307919314056933990039511756393911572144904503698341890492001863166977724689544092830840107141780473905427009423130908135576834331173340052349850771961907604246179609923832776603356843191947160364021753976581298741097495457153809892933198728080260970842809566197012891199927689818539832708121762167623314327765538213915792398201862889204637891824734224345662529330749267484764720612092563481458594706762018290516544439872483944416283821903009337698916324993250862225909676455514509154379940594702956721210788330889520700558359877228515824364610254789470596259583766074979367066215424
824 969513041290211315406308119145474648167390866284899431365075383170953286549971173647138303301951688252078381569373997915731524157138563507337798932665269805584594885713763873526194276935456296304609250916982282445731010330756827444362480159980092327525307123094967843803740962108665950292961523973675919342204453055695116425088633936394730539479358457184554466282549732171661100506670866281221914092997093925484454391335332202399356381118373141797830732389665359808879700359354304432514877990307874644918799226194563602486578281349456884633110926398074559195999374822910330108802012651122734988839806712360770601450946570828361854813499071531699618323348374049973601464455059310604344518401451414692767882741267243682483115809445612719418699257880426632252874856215554859947623491384950400
825 8912378510520223871988802070566033836187873480834897364816278690817598561921985973026860236443743033805744281682605767780561217741149142259786162570151548951623112632646514478708150051969885933887822074993059318596138895697353957586697781129125835437483818991784732740238003632954029135270270523361055714615098309546933879703107095912673467046659350790938486302767224488739455286642962735069935106783725635644389815529017122632271439246395858867872632987389677631335493270420389313049021567148351508411713120684470367976619706180131921977188551774995283244695863275943318471011738258831779909691220644850674083098814882262374967213570092036154159983435372987025948107764053592390602495905213326671209346551497702111410701703902511135956423796069702698825023782914707254060469325955429061120
826 81928414065545706439324932959316653105573442488083984984892094291425731378154719931411588275393904173008887724689940169164391259862841652238931680635681804321382885613306108643571901359142563231595643411441395063177580343045582449472690574162283576630100436881537967121643244648450216587455351561746844709421253961496286951138110190719260510951775805519564008739795914723464085253942406502982053887937297839580907675543908926677600507842123407448128784943721319983636602953141736228148379483494557443268790168281393479012944050911326037763313044398582805594828234146584809579006706764207489145493948121789389230131188778375055659768998637629899911564934876512192482167304709194281718362836590544297661492955783122069777985955601775488012129371392843981737652062711673845606567812066933441280
827 753141239524086224124206303631147376228995626124255711518555597758905231129762421914519466583057555164783749069553997424559467989527526982789927229511191167210815593913571279367264862891351721594026226516333899069686987389311605008514799116826599036767221825375692673857983285795300135666855222589245813252718620410153242688563865480450862620114052296894258187578176632756977266393135659752533234927479172125960124618819114460357867518712973854851999242995489225301502442395549689315287152232021841545680184321061823375489567758949691649333194082981106110262619414140570847756746581033460214770322275272260845065582540520480477240386078010846680530840729211914031027244421156236346519968182529623094782898001408339770709678492061052499675272732790727908257016922468314820892716870447313855488
828 6923397432168463276596910411481048164090501686738559488641853225987405722957500647017996177222560944635322116822853372158682341265596541329577087172842644442556442043934778411234049804808200086153847795929601208175365320613937750608644172106422097816279733880979588485615335661464519852502543772235199925573692480967622045286166645256226333500231490443635564452160141210398247888457402414304359890553731810788208156521958590837507738902467554305264308806130791454218884768840617791151155147280892790424770889029678091362142712882080480996514276442511934023792695189439157136139312640379528919354439611684562503593366719138690035206112815176055646395477125548030073450639867938413120042612681674092464958337631429391758139174645250354751020451165165675554209017050206424837856272303628574849280
829 63644817777237379246394110749153636002140206309781216204074101796886563071910807556863917509779181658693494921314134348306224325795665542030360367384594536905050980747753863915761836115886317230045654894433891130968505554099329252841284138200639500222500073243861121400867026391655133157000450495976522182116213456921265247216927957786886162261992281393815556326116480606082684978549107898773817698988053046049565902012840766909024527616957287542807017614307794825349956710723100006969631341873336175007975812225919651167189928475912228407750724599412611734528976234914977761259606603051056682862332305138337079148586189674601262948854976101065845881243076428910292691415794391017150992635176476976349537931867364189304607982767296305814326548791808252062587244484108548375886155051796407062528
830 585069933769387024296066754470189727106605153248692056347833334465576299009638438871767990978429394213986012364947476286259334306087228938850494410335353254268062177717603012814942868110603198708432771711552749650843316975664237744287325362868687960151008071662649456356587503521399676742138607472998362887157021284788083429726316148664934001963632015029172201670667409480809008148554387608541498600322180357275827614868578265603963305221300791595520738188227034672125535364668307427313826100442299069338266894698256046804248755892238570201688031755348890048457713443002268920176632042418157840312210562898035969596228867167966876752882616267312423154886264952075589722888961437462251252764821732018765914749336071923308146038448269727483531941463994204753300964551824295645082133239298536363008
831 5378404482871535902575234157237760658308454758290848027076137592141468091548085381547098176261607855524960067486300834642437678219197373291714806429443092198386776854119757015203218980499040446701089889373201612733326823672638778399312201646948194214512519002126950898525304322546224591780318836327075964818967212091704458848376831811435126185579264504500596135410190008869306349209783248746987161436873430526695898152454849130692001658060285567141826002890217804488228690761558292808302329914702009509218042323540810064553496495835380328234779436750651917705477461738787069673782387906915615286370932118749201452530818041927867464535208311135680562695161527576169996247798925177768775623200999590964918706264148629284725610866480616553576567742327546176775773839059615245645847755086215458468352
832 49442461471525596620762920162232391332904406961845174558272572008986294281668285580137077766996355504123643813849553762795408541727987912105877414063670480292723500114114352818625010032271531728572429612357460962297783504707731076530228448808228500805014298928949856050086751118764818350535679830866294062872808350101626417106080418878319390904958705377513511064429895535121997032492757001871358952677950567898191139204468401100729610208656819996680323096192579438792344809929236176369536287259474765160185617055604342399261951409509632812774057434918905730560771403033663507137710158859886985284487081808629198003440009755038905971456303510539497884885112904212385694336016074992863716280394345642866679350671668293635071479482068762117710010787463720614888915780245999664076364603149418111890208
833 454514401984171694192442450748538379871620556468748867388605321220643797330267298897339855107077366201049753446905220111715023597141063954951521847736838080532196165738214619011918320377135855496161570651761571047788211865960572176975787686742332401298344527839713593472315682627122471013529800017459456311787746118623092988224594968234826945381018002052277322924577951290216947226589171330400690418716574880563739131334556990630089202830047431063906245762302446332958241648507251732579776391343855595791348273983207788836045553385750027048612126278963678791111565587129537559530300102044532764672931356471378321834372963536214796201232119057270598431183044326611064800565625072094858717159362290016300221229493780614501122227167344188813344980362905160508725622941119930824256375282840872347596096
834 4178266662791809559155986430144193419860599304443848504051323429081820594209432713311019303031656760606364775171978220877777131310510692415362573956425539281599384096332846108054398148642656762268295061044405634713287202724563207581127823950904077324754243072687813264081668856407173433220786603020270009180515510568821313977243662760341792083238248584442108078122769338904846612314739967486771065049583057143497628476935754100007417750471959548173039662973949172197961506441258928252703603657033273549393448798478560165295199131238618405519951715475193166517232484976864172874157318388759014075216501532542980562107371896675602797138169849170112492997530396133743870260354766131025377016397078726931035300066997184629966892675989446412992030746329502199474482241349961469208417491182997682792762432
835 38410113967043780769141971439892850256110248894409353765787145379857445668168155200217125970447269348069742444662388126976603477469488855280724808384209847611399367537553420469493962128718944331291032190124532591065908220651201585102106765016727610897946704283383418580980413144159809985339580362170539236038832753973634798908607856019582171921988841765572465094782737971986123946877352695683256823453308946383404085990432318136898702992389462273847159857237813099402986414086847083797454197152857180510958118259286384602352350708162241959507264999612980869430922109363541072840430681445292634476144336960817616333274709683090447665652453619156332778701175420089737791157829343812864741163816680128077615925471708506653462827823212699847432646812913994166062069777032028663991177894412777334116507264
836 353098581351460839810979289610713584655108275915839921138114590559000335172746015476663054958966097095524351650677399672444102096614474706248929113390135631645794652522672410154546379620303767057735890547220053493458422794352868465436225309582026671362654284192338429570802122788118588729494055571040142297641231575750462164935596810544731377717355215493165117566959951405237976943623679688953905513920901974520238943742298963990033347323890539081795363256157309666858780730522514012229177570864447249844365928941644554245851388418202954387851649091971786983752297456438710554709003759387613735429394447070189647113871811895413144966714051439250614678816224499871757537011279546343102909940328388637231589337818407048870948770640125979831963327156530473943181021531044074135963414086400642503488865024
837 3245990783357937072039810814499546449140154649664932489995820482890366015924888951343057274930827447718924190735558114786547291764712385895428745702205124584624531138212508776908510838253018183565918754612263246967796531587406131490533091333139954828071340822369642183178274827907534722051812306226555699138271348998784819297409195980001550662514625790349359004842831027626099624711388831934448233856355682585268550717557272281333251196893224628569330703067499939094619199111112978821556341425301660642594562474802391457574421569647962783661909590851917783084745182273219150930980053402139325938962304698900306600423438663718417965908866493392519527187829450717219209051137792012782608341101054433912219897796242577506151957540216388692018579280744199140087343820081993565633470089852612744382157481088
838 29840048352540751206803410955717447306915848700031494279573074964485493341760679608750334925608600468216255141376724686851387139727292033264118066523320816814609891520392933063654008396759103595352200512134284571268175976804522796767994907849556789258391531452527545175582600549637276435512840942116293157098139363197411157056350556912183967589964202906602854128228739316330242686549420994900540619898740307763480651185841803812076064536625129268249487342706160110451088535794584857556275285016932103000104271902542661191490071510358040579572368443245730223761078670822116257014719160559018445441997181142103312622333738207242138989998160637328410097523917671178594356128809269898626730214659856470001086264732692564603373745546874140183749246572167301776341599738146201282225238896069476964847189418624
839 274316980042148799896931998141403931145446191253690642245402033980319053055912671702923261395798570715210957725397638161145560143827380255534387226782464026989881605330910880115824401283862445986140939441901613962037996243538269633889784849398441322103146589178501443796224821173243745973243717010418422573814493596412892799340942751927460084567031020319727468633373957133424130378323003842369121670144831228118759466630555010023536560572456413031020001069686685563516978380405238235958189672307279623190241085425710630713660849775782617265567014924708034223869271225069114472208550363466471419926051220136964942214828664815785506457084519013630849949425949783824961611488572561156051607044150539512703045223298183608371258385601363342386428816755389346973045772092743210961498355411673848093217968063232
840 2521777616121482122450669768215411840124100136807696825371623347547619768313818243314797362139602570765941052164014281258757445763265915703588433860693098538732193327878834597646283415157331914684990582842233528685694458891818380118210421791771815727646788365370752546396551652652190754009393827002490417322619681820737344812758269341751303938005621986525636919552772294287281611375966258431232565331957064678884939649375801240224438870161858018204664361388653538906210967277585283108909474253795961777417645413709746573924643470053403377979573000330153477916202565368984654452635432299543534598798045529014203935391933688963519584044086706117603493514712721825042405008499682425343747820873503541831048248619497254252549637924072504870048744579635904253352223871174943346198513126875929922499016124368128
841 23182581961900048883739608414125270475041558130471093725413194600218413925217394837952312298175808404122734707673675678808674986555686386503077228196350746470705974803589858295549576228324462058264997179902067313200846562636052396849437561565554270610953241570045102160369791308954877718118944270641493776585422119738091945313114768872484801730318849486639146101059924550207260315980758217818947687272954597410723000748193245208885713922003941234025695097508969444289494539873447956754190231017134894428449691393497003213953348333406164849299484255658658514143652944896551733381680566115885562797288671479042058078376749840119333267906041465170148094687021647560846347761115843559787979473719418376934972708971384368828440927689094746527478724835337325117682681616268672589038736421281516707988477129093888
842 213116828200592729084494173911060919846497136192516569430516233423958183800822437712895795315090716632789290718261099734702427752732150335404870687319984006181672276146015988963499325717908854174425389878476346454224449293753255490881345280622515449785783404281055911863376437331223652261236507813127194749088564995192789937127803609987803446940409886002973352562209077559447392842238518093464019559076447665788452890346895435647369806002416147580806808328403182403086607378333054478367133369522780456543330976709232764810123039035498179840279443982037434806452764642266922001733242599355506913821054972304934216798611806879532263392089204321335531476246051455836671756473992859249370205429899637361264418186497984390591814345713014532535611172702703153842264066165037661834725765592859197917927383228660480
843 1959181194621041611148341482474852050545627804291532926645049786809077831584778822889615428503783176959943212174939300695980094426884178021069800362844696923141712496729577940272533299484229398919494701079116894038742936517282070134511976681702329942524019124439017284713317462684681989790920834467133611564670081479568874500463334313723772834410802603877066369581541775378948773916884693284057788205129563156904318785527067107992632115777772064011204320890320353323708518819974766580210796911465532980485521336932770674515782160124248281921463280592747645880130904437249944573649665519925387566370148849301934489430219109680535771616458637611455565997863017270788227749351133223197242469400484537576756309662794694181174088496992527887890281511153150838465144851562160125726736483846342248865203652847342336
844 18010774151889864106147126730305196917516054811534481926146128432760695246055842168940017326768503451022599930404170045269166125333144712750064166679457977760132700751614577666236775898213149341088108295085646621798857951467725411978859234503655223894901315801810387232098134677398447472494405729274822377910913488583242061829123644525248384570192287418194541867988361287994390400675302176227932507044746276178292367015133978424891245297256697982280222585328524406426754168192212805848159368609785945048033822689942850086603958705299782475812603576751908931468925301191277470205653249408206603198756002989421320825898960362825874896934605104517507036923382406464195306883493271425245314915721165481742360806660895142143423237009730748600684460204458218138030370272991390434510382473373600217210288666605419264
845 165573592672349678952299517701854764695053275899655041517617135113156840210749450494169220617664982571922327150504489521088490569450348641748689807763144980934079867997350831126003348970156477962749765034312389387347299332145089161187733770207078833997735687754070644549802701040214755093118370998279508830830775903855730159193608645775664647921003887551127682695226501927737490601036057241272499212335765028441051544892178012394857589209877136942852216068966789729449610741792583722444459471097048137277828763903595353168669311213307841824004900267695707753783570172726906229409584192720597825011759004466296004039498115830446492564295338453000191120177571772456886898112378700386282450298917511813306248206070002111220963141159411115866667755295435500115890029214569646916020907798817734497894835144639814400
846 1522126255632759765477682968929182576176778938536064029713815767267644920372325708965696206514701941204573504264317235575644275073428251761704760370467812221833408948969370056634461929658287363996259189311569236878541134471831082943345122856302072889078296682304159508173861095392843930079323154983963084256256324863521951190176447270898449249114133836051564230681527768343275169829513459523964352624997084447445147268819791840287163515471365989426974170128340082935035900913560987967041007517747637038097325930695759396892260743388093702481995051861333418292597205127582013282454659552479772711303371294964964830961178023662324074450069847784997900114927197461290470446162568148904605086724483030780003660184011425007959089646313829825104116971177936269606010458745367866119309742344066189799727454733883042560
847 13993011564548230249498288911131933630233975080950638328122951730058393701641934009222591304916277530907044748623365268635949987632989661521248661501394744559498662070599894629043570798279392403768118898584103638621118257996149901531504091331983496136727978290487860521174924233780176331448165600005708599612806270199861099157827990882749887006005811441614151492632699037087668492852154311270569099809532209896782314196269070178612127714172119496868951771345027864969548614449369935001549966683205052464810287379303843289417133259035523104062215026389354231896024452177773885126898024999666030277812508469246367873043335699566813268242989737672141924758798559472290185947828775334122397197254475397240981637414256602312086326584858530887325158364686197014339743084970434019099464211274405070837079402459888809472
848 128638988779442613318833294697468302297388631577715881654723793904355810821582635391754720552044474872924707425162621553912055805293837328345024959814337099535934480966023533412434729927823470405249090105140207742063144835229434188382519168380575880732731570339981152870536087213287534711831850056760291512590739879887154720592982683983875474649636735936541648460076357115396952327633893329015622125532721475507393671678776671911307060744920306949543373191782711170226469374694629916052995994052211611021214839485021142041817199206250305328911591903091283474346858124103220168100200809108736146099469250287234020293955412913395245906127254591933195939838379921477965878759084845731555869938844032961443273498937634413858051311269637539998044079735616023346080460146303153217519989468792163621368643373918315046976
849 1182592031666891095400024666226468630424437804522952649654147534203819598931553441106153053779248235638765461517369044368497341102152248658609904970674363608916966123587151011499324367385748139960331659305678107792106044089109345761238415341163856710954351220267486262715356453462582970641132707670976840390044520591928752790386200916033802661618839734412634422085581961628261316542718631941190006368613125895702533134741139968022452381838079724233504769673172743780597459455516485163683361367145765150806461090512922081621004190909977604434341029120964507780465679714372740253432781947767395603792818555233780207945572563280165550032615582100838352326666650589078951042933294340663082185106222745187578379058389928850158926253468724783792681855139979057322302260575500113314531377225147656734307316410058930609920
850 10871718123197796703718299549495957481015277851145413378311147706103130737707544835479083583729879556334702381966514825713105303757174403621368777930324785985627107124008443042109751604284577192795265058602040261109454208501927751710267781893468989981555506541303711211223519567036559506509226832335914977123635456053633899395912975461939812579716425606737668166413425544629500717424841456635507803163955043839310020207991495355594195383167482359278508783756751314842765983673332904020030630408125964217750555887101581650447017615507162078987640824551800875971422259087839937152195876559686183836818611544212049824102475212524788122763490249425835410729534755069379436397515777374201047410056553040779820675062818809374113428060341217651845964501405838505612165815428789500733139794593194959306480900653414745190656
851 99945287415542866407927374888903470844747636230599324551797399192526232492273415121108819019287037935080267836180888770440873223988585783558899657700605964062290215895078522422744401468909981406083783921039481437554474368496568836465218539729846612626877055096110153020608685144510794646121956113759691812223412711746108552747167493433383872568199871333395179035787458286855561775540118911495770618398454461987998886257686782673147747961349672054636610158810290936419259439855877635036000870705799176178370834911771725603066224093222194783151081515672566546810102105445438444997208810014123326190689261130847209876253817418072028386582621988778567958726921270932137426404972107444339267398004114467588663555589145498241666555950957687416874514838154115420716040965162904930207902872358430756685544767957545454878720
852 918813481642513484755023179987789790814311178816866011669900363939081959903877899218665484327060830678501848032285509803868890244876559072565283404441868612558567504449651791974925328015033870401923296977253429665584915622074877336473888154356802647482018125645196516606133191222705465757885789070219329364453749906155211413564100421445763210744840519016054245414112324387812383695354699831746367236993174816072500164507141176365332050321708028362580715969264981341096706220073020768927676226114688198615430890777003012204992189921545819591116549783532117644962344185772236534323071070403436041539751621725982235023856607857482254092884299046119670888402963791380360521994054398088053481658092928794641814307227574137863811759652890988820317585663043891128074169008174471187906677601093503821811515858561065204988160
853 8446821071057182112268369263584756838871072143369601839826439186256390016990412359533538143067441540205953126967559713673534490910536047649680280319558557085107982565373229747496704654255313628978252364268278686182484946243750724756092023592730633179913764262923167862477436398051123442034098702566814277800775735717605544424773220187670203317812003831348740975521346339363737572208543107002478878360226743220798025367604969917064349577354492185190238912111439292225413714040348186593005983977174292170284831631158727115203688845695568495421431701355431253176845417510149458804732035834961866768475895403901190891928544258629727369404435579301549992347371569996438433455217929667924537530104017125044151914226311467451889557718547035942050176786566085362586995501012338928361710215074373282707007882126097450448314880
854 77653337504077864690839620043156313795907732581468135374438223280788883692803046818668706994803778464148194698378838834192506304470105878835775131481627217216497093009387486040303862883103130276614555032474108160419530962554138044177651856174780817989253407783382126653761377346306538219218857863195473560090918696987607713017216896712042736622688104443694145445500540341434441393112191107013639786509024329294147524988897636890153714826451352308680933257990087097309034117328171120714991348852776219431367960896527294076180247572729344539342168450743028100825622059047162157590583409448697129632711178079189375006005127680995315217623886110358003475345094114244159344372870549610297211518850570531181593595007968283208502375382118809095029633581755543989340880216356554302373391328978689533986269156247870016337313280
855 713884334137254710229962837427152000083422680420159453832080399155798651021559971200667557149177413618676079496739194372890531439205198664968895360859483591260207497335592355450252150913094397993123506303004671755233362449849567418835325283278461981200754988796410479747182759834998114578429038912881303917953061931990167323075521895472199039254165894692193230374539862256624583264182526290080355106258321592912999282948219075299812906854569425921626187288494189402905947528885043748170496702073047843133686110335560261270324111969018351465822766101106274287299089645765597477513269415802910153446646667423751788047298127025869351331418797274812591911620612323825352291009364978699367243436987413402846231189789861027482514616792789306580920330106986517022475948355582565715605111556565347057157068190632810214585253376
856 6562910305214316107638497422157826175943296775796164958985227636053698598462281972497157678916951641655689561811623093689537306571411342959340953236143546561331280870217961160386811950525276553620750198622899749811300829400449583476541682567693694182326824023605745937259569842175144948376668026955338243604532491190963825581495048557134851274798687281328325845926005341887396558687367376006907354732107358505687772250858164710845994528003127730939324260573553522821079552509529555248420711173902782339365299505039398220921377154146588237760528851957260498915121840066141401146786694225914900609743627667378862046406909666702749422473635851684383302139591724652286759024566208383092928839590230050726138569506502165882285467836251218865145530040664808448151855668300052716048731625547787646280852310078023368792176155776
857 60334535787333602936199943603310051681388640705375188310602230813064988830304572745020282539279803409353741886109458215723418235181825304967323722803298070578066938978625839434150833161449464402873833576409575456135907494173840692627679673823329582197119037371577958016520988226641335504058174516675730161364857487742910893719101906564799667350217645726834682674597337508799623126365157739859137948667237538476797749569234664643900867668317815425881687937841569009962262857162072046622275940468942015784037316525406307837307604964242980201840359344817473957182500578884472455767876630062097842690318916064337119934576250888292065743936539790167250095845622744779945242598568335236763403025696552553453315748904474261288269257761173391913790250497328841044347295396773234601849053172788586673032087367657254065664725266944
858 554672162040231605048496313870871828923269324251902230984657589813721804494892475283408715214639770923282425178248408221774315212884315883299333120036776913437354248888177493379108688781323461197513730520996413668606664865966215512333946459186784466373632787197505940517190019416818409992266403769215530905868599494914208936251315541070003121954769813636454291908024590994579854858945465327642928228592477678075301903041620449690030096040073678458754446925541634418796608184028897360493843247569415945398220831171374350902945845891878990391121778955247804495481611594204479971218092328391130350276486179402180224306801566003900416945915506509591847789295731996420096964885739129682593100925716056228977029540040359259372849903939959213037248575015762545516066770196255415483683299984639032016057256281921155521399420538880
859 5099265795781409934323331322911498200400845197923114710529146222474038234117759247547827265593550348935945826376459557170784376127172522525196601638798950110529093166652088749593387501236981314570716636379206181401787967849528911123233424219487997870839576865527329743222035453353460537337601658847179397511809876987611958233319626824239327114204707974386551016771253753942088854013289622187080814156604921191624244815374782202762354518290425458786349535630279209630586353759121768461083913331476338745470441112844277876974672031745059059811181071340577444425228584947954975479194292968135508126188987137159603182818646244193862810266884782871550933859087145125768403927630864310802947187411866149562889953642451432881055508701050932352892221662987123290466290732053504006469999069040067865426297274899465783627895545645568
860 46879159131580899771804817159560158247314592595462544124499412749209810324997051648605236870967948910135595243512697196152536911630576062896568000345675560567355210799899114698638151673773466381601214210504460019396181484502976035639401424623152108818346894507228590240473515362393352080835566816844555031831474614609921168746961605419015002657717550775561213056160977486826904529689875735687164653235872692452963479789485594804440719208234111330136072570224421906618166694666594927463031701588748267910685438165173528809156663658343462391031426941350413126065712926534887681078603266387379360151686723848929244331092710684009683687523471320685896398287377163617972943390014598332249074864173467598243458332388338922514784501965805607837530573738485323174483835096371243588473305969511755738915038489218366754348961767641856
861 430975773563909839453582827556942546766783227521301527616544914779373853347840460759245560325703894118854577306206690771919248612599949853376409327768269483649626964150500575600451121617696108449173131328085751560191554642079178604107597588030324629661329089854442942712247913844758001606387306075572941660943626187349304067982034452908289086302266005380993364891910127176883136623463419213730230195570798644113275941982113358020412490589693932662260311084329505783286339848753996794580527000375717510429830836876623060796741885936128921311831459267991300510288719786593611765950065463270887386987746386683707848874639459959486480891995332258860033486461385860565817842790417586724403784023054887355986756537202145860122442667062359340454498484786746223864883465395691390531611947906515575640500828490590101436370207736371712
862 3962112309970906335191562737001578551174432697526687478602308081069437867835177926148145137671540894911961680193179593082833497436310833763615822934004956543053246012961259682253193279940079953607240043182213350181784195309787507637654295107025328245692448579785804613191483667571985284593169650687604676051116309778086014548542644698792387880831040395576647035768038475837873516556911960649431489836989849730882980326199707881957523303778457110538389182886531559781017272415794440639385727642554161551610712254008441662628960693229401771549312045100619778232856860606227154453296826400407293076244785912150069051310536730606182763761730518522135893379408816578533007387708102867427591083451024891145854695191880804582835457345767917385008806878691711054995051168466891217296680853221050091697839744069394600059831816594183168
863 36425169652763126107797079788345203750307019007039277977968676976395513115394418128192478764916805386338279648772870458177394652766633003439799003099507355270550075351465735822413048682616427016235000103615689040897569501355217995790473723082322292228927370399571906163226618186649173006121403992242956024307624036263195841792956437499618391970824533700645122854048249561937964022637419505621858084283527191405237906723459676913312343047288577201114694142894548602638165460610717925033303253684003087572796065557062497645757931096306332579824892494286120762375252134062235870458506053466437000804391490309281022236418026530002651859309036950039664524279785400618966233301501522464012120267488562372583207729922882590424225371824358033311918342482156658494254376726171313571954722254622038610453918690410501918223947903395614720
864 334870784676277667022585598982649958312610703693487100601012983117819556889606292229769348749965387795055023662684386030771623660464922921106382836033310675609828654571779252790818907705430651463919260765773109041318358532421482332752918062542948669157939112434661264409022909832365366894267242873313109034062236978851094689896745030886662708490783021656092649744258315631215869671892734642324968094834355447605393217327030884209085133980477317441230426046430698587260571350685093340908799624500362040978621462101762928606782764265656871321557396024788769016729889370359959669822394433051689244296509915954528798069568458542182384927087488713463241306598320307693329487320853196158882802194513107571350539918348996930044988005552174840974264503213988664751945795604170012548494500254393832952630309283462987065137347598004185856
865 3078603860366170881269689862092449565609540488119776952324046580012914389771630681430424608162086070321156287165960733493575353260043910436833957791279273162764506922802992881872273165640539562544423200727023225623041097254739005207297727187426467731155568777100764718680481794738359349732723834763176227443493772477243289105013042945803992120917922750264736059658047564680192421405942165828694861205212542497837078649986501754122033580570973701878708197476364954626169074039703890175551202230187473585820059686659527295768679013635489894759443852429365181364511638145704529433553031147115673770663415794850687470671084452024120684186175379325735493966776944983831578695121241218019694519660442034998712712341705805947647510274324790948078532654710364205600435279887431942792511352528765307271220705161990632293455079392865815552
866 28302919143197235550669506238094059986343471070894410126525446300723358409667810035673060505366056576405382660380737337811238017536183946708100797440385634073558452128777950207908456855331004380790937925473735069269791057501852374870233416328872193829526488883870926918232435132702400185073270965013525097137637084112146383075709579243113206403213803965218099058409152084939459229362068521705577565262731793440133094609086929772463744931545810060437178169059505609241234509341548379911723262410534765869629419445843720559312049816510563609304066088821312929846065734495366503332561010018682919714414826551186126076843196651233056429229718301954851062190343920118986724337941185682036186033522509821397854151966559901389013966505197195241280960470258355528553954655959595198615311522374777570455566005125487268375283500891175704064
867 260201335285332610034822304057526268279227191495410580527689814518287410585463219493096824520508120073652203669023493065255237952587579410662154169556367801184668128316658600079436011936488685167253393902237047970026701296597033305644663358166226968537757351947581099587168711117638795347903953744640325856991050252426353243704802912969472990909794274415596117853687608700321753305837675811997190833634661318394053876049034388986753013603859086153913723717006982121841083012437969340047776058704808083471524487095675785918805035914938167065753289262631321588650873334864944651508791520282691559946826497815132229560842574784986993609731865005466326804006308881389832551412712349026824366645226672805864145908804446277458007664202772835018907744272457700780501607659311157856898721929096416155008831897452095058442166256834804819968
868 2392151485698666528892404468505223277396751862931621933998963078027780022990166017446637004456865503174177503452305619246645304061537178257644331897707994257550810935889369822283504915890490242871398235065772339710736766684062582002319734405746058435526430752630007164671593741899649320570831804370074891319613749351571889484105507336836770258488649155693997276610134238826932919704765338026366013414437019113814888674779565788256211985965278442840522974327215485648477937981120018577872156329289783373725758259710081688473910850372118809108562824376045904482650145581511543367418147510455531742332176559802133279952954444675941291982698897304887079607757254574974819393529091299572832861040744455858383040615890102504135500954518747806999422194697324560344464526295877288491703277369200742904563941606083563666356044408770568848384
869 21992201248610931214676734168376226690931268628643359517637852267523155414530287220518603231212805102398417962931363614561531685248575283509865467588127855373337706968779241364359498706853119785267595250269233785221770806943034120601862565641463775673376784395962649749258219662116897151589133943342462859459955285368988914886069949737684855948203881392134111244152560582911853146616025961021484655967557482929520052018856193881174984708378008818739159427975454987298677098213949121123917738414380395536684467172302170305825207413741331665291001225974478426765674162058726388991049538036972993905731985804715063847423076244198149542355671309327442208743557974055059262977608472119623951539716548722317705104630036040699688186511442913449633976219620332714755363996704144311009253557259019085695383113676922399561223113106544898158592
870 202185304727509624583285511497245381382074431745970931572116790348666035474070212697639502669969986521192220681612002756982605232349541332066587537966219354487074149577383748781161937268010835972622984826384550447234304425843456916231004018254438181060474010333241713240927100100520289188216802868045631485772208544124160518862283324320453254809730340803929229483305289271514121206405974186646920471898158179492048056172335056961439819215370693030062511353537529815250058604760875472181329975617472520451190289376177811687049740547635067663584632491988364354917484106684010091205629382574465166945266754593550554238046372110552892123265244453202550166271584646458169380114252463534379736912104490013798668911293391262846388089869681593323838890093796557064226611657231955764305168241501747673560463949197584959283571663086976396855808
871 1858794308537731562281500989259580913301270390250270238051827570128972637139166466567517727736772860468059872910595292117023286468504269341379277728510751906991506890977350102485513369770322376034516951222313736535466033530064528126321419029747085787966549375075411870084881366378429150355825905356708575543003726457063850494612228457679330880610769243105752082979648341510095732177482785923725307200289779547783868770565697552270107640148602498085001478142713440569736199890527879332551331831653296410659241480921083028175793311759728677926397505731106341272414082080378213563170541425554321028815396023189653479540787263824513342733585452105139133540366969948869375756269355178471681867572502084460099376894836796672615902742627443371214894302222384040106216686060554864220735590523411769016087368061660804263306288753065382987125760
872 17088893389599839425685001191500765133580564425048937688600460798117789324617962340220546010273374208263670802052328108896378141300835004509341391701954094302617093100307939390773777734505202137604652397619567376562986714925887003855986699823158467647448161174879044271790128237389761274645954319090654799445900370389935447110864117828004381142529329025906437707338110428982004020162493353814517706500308131764494494919310139119418078618265130102915084330539006742829415980108388880479025357182091172178120308350276124408763286085209884642733892460437811016383470669633691636331839839412271402752489394873451978628398845391041993292069577838600291502630877449202144022430269871473424339553566163102169441064786476549331977301685997202336161138879480699923882642623302835574403499751061270936530560811986709995317901911702676444639830400
873 157107675873299279897648227050719572435423316139358636470765308808991815414518454742780504079080062525742388334823542135316477974714130133474878731331711919943893286342388697865780291455252195291623616631644438053095466424624616584648180605850949701057735874701024285583680243188802136994022776369424297272668452001356489198086257236069184748911461324147816800719068767339212625864802582207697199061384521439587039464602627599972478882568525261976236992466697768263847284644524600387790863039132251862981822085521618633277002015093079405154075192980274215485144530982838739290646154639565102601677699754794562633736352863754225478273196949402391783939341156931475186812604793148290400089618188743511631692528270693411594127737568263814198629966732378956687167516843338883198802956615357895155800278500478444520825661458912124299061614080
874 1444380854113751598996150060893436493581738216788512879537712852817076309002597743711755955396764073179099114596168244762999791584229228986861743935693983262997338166047985874572639275772529841689766919164800309000412051927447405620288415037391004979594222608053963335422744911798472476760049910543290909336647959405018849780869710604343711863782951816491982595738518494437123907626390468941908225514106913988092154143158072554153824745307321576995535518697653044893278409717140748053091007309681577140318168202459903169974712354403176427713332210194498239951498013147348993127314486058764154411087915182254608317415436819756816289827799275271196924789461331515771540487962058988396682222378705064337694413631633560929731394603526094947680100757660273257635847223713252373296622155604960682462643193147079080635495273199401337427256485888
875 13279046612296850912939072108063783322093727498949210553739277955119245740922219418686272565015878993374438735537252830861968747043447043738677792766706656014716362795524606512835380799499890926838615408484100367074937067488222345638171500894219339498549209517735501785435814675230960800431808654481884472458376364054611627300905203112663194736713897569070348753103192751585170429799208214776875331237401876168649389036673959545510491191377375921186680263331890852332344234137807511996918953573921648443522249635804836154147939100015440676852167455844104754906883009701790641917337807398036451425208299421705145224707483062418668898850709687104090117165618023609624613193940729832850983174818468271064947900026322653603995182489090403765556097197394969363643212717125321721809441961931071978682556358208380254573804127834615724009615353856
876 122082360841678644149399678407406600418718181954449691823341659090357743308224343345082293860878765704766138023019176860200589403677752414730781621611955432624588328001414873907165581692588906003070728078271798008047573902406504684904528403112467113625168515478215917511841392957559391494289554654208042392052246507577164440715452952635625667941012976744573495532496098303807939087371179770676694558819650995353411983194543023021503557350063885499637967570012384130237599922633954339448191341874039227379381144066448079928194631682977455827387906006808916012393676561168551272674516316916558781364096937314157072654924687448619541637610948896783105307333595546449265134497189881810819185676047705801116808416796541202866481309218982847027116907973061259459014808617249267452189980799206371727313984544174816082538327056935323664752482064128
877 1122379671972451415073121579228858424970121748429697097908881251352203906991376138914850793895679652397025835050903870327884496769672648570957791160864833922723727434123059630772726755288114571851835096197232990016788505321245204971175448383877140977584536013140812231346308335293865001831481300219512233812140361169776012947001193193252199714718999518512256330198907114249691535704999904851261976353979061574340153711296067647436223765235352928932176241714019385612015719059199280227579928564035827512513104428035284657179397023782223404464180019022022166469215412346829415471593947075963769472630711089629340985395542118639669301586615524472546557292502616026539244782014263866197423067940537921038670713002946819201913862474338794367447453407041167372874603836773950446671318471439379748426317367721552880203366585950656502659289341808640
878 10318760038499839391296586459633755117527056414439020896772021145968172523158602807168171173879232312433963210962483274979060400965109960464373215986868810634589028380204341988796219634190969706629116741955995871683067133960681427957376842639703841958079873967239586072061396749851333992238855542872466641962797282289645455910403648764969179583023421363112800207310739853941561306781691573590988995968645807230863631015706972825586649468148312493736082164501139946089484529778291173113492446728100177017605859271215847012671409547753495545760996477022421513591916170749524865571016563219347587391607980464682201350874992194232923311828600623043358948532176609865557664541909863707489782237643343394116967292068717086643828068183511989049917740942757097405465466883918939976014729218076924772210310779799899523117203244349180627001136457524736
879 94867199317289132433734681031085446056067281827981789261429761775487891126711256863544466811763239150212108053415803118329817990346709485702524319183961286831014749632404393506312485316838514790668312061079090570539087583154873215537516253021393852466337150429294877859583634324406975660315214397723588909932703784451616509674529294342069426317851013523609622666340247104590650457819395105263650137137316932842845496010133762872527195790075628749258821476034239868939844301336323658810627950135322542039685217903642363061685665098387446475398604104434234887765404667369330739004647478314631064609568701756235747988410942472903745012270499006131095709764388735399199856123079807216499163532625866496751747561281689623506656299998409308806686440178083249267948108599488807767152573721108309513683599625945309291596249143989623816617143357808640
880 872178726527365746375554300051909904703318670476053602278651128788875586529126339426791771969963902778431870314115325845476747514510521570282800776027086065901201573671070418443852391804265865177840338251568828879880168551082166530198985678582919391222024763052458071278823664825085715468612096796246917553693822751952450554218748384936600174639710952649270202032017195163555334281663069384724006000861021421675245453761942017141027492435511979488552305590257450232488912209180157598686688619891488665185824560103763839672907757510615489634600324434305679472934073300576762839039514061302327814556181745764111639573480424115447131229092713922469232364927312255243741318476973722091452663281635136059790614063015688499803991622680355614614746662677528824202100389235548214623826035631759939732757989795121904655252213670738255903240077631176960
881 8018548148226616619755800224311338481098684212688199940574710640559443483943938782337301440586840762050506451790787016681678329533216640927836855242398816692018156460833145801803415012128210570582178159090674743481759423502717728630819701684697611358203648412684684641663058754936697289341371808481677696485538574916545352975096802392086051093644667539843779339231288047309811401969804530544253140560156752046516138383580085924188702923893167486061550614482868872721408749905141758983152758312678523927194569728880060178522284129672393588174401981329920562005328338578905780518530378074756433649813068269915927986955300720982854956047393246726609245847966654652510961265269030639240363861625537579812295574032809827094117244651343378159184212857647111634226882270271360946345751015358703451412653317630431443117484080348529894084162126104841728
882 73720255711155576371969142278561896351154789877066259373286078445383642320332972932366696880671141180914110111719420633783580199637402774266337224530662137405256937240175181711743045229947327032766123648280543230746823492754652766736528483566075507585515079668042820603950421678345149455898604561434104434568471204660801790815355293979601619467928748347713290116768184779631948001240225473779440442287342593789476623873809632062742169390306462806345980619414258698397331205586624813385960193891680276487634238358106027666220480410589822346660583706235823874436435664604670373710577306652246565141991637053970748859183925071816621353645808717911762586782372844034268261334732513293151205727901713194543161475735839401392569533889269730780353586765431976857931017281948153619018734854593131020363032268894947364168826529748902393304290887484511744
883 677764414155217970326774086938812964577516020919383941785004219266116235652555441388380233566153296619615592843956894250950558767610338795395126630136724691828371570483703785838257178022709430216527139668214119468111662345200408084041253452160463437762965222927483996796979811068010579557195709712257698080567288613271428948406769318224714646888702023405403386840369600162481483364768011290279774853611251232843335249404696684235496570368343163143183569656408469598500917472646259605720484557692969596037164510641422251282323593882027790961045319067293765843580540906297077641240357755526041866165005214201909930150514301350342624673231672231267616940858000834440193368465234038214016656504616231114516112314050850973138549641437477338691343994527240693993401499781367813583037725091048362127693975544324939915370441286507696117266879696659347456
884 6231197667156336416406435579481498377201101283982705306604304515669595043193942301342470190773415368107628916417969404451383698778857955175316005444424996968438995273629488289092286714353355971257332119678390525951288214415374862495533739190214020800422869252612546676045019767877109583729719938729209877911745594765163861884161810331816324475127272707645827035543887052291801383791414492522536796978014412518317363593735922003226219282454293003009337862186457316108557118297418244827072106932643229638422315918844903595254318654122731238301559964114617892050644053541753557500997026856580237421809788423399521382392936505361078467011808920611740800765574308720550177835706780271913233647836219509512584368280818861639103050663989481455072052262463721652845857976932833925032355809427915267351021420868117248792251245422847569186125326418107069184
885 57288193557982831311240605505434958610368778745497769514071711899049424815112210075113265305807202458178414485165102315812113033629440196344226233110137075926774099328989720708187069640414073570811041128728318113583706868831475242460226132691683352139288193794386593987810410962245253020656011004131072372288538374102679679328748117269032455809443292034531852569632948494529924490091094762932428063117933483119309007311214742651428358032615682634266064537598309537789213857225911948246714288624003785708564557971395020954741194244224446058969690949214099791679988504023524768783898788088563618956874650130730753333169556908121528020547600738796568468164146119956161322761999929982222103744204808822447096318596979671551525106989667784568594926578374565128061909441895131736810674610207835963121569561785517481054441042317038918598040471600114265088
886 526695442177922407877087483055555913330130133229234114712247558281553137846194368439408140469386534006082840318174211441862640773982785929221302335685481890313691185919988678786705544563842993549601473793752047328195659595690301434964844021379464790116691847078907050289017653296506658031741515501212882517104240059090833554649224258909822510302114805830985030373224066526467461610130000225557730914206859496704022715894700958528879329032231686863284691643269449435412611007815758927742298278972646312539850656105985346260807241653922501574402590468576947978394434475494677039284915984768799038650652269859509180112227201581845481353214418876019951300791430443603276519277895089939583650734202703463500129377737544004474270510348430390047471740629649355012436962838299946785568304925093440350628116341244488325246419489215182112759997314358748092928
887 4842334903646885326783826996681709692574294433518980002763983010859503643769486754292115907056721267640534367346365156282190834868808483471253879807632992041371778516051918993541892282681648716955300035227854693905722434249679913014929316012727366451133852769382942881893435855195229879637659747227297612181965063582382387827885459946881385547647574799663545355410326018795807952392897449048102435752899367040971765398168208877267079973062900298686096335656200142997710323934953948911039507508768683355303392835438307478271532573086081898989385298460675735688021712152986700221801231390015403148171662353705039362260757816506115091435908516807285110319076121576917120933993214583578525505364267134139807284800504307695781008826400061218323913172087626408599132638783772959448780620644179911517812907510589026911449431608312252103085237958421757947904
888 44519565150393428292170809276962249624173080057977609244877682602418192008600993965340680581050991263793959464493241900240893046499618800937036952222135083678222633943890631693782970067579858472485610737351821555182926765121820937288664629681268478207847559787353536486896193788579370345956574344302023915825842758449494054947814127137307004061261698340239905450400603232803654723714267542012848036176522585219375732326549215809075114835413203114394193646429897896147544747617017575476744275949092469966398974889535582908258826028993672130985644254464879773901864548440066925536927311869790436026410850572393938792489131031295283747457074283250055507374218530924123886712983349277966811770414400984449811719711366408178525404496692860162090497649420192232313827647017056228255294961277470567683171283368409453065343116818823041498366940063911108952064
889 409305736437843788681262338148935219395413230085029837089775379079458815512436260337672175033497047148494326800885665653465384381373162552187633068914686186902790478192565572039420824064129420078575199314574480446961644157133594885143353881740337392455265667118892870642145712918835569901367095487239110702244793390719099797039754327253272680253676818954840843365903985441454694760311185984315103213133770243642309616352577791246606387779400376354136433466132527945923005670994610009217293342775833433853729939265990294295451949216466364806385574634108790826792722414237242059571230653647712866393891436531848329371652333713675733908778575344342826436414495303977114026406858843133649712028922190435960046484504761457588185025617777450166051904464814575062054629435302209021811116953229131646434794658289580219777848172173971580741335723150820148793344
890 3763098392496343573789719993163909273310614948766880794897377979231693009076105165064467885663460172039988574379978025208614591809101415150198593531369566313721521413473628109302123234062623381059313644820469885985172815939330394311270229655599226336166189271345323262820184617540971054065498507730795879837496675855295041285465541750750098110809792377636677801826907124123853642166813983060729449856201266066169335479772158161946585441208757576622871270157355971732373430409561736059930894865509707511612435891898245205235085718293691178452225915218055119953478770945122142241461334912124846558009225496064365263377883103357223923421413606837676007878055205855645069267213277487131864576829800877094698653991022841165002887637127116525954924801317331293358826541598870852752533031748073698173734387144501170491268840678813468386462845649637693763228160
891 34597453894694431227618822746481145310656649311230395185337688479918641107155846849128781916467522828102994785186864191916242364134112691299787356334529898627106746706758097588979432208150995568758718583921891741722834084224838063518659464936411647807511249464059774063037956804363598828535594360859934572012481097721358760702482224098711777511792451109508079618004202436429601557686360495773348902094908893735371648961452748745809718765840612505813353291698475750059279323411078064120671261026125816355165501849167088156760146884565798939012871833600994477775013469118301545908349258377120150546582961604458140317221732064651064016682996038176359606375783864411857764973153615436600388500317369102076220194732137190159003735802434141100170163206126928701259313039428235120948056502061597729558285824479746687907466022584163365414018536144654869043724288
892 318085246313926319143152559890949413192069805560097324691330932105773696792827574149121869618286467740734410243550437495602474245388001747208986019251625156458704664607351168305278473487784737473958103519479884173316641972689883246516894979319896001427658215310380624053651807632093675754692086535173119837328465234527645151410594889110485046335205143974121607774976029584712163910599700488575647076398021981504923510938443035211084249409155222159417025084246322061483301370735904321727129164737999265048139210230167836214071991707513195192355754952992625126617433457200179236478863515182960680841663689913848232595284234420967433241752972876954304039369157728520006282943484570594432082097461333312953166858427779614616804354105616165747971295695532519705282046261078546381214695768055220316114593143232215533356166508794695634647242270976219526482383872
893 2924446842100386249751090781876497916796193246130483365523363684222503036618409737532384848697406643409296552480849986729018476124508185260185039974514971421370290510329176860463554076784656354002031122911484682697956748266065740523126894015307548587423945917788499053780111018155705725416024116824607798345224628676895339403693145278107624649401256875544050692297576554629290255241211731999527759972037068586708547573636333059417683005952776408217218478082537887149293335068688193139539185670392483271883022798786005468553475014162363052497195259963341991592845956762334251833765090284749983923387271041044889119239762586188906045789979143399016632929158421894058988566689380514140242908180433102335133145096163945641222393328767671376685085736115627400741582816918167109018227273171871439849490355253054086379662068845719213250498541299528785305687709696
894 26887149054032249275650761416082842968935974986629243640180523736365606495900601425256692421221851190026863426425239041249992281087492581164721423270916081713508056319432834571826408090911440251092258996818504889761116177599994271857767352338284895299485144374944965036869403780988450167516515927877714406248115042224630069997478008679894486884559807373731979021449613600712203107243536601233028313033910454875792249298178714117117230332437140536528089844217179651184818867581675816566495151012684411538839243490908597195960740000628350048282866619388781209853996035063161304712700387240261331744532281497817978607401683834150711471169092590124589442144232031467300480636568888869621871449300941421271137249029895075346658154112426212661947542612497268892274381257867087293993547386011883496665963784613671244446515200222479755188569114195447227490028614656
895 247198933992253858048488162742419490777301223612075867627981723942073348836960189064749405570342590103982443026270354571207748679706734914837316022572983296995928487012414518216186609180389112124783904826852865258327693464889089613185898650413977000108343631905190079010621858009342884553413292814744542845407191497913251828905961183418124110265454876222178911391480237782874543797953110186369067538258901641280539502962498190810595725133857371595162002109699883678521032887155398741733757421519891274001014178684808706813986991581953835568940065705306570854699962391933732052882547746095048194024888672314350884656257113273343664647489214325984617424846466093071900127404760009940223738916116965122354642791133998500968904528316844295361226089804015300789205481177592052972445485205838100381577705397015593103292830128270369820063724513582179470185619389440
896 2272737334342432211029210741268590250791902484923776817827593903097210937540371714813246445686358336130906773108360436980127472821571624756804545755875505071893203110440319737203715754648225286103341315834163446306497311919185694139781624751853487554514751635301367714091159565426464020028135953285974416143029888723826909533919058380544410466121554967347268381546405772247301597999738106299965690538547644889930061904920997749024253645594349054716102031924599095860550807458070835873060745093722950226433600777919094837160100646943937238229765157298298105928482669518157780596118480574311034786522019608690161723647661391974635348694861102964760213993259794053862939357925862842569027343221778108877545149333778944362298024326844062144492057482464257536766228700010261133172815560984954178806389553985749391691018535542414881493035322064429643446880961491944
897 20895497260621257606704223891277753552551604658415415353414812996105926248330306319196472688169888361545195713128359662635029509862422069974570530107031581640977095660074252503596565013691490001268473454133065397739884286227056314134784949540941857720643697499080592889981594109013781965385746903878763534473549264582205180215647000175323669346915324888972734218609359401094222362907823053695829777163288559189023990771430204645368977108077256742117896570112018507683642460104100791935130231519675983102124907566441569920618401300321481852299809527589486568288521687624478751087613914732581360834011471132050987335315022705910803564143406093258518633308338949285521629154247238572893085203985490569440300287387732218637213135083417792375509152838427975170762575021196827196892331098833992860722907046283562178493552119994762869197896882969732888267959162332640
898 192113102408624929656360925558240901554850029098026786861001039679444717913149005207002210816054332981188946968615804137164454518115989651884631981355459741835498429648655334787314676728785665681409811201935810323666224707375382435907463184653792062732670261334254615728661974243177361900134786276929646376803266814192474325846340305508154151055938558481465374208640816944048377032897413031213439878865039558526334060931326319333371103103435760079195350200519852918527826159905762101611996812838694490187241369982588285133187897928765708904649631109333829420010763876227907757644416095071445439929100152643595698287867872217265333001036883601279998670121325521576990191643956796646862971356709189433416313200529367232826340730652506269396219515820176382485249601932530663620963590400683823520198554067943511134351284317862220145677335066547457212059549449503776
899 1766290237176815978128761716558785698093054716649642931107901887254548611515717288188989639027108571178502730626527452042059310406267481226845053310064159330243396872292275865062262620401471616892204991033920071384774466145402543454217186636669835917539800245979974699711758411942374896163759376025419720000728377709073227219371272437973613979840797103225789949419936781797463579981400981462945910203599765823943807511532632743449024757826372510453499960549805030846742069905292830564778976217545284195699711120829715826881536744189876360853004287335008780265449120267876974976473738609123111550880121963825158338879173070209836359151232592428768988881926052147855048290476890681997351783493319707577075760259849060647812043857079934760680655905712910172361382921061878214975977167516745804699704961543274760776276422274583550582665504108639686080835724388812352
900 16239324422554781691420004118682054462380215395353763045406670365335776313559400121739072020052643437700442119693547841911030686980122469888671121355307308480695187541626260045111879938873490231455530100950144919179541924181582022669864158568509195919229250044052712888946506443614588431646165127248155315310345095926285005317003995897711262426620431433928709412928732920421066428569290632567880924059235050116869751106209792335886764958476743454625709520898944028639013576990756685989853760027281545992917493649786294966948793656902952235326203591158602894241268352273183921994966204920122178939928829881936550647513642556123036877541938451029699099665877701432658845099145488473032073220651226003270015475204487692202964765779366050629115093200520562821592016181315965545333763177313895520179646199951012847466977079543490356780232656175457706476512503386003744
901 149305103329474379648081223924466847854535837918497202854395389621985847170257279131193159456327549071018356555587651395185726796199204098138796185417277983873598565777251748012434936545577820586034642853084905685724142569217219829294186244261953850822076110693698459046189843589747340382828364731686010435178910204320506769656413179139878993030939713471380559115346168132460615925076393582828213477240647479300757743159585996839636224630509645703292559761635686436237587263283826865046918956740265364916523428428908047684327030921352424057690012055910831548902256103261463295369575068853120024385257042303084321008355994347673985002735741807081326403646291665338481977081497336509006214573773698623226886304989741110237175805424464973347774098594758978658252893283922325231477518216539532456483701137021682000967266515966504949293406349963119454743896258086240000
902 1372720595762802495561951402298635667448040556359129298323168580076251906809646656106777256351521771287569364185315775175769463246030417545527132061312402610012876130081734283248118658296732922845395999773925032449388796215616937876937238760907106517768951393275251335299283827151646686114405427935888244240940577035259681017357958577273138368541245648244147778620085199868769741559250197970405932760335215801342828888522200369177447941014734410240089234463210491673356038282533372945479958744780000540169878155675924391307091783252496932924936129745572786659278047121892793798312372126281211563467568034207804447147725543222252106620821394119278379114647666556801394207983174837707037588909679125043460932622532249961099558067717914361533711799392600804046280436273692093767472217519936113087547091478701341577543653729827564727368818017816847285832649155736091840
903 12620903561227530966887574018005539104600901954262363088874197815231033334117366190382339528098895046156218465841870992857703812956081371506016837608059864970650134206054548334717344974239980377649537523702639680062697704727680345461924624723567492680928393342640164114735187600703266157694749874797816045136235468948424819691681787340996888398901443717695265616642610112954740300966432010400532766003101997242990116856743173954554875960984001423587886327543149300719105541491668621315611623637986674490754759043379110473521309936888834721980013267356954080933446735467248088859847244945009649427260053269928699486426924525369954213496687543999363780526942304349247740424241393835371804320220522419604000683291178738436856615324883087456597343544923725432315597149154993864808454388013646359372012069421263045243640632758639279603137072230675394791124221010237819776
904 116037815996483455876535461763964346802495089429947550616404250598914126673356282819204280115486844092618116562377440946641940912646335960343780554710394268391397803725864516096877820832370293639426258464738761799375567498172579903885879798406646426546369139458168981357538117302176592178156021726619193210757050724072480055619668060721646416590452431383545294538952267206162345501570151539426702216545429933012949171010664846701590715783962893625853587155910942724014963931374901263547032346765980568315430195205001674080667817183749728970380373035042163150097588579870478604227551574652231518569733665177650338209239516510378794084892327337543224974484900911704991314223906894365304213216365978607526651609452228005367560445688731780004760018820405388172965478979772044420011885086982981157715567487211527337703375130592289617302354397211217007887062460972512731872
905 1066864936098694559718302372051906531682675861567168015879123342806946231340415738248240441334309207180816578060215908549109543001153689743233834716823533963804174369337848315898393387857485982650982509269574317966089085342055553854338935377590269367109684207982522826785939048199684502744984496594367087178061684535108662323175337936951243914319549736864520938311914881630690288456610060359717536966063614972944974295148175859786366246796376574614436362415760076400311937914558386092874398531107406673511011958660894831063910636482655069348245885004705852995342736335173309345604347625129078879068988680573123934022774805670787651456157655900111923874439220519127266256565658906020271911256838009827250397291597050726091688397025415325291403434962121989019863723550460571605492992775936879416696852487619976728112287192712347907554230647486087421116027564527368863872
906 9808896073783965138725562916317312700770366242724990740891086693640131605353252831173639483569914341674403428206956810242732419622590762371376616232768804348608326367455084513014258746707661761197475277086552090536412427226173231064055892104033814289008908369597112372109933837133162354412241644355349649363412452446488095699790010037736728399747542329316347186459288690605182877212740845862397110070022075755613534023537165511317803599062219001566667952033335680250914951172228814058971298434906605759641073770088079529496996847116745096549904839756948459562132281774731390827242313534405946053849669556672312136990262736509419891251757194414759235798259129596305505530458771333074771768135937970211286716766495109618428735201460288518974721517093082124525731215171035234938613032969911741905189309496955159360038205166359391956927946751322999277584485474282687151104
907 90184441220022880428599374404659646138364007848243731622859811196431410387982014723107217149454551802919078916049229201014536348707020053417262705633169224945084318247000986629583826295994409484592139468584827320386044675479404345300060672750178161825935927363200729380922194013029059454662763593180802908454770722659191157508443777735584597268970503008707628457102560563615252395425271948357345817213342047099862634742179967160797652373992781307737095055182907796829771964797967901094710088941999684928029470437161284503741971161467555411229382581193731418062133642182588946872321952916783529152194062714494871110997752860317010351756790778493140961177241570081733666479764950635170125468740906996392698918670039036058951816794359237963901327754671035280872908607286095874572041607381369288445549365924532647080969099052963014966775391196926968893735711151768470998016
908 829170603524924478158236015196639487329057025916596033297997381857948663110895009309657390949849501698132537542097035193856231621119742206135725338448551511877395983473941945810839078848693487067741975905133705828633238706539659072370231307210842361004124963255760386376824528598359890105913939259981880922644880845520817339743754933001013453544200504512958975491169073597863402744256352608919312445106750988917852225485397186005939259406647270854838208244014766740688386134067039340279501264196146748813195327726277897982127496908388539531334427834985020098011068094596783432596887376120928379216825336239106116420852261334614689899514030634017738407577880511589160102986097893900215183448042350185700773665084118864632259766164094353003134868279699365993863631087797589363462218934741560568712260337975566954839448379489901456096993560218173157339423064618592270442304
909 7623544949522933598071510465629622038900446693534377439414280115789852236712191545038669374359137263708763357254924218479788015204412510326328064893968870227595127816040106941804866062244307903255333901908142272711719917983362700341225808526754085688776837489360979832445889369430275907715172925768846563633703468741611974556920700458034311351007539884743820290771501444131118186553165627312071272074408440739060224024724442646503592004169722349536145351674250115165532330266801559771605643877653334126783610814487486699958180740797171161777230864542332562025859573377892576625835000693028015315638329027598358377599245847400430353545494162954655543240375052069588886240842306731756090038769742000951266886859498030634109523153222936623299082308690883133992293827777525540895774758564461729648486915704828486606764375676163948357879868621995138782049926903211730033595904
910 70092382583650901665025185029502687716434172935880330913359481301577231047475983885837409075828582979594580815000666557135345259547599792078237813976540653747032727161364874079413036357554390016665006171852465894302910111399179910587325649161043463332461350971050768642401077231087899877304154813344849883264988662647056046817600643931003565156159026182826522130133332977896608230629037069865123813729633312102906500785919946549061421214127527242695339050283366005492666932329088993746060250165265200276368203226897605023459963050960705079051822521496043633575789739479909297896053216766271280785543619386475355327948579549732758623724778958910384866466238777089199515923115911414638993931891796218461400571038053736908294142158903862994598793604569259732336443896107534850578632952296923643045139482425801963354473271474353392379920485360037924043433560461442023687500928
911 644444419691842547713974643938296057055172864661967144477730952212934337486326672124346620199295407537634405413464037830655744452945414993386133119475397157379746535261650104042997460887817312265733803691372334218363873697880671575298092736886932127084658118919117148639714924178705385490687236039495849637267950463181536062604766285029390784188241017356028419459997820009725853852488992927141937609503604241375238938401639109968049221682781006923071021895840272387104521037974552793077181025258746006090186275439032691650485920087533019949631387751342866055687964877880323231162820867894210681145822391829515838800746225091869824581659052240932258873643214963009761939201884600748255364028606299673828250284501697074312624836591847649324036971652689286712283169313129252313657656320219658588809368834041632337810439127355009330165933358508840554998411053622314979995742464
912 5925171122175448871134560823505814787843306753134415601145514605540023877762498458458761688346348659646844031140060430753165273843072837995280482869884113040791215343012868902800047109369098865031328670660658957709200686503641493877484370136707781369286670485743160490050981076406138098995199626999374017629156672543032356529466989726608042733566462387776196449820551587383061242868199341040720587363459390845750919489623059823365710382254067491840669230295815768578057171877674921882713457619383680243278576470550377716452042155420519678423579612985907462319983301904603432287874203898570791753396546576442246211596796109715226358363687605466491037192600678900065258706079662915701539748696323697588902206795606345322853471728788907883975139536030305166679617503280142228338316693043011255540627343402453263044959328644991459578412600158954516640177571886568507803726424736
913 54477492718160329057341195466278033477364806724890062336033402995226848778054970441790153136019556661141453229128618423278093473558132925520740704440230986077161234682294329566713277174674330552909163381971633873584484218570700382344505904409851707484167745325920250374025650587395527282251605034408503170247000274793910139618212243642863606743888966340047149062370170456350675512041066624526878790212660278259807610554645252610950426865577399787858987924841717749913623859092512725299727111976575547783295161722553260450253493258280962174961159975680641337837548535601753485489121892874074064416004003739533203126754692109597491171376224212755783351380326638182126917686209097438682941897021844530350436361052128732105012135547779781229266495479230314647092730821552831463450212553734291615558966717696371380005023366031035602719385866779575375726737907002359608800066949760
914 500880480159797740545105703107606794642180580468355508748069348297241071731719728188365630134559728525245681386638806223298838162311585450586481766614432137874966651009900288966824478746160241605183045586902233171083553683009373584833725362568325712579728222624968009956224408079934380253387402980228047583999846670713625237808864278424787608955842432521171219545255080717519110522857029704834132853457352992521605151556790513793724760344215933360406728097170020474488602219512466955164875163309116783197311329788591180706037033546876702791123543043195562961186813293451369099356018970617115900304474262041409143979592489307282524797511692457271680639787488961999276332776408787972438280100299608751758331516152867850468305151244703099450911318430018822967989230482834124888579415077289895266595508848706056795792247287568984548246944918712926531436794156252457706144677162240
915 4605235917413251484622372483041485346963334267383219616361509426185708073614490373364010927162155834190300752507743931585951306302243286809808466709157727104639880995083265231716063930986308837814444515893398448895791525053758863709140039756628116265529532323248023882673475002952437874024903131541699842691354866192422622456837114568664422970983484884583049533283237306725468296032586004588725348112738234951781990674677543668092831478798506902211676106959342331200576304128730886680254203894375022865403374041016025118463980883139337483965058675421866673431647094573012610613259278364031860887503192973846899202788517445587453079544179388616994737469019025815270447672389094805038249417836959971029593408004035687244991147216814930318347155766066284052521173905456433794913776640861112974912433506509184275948023084388532163506046432221000975855204472397220469814877605779712
916 42341909329670215641384020656940899075471287173998215155402336068039931223215052834744846923575292571188684960464470833015590142199041075434049887472333617634410340475287938102569138905089324130751803787656551623642761296776422490174916135389586476613511610888151348656915833998439750133252450716501203605005508947381504606793919964704867859788107118455871522842980064910204369685063553543185907069811684868615423388026388300992487709838167034846746906630579186499268996219774899094969958575761612137124836564547759536145043406147934601938507037661549567290702967753603786152485089683290098954170184039811587367197625838153660730918209990678878057959615494184460933097785370467300759228690829067500599312208374069321753662680635710151312445152243833210060347193138159913062122222245672900968122315028825622233328873644966361212810834670106611290027453789607706964798426639819776
917 389304809768233887059290782913753884380291051246265838072551442546564114838601112912413942252095396772104258349099089134923263698884679509384744849018651775441033150751148143411983631887547542226916770225335041028352808947448550259846159131059417023142649900945399906380663501284153695451887793261070033397875581793379013950741450261186430934949759242260640119466604522577856112458905510068375577741071213863781616517839994512686982273388084072908314794312783206728065146340869964617821422571836483935210876940267394128588692022945817079565091399759146268377631307881719395412009793836851279473014778249523995707646539546676626848760098552473214945785709878249682120438341959994775993928157980431762534626357729965648045222883668663366538642311347397335318334623021404187651168291125819790294869924550710636755630272761488447165196070798025105666158475916557288753509382734235648
918 3579397051977279714621538341721756198473905235195745458450803470776572481509796048956516559411881068710492131988907328336842212962944042723710070701410157667435898311545789446548462984709282166958647080989167978010819813741579555618265877720647066428388503798906901497913835393562193986484915183984859464241982460182499931129994692199838091640493089818867753665691459369356401158595950151091052927952355551762068637880954537953816230179181811046295902080881025993083584364620606278157461175835979637443146248386334051376251236531518859007831270034869008664809793394350192721507942785023385015647397294475331327600255242286387992426557326984982609960162444521228447488991787064616920406352920701016220200269304976008383067421817200450736593065770843345174524856266985159015419854670167953853164041496520306769350031883425464097607509573378851103490031817672058117932111407573154304
919 32910217785924016298238793529433104871465006240561514870236614975472149649282561891529319622605140734751645291709935522960162739921175308841116459968102080121455833196924533115502896094404188288984278856979601074037317521811852526558578580112969630613567343382561831375181480218893041986632826565799634769089744238739621334910272896471839101834972246690795677620114859389261239754071213601974075480080584978396879801919498018809595302845449076365381515990262535937418782614013195803193500579521106858698776935920469094505002984045285005677377363869574180464193230636902455674470031848178702365286839062773360848758756321490050036456541532493442481181733858642410723604711154157678048743855924871731255450782945018854689069215976701667697491562745808476653517188045036193530546532890086491783088427898782697385452474630963621447148482067276680236354895332634519449187983214527983616
920 302588492924640358041961862506835482777380894804721316728475161170628695334121985056906679321003965644193258399449053469717091314145259031928024626366310416248093062037372818265668606551800145330462136690120751356466170544208745323550554520476788709935410953208316353632414579790550209842548085173442736026525379956721860990532894357317321956955147896681423393540600043484759979165356688126075709295051115247611207417593971312055464919791512953971145804879389533607571853664597622412649377717277649251334775596521037495086936819485694438083075946662381128306991809695461911241302231823168229186775797727489335918957691414488985571175986395000444510104361937109052058773391514041114885070258952124741243683342839855285407785892973153435288725491206011566803797286288978728188331132862483153781191082185849248594830695474632905710330355037425437772678253252060926232851582868895009344
921 2782113415642055116726836282932051377593303972247227177789720952632724255157183872504056368295543327944305150182507100306021622873587493185508884543244430619373464680015130057827416962104767339166531548164368881024461592544230338150088127807088064068617429866790274795537874080673120560835859684448090027318792414085244377800991779539806511217567606853216078841429664148441569176055393194085775603302561499165249872239803908770898333316767103101380092394932955521259829956105045040037049337116532783786536094206181953899485011003074989825472164759843423131558598825085143023640480565107979907833617709775826672177192493229885569196659103213147012250023858215571143352269656720041968984565456631628154127014707824682047861618900349096004115097529112266700857818976799462263231751090404403497659820755563893329853809546984076308055821176703086315412844399729302293880032993867044179712
922 25579851628019087356103887160603128105432867627801101725882813824190179440184631038986390783845064712007403188754672375533323397592488794778918468703713150988413313528856658338223566220987117064612061377406234092425514645392740654590529071297891924713450823432036817781548146669329211523227238496053906935682916438670432311591330175738530042576618622439741375343725301282725422259766497624720524162968959847697296237905026442379739384365354528335930297035295367741710536381378844751522484291631228632390035648313779024266146166165793042083933393208694800753761721966514056308704190930869837927138215324155383458432783266306254563369801462106407290092903601881251269325800640214703015655825830040318865244754122246140732343671213945735642854637016274498542564189193423520942862733193830786242640697680481285040835989409048869235756489967586441306368182978417719540391504561629556497152
923 235191693094756885774895730249416632977857992779080702607861401352193235555827222364431559048222104187827889217502427138623929407890061874416010127423555658937689412675542082791794341732017270246579329640447896524642353348900119625561783627141999803066774349460637206688657640429976984536118893211978301544482311728845835330933584395982389331005476917801858409554645075699436626678269150548910465864336647394948962492673141821550115567935595699536330162664931760131602800364425853822813094021394468993787289288619722707103654675520737650103732718908638783432865685918064532209365746262644014348447483117893543842466815165374743141415797020117308790952039259098002357803712909672896911507552785874745597916709215488832298748778754718570587752827004634487197329454254292726679400880799798498128836030823937892720555859836226823426880966374839959286441965458185248298002631747198359823360
924 2162453119705763999304428282812878993940149019542342877808165234802087486458502747991316614699821129053587091570359724634072307416280327227814633319973969837893277280477718981480971825016065383792225709439771120330281762926732457048612324294480158417240189871661727661680989188609224111036075297247148841866086430816720111724700802175206613456983080744821604637297474212040628532102113602328740752297475954087448776855207926384987947427208300554677666921187226320920857133909520365304700875820139267612347621046442701299043070021409326175287448294808081276613393294186505481083370114975069156431097195832560848574799943528057168489668509789595363352010487350915427312421476112728509095568505183510675024526065453219762502567842586465482410267880801610677446630183516882277705533778682900034843383659621682689558723048087964742278416546238359300240304461331204958907054916644797457032576
925 19882554753828420718185152072291907364658321927810038810965112779264750511807956802414345537898101200440420353983779839626054114430547427927094842456496765092800283774775414974491999468905675592951467553505228456468526356946343134773507666464667513600766023276936485425768506322014592580349423643000753034535402152330828596443528664187275466782576646610158653663723508600939315681032469306684824490685928870277114525122303359847141029183372218629650216516514722153553612622525197105304605606208228149981438834275014841432356072181128292651962287791139327867030232448855663928417285608234848357779636611811714602790692354264317218999674865404178131571748849221144427243558068675303275582009994794964518049927695414967492456383101069414174520819569250177208190014993857533849108212304266563378179771930057005946777618471604329889228289017136357889587052414637084415130588738853797450155008
926 182809362844593166726071404649425235446132481465563006556126263326654819952697074556965046621138340401446001833674132845956537484562389602201647258382020976966927035019845794234184066702413248868071761966128243177258361041988257081390285476465228717506216994227931281272890812388818867389432689904092726120620371363472970941067719375129391854467680935591947928630673289513892870285068080462133531568404760509323603251958381974448281295540830291394283826718866286449266047432668272570792548793808566033763939501101220203290657132367167728273927534798126794616590529246141835908970901360352475551324210873898079289611281613318002234509398241677265856986751054065589614287367025448597312438886142127817662286847088300185588153470436116823337572231200270955727856741060737877413177949099556961014515537738428110702074318757357227184228801817802171807545391232400045143783954056613806004825856
927 1680836394229247682842385054124538733238681077313054014179760348433351138891895609590144711913639995088671189944813536745311903344173549427655769038404506153296667549494758599244217340505773148531183022075767198477398744246464063791186601884370102653088256501140451604646507606907169400639157886234957583456809515619247773615454390548373718397789526834339903041551529182735688720641396936209241068613323560510534915102161336176709578115971962760399239977650277479837869336668923665660897956650083158213584095227167723312360572350939891181847351890083659508121718150802499590718912908979709303020689756126994116002207222008357905080691704731700305652757036719482647442782945705321461960178331202393077220953674167774916527895801400111829985393613363026401910048812149161860092018625141806862471482332468459665344737647396826964595490956316242744286560584425008086267356463755573608041594368
928 15454437752895664606192595183492762571392422109914554347169121270280362207886019005981267807617730246293618081707062483989674548245391173297251194358785543644277658407565313079422921124214104314567478860023519612619208799464317038295574419566726017842160300100633294150685686221270823663806255642249347280717577841814417893002847137727019466521572890995609369115385308897755313288544889346441484580384440545162032375222211848817579160800388747264234483487953193245272886512967519185650410734795836198110501367529834806559385225625049000787702090292065852378485291640999535614528791795348347740503300321097440620335223835329061437572908807856348071414483588329127562052205014264024728964311607053080738458065439961821492236584061724269704145268485655109463776044070970431718109121634878816210784211779416848437961934285968325254997497859908129087545323933680252220103597785291131057214047136
929 142095960880408432232593894821666599907405159866036772154297582860586163136772312615127241686229547642782881811586713722454668777218018964967037587543377346470081483552726334631323752290463847877904617352421439646185824848073356192129462092527095588491377510567408936398379463316539943724743726113765523489149531581404787037396132869895661447511490468263490714683197739873908271598819615605764223183509560746089116279944634054057714755872115470911371383080741832346537198494040247867519459854645934854814616055859836568272941582537524613696820194640879159486240627283017595277631650239164902790504351543498820041352849456871717092355952140003972125110753398026115107914647813033802896353554140199784514241444011310441797489807052104990557331237216133567281165827903822384398911396993920226513163339455412901627797532357485727501988945096628200357465782540485113258427171370669640173282596480
930 1306504806971938490362167506786654677737181798643790157343222071396055515988201351939053843768520016263818516162680200269129740393065609850109554602093536759084263065415873422156707784743826045866926767536803738023528694809546417633617322421729034753442535670648296705127442559455671588898513121514685253673328314540875450047767945950458625928051563544330132594137081551339731761557636337553441352867528197736853305977353949282651004076766376579229880413111749056166002653245981172520995841379144990942620666226098614750104109376978077237039905661690949337354299581769155673444960983184506915907616955702756160374527205728239623847913246381768709979690454460432367813539946014665395401852491811790599539039287853871566021284857522257638770954046601918304013275946178951566931548016190426176672252124205107409773359494642346848912385709181996785116331712139066350558984014140854642447849811712
931 12012711425799995273024975947469995970612010709065804144521230763561927644753336779940878311182941130027359251655352353917458470049545714259453615692305744751530615437465948927757882191241325578287700834534496228980747106639410799585656879500561107606512722367177874690280634089164815130401872580363858336391840423129788344848382553951654339649239609010871054340190639201239958464127661248021614272763152292881162225719256549780805560290617616671880768577704957140632755054662714940467496967433980070459555559351041776217581281534778120441462683259459628456287119412595111347361500030944081527105181875954948185866538899792773466514776041156026305506702597604721857664393843132564568045006890630318947986196350123228520683951033106497990355046740692917512373142636864191687735796643011635556790787246142027950506915566102055035191593492182300850306895309121447773230520373182092690135303909120
932 110451553575391226151920468410132638198612519587875277891733257923340234024409425454645194953095678545645300304137202702206433283093129016967829530110241790897746635645995462640591018081639461015059369706336657067734341782687097524285161933690460919984217486625909921402086394866877472771645203577712057420355913646227918553297692549311543678154414966128954688726226448331803256893810342073866665244469655117610092381697805717673406197473226295129331396588037271862275745328016187382924264890585760338115485586251398610267275070921842206004037193924998658668891891448599980491339865924087869062748833706169041177663250197353022431096675842385509191759158071444390437641986344646357499689838492912684185452421288864407462080890340992134676037258825311497639470321751285724540863449241781316221598689972433794934589857415805482890631924621768850160226210446069614333272386316035733983651838788096
933 1015554801464135743474079202662500226020086250839487005654593212280201135953546762986310608191514758768881366470170693454278668874563069518581258840450816329798834210973152328134147829281015369988990941166029805200298656785785179927647879175054294827386662400647692514566877656633672001968113702241027168416851327840434221996074001720543186971630581997950433808374995389645680769572511094085925178955677207771375044341415479253596596822767377910346416205238572830477216095451802730302305113651265909839060394508197538100625920747674415056792990097166454257168052983340363017124341321412299125595091831160322665104338140470318351151294395862822307379102266608038544210279849016989468024719001988297826640541560391046448152422507213323488366097266632370255987589620747526898870926959589064016218463311588670650778688522727427516203551063718448350903562704984846743296264252701492687285356803460608
934 9337608206190697970608084985387492237581334822282343604875118869149591112983285758190592069551535017291751782316831588790944044417507373015889730338389872721094223002256252129715746048754560022125820799069795945369248141428909894943335714528136961575449669695565349989180384851565920470137471282918896329337352215334470687626508176013948734383462155796360576189777556330511598738700035048076072247190257490826475052343803363391674681916644219820369929417291538826322469911218256987497988173773875717988040924057440834792506430041142998217389783903559211374366031951353872685081864515476917638113598236983931189034697902031370452211944283630960063822362046535472737226898028947396790300625590456804542131349172141295494846310001851430965026827125940311588269894429551975489626452579976123964763130297577563850021505517393599569064506642355481049001947631777701062706985754371379683180262158300160
935 85855610057638211567438587251112554319751478044905116685149313934941795291399384520985966978260366736035197648628452820508653571332217559738636086199074313802137619708235331603108371014564870620866574631805336712839105846316567737038570112316039226674625927333439235911632126039540308593983817391741941572087680659424181574124309647588505641692893540234901537905252002444833820212351995671277701260699878791385101674933817629857186789730786756955196795091791602713130005389276663582238413618726568706041662347861585880841174910356260312664141582888308284454327467670612893634625420854252903501768072733350760841684594317204457017742034532727782641418298774389689465149872389870831956269959484494054347609654329436625064139445618761013527368743590861582202619134067314430280353368751517325913401849011729915310487656932001517070741323698621656940258776811184814600370263137027088321520698620990976
936 789409693660623885477792630499256942587243881052198565479188763257481082068078964272814923170733838169814495819495696918625848893060549293728280061758987049293143539503077012419300535942375313778501633911988627534085237159262895394561065311012314690897655593233269408934066185758246466371858861404539531619579396424487228498589181381729801440903715151516645044570878296254135855937019251848978839531356009809287283906886323966355449575244717297909699268955623207020039414991189506409759097136261520529213858219681238613871087969322983721034136176313482514344399396184377330989508819234491033958992498209083654718706089632316794005137990117152332894432761803800987534646990946382746893314848049002978883174279422197392292485035007937262354599009665610839724309694562875499616061284926874094501944665829718055389318247538045427899292782242124776980819079505745378143311760862017351697387884275870464
937 7258334448096851140820548198581007541307327753665115470782308734136810403591002370041228020491517270000471518799509520973523492466278023639201160388582493214753711418934858119512629141502144721265154919353038217213979726073936425680106073124944014230628647959174535803285334601784232503870062608465989521249547233520809980321807458048211917575567763867471092751744463155926849705067782171082787880166061468919733632429809411997857314308784998035421185964594137544100459130989170170897543788916828027342938953297911158701119178271189204552449923121018148629100669799600849190049500192474171317635038280021930417701299972104419467273768403383878192970423358421017610119130546757624320703991205724504440956232537838686083211760733496210698871218660511215637010819678359547539342114701262200179944515045997006630867576197315709627933773385080729848726543583904602384276213657394415930099927509890452992
938 66737854180255663268744102784600657062964734532818235183661889661519640569177673259403816791528726050909494958515408661737322213219094605099246873401689869500543596207874544011589717979617337596218061452982265336974184907386766296408613224168327382596104633863960909365423370184281486201309235323642731247572761340234097318090578378466724087591424829208433338317437587987222645403721521689456290877082540749443053628380542021398367510030867381989440230315418137753142396026258088852899390994101852916646012559713323196231489235927640749490518531571060467989292635410653094026058654620702268102356772839118437667125950574922454712528124563268621609869401137172535103417019170429314574494627161446764852755081864273810793538962976046264846261342397933445165126599990905599018512152123285254355418718278079610268304948534624805672061436125553435155008883924497811823155564261836781623471136205422883328
939 613632343662746946468789180210435966533126592050678358414515875227979377225400304642328003124281409495773393614509580108368358664217769179947920001982454883761248757784359627337710133605662714003718165530013743284116579408121913662560274285158848688229062880695739891116572374938213417687984313273103713843627910143052346737290609056205588888278134132929907276807555301849797723665356710500204808025421041612567002752729739446761599141044938838387881462415355769869262126502214874993618309712206914636863950801749942265257592858267227401225712519024910653197440184659039130251096713344250935757195111514971349720142417380064379095289149106283324792554633479513033017948521808821865359046024562967443655501527990566767828618339088468243145396280252057667180247941975893337637535324699839718488619057371935592398487945281939473872445667044873318621885740749386455473621793099613640269393513338759948288
940 5642154648007281216791266958325573338209128307313927003945830005684063772241531361160648064798866112655065762614117421223044979271788539928487046365676592377641139631478035432024331166016134489930918340331739649460084374006787167213582263358627301819139129026842358757074094754028169483487188934115841581912496807150446697814122826280805917907923685965102514686898796576208457006263450903592327290193260535334047185855942416557826375884060128307753329622107840481051758904880985132529873046094897267706576511579097705329252531661191617769985758776739776297741438415547692070829912253904270819285029042317339972775731569649441747297644685977927130776251477616966074561501107758398436456105108014823036292975339791626207096668205963460882131658749226165947236119369188795408747297456190171982374778014000800930521670841748255389457037999064529629263181692889221817971975957800075178159873483800657088000
941 51877909426890938354143438388980162914094382124955502490712820145244610857483213517606808847304987019097236304739852496489962610686037452006682238664704350555731205934061549350953455832425802096280544052032350364615780723903049551622786862654934215795701929900812788222569491445742703242881711291983013809183980081021800927992617821338776775353252825168500163337020853260132253555022721680917011908436644071576309776799208775418508887064151910697159914806608983868770616376472281552235412160735410956640012375643194366154739035334775918454548787803568118970107449760848313311919829813823481463629545552429293893149685968833914184934892737300542840855856786202066424738417905069949939821749888301255648122635652862983339329651599707076871753995998706207868219274184435126333146709499886147936302317896678389101557074037981919588201833358293477553195484107260040644951714890466059199367944240964302016512
942 477002531166687001363528167918343606051657049588972640377605381480264636053869715967927214249065804908008363630999931147066413718709139637938665977899578782890818792108810568162508749804798368971170484264870746686906518592484211665299710444881734853540356957363379359814623370234966256151592207639441048106603536037152361364297209854243404326793164820998377484011932229649348692031369916231983679733086602909321451620607249245489999353375685777933928407384461479882139177583698838916401663675256153535831183955728441360937176643075178646896402472561863021860458103090123381241011330883073662501908426684739007690233455991407416093673342312968036798980276762268343803729129321347867827107946850625371878069211632197815373103788051819357443289751417359588842327390890585798335762004291934300854680023900602989399411404343405810675850705168454179445058240568720555957858052584436037074555747122581767514112
943 4385909187628855869826367269208350366558562909550571109492493430882314519950233550237601556059211942375054774200072549222455716344012351623475727749852286719728061375586125606075649148127364225965122441907782315875355790254394635991398893395893487596680025550381416812731463705277347209343326183148060958747230140326716673600190824239571252251005189844141431849985753349701243613002123537561149902291258058173293805581302182787827858548868548873292606601029378815812094492720935598572685615115062913931271107633459933413657556778372341433646014179699624800691448357554050908102420449438618709505345007179253640616531357385961557142370332135344450420502407624106107360851348248079249658380232237868773851161018724729889661117281339704686938760799165260018968465455234064565430427248117127350357491124553844402524071350292660088237729595153064658313537716723927982341543729220988767774802821067421060698112
944 40327316130922829883447336877935179210692352741025893925381897154960977741722960808883492557993592561343806281326248645227707907744612734307911591698588958752453270930064098531184251610866683522521297249806985561531265356872216245994489918300292381402195641799988570922757811741869866108445009341451044784377354604155626769722781669611751943529698638976259743108659257946561080445436390250253547509344011944078040829161766760163084030323834093758577204550324758232837827982548539307340917184984229038766273915184697574751979647259973574351000007494033931874225246128351789124414181340178861877341511353324858527810046646125233925031873273245818968015667236035237802654480652697176083990764169483987348244549920528201293031713804166494484740086545626436299740336107761903263888574744170420933993292289311934544373659463494799233265247575945013330829517099121141263588590251862614352046761314732039149478848
945 370800008811315629017604654923421427337892837164997624509143927381033848084191439387817650121225245656192618787617191581082885097441650800773058994212112221223958111043105218623580158942523304532309737597676945706559883807240943456354069678937321393493844801307297691189414280312489638434962818798193632246418665423304095616806117245101415421636811770163939501955633779836925269743496874696023891753539121397279739903617345646185825890901339049521791794802643250813443480396428205875293697720390823766658687716686038959082438253798039076046077961718568139966822623173957983162731241504745409530849009850788848949174848441523090857698555523764460030453620790929234724733820024654216825919104903298795019612122253479487030813515370627462869523859477685164772265334863698347895581142244873943838536639944735895860107337340830676408044147221761866604573701790723483954268863540681016465927678299644943505571584
946 3409422962121139723955736589349998253981872471269054319144661031546415255484085760383147889721442984013441060676385754085555764570236193106191964320349780834344685837780326320638277511663010280540132073905624499588455311972750061446142838344153351513879254401826824640076888043170374674727646571540058906647716811947840698342114102557138781767548845440543213268498563991719880141744340829553149359846679210725651624797917702523974754981523424463487626866781181026158260676996638839701824951254187080909459621626047932880197289858257372108221892802099609897253709958432430698728754446152731218184515876398043486249787344872373449993292038122775134899834815581709567832946054366337893269279877275994115475217221911769334190986000434271292247955679063413472722436700300682072262678613165019516733033384317030068987570607954915156225633984752871494882018955970484479003858584456240250459807623788857693901163264
947 31348932453557603999939457308274433261172229902379135117158142016133384657401554277650481404376299791565979149746523930480419232472175649751784168323502027694875614683246301671461847919216747710970217680381018304415231241855600026686956735529552219580625263400970464385430958139325131627555915113746809077472507858604983344469966032074865752643145512038399521552727398615266473476989606377159463774227766562814956679952422525685808070659524000120651435748808472014857238366502084926492077839514964042437071133339003813027811599835212760746003070366915979678644437551525615621230435763321021152194622983812258935384067118564248127141916121474121059052463249930524340769888847265101912236096283142744249549114577909187243225289711010243978626771786065579332833726748417215227344979243973448299798870593558013319642994551718403697722864098742296417122348910727121416452065034635603299639924419631555721323529728
948 288247372542475599060232028245803488077494529532734389584291087723481778034692528470432163826515376397850215890748712377036299181039813608150360828871943179975180085402408505583164227776235170130723398922905926209636193593358607403768099795495002223349501441447850123373072467970451531818056891755086755560045937740267514168512155642350602654094215940760261699845421667935987091616891495834074200284139248289978774875533432543758675324155171697646982949110672950559618408879527980213591948909364787261747692938971028704669318652321796944728353054894311524130032568826114549755394816788764163019475862277805577491056423912892143169363554363202653399538888531908555471938725823814059614283695709605715893193919186387333205793110435311257909539958372679285335750377242080573648065142343083141030624520933439938147036984418474033110566180933893135973608860182792319907962766866405159820076388880130767506364823296
949 2650383283739543230102625667335548818287926610897687476236935227589861101757540056581886284332627863198445662406975376939376120412687156459826619200317001626010372025742367212180141198768743345022128129646133014396214764335557460289089123730892214431682506889216884649437267951395428666703520204794293005171122911271517653137565780509208531538549972378181456439567515996954520127494120410746754523040944260706434513913613922139884612681868734464275177235142610883733586613086522052283341784229075777951401481646984186770659793859079449746019452536465476677977373054703580535291448399727664156740330951322443735264142416494631819856620586230555651553113325276288450371177339245613498236166253198742611839300923948078642851480449151704730969283743235730947785696418576162532240570636221161737020349677939755455197654762837748828770869547750199095236180715505650102779932819330566079031949447806235075602678575104
950 24369843150718961329692540743729059512952090016274902175885369377381253815733747841031507236736186447061713391906118344078890008244205133360954251193996911156642490635081706336378459452126764285808332403886496171110440857797469639504808117977452329411065724362100184909785734969706455975787773299017556337815854891455964590378445009844912174399461063840747207799926688759324121028649681446072720983195978060546344801787469767727992816902684463921055116996290627988337718175436645815243301211727024137331075601391755643331079360111999496920569140997025700652384261564868377550196432100390703814446619116390532806520657131276705905841369463072208710029923472857850652331014089483613089210455673737077522720189436641545775035542458557885343616291799841093884201160595346918741287847330420008217732804858642653475297229476883789378783881031906549976639393808509921744197940823044789447559822046296904093937380452864
951 224077116128011967127376001167153185406325588332433949310630933848281773315982535172673552245308404666147842614308635960295578837418267058069165728250830315009787748248736947343100520399568049225165599898715973131884881935059508517481698062226211619811476198732854120388133388185745107323793906430303477328832162484574451664331425784448457598970061236277428250508305905704675459915152134953151700708520792224623789373469861049520397867586929495769219983963687080913630212729038558416079501674675194551148182851226357179636204116267590920104146113423662122034514771758411676545653407319825007948988065589914091301857193402746805630108050433363955446611956599410077901673728506059061608205457790711082725540720093706613392472113203370059715135606902453300795251842137560570516398929045831310393157821655104038816174139287593790464040014016781309871224712550590788757057313116890193297007700735845655342539148550144
952 2060359477427562674760283721752261174843454990962872866140939209479094884996374137075275376039679526460350747705028022234848556904964966460090593163600268382473659966396921159913422301287857080166884503120814187652803822090133470542266500168758007610731410109062857812310198597520596817966945764582551302940500892414573333043435918985523862135843034681303676614717643405185424017325656851883123365386069536078757474449879985177715299629750876179232653076917021156588706631785116710915854803312377941893298933902325439208503054433834460545578594063121424220232166544992804963156519643557887392391198425968468800935286244864884792523121851433176819009203471167972397710774559028821786420970110618318333142668040078612106208004836397302765253916679811878206124439152803702896379386906563487713807515113757915736156100943604081220838416186671221812741880118393804910742945648685658267560693266439466915901962290945152
953 18944764551120451588041927896910748354627589160958368421465187758975871955344871982315130179866533690089100021679604865653168595016706898996041994471657252543527944566835555309018023373081242464187906629707210997390653050626272051949075323248867793902087867030976034164670616098324591442723429600618546785693799725704855334546255825752382493112306886415663096427901979644230060717236193781061597257130235024033895294840456327737698794055495688836638765769085996611940171193976480999692675963665174791121749218138511086850053417042888034017285383959859614083975395367636442032897598913247552685249983046285081375255232137667580840955839328568586258619561649333544649923963431580769144230382081802427371801324474341951114691292871889184358533366078952006460654669030280783376657877234591708176521877285708803042540377413092935517384926639699264405817823738057944206708138304514228831421565242820466474950961130914304
954 174195183388839092563717952270631088640174930376147579787986315065375681007679083580784892384528300755330747568922515993927671667549057900138775775835810721772535659618384340992686511014428308756114955854105577948895635129763637446632064893558089292554411586576686326687999017041990208050053999928313083804155119365772778492153821725859667219885680189647071877807784234209146875884182601321616996578288901801165683513781182889173398615951515789751177219461965025741967013231167288237305946768484497218549639306530528346494734527558872738767886543962875656860249949462368256185432279844854530884469130880120190199180569725492341894740283493029487222731893900955876188208577980753376660618299484372469698205723726812029515073420357404918685701996831535026112391216889733783482729651848497580435898902253837355813770270761990540308164337482337207648050246286242262601477787827125909012124778544726139382486864000849408
955 1601709637240696356993761785554438359311490941968842151375493161455092994695685801801633287020108588165500904534716566463307040374318856437697050344865273733118673670252625415229442258772553086493385434730031177334650854633486959820525820398023258944390217450087954686696678592839300669669727244387949633140310423803221462044336564707396983943183928926382947663548825370133212905013616420143762124786013706439987724543155854994558830040022321812045389296875763821584235261325713967685737165656486898053557635475833992497283567932460626166406704087545284542725141968101555715647698705355148437326713920903417402511927026715280834184382671766734441668825794523787731070267189230082076652236208922676917106691767990509804482482445936541487211629518421998842688655860965496209066506438436500311183851397122979785782619968681214859944931391792722529271061022265365637658065969315378572046072168329662814032897301356754944
956 14727605746857049595548506260607585601388049520002034487698462501837799541776307536404859314848733814833921042036632849530987042430035840168471351718727973695360080203537037930896115528089194928102425758959699120500614605632781263159022208733480207681585338767517480919100923212485573769472575267878943638421346051092005738069809878085446361083210673343069113777100410305547257173826808568859024974080824057770843215775957104212798661831629129653778404397596871325106024303076314440752336015278827895028781468437132472300310769881547189679404570267718509932734019175083754069067325902317201936703472725737439300889522004607974361293139201706835392191414785896205487567976131763819550434958747267752136681270498452699979834282608801467430471507407052441770034718295545032221998709552657780090900561788910782332533656311872699794837730695471909807775921501807207319081900070550857908799475240936875201311602209759250176
957 135419505629998233757003065985231409799908709270932363343885109575567230300244269752357617520848581322224188566641696625842740334950417136871718399046029771257447448050755296939745983108192999441780140387015342509900833449931388875478267409102635056008653629241175524552285462482240545340886762910332665121820020318104040755565400202653723937155758586897023575214625091614367338449577840274545018334699835232829951816806992876310446366286779542072005190781706711346649026975099388744953874431081283366261885971485391215880440636418155174794067672167018945882380395930568044084986135347898280120574846488874789506256289820202409642191368903401622936798431654985561046383973561501787573550596227377004848787577634467863618423861311767872109879887171023567713850572411389520088297500647879430922992667055319603966136613506789978658303814470669872018027633711613630745617981523760067185230713199543232083842822266703534080
958 1245176770294856766193490745782259324334462402652263648312088270475330760342200402396173850605592919123846587021945673121242262460093928062520993475964993822853188216978907997359238717660591436106535816743275651866766670460244890026221761232826951584464675435158408515944683597913507836716560853733307329349205274050071323934527478922410383875629043889553830853859160443392348750633099339356653053132540670181158847578420527374707104224535621177182007949764648812269189752151999722182563493992410457159094803373714815018302779177333356564429832417997864258706131827126816182876971200198436465760155593559157523175574214607627920609224205778707037748975991202605385971573737185175405689506007626569622416228116846052722219964914390117034955603966435446134184111052583796657321489637626047464689060416204178207417541019560187987395163260437065839189216645990996900771635111021282832308668810484245605613330138845405890048
959 11449367782449728366314654233796674596503107720351598022943607538439815125390690459765101917376389837879049023529330600442214449384654751163908870111010826663932303768581621139595231463879774272354479729810180857357458573993289969726364859848748227988760704281816190927468552307320740172720131818789225815841152405527326680010019327904430777364531681541756513801437946799755214584802217696881548057644418934353124423541350683632047295591302257918138734509794800418916064978443861254204390961194859845350899137598568611487421695386083787089933737428558614533177616765083722434887378048014117349387958748703502961716300262846430823170191435761960958280573245008696559751469656901800416041838558338993543752170073130398761944629211640945035461538751690167886676257537986726873989512673667136966253566453096141126173075487735560991805853438182645746393256433661511562461328227206285504392763583146945598933487152270180977664
960 105276808623699102905107629975742622580833146058591722660484988091102346724184242925492764793325887934935856555167811428322491924793045666211570751217028101034424289854506480712947251720090067024967842533750479235751797074976558614352047585302956441134746631832099061731117682873934582299721744078352823100216212156729297968974039926097512601157493742351470860516119972373153250114166139415720783143288645118372545374981681414042513921981697600932464114852295053812207231753198449082726998071259866589442734192553511951051575848804348803817546984653803557666410957243338223147691706680286503768676613714366076716368509485340371240414882617002008152417717908195428672763688500590109984728072420680658341555620144851526526025825352439174255068238961071708713255518869461736180600931734919355622459972711625005611276532015912698680790097247184830680443292473135343819164526455377610369547387230901420182970393112692618197488
961 968020653570370532225335102162160722749594025327205443830870812823951691269201753278385109677886830109146175300393818459919309405137246262900827244196193127997340763430547450635083460355558189401172280966562825705174317529038053939068768941701137021173223118791180790782749584577969296995850688873855532207871599092389838341141314739825822665318782547392438614591814358829890406883830354000459830789746179894199427690977502815193310655519448509821944899824847766196843438834594152724096501442837465724946887831009884147257237437464812481546799770271313034148497311941470026156501695495482649940365940855043150814608699070550589674756338107982188947908643956863979402716667859906136967234153148375706906052405916490090630380918348577308129741308002333836673973941519508206218239800548885877540022963197485645778646079503479623480789373199952482375244848045980262485938468319407018792250701966262965829910100139580358338496
962 8900968037361205511866282744483250937031608831718063511702466651805270753651367433978698060219005718883378593134767915735489796017995836984414719451929105786402672449309981954082696513755602719956870689675740256718768602988378970017095662313411723953750445408750883614242022014070877769777689875246608757412851336438065444403201710621084466544292367258470278409957805708377709914641307461325152889294162119175258352980189263661798155532242145911521245825605149191864569598950661567441965418904504466630187605488013332264214448625310732299757630089922266103442741409657111480569617577792055990819262879917267121476254890272670359455033244275273175429277221890551016311347937242139671839971691406416833151123586724916761714080785020169482292783329175910890954712031301987979521102664285780228097456100581812124805910779534908422617419192604582542925290044888753133159203755402990751289288122329832999909544783829633567065280
963 81844700524379835164262295582871606492447598782486471666065897489643738828491262950199745818178853998862982236984049149618336512387812262048958355188694796536494073796345720768383591227740216677460948265827449730603808298658774095266490644470352141939594639457930101552179213247788693294510631748874802566098298288517319529524513141268737881060913429520784557219305812559190988483281653919149483584920454173561173923286912172000154880104661251048970361607002765362490075684815491987033191902884739087217893713883010070149405965023123202794097151866773777458017349404323067998857852705913776045770326887190044374795476871527814565857258857299807210383850537412968822906589051219803021822626547568404836512774257207019546893066301361636306582164088966723991241625889930396083930064931854938547162254612837705550390767977472804207659093974396234761362110950614120044492465461753154961887393442533187004246390183526282449973888
964 752565992482004472502262032504858926676986871422938166522273668193652933131933464797662450581709067297225238676418705713143704073859957852984837435055954305073055444893087859602344848053566656925915551428074595224215847332243554761847984343457196675712948692078205582282081823682596406184112779771290754296759716251820414129288236873750665237942401187896771067299315243028641315144028690498988553955741518512959511253350654917545652456130294060089736648289624072744165878487833636428350240326566765725603499868979269866553519372781125450056000882512889166041967803359597912014374178861099578867775371998739559989784826399140517968244504015221135548310477002638438026072084701317866884083384330461224043487063583939746098850517037102053378973876438524873362852916015096400527719502988833775039929325708002245631235646583184264719322835982375599986499104503910350887290579045707492845313162197867631427376058774121496595318848
965 6919891992016861347321903980150911730186855368859029482487012039049152117342428255678184519692767433308664939016130425743425888932357367222958311323701201525744434004752836234332153476964134051003388613198067332947894223128600743505504974357720766619799866536359418565436903429337225574352258057473382215727076118999979847090692831262452991551349256266842172406236766839816831671140902574633427548729537399486918522185600986858870561714899500774776567373547003315107974005998037287538913439572571871997338955043208567342834941903727905206080615192192007620842774167121878237546021474056820710704047853690770474688243184049794830660030772014464228056652952462642176242433453139552098516675766943382194986115206085744089713047020778895790740669752794029807156916904012897660195822634259471758772705812577999747454853449767556541790942339794678250486246625256461738895262143993743720481625336248330817158423679021595983965690112
966 63628947942172443797429513648813004323730708996944242905166425113775136254538874192478681107624843896961312378139363735150843793158920586554376289629394416072851006245905666284192254255578462791999217049044609696539069178129376039345159503121655994348613096609134738675782139598921923430119098971465212429186805962037459749596564811080691584449370556935925413492536856988215940359667013659683998043155140658029359161457983530284881466548891018401850235724719215836231009661470817758933705383538119937415734862444736057796424381301572396252597808178019721144919375278565518912699494929935087817853445918232959788044509669193953378239449994294426407008596376329566987602590527691621711078290452901197214655371246890842825822338143876249348575623164362447601089272588799117457456584064666613851484862252468112883689696814889702128503712924827122249550172128951012062645522588102180083035713516833749993360972109647051391305671296
967 585074092588191903551198089657021897502142665588650332250611386571186635310388869053341505478659886296377861976661517364888838751254954925184817747456448853517449787155071852409703467620205208833273875300975008420657369194716467606639320969163474244208888767015297806391579227975819971981878282356657960179445874827690674424967730662882621044159668320813190369789603318685040842952948226961608429536936171679640503097843298694298202048951819980322811244164315071158517537405699739592369370574718524968631397756857155681191593356424345809101113252021285502599971491970428419649334731442399225215398504360635097892702651187023981465876054878450267493298644462829378204356191657683261326604196067624374039073627188794432971566192700215527907193676621100964687082295627930734610173436302975997012383341596182550952301627626628246274279574337084172811515829930176361645417033689125975000414258130515870146749804977810083542254547712
968 5379819316867044540723923610087885457755801651242031153524115845788740520783355861250901059346251191048448074309664443631416421907373664866808315341228003308927437751623266845397372662639227902499626964553894603835838803041489948028731697701522378983342204670367107052037324286333448290867449923799926600090561623118702049372369585622081464366573295629640757497615157176950580373260306193724169762332323443116533406514255765454968741672063629197646570761859748172418960473899949051524418884012914651565090394770961281166688954211646537855846586692116524540384372329735640021324443396113117063100148772676249350582592519643039606532528220132426689024067592988092616121640578712368783543761618242486069956726662693431025489595595440931801969895746114416784931178489571743386974962733972613049516344212796380888932323270254112599115605509306631840332329148928226062989235718497142411944057133375971617189905703313340828439444131776
969 49468097472467578693581172591160705157271457308193475102811849498580288707811793979920372369803823336573472099668434164976524558324550523417544571832386686673719762781360763012185859721187689088657784386905401829606416985303628728649207141126639643949963106954666295812552321111425114295696710931945774154354949052861456037608325897183241199581138263967164327927108080758750626204533908586789360110237731975475333009666913415495778351153777160462640530216229947634083327581769576221964326026528175870699341750894212941129084821038845432574903528121625933730454431672879068669633046273197502453827492700104831546236543981352325393585833691569159752567476742833326443614397044331035653826355809574433255745120091252102090363059629072661102676976351849096707473088846979612287016845475332574130582252272350621883735319185406046766115492239236359339565855381745318149262176084427883861885286364614982837766637160211207966143924017408
970 454865941579165344919687907165656935073625131219069834234214844434481797611550505967446221420310357681660302876528714311092286554941295062243605940426904555678486787048285899150481650705305537297571738737242558957772130099125912893902215879459945843546291657849599836048968913607820530971993511955652205336433871502326590622689586865556409618492529557540354855737641758046789223217299619488227851913882654183276991597284099752015764734273196778493142418483270532662781197457162602565097502506750218351549763099350531912937435632954503411502275268661791694135095126168765942208001736194830702377298823412802926637496809980148522190692596101750672064831618609622679369200255019653680511061853237754640791777381868893750709100372320651098089545578895774461314210723153770899782655280206952312857315683261849859556325070134273830981951987405969998274750342238634070919117167606337141723852159888566616119272240482550673222592710246912
971 4182561396575661267845666579687554363239221371966063523063399967459448764191742996047746740194500357675649522510308765667089653120282894116367872475006299542091910501081672396231290188985267934549179700796255552254295287771167683708733121177304910612107592162385140631020243973867031828558879145140341355817436028278671775333339872382784816734551296599366402474108050594785091749456507923765584150195423777673169520813722867768072818634916401527235287460914843087770489436100089517542918362141624372035321015996369045872055551409800821448101127462184444288812474270716886909798748248496030860784329781258173085921124447392530683847564431355540452592690712631908996251742457119336411143759612225895993208067157417383905759631653480686832843121052327728794414700543995862034193983652318433823828559653485028410947111485336437273428442663253009265687473913311471512981002276056762301076404830040926456851252989607700042983844993878528
972 38459348315287634919314849145178350623502551249598023961433701885152122014204890083144875646816490650479415354839276570642581520497461766749289675128217679490986184376243884803384575682822017916560641442273199815780522845507647873501599721608536273635717654010485197015578223653937512358092806440825304744459993343466201951093652819464353967061949490309085542332896060881304358357046478762926950018500407933204344971941880141180646471424456380219416245212806237715157469673064905712501005550470346009375465880836149476254357589565029936194103926525749108828223340567329840432385492485740950989286693085449174786859060817718549723048994408389953049671694003684506429639188831965933446114606263664824364909493484298719873949267476459332592280546033089847759264218754801633220695133518030196427262895862270883844324660743119594068913393658869686747190595080851080041685321545031007922465379494907455022363098710565108141570993431785088
973 353640671902181681177323754061543419186539137614870451051562292296414329344981050589019575402542325187901539490559016180113442631496388655038527970459883750609861164804306870957604915838203885549287138173363788809115821404302135961767074919231056313566011195591297739410633948049996306982792874263936927055289556786688757498802368625576822775520630823813146679026604607931514632609620008793173016406436326331517095625919633400325907637784389000130675218865403141857511156776094449234068015037982688980415427811448393966872213910557560000990732250370912320337718746001644523302318718087273669948012601681537252674571751600637355159664276122785904348268270427279386381641496812493431951491530392141369863584484292433734355171436515356634303574322010417122617098759276972823310854744205311252886073593883381122597227788949027744890874485839863884689692330072631179185265883806550332743966599040682376556276076253931184467920732389500416
974 3251795169849227990327263773355809934380588458449354486812090142951652674144426389988847539765518624115864104528437966523596911979898569631192083095666280394745115457719668766993103848185840190621823661277539287855318114247388405161353460765870258355949256924090296599205132590169761397420163938964525777067909702839579952974631520715238828747067158838968160645188990148319446817132502586138768171498818724983429363334798011371215218471399288128281452596538427530045608606521812235666946967364592357096054810374752041528889051581192468667850988149736375255958741594660228794652615207344401611550379026384449366565643250390205848120572646879247638931317402990156055611285983542674232191122994016417952618268248999206366632823222687073507232264262133311840986089569782128414490456255648674377061714419785600654991292773041562260753179775483575360023577814000574232567511499613513403953122808797563277933065856568076390884128424047941376
975 29900940123451637514665282371849693259318215435788806051446285015101133979710611534273226105465807727155652595399499227804488312947107079059302009802809487044530659166599959952465796287815948272914699749667553661573732689965616121288158739201712990646349369191795030819484275553862699085156894561552920905253432791002178293660582379500479779629167089856979854362752627781453588119992561718443078732135616957977699710881052161134806245842190859529550855974654305389104924985729679121628230275225587762326332197229261717612248541246532796335602559286411533850116738004461335563652101498996952248483899697845574470616379439622892739638615896278461636162724650941517195177351915135161484245117004708302727210636032520331197043449154138006229152781128674323810543880520655728858778348608431397952733298440017485729267616681284780579617681609347656885343222214270967251541595637517241283034071621123075831950619626187776080830294307782638080
976 274945863790272509350736150080016493658417999899369038241963350136823673996656419233774659767738308952168199521231380692937158372819904154849118308106643245489769681615752992925315647067010721101489139324677707279851165418596054661775862706585779076168116110656252768535060592873341656440413200444702584710587469012504094961829760597959390082633273939950327335768515018774413120848385703564664718079521836428831292462785596008151100184940217085294244505179049196249553166739555578860383182564680702726574528997000587567632249277672837753159538265308467587060268314019561569355112870608391673797669992960355955909871951855378483253739351685219057200558326958627964309886986551654493483160398571592325646340685306292545118556037018688298759068110245242896508812042110939133109928836596830877013436200353484308310746957238021690013850267139531692190892820870954298985450724049752370869193447186595058349577392522293003940158503592917614272
977 2528192986930523531242662027229161466829707625861383419574851758228356869063274141279215749120464998994764697847590728143873217863062469539513635191116555974982368110498598204512162531424411334107163929635241411886367005391620762741363444022456101764571940616813920661870843729538660671283276202400849560281116236014424428495814486370959085148171686850119762702027176390772055910301870047911387044147170525809317712773030744749139206934409839615841809638735223540296466504019507070636278985161912464271649344380280141873493908072466204856771238367932471711249797283765332674223299217420231067283003869840837378591712819600385109990869507917916620152817673193092991235837476428987076199386900505483132892859329407728752215458679579935630602207686178304382262667165629555909604190568673005223055153748693989402091013515677878754143211694405541296829571453762272192291999356987267302854785746660134194480984131755460110552268181767248087296
978 23247375833393647342031920906965907099837962316570468342899051927048553753854216765678677634757665981189073733931357146091564806858000559088916192943933943228012895154375418624470858377871409847257622798359671637501374073738380437611410055331427362580600933631831934552100240318247149814004579978698020056728896178561007801006555741903139593978364769988412979220044592661852006373055928553071476558777145778394521771871046081368101177395720051045562653580968346096717435815483354773685238539833509821392409853049148500463234820559016435396709916947295148622008755601673447455646211327191286465096279832570348813289343010328167232418003949322481838896510740396347131321249769021985891917238515202219638702688452926862479541979485694038134537125945931324465519712439569599809293851232488318239151184829502878393200556684346915215321165630730205499830739468510033597522895387057790207406419634273804250579202675785753924371875620508114067968
979 213765853306027361533806835303663343819613118845026003656153892628165987160089233817216066655414658923498838208757630255667090352983714195451325479489583303563140154815300669470195922645857659226499741392215106318637094644887427449778733022071070686011573925812484218268553058636280851622143120316313321763265208915148727307506489275838440482921666883464567588199362257175767782912700650891916321323921579856888781087130843171390791444827735169993863798076956290461300543775873344443567747105853901783170772899264415412026444038100391595331053270727560528319587668722134871430553323786910517051775826328508648429158430939581689727931486797940034534417734995828835528485376212646655374405856438970875545433199450028681717895617363362590164452210354516037814458499740301694978985379008452821985165285218486429834860486808909461731518229193630227724007423537689531153204255253726887416826009452360850642302879992844678793232845308876657487360
980 1965637408906285844472855635379038907278971947446442104056980138046300561320767994548059317885628343305930633624906002904877514652126589352517181565755160175252068661162020031736680940888616999319695274703872195763850598104291487920235226185070863838310020749051172268348194386173226636629339434693538366026124771240680939970455996512477509507130071203923103912256151460507428096236900488360186691385157890641179005165824909389395318773664078263587174373208852083038572297969888450038605479773761252407253236067490321498087206584930766196190767655927759676046245915723350726782846871792870043783325359886727021040750133533830736211951698382169829512900488260355187437002949705558795477774767205633282172042752053486660705341667118802957029071252854412753814416413057198760974908470122275262582187943203550671119376916283099622375732527572236943555984898605015204696227585835347882412856458272928080694095445341930455622516474614286646618624
981 18074619503524584245769942199420108385185722193607025151874278202286124783055058062313981662407549283677607767355449633749574441890615645265605476037257567595049238221346508772420226009869839858691846039814146442670812683969599244964175361700901135958760654790957945130024182894725276134687702664993579547559076216768099367295077529434388416368768952534377343307816189289728861743393950594839032951501419877120599098939980846709550734964185686149428400296340807638198510523486350456843601304117691573548217028740417515897934165985280057659215338370657583731434934141920570470975652946935670107079979857339639974905477200344882526681983268967612501392081887336111900974059494288700707013926416667798218766801989433850228541124227682031147128456364450434480662255027884876374805704866132188272863221484252513812085858140861433852025553767133553063138388634170272048617585679792751788900456763357903473079834193436968376575820300878025460086784
982 166201751256570459468925374297057854673020555586240833974143053260993391967122351965922577469696999654352697292467635034350882748925178352204991697039649103928506887915461192590389286717407262048002911328002213906799605892747819367729105687601675838403436213736983537204058410492205389259941536318093460334994729410810944017450781269114906355768894511264308547021013130173597102959233185433290835459954756822150123242916942357382761525653226836199122392616517120478625332465129743533326702002705747328167382149009441287150564081718801161461064616596773764847809416082520984793848045135680267168790507244130733233579838587698079705171842244029632518642507816990034074539881435094747275772996937403928617022581823831931161041187709074823441612367157746525578312189382758745355678723451032370580960243911154997718554045447765065853821001514637016489513640091545173743152098959849573501843770034213604822867332449731734731128183814303404905083904
983 1528279204309051517052421008138506956506544273404274849818312058380067664766984951780038739605547264925392383493666585958480425498621394198831100231827809251442552980512460324926867072353664583101585820914392136907695673642936242965519258225405869721052012197248904252250017899425718379596822866443536275032409631643123872186764342494003835437575037644219118474421832681640565789754024310057028906171752113490521786058610492555104971720703680339656204819605075064337786365094126297738314126381612635131593851105376684943119311129715006591503668534188642924169669484316981469785869784467085891290465077121296758775548173789779860421215808531036715134494246327553961544518352176119790144073860763847618415082722244784040119162835002404082770394801429249552627740961795529024305133258900462522065019218412458599640998376683863799049023441262119906625140821434679974622510204772703571948240136011397142530990542860982711793778358907515147527414784
984 14053046592111842291506031183872432834730046287493991958413779962960246784717538848454268237138801126289294843768356114749175351591428735411530583422529597233572841734513215321773161496099361850720135371689060512548125361239344072159794211512770997848111021323238572531163681785793034596915445338308935924288316211551408989285155332315242712543560261743675391407185934214975636565979833811389591678417043961845826416492084262065747821301743701563767658159871303456888420859122171147341223831388433623218749999159755888906415167850788510453996111822668996043888702947386640302597416290043265350829633123468213529793815638575356176313854049695902879376782991211634267170614343796677032698473321440648776229536868774906404903503019310110147188325320962192486361174014510903321780673686639083517793549815063007778238877382945431224787187746698793575442220248533575604357830894238826738041807883575844725466867408312792415282734289655188804173398912
985 129222738936608811378468110513682107654878696883384548849558903777312374854828188070443971805889502294115990003187740534128148699068749244710238466365485395157452378300434138535065691906750583317808428260442375432142010138312600255626602136293863108522543185412082574463634027623308877209042391533126531207167183824814044699327461498843016131624202066608570335199720761373412599276725960719022804230371792835078626276951475277027238813691350896776012650534458174789361483986278115308948892379465718718105708382547734103938569884044895170411574421511294535171935820343071783007868971407647397172056904797941417713464609365411706730807861702435046840543808462433332137165413146248515643469882472712623867645390284256209161789708572655669664810882607887642377644098352943696350072804591138158842275370465296804706016436662400914917609813033027423947733322502385238053854316897126545058438837746764412445480235760752095883005345271453628431070401024
986 1188250674340870854847590104639962468177830932006011625339604424439983082114795307469943041022295367453865232067995087938540683241885026044760563802562716596542694298966263311557719969542219441127264034491745493224932782989442546418402225325724444851515369669220123385058289534906386074993004073391067301416126758134631908431638537901971638850543465977562161912524992821581639429136374268455361663740362388337600456272259643856970813871190424902678395194380751853961216396081898156746480201284618969604732400937579740865369938017326146620152533268548201010662456998984212976874909882969992039263508973003999515447956252412787893634171230955947719562294925221774424529460218882399934465539165815868228491687159365684860259951181742868095135608254451709381690727657579753880441730229318989924291258733244264106191283550047512645733936431490955897689461153136583989851300206432110600114418192283035860942029165274538896551686863550527890743619407360
987 10926419424515179221716622160537798010983248267501778112250586098148344966540667053892553259100623489478213576176330473331546903885099055307530699276243080851240767595363662015681331790750715536939651584198333025667987573268224762854025902451019038021783384978515571209128789632541213885135118062132212979463176094013237339462027673806482141368948770951694181395200256697403442627794195225869697137050406762960973238055125379918212921449807629993974147109148138268595553160080839411348760185546628832994715135926576806128198546937195158148894244264838740257310476175815037393137728651817929095899705078785836272764310659291926061132236578254436741435142117194066409093962843891756138364638079215206696004908207046398758254132065271638265478334902891666703087857592693777115748298401875424589530319557804357515886511403434721623708496182848466919326097325995545592514641292003475134980052980058211999616221141922828381174001376988215804379591525376
988 100472760464315159051929681193946996925044415643581677798871057252421483828543847603205041687633555028463943378294597711719723450594383977886668546778206674118319577148298857887780678877071899434879839794247879878529502832027717801665099077724309591429848378819990583259342959847601726577660948955973279355610559441356308679120856653074112061206851002877197007681488043513297499602616686698347492021022116531011122994259866240240505695639060655354080767869319834635683469771049918366188984304762072678186575871480806037503200239413300218666101004375497438398586889410441463762414655260132057586650614184505784368769729865481459325915761370001043117406683811086879910837413039799735783998975906794618560892662362452552873605067573384394155746318098795701328568998572314834340722272978536053163973267836711940366258040077044668241924547788517414573900528491612904009018150480540001834857582046748274365454522301546543927217985609177392554915676081408
989 923888304507904240414506256090310818012396189767305366924360480753894259096093913676535863383672658557806292657386910149000990605207518950819993595815056653253667862499741506787331553797070558668233684026675518838937595739102940054897306173075868633750933457415612580330641844931570300578905941820440285876393370231253365865685240571600268135856173209110962753334073095585735993818095887645296165867875078434026870073733761385126143974900361508413373394006221553425026281678261366008049290074342945263160629442165143546939655093282804522903498658312854156947104598692526587263776611625727237943612717488351459710230224515944221871731907527369931251703121599517118890704372030643388894447097244412688539059443569058700031286775660652605091990466644834080548995274669461108623331326830395292758371636198949402541500403228425187128673558049853934845250271227838665894276918136238598896071134895935275488105869445724605178553531123863952251085883347968
990 8495545509123814678475785325384458114713862399252003473840775562374775066839679352117253688990848206438866010344105332354680496231699271753182348377335930753208020842179318080498517481525316054889466453887509337463235923014047266171615159646335179031979533627322895819502889906216763468760485301172139950388450996009078879359408080783684180399329123974205253447936706982094492375509068382097559376144102852847800525279743954384929177789659624517861249226005642354168784820503512744404150575727814262227198813073996564062663338556594328457906620548603999001909986504418731382324701967132317074350099190824908366127764167303908412161250739516762932071654244494262337946741228805317511544520825041385656538551697313009008332195975608260067770465652248632829561118875143373039967366855340158181718031234784324232875552924481344856001076841340380733430994756788356085457495368946391205251330747563756716759088492460400953811664435424572718997018387004928
991 78120270240865591246792083585188166247963448988763667390661279552225370592316730206162953277171512183202892888725577827830300888043515061179282526214826178659334393363299073214193803709132721974887255578184913940213688016389143841103638482363399659145570730693177922777674567224585214225808249701166075179899729209609665722926500288584607156282857755001959263184688307321344075244839192912151185261642366523321512957265495581915430489592879955705180838216139233965858528278184598259572474965794619819568809913191579229303740913178523929582276592388913414534597271266068721993270107257630441440244483906619534788404590152797940533275550837779454785038578171670885957164996153651525994489473927710792521366879961496743167884535397770899971852065928923674093840244504406957296542963137647838657156855731801766588032442340585904684398661739852271656928770088617220219947757223961871833567997202379172719812747093739173566493662375929590275888548705434624
992 718351275086899619513099324753192161292199460266861140622348822974225577273924412748533095857067447873354100200634424084951264262524254037579770769419745305886922101576561283349956519631560681293025582366827154469846407957497078997840881064050388284604002505787581738163302953526834589115071395752533615750954886475754390146155574016360167091548440579991558348222538148089039311329526708301183230869672230715633600860620858970748998954187224703375811701628357616403816121522753397885812282887749320861979581846169433192655971266519392098948751487408384663231168681389119629908947945964485593059080732133274180592887509364475838040337888868234320079980695416155671404570819663229763820250169720608494334044375080194202347831635586124322356458627070817393668420270904977553434758941014387086137930325065580930623674713566514408399199436674174620201485396593721501155461162147623067808893019876479352750351365520917196556661744726354018327557732374447904
993 6605575478116916294272954750398777463609992453856133374582607775351992954023861006068720050563345069025729537611620957541117993549669022993134927997747011835253687453658373878503750677386544293677844961789115090523310550270606626207713218797468937711500258689730533510766663478618599639985097650419785678525270663493154814105542251239567279634031703075249969987094105908555481863380121265793537572922605099168437198591511478445138460700761856409247949323165737004581585358276169845003854253849340357794594653990116305041634844433464326266536346447846333481863909305053699769329778405178609975725446842032020207797586757816518278137297433431219404396299697661781984887010940296656447137177504574194121023635722952422257479777607825539316496320629645232191653375649799254733450555518903611931627987136141947998082346326504507682654798898422719417914581386795340516354107677477666679983056701792925861043461873479480153579955250775843028911571269366558848
994 60741444088387259029941171383697382115810281184720665276190362206547209688348526275701539606816643044330790000656236131020076178622446025760967653841611590665652318539021951888937606818719825775301776317044215531995762708596541541217122052941325314288220829794982673369147381267566805866659332703208419800598803544239208711076632117954338962790540304774921096604315696752569413822641841383402853195371953465075400967527105943530931437620283222298328431125985214482256608692098953326306210037883028092018157051055855300802853975497094621520564336853946346742715628808011725498363942689489143177146707880878061426868571529150372620041107697418076486027364596597408175246095712791158080438005414130297085662895414946659868925984636041170894215790132249600035197201756266333187354904103277538671428717962351416566742043000812952849200281030329006000728545950825631983166285968730441183859350882502430161211575808138876020320321597780315620133087181657341056
995 558547646100401802451642861107618617504620312032486150990345721708078677158360497139093029747053437363355684138166501428157308106024223957028446771987487532722939940469953037334808663927404971481306898256890595988038086432744550894097019694766266700664688654504387128005419288616295810890126769792846146184495115814055089949240405676153644081363471488180849048695681382770258743080227024087105820451252021872285122520394574380765404649284401127546164928288568865191604390700262681923905000246495811152770699617220277937076174311254155947385084241026313493871068071832222557646804080252108321252996334133070560219695693451659699160978938058309943434141836060599137055743865821457731532846898503131203457270774989423534824989254930914603176730680046429571237389838773917909719492632978094529735017234413781888761427541027643323798775225139902549991949800035732060188119781350395569792979973466749246605286286881964306557062387795386639392736067099682245376
996 5136129879596495871655493689532824078245009586278046606445591825425986227089717665061977785110180302533314235768950613922498444718274151433188652354238254878826694626728785206438300427563801535089857942274660530732112075196337703331507578991935336637963427407164727522991356269802988789570120571151975885052045769896521361688375790186072207376895067295167047519688525507612031929025038979169147014306026090324134165816696368314427411482647379568963520772084062144261309756839507766890414937463444789761233424618370971701458799476019756401410544163179433169824809136020258998912589286911686512075146557651191243557909485007865173802278338023871829404052321605009346580508947603580643313799917490070764751457810174521625531372256436228792854710694383180990276249030958579862264828265947913105497691380026153393113741064096987786393637434391603584699121269570477966256496076494603740588310238034958685560422898561186278177906258113432260527087442721309601664
997 47229399739147419263247996239415079840186295943044857464837324626045148574462841813592651092649883763297675406198367516045906019661048090784948817503825601237371408142670819492538128782568811274574120912905194819431493645932072373309422438806352340360392829192735416019865734722662363716793228569438987854051589722529240739349878722732120275980956833805970149112255629674181662613914616776154194222627507578030248884323461840989077471225337252059905326115482457499864964616320563799377272591136251083372178573758882915076996940618376986736813334319977879205517485683709526439515102520765359334805290097372524124834954361670773483858624795308577792040402963778999161103847755979623107282584466864957760919967436745152850443194272482909491450971682120092141244178666206543234381230753034768628927231732873895607882973906617059538861491174281405848065886006449757312389983897170039853040230369402267175148501020394178281802513436605693963852419488533000130048
998 434299680891820953854966798245420077625789392899976092472615849781302944067828726201746434371941190239722808073162888938598696497576224716514719325182837271171871157180189238620981226335255157748335796791997209188552952323051826195104120200015157723866194491199501154973226117102483921698932038498614927097630012051239748052891517367408568943047225460438254372511152339380151028874055804574418700215071719201384541511167676785257963419245580673357926014949644572350368984864192061077727837434073886995191845903320771465133822125632902499570484367469482520955147084061402817820908302387132916613882361619908515428844183557277891917463298780324964733140827767627123572917958775848276112659632976589160812493067300102594745351637673597088768434351885912583504096610625156844755330620255711656651687836965022661047175802703187987883478646850484441075461366057837429367718568549190926399237508526200459436570976987484507127804223294627836020211430046371890745088
999 3993624693210454257549141520256980030325650602835016432879248637566975580171180598991195567866532234337823534585146156937234936901660484665288591712917221495451622836354242070479972540000991007030986956059764921480161600929134878536540185705124245454246307638624685468446403285211755352458620247059890105853035105676399765591159327147099405436021708842031023602263666564921966593079386203272357356561131778794780096553327038465658675244134575843695756402700221319969756199930199980774390618891042340163319139599544023667264829912818502389960179669405843155435676427087914795847265656654527320357638515676077968889434710761990668901705736985774562039779628369909642347919103127845439656042051688187071636081171040628545234778890776935849729946751705295671202292902038490648246118856770108308468971249483269412501932507581183150767120342232325272532714641441180627322899940998438049471810419813072621560758152710542821384501216772957084285905400836769793763840
1000 36723633189345001346214852865935022065513446470464949889329379922698171055177620660006889418892267313678800956481132429208213623206025619586053567620263448895204079558715079497823131502216295914168611801681033101357612929237248002928003389167155271422429756245935795226754235067770448602647518700291571286233629063157620839001916872663701691053767844611744148541015476686384536469171457448241922807460674898881791784248751734416499383023610971608141679277691543639461163062221484617675993075372808120108447585318659879241535179213300409332562849509813062759166292037196870754313933213060341417267394785110938070838206149423810733928620877360296795774849480654074219201427230759126374886448925193560836773206124842643332128148810099562685757703073335457669320523277545724098423087140221205078805544968457475279434374436376787379119711555236912355109969282145672958034184388195541768059306239695765616811743951908769001427351355601998532058222605689750252123008
1001 337695042051597483463366069873013908494919237476612959440435454620897230933341908028487844024376040613516470009947790538501601662040850390629908051560636247698235108143137557676902907018100592323780838070999900511623440185223567212634169762857899249024660366811214613598233685860871040716965859103410127955791097028488287605874273797316251522396738578010651411357773330539227521142756399241371932004451365325236711199297862396300461941604399127367571213315485062665083136834885802378182592970594625081521418339918756454019058887621026344556219826892731667869183061306961381234266749217833751254948364742386186780193049626220890859341371320964250625140273379750009903653274669282317594848895524802410235741471522020005985515418931318323025466762255009164045383684526623739184586049431724972856350790310208532446596154149824142914481584190711455033343521729048598131342719635302357359043799394176859184779309758922922574327246801526069106794787370199182497362432
1002 3105305829910642551076244854442153188415362174670602896549018417775250453205965752918130030194955583966149772021467520253165725995760648240855147696961170660248140341595849891068820300532505402926009106774416089093818632679779721102763482432175797362870302349170295460669822214148765955158118396762359979086285748648029538797894935730979512806145251587149850755412078127748201105964851616130765525044945755963554979918891352937641993017147998945097387011792281815720971824109378914459900512704802234264664600144647761313977760264811156563761669810300716655108786016772052684606805529372344159389206798037900868746674424211410742683617565761473712627227969251265460966875734116045259485295090006539154657123308236317028801563478263760576702716964803537264245477748344659379353380851774808766647853366875771747120512313612067234497605866979345215659902846515498234680606571348544858616566548873126280029521618201762488539593581263007760051072293061506496252240896
1003 28555168158699677740736997767338964721280565042067323725698043022781141814239524044100586776267957313125605578250327530611351156494728270042491413101542724508005946851897167858279366755261153188651650928315055335754689832921440613039525962027531654303346231517560290806697399702263111231494655625897661661748513100232054197177487475377533235755992203490648864611836892415011970553764297583348896381608752556757647982712869417802136662662830727690505320816987414621985610419397660371255968734870937584725682712381165814965289499124102545877989128828251447354439413358396517290903120587010347134671182169255423467815419667330616735766787495136259490199289651899354760135700717261950820481954393512331652719597233431102062803208954600973133718539190638687885121814769984539416177193736344853593641492678464700525837378462937023478763971145222756260899021623399462924821344618354991568748010222506217287092080503352332807201080042724787435455766303731182200325532672
1004 262582460380100039132665096721342159463184430093837703876380230935992378070186377784503552479330234941874686850072205045272777298103983985739740576883098116547137959831027472653990297814799524235529403964105984454647755702892891752535172595697801234391470505313272467975283501803614953599352137848477166980357872444407496104593706199804663965944322234124698420904454460895821296245668762673688369943554280536197655145968947238135558950457436244837609541092825330439537561612689516963253009078895938564042324663007195668783625111089253938923626854142598305025982120269266384041895391442825100296065572509420333143242115215155963497705363633461000320087208980568583358412161959832200689771632692471961981481460961156859172412547406210267325905545931709803971989888706169294887134844340045555806015499163510484621711338918592081945139116990680840004529210211079649643448519543503648616521981024700883394358439286071155210245762955693344845255467185225924851899871488
1005 2414611981129212628365872483196152825816458815259573028080029329164760389474571943060879556443118226139164285208332669025483368141837500293941724340126206227172098062649832127010561832874107092375957435933119133434082529622685991618684550161237785209097592107479154328120602424656596280285646453965307119721335911128827844838301635087402358976896726137243411779658873883811818493570887978000618837684489862083158752162801892621713151726992440664646486871003396522199561199513884068893780991804586526197850768264543383017677775754771717563608323586870679254511535820372748989694111121600144411406504478000842361853327722321020595088163467320310291791656449349719497280560955877909077694787463515173025540702265254830397383750233290355139612214847288263805180913419882135737221408701281992403980026339914134915915843711959636691371759910521606934013439791481008021294871982761900981747699606171394331977996046901382157473920788810549949620745245918350077337683194880
1006 22203919007338077734981777654957777281274679083054070936343001603237620433354165195393146041961226068583994383294955526192557567264140825190963464864819501061468826474986995759690393578565988895562753735611105271532274655271634005565594826653169288935668005964850828855799518736620526834765478757311720999744971871485350008151132126042587895222585031790406807602867721458317589841454553785946312289307146697940436241658985247900374432625487214820826581543997728703171868239731238762443563793666920523063642236401227728106799848096420020906153032534921225566328807496651472209309443588807695974935801633787070833909018599779764288713804011199322142359599974777365331712558488096001418421694237484428384069581555820440344953622541258740625859332627579812242657880695133334595073362083813295769497567469894794402284371589462762791527881150686566728686147793634127346026349063303218683883849487453583753700267697333375534587778117958565373469043190109979328680156995072
1007 204179700206858022447794194950326538345434425054424394995554610130890275539264809886755727191506525536318765266679833415141231934510741568560153420000292766506867939112044405917731654450417624702087734855869352357315838509346029895312604940878780006493209233194218514812511151431492346019940716563773793163917157303559168893015160532982264282011274832516137681543475529722252473479162838528765205216798006957142706552856813415254937129405288185059105092757317641214569961600918337932825616555722196374003301450073521318897335862071036838259854195020576144407478497415732009505126351735676885206032545207363107729168256518980527904201455209466744708701991342637673569658522891452371893173311638711825454614493236467962873545533094891664640840327896086481745937683948103430749714381743193152905290958021231087399513432756321763553555052356088669966670581162053171713925591513834350483164726005358044350058088132141044296601557057593120261207663636878784118197054131200
1008 1877569976057393544200865262723554770430954848136061741125416113265274272217953101734157055731511932182902673214564709294225664229378982772399585129555064928175600698717249370781773111532834750091912094915116921948682455409377330843564699656564556160712737458987716637088461648330510567408444759421026703121204398824094775058150794159508288614891216467894191625234679579260469117050992389424207109000696146932854482690303881799845441199167064764618043576764409192802118015838147054790016335472631217009438497615094534467328703155864654301926249881600987543588663974700990597827208254087811185048059555794392497674030834926510351752251511901403608233696135292576490292643787361334601372793564380897647595199475769961841775496975720003229650862014993698372986838955843308769743160484903515943185477746101435907482367175107983136376971247271434145941371764014948016668581021680827610931539400562249634772338707418579536299515172950527299876918698771662603798732918168000
1009 17265547058075038623174783228567821881199254554075309987070624286240995443026401853540289877973998452614429521408983650612181081355358434836922702626554031619276447256690903282200227739818498720187341138049990068180383143380743383137534685960285764088676869061889032460562279089263343359753124222431360260042276927979856245722642939316924456323970949853921056963838677161567406829677996549382643045777293878650388616787198186837929763491262143440356525628106179806293860160344382040682659373245905742061517510967668026944514962141599750535795729091054617010732922647097460299021135189163351269382437600980413477167077489677007196323570842190093755152783265981387733748796730122498572148572451849312780038247975479641128373383933669123017124901661620985186336175220827441122156296052023947648537420146914130816847067964339866822253850888591105915797161186225244355662471446368898365845816837223680130822073550277079101951190274728243408498062132001631315059620791557888
1010 158768812065834807028724445388475788371894861562979794437490205906564442307977640929352873254438031622558287853101067332536673195146318781559061947721390752190871453725628997803717210003546676753602335295659940590652406903825532511707930636432384213119401864776030288372354157648160723739069446239847049126685136891637524943028420745405003074330890948795633261011442855943440798095462597662949328664773956012672472619491679228560102621592508648632487249381176835439672007028393270618888991729010868947751774318136109603293527034897952904762661200139602844781668991662616298089668051878848995378142496343554591369415301951794131695760886286627145530794460275369862684610413747411445263431479538090812410313653591304468381170592465410531863843355463452940813673688300529642286097986800936325204482449386798916406590729018208778722663428932652874979378606940335777163569038366882719435392215519544808585462018557066371622017898839977607616486469898177668024815129890071296
1011 1459992706116707205195483032696638431329570201627363287962239736969244922104842960711518211305213684725229670186218914858390581970401917989594291644759872289008563430837804911361955333361477272652112183966787052203961203488906588738729087299441847117780417670249902476806995925904902006039094148216579293831355677570126214654156489662919561621011827975328962328602270365030818169215597330393481898051080945208201127349052054874876217390355092361506561085082490962702066541756339728683689378997474756351134668856484114351628315591699284771950703405298478321792543249141010240313781546447208154703281854146582262436210408810179801799213260352315560139846362567797725086962016104729914357964092432016134952301908965319428610328006702669650887042935548942166887868751880130315084095416630545931684918845395335191608816118659812648822014753396003424128697328875385044357984958883923961201908888786909470508708999391763972209720842478821173899298814018441164604033987274336768
1012 13425696168568953993117609487278690964393313362987827794754080624938195683938715767456624140181546393501223647968089394309043675713441796662560260900936812204485571302042742675490954517819053798139770102456497820416244469607787621084213305892422002766101878246602493488703134029038764136393644767483733628304084393592330035487774721657805613665701252848337234390755633986304376704553736154659913976888897748618865108271913737640265404346348542610376243406110129592811330882615294606093211307407627448039027576569376547447281437213362400306630196601658616933254922524905546674446634992561875608890941347982421544521242092061995812523603468493683638949499361122640806080061040459259799012223789178732398408283258243807368031197518211592203815139978071463332546613879780231528412493069787244554619604231783613887560566155684775214821046797654618534818016231168695176672113736201708234804281327762123055206721963701645100566032508117621070462030716368366916716813039871751936
1013 123459234421949815897038732713611944803248164000755713679859349716269306565885803910939095724400618883533152235306737313241265421845412642391678174125081671852973499242892802908920839387103100125776940000343634936883318711528985257285675443801134625199957583398636453681608441459011843531919585489850385294119168087258617219329337532291510260544895919093914257348967510319900599189875675017202492357033097277181266049301465488781149710999492443176058531970812225764245846265488523493865578879977119093241272216399812098529903992792001476274586743738067447556341962284994720574031405032025727968008531585077328583361460242697712681131725726573209766868680704682468263014645043910724527425858421996874884397302186378281992757435856331779259051679558151301345778096143148305315445897979376275238088673519990904448980053455523148584018022981555236973994631085652450995775514303384967296205672612837660114859361336530600879044942249490939321770519813044224647991155867114402816
1014 1135300893554240154263406156370121448744653776257634916938295449245694984040358680052223870287334884594889740620550147309584694929310327326710694958180700145681320531938960500488627829976236906593276390981155410827745387119935902072922379885302645477531893000403124096803780585940351528875545359591924592052165722184533423966545560954407547156603746693198484032957522982687773253966077010747920153093815985933332956103864528159400080340943274557862895789408082647862570323374173527821289523796628439701390205864254493935535965023806028724190626501128222660001059153294726492049721334510486155404311664808054031464027987706615049598119753507195554865081413762429599877991747390318202433848605084294335120454249136054031591952567644265266916298298502330138554388340300693251472729775478273734840730317259004024448470719132727687022644206629277007590650332125195160142488074170301186172346350689616710771916171679445543573906531402480441730479853981730006621497449437596974592
1015 10439964303494294752627109756732954610573511097005130810430750343220769870143005333986530903930719394351931243496733358783505867268011212016865125945251879161531969927360645093487637586451698323873812678652043609792890273252141780906110482539207362585796709483844557392038644512829348120062125619534814986981261967253287961059570154408200318315829779210606442864035391655654429443196010517587806226099157086138053297815271520766090088189042245380515190748122588291941968851168641122956576202043100223480672255532943341696619948891644983284643352586623576722948132750504943299503270135714535313815776580867305125130465758391067925699901636569694501309694828021675744621654116488904661836182977890064001998812896876918636694060725075168287910362801709726173413618028357767400482344377185980324735268310576106092732714777442432321597362444687091982729587177421669312233789740427874590254629062652949781938986959541629917794420773803155776057784609699643876039007644307009231872
1016 96003635739750277414268984303625709046400472802970687612861484944607832407763144749303714853528244303904942949669303678713347918145927010360272520987329225713476419195355203623823483559045337470758725125990386024858679467601521102869630134556005823376697757359052725294756132886797988743863698659924174468489293065777495615164988043810560860718357214368675222084551688807816727720226801421579425337836459908259022122437757220345980923959991321847668163428138947929425420564465647530905661243440549096199513750159839353360656652250170703691714767215512946403329018223158690361274007906432576351256124829333259184815824548896267335666455722604342293357585063775661399274861661496787406020886130206797757398412233452480129758190779446888933346450053130523055958027788551279372676371466095203162099905881049539490580899903193532278124140823969558022494560391127081148748225534230553748359676619606803610880035129214402067075259740629231072238654306690551740398366632000183814272
1017 882829788286836764647058942432779584125420580718900006942344101260945586997801653524037419445636705606949982198510367474126669456900901905221772277397733636125028006004606329108257080445773688980304279165821673929833680674383765017013121337883071093856147882701343942970882548476300162593988409627548150172460764439293796479940484160509169960867316039799936622862503497821217968051844141714808367506019064325421795763842871256695414211929188878119845173595807816484071116615908839443303930332474405321989601671730238254009465852135035013623960569449798357370532908754236590221673072313432211453964519839887906654058921474824130012640503792774319920437114784358408226446344034771629818759996056833757685901654265913563086296615035590421640340607790155383813018928372672021254348916052567858674203246030146367746791036842276895072227646632583954831766645350278305152959839253972205497794267413467102040228337112078990051492914671558432459570666946423281181293241113680581263872
1018 8118333853056667324858911701779298442540440158986936259155206367498755100382850469575491724479136917520830725882882956154765002086681558339973826072414715763106381377408755294657676175468270133462856233278808362810169398943325691095193237256918099194833943060074394530760648514289840977097508635596037503583166838469878769633209566671579318232443966315325407541135671090023866728929985787183661735445413227308940320832409463116964715913595954119677897614686331093853875274598294599647079555486082113459697969529190935542511882934162463071635849974924451888437856346583213316048437919713227263556243866656548768623649701851704311245386362668935550041509495571065908270750002215228094091108519619720561713528954798747611690424574599783057429175457960910051205872148515184380672918729997269844745167574837141865617529497381082175973214813608970835541309072428304108801593870935283095273736592192022898740000112515743793493596420309999995600100115875346669270271778898099200409088
1019 74654753241440197074015064018744663534059028002738057269344238249654436191399830111059857908573900350955454629001912447365424495027984395006744543142626528769776631155061637627890633296718204741603471038976025950488620271910964016037735642566920216310485736905166877007949207969320754022323343420941261516114353096700958583964035471408337423390088349045277995405386524889229574657816212075767154491403961265910290795629401438233382025194219575867984221590790409582452331378346413105226651044126939950841059924524481171647186874206972756916867980255521312448442034993392531030836544025556779252326237586283679738064116058613261465199040691047146395608633203693126298033386841316507512865277526133952414346788872890952992078747588737011271877535826902308706572853457949920979066278770369920320946204765423053689599357744402760596245281147739894805538135592036468367287317802739206175463465257394679572976083621110020395743274418277512513916639155879710679843419164387960065305600
1020 686512816306000273137864634591895574919241804843471949368519419758204856487830379607574780158327732845359416142191656041445037045057406449150084244818549265608542457359712432642952772770885472417642927028515281802685475378414686946715084746280600579726072894366935178482427306591960252450849061607190290726380876331899822017824973761962074588879759636949236003503956008675205341041627923301092362440495272959709065406951368202638595325426138424258987110008159105405623972974545533449005814994098959965258077223606728185958631653865580817514322615452233208130953370383944300507028019680634905060453167834720833284483385650095478674666725398098244612028793870677916526433593609947048830579047677552272689691404271875811789620065000386343009090133317650667022918362263284665454184368271823465040512068558654734140079738166187116945567044029858335899876309589516056725227518900379329540076209924851546865960838545569605863360026913882104539510191846521898029674569032221772675452672
1021 6313067907470448801354181896631877370597477428741509348649633987092990310368930604296908161585682767919009963609448187797999924893857254273900465218479115485059735277410678968956639573636675039802383087111159479473393917363964777640324032130728329947786730993590345324084262175080422967222665194481266291790270619770942395972962989859448428726052098167297827608540104847124844257437218959059229235010608472287550656920383265404480090893465279523592775240295851443005742532592570102395978389500454349460724448724234762498356609702406770206323142002427663996284955937233908427606825511605088162336598822800094426396288273512734855679677233905469698399152306263279395966666139528933427662690797089262922579644317211820273707036008094967213091971562747781437350670834027326218173320615439418408933480727223848472588352599345939867444509604444972853499203157236545969942288032014939344735091266691289940620533138543635237484074167040203473980567530241905127198022040132417158692707328
1022 58054100139009879741570627577025543425781765396539418424385287062770032980210444430227155192421196246392345068057927041916269429150592201333497747570120726846840930752285717647145517959600487020421906832336239479625223172595236552756163044867621323723369812496194989277964155234725535581764473754664014793985464832067108291405977388499867345920151655832322542302753104483597385375209925942015741837124156621042253540897022247583967617943080473873394410857885776214658710614551686412770184590927517328473525966497837901319305463004821895596565206751909164454612677129868400685351619265220881359212077535753027682922157339162015489530013805918907633697224803708025031771150004549349030749348019810846374112317504205129435428002121932820745593274466239788529929316611031085409275181562810570992364340194566288072029928686879892999839462984325158979467306084528821688327909454078236724262128922093902633389214905450317896004638323569974602191094158564219845805304988212918038506576384
1023 533858250084897966959095434733443434002536084546885353077278049175756330390249163046219217051407585417293688987786523675820099459840526747402208930395748798623521278951575989220619719968397603313267898884105699045070844515662667690510923677835584881616330584308418554127922112679105397455804068493798269756745772417171695242995055459508201478101348864969298579911391374843440651515714644275211678439577706448208843759844752369729791188054490043363011660620764847495062054761984983590430958856564620178130813757398428322193542104447313703751181394032364283340719662745614592253035760370664592962633678212185730689931300539515525763828091389014733094907680944027069382170890241731028282031779358325728039164172307027208074294501192133334461906860872362981736340587270355008419082501881865571963726761295591662544585753118378758656577116055298092415842116825362225009675309161598500165356780445347994755639265310827921579283195053055629093723787784052906297060436356433228695528401920
1024 4909300794049543713727393669335126207501891890489376194787667644684029274651258127526955878170291150686546820803561578034639692417104480847549830796237180537392143247131328931600265825617773478934376033527170386380923990344943820453824580464336605787881516021509302551246107215403988862714177452859500630781470784501048808636830605143377153852933981585511418345254570106037483679741584110301532144757254611293223570191724683136899466766773693665697827380450309591979743948276300004239086352701879069358478017224505782066511048017361932448550270442864343393405611101535440528428496907389065400523093917961496442720582916824128177212076439575370561317256066974818757236998537834865695638637736866784689794430809317768244664125076228652177958043018255406438648638539897941084715779035053627442261884419871105728095032876260986405257989629492642070177586766793086345795850785019769622192893403892764010359507156631988663212715175695149458748117776464062539634118031018569308047256204277
1025 45145445965909566709450718583837368296186257683013849708169459347741811452216555536407831228430618364873411207390969918104178296209192994324229025946536668451657565933667489647688776785845161094648075431618750481393912460345688169136062494193797760099503968217205212891969765416804277271819274740190413267884083963869344775644993348709780128327527058950705473268306369920836441463614865734463062535609921907263034402115462139551806334059530392774196661448137028659109182610401601491091102383218542562203596608473322440816703342007965167096210177091516722015632741279722423106769887085233249505375322210703409108956056294647736974273525957847875329973393148558856234835332907750626047031785452008729598742516193990067525301504620077472180846205949701338679437194720809281923384215681928653766830307132208895733434927940581076120364549963135776738390453584730423636424738424405255104963297634193509277618683585150280488575041075492359083207700268499542388155731688115295862490541273540
1026 415153662085331366338770122080813574095879109672228883471743166147991873443220904633519145103568111972654136377235930174466648543234568134726702755524247038308969021397135043993627606530164144908812491863564806481027243464095097661382154516731998704670263504938693437180871925485151887179551845890725364034923541480103761433435217020211132197471851689925434507596887102640236924543066403386538540655237148313544884478826722580647918124048596707159228385085534353710784297657876148784136326673787064342871425609445847574382357023977879723620390621600147233779024452897339957193315595134236245893900846690181781345081133301427239493492997685663475462484694983321204898240758604247648429652557112939323500902056127417744730786297794250797312302037553279181603779581651955841720261594228967234643939709100655474577136744117238140190909984780104420440925212132386426164069202551848312680943716651120851202697653649590980606844802214491554274175908084890747833690000678724007480889714284324
1027 3817723032372854935956678890733733403491117757895457441553904299670480946931080137338277314966125529542557724792756421403704769814470845327558679373039841898132356111834951816877538791753870557774086891990578240887594848335450899875052225334298323138052623694179325624213593253910895727178488376574805609712738295161278157314440340727799176716663066238453636065445907750102844772638678340969971233364101306675179507963879891576582080356973009836178234462546754960243683130848496023202147611533201313199340699262477631943523608798579318476474543473184595170422889087391278393636245503973048880933810305228830054206603322865804711366549471997140288732887205997124264307817002617589405522336814294112554482793068612978739778005792749381532667980404890082357641767924736374919654373692199811378648810105128221286151272260472866853054959256006395887325090556286299042074416012984819136023031798767513213024379558869801624098523136597166630203749048811045958558608661974810875782998380933400
1028 35107554678053839154504055489208572016198585005117130299777708364212856698876738277323738537073561796268585127150884576913218964047122707327168259755930848953217295519674788625460781140792328447146259837293502219665967456819505165708728685745622031019507053157055935087880765634255526222054540108498252305226688495870099010979531176935197003625065207486393687849117675930300845249066073238194519221546521758525188619344920627831882614378198391956241474569806244395057480441205929443858570039128996093637873456641679134823053503589760260589177277787157660936712604857270929018881831016583498092324589497606300664152743137630097692770970829598173512988589492153517234189665822717737659394094571544303453914021128417529212050182014143483314898222586585108432227560209326417693565324981542994088766034490106805502752635245687371571176179262132244048208918035536054197916768937442171974376453918239090102444612566263880908260474589684230746337585261710227970090942491989577740192475145779884
1029 322847450026095563761099541658575643514195367183451786545662737333125413608193513781386224256731590720820105089597956486731681092455636484535963232819759834729092329285442284085724633777331633255583604874591589777771484303989395375175996352407810382097717406225718024112023634650593209951660776652049976736631888682075627715664086697347657774788723207976161792111520751842906120143937673915293637397740087373398124084665148110559957587085976461481641047988152401470836958827861488330973122012174326792285933907149181301562638162939079860891785947972402039277941997119468285935367359911170875269174838988854903228046282960995884126859406242998610203504567694959525656666239598593364755331724562192155518900767329039155324398239852538739376287180229671305053636444374957104402701831354777873785238091375354441012330718210375722337693099045891880412473845917605362738703288937619679471190977387398443331160346997444913577243524406108231113393531495846826351752924093057644114543081339883280
1030 2968894435486821881646936954000539428859799117296075536600880971476572843157230043177316736221628840751000746350863220505860387356446692670341592487038228709373666725974975528990948522816164677573553943144449808476302720341165590266155993718447652598427997832813127173117039250585451658078644499766720464133550302214492058955991770273741813763287912667881625572027417218857082178796837580493059303169334441959857418508591651030118387770802764691195317697008789555980228089423687018730730996223733571148795463270015695738011196693755409567798447784157453246277688753727410224468486391380987449518957348335166425671423435837449278693694776836766513031682167451385938897590842221331944309841705833980113740251710973430043618279414250122884662231686620469994315040058966824965173718734686554040353842769156733851347448111544128502241877345128871536508870524475505317739218917008325051504103728068538259293767590563077934458227772676109414706457287822029248406526970458343873393122978352342520
