1 1
2 1
3 9
4 159
5 4051
6 131688
7 5132793
8 231332589
9 11778989157
10 666865748751
11 41494745678544
12 2812781975630049
13 206264308294757115
14 16268935714201604701
15 1373512281722006688063
16 123601628009085259269819
17 11812339040349301277253801
18 1194940136210629914238593762
19 127578727465859483327032767237
20 14337630876593593193594018488272
21 1691971535385430655720296403165724
22 209201828530403533769535286505275659
23 27046717946286833942308985779728519963
24 3649477783801716361865157141561437102598
25 513058642173086468074356218202469112187123
26 75029576709708716339190531922820676844032429
27 11396892794879932702236917598824905917879993681
28 1795698062726683384009347662599987288549896001959
29 293101574451871428426883154528998161505489056088701
30 49502013986397698360003307470346587445054289607102283
31 8640974195947236886883228697280153924299900001691508549
32 1557339206824290671356653890595386162723717178719532961953
33 289505986557204072692753076996229171314861212471576814654783
34 55460536162579506624356758748957620842647326890940590054731841
35 10939165602528264386484003451823694157508569835006792121570273486
36 2219732031893026212130639954050007555534005179481446736638880762663
37 463015128758727146707585905818881235106286633896766009073706889274037
38 99208317482268093392399638117097111228456554117593139505913948722708193
39 21820052924545376055472822098220891585262036716453519609727771303114803524
40 4923003908532983518119930500993919239438924707435250925547179012810764451918
41 1138668401908737875980785720777231417363413093753250844129046735135483429925244
42 269833757107708572451924948309920760143697655837618295828280436075416834837395027
43 65475478454463349662778229994661499181458074683291629334374606221754015425055145009
44 16259506066453292072412754915383223481135136578279360647987453610989201119068155588638
45 4130054762038498627054627217355088646279811673105988208151916901240121806168177442102665
46 1072525292103017300125212614647892380714271554435892564546324902006953703839251681584763250
47 284613393004277497003564783153981630029050937725017528701659004252927485279900767035355340310
48 77143740763947351854561677711655487207641376700472455384103580365279247383587476616891388483907
49 21347809975973576074361326186080383420130113642999801696611828115073794044934454588201602419467825
50 6028796563817298064247959855772140753138322357657434814647288056095012067968574927716773511051869356
51 1736829668389005740515936875733026298106102743961881146169848081538629647561370510199660643623165434981
52 510228339606371282175510790344899160746749580716958426761098246233383754465407825367811389923373036108991
53 152788458811692061158976271134699710789097360738155472024664901602579298912300563317247811317170756116983037
54 46620732673375865568965261359640760075857677732440825676516198298362739984485918213505569999768521144379622424
55 14490383861053421077202893601468299857189152707419359496905012113924776776940835912049342823095709128839617457287
56 4586147768676079273548715868611547959874791095213193505596712086913438796771480257846506263221713298755695109062402
57 1477555483721010631295529912083700836961316892341153153389314214041408433993170616053532297933208975241938811153804085
58 484431377877335525840141508761803049260523603413564911837261867304558964027733728961296226142280740377389808925575062037
59 161578354017998856790814243318120139589999800799856467898713815900929265323899864011881976143136361296197844598009365564381
60 54811370299756502075550997372716828995208098445188321053922258397315233151080239011236784732100509895813822236530634220057584
61 18904839521024546194911555813598995202776890962161449367809128803002884313660007662297731042655303681207201745169709133949979733
62 6627846495768618141424848665918758330498769690156762110365780700354560458949010339126351474070341900533375318867176186988879186993
63 2361321002067293330753582613166344906382478851633866510149181645783051032757590599618509146727062072120159782925395853686566745358901
64 854693476040611616778280621808554456022760787060753302533317023482880016119651699286728548853902819645494000711965875484465483434934879
65 314218374180237155142431356562098796930892536549876773039481946170409038328108782531967752116650081035350630159233479485377755806286553915
66 117304568311042214772487706919071363008320322565569197719488944506704256241411154910800339167527866203973346630440826541009207960711903701451
67 44459020507187297056331607486770901116085830711376730439564192179556678384434992031885131388844323870942261082600662687466103544975756175480841
68 17102866804476678193407104901396250502024857420904850632295988552881641098863090509794877003517926637101858286674684701655823783215555252297432625
69 6676475999131665034930381462617016564458914093423616465545000183267773846106777981733749931233717444120735348677172560589298163956274875753330720780
70 2644253300547783569936714057196651603649372125539346374337445989344114837870158974475121161299040053964769422632811257964541584611793900523996500277769
71 1062299181039866192563085978590656358124902837090418031241781073494306790908339082347642602277026446684052158976249318803481616946139389471294574380136101
72 432804548710853626547622654596290568653833300989107490784566413398627062049848043762360606138180847531110772811867375935629459982010990695373688253289343501
73 178794236891089722589004825503236565529137221616130124696587033743701295864041207780748190663375728423487857174813283857593565873012838968343635816227835878411
74 74877235226887056101404949887388011105949255566414476731751573729785867473378426216806410777283500444609993645868720078413880281776931681494836000548110295329575
75 31783427871073288394601068305839733711517713697390538671003894905579965968292761265712871922263019296866723699259553703604807358467135491892111111137042972082050707
76 13671888483165435922477230041228327631878932717010822546430074562087785915942844659296224189036059116707517680717285346962351153128907710965015874185032564370446233085
77 5958779931562958457645653692819711838116919924011990498349266495668155122715578327332159645633220416250817719335215436557184778254277969967184864272093041581365941647804
78 2630955119774918288896446089074690028644188050083532315737085070377702934492447558932673840173340354424122761430838078033551435985846444364774668751664362083542721385207016
79 1176589207420432697524923429500072774457335400098910282895426785403604262942652268532936909601228145552125263243051746358993449533769932401219095272946693371991748387121301004
80 532870276121857119752827313496605251816523301970756616501587287118390249061309447588038069254406430924011884475787987039192726432391478010422250972449114721529961351198770988095
81 244362736021108868820219716216442027233512887476603595416579533882987474578735537168079452347226518573637986164984297439212453945519597237929853398964904320231957816954807947121020
82 113448465526869448603793381733188051530413045441063485826066650967852627840637629721019152490198096032432558746194486090991545544064247224782807926088719871451535981500016329938648831
83 53314749479241986303659744317696202122132953368648871926480015699364788874532235066123024533096032981544246278465202822234407213666211287094951210989000047848587689202695073910351918213
84 25358158831239912568711596082977693574536097197876488944182924498536505216266405127819373700873391446471957467585152017172901102679879671878650308127239626769291137770491375391965625480697
85 12205277723990484931103581712513347317835851026792182794040228231911601060266513211272183956468846836927243289662450619837526303849411762867854189709090090796879104658300051168820407476732963
86 5943970928478063127310066977800229695671297226155979437843010444036486096863726536836037641954793414224997551485484474984671554151524898651551033299030505560274200401745927457776839818872526515
87 2928502587474418649978836964661420243148518540586311386233800341509721845356647303261226060209577972774411792285622836817736574232242721768935385792984850796830471277668727153892733064393675351714
88 1459475099344093139278148869362528127372446221298901543771020398592572558653778505395836188723141274339284274085066569443137148882499650999946429821277321838623243008141479318870628758420521084589850
89 735653721191648294453425806210234761875316282073997672315960322846000707121738104978688524956256144846475828052019496414711947528365259063883594995351297947486455294187504469425361885563104552706730197
90 374990825956176131691514759907909838011874508002211410395371789202467052482865431941871199385018128618812937231022715137648467461562250258591617174856173482070484765450883604728542270942066466071035992122
91 193278846500545780308086350055557910239549655895112880047295857120140551756543566154328432969040138413371706220451590733583564674814009141370778077632726056178193177153191094873214623631440857007140773257308
92 100719063766428811908932132021622701020044001492544802802438578163397929293990336893290227618301090933242494071176304160220564559196810792246812669297451288901838079180855005381426964696746817390044414461547731
93 53058021389089167389430817739609144417730931997454789369397584195883540610417446692376353964223522300692614727166328045862005249102250817591855892009033501296331803017063320779738347701483137363196355694236495350
94 28252174892614728176217769830881595998498945141055950659205396144699053356113002874604607550630473576179777412389685122214723942113762526525559145268293616926520604203678736377506111788807174839661276312133071151537
95 15204239754190895916339453652444530636659400233936577273397768359615591668154163436542280007787547359767491420616543599640129432128720649382817622098688744636324863680208169320098379251610899754746279743190580363695095
96 8268773228253765840198063309468290860696134449651224950195307814118589569631182292200386193176019423044075695243484403420202561882096207393132406748435241036879713917843685270562835044900670364535010527642073129760339372
97 4543950275538001395621754152423783923195032498910021400119630501444861999128667936875746070971982289071929770255904061176627939392569689251173091858846642769030725943421717047335700959033986162011608235577060667821979891379
98 2522874914033193171854965129147224007186969147154588671828935526506186862466647793358375951423030973289793464217521483850203343279330454750223414823151328982578088689941440433551631959580284330373206667350130271833532007069660
99 1415083329008400940337498315861451974432896377991869723794617759756565618490821461324929002484041231010461680049611012410903989305227695000277461225442356403427210383426639535809915479502931571117553771634365056714122710443462988
100 801766422671896203627750371045901619405026955731087721838027840129975258289693038479440865066567893728993483649069675283852704742313561887031514818702575199135269138940619149800761662102737580662639074609126481881085468894673794356
101 458827630335958033567062931742888432550075422596348699313405041140891240552189603123655597931388333469544501883797466936660830248203623918851966231647379943598489553145123862392163211986902830182133614135085226780726150742948988191837
102 265182138662985401903951875762182389376992922785712481553398477743595874976242104024138934282009887707258965627940594953269753458355479438311328574545266690097071075795305124455716933800332118564723297017598529054687906673230357769232604
103 154771138872754836844001765369657987522205296038176980019073531951431523419448710345743313658502987031151232397279312605702092894271090390107257326016980762355321436928968605124173121936970914524185046965351232830029064222448660355756295859
104 91210639678242940072162583146165902645517948299535544039717545956966412343644794610994100936495812382281731075660911895777176688586532012246751125450769956500598067846436220096414534371474398157982375729637604677359121582688742083294407002891
105 54271326740591690981787711770546104104050849230583583052290268792186465911131506526631213038537215381633604842000990592956497815431537709744934148675538359877191840845160655610966818692813581442308410357659685473758552903619320206556174388847649
106 32600567310545438567327861058402877879642126606248693143163737110039112516301623184355109217096600308837001164805323682467548404812274848658218571932940921930794267554559998674712465424452779686542965578119678077682461868599867243191634407226271407
107 19768365969686878124627807226421477927944656493495269186569037665686538572508357871384085439150013758183450876936077980362720591041259627002001905256275328654825052815353464088151928456781704127667305047507358872845162423755415749019755031779395383932
108 12099547319706241582431515627526625753838207179678900051498223222780232892512402381038463951372439563091114303186428323818702887623177525528675527276354099964205620025211233856667794140944728819131958074206547395775700332638356376686819774016298643395222
109 7474510416152836763597573918101745720270210358591938333679393045299484873796896767973914020078301423686691614992824481112658991164486054159410430284764579081423835461558957635482569390744667821240128067413207978262152389933089774824475387132879625757823417
110 4659881681551617400467486424539250493953805713412927644275651496563489791976403230242479797378193108220023325426565918411543232465144530823475834488838186520036512971813442864008043299374207064751356810685901777333887842891412915142639821226280720322767057818
111 2931631869559387000468689419137770057120661408603527679938688501639317102265454487617997385379283205015589159920579795631138003503391275128183369025257394389405229479019322454508372378747008165848511790157503378859904395809395077245447698230451185697916495724514
112 1861019531624127413555805751981239310633586785901774766604956545771450185035735283309025655632833084200429098660135988457054091092204084412455243881623365078089961551320806620936535651555229850276279952852615173384135179136866120855285217617355950860675093746432867
113 1191967895606354226616210122951988900200705538914668340150647091607473325929803545536167590223222700710126123660138594334875322982328420276455358702345459561659251618894320111746017528049672536295830057024424811295824560369055929023141224880400401807029017979868277761
114 770222335835412832475622722605196128674804262530851340636352255170832757525487304268669191365010518954007823285469208660404482291127079303796800150262580101813430827473903608427633451362550331500994303541609976894728599788303836930793042656871877778104968670725598742044
115 502078904162819779472054011648397601366402797679263155788982111502644058268524487050786066982162887843710912823560230877745938814008348538467976869770763592271943646989502215081362315338523494741594082542471484222104356133190034744023719162886651566084186595577569291287355
116 330140746871354489868245954239067498440701492624552916083478938527776894258815276677971567029729288579515493221138981300602670121151192502748149398514893822158482399494948379256099778056610050406026824924982956225769872220556093506721472324264033345509230396835600355545774500
117 218960168338105206781966929696555804295760060494836206674617085846511742337594519208117472359428074402011342086453165901138206053230057173675114321270977695316695691271946182721293030308502971897594684822349083675080336254229657125375553423998966716371565365455939230716568097221
118 146466410262337078892104872873810449421904085503396271027899976852307002128019075678178279566578113809517614819376147444943715457709138155765597558058819410420691611641330869673223230588512577163698740665396202464416650203322556957061239868040118320227006338744015730465937457114367
119 98806729420790628391352983697730578806232128716180582718709672429075324638081849851516838803273783613526996475040909619952841905221835001931211557474530013626642555556713727285896370130698986885669290321518547915590487927051306843290190579248935971883576045559694952113112721820770442
120 67217095207960733644532778374483510951862693695496801404904244732534351199544716215597888515330636898224445667622325808594468411251972963792539100701958953348968765118723771603210192316155165569749862991908044051588813554339914128092212508493844021744556172725055817334364538791835071767
121 46109176152978601726455922660166234367914895696828898338846624748222654354965164234212003973176072170469806418453502158350731514242884037153919647635551711958474389088914895365763363355216443232283429581519372527595376405567203117767638132382870442493951042185860598368566286550957407629075
122 31891839261093281720231905362523263504356536358604935797322421926900446217935831694806209191752509272389217188223341377311761344231581668570748216501833558801436168205821659764754090649031471649315024209803108464422476964538189992476666579884122697254371115276879675929853368017398810123695929
123 22239602277218609598552016222850445172626003090346924343785740110862354595321752400664989904797230961554138453874335666151220316283505353430780044854574927444337155878840772038954505107153157663492656090659328282500866933527179719587545621641934026453056186583717591767425135184966120630788471847
124 15635106793415731697240824780119145869950255944439513865086974482380595315593697430695089535914821487940477591112961515453031039804010785690416037454891696303231585937479254909027294851360797699170292566871123756131189499190742583634830391129186877405398920975732397189548800690936167975121641442373
125 11080839859556665654458515833292980881463085792404239877375822118148087250835997699566853798406807332631602311761629756645216862784647841026347060706924981888245329839435423534209512249935831596956083269444510773132935941650030019984241744107573879858089086587581843256918560348272513178164265315072649
126 7916159828837511744828228496744128692915050332664633051416570146673553599051539819472911651954830545202658015088406281680580263253870098696864865304785069667090096248025911128530323739781725687180719452238070770672830328890820355417074080409400756205202244919525292915336422222524529361278251349869161513
127 5700316632678895807032940261199888284729247909230920171167293678674859167321484643218550353624554838185427398043808756419318076609574079709673340382043701996011303177112324538809169775227598892739093453756925251989628851753540094444762525471157368935092273619495907020596568667386608344822226066047057007125
128 4137127345054233662449841423969796977419088726669038197211544485673764261956960026420184199505140523166362786955507620727245387010618936982451741889590428263285212594836110402477756091045421086212626722931268653517174585090713479890805512499345302537214098262795383514173498708014892967562358265052867180244117
129 3026130392756118851968129561935637677302420799074477576429911896900791523524025255243555067200313734944741341406491227276803286925954730515173371025399395403224304968967585355844808714450384658073956649515379731935571146143620287299469642600649788669674095953177946497131534642733829209581621143439133807455612769
130 2230688829650387004315491067466732491297680917920353083596140327106730056697342918623584834996532725701323240680897193583462810449646935077093458740380015502181398868584205023370109853061901572167582574804296400941789130776319138774124970130781093550509079692011220985546929708724088428480262950542494458246093002922
131 1657017615411156817682760112431153918123539698732614969603139099590189278672154480806158311664021802257809375210894242730467553173997606125593736284535561487328874107364610491673961096732508244718056537854189847231522010834373398532606289753279081341177492081454699667866194803597240588974501049585787466239339136415449
132 1240299590457277613799820345158510442634680721411484980119637265196148530376884607191170069475869469481710714530624699903957690883911009944737613228022004259915978121510183043964124992757724090309850414522569516543214226997889519881078955465057467787683513582186330351363251776895150465930886224453107125485959700043269204
133 935432310352928121663919612652782515151952022254453025043331416805553235533806914506248587510881349691362534636132636868661620449312197036143735497597536021386550813231268619572088800525818251150508662180981996226651245517283504725721600692547923358887827295288042519711719683966545994225944866642543288327002690949928189315
134 710820181212400464131344038978395878981239104384262920339686724443938181379713688090837713793638074739945149129347457325831209539482836326058840983159550879726107364676027529504542386369779752706459091685935831866050047258806415069184042365804965976073254053439305153249697986030153006551431041005356384167118053214095605081164
135 544182337914792795579357419444797675717672857879749975986523332332068983865610196026009656699020590687408573960063339734675943949741282599210679106535131240340020751618505760650267214288402154453184084917993139346812988059298515139723103015333120119216227522868479970695296898116515997732837788647017256402497547287049033392052059
136 419703409080381710773521292595966169310511376775703097410054993334478657441201165589733386349748174264449548436741070477969190698400211987815090693803141107848388644659713968502641997001608561374700448304438243978728161203452464700126969676784839718486444109520366554423712760520626335930189238149006253548252890296528125431217754078
137 326084621694462795317168871965713754615039629719535239295893749579111748611678716295176835996612882475075714656773873955330574719660673540063317515834020519848723544833309403636879140109621590324419449003926498105092479867639802928727867325424771879752168459367982050768386082608397600888225258050757545049900261810512948574847620538552
138 255202340447996462558627135923191139031926619626385883692551148985202719244054896608953733296299865709194672470621311469337752933674895078281877678048425273978889621741010628116901041179388905513625833592566792059568680404651573233933397556866833987348525319350650649969692532460074965989139661710856680941628131690421163399196515282194157
139 201178973071611886766469648719617319907402198780144719477752956950010360722034436715792516079562599355225320412049236693720945155033417401516594237934844779211161842740556676516914064398292116299331306456731188833854131025924727705266713729175575117323200833672986780345867425521944206539188594635831426117963800668622139874472852926990331849
140 159735532327774359954760156133831780187709603884684685256155769844724880266136093444193919018832850535703735395954628376355123692709226513696340177455003178520374238030862559656869910257058561308217047410795700069785733898720733682237129957978653394668679688983608097508444867667673664046302536925604542097590772571109665465917801781439353991505
141 127737740030675312568251180304697152021848301525294507962831352976774714946378742588869281139370527731163037077083469260463315162018631057334613180466545567624017039670870486383971789626926118955454043974192106751964598583578417994562493099652085202320334804346962585718791225129791613183112277897710285302257441816591236192908098465755807108268689
142 102875917773768062726026173235101488835872642713261418686820563701960654456319128231815488375514181847007241972922343943702419512559757026611482617299591220561450900118908162179639721203793436028685643831506623778146979487488930158169145039798861185248287520670764558278311737240074666530093222993305511658980297793366483002855556734846342135533558227
143 83437902206755279066424931957738549122880055031090585501887428496926397954497779391364460828791192189265732971712453169302493520753407726922391776907541938850031782543532740606623125177294668613590308860749385001415282729553416863301662309184254360053899719591657920525439615840067385824495437709534195823458083336602057283253402246671046894028702781985
144 68147017279389293108751383176901805183014539023394068668336211367452110186076515450547534255563475225945322646578721738446844149885631564816836877822248623739433505892233474528836486755334777224365641689656131678520591972071833340496685357302312316812538420006930173607135005916546954033691052610454295745180907659916473923829585632029888953364965926389328
145 56045804434558299730818672941722452068405423778789347737666222869390311664826094219219157016880937477874587987574424750625441777403263698157364454066491562047659209565208487476182519347965710087835908488623499489930655725648650285281899880378594136101532290531676363377463392774350588840660711947332077956317169426117471130171029381318186556776478853265020207
146 46412118192563637106809072348527008460484196809879435777798937291667619176654255456088211437988341159325586142339664700907112726258036264622499751379464170763475323276327091609208799776173718955749717552460237215994059839776063251436661893468160920190753214550876271897710335526697348315486984372579559730727515110209151148743631973791505406569817200965918821687
147 38698241558361584007395584194611909155147853965065925260186906263486969052520182845588693124785705063478756880737532153453662357407924979200674248323349627801935359529872679811444431282772304697409681733749234882404311464904481686471656054805919305858428701285750563432010081662305462511909238789791819986448636403094411761747052365525838370556760564013823584571817
148 32486463911900240459152526455733537495959696085470568089040496697043285977766434495338435433193763745311303352699577446991359801624693605029216247924997527408499389582285350844965115150950210230725920273868063911337871055624771532802603335758595958285106288152422490885541065809849467621515412501452310418435808041519070284132243865243793196343672576875686756126938890
149 27456495487751763504404558447607354988866495247309014701767662528403976225518250578258311119480787021522911302458768953921034365207236380591571465227367294704210139759741590934103576249229865738517623328311066876552498199054529154289998979011119652860706659365827211104202725435330181781943186912281992718818875759244386177435822950924683036773778557083028764233062582431
150 23361437672604459791651217544151027333191083457415081629066831068419864909214142232541638425726061130291007677754527811793427672813016070305818177074761009920094636784512811650836424629469868989935439066800425635469080422100227687381227302528836218430343838535287127162081366039271800074925127379120573223030190885323357274967871658552325891001542815575423903908504469336714
151 20009970093793744050976394548091237104393366059759686118154326630109189051738353351713598693503850981370807359089060395642387912325426080511839689909578022363025631926846478448849979627917956876798512955876490256454647638194518201238604168873270405375157643839665023005018242985145252577972741146033949507859110837451346838888603764749806321818727366126436839482019576311047575
152 17253078243936197189414297778290064858724111307087805569646614353729117800259668652477369633920227286986031220739019091905039460432110921352010852119522863076527649381462557035467745877317930156435327792067455814837313790608330366339877494830085065923581192371218178629752397722109935207974235651994876474196768954215177061621186064300533656762330362497299380204130927991769889277
153 14974114224170446217873897587548441462843944404828034413558779340935237422997759100986426445955661889588179907442171177342918829959243594542964283179885509478459449435393815509356393375051043166955486725698520098684466235844596200170748810617877234609055901358832843668817726203046707649999287671282616381696778188625383230754956531777496218687089514277827336288269844534888261609304
154 13081316519535461261300577777336961924751407469977794753391578391522657937206777468404559221090899038413947539472337248311436095855876180087793322176426516934146265646613408545703568157814449550624677244169012272081998504444666769196838967649510989560398444337441794135066049383148396749954052404693500198184368114492537472848480582988667712971227859942728505722496582204000732911068238
155 11502152893117787874125409073555143771634345309364009718107722774768741360794464284536527804907618457622941144656455659717575819671094120448622916666347458644929456125195142021524494841638202054995916846341007779346185636486768085072376086156246379992044974149108660944692411629881219828400002397050968426615144167842265016932595489305680543721761581422260191778655694477860230355913866782
156 10179021503591430234799124655458484683991626044279865340493979589054767117743325445516634395886970521235288855034036491534355763402287502355321186628421217341648745067591494506569380255687404814967634441911016687639786054228596098225353639322316347888751930863792572691153123582965296723342645346752520933256780141421335165863094024072049258837924018020854275581537857071798603628979053323024
157 9065968744199010239900718284682477416259399927317966041047073259176639677856995609619762722971267388730132623086894902741416834401402569527198802915372171923122593878743803327893413465677517103310883251510228132502507858846876556745026781416519334474167551910776628463306193931301874017632838806730543406628336121129928173549323926998888440011217190231792248155053937756626415962722006193236660
158 8126171757917811701673759245132152955705016311085395105542701977693163578413428411488341440265713127592320773688353735194021268824407520338294850260742778324298076387145015053605785838001702449914201805533453752814289482090155133706538624682911066522478595979010128057255474249707160383653154730565752162555655606500777102531964753641267297604356012890866771333793336995407582704558068869925115023
159 7329998742556612596086203151127087163074437886748232772507066902302023671056256021519829991727974432174936567254976760636219293974657942161541054083187216084182193291418186723196596125828461751748275784216576080905909007938419560483610828344113537734128751753068951135518078061920311272150720744450511212452054408001592157022790071520031464339532208943170362850901601872188466534198753900441475354367
160 6653507840792758786476607531417257765807202199952981517104461477184792911850568106326075109616122072128637630338029994381139839522771838620707673924683793144918692385246633159856907615426631453382003488122957693601733080201861247383113165786220915096982010939998232400968779295977812230753373933991510084694594223122833126977323289020532648917169029578151292089428875868364678961599936387062226934336281
161 6077280461536343457542846110893962205083855699236322262644970513134872109522584848353205526378784452927932369158552408199818302547372391070827474353592867276605761284557352088837847045198087590808354734234659294697467234931531379928588459125705215020415624833135324084004691503750167481825117415887618952479056740218866183148021097896992110689573326257585749909932189994954883238721539287724734725241921394
162 5585510762359355415050272916415526788352119081689090840537849332498601634841566808136768139788054851181541175677345246883697639446306620604317067430535357679137991870719520097841588700867614568409936276562953152924120955347168933686906983798353912186965460871875415627514463390456158424238190119756057586386164365112830732463230815365020660329015598439177774678385102428530023599152604433402672717645987412237
163 5165292221382710706797549691523623870358981259655673464029128057805916102473515784390497784262458538579657259040861379945339028377776208094857835888490296809358901370217349921808536795232483598284170528635511199879407934121350785045299738331284583597980233923102774014722500237367334319991235199378984940945405188884419467828785070300689026491460285456501796145835371630369569978795740798814187810073377797853235
164 4806056530338045494572044131904004527143828198911832013701692462254388872552400228477331567987111230099153712813355835911117995296705198491645229843116085754861146899086773585208973659796165530137834174012188720303189098385911531710581010752585396454826276125992434602180429588393854572918912049395728424989279070574000703910791159361536825643528496650625679643769161162584784749172197403250116640813433318669836993
165 4499130743542185060267558382719095234403807386674062180356290633391159819370545183076312589317307663675947489907925934841188698212028370424202984099833650597285543740157238064852996894828711955269426699632474846656382363713218487288804785930306731903206079238910989289421307915606272248437247301526167110815828344950429996269145931759248221340007289096167216862652262188635380509964582770942727807351049965573056309003
166 4237386661599890111729045703511647722946182961715811393371850525614246242775295157149111146031010457989227173232253200436284672411348419078268992171871450507787727784030709603550033186784495996039042451576642162461841415224762028916770768654494670046869457402248386721747037613599534518160215153816817192465713568352526721769252343197608258343333260374188814512119642913441487322026258846275836814592921480362375441662940
167 4014962501033072880341547478941702948464030318834393346046758683687417674541222725281042671378608730178909170088816633848821189355854259638127217526209323101471821042329203056221060484128870859829073159192851672476257104286722765387054887236614976299804220784012790180359562067972337408790252222654160678897136012487582551708232483889711409239124825529640906478780019032867044167815515070761313598911408458220678159593123913
168 3827041505626846669211525857341745667286154737734721152301623373445653679811747814318008161573035845521246367042622023864604943577851628648904706249188131896648646408638100929883013872412602732668471569022886437315491640189749718928242600454641633612996178968793051847762902609954487027286960185560757714328568886660920361999575722465935382364906700029090770922309159178392013620662812532371105101232723767598981462607839078267
169 3669675663166166527421251546837753168740814388939347999270785017841548909064602072379595096913041147917555654695570979663752726655468176918118124191005295378122319668172941530302579889600947269074501132400528991615293856800004069718580146176543254352439850702894525631801554887327144533588233683366938977770106545532358655777065149732922521167559275015917510292701581615705309656791101719694141525991492031131750264064690007498469
170 3539645376891465183675757284488639975709467736478250458032653638324966080913784077602520971674665856486725088955558611251420497700447421483864386257792766604384629820671381598993656480100162103419413984570313603407950185288988767643485463111203479569283736230220595884658901504075655198492012918606760896100710883608774259358938580938681836415859334469095054992342757197932581747958851801270211112776450931361198496445128413967571533
171 3434348008387769214004121156357285527899149165016140965170077634813513134287752075475054591843780422607059494642039796174136044436360894447853388375134185050996192239615686725530498704866398927487771162069169962583044530617329712995129376035395011328759141288529136869274718415818029307755888613007005543252572562857228849957079269045195784432922053042084749367761853933750809867325931350393603187028532172468072974238180655148257566381
172 3351709810042949734557498505015627916233147858470255494763715981784429044878888237604478697964930921551823100063620237979518957608460753857241559820093071691323096137397568231627838992599764452127824230724504218901080350806080070506850065748657376547457392190808287712569401987804332690000692339097392520019623800217329944289772122065342725489631951239969226268390152818878699081658242673117160113794049810682479684209846215900293804777413
173 3290117015019445899816338670506018628225059289611256400442268674187579697038601120879237215854229648633866694633595006099970725295617919824005232839108937018863182056968088851891276131609550877751765483489986039703133797218307266298319824883279140251351593030656220141222980310988276440049859624255267118444629525750861530263910801219761158268410029687615526785276837893015563240830017984020203080392246719923532166907865205511954538878545706
174 3248362837288177882782305972855778989679507865910320334221754556491392564524266665535057906584335650417217908848729888344948836722330527428081638627029332153113547511065404838752983573883391878981883012546093975496829896673212017374904730460254928185209452697691859100130939477881102390684437387668830301535861314451562053537688600299361336873267645052035571034589841810862503228997777118271247871576399306487531163809319600205364049826630019372
175 3225607919484940801784939105781312664160559722803392674533325231603147622419266559191269282175888267797115378483448500772932568065164907683748706370896711789874824544482547733241859744771676440102922721759408668290658766059557794642523346922294031411393600229122337034335700749353237222382156848425126905705792119282891835001565237288272570848717053112985727375026243181488804315343459943405449258643004627474633572453214599015698093780210571697586
176 3221352402814477098626162818998426170157650549175561791174248377857173198839896537534012575430095646007568479022469286798716748936578766608531820799382558839473731881952200309058155572498675873407901839244003016090488428419892420332110566868933343389783949314305576000953213795886127394040468836124501232633154363179564726388921010030947900090981945484085402599374140775133326833778204388296688930253790042974376021621564344095452833218574233112211581
177 3235418320476196616348237117197695362739425140101764087075133537730770031778758232566941178001066886867117252799407291080842863589513204208001030002394904134290789390118003675836416864124242136503308617769044127102677488282508677123967872874739277229580797671681466640028954027719869845277315543050929489792273089345033679177071333703353700885847712515270384178306122741898383089904566268365388262392850648699897307029005381426477255467062011578281877393
178 3267941465588865689336034083660168139628178441110756084419682066675309277036815966666836027462540657615635844625295169670473330883485540130765715194470699569834812860053990737011057114607035743967621020054298532016607113152914334836735309214187272281033171878449733900887269562010704932160790206352783010974084598326397461854187381458620364810771942641030019688579446108751699314598183236949745245192031489728864171797350251458313749960733654035498097629587
179 3319372282105896271607869980252929018263504558161539675933109694643304075552373817918673201526310758635053728371751423799938369692729365079550299304461582834568916853305555554156831332748029645415080018946735630101124803056737770806586412418003776132101051142553648882176259781994128990639687276258584812719270599580253177267598944613145377752460755693378864472368225519408402551684696930486008099115249402136785699855942579823028424368552292525524061265283220
180 3390485694626003833139762875037510698192700634089990615523447207970285821864312236599907258596884709676513498103410827593413083121895644960565125345773835930299675918359498919820040792256878525092629489051323602903992258144565899855014637179436754265985887065217711420117393684351804193303622002064459458494770365361382862734151659280907130017394669488324490401561580895660417405430216336378875582475459640736606496064504638881663994559526180705132885626912763314
181 3482400149841327385058437895500953253315097640804049412211815216783300240141006241248385191901720840647878211269751075253412813931229723043445501602575773084859998883300739402248894568109813075641839264525022757118122181294630431751130140232030220895116703039441186728128247434279451626736239624087845581982322239351523486350763066677495402002570019746282072599812963952894992984427671007180370603745156994927531604691855806505148512049149017931715814895317272933092
182 3596606507080912099569111794059289663428490241191298380411171135924569016793688883948377018928937465252592222174064855744037872983963101845509143069027726873148618375181826928691433167838163097425549860110368303570345899255656483777451824557579370388617110084150473574339158347159417656572824809879513854432478461591492664067802737609923662198644098474679262846469640931741478357418151178840057850991028321303452336805914587119297262199132454454362265086442324833740177
183 3735007806564935229268082764465100088162104579605820435790225419509111976591275007417469451773355989303479964180033449315181966990479103826461478593774054457792010581659112557103558650662730090014751871524839759376710762099002136896761289359432528861746450128772236330768377669253570395259196019315007631258924252442953720053178989629660761696537764774978869859495621677390156405932632447855256459808796332771157011789622273103100946311209018041096352640174509738141852889
184 3899971381415296432300187240998129739309586506034750679026959609924601231908455411780398009934877626621909147587850488634355018513185987275427522363613220677257510457289940189491019586928246600965283830756219716383435197513897527852584106291828059729445712693466070575087297074441444650884016705200958955684737419035715251175878379405517980451406441473739569099759093627644964949669514944112873534270127329777551543175338850126427701777425133669007074866225506362896090499309
185 4094395285494392985887998152684228658361699821443933862315819765721895188554003147353798800900731675880689007353558771804143132818860496312058691685151111094508041479236726321445432411613300742585229551888657802256518500805835572816657004457695669975870334297550209860639794854917080491426757752410538001434827760305296310844671686047566865934911416668511849406054964211807486060629928686479463532111279079892991456905169491843718155394804088415368662692749270055048909951438312
186 4321791609960088341897766061718036735269389616820290200675403954915554754517510919067211962253713666246500797952439342436790102632397158586432062796649448228443536360764214472772136525605348975827865770679602363128979144811352608168029512109469097979680302646649111108855984499750508238792910108571109281107373899626804341101963884821566497406878513426287634096871678979663011428042722145039002777458356684588439804078248919192134876232859966036866777638757862476896420855346317433
187 4586389988729089784483264216005666895087846630203044084895344303804236569692268707387659736593063153433185496856169386400450778562751787798407447964578489900118432167652593412758739433743817479698613232455994307825775835703255011183475262432526058595127405450729189917910090639261808397416113218044489003680430837882804188119066964608235701343954253664994555920617772945544265822270577562294772955078515032338190614310350906269362515002550003926333816437643534281903300815215375968701
188 4893265486041765275851704314057375957756117508641547844669750515851981015176230451580250252421114412921791730977199128103329287845824348975114212628100727212495006044216109824161568734612090263294638328222765644359893124455912030960347186757311554127403723595750618438760731849962881845771957051778793925704771513762799272218617015801247736421341086673453376977696258372271007819631508185670221261540804612403890005111768798877663833843007604790477321140366188259864551622890955904551765
189 5248496167265760298025139502249149791228637295370681711016103035168077522647163963291311365922502947272642916801364129132296807247355027685468104306655762010780955612224775522449817084207353493430744269240060173238454731843179729983315005204867852999975699670035363205207886669321948187076765766775023542505138329698631202479262988888276576200123795592044408984748460453607991178301917998978345319800123711571528447357121875060330396430116081352781598653932653315758986648712978937230098289
190 5659357039486945039578429847087757211132721135974379453898334983751727661715890655679859606886761240450613599198891324158068865666352786696633916992589425637667432529053710905032145751157880670075150317130268408890634060797195121220416925189258405986781361855701635650816312677193268188731128711084285563551996533188640893192582596898459340814607584669856495665843109468266969885837895576427768147266751190202245080402944684624627082487859593853402431760494960723914096267946820648426337109964
191 6134558791308870937344978005990702926095275376831460217442741596846771081661863366113961249267210214684398135097826758712670877115695178049137265812756807418218661105028730615327012158078688872242105910626007958617984994592289687565653734361943373736312789798359788994099290324407275656947608785910201228087921996840383066017136803191503943062217214678105410637879263513811063142508862319654599396392836001442841031159927228210719935247006686534255295936564507745289158586201925168984107696660984
192 6684541964558848680460852612968642211460570914841052990833478167837138757497746521659656386829236054958104293256877691631537003681760344464295651234429567143426242235424817300912975646801777349933447819089831313929759106044167252964218524507433958846694016653405193231939822516915104728611437224706364086708473209346090907868816903977569457911599199925943050737842687116765761635672717669991006908850521539273554430874450482398316143003537630151125050505986174862254098184134928594920055881831713541
193 7321839987362027924728585535486156459908979548992430929583505644949658312306291012086598658101074858852924957051081229233010727563697504111423648216898763520898886225625553888034013533162816058453022673969450523924255443043942145882885604764549233937849565834259221063957995633646899836686357211418191838560129294605806551932935800405764782340831187331254032039729865980001250837252572084084475707591344754486466049211157075086467652341067804741017490166643522732560800284806438916126781869132988063599
194 8061528060999079916398897267918245647206848201746983896146886083803498143062700958618406377641813795197617078147787926044327201846722336017669471088580104497756532056997644456908779410195728858625417926656439409129468639315630476948579006546780150952150293521060513822362293861693751770385652957733951805329923870161507248261024504650675263550693704627380267092595820688484596681359040693649772726891585241738336210464582434792496783062792453593836214116315165357790094447937022138837845673835241978655181
195 8921779446987151375768535804398257744460846359279505018752483133292198590788256303527316284091061282015751366643495649886930815085464147788627932501943074324203063161146807109901808954272075532650063759198493310487690013560721941967328548397196477576955055522216078159352402677900569464959785388297284216748470690906993906998585522109274668615109842036958002065666452661341179765149290694014108773790034638977317672201246778144854973067482768879324696793288940257704858260335818300586391765986544639669737476
196 9924556539636784080862622863918461416105765193499843372597156097169444480864690317716905927370954877117627276148719898199714296617616867063358197550446829710698611465712045695245970379630273906955619339612410048317566588157689991209939558069784668409479503876566931624281185154801792621776559028601426050834613699528883820529556487861303715524924650331251627830085504594877516738029969444918788930577724443788835543758027460280080139961246766302572433016499896700776671110492468418261256035172721259236566519940
197 11096471617692586299626327245419099050099274528125561010383809941964411679622436601814067442280723475595944661080640324732614179589352291015200071879578423059979430644132326951295287492758048946979572183012703192115221187411641001353357732129844805378622002183259391628188379349359186226133777071844790831767799929784690040406778482716118818031745947088396582607245342789158534318562680113226070279968302424669404786327501127780138735235004908774546904713261302850887993086400072134684602396424176712688185220919560
198 12469861851987362109505670440962943422104231191250630316286282407801079589899479386776364356738682547734513603321545768476785568130655028776351499176225366684204248835699330354950621625637077924106436677919905534731317408930840854697636948130622086015189248340246073396441573922145141056932746565941998146560584464771183533344652975123766617300728488953802544266227756546438423386262591558926547917349167980592029420979250479255636206158208883646259164599829446924202308721776267337908385803319650772752822972768416516
199 14084135670110246513070579500044472791611624330152824166103100746148976844640225939398755657518771295028294481603077632442676941850280567430803527725681386834996929751806264346086846200396317584257633726449561739399615508766089667549088956322372030548679633962306486084925361952638456161448278021779356178170383585157594422191907389748397257651748225566313254185845750513960739212842009427495959158186171141979271178542666519361231651681433534796320737992731364549117632837676406610867189422180148294244614634785383986002
200 15987463823330870318260708404820226061386275615629515314630497331362236025526446295573848372927110455615151966608737024922637783071494533141105747152405640451420793394347618913882422654633204276956548298745199247968112322316607722609268860331765281452133430411239305240092128613828134254520776891854975815481765409460587689598835960082138862928964465960000022101881798808680751256599779420386310193109410626242407527983234870219012300611630235608720168768068055388103767204087944330720286257924358188958934565741737670932271
201 18238909630222096939348035874100232188390636887021424679040871021944377463393543222752709070758466149449865490628880491639629910162607863597782842854943275776075683979836486087150016528379578700490344880318471646890884131997440007825884597387562621481309356749036251547029422811006778176490238752049744300454106378747284483155011621610886061975189260542426685975036879532087093915164309767727112135941003411427781389952067631996013690250313864767021654216729187028253108869681674172143730776177044503020923838189754139013482179
202 20911120432551220394821987190839642975364852696622308424620110019293191639878577057480020378534915849705568464532738290213654505079505970078488358993152976935913006530278360685603254260904196756086661242330759622580752899303382095274721689724943858752033426848724499025001428587048104699987532832206523555306469282712936044943650222876235704420255683703501870713770491727130371956444291659409186599413698183249110441399430373405389696197540764550347516816475686508828563506050934384698045413576930492269336660099663019115902470855
203 24093738352228925504536563439500241134356577475870256936645656276268611127024401759570367402591679564757251291783811386251124507418991327563290679961879073541593283843888307076929856979895246112209406827531981730017330076764341077146907547615399509931796044555095330425644955303684503099925099130186894123077950733664656686524961184717352328587540474555075683220645069630111980233193360057589008207106883218135628607232016179066758998391346069794404506407237496545386580603932312177149137948377635154965304469402118342247704312452172
204 27897735734559446958605898319393775819637411309975074260118437541174549828040329582324263127506583181903010773525804166826396439263687438434329229260111472047921770506368512403228044002908710649854639940966500631736924898777190440113531621573475713819981882828762483390555793859482409012128802337628868988344930896011604147835007650128798423770770551126943521344328701823275659524837918733414136337638074330616872256455703977994104744582724661251832640229721653187970997871826000980441612211397893321971175187276607297759597489438262600
205 32460942886719396599717557842990170282213956154985948191905527707592386484711770724938677423232776073673804376816666700695471311467992433791325955275762807514684655488298493936327937892698795237061535390672936964801337510216654907232403669358061181782927019984234747887952923211360539149231839575820562487122748231223136602858320456288202980208434832048958763520519792494856197090443151317099192710171844266449455090320842970733886189023770603018378864544238327673980487298423837108849568238298776578657523063456175371559211608364803506149
206 37955117818113857686459736796714146606725415498041200413157162155446126279055311132127475710438369496685899415278366753865316722891751824965022734370791585810210750170185708670624141788390012129486888715116914406778776515952094245912578096124015995763330030383796869583437318519338169223268188812378118754592444157934798681525769756159393160989190618061551793477185861532785521523702540096196519756652414368413546333354908079886478157241945084994580588389869982503747794409384988342289127157297100075432181821748333850883188661504556210703609
207 44595016321967884303648428873111342581152774843498334396419121881963521580152801953042137065314517734491382362710921271887014244843335721165161290169230566423828709673885235873733581206018960291960661032324014084452371118773101555268853678847472173145469598128229760437450635079781100992842380743230591199816347051013948479795943977358590184519759480158349001764235025757729032520889541954695338020062170881338746575359304901953851108192983560461345199396792079121979406122349787173199279554327224510891788913863064950963224793063044104424408967
208 52650064899322205530616650637888445461435721817448857459461918014164743021101098457218788562262697838223255595694344416780242570512145444256708489185161211545129702104592265326730536038695771107501709466610404773403489271062657376226420266193166744908634908845274327174456370076862856974357326423341178280006432921295650171654600461097372885767455676866700705503882492459570038165489713650375430480071373050542470605667790486074493754053834635021243449544324339218344225581563734144595921790674244020052458543098814807509553332629419169685205199789
209 62459430896093131000824995324013162486046288002811663711577284515408030415069005452259430291563072953232580258489529695214678308490205487290221734455661641835215540943929058580983558952159493393884983469539840741014258260724968967353587777709133181969183315267692952366278445695148631297579716297471144250235326529439556479577341733146608714487160182170865603804766532159432528525918934773750200423064338835395861794756082019237383598819616835003089689834660761557693891587953261513580808440042151080831023770054868000960874177872212381638954370602627
210 74451540338022458013642997066600212946172426560862630662704300806309283416058737328657418607593149936383618175740754435703901272127839297938597280252018276533475343272456891363975570747415001959440115871673113076982740787960287750512774222229716615516400745942206178074031226685206269550106356817580700240668601256086977068586834027415159640620115098266515768085198640192725590459129537149182518321042557928045114766918961558592689980699063061547893139587686165303292729464314746719025093615567166980055351085440869656744664190901650806334574200847448027
211 89169436825889992309180618597959754153739268612273859934043677026038154665009966608174334030601495819778745170561703115869988025440193694841155714448658701334311327309561937564816662843330819824629662284520345654716675386404700010040594373311239788859810553229165778427106183272723918949030899231325952168059915061160082822024558366999788909025796425488864907798322581211294512590747852984017244738137924866416911505107961526736314659625897224252559655066557054001747076448437857525807797353874478784242032210354850903205290373989924529886286734339874464997
212 107303835245513948886963501466024574969899179664529382450735119059887950227665190914805245265333581231742955587793792868432788111694185409513038252961486002280762963497743268984006169633145215343101111342020578560018956489618600498032671491736023532604401530334005474488555287930661324409259053282897905502970288839487158007130146214465822529226095884545603222056076055346063896575086706317065774961207841997938404811573630878473438250979753925191929356566340733979587532505398737239789503436186302409426823253280590419671647615871248615028419230354677277543841
213 129736344067054089999513182894368119771866471425089467775294096111452183039518967745775884461758592453235464682090764193539834680165302213269685700010827909706603070185533178742102739633891765648725290447442135222606683957183896087209288240522860468034066159861413575822455349980178567900153231403717296800234792354802101747123135579439407156066456565647349787377684844001358145668316086210744132605774351926156633308089163466230834064862436258302976731108124520496814307015663588111111930652151606550611130146914580897999523900411146134221995672318368286841700402
214 157596167494427987734560527999365160628384874679369464235829243776461326201101939755222762807919889309949998961370676438726932976010016345399906831937503152110590710271621486365111050092233903889814323602516533045980144104803702334019922416955509673597334728756097232494403569555409927417697311136420162453808589959619595381554363577323088328546526470519277855618305012717277779708439912036553369078252947231246012144947488570480072640029186348131942284129106803746110669143580805829914359696462127481831912510487708453850570338925021928702411956357284763772055789202
215 192334733342207742119140765542855407014087661111735464085043619226441918121692905302150338834838579075378068709172102496994580191348059696703926136990141079324723961179817258722248718486020112627331125761895550665424555065029506089713390289164134129419520577122030752279133594566662709319110478713435319865042671866162598469469781970487759769723727155830050129456459031310407576034099194221261637618605819989719571518347479638523017161733374556673403615497547168994774844691962892216839724693460245699136510641788947497897164417815942515286297768904562586689596817767724
216 235824234306169658730405708912350097031372882849572751686123844970593279264258011800350781088711465103043554473629768651158447503086303866954867482145522383545017430183278791505595894400024269364726651047684008291708714792877283150373518855368217559886448263587618043282900952235865826718210771391416939024966855031606952713815264489940884011459339302658553070760870790294725358403573673572659700597523045888738308858532782443487530899989823211423032175761421328339138287798589595152457946202881978268317022895792995473228241668290397078407181127598656009336269584151446438
217 290488171698934301751378962590892761581440268041887418038047321666059276609862817712725575305659699581739961940700045892824321479145335957251644569816330150206131055277634426094660187923659359225060306384369860535307606017623602518971959215533379093222736043391478254059739970354362520233942106818903805535952237721961694809440030342280261282493157182959000733456326017881652290632484922291399072984600840418793247535668739163579137598141273160366597419899193123548302598862263776161674057053760003632726745910733086137935578181408004595085130690523650522088083192417124156759
218 359474863542780070693325957440883693827197116685563520187942989341312814973989652165030346766507864201318288711633634782061593603704411544720994742011885516527379624317116747527150173190112655717454648904224218791730087381142297449742809899928808719293840470088211175059538705796036441100191993494183255307112805254617071919371943553119814095512890539923479107568073868965826030863259488457140191835003483482945834317746203580343015256323979305606282819623161273762518869592645044459452227024079427923480328012708814539360916685282569403192144689743219203740609917981515494865897
219 446888818269356847654245639771245509857966948895342993644502625839992732697345269360056183489534496153064084694678854957485434470883986817872008256374686620655594682688869225891429224528370776995973845239931189985941431765034127004602369531187263243306514322781787868029388300467757164420193938714233746330611790053172011123800202577807941743224750741344528307834208289426869645712348367460026461077791204161236329354968669284583921990221040677219446833015368111165821814769723990212762261292834026270559574657611257764551404916857541587521080122906281703564230932672722209857039256
220 558100293597400309734356066785978317039514125880484274788696343182231129333410124332609727256538344851007380226777260368973172162668201048089663076001957001575156888608796862641876098024505643515835402843748192738405750993231611770226387498943374056098808211780160113540520634738965925121772897067256340591138414857135252142190421597817655422485640360211882372635695546105185230314356345828927796260679889125665514178181299969387601126004051066809836603297185695310034068355627368856411880361107283808336446965525686606926899450248243087722077419305348170390332249358930097907210177724
221 700160835494100197764037630004458050598170946858851341748635891865009778823926494698872535411328200135053520866708886221656664927880791938040741817693216481222103959318737482679097915469482647271251735097786075341854558484267900710049687252818692595179464932775453767819971913138309447381388479354997990586333760636373553273740264289935242483154787904081203140188215706752958114698555711521418569981501232481737438355477980288204456355169227239664668441444148265695414128096600971608085724071725754091595724763028849854805243717903203102762364697354539474301809049798351429232865949911106
222 882362937040752408555986692041930056119404634192319897708665660837398482764367013112649472428319088874221474668373969946700685842267395190621899295417498842122167472422250962184200022879472056746046027873248386596867565851988091197809966651413023386552569050944962334458130450482150760126941434612075579968106525440490739537716592697892510343148434340786279554020114506003831752969603335148877503116787665758784684058725654593823109770224990159916426163263920036938341397613298830376685796571074816908266666717472202824394270458945932354736512139035766947738091468895284502853533245649188447
223 1116996317119681275669807181137413726351051055544867844162093849033632062636937784052087130974868116638174492266154531720340989058002357478780333157653271107049259180577961029911811011800847830640763126734445889723784236551215523790411523765652048661199791294992407034327867919774304140153323751139971903164124712502755214141989868492914852676448611214329232720270318894619651292036491150809485992303104084860080811447579438928571870860693887249452802503046610514302899267515439333777488674410978982060378671515511412083061467342166899990386147223437995112676865381439978341525672560511636617327
224 1420373314026122309107845132924115757035883851822671552764483238326729784840809310940429297272402434874370056245805982147751199630280157775222342020987197153836102926474444725553804907384526552110673002588233787993997865883071719244719612506588131222911371044684970667870033051494430605977652148546575681620800282807208640316963718542565263006337850387136100307228527734391210117850311731250791225425685018084674199941562131618928204177626688703141249671800931461019088255542328615687640803362880337839782200297964631248558713152769039142893212217837866806485900730588829622123037425996344636197935
225 1814223816773803006970158040884523365292908558487818655399197867092405792692088420707300639821041254007919546334198843310744257189959695150800042577416434627370555331654643437284582591078943902544608859929362020025578036413017592177459489630430471982732986696523734073786288575442829576877522591776504319934003749417216452592771078509309746787699668565446358238508233806318730980047185589117331149026878608861847410047442786615573625806434283668273441582925516572622429715625640324184822704007866365914532143808743155167194463478442632092929368840062488386071963302340914740691449764185311412692465767
226 2327599284898753242027543954346370546840488853679975022298091218596338346723513167553419381789003605908273997202565434384895506853062545310178496549714086816594641022016626692625119296826433769917081890727624406103919390797747699270876852307024603309808642923117294059841917595198474406919360681435775457519960541876560200161139966514471894608536187732034178673419988801043921817837022671872294879889578084581030602519634590864898540648125227739103003925873361218627097430860032357332779182177550071247126399862245097481063043328778722019320941769475594963142604749363777775696540694815088641171397533806
227 2999480398203985150844766447048069289767904641763462289109884425548196362132050198651053391131987750249522201982986204009303803207068923531192242066176920682946570422213061179091809944109405433784605659186894886972901238557198346091650591059538533811311134905682099349800850537973985593461270297146954841570927927694147109526418181247766660279003486457411400197451229955217226099371435106125252028874582663307604161084290043758512453095884369830065174158638759707621838405029885681744758332501663632979955276248606052689148647349214310930035503024447909841957968475058846381779280245282946191749825208793604
228 3882360402505547089342833577398477582299644801551309525631037820759058959573032708164633599358851992481760119668429109341522632517750490986238709509127610287029026846966669364671710125685055858138098666229946518480394269739201535572972525273423935823075262529979090636250358766366454829479607406493765229609260484132528084482061905027617334027515999501113065603236942113731479289642404535802810517979049274918010392286120282133192354499176129520164834055605453704303049921563659857647003919955798170174593615918589942651717395357592606442627478492264301153992960401881813719560992545376572320927582640324462617
229 5047185850966036033461425605825377399858426067877570557207679739041547445300117118751367703838509163964139298181297245291976390379771355725387625270579056358536197299814480723897039438584461222734218988364177886574085467492011978914236470941780653684053272866493064737081785265030131291979829576758644145692393713458843770612064226409843212201876057521418546555001963796770303985081821948590445968688553450753607969344949684289598674785621470100557803681051483251395392915517411662663684107777828819759724933905689519140362596322475782081469977851990540033004926599151574657649252890708179851638142570649694980007
230 6590191966438327580332305146888786277114631456647313640055930188051020334321426401940067207774488785479547697510888505633365524284251690803649950186594444696311422681791251962190467420596501747592888152910620521555144418797021345432952500994320221439688653131376855047061567466871018897798150410034867179640153287810792510681658743284861341756707374399380139788781311419932303950905218310512599511683016775330634951185081160156794949561888259718396176509487966586252167859032425715208208291813717479510207231211616756693462643480993127401082017334963333582156467429332423007470129178321978473247802941720591528323909
231 8642391169662672685684636303909174968370207977963510008941859653144849018485801121276893340226284362413885720133313444006305483370381593640203046306834059041665016192604169962354766601187926691837092135846478597023827121805561337353442749129733817879930451908395749720821992790199790619774336451097076659573986354487504009860595125131528826400194859604792365271966232387617740494786308154312991505781459124754610367015468349125569922455624389011155033099380020825755714278131113237102589873641164144227390472969286234223102515408256894551169629664880859814121147923055623866391220592942003673511301105392475210130969032
232 11382789252295127888383379952618323377959481077837889375693714014061025729237319899390459136061167935325256603788272598770915985189881535270991983762412294263804328805023658435782419122999186868295407230357280478123669552088196809466135614433228787067286584579783889021596810769224213317879747213102449735188794308304335751714901619957856939829085620005287661376435603712692871464532189086043577062744398338662674836600994240199525771278543941793762168600708813783901486488034868489881943189627291468783957309439522149887041016701771662265345493198686475588865225139602079820375575158879641474254938502288195786363945928285
233 15056856087410515097669117203043547560179451069694557196723946088487388115077969349698379316320300919777271153356438157280692779296648038243273753181098134829663310053643924268536351359755775917033326872135866221100109239901794384880463330173386185320630896329697340155278066937339763044551045576061007570405365274274160729561266896798572932495010088048002956983934557941313742469061176568995780756489451008598375000637458804749979677262337087055042056680834141740912285361627422132642128647871507976649057724331077735192679319496492595759410724639600096496201338062624023301675089760719607864411413033103220513076462499359335
234 20002427658771313195603781466812672787338609890791816804558388802817212366346130684710476027741996522140682697601042856675080537602488669871896704754382327778743742598500246883441201519529112871763125223237877777321072981520534850426496779050054621996266287478779532147106508125273751135974645943197377177433265040649666404384599122560004957331592404518973863235126466488153393761343847336471441590882570127160782253722496016284825040703799418313101669418221766978039923882602833860669353489551117419800106079362916717665593460339835680108087257690415837493227795843819299425638121497890627338782221713653067375886412583401435885
235 26686152690740823209814932596960039201183553645233067737500789443802797784541909651733355227494674870697100101983744646183210752085789233347397585430990532846427252705829345587238995675556143000053577411587863325502054600001507991727750082015109352635375509569867592267596085832133669790309488486372523290782879410618216576351349216652435137732310095714125355391496849043074895713855092568779069099077614693484403855192232570718589263722843934382979811554128568076830441048684202538622904320373909844905157457663619341137033978759372179663362222445770530760398548507366568179460995542786420473931528237655491247938740988214619317373
236 35754950930054741608577088901015191112502798410292975249071719858357960102717080919361060514096457836759888014801867579737237169012199395846129053998339024684499860133081156397941658510279283404914229559953165331851328868094629908285192162925134224853113725375450518617128309884143793169055849115191126326165426634014395981651494009558827005233695207083302343590756332632726819537426199603328003701415229801149776440776781011110602862270603277765072602232412290449505955738058096328402111242715271847785109698769759621447522279364217627137168010392601220636464266426111468776455734462301993238994953644012436305686701994531621676911320
237 48108913266350830412975339444438804129590988692896735453264719494344815094649223692574501304517972065222727907407950572953322596104362547535382417216125997112733160399834998014976562995245398972304102524813660322314906567953760210371724705269649507629153625984660905882875646281871180276737763187502475134150585860755124332739716538363789606361058001965925642004567649659794090405635269109255788927142018887787591862764679616414254798482524583331697034849128859058707101430675628701743287670399648676394968504504044842989944004017452050577320326520881827128976971125431075018754154764880180827658079057465227885482223081703934583769468238
238 65004929668974342782229264349953709284121845376201744399622129760870139131269559091315298357973571217215818012366213818654143038098967379745943190429251900856207586213354898419625689501304550185821607501690160724516212742535683315385410977845637675978993059217208419513954247013385539192211795756297680620952139407683718982393816917219534568413542830779726906250593068734431346607550053009457621362399888031087748213634248262423530740902083637766146753493367048675784629331307584045893765338905436457601553779605060415975355428132630875086607566786131257455562743665402571851644274591171724659824800690354513251588264531761598572181000859591
239 88204498402594568171841428430420477074229521018613663822678535003503275719148455888205150241781778332435435728822492491798811849946760590820215047742627469227854469398388844658162084308214977633041101598751898046701060146881028746919149366487590779148012445524843037247042365996656542236808075486288920326301671046617409849933155087690252914693081857388781499608471114554727257698522121242142115098693846591397541061283601469073320932442690031971065789335242293333983247127989343045248619131228476865484949631844033548888958813651378219358302238332172872029249522913656131158443397311325019750362706188124659180655230825192609242378623391470083
240 120185270892240843408892238484058855327555508906306807682763018889067174822240660412926771852904879030961459064810235343072081308674093334476477545949906274576090304459794971358273942592727783407459292432067480629005559173657759420638664031796586607691130463482437401401208500372836750014579931114522865679596765730867625046668977320194295280937253617232184390726689933062651367133769699484339336135365175587064794535504726409225172652523368873620937707693079254680702135842697369368938434573993697657376002989474232441829610027812660680926295786484979408196781048762704023314679473783752179687699296399019502582706400495591450896888238066605679258
241 164444846208887006893490250088226549238410508010780524911204694152376872614339711240583493528911337002018913797862564985983150438663691915847991063911708082595027174317470994936124468098453116307733008270461090441727917303996249886895599741413193246874515776582681044371866848822527227372999269345951686085078984526675242485352148933234321216936844532196047843408228455905100532859852679209947516047325093378274695272249355373691545962877899283666372419480716902216449915814978243932377986917224078417002902174434670880369375191081011817581421371821669435374781725990120542490953561967428477309332262212977950619688077170009002200457337009233916932649
242 225938528644264828117497191315679749309677946806689074601277166569466612351232280823411192210388566639614428791646658102926383463713487568178274533136384515660250368174947596068290889789967607721350919007815728028408216264076480590113010940258105137815199699239217146840283493249389403393168543813280717843995104303511263599748534277804144402327198715797192787977862435111405174184618094008331823596216811206792959070641887034179643234277520437021610814520103094172708504563607133740294852055655605010616191048120427106117456621913503603103955542612608755537750003197029607879569259219199747101583639378678529769509542409462559861019259049133065537161095
243 311712269337371521286063477160446389761760589010109037576902067686676928139952625776253195519289761279165071891960686144098017669087586418281781043429173271624128758151272733873371788926092033190962142017497387292034444336562135372690391780566486748726094263257044974522424659732749881693502938174656409859071517876733661200439467261939937721003465956663676897219157995344635094909064472582955423192655991738721592420847153858427709983414057400966768901077507476991039210585293026494642745134665429315283907206665348783438274008292602307092921288044687613122885377255568876869010788882121004300480476656743412701849435424313435110928954218706368921345733135
244 431820934460547230017326013755665811706512790637307951074280293419819918096921916440902805880819347574646837003321944011312757852121133933556975168483765938594772513181434975567594964115174392716737623491881655684879478649764110836174010022544397624640215838603452057073152245202326135450400176168771664587432513541371057554481196644504403819510426812959864841100208833309863990003664232940060753097048480928725274970176801619525906444537860374419397131221751704547391226070300860218939740613602407101011512831694664090144211204107371564461738810160539946293239470327122138529721370420746939244359011256237146255967370570624918205954324746080662886489309880183
245 600665057277778384962028101884600936764005891883480357357807853745099561016876166537960744116176022254151057563175363688208778794482009482432130427776368958322374305900806170698966865840866623603783350478599233466365317290748082106360377008962460269743966353412181481131326780008516312178176829273457516542877215759719231904869225481682024899864418327244408517241596625084916875990998129576577317132178957676729940983916002183276391512052849178104440305673726611446513129917989708843240742891364978192877422032032202845812861282082281486371737896664225256971628938776723561342780813731543048634470721465817761791414511973623012529521025492402739752225158238017809
246 838943410136929463837250639346789023221660110034216826585051551399531101407332215324887530399704100940862416372802200343139316591524844725555477178354838264144525977333665852954652229596394448297370067218142685136603497312482934117495723339443464459985941186251984567197196221068731167894872747393093348851585048279344157973259032058669856851899465378608666448036433565030508586192082149507022929901507956165201138403543839143442960586697360192328343541098077846506285550475277981022336919782965051731234324677974345339145326092128102524903043202002357778528038022465691809347713593239787659146770400016650463693077066146952299850937443852343884981172556053306198170
247 1176514792251124592310565386294165679616603940738205893461825816281659339079265762833981335977887325828504589605778146622085268234419705083896140560360379903930540076841571102373507734907824866714309776407006559429048366096062019035740358351901348159665691346883972960704058972144407385209252363193002857900876835516552861509051765787809007831749144278798625367946336527065424485969031472010722514415041584077756741356835838562766888214592956486440062020504681382393555781626662904653863971925490123895708609289834041186218961606396718822055850701789090181071423142026796453259927731511638698479570459625883628943538228390615466805455018585210776206931915598819638817915
248 1656606663683597367706841610676980828178099818842915095398733776120762707015559333072591826555210853142943409031279573638201514407848256542767783160883131354903315032410792484513368434936143827606392458432109341708503920826577415189160167356982989665581898236870629763583121926304296855130336449415053820321024555994329928407097899290877229539972091621878970602682410199393555323920178333879998162499842187708868928906715922383016846131599216583114178742413962762911500758950035881240795564471542402180531081876430578079743625543880760996870576902705669912668847869033343533640284392284551828244796002786565950572176272166408744141849876437787162947771910471657570728969923
249 2342025513242843467499514978514124250859166854351569631860675357042441193262896406994327887085378147736039867792541743083471289933453736282185669865145055308673963218557252869159003831519502813185992355640115941539452886626597325593923616095278016549870623266662036046644106101531667268118211011170299885837883172640281081008199016539779205008376599325117223198628680038042494198949477182834852369991506155939197066215823988179834310142729244868949421839006344126510208189294913642769370632232060144244607407146781337429899478447271538514126880268349133401288560543368806189214592254827711978433520108007514205070567296987792032259025167221902432223966431176303621820748975239
250 3324352137281667305412778471129776158394463103859365500068878582266353437218211650828653373408421258665856162892724827227701544758353392048393983737941401871258913527269164524200007341136679673549851241536747804187874870739821018995367969564164342115675742922979133038557325279640961039296286737456932742515663777083911142916609282912869854341735467048376431464986443110005137301925937323864859031887628794292972755676040803676864690996166715098986737539212959490216109155197040865193412920226675675186452924084664022104418246832205950352540753813684477368395547527177941825251448991110238680178135037777825124896617810494199319577663560473841700896538936935237638865707215726048
251 4737602647493807571535307106361456926308346614929696595525598769058140094168483203395305030371323698048996974782017618711960222926546873913434981011988939063280111840650372250275690178467997839782518454921874484189543428532331184067853162728617071092724430997424072722300037012559600803906969849239448981303960788970391207055370583524935535255410786244444094677162687701308704964771569899942276548813981418368716167606730504886038455524186083574090096172536829212520396884841053692817055798242357215352178338384531997950079248878459259446008438627158096961037760795304193222846040223602079221062759103792223066313876755036615481301030468580803849305529739757376914164006396886463545
252 6778592776322677488495967208589938894527147324769096262113315368162873852277327284077907019380052598459973967553080358322126239582405634676131149229178501397648778186939786308393541108578314012619975249759291429247094585474216060359020433448402901822838519803526725814117801755610625214051403512993816285548073929332934298540337476167555837957330508983980357483568085245646202110251365533899054827806418435139750265233994951646551611520950165307500320499369180170676777167709704978899298608341367325466126961848792748468153208880858555067996818473461282937133564879776101369589913079102302376485501930412144421426025471617307627427263190459629250739111068804887901010479498380712773772
253 9737397473936198431884323135881949286538569785777877784960798676747828020167638393082855740586155821708593300508495848660726607158101346102970177064323108053337141134913833920644367579135749334664139873419371905555776498538816125174142189904944354044075516451845125004540501415432536798672343411219908929530612163020737746009447179710634754909732987912751359871074164060682797817288798966229122894536853683240404905908209669692881004499875795687099639379374402176535429838587845072846283051804673158787398697897799408684027773965496689319746474682912814656802766847030846075741925137741970650518218457221006828890873793882330821755791272060301097946939055782023849789630685962390938995471
254 14043064459758064326265574424819710224169880889461477746669492593824957725666366596482808886309910650747756909233482511175374596126859510062783570574554858718824567730091170768374005552606931413233729340279284839495596200591679092442461073708656438736243422972274839990848294590281016391412901404394445974097804785443181011539218474583815540802929570278157788563446746493111209727610534866942315922604269053288704746222175460309599920433413185773055243569542533004838124127854383343401855446026541410075941505334224230385156906986582933957899437676952062430255035021002906704408731127766299241317453401238126489843620200128536809414616034337443162738691300858348966515642358910631079750975577
255 20332452582538596167654563924717408158737924653514939058743923072057661721449254953197514989009138057684769983495117095834986507659328673628408975840474033520589319595099725913068267466992206728678760670641041383866519409336312096607516927223080281162941172421366539540199771162207187836761150486232576065278103034514470916526318243850176968932260872728882546420995927554721115337355207238181679467131174613732461795041864649796455187923844554383800232702727998768018580500468580860175994134795039721171258847598281299229182152388956433056411560080508556075168641051402339539534737756034438501674000049352700299424961898167377864312347346781854314408793647088026528198480736173551486865510010921
256 29554242804548569370938576131379386528460534183567677833502894285320597728857403765035081189453255762105133584209113919873041722985043149639026372164265580820408617968661692451935695348593905941546776451911145750630705898348837471153375560465318858091765833521806995559295169026499440819838329981760609437503434851202893247587995527827010770638420257036336091418605686384533047689256116725502347053702690402900425886490762850281859288542013881557391486478524733556550779508758259679533167187922419318534839076961702696029575728146712306976597162015384270164438362799799139755156240601404113072776462116413530761917972363247870203661051652309222297293900048627743009952700993630606078027136620369731
257 43126622826160403869597719761045335628954714297597706236765555069758465003496626636384340352864226179402486028709817914417345446963490866818192265679405191173440572298265032918058599485498973275376037629642977193227051311180906352626400546142265310508416405534082994659216628411562783450391222524464268326845924094053822554527987853955828665710362900775421682103155217588643382213294989090648693836124560109827987351392687438341848513670909257406404085687959088955056325892391417185384721453977641728368681005801523764495225327199102144452034652584672458150289680489034519294366840309677916562569589349288020673200070743457369331620825845502577210146124430863840475906144662869979389875482341208791529
258 63177147831342432324938108657252308744106916052795786055488407794581151197389508478861483496885441920017445239470497308581773591988491470198407286405845499411603298379683633479313331468181891094372909444607873435121089021564661370322744731819325412699028074522975761075033548806311893241800913181449428712446568934672208844735016238875455366704928589064014415128410538324895836452370987346242444366528689860550192307890695827080003329235420928973514021762539088795495937240139829991932718469925996155348866368768865996647882057672239088205582483352656290166677196030077259053925162843414029846103381791117543446447109659110867440337105109509324523247591516583210700435256843788849811899327339575687308396
259 92908829638176628171174244641774268548632350743486816956298613234466386124132085276365271779939659815850110447699518704183058263384832929709095318648179192137221778823590441757841808023807960240146878730709404102904610973723096108539418158250912790294737416207787078518314996964569093704161611058942356551610831774002848819746597524920158201134406048929304137978543942155980634743727535886284685473637546967102828740888426928042458439094423207104284349548937877491247106259365687216196163091876777614697720784271149733785788551316536674048592297575994787284122923721077477414656351517355972769733411982888924291676172156864117522669811353964373357364188356173101823366199057433917763306457799894900818696298
260 137160759134494723673368959093353827850963892901441711521157398439568597265745819421331548811439302827886150481469405755996481966602861029916671082932683286691216274235823374580066723914236867735805024498714651266056052240977589803162351094619550380198619261715041891835621851072441708408349769099607566544030334650756702298167879809812685207577203099591239226497570580230600285125740837535109581447353367931651121614061156919800121722034042709933280945374104539082533041274472897869860299490461294745033541068490210507327455390121014597457135317440208602343486708386084114444426300137298649862286295644293263800647834534813929449204840366533036190860009606065592529048687105338047057798976755578307208849298374
261 203269512580402328995778337100854629115389591596872583397481233184304432256187712911352691561237333122831028694267185875100567040504969725495204042605078684946810579860520016320710575485295320892185690470433744057411586604839260000602114126039562185380349568067638546625699259291976931674332093650126752026095357256212219872501694091778349880740751467606067549650699477744402080964357776068058995478788495108585782695757463408822355847540857486081232285070408321901324418411390844115257010600235274338853611242141346269577080233847271826590482523761047950631160518595923057919226157711614158998356674328011228356963536490441365242576600865645813159825109566732708333221112975683855063269186412167668594815205364449
262 302397149924301707259352319336280622673623053343984961130656268908806145178654510688302303586704297677507141583188445405015489843500427927595063315129671526432855044574014027872475402967890973620467267877788564061536767709329399546509863437922782575591042171740587510049079325177650305539757521700071853499679857472351933263197911591179826940866465021845207162445561180728860385406430466631330720967344407087820322122396268568562726862952663447402725977435756132307495075121360773508015488293198069123989071208775032970231285404974481777633172258069069465751166189883175076470869896412838958046043756126100999689752941895638202700492838156886601169800683502507637675028758377444878167782424582420150247849081716534393
263 451585386784889785021776268719044480653436384278317971179276405620668243488038184863100651803304618643749195643682660738450963138515839719540152242714944029152316132022509488708162026438843549482279121219627327644470403461532665888969342997770197811682604383179755734546686468154734880324415973774665170710448419952698883783133527630518103558211278819407360210773906186411177523377367592650345943047248008221337165271619126301740477212920066849991363851348312015477901750930237789920151660045558789045310566301510565836495513716982198739001851421941121051376329930417127028719354887488769809344502398116062831956011364502825927696888202781266863563909542976778428722190273815011491176435777966200539186284559772975956488
264 676943634033406829307040121940531907832221637569830098634255157517811986574515364276127578537431992764002412153998338619253664201689431740004343339300184609041756451911204766835201671989675920829254815863589799054134448962398528518314997795069958079938617430024927765866666374401828545877144475337788747626063367455703905393804609231605764172368732136864306201466469993652614172614554899741356087279428161849485967622563842037623060576269330948204713939799176184900531417876824234814280713161977943553598296371217086067985392955712793920366460099733557981504590985738224891005110352360503803420240608754506287193109278792641722259511333080125521604043057509810915887187023708355580879165671105370673143027677604896492177247
265 1018613274787196841193702424002288905138113289671490554215850639816618676160628495598201175170907000186666728438942024266926306550242210856659439660866007277372171041641099866759124870965532322104032648575507413232991950051300416849328971171439065588903893035558448435785087220508741435021824669370953352442582034968963877052974077436248388086085947698332624809357083658899958332117583278035466793981586777290311954295248747274617050860974053304028099666476908116159259128290622856618734231791672488783998256057744753148934827598596536719585298977495653178444404168993393289164245775493807716275060741215982182868729350529598408179691585194261694989464126390311802600053497766386838319334931726571678772866086751911908226310751
266 1538523550469444814968883609673303124911503668839401608006944516505397302736600818511649068729602519248046326941320779859952880089208011225620760602143849028761288420474954964697075669688304803343747176358417626619707099069898250322030876710351695784091329256572182820810238528472666978953656471292802125005403556149495255134342276149137657686696169700326944933857115364338026920252571203165559794565538323634355516478340759531582505133336949496233410611542458590918676748636348016612909817582217744178842830303876265695808303511199931540029888379432967898383186897514508661975941584954817867519402580526540845514542091061313206459222440756643885759451721453523444043083115051629836860259701851975249182108375231878859383257441777
267 2332549154099511778621507329367001126970693578440097236027523676893029859586738677901295357245527433801265920764053002170215398735303398721557239050316202935288826479222509092251744008521713354693952456926755422590647150477273245054163193976710474657739751934036744166017255595407355083868643787578974585909926832932718079634324521746854517645618869928084477945617385561779492424733718138601750559474306959784653913236002568507231446798710397672926656614020154835526054173970302847849787112100378383407057431620544568836786661314949555026711094627838926149533027666792953947138368893044274247594169276665003163381609634330319313670250386348879646134178911859849116467986637656317952953145131702739797403137243621415596179644404767534
268 3549630859953100714099482083420899085448345386603306815126781875067439355987049203286595459870406023758251652159472851596360580928829396657265535025398944057774679485747510804087583288882783111312135507361812895148893706095906073439119263128916009984987623776699443120394557701199792675578942129759294239529963451165748545289607308928931849194100959546884982785534412395066189373169684771188335853815142114561474790675452169906748966521887933891629755449599418667242751417148224056765947862940629264503192097361517013709240338107735200422713837201698519177662021038541686326103181537637907826761483807165882630149382900427818303200730414027175306776271982244609208634605632528391088706376302368307973215281634605847922177123709391271747
269 5421946733178430603404366496549325453753033187374811469646711588954746404471386519627851682270531445269764653037366331156024840788321508613872994550921725404742223252680374454219336003550228030556360866192851859529165941159151493070348979310696482454845013113701379258468388434844929597403253718861329414513459816233205988106284718517363429748809656190485347661731913931072653158092056378365647596876254732507427919811970673649726762884544735216368609128482739884723058205078528031828840853734565338542357937866224155304533074113031307171005366139838059640082334384584871755269086222915341037201256422679004082034305958184389546404391560440919910625867978304131015659122717512850183233107409886820024599558877090210279269875541923491623919
270 8312677893534647581602081508867803581207680480938638409803083198739960723650884730709680597507172966144175093589864581538457211514729956508964523643490796116200003707400697108663400569739664184743871219355516216791168518516475878117374157769229565131160270146687970609436275511875937925716120126540956091370620927860202468718359273918267075185266364947770034234309688202296166866237723200504538047708321444158823651242575431221579064934353659147840622790778290747498579274189054043402678679692816892170912222798130668339351951841917702680568786948443094989080797575703506339587645528893220049198432628914546485241961232975220476251474309668658144203224061851994031522055462590346047856329793087230141378305696503089446731911727146211462479378
271 12791878793677853941716391764238109524122375207185608707997464060918168362727146014755105034372672561122007120250058774323621508577257309808612415288771276902050284205739014050935105981329161717630175473933499225241333525218018503675010021652862315714806776710095103371040453082678665754435704503598367966186399323173171159559544282471606547670855066010722963140241972092106217128348560843236103410373781597976287304797527399198293771506615296555888558775894963015438007561160186351566497743315007837059703243493013044644928381406484718503760741602246750681577231923321597719836277630391636758230515919397551596175852586987617737489913059123168501535931627097034821785292877228996643159025458931300855066761416466675817820680050434104965488864558
272 19757385211037320120645420122321801532734938069462385916900474786619922434493086257786410167146898515996844038101230715439366307483851817567549676708276208409160709195675431035871155146495442322782533374346571759212214148796574712198052231910859445640980064165628618691969007540029728882953730712789967873950484380312862669712610281130008168265909309321665291174318552945176127562603518748408293136066084331712567437735785099918666610683508599610267678612612456859537874139721648390806428302882254812888025047113138619185863764113432872967318970650893420384314096231911220386876848132802039375849568089876496958316209687558380416854435971023808240450515671527847109325402665908058650457424134056130386815515278289207275271599977852104581773587860430
273 30628128606731309548751699669704100865583440396793847495888540585876762898308892817063713196160386105251241331057582886601984265898853534802524844952137589559887379808769514679280797770167940258949118954937178633078180403668822296128837403897905499318468631384813886630476293802305991313223189399555295176129456178677100039915906020710549158883797397353479902679943464014170823134584146170310483772282569859078110064466164288286094586953003447252591293008338600758547712993773738944334235935506151501652479098350543724111680331142039744201693865737274827323177003837075374898997344407678244959600943260205557826613851977041817201806064364533577179539419888807656532638913550413364687453651978589806164515276530790114095657794339392593337315876804361364
274 47654232257917916787932009774029212927424400851992790433368374370936542558049039659919144623666093096266498369715577125997219897562497290519029754471982091120668766906351944513966350698091243767151872677474093262100053208342800958042239729658260224703178509480534971323029054266464555631631894896249886294378103122155136484714038315261761231066043552844506543589935001564003368189599567824260092668656460893106189501754067191643366731662843562440800495112147601593643310624311283099563260313305808518556757696606573855378460196681395013256279436676233000065350850557122233163811747593213554772477294560093336125336929574172310186394597478129128707277295240240552077982992724860014054818252677813710429876455887201241205127759822745821235517459362651188068
275 74416066976870234069583964909835013652375066685431494862693058769752105565572453629071910176137956307525220801100366933909750445567343259481616582282786724557595421353481912349376952853037422874821617208795633115099782652019286813106671011695154801162831972456354866154314137263686443175268099783710069954804260618751318024242751172074222716712245148041847872975442545842150116609660850596875412113851964415177225540788754116126600141869648178579355425219564590708812865018041763014494762604981151545109052593763874524718028963698641347324424488546877820824303233869738124758639943024439879860878719493268472447864555864386414126616198724016215951495117050498261690450244029221896885491535643932175467246706744633041467910834030421113902770550502609869843879
276 116630036637338903503484745809984886910537891217526675789703875462373000257165345721514059926819065199830615095538389793339737516684291113990441821196319824366357426709689083748681431222394913835743999796794670556862374028005114217587640179520535561074175981821351975723157200032884562922507830934802836780722003791779821614983547672045963560859385825154019690408426405617312326008900090914482196843077118128330871653933667053093141982371346387612047201205616461208459249580561701691497654259089529380187405309027466862279819042946301020468646942297310317184266903058697526036289361717581102887342263427657226098789149687441738101596600875165903802219928870346395351858378221120908837452555598130933457808593406608745470617977801263599578619945069929953330366298
277 183453861771287959302397461492012304399589084470005902352225291945232033154521151141833362923142830378981472408608702401190606936550638694958835940195582595346468372803547025286849424879385427505412787836335106044422426130417866172736477587726821359067563137975172544936748004355120837250343673146064036626970610091178890267815712328195149919840152141492936172120011424638275963103719689830728531361932169839166614381472087287472093698406536437661064737606001126787611930527927584336683622099149939731223325460601505714959547310498947439509641942592275670314314201959014681850294653924225977449916399341965302707208380944968953054096195456178683601140146054638449737919118067775224512229051553158800059081898415560774656358911896603802147916268361353251672112524661
278 289607881636616897028177521895123130530451156843882705359714836981490958673988621235026099551244416445097508695135594440604995531653786567472557828966732241346455452270946458488942295070981233748635573323444762411577462240050538202358802920649168965474984978602583091421972814141472786663114868118279201561764245762171968262804535151912139686151920207794049005707381758462095093141309074941473014478720895316837024485357050013767243135401832972492873125152920860438426950687790529033457367850937670421681079669804093574040024650901428000265473576838941691986649450560232559296699194446509208756928308299452829757676076344267198433073661176625129030366958358715531387080706071136100821188305862324950276765344310864752912552468132526982140543268833776943047609554916178
279 458833727685302581238732600284513900534655706437838800066978467996325159942436739196787736168958125230740635582585071319023118462259724256267352108872711267480098888044668687901929548987799066573921544163488045843490022866665497817056960600688365753220062168865352450161454132650099695950505551023228274308845468027278826589457426881238588914656599708836802044194305487398926950025849456194899328880103486957289782382844481649601764085636001894365292447633268102374316597873065800450191694081255792329879357230762670347850331174278892251099473006284646283092585141790109470775159645423694313040597071331793612199523637661454463531757596634488673579605991015446146990439544776084276528291436690567247359553412549995247620770664731180594997873900105267123772153227006526501
280 729551805678285296011246416327246428964660457993429680596291284139722286868039404100843223831651066428188460949027952710630841837229290512142923044695909116809531612507133283443884840369714166305492130220168506915019465443330335170560718227204926820782916983355280634047578558293444115161272599606232654349230287388856221027944240134382347847330439107752490855217027350812750047163871230320457829463716806109773806914904098918510454820308609417770790008215035088771707900685137052927613785618612360765579342067065534589777585496296126667003375223073694939330722695540931832294280200874055148358544325196524617934096183577803633991157821525608450566718911580827761805741812744654735818627178834337742556305027027110385085965440892839637548763695607326036346942906995111942977
281 1164145411285502669312761482625415100905892246646336581810774551919562133931644831831518670909535975671462485613080130437055491835138735294841865793725551699378221746112396945082397051369641541531580580944529179294032403029391664330942463980280758640337646367324855990715664233446370536853681657133447128985459952417937485509561907525969629054382612280105262237205894062943310079966286443350365981415770916611469617683612736664842379170341386936275496983253333228804146668507276476311745186967594679570935093715595391660267757197898658140917187068855815643209447876650921785319891821078338098552318107103728725687012380987723396003809470605959950016076349843508004984885287994156475395361599262422762659007100858174048254382931078442341702837238437531435450525927551325041928519
282 1864245493799489484690555580971539375703451755195652166807891082338694207259912052404696184028564934666615577061835132905559200705875265735459982281970248644170966228571931588484598887750041119847554387464965283079239203613405134056542793666304109579947953473042346063687647580805719227581587629418341990467632660680278080548873332209010037630098798418065302102264521151503934780272699339143725339054588640366277457794932618793460469857075146462261106926439100027389185355288649932396250845660300343980651653496835830589853102601405436343160595077648280912241895392693456804838438181589646186716667109984945745020182525750749646254258149589269859864598102814894349393332082364066303845123930028269768881489341351171873170263971969102578821702744479628626618569731226983120724619031
283 2995975625884070052021681117200826733061407040847867217426917831831874597817636824516210010751551617345568807273038787713366306395056817435799869383268832313141629719229181512339164921878426265838992992818101072415001417934877924521620764381160675884565289602406477489996485224964536956033506037962070392475144263161576855890759971681759277608948840690469130701422407578038749037960059478531434767108184471947535265683457467605783665897899268825697054659131952740267539105954798311104989977549077460597323952693941776856787578066403530581538621863577110128447487880175389918179786808856465899754009633694982626494183908415107855479283601806100743074533330629968214372147349941674803850618839973606315746078092459260272466959099318218880885225455293856194722296401654409644510974366703
284 4831781822869005167859056874538756576608771988180182293129008279281488330561127182366739217741551204546550564809051571577361386301761883947152588925815176228388708042023577184234992033682374417426006313241767259424707140813630680584195467980406702811566910045674283335547073973135055610092003381370783817680214447970236941055929231697957721125622983242225625004698403205290662711942955946855033608601384457971228139261157958944205820136936101577104248109837123580382042490734874407035892014292539007984881664827105417678792907088914517831290339965519453903226138634383754196192625647308699086455309955668069157658034955255201031868077685812882944390998408962477769055263701477179764126810812851851247360268922501927777420430221013563835965541207064876989357152191955653513568528704916291
285 7819965257191520085079389928275435252721303743674100138023626754646418220803485126434657986577408565315980618093868526067952868145596475185434104638955319195004299037613857314728850854199634264597436689849105149727298016142783622252748804217202500269399965078869521427262818764562784634833069566477304294684178807909766874566162213793118609303253831070643644762903931575644640182393624549263148386748297258994175185580241637000581562078359275372224290352758242050636423127012734487916486105148301732035335663061754449967493041646763598305867267015745739377716166414660703727816332797919707117064181899786101290300151204627832893091424450598620987341008266751703012871049113887352509577721318927504390852127778299509852226741385548914307301776149760096814476892571066984815397866959927728441
286 12700635121008328847576033038586833239562318934828249912419782077965142410596097340103703347995749874379709209708987219285952409117096262642126226133275313612599583844085360934964295403893114398311595426951726718723188262319758582487485559865990416574178957284108823677831142154154208282027795127598844985466380493554802772098396665705277401225706828760486512814022438146198675102094146584892996091037127731878656916505170840260601227370102622941757271959717923085097818817279835910912442926442865464473975248785691948845589460125791046302728767127149654274983383491507030988496912071879495946695763586191472627389756526984857690920995429739854631841749428969377573983689455023103636644078387945988021396935982261842000389141242588396143056052777888758365142406401252485985791850059633811663126
287 20699689931559207462464774904452639515587782572790557590748618185027566592765873103775547637889205081885628015910352049685716194235816315430871917879990702130731597191205505375127158971435962586304120356670873085613445817294620520991017046896386519035143841750036088691612677168366061484017398984510746370271610177200818988076325737205681461526235162241229750179747499334174084997594769860644066485962821710154867963033821736461128714880753895469284870316232266125376603457156494863323304133526118779485769625524273742464926344568275958764311532257120798767001747119277932094124252647970074332760269710552989317763208629759463644635678352078519249022549991604588910286656064706344800316055808812037765411377970026110363808311238435029970455646199704286115252131629622647042660135598300816944403782
288 33854370298389770317072142666645115345392531982819742575898105675281365478102603211490678127013624212786908763793420135625617448919622684356276527333655056137518566022376007583623867344513026514010344087631240397652926605400938599878526329381724036806150444487777985962623166605015542899104121499184080218232651621589101038107761251875849629246644095648122302016261313770274023584669297668957591263883499006255223764508224228040307098028306629803016692717749992918572316544259569946836527234235208872758704376573200347510383642752178984323580604132086570781639820299118338859556176015851068686314646576227890041860348976955402802455805007435314809226467917439985199861841250169799256572533836210707175944624665358418251524854395186862482193751754029229222831542441760334996868995118937845181434613643
289 55561362959031076301125352238440491495375114923886619311483278635060328415825419824982402727039948808205835680810586653849018335797915769695694763888772549625208106775406714028265679852403868587174706615055180806377695852840424697745448778807568036422827840406082748722060995365816058212772844146944520540024732446098758501732850653299645228808210903113474708303771905624432478004970337521646531875811822982323091714909135145904858406070087753617968219109462068338711367992650567138830322838437650070120141254424998744730737292808548881486835590983399828623148547091665691181024369293344044029547272949604624272288665117512011344941525979221290385769095074743282778853782679292366093636820870392844149943039615913925491876799090459811197465337549040969113092915248501994961270378637585547005372604685903
290 91502525096966539319548822656732520081362542723814920194589244025930064015542940802112591348812234381796357957115233197915123034539894317795776020466529520462537733607577784077943124958652252705899089679626678822679099718357327042621215390362874243252592662944990109632377044336374715061715478878705285519923413708233212342077575963887430624721941575359336089286867601605783932798181718096834226424522162335113427527844740711659978913316132737941449841919544011643839364468955445507587478465897396615627015073889872067990078341196481098426870247362389797913389280845583990983723180499579115975639435276172011240588856369133137884486535405872341188830721764802613827626341272066989214504563352788406512380172491352017929005746474579934565717489999446034490141275928988611714025929541789352280680912180971552
291 151213347654744943575873652937220215436021239379560155202722343876079765556392980264553016779142135689644999518066807726421911638035026048736955062322172855628805163501639319368736574030296726883358200580847920218287043285932915867192227324693709686806241060366050336725676675694983480394458619203235280731287992718733418133714730246611980567610005187655169358565654478603743133942150369791870904999331451020070588482639838581269420752032881912759167103947302455508894564830254342403785114717509438921093575686007396844518541525210113005058943590244589558176818311008127034372922859888207175135645234629015528730437222705525264381011506460738050418833309513902369751714030764901600346504189385704247083945524597019703059180045950772814220491316919942261090749724817066843440921303795778336448450546150868146061
292 250748819520463639976145214775193451600493557401485684221993017795041707512253673753703481661311831529399327066972153621261260933279681243067442313591083978721738782040821657111748974392272755615175981657384478787063952439071563111933835563070604680058260070989110395985097558821392684681244933281456561902708248372417204371255283255463889652077610995468501845918315032953468631888343764155466284312860171582752964772795256258839208193453034594957363846943724540982728816541032697562006385521845144230605204945017209139102496960917571994401822208948849637422065876557822682906928068156340283240671363835141121465168464758873629248256827157990002398598791550072007329618445069205648382997397827865069273954891379800402576200281398020355049434708308877856438522725989664068052199584839584361725172131477615531003613
293 417228800974010561451372825643626136078551650527903998300898309647539357967946459084325167816595240966262437399506210299015519946184213393219907862619592592669783835990602952983880406102674092645301527140556283013261500830214531898306965910556376494038395363757693453636574118296831046166287662916074367902997933974061416307844221622434798571392787758361966888602215433364386439761392800443394319401974458312579620986919469310618191121515287524791860469432220780481286186024444096064981947496070341723948824919058274423696199173648113795336269051626654127418784574990469807500384003015422314215548642128156200097339975773987692443316395119372429727174512436289893499041349876871956400081203734975275983780995586719018308640419435789168338828429314037877665826072255146135783938458192822397008975582416331824244317635
294 696612406764032131869532767041816664299811651922302118823514548619513179298376472039373666905212634838556599203490098340677543742837531153955612333749744290808034354569515058980022781186364860883074271795458150553388925053944895748311000951523187401119314467892486631494045630682956551591079934874589294100162212220217346206241156134496724835258969278663069382802888833230738868454261685901352007224376504299245431813218024926758367838139367832664243153815505503592966312639550203674120884449149153242001804997263798641697438786173332255162333336652395308463373977039047700992772043202286244591578544938213623300645839642474832260976785350679132333631776308178285343971661766501299429876039307915092866422275117527256513491709429164965400574731631445528490856624835334466251078241134476283264391631638759864043327231129
295 1167037029346237229181376810289886471060233281198635788250038080933239800554342599497216223661394351656859013028388500628859628909998712826644515084516648230854533470947652499300583271038967529359566432820847025599826730977380008221433568606513279075471161081272190631864358107167002152283863994110551587187042413061368349964798552367649532279659766758499033545301249971630913253563567562686927410425886952981998216694419226535720062394129946096004763506187382188909354692814294705598196423152870056929217891647019773233063484144409329063320584671548324543231896256458517199162962670923453096638923623832394616023494884249545944261576243206492772616070928360324431388439111440777126598254908694990136083942819617179834947730891657805568473077524939091382751139910484760841262913411188783870855641769822176027871438441266760
296 1961776693047107247895088978723666437585136545661435004893736234059445357838128005789002811725876822635385858018331536424542219800356273992686540310907447776641204958687350171095741183668876087027019925704706880878571104870892942999052687785770620270102794319036213304308566716233259157527312951262728276034783591715868424040814207432025202865269634629338301450700255807770834204902864759566442468105200755996603972617377067711033803470256692678139698655241800400028916640691530361062469490995630043454185559809171047821599819101099094556530198875775817551523023370602624802578846466103124205622164120454968631180355708283325320053172862669863122318360070278983271783307518857377860228219611585274898226645565237895290778999593583335421442314109836183561533701305726353580580725613199485372069185468244465024320304867139760038
297 3308880169368204215573184118671345536877921616230386895250760837658003761347351737700699073876966660341805980319782410766298221811062373210489715401334445685073528196282140772604082795852966882954118195787817501361561617765906714051798585903852209288091107741247584472273851752356510739652534565470880661402980418820455237445890370020540245565818808854956089441768621752050484161660832034353412410897349668994287859348136119143312338470707994841512012879265876549431538881322622562653511632723938257459123729088895919913491467608619333868262960072866131201144762706929503407620986767099627257273840322647094916529398263933367914067982669692003902218640345718577852100609428910331498817669711180522908985067632029616216432511706857755107750187478305844728572447801215117437145978005810316710943622546462746095246265175340263862207
298 5599820520300749687939944191803567645205152269050626208644314894852520273610350385818609660503453481657320305351901273629206678843571714198630971903675028643773836944922081644600026293167358320625319264700737227718256510353796932937265308107554710737083462659854598418214427346834880711750054890426416470824887437827614462776778746434700573828322701558025533738963709463618982415566233972769719127726720779321780212131037584260544717328987553482514223338722266022384677804011056347876364881890785323791794560202748878198734169725493759081303127536316730214750950551606087402421673509412547130334845643111663120201209389001397762752359648246691137263529305542640694013557934776394182927881308590204378188266771279925981385222887482916193264577861705197578482715264586810713065507747674424107701427995054378173312875663680563035481960
299 9508759710132323507582709749375327512473389283468057812038839741556937989708640584501272504803849508647717374611296285864057944087676964116755256884859579313902641382595587697946790646180212338309630586159166248268314396236742275449568334312538311327898954197115154142511991301586395632494733784733499679442810081971929906141505424295378235818013576228783301960171052847767868420747884148586336154022291186934625117361229345251537459252190039808357279190415318361054181533450133573518693553669384378077786301439729710305481635435094003899427987565538981965248638496630051700903535974220395358509521061721671401045205829441336247036712661730018004875764876249421723469413588210381442241986705151661092195738940353931777207900288677600325924473787120019728613086065954386217438028451630501474413265657804169078767901364527381180142000802
300 16200389838619253651428943427794274233133824313709852302222008998046907154274604638193038058548810649356348698191423707591945553111544744845195113673919632231817371211587352690955997390596885311669009027804435378737642387005991132130501605865503383792697569262546096382279763306675985339906092417458911756418696318040148082078514990486050517344569700606295418327535574494792899304643466417674578470171173018942198876630898252662661666569223085881139568361751707998680588065034810616441973084990469127293739660993956399113295752015890263267306830398028498790324712395158138824611809947605335558826606486917018559119523825991790567121727749070802871549609957445942794259310137941071187689655161697788172097815891169287961452972136941382439640663853835009097122135741432023991319281828755023654154822331192431563660828003942339168333404150609
301 27693257784851558727856374717189928077697730070267437157999806604366957804099012396598953802879314719357796113895723383077914127243933879159509355740532836841718712756486803816824753827491363572401012001743989001075808657240509022043416797426034649680623150727359244535515358830375679515724289068493315759006603105013072876283847793254515447580131996123794294394012464041348435098755272496443943835190975459165557092588117272900941221281793960132705500507146989245689413863853610158254795124974335814933560706753980516681822170133238498111584996726881431223346811694453482020714937034143023297133141728196850850548888934771972597991512396651777683192424960718277848851477745656428563410083672457154454051341087544569912877250037778273129358154199910291969625397379754419130244336710532619480312064657524920598985258108801576980410910398689921
