1 1
2 1
3 3
4 8
5 28
6 98
7 370
8 1423
9 5643
10 22753
11 93299
12 387324
13 1625768
14 6886156
15 29399430
16 126377000
17 546527682
18 2376094442
19 10379414436
20 45532904886
21 200511864604
22 886055084460
23 3927826810396
24 17462128520246
25 77838085223570
26 347813389031746
27 1557683052973482
28 6990670698115144
29 31434130550660858
30 141601999802157784
31 638955794515092732
32 2887745159385497671
33 13070464684326484593
34 59241851064609194833
35 268866281328634033353
36 1221748711459872271986
37 5558218774681489587920
38 25314557173892677655082
39 115414631699012093635346
40 526725139319937871566531
41 2406126161895972858075659
42 11001299946903703821568473
43 50343381163114256046219475
44 230566550695834959702732216
45 1056792498749937024734536628
46 4847386521920353212563412616
47 22250310357619160948302383536
48 102202580360492237822080401852
49 469756395847993069711454620844
50 2160513743145295106537125476824
51 9942691892339169860925542208152
52 45782901135677267503080464202964
53 210933406282380582473308563276616
54 972346475851879344758904290329544
55 4484579638532174825527778942436712
56 20693755685365480424674789815357624
57 95535783734326304514642550337319258
58 441260141822192418096383523246258392
59 2039004955014700228515900328248845694
60 9426060849888446135895515012085496288
61 43593759745560841961606080289763193956
62 201694753543768943555975657645147419860
63 933545326100589545074094190309882415554
64 4322563291532290135515783831731355601064
65 20021993749368406018425032158404096322080
66 92774450363675535040382177669384841891762
67 430031123026398439517351623957713754867926
68 1993964151620887945610878935010851461094110
69 9248610500964004232530541593211973173794364
70 42911454041980207381092541333348258435691444
71 199160704851791316087743528805797198382195152
72 924621551538989053014892150019574268715344418
73 4293887965543519996296621974611947541026959172
74 19946205918017850375703737492897463490350423578
75 92680735698878646025654321774613387350953627484
76 430759690067222562080022869674313802334136860404
77 2002599009052335066806756987650789331481606563424
78 9312437332830072109928159816394672360564059768692
79 43315201033609348351490083501965969621981313293854
80 201521875691479666473480817686626817510814776249310
81 937791599490656940833385269497271894055053662153922
82 4365060250101243234531047956041373902533743989642156
83 20322235788226421515116771177693719676413899944080612
84 94634116382647338243275731038740193291065830174546474
85 440774767650377251905554408200422997705993518690681004
86 2053412932234954439716202681136081073323477525868930312
87 9568069814651487086774014204989358961809041535009240944
88 44592192533421104532621549165887565248055495620765656980
89 207863295240216719197957166939669881895807415589975899204
90 969124086086866761211799951405861433160566642935479632764
91 4519201813335298616671063212113049076157821433638682636428
92 21077693471581503929438778965036998330147823431538147324624
93 98324494178359988785023740268008380428857698609635717521928
94 458749906710624636566081117549670802727625462282436009462656
95 2140741777421203707645471904061419322462100388866522199062540
96 9991370282947784700982194538416234085822669245012969408574662
97 46639812218744446480215877307262192847337515031499846975398166
98 217749939233950097962364262373409572378411452880848024450545450
99 1016780920051235217574927574139794162086190866782340091088626558
100 4748576714261665462978135365993241725793084453487060032889917996
101 22180172704881303104051111194056623219850058333735453351736473088
102 103616875393149180603177950568625811708855486998732920977057944116
103 484126561246054864427119242957779540983637216976486096459897609404
104 2262293578723517284263707063750417802208223690710069923382919602534
105 10573030058520395639504806820207786941608436783485714768188754208466
106 49420743487741008471233984813972954741885304695374333935995077267546
107 231034730470351352085327516357558556879550466948551548252856837860858
108 1080195514975974460980591473300860904109807269603336616051905511646208
109 5051071522058837391398495318060317721471220572833073839354793129200172
110 23622164521559372628542654720914832887239576948391764873333708503218336
111 110486670826962445526776590790517927099769707935478197786017662010057876
112 516836456846149168945219112439910947324043427131161721173233254078846488
113 2417956612844162941532249868309412125956520276036092717602866335878422098
114 11313449886522803410395073689320957642322286223387480900349789048453733536
115 52940971433505869847348933590507422223857675306758457402612405656240268958
116 247763984803751008985666780840514206817539693250871594259923130405325217072
117 1159666257982041638526080449860026797297644369990059944891068567024440675600
118 5428447091293101207418220043766295062056809539012895452547292100327339537360
119 25413538267175562500660564603391676381054859611733288604224603118721320289112
120 118987355225406621466146547106116118184664185008650462526639327244691762219304
121 557162490702991949916351068831280695223004203721147638319746060418734826337732
122 2609201178870830129881240267506942069015425252890104433873752954870098319903088
123 12220167711280731584824637299552254815817857359041733550869553826096107345655660
124 57238726106314975694621209355496013946616090195841097790669122056898001031044336
125 268129903085661716611878123123422741738650643764183590053515694564725544553133238
126 1256152487593986338494731821976446750897052367045892376040805606111863150907817952
127 5885462975808037512651464963511035221825382900348167493660520507094444589833089312
128 27577786965995921378657234951250376096290347924783069625082811932541272247364204455
129 129234382648134530605437026423416521878667248088384941894011663295568409146814429807
130 605669906276952348207158033176292404919896040560148575292523851842967367700532467945
131 2838785503687329567821160410647848748723543550092989919063831102210297178356603151131
132 13306604028073833843124334295589885948089468504318158460085440874046057301857975624410
133 62379140168707719401792406379754449859857125375848339087828224939792519755042066571264
134 292447873768547999188078637377161493284880313444177111248167497238844341857536846204482
135 1371178312780898015754307312211447535746251568804014981869960906778243430811666071544574
136 6429471102127733698204462557268644021406367577257068851298038411703529086217573882855723
137 30150316913687612719469912061381502106185621735896430214587283714772297444890775213311705
138 141398017173997098083131836399597309543868646548425418231590379326868056569002681955510513
139 663176394500096421049641507398220354891684293339259982596765138258514215725494603432569969
140 3110631808293253286838556827646148715675997830413783532990727061722269243465009099412667728
141 14591551944814523507963115534651731330432359757092779253023247984752052015262886569661187920
142 68452169689505331725127810495644972281664555612302817861916451974185997260070294029052733584
143 321148091234908585164198476271946484089415922720313982172649505073067170937717371133685236472
144 1506799314400162188916713596654214311633078801443116439979738191877920366292896582890504779130
145 7070286004433961783029613116101187388202339712565614293950700205336362923552797507218054211432
146 33177955167431460725197154364941825785239803413526922307496270985032704481478387555738040888266
147 155701533864307867611935960440641930043463727391936775646914039748532283976831936804794365666632
148 730745906244556499952689815375985216787544403861990297774073066898762771203677990167150283927848
149 3429807207354337316670684538792479976446801456665884962875733792347320888320065096497165568698144
150 16099131371347984188687419167561887318361960368182375729211850532079117697754780714274269480032540
151 75572572625372648883631085176314801671417598104521755454469389653778495324614308101987921335388236
152 354776309664555941051436322379303105231747686972451448100999298927094770744332304609727492526595982
153 1665609863873627152190374782888262272623837228865576351235588184064322431216350328925932797078230362
154 7820235908638747774593164672741041074912399436394977450694682742196468392063351969311905941392909394
155 36719263453588074830923154194228260182373915207111351167469650938388423978861569310915748981126427962
156 172423020935498751022284554059895926133929203813183723326481522557253676776160089775263365703940005816
157 809698570800386479631181733744541389341285072600931644111356193861489026728040312747382297818924212146
158 3802576750103371395126080181455333423014216070059509621892042932312665251619749165985274064283117938144
159 17859066833679011741740773698594705764009345512104335785316631416845792136919782400078344891977866768948
160 83881341303254760622979855644325886012352465470830834570147954205662358936282266083592975523351856969211
161 394001139570429399952569376347750712062479059261921712766295220713448364491227129479243269806736475453425
162 1850779927744969345312003640582562625040063786559887503172486022262329959818542754072072229552221761039225
163 8694346905542092055105185794776923321416088276304788819131323512157238557176527064404350785813063560067105
164 40845453718346537265387071483971874483144888597773323855998075375032753211087698668455018879449286235586678
165 191899905893757890063758806144335724234122389238861920221514370888292346465165329096410605040325132946567728
166 901632966015424769450792725731698712812655005132305441990699017462189262868201682385225945405935526108378970
167 4236512554031389505988775814941933683254809112098258905533900041232603142543812082685764609098899804942969106
168 19907220405448534305675212513609496775422404136435545527139529919765283476774714654919827593179430675602009467
169 93548296930147743882820059481134756619765293934180778834223346433583465108572952421422665841585442705342216715
170 439626644970679784153737722580097008857385363485460802753401797065586869191313343441437900615050461838024949993
171 2066116086154289008311385571947652159345400551449920952920777276885237614781380247191491172916832136217095962291
172 9710637892585909219579326603641966019953194055318978309231856855864922565514463420443245731018082675849141915216
173 45641811102298809514045843506008148510661230825139464029692482536288508020042679592236935633008023637793415050776
174 214535809305986102123727076039240067935648737850560683788469946655847400003865923460580709363658880287375705915184
175 1008459079859263700416699514088341649328135117695472416418478376961474182363402409766813499658643584298871623058120
176 4740652110574321176501792162727424167470990320430637372765522709318829733114783052306081274816462185491636221808440
177 22286351076143991690240024767349655449342949774767323742378662662016896014460664536561445411647880076389558157703172
178 104775728118663973665237804268892626197148061861822175389337442882013963757354747654641258286734339396050746804818272
179 492609759842196084970069207227958066703869198535506615839299353764994399303713038956599665284597570670493686771933980
180 2316144823151104292229153395481118559647224571714476448063092560112999578659254260164829925387241461898245400947837304
181 10890518556983307544842103162911389305069797272988111675025396491578401978917408560385154519254623871397701678064947552
182 51209594149796946389619622057287485996171007573000330600656717159539270410456851818690353377842706201048151938114986160
183 240809611157746082691655358443195143723306594109531572706067664661161836762274512580079236744576346420668159335680381632
184 1132441540307050166927689962861201129264998113231415205805370454535508438878398960798025299257610769107084007554534827200
185 5325704290119822467138755189906724247405167367577513726287798478974884020364201139388326369220507758562943386703572402096
186 25047095899061926394786327882612862532602284864321259493852346774527377629971120603202007012535066346271031880819707753376
187 117803061488949489891311692896945129160545602447098792769080963917613273220448717814972555850501926327805711664990659358096
188 554082511479437874839674531265427388000620921378464894152950329360458527399149142715904863683536906603766032681556907179648
189 2606218223144608033498476876758401591442363616375929413315536182277805095284264725922093640895792146074756572135704397540628
190 12259291879071259942602620678282958143015102159027183383926115098399477409130059767639130652554837906177253310993826663240712
191 57668422940071834576488225413441882965837931813200518091131793592387481700624387670555744714909788271959503040882629151066448
192 271286796511763743442442272222963983227469147042734990309402019303152149175089208228365322660447268091735875947016959491688380
193 1276253499893715299272711642598044273900417406991767530866266387239750785427217488408504813738783255564912576165166072912651392
194 6004305183957168426235206886360667928725615514062197430819821206794856125572128467693648258394578830305023032634608152609685624
195 28249184389527736630498612508446611150547056262801077658034602829142000730667547476490843839043663822043176340748664526809737636
196 132912624563549230207655498919835755709204819286743888197540958257636782467533500709475818087729401411828433410356746832265886996
197 625379361729624106234151250882381355464757406893106131217301400127386915025477116745184113959101686712303790811926930006572926952
198 2942643659108456816273551368178526028417354714305317986217723538289101897776151908747148930363460280294251124562780333674708941232
199 13846769159410998915584040522652305977897180660687518738085730731283942074078710265458978302677559229245126584418030167045208506816
200 65159195207774889022223891780628566080907733889309816373928664471130799052055910640055171468667628907607314608954766844749590302224
201 306633279698251258245898203368376772709852152672861512242945700028196295633352638564332374450252144371025865995969341669833334244344
202 1443042159970935815163449917570427278564325454580427064602501573328560154675516668336318617166562982277482593760946307987282918851128
203 6791328629907524472544219435121446596996859345132930977072039668604877232248391136003881777570374191152129614718392155068858555796520
204 31962909922952309767214841047533302735008272742747086104557512696247587864671318485161046527458064050220400798345477538010036618657224
205 150436616916934676581389920802057238593787119554457216605818225964600982657189809033577534839430119916535134344408778548438398947698816
206 708070230556260135559139694697823716951855746598557219541386217010667113973251708241334764953995854397038307134413630599955796328091336
207 3332840212603635367368969344401477944602065201009871351885329739186148091105553869809184781694973987780383211073388965617990177894467444
208 15688010839190391216755999633153753470362672731815531356261623193870711459095716719968899262773846653456466820338124164121430704735516100
209 73847594578839924636613463280169180337089128204928481934119480959048399608838059634907082117895764980492405751688655721943322698595386716
210 347632016347043326169305143175239410741965730846343676736441907356817226301220318974205337181779218601274399803358404413065384010696724120
211 1636507424115425599138495916395234356814716780253122881212125322051742046175717879412730665739916341197535362950539888935218425600534521088
212 7704258583136061880129283399284014350543180186079983018819957544839623448354210505722659309949541956850758990800151056911467762781290746084
213 36270892519839949545632785763599147722907515192168705870568355385420865752991906749219603285013328225935523406504095416766596303187796707976
214 170765454493986666821451017641877555688596235917322487516731343898965505196265921023419763935317269109214102204977181078143096498208929092528
215 803999991959242954217953566334893514708899824855498375951087525830520460234298869277918036723000589477482177348920158118574346733038213086216
216 3785525606505364940352904831739809431079853679454618016936649579340879712118728384564389861799079169976656720214712045555665976777022985774480
217 17824211191952979384175287213732227294032380003909742017185574709453994332436932933972195385210872118984566187296664337199548520456337848687496
218 83928277289134981958753475109913092239126004490636586074308465037844439985050635549845661627764077087961027547113631143657900399524434027155272
219 395202815570563570250541701987003442159032937091258944591899070925533587159781069253820359909117926819353537504269686298115325099224256660275640
220 1860995647655956553031259618292653843803984834391358741658377577142405971418394737419514060151933028492281102505394320934530455326696305554037632
221 8763632709894213162088122502661760691839997315874533995239626331585599016984038379829608501943032175958153438498594375495806727065627600180697972
222 41270177701528482619431202000040199352853588916394023785633434463004638254317103648030039091700023255207501634906653670806534443356330774638156544
223 194357699897522109191842178385236977916159695648796695056379734583149890438731580811349306848008975577887636608413826170666731651797554757046774092
224 915335455189606310929174942415887020660475444155518830580695047494224646802508889015401691572341320567786949953277525543606778575540093099527226424
225 4310938469912765293708452184051071290585915249311464175592487475478429493537947245579453343176744846589305110462690732492385224832023222701245028698
226 20303749807923486630510790725727840436553742389674581580467663288586147368680185861318157033264104167433893283505539554573560777433572415725975422792
227 95629846357338064892519937913886569454576271325990992521280294696964800307317833147322902474261903163500346629544776819548734938676700965927142668334
228 450425870184322856174247507281530259854784349483643750381960310072929981135376760732524696517390908279761725926264817685626343038621347626410135438656
229 2121610943780519666752437579540431969619141131030217158059695529272669247865501408584410053882294760769331355635667687616687556837211389376315355946632
230 9993568890267039800496732321005072927271141603901962174404838400532427171757480453380576316188167362720056227688863399147585771367133966766843729939760
231 47074726904882096947573510611080817567687364536723179759869705672560910903289688229835627094447032753465171277971342353566987636666228623368773227369588
232 221751842048548031945169176697942437917112179831840406514159071231575831412343672681070820998042563706387550906418046229367482480589647570472376301375400
233 1044621081345135605914323031503322122543408687921314235758341625860595724616530567794285214663280246568186740619073746950533571220694361323454892754144918
234 4921101866715954625033542890028259511135904159171979877637797623823719520227410690235707964033597254285968048954167350055597757553057790406248064291651424
235 23183438009166089667275533672035661353032751321239222366609927520333090164864744563193432725162592066417110599855308515236662799495129075653792558081077934
236 109220746671353637588311658255983603684389705228081189183113363686452162836343803392884966004939565817256222482745042294081369271605958094447800109512848160
237 514569637849669216538846968847591979192543089749055664063246110063995964223281482728883856123969632960874447312383494312763181571778338060876940052393204372
238 2424347046970839229080898149284090547885585114147778544372127497219353481113776842252437107929580091110042723228883438964776218102631605989795268687970530400
239 11422388855450193249042510123821852478452119957564663868802689142092219220209830318367499792761764478495089242407739414795388243271985897754343731734136475628
240 53818366884801389407511652700951048951707687830759589082778171818581389025113310571309298600162752869435489895253511788939906589421271558576950630977122925136
241 253580244789497964269539682180480860105097014543278478706635277015237823537958455910414287900320129505155759129573891076008984296294756481974298351381515888116
242 1194844949722932185790275903054417428284179492118004125247598907047227408309435683572765414114190384395365296783613056909783432814964740486081121430950950726704
243 5630135263312432255469769095402118811963088610343721037898836320715557968050378518028648472989891089723850381322611639145714199866013972727015867379397515489644
244 26529994191240204788152846531349082218521471788112029749989998235272678758043565066166629685402750705118319304014169140360347272669132922264886757613888380750128
245 125016242035206934021535921836462508012561295638705886572260272065474588710242158024843364448650227128873472784626368974399777666249705754179458288258479782529344
246 589123835992714393236629978481860119990947868738093029465804215851484939840318012231272465053112925173509130933561622502283413762138477458305888875601687549821368
247 2776243346972477257444911076068957919095592641920572906790698404782284469534350724927599059928596006991685576847582282188650721389179213178928303537491849369257784
248 13083356071912374065936393693633275379336473024769509743033423349752047150360624984913671020883545705967546712398604162082747803837410848816627449720529249270564192
249 61658279143566995462784415287281143794892385749075057947705939390162216583768188481022943602622917468398361551748329512673151813893860628876237201925433857041198478
250 290585648180317140670734525499011965773864945845859925262520100448867273425877090990456106943492067644044973042815482321223934883096253407332181122646139801601181968
251 1369516791008965750016849647273968681962560972928641839429583993501462773023172875319923171589899384320243264818183015074848922760872896345960159807615002705222946154
252 6454623538939924841480757792575758756935711014267822774471155413794244194709470576577029095969130018827247903719597517843776879007910604261847189695034190948880481744
253 30421788824535989676709844608392200723889983520318814928787180001351429012907663727203003982880707009359519140338514149317083710209609392339179377029571307643782293224
254 143386667017780006331337466865901876435856979354861150657933118437394165841117267075916427018396828835660437075656691119186520164110299849993851461168685358739011772884
255 675838463414969350402463283279709302760011651714376699679384998929486109074558809956642037560052180279881684261856192743318984112268416134128472634577510310186506775278
256 3185569414864720948172567073035621084327843751435030181030721067753797629730365574441226942666225199320072523305785519010249661252060721585530315014419677118981588472232
257 15015548329004952347419845981599842423769759356150696778203226793013580326160379485954651373772325439138359132303511993678699562567358548712955575671272274169490005776446
258 70779126216329446615282204535667364835770170076563431718554363974736828115267644232202538381751768402807844093894431686907406585241193333702154956286769016007718932607738
259 333640680803118418894833205529244209094034283552260769928031959476086632527590972789029106378050794610064542004995253505276275607934571810948682983555839776210464630167080
260 1572760256543797550909618439954334095431932251510930697004018509668505984634276988057452440823485282565284994075204601833488486108768018042670701637862073765229401242467070
261 7414053305444923910689442985938749061098836025890699084907040033388108231418189679141801794022372691057937818131103697781643890053839269937000665771647515974428679478644036
262 34950907705762395351253121918094395280794259513056954207247854522697460691370084667948734974095696869122824900023773762651280528844478446808029700129153778210186554913347268
263 164767183564265463865612971416934128553950947890131780041904083273814432492475947423674490283180953374363096189041812807797933232310262580247886960315258263436033845663004748
264 776769936887169525700296994824725732593660909994924760935482187344058183101046899714899290061117202087640039878556147765263455744829467791219292245830114082826373266353323474
265 3662043171449586935449089572998795809011203451383018752215086918386435119941580637925430217335572108438895117525716823407284509207031299188120646762738349600544853234479589774
266 17264889402299084517253057014992560705397803720304625795796481247133834239387865691194343278205689271326922367068887357430639711230235568651131966803681627341983214506903913586
267 81397930146711625961130612091023221405946368264979394191634116320180219728049370013102739817066125371975656674705414391534583675293613717077954294555322744702267732964631917358
268 383770928845270153342412529742839247991208202595650726542142676469744965737073416295424893121509048731456033175765199235524590253269549979861234601358166516933621038288435494660
269 1809422006244122461858244056915213150986536739007749592603916632511387802277065088878534084358608170519053038321684787519827442714224341769414515117239956929789759497357371988696
270 8531328757024495562916345336113609430371945290360347693286357398490026065165215605650930496265197254811014809084072469173020860593594120104585900996507164766449445854661377855124
271 40225591285145745129519485635853312312653027014824902963992921943202959834225228752875029668774863819107852160602451311219624894956381089099534185514592623422872008320122700219714
272 189669315987149695451417525946891681389916697101502884833119077579888683096281664828709863369240556814026175564864378202512313138409127771101279897966817363866727794909073148571990
273 894335637397852620777706705028830710693926857122171509924198915208586996482963284859494223821514714347048214475964177202943359757263009585039915694445581598804243574083625854225118
274 4217088823871970534474301671034123104940670845249129819526091807512701865237557656243908632159112258727650495506423648217634763627458847222568408485983387301390923846706170862637196
275 19885368777871826184720845275618051512681417670158537868884831375463398348712672209174093888559052165761841957634674577187736667048108630440717022581114452117133019187980438035625964
276 93769840296770093397253402866577836867183788790480551767578168404180556642649983974164629951294779661797851956228498107269748017816514530642615965216251760470159658765451075665180746
277 442182210855303529071119719766044368722916845564655538248301568604282177039190692027631513195938982679842075136975162476482849364931038350334456848928799725938622976920436668156547876
278 2085200685377079093724558783662434040306373337627113424176735362321292883541151530455761031162805915768096734593617453752333889440080551625910156996191418455304661688118060323651344888
279 9833381576226354526942714606361235681285688674624677523761384873560707383257627146136902315837121250089186153029799543098030562864132589265962779896728981504445402893272411441666883072
280 46373118798222021690805162426569740535531409069207985151495236564029996692374351235173147238553586512970680461456375362154799275970155677976511782553555005133939922510735268283340290860
281 218694589514378972491743933985269655567655206634762271863239839292658111431938000959200321868144681401335770716468101278900655881688338138507665899401889699424717080960292419499926418840
282 1031378404562137656856812509454843183485057095162735206597895450442313851833265557652116757952878142932881727407437036996333933207900900905368944780886188946168523750950982992276236780684
283 4864141849518714186559771515029771494883413358551453040624671700983838330167685955159349233567539258177386172060135648169905935276967401662040406523281376931421770317704726613183328847712
284 22940483876302070366113861879636080643956989265856725638913072620449691886555911845797513221668507949509166027264519825087088978841957473902706335858085575336379141509976647529043426902272
285 108194953427707160124753640942701918360405903309015544720044143947998746525676159022018632636727783047106047190173551758716752152462534711591072082515098357418933841457916246403700262763448
286 510292829051161508689141252236465981545337661734226383947985271933218357192280701592935897147002417794694862177253309750265803825036827650633077376384872322682141450565096361828393383678248
287 2406799437331660081241289432068710844006520865997464170417964450205989158023345157979539388512384406755869776182128206470430240550623995566293371288683152111307211903985571197684272315062960
288 11351892151311908433484331569285893063121649978886561443057819384792835998896254407036413661800685890869143762134849370619645254011079659029633999043961049605060724406799876767108823861932114
289 53543218838017446736847256468105151459955252873591049573273887569334497059979825200640970143936159946966884806963074850307612604999752482410233653030965595434337871802265506230045623046774252
290 252550658621312511220611008254185747527150288012123780373105891876011691570491089227654180460919069678909379516282068003202562363398252179392129768193224751586858632370058048603575353667489690
291 1191242806459480851238271238988418728806548499097509588461585422560919568637871621090729360585424551666911541488949035606001869463777161209950690131289986820955427041437902036874001203348710428
292 5619009672127128494647075577398355771840301341678273569414619009501984332598722862932354143520727573372192423180885977239482046820552910675827263634237036685913881577058152635390452675144542480
293 26504945676021725307830489219885876097502877628158614796879501423968073914652667205962987019971885927998401938132336900565897480416885089348690477621655729040789166759453392034595520205474560704
294 125026379549415092219639694288604747897659824126148757098939850922306061358692627607050617178078186793588787934030195168957839842384295597740912101145701794030469508983455809075704911807074024132
295 589771712627327235864311591489035180313866099965666767846213068543787804357961046915036249275786773902965086496738929293723156461915586733257111424344594733143432605020562027968536908669036593256
296 2782106283391612194680842114696135835608002958550646211141694697507122617525974941730488401704893177012117953875985115306201034606134160408928472242424893461816201283102030511165560792563233095782
297 13124142595063481341185949633192260109581264614601348056271170806562733270575749891075679259900403791405600547104425172591728465158152593859588650182946869675446273770021910026056802993964783597172
298 61912103306554141797982215175964321213671558074033188736828949727727340060787353761783848245942419856751669895263941656724787194520072725281411312602905508447864949349974447322010639432226845397666
299 292070383765875311682523088169402314491227715977114355467413705969529434490279062837480945533692949462917605224438406244106193198748862388595747991519687153787754488376165317124296635804180807222044
300 1377865354633498321232861555000874895257966288198705743491107512726453073619749308531782193287050608362360544814712098401937576588778452914433246888775721955525270811809969306605153785123262738992568
301 6500298295126974480399833319907619861455046601613408450414163717257754398213022247802331844438746293894975670900430656271931709503296566216296472503840153293379231822540598630793410614658736015553780
302 30666696299913920880607255048424651921536466417798836602082277356459648343102550776192165807412074156548002318549469456274385340403950326096645408292160249870137604558872253183787750522330933375942120
303 144679783294885986332055508780070435804239528352495550881718256082406509728763233345557001940141181839362045584363621346947430281146207054201816023495349024053278051857321385690099032433990133654732576
304 682583540037858081870377643085842274374652313869534585692749138664666849877729295984954446508682723046737661251775426549408774262477276763154333993950494217008759672131506493186997177959255151392427700
305 3220407512004703196624010630803047340508682896638086266206819228851214738507324484623162197218680286667973236237289282867560961893938158155786412435773126369233186268708745655058665044584884994551723428
306 15194025894216959392373401816173570116074242141781682301950994360289795122949487590686855343575880160231370169148858039128724948905610354857650411363918523466941473224142608403751158485472634504601824256
307 71687239847264962862586880398577979576599088910349150531131674063793157904819668187724416299273375957440230625430027220694838195009657178501637240254387296008113788256360911200481342774379311421007958048
308 338234401073876768804528770815630943489651299912007540702001318158816042155420533650717502125748620354716559923502077515896248892213593105876400228012000598178137777426795515699904971258844266441347729396
309 1595881240513737944881726730170597375097362197629722441146653173295708160074103939252869861359283861858307514106574209862355914824315269628970980279385142191866847510246385335476771682662056239180090133640
310 7529917080549516211590496434494181063735889291354631283928229094197678013627706861544136970823846959838906499356757337968097346975330414026420650535943586163564998952824051282995227974502970746050394639224
311 35529296228442511827140045012212143815637247288046826786795875346506591744126850152837838492168917567641826069358206699594498726932926402027970608516175752366745429652270968327683170563054950954454415285320
312 167644673626065358773913223090879256856048124121856604030113963898562196397347081621292058521978687743945739614805778678490669817230185296541041817973587063730922127211766266262019883226813995255265115788192
313 791042130912095583272489683476701452773744380287435077349459352744513630635428436150914871960383454813759091690061964952779551816155635925150675299841448475644021818576451374552541034606848065577745539955570
314 3732640183694434368541010349325294110670762601628527323606816648336080036060924892521453239070225364484271162777238540478389075415587353447156843878698998805067775971866977126596500012082578812496061625933344
315 17613240077963938963329638886232414193670661806597737269334914287268316568019347343246317147473430707968300716706757775920070471686281505741306789211261372018719900991585573110425407503734570600972770076314710
316 83112999430988731570407871851996743828085270171183769617373046869716850211533092637898082675580149328155447426278497533135606887019983380285576320564184502347086627543235144230730124018478587986189852679752480
317 392197831580620921038840197863235173016387669816445901084817729670744381099419593952445389699053469663818293055948558967597258152459669797711400787236571634389942596609232059327491758433403430366295904777308284
318 1850750652393940944633525558139554704011607417156158252349501412142509630770939101132750693062252544123904644036363054218946228924821240111606390212633569091417160490927747875108812111955581988207674495216155044
319 8733676146484892033141998926519177345972288037353943787114220429604152623366939472144210144258816037785010338384226494553948432875637590581250514099314394654106791165704204039960818561966376244006277158844863434
320 41214749612115873089783985456201245373163499677077959571005396373849162950792662880770565129225086666328735355845490460328912770593901409064732923390368988074903430371678636654181411354309105243145870651061601918
321 194497765821850144411505486269149823563555684861564090014798881033435798485563095431626710269282347979682359417591665247704983502631074605644424001165427979241035360037941007646198922216039920085407062148849778464
322 917873640244175144247686212078141143155476648192254617033338746059752161380099257883375094256838955859975083751399752709768520521226638889209047331045186366857067965946810815008724405775972524050813979272805741092
323 4331691002695601520003536467830650806089168177932681425652059240555996645025771849522797195905618609820575783146447668410370288856518417929543413910050953556839849943640516401330104411778469168302461643478569590934
324 20442701711190028295973674099377799269882202734818013405862634888275223707341058577155194543742472824727764520755198847753971537335414353496583704948652852839758194357575053916625494754371889378692936506950495713930
325 96477341399739596556652884660508682029079100501699678067017194707566174113499443656101463366131287167595772947116264968749217235518136144098684902804425613406810946744423006899277009523820513705262830915360058058620
326 455321897910713990921057331027380472920769720394828545097636854983326260458398210789610639062146858867308364972228422578798190503167811781899729416347965650113759314518672033454220021375005722360387880781755686308120
327 2148908305921285184707745601858586828689678514649846056193973359967504906160063072818389104881265472928423482191016267853480205172216961716801451326772189999337136284946417760124739370702680061909019668353969828867472
328 10141993571126745043975197795203475095414172703085965637064336587525657807632471980751249094902410707439306396723063243114589542934829363333707864488604507256747079882182681681943155185060374254273369331787554638463512
329 47866849002572117348074431793968377539970169285731705762817441590087068061377728758198764168424489756374255935674316987905091866360523488729112541290848926785779461892397567779598361939551393211886750565173007246119972
330 225918800483210774657252738357337440551478087259702532338965316012253945557724591065266692020252837323683963496928438519627112298146847832260146162189491076430210738204243243865418415633129143263765151381238603282810476
331 1066291375104806235300495798216553564757823299192676332282259606464088630663404459039012013449301054218736006975306713521840349099844332690092994984480687911351221958138743971523313820714665598904181867934292520826682332
332 5032750167245446517365015820352937176805458837176518251253299251009266830484924048480957276645171608610717517292518570813401354074987957546092752763470865135699493332367666719376999795392477273766792891681962418798850148
333 23754219457174941252707539761104828864556436325170549949255551505141018646273529248044744852759022988025599607817967770538251923971306548066868016242883057691889430123085742543778991367573606216599119982434014973286581824
334 112119728739890595683952422084002569611505903931265080894365702680130427535525456989983083470947412534846895183094530713847347614126384154864090063311979003826274467003661698477491768210235191161685008288494158367891377572
335 529211360440137000142191639068370893099435385847750953758873321750819339710724590343430687950502565690103936768607656715327105404339285984040429056135270266972597876816910684921947923339361289121931200450946153490769602222
336 2497940503182546694559427764116556816336677963687093110773852036081630650884726672424432173225316188897639170675714173082754241327830254041382928708265961566163010531832179145681555173377801539604031366524454354912849104530
337 11790732819092601660701612240448395800592793684748976803168302630735552651130317972761729139655617382656640202151521534761752743849463679062060297787038741209843778951994918722793519555987376066396484898574152754564574158738
338 55655136093933518703217575174438196675369731360719660823812813663870002114508837804016328198892897527789931241566391980500125587169134632371566722336814395023084362052900252876962368691364809547501540310619587241016587743336
339 262709276555322017140025416067624818223485990048952103817195471673638365879451315939612007755388828156301524571688371187823846905267939383358861250561351287795563951173209775659365373153610230589026344516675247891500823690756
340 1240084396063979761758063337575490638891487029069027066752102940479836887395516252218405578424494160656433555432297050071510329460175694927931863483415453442519738792079559820736245600550793939909415926455585320813518020334082
341 5853730428446316727654000005840334432444677629358999509704956639768487836766678690687579367364213456098686301786561812801586574935434207311230378200994975859234757930182362964458582481768590365239074054043030735120410715937740
342 27632476110442428162132544860848647689744477708237674827474342654099065932491639840246260749148438168559433960271808132885590140712235470185477995162671152981753920653406878747771644406225700704443658855585438099902139979677232
343 130440502582937580096943303092551648063609605124388003693381249354449572597260727404076189852461138128134683495100437782866825314729968319038878933706082215207087090686807077928298623624202957832580907823983005074136534519064528
344 615758856402066400089284650328033521414603192274107121079915983796792867686938140543948139401306200110886421070698056820360082046595670198904848502547078179205307156668714355528291816890638303887940216660671462818409041315183832
345 2906794846592031887207605528252461837010373445568400705492676543377002313942582185833378623435440617904130925989139969573015050482270215157470910068250802613551839993373330080038402463184544644951054217960518970216391990637504656
346 13722194643800960841563108799210579432329908565229450264337754889675685224979784280223443212039935357150232569852238785114550974177607728940895894646250348153832295777768803202339334859036726665893156933353501202423984765158643496
347 64779593227407450968097254467658649693882448587194161654714684517229083874386912876377059495142561850419687903708292799367651460141088913583384084708248771236610251933761686972922320297662659774791956859021252429028458753261516240
348 305814641303772636938735494465190221873259555255479919851951848937887098580404838878220252038549945425501182916567731225008898846711626606204734679779744459868773106143478841405395391513896839938156794566337472780043800801068339680
349 1443722472158673990825829969182238704072928983667340087332015721786999564258882601795201793420549466571712655418003386405103628202210953945117563613054994276699355905436707093571852906513385263034968760743624364318660671310570083720
350 6815763511823172337139662481095893590120680341205177264500743505675491506627917694861344701643781379396552840583777854089815188836706638443528470878174486381232839100354057649227263547761620561404485008448407364427356231490731391168
351 32177376605640527110337129080853990586704062938749390327932430775901347894874720335360997834951924119943070221049210614606426078820893734156226174534051933981939886831343112485891116688272388487883666512515945082848754170833525374488
352 151911988017158367309451490415006378191460364330801250719624196466926428358758478375122579982662352234960237587234268284848802658627084465542455015123799897242974628839832180712229266216670470029082221948878311582508312266673460294388
353 717197429274474797033468694623999211498521955226051116897918185681366030045033197607702446774350587512997907934764325200161438717780573361550762588716296693981540450811091671748964289453918961035244657224640177035400450789222585437540
354 3386028698521388630699530281327323836508140375615330231620543004747566574541920038819161526043251983288969325382071596375304424186177255651748589097545258873180636189453698138725182958677510805588588853465843214070595223594477797165900
355 15986292284785178341543571026614751208852520860600426603650529982170708689107244447247928809120416186335453938815824235613394629127339536609081903444973351009931565297562758419990665196409595538541062504598138968308453817685165660070188
356 75476202014085613937333777632867326193601144870113490420736304306794608867682671132237036611610055043434442930933104055608162983491278917568539592231135590974765854144295749865123436696917712381318754062454157643705212862657086559470856
357 356350582402388101351326329865978450975900598521336168951602612070889778682135181294674074882251813972755176438041653240247919545126817460045319084503372927849009043150133814962174140595315887265957024661639266066745212084819325980596624
358 1682480441947777435806429291676151826917770978333631521053371374586303973069065437449539836382255180212247726179849088607790418709474221849695375140050409987454330587985155823049281646562316578890860323707219203799476261111657353834979352
359 7943788344616567330071388113311507356429961362183140972085478448339995783986100295012392503195770786352427845015848981757781222052272685769241545341050691996225043242116708270571142403710081898606401005945020881226380753481348419459938248
360 37506830339566389351899181924134638256801383147373658932171993692870230962084789494782033279954375169284182145395269091453079410653632289317116181677666141580445749805789642548561441098689481882471613702849923877375350401478914208281341652
361 177091654547378080919181157409187570402301008398404485190311487033989242939298937397313593767461849240704623644916211883244958773942104200403247799411724606685585882430661981823061570138368038921434934316021794045174465499642919341524009660
362 836162778323959206774226315221898278983092427871034680340047404779616228090836152335259429241773084324467168867107464081913175688743960744586246136112966600696219026243963285466265613976157982680421347850033843433531522783945090891269542092
363 3948103625310744686561542746669209103442257628065881408722834283817033464538593999926356124887181358753499704380514588605716431129111505475635863031207905839248563759178528221565168828621411673682987253531674282603755294564700808509840702060
364 18641944209831806179331580478733717212649809383742507757678303377154961348043489076027964861109452030040748711584224458729003585410063530099000844106220065347033533662392895024601684078562482378261794030784958431872598855331484083464454228160
365 88023531130931967236964087561700438174150013791047944886148857138650744295210658588993157244286942262095216297912072490807392579888079230462434077102695808121118510150107410952557393820953401528847764493652362120719092897705448602934707553528
366 415634188905504044177712808655911731509894386526122044501721839277943044219669499412402070977961758334546685596187999568549159857234492742465322326608534198680492319235722011668035429414364793471984977033499087321841845013825315141751669338368
367 1962585608694364039597256535928642057063147359402711534763874521214696883952606200455060377782734554089134209828272715984004587941090102731308077799106349954007251417119333161886499893127621324584536820344008241362585428068750965334822017352088
368 9267248255182253144903099425776449171209019632912276583017363583213783501515170234973349880494258942188734463729932678879852059228729275505159203315869862881475188701509183414242340966797843091355107923287278324378212971955582301691846762959408
369 43760049030633486546659167731116403772576239582183184201538431560766713767190757218233748200390521333549973438772796999092671819719822105821244259682525249351739404537500889058968970638214085077325279048957943191006162564496342563086631573242040
370 206637715524167428610267780739581028141456275183203370094351207786760439905870469669331512007953885674524915769491972619501432904916372096939138389870686586988019794707324135416062256230042479440050928438007703506024026251544125077535183021142560
371 975767046767068371785857410407991482726582343664289004882673990320793023131997827738501456779825033320131286553632696320774266307160963180249829872404562924791178556619959226910050785243837556197574285460393471046688776938049472489574605474162200
372 4607734429944023170826283208380378854619749156510200088130781841411474367182390687153753226444306761196159137031327744590675933014757751912748342573685436066333521463087916249130461839381889548079220409956045024443828441974933420096678136128113024
373 21758725114310285020438670370835743100571309271011521866512097603237314622763459181943977253689286349865228945645767096776462473237655294436916711306788607442914084967943265492051053407159681194658065370021952800037911064375532336632452165573682720
374 102750545926679397734157749584771725404877070076168271619988384901376830747913721422333671475014955589026383290424934089770527673885177331305149669750555777858205072184230444236417627291979867582595999300947432936737937147508125654259122164727680896
375 485220892596662190573709832391361957110068827322854754538120649503506435220880866600012129558602466561486167942806701801881672926697526831752806037123416843521361856445215458959953950596659761895200635902742089657334292837791809067993987903246493840
376 2291392482558246645424857495379895132967809353027464270717852049154584717471435384824644858553299571637865150400871671079860617001953611959736530539363828835826246547588398704974019449178795474174235195197130912852287418087860498405014914562341671280
377 10820917551702945986654949846588753716269784400627840710119614289951449365056373995034376198587017267160532995338690837931969474994205518689722318462791451624243570552928344799846213852099718963357645387096314311973206044199853186691949717058538842372
378 51101456676492248411601009066224354166328572304702161921779595748474813504609068979735064784867299816177737835663826568490371068639171784374695472691528188490609014433881817718174324789292830487659023243944427019421554365499468053691944278631476368320
379 241327623439590864365928314837344850290877749808219561146828795706725827590481727354702405484468401741831076462781304898586645724248496845349283528942428708383345299043857510491671089970853912949846425774527588858151165696855332978307135923371326970076
380 1139686310458207315513872355368881201820274861435832115230900555850306301888105773592376907427741366388684894584615634300331900280422047992954576907444818992685937673616771917362694763602547908201492493586525211281705219286276362952577711932742635232416
381 5382303002960748805382461539927221341091120325404763321459512341199228706298765290547811403666107650068259065296133007528090806974984034847152778084892689832528630548158576353948881233283770856134886001954054833965380145779488740913876470829163832199072
382 25418823581395173428530484021580215367456888290156527540803875996296597373101992454283094315733658382294966949713293845941636428866840609438257045790231952030513897642377374944876565593941701838348835209254746576865149866276318292044257836456463454219696
383 120045868872030326298345385579947515184709758430843684648662919609524153681283939832619211340876329300551528423940313704263162822178068899570082139351693047550190101704206831531217354501667639694960846665324298191535877864840449300700911001005005349771220
384 566948273450686485385922681848059675475614850261661518598028301863494434394202665388493275596787316322209162197371855126378388711528360165582432295338910799776300677270942894498819454013994422434642296214198498306335965194191176767787392822363733312802310
385 2677589997799792947570514971353628638372050514087582421965789348340209931016759986630930772111437299944858894784156956374180849141580476723453309504993151273633583343165657001616501501916599331086806599582822520640399641442057210604705673879585182957573034
386 12645881744824396543062387836602115079550504346410382773654207311138938041897696845309706640075964229240064050031047341251462081457101860145723403730064967238395121786185516423011771721962077461519366840959397786434532471691205983153318198843456108968013722
387 59725326425072175645356943570988941639948159955428365762501224978071498432305489361579419751115865656478998411681112137774311419470537846338101937647586589750790639841709706684162405538919803357900573777487091594561782201050207029675340216876855860299223834
388 282080004373572939309662484121867816757194186612550660197762210743413439137144972957820449144385818049624037581767804093860903228728241958991293688788494557530341975764246264518591989440600905889478009066124494408708159472781330488721770285126945946213014076
389 1332264337827390370772042311534003287582283919901017989031941002113384602290775038772983738462560537439003253055630533221430138489379788493935747756991297584562960574802463891137824920312928100385760187320378665097339411640704851452863290330727171547795802368
390 6292349155837076309010902427115852720536273880296918369335892221168198133709558937491593438128763031608035797920172534610707464419372002505864824889994851786693626472159977455638021733398903925310236940516256782635639304239284857631963841264170988827867933940
391 29719363962433135335693447060631518473089199091549797509881899025450750832651608929962526200502650106740375199768219172957217898846850621638797301143163729992554181287532781734232232789597032589269320949753956728766636621301330321734964896661649762379390627844
392 140368763216211683481981469401854248966496063724428676278132870016928705556657277584673468241418942328545413589892517544460823489124819555813116685574134749024594136597520333480502796507797216550961609224604507479695928486935400325515583227188791007197255494870
393 662988017989990546362093367393136917789649730422940381482291302845340561717821043835308736763494624870739881124205556911284415096570799176784192886803582348716110156197070955131372524322749088099205390338039651629570306351203450659924348691806688075709504789414
394 3131447303348296284519919580763904687929855867263113524708520586601079431376241777334470736229680529802376720355853160066198252158709430369196147437236733878611886733256041867755937849737235057949122847533489969188570984255488771989691429456201404744680454566762
395 14790700270945427857499730539752995305819805751311920930811459721344777787538663219671165734978309036959829566241685128875942846478441752086528276752413255294793262692519626401839170085771109054784725906423452855803605206884321827464815101926863570225425373964174
396 69861280906203088241782461366351250465066784035123212387168681288561978161249362916255056811793329150998499753780818705892567055285845041555071628484319765564639582456050659670015428482927210925809305893563630074114158173596327257520702874000294648147264104769520
397 329980677719890864868136536210445216400126278979172009765794627862500308157120387054035298898534159261804203118576207061942114267041136130965680679407488975118493001130370934567914079461013331017037908444207506929265870007250997664461689819637804389493282680566944
398 1558635678500032263746638999384988668516418015263788060279606608232933929537468028611335470758316130647318275638829165649574571304444108479491363916257089125943174799337691654935306107690347351992143510233425898153809102880901325522161134869909423007277242187219632
399 7362152904401170626424507443454867260276922853734067815600080641647993738282788626329403894054137987302447690378926383076874113030315694060162389607185375104992990110965793206196892595694030339318166030288750114510177757037650497338912207480481026783074305124451280
400 34775160937167809826816451703285093177577779452683091676612892393686662757568047570015727059541818305875981736305901369885603929814601475805298674431278244100780785545594006475054993937405033235488220907132353786857880289720743956704719434066259466854232092029764764
401 164262163798194008895313253495226278029412164631352118281610214417316778051380532542327981212386917852648917581761886322253930433218272348698466890405491039494693282800704553324544191835869448075563053920561332022389433607881150788520834392249545842936883495816545008
402 775907563447647742050557878809692394561347460900974803830360862014734548483224780363287551814376515716106045139716983372006304028519518020239614179410678052881404747497336680822305374123944173632815106302918452134044845113355228243435572836206363094149342710863941844
403 3665105380442448362268125590275315559747141133780706176295626265392422546574806549660310941168988839028094615316493473969427554207902449886910060364113073658171850974650656220483406478528181366441072116718509050576063291618116582613451810678049081696656510669897703360
404 17312786040622332096905505815456777808354398155385392278688981193594487027674022179619071167906624384863503650062623315894852557861513210697030562254651651779099719325634546450163470393457207013359221900942745305466999213822619929906066830775052607133306576811088091864
405 81780818447142725054368986959500885610025251695729765828907788725782762760533445794195139769784608852065753573950896734919653932324457659305995031546147406108566040840546829833176750748273669350931258017822942358337287213699454865143868225213879651980121312330701640896
406 386313529780666036534825573784094239001217126678827514944302111127051454568068905984786921154969730738261030013000113167015051885610955086164067246029792754756159033392394385376507982233236940927394404879437443108676175264681292327166613888524392845207712324321713572472
407 1824871717577720079375819332465329027834473519678617669327328797488792305214858090236855099560240035272704362251135517394963815144403242571554122240114558199856831852224293051947091885894846788599688830485640056136447326644216917250808683586983977327071744058374141101480
408 8620425412584600647276698628010533432914424340806870213357033011158393133552529663561630203270681611223226342432193754032245785323849918462757098643252776807009400954604314760836837028321801268233747042758574897231405468141602654805351172029336444434347763804711897290204
409 40721988193712696824688246087617281313338543361602237724486617759391396543121127253182570004273151678139371638915445701202302049535928822493733223209808751481817007777615168116989424576249899760119988701549218418240971364168100370521770904347367636025118000854137478668540
410 192368140390535164892941211377906129121175825966078318206260568980036046716712153115372690123934116826958070276787127501591415429899047133498591246556227550875614084599562903510440224276226031716159332599240701624468362637868334735764322278632495140018894059598497470804772
411 908743251370740781636897698291873210082026908529436895637670936738524442010873085539957835834594173246569093101526240607219394443066754810630852638381425957989414152052402864948887881958482538120577334681624725552104813965497428366148766844800391169664225150029619878143756
412 4292923116914821649590869078293309192224775673422562524190357420076925669246599233958533748763568448131845190695366860842684967319520778947917070927298380718640906156063741364703653817673093221710102777428193677792054296480754595859649969344036593737166141076652391167580208
413 20280042647968785935512530631761398781120568741474398357568445478158046598251565995811386260310336418098303728692023983648198164459919317953796242685939511327205682800677073921646139436067597993520218693917080275347439783122678060682831869006459848874480464281175082077954348
414 95805058411375684986810694876575019283284283215370166680605552320210161935684552500349000753658036755266399768466031038748573177709651552473308819675532524646804056616741331670901885690170127098202661262308490827341205903637875593100501832679360174061435182019534474997305248
415 452597155658924208136373384924924680170825378784729348834216962686961448052188834372912583725003439392136321943511416795071107671174055113309101955559448285662128887490638984299252815782141591537288315714101630699577585459041399143908159162857887359454520768665481562149252376
416 2138154022769402781895648914873480846975613106963483287907354460696071123626182950279923413446112223555232945719380276716214849391565790191712378606286931701404288484848139660915474551829885152740038759522074735494587091860581023821254911820732924935938970875200134097602224278
417 10101129073331067336807253763613052998869859253532752144572193991370986999841895260264200053016810128351271457303157080506817064381850375468382023268749802741617446275936571747819121485840233525984301412961810773342982487659622253849068773119446114355701340459432926923952891414
418 47720458127464286714971540189487362772732816728148906217368138762595011829824562545453062689566045815496605473354581951025169234868595606160867780447632300536806555254302887425687112719931414705875854498935674444039752423679398457768877193982182983608078744532386051050953465082
419 225446252117461716123609181434281542390936051622150118697265627536564585042630439636487026405489759521299503799032234182357903104839948803481558150761667400701476381950079523756823492772296087204924051574582408007937332719987378746964377303710336080559305435797781886894799712414
420 1065087160557056266058789078243636089617563291135125257438603910798151068176945149092464216559384287511347581445297097834873735232569448505327823755540978856215217167216059016254055261966191041634632087539186383972392749664163713734942595321295051855931138189502142996421403391228
421 5031888106428369940494276767345471047983975926722274440903958770841611935438000348458595193269486771152067900475640749345194103367489579074655939215748571398488087519452837582214999936806367812381714632984550114884012424237824818468872693707995755402800258899900828573296754216352
422 23772807832563922536535276870842233257394645481820855080991679513262066711440998261990033699351730321482311147101793306109169866688999936960292020792375190877936339910555853707777329612431787372362056240356287526921599290525054383632562375054054434367431887331610602214135806390500
423 112313935605129711843016010211997167064552270130361493072514448599132421303261691330936792956358737953635571298656606622761495326677960335770107102451760450041546304232452029044989668671035789948945236245432500647555412990244688872399957894188250456452472204710493530955801324820668
424 530628357593300115077739153558704947959614182437001375334371678805323224614212724732378454081657168405698167127211225222554014126160281223264399394550774986129942799341669058788591796521170139924594483331159049349569178566646514627769209311635839987063486711510523279451761325051430
425 2506980133704481190261170966475076018036930533576788677509697735354174010941928147618252542859762399932724358337775426812606651075663953076822508311376428636932057566669846791960494466756382365576152299907880694899479100244233734896272464114083560681555164165748578257860293599238130
426 11844451094459374185325190617018795489845146084679882053939387516584920318002538766988976710950954593342798225847507794646006900043904710603825673074170372569879285550235493400908019441240808517654384774793672967585429682470569544891832601990448688058336876952372003662064489228212090
427 55960627873117970975130840694317266010396468895835782485380953366110119980745953032904913987893870781733782092804352693301886374768423550212118213798410379052587404131736755742595397200205257794692862499797369028208672852922458222699025861153013683941128004836346772539336011861570266
428 264395338642215952742658263023925892679946144554516969040476256804359635122201754565312098297707168769195811181364327564489352846383134971798891869495034392758507178307931812970158178687729185073635839592927905248307280674308772142827672307893910395373273380299980487746405479264397312
429 1249190201694167897287065121291966507786125492972111635470555796047800471716835884612464186484478888432405081395499147384209633943768368600823504562472452809300279246476475761636907086120512136301585018200614866185434167434197674262504015516925359089094085654606275100154614048714332480
430 5902104393125622995571670172892555780588243358776458591212093730708803969343910319999112582041332662712212485356883793366337767690796446900487347111158252075966608362210753342105533678751514345054766666411307465853172736958661421498945154883985790353170139204747044857802660207983603296
431 27886161024483132671888515902879330389679227656341810557923177457413771265272114522994401388425256382983271114942996083451135302093027683216901155705946167883144235353726299989013006280580095095116026616882075630774976562714309861849495320123515370038427594418097162943714153603831294984
432 131757117422744945444488271110142074947910093922315250914732727546038362189158812168036955844651385449616861599830302424487726996553679609640157730968331975100706459473688284905361167653749702623773892376888248919143185196381646988156197270452476350664501219773663509045301103826964180672
433 622533794828423538699631415338156121729454277932630362635412175148234570762756125776768610758003317745312111991059102629320064370780282962725885635583315690916258772529013710010499724790401601628802266889762854701516447287630627333347326482678907449041219986134514267126024717836087712468
434 2941407922210604749886944359615424819671565187168556922775344062059000051301164029069697202635813784317869811309377006634548190969416483734778724682631362387641003823845618477068967392938102860265983907659421584032400268862259009709381016681160324868054984340885378025036227774436978513952
435 13897959592838224125607996207097734450946899127757443218892730399492492466439706246241701293885950414558722787245698919305297878996621603579408511261278140122810132079295862357107027043057012211869998116500254578201058309963614031192078563236124012777447583672903357109033111564599232334852
436 65667468923237621165880147411311020899286818278801037598518232034726323375911798175905177974790243308630543492480192322146807164679758853475324756160107607824303877604023820798155107616107549822740591720102803455388835770425758015147631428047837017075817498426822738679929662386232758968256
437 310279397653669421969990027507913241214842477325987439801961363834346391718920642566685438264306003080475593282669555350987473828380608304722890857641550906036794517639063909231087060609956748684736200015484815110329975491204190497345501444762325064860406995453212794806175109756861213312976
438 1466084547504428758568567142665146399058689017132612568933564540302968957937045052362944003956697046226826491139737800287156261400964324759367132762290727649985983489317064197763271895500827960925035957071641776313502393994059944887283978861212782824820910214207349012447397694443017223240896
439 6927371708037315467000213449858026987464659738873001264845319048302020937431218573895224419278876758045171230708933593945542656615261440174141865823999725487784628639099154771009222052684804816723877674848819741859101503103598853886785418501398741402761892818699530526624524312897061542233008
440 32732663811159371631246229933809493619882347548478823789277929564671958731592895882823777805323094767351271282006814272759266075927834484499139836168971947139271389031798561275263515777910479305879099934497014433223564715866960282939208249819077471485673909825879941501337397957732404808822432
441 154666969501897454677935613184129910057132240745412513703641948917024625241890033040272839918100288833024401641501864419687090992456960863147556062420240298747026548116389503504410852756790752760088117463671163551193656228678401121702929395399164714776930385758564032492458372845677768854754700
442 730831326696853786713488711066722173522129898607764162652014101109836064019144694762950708972287407672290413079991805065571009045060293355965751003628264043337929225000658509708434673206165684637212905987602971696402843831486430980580987413800501487144444640901416999031356231645690879279274624
443 3453345819385428748728693767865626705860811290647829386202948753264899374400771267666077702690889520326038750583757335639889241377226133453216792876578841365407214255404853790749235825726336275689909804898525893025801931063589516323993450849073344859387782849984150419322330055685654514816146436
444 16317976723740733980916667330027188183044265060584259623462077225108949176914902498811009604320143598120948389669829344822271432060970204635126258442122302011363022848481320393380816193745641187277801878663987649175661926305777218189049808472317737635473044533041803144762248650568553003823760640
445 77107363729083951778908696248565706441674017066596020730359526040387432709535689378309600391621744437553771859049366151753385102258063661755189321656146373260384567407197608517366263716045248152742750174996458253386161795359406839495763072940613579389825893028434709355806657648334674733599458260
446 364358321911269730614410316274385953968487078597770083980055831632392961512657696636383336081260782438362712901443891872389517169729079082086954867496994673058466595983653634669909390220009572436307007186619518993828897285280943407759276420764727805867190737331044624257825569607455736237670359072
447 1721729057799663084445579225981974629623530524886654564157630819667674769340964082069233039954870589874913052614660346038313564167685573022416969357899946348255361078215189958169944922407070714462271902679013326908381038670591528507434774244247874512378152488796704800037397868255275006081341096764
448 8135873515204093227783893010964057968866914808796340170623258305178712132676314031143603342015045515294068963162233894282372238487867342022227883992108776523328916974269947190919793656439400023995351002378100432899522622711076909118499409364136725901960547839228626620871003900933794814590641796696
449 38445615282637883196712833565028750838740647548396243865141692779223617312541721616644573125570428330488616864762446991235619061072342249788426312710294847200031436825949471410266887107075298592780427058727761164539873530753623902261799248094440725211927631395273968647863390014635033677384419936706
450 181673957745846291894467027242459479862902190052206483341881121168524669920533370560995464777248549503272233361419082480869026983791178979731565992990771854551701120354043014359670069970171723373113699743824921809846627133870864317592710892551858502717534630732658143910616993792927267266891518371008
451 858502884439790628004794466075079227021232460895545085418599553430146579968838474996164319641032280867824396765986521920389556392739589680304645049589561171079734929453983072343608395920768364089364892731158822588896192578491469442353510306036772006806342134752256017895500928584581984643564486846334
452 4056897596081021130610514409605496039980153767887463934004185757523673269429694832377542013468105502665427903762074203050665989284602690555813476915855109553681245674142694286212179843336350297112546903533655943582345901099462198197237347388483385294926551299908499884585218669867640025616447972722144
453 19171209954822571520955404641427361307738221970548454804167707494834743312308143157827749136535778919598639844707538683039256554363696806082817456680718691223795806397333261283329531868671674580941666201429367337102007116843168474210619916315760194404720028781573969645348418149397834630074331146049528
454 90595823834654192761840055633045103035342464493083681124712401538244078189232667531008192963254912045151289432424132330226076712213006282476215600043125020593389633191082609125198395450847881131223109589632850433987692898390837189478634639645177648635408085424521731157497296349367020021797690955554400
455 428124416565050123788605691125062256456071832011578105938287031418410887339799982794380946476849948550622528216829298187373818067279889439191299242300425798506727092819088953829968544066137984920193601280070815391510125251086066228649937586209210206895376183760377448870149874801168860652590124008330324
456 2023182056767197377980441506235042578066309383996148462006980805368437054690657561153181082452389266831774076733250138353394622363912408195012419463907936312178293891714912118333486761920045133201233577861802436287098817018139936084559762007078649725346504646810847196163447628766567556886990027752368040
457 9560994488719795979624176481456967921609888237003610085749806841565658270570522068642935457149179974426889809214788726119472675499200968964719704758970337690133137721037084962761935298223319409739007175506733758025546776258079805982395043530686398112658273944242673710532265100639309292184095340917893990
458 45182919846167611658381080165245044965986954027808964874587787004078361405053111611649871347993395552204900064421595855662037698756958756618609810456378480003649101737737117307904196332904185915069043137668312207465092954528122658745684576951367993730899474269231437327501874460857544270578636565659524592
459 213524948567889708581890467008379106776938322435930339360761060917442406066794783546682482953827019040890475654348879319890531559142233030347929609388851731209107969526820919522778848165858595288889322514844858565479071670327843261037303881722423168956497400292652002102555504711213772616503207251363153150
460 1009081057529394776957147389674776367044651624065454314423478878699079875875457003844008494391489289358428471234544537025676294856755798077919305252693639871768590422548485700254017835075423521295775603382571042348761515329558011741737361044128175370916513313134259247416665945978038676580597789437544311520
461 4768772041101986670043133825261510862409681080970999800681389587677878249871812842318919174114960300548395524847406240918032486099486110323917711363961637384083292867505871272580957398305472412041863842798236929927444875773601799776897686052523936265091456424329955257300009032513735041357627703913922425680
462 22536690440074614327745393236407272988180468575678712931224862850464059730045036843850566174385759076864366782371030050708062667661011115651444081066677617303460182048664974830198195683045707898275077779555355323388848913728155033462334729993670631934064370149210289252173887719845371516652998250654304511680
463 106506661230088159967225516984255578515677921442293843935860765688250629464891161491807389037222977421666030992898098636381159450325020507447404117827732478803376269981585082489586226644183569236908349412471094719662597669299929624771663076848854326047046578436930715735034260234840681707176669422160066310300
464 503345793231154643221766223033387466900154631934875578709726733191503219735028734493500991096836319325825712853070690453474086485899790975097426033778976431846320796837416532127034897381257481585840951071383237894392341179460148206026248671142221076708307246127001984399258165495426587095576250096121909726624
465 2378806651713410189952964227748089993056559507998717254292418772661767800877152397661135500636513019261311944811729307813120861055204917348420574341602791229125238275780778481600869540140060078057576978911090185360717213681799377336347179036725461737262942585274364393267386037480662949187656303411335195584140
466 11242291979386495930839803307505543683918668877453883599861688030092036562662172457582920565712808074571058544919851999999754921641944435883141274770003665040949434518649303307571044218079914889025354736808922319857256787098627398702693056254059163986670753673635471134249549509454938284500360489070327297992016
467 53131683737574505925348863443855463022108709627593614567107842453685145219964534907538192969096847691269189185319256088744836886152291877642555641017223289464468122636306276478353348387239632605891487331199154506481201746132469845486351859271463694667239037221910089036929348235433035077251143046485522709374032
468 251104957421840670290135206741372319447681095658412193089988331659088181002982767063271954036412724535419755694911543929423680473271552898267559006528853370729306894766287257456609598057198091994510005306128288554666862229593591135393928686399186052388224202227647986523623587267163113518877220102766546689239920
469 1186751997757491296998359728662497223281020435920030454011243830765219828182424663693683211625499344665381582022521457749700486373170254209094425456846667609649434646197426854344193670745293523685774960469097745190034868000550323713711533125721651904477621872661237808699396523518793566750000312234123718335128184
470 5608769857508474269760627719532019696958232703850990550361029980058694834063151741469951347578393440749342848975399703626381236622638516903914769051516670662529382224360474782335651466185188676987317037009273189454440185797782313870116296740864991309952480980549457504490491809861852253073377026753840643848597216
471 26508076802205380845391967203300116280888897528565772507877431078667554889603978156533902802535736190353588107718678609717656621586807345351069631920357860993814378368182184250299914921489907953959733825977768210613835684648221042318809079044103325246211252535654701523046074807475697104724824044661006762329310776
472 125282888880197032311952912117875576947862460443314471334390010367238297712437468009129005035345762166381105737415763822182912501518704210832353866687884320531652996867018361429835157954553684161946192073910497435477772286237607864263295856727117977125822584628481062158461109961271001980362002312821471803353982128
473 592117946838164944589961445013631974486053419105757637265020703502593540362761886609791242302948744262932750701861437996267727749520070162615981113420504617236251647017029858288922600677759010562020645568205514751587657639243498540627677591545375969046417837578230395018380858551215449260309414524361943920058647504
474 2798514774253384188686334511503829627769285555962521112965963000196728894104082410749609808102431756748403282139031106616782538778086811784713854588459590510761296537715802847711214731850906289352381020654232360068815904289075344461566117339100460383582750388813662312408559075480921564387287682072787023172060546704
475 13226650723852555206062203031294045446524140903448399550244794346882296463457591455959339356375662671660204827720595750945299522174476943948710930180397272576805261974911500159875937443168688090580148058455074312767105275409453210146958622073411544356010587204376913905046685199297606161190900441184141898773687103096
476 62513678675264059133160214103741499927370683643726073659667750609426541392051444129882229226305573550381166660188606974175032551335388577302226255927127913046356292441422722458600818749872171572108225354959212950333258016999982525058076239598023021540380622693256247321529060357209023366186324503427581218348285643456
477 295463000846209541044997978066548767225686658622041398417392231963883811703969927718157580868751482027229155681988992200664065357997812011361311207399247734788881631460053581671586052470719250224479335042281145284856712312509814302589701655495192608610532703586711041253016632812868905002698567939309046596653795020028
478 1396477742116746720707462957749115428044226617196916049136677625556211359748010132724947740782995710977257544033673717905979345984628064785971788031711036298724336862369347310243979084971041671290534729094205952272664109190508644003289847274136159123343189069758874254498767018690368191154884253640917844861272601956768
479 6600362453421690098038485778436218563686040044669097274634288743804876255952336447473471193955243445440526802730486211054188509262225660778758158896724916823042876737951754459904764013433417883978228844384955458614927156227715566546598497329289412501423040541575984467157436580332280423268475610187406109634693378654932
480 31196393783390529126456698015549721622988838826986489098219834740744490182859448708098064865236834364391512668820537997016782872993733740790213073415272656524979184348773089843136300345531169478867774431448045651424339988744286796205065245218793084923800655183653124252554790569824278069046610415888436963120014426570440
481 147449679166313371273486034891726179529088770107255614915083744299808146713860288727832987254199894749297417039817286137599945433316072677851592148122780681328706533828278395107604527931290325352914261381801251094325477650310367269750129180793872969112198728027939227701848132467158885023492264402293294545555794643892420
482 696925071090988376836975757261482459275014607224400201615832239006107004505407418408852971574248654437814128882442673007732407994327566819691939858454276033307778195444195041652970794651600235188281507831386546995798322781789416064305613127123727029876514141253672656532397471523534040776101200133598884471203370981390456
483 3294057307447344149448217133641441428561145325159765640160262091608510310411265569610820217201622984067443546754039922473103134439368435581320194098471778434410101892670567354912498411994488860697773377927791876994101130093429090778177261502493145090766210288817647336397016227473495172139607136875678468576472167174297932
484 15569655646227451472439515445407636956933989891705431486577202865976800553747504348472060251187971278007613660129350171738786302971862655013427092513579337443568140345699905088517731985875941797555004791319871807890670930938069635627346288396558934233784821067983779158828100627971641144769094680418726720450785932948844592
485 73591837595313777439784525416207370554496717277625713231957692851419034507944424044787155090317759356512959166673356006074496931985299793234350938459727281905669347504405644098672001935551659644399769380904596886469697066634482250844485821511500916566073456754377403360544699610952198535913620243092379419247411195203314128
486 347842832646324328670240365174537351068476752590639585284215227833929095834218469573512573237950927034397661662937273686288122076676379727439535566700649453789871373224727951485339628099979027145117463974888154487114555219006303675835160844285520578104957069055504343990238182406226955702484333385921930853313649082792859648
487 1644141649036447479742251731930220906900671701260900233132848884710816745841592997959431822805329081778943156367160609092445453161160939465102440437098808357408035227532650170438002146976193263103288529792770039245882361269166471590714774912608857261436355681853464690961011469475101705824983794014479732223641245574554260424
488 7771380113102451502160996871706217727731668794476171463699766368479995813941667687357681859529208345178883830324395644519513693941815895655982889001889692208539331462788295687897430125656974478943655233345621533616166917414642187067163634597382254589078579944077952903927597652580274705915023440389427398630382369923171431784
489 36733288521901926108034220874553616701188225266383532328189982089974680085270927119820975295452559416064376512773275057640172471254817017203437571611285228834497817656614202874558072059400846542320841607913651312621762833802299082172254188789470726976854264117942827071986762122088911019237220254893022351732879794178643626124
490 173629771921044404705372997217071182160566582032099621009368141231358263687339227863647794484956687011334192367706875936348342816165065518601141943257160142117288753733407293916997223255860461540952241301628440519749310416695487532060997666675616148537592852530864873330820157515037516402608165573811867083863430058889985074664
491 820712966319902657591785918450850895064536192533178585659852494556981209361701072610689476242823926940169883563478233868537297840301795357741502883107510716783050900865450830582425739424736213509871297165562176537702794087063814637836783555611484003835226938645504205214240143919184536165548850978938569046262117735870581377500
492 3879369072537553866997396801189922688052535510007312558159292103145724156597177384601942035985092912814589283893632361764037724109612829217230370035337401320794046543455871296351491792637878691189535663660502837937958253620409103136084108657722342171796074425320977941193330326931506523071500603019783084846014689931638938717376
493 18337224276876295320154547480386079462134240138046715244014641391437265681998515914812464958269761405317847110809103237695367861132007970047005617272173035623970655545390459684173576939069073762173751150913173519972748781239991880012517142527950171320410080962221875367341656619743834417686661532833273186723039041780563852583084
494 86677978999724024947922173105996963991985201692195035106234111610444484102856943954630229523993494740840242951718096550694516705759070127577612924454653591442735029245797031538238868382618558756018826416747991861077759656900698650763672818337167721719669293513814054636254794087736499232462120058863072071937033215913225446089696
495 409719494381882249139923694462869751536268465402825565271233562451831406625997512065863566748332366870817694651254328669739363514891658754224343224347741063977523967264215319021842937118521518224565697722597745050558013796214054467693774334303249929238667052651679191721624724149811345518589650707518511069532133005801410586218404
496 1936721350375236345984606649507820724338988892386236017619674881607939452074346361323502561816551126075099266235239239578177836937465096076959345610859071004542115730309028136733157318489801121169502745498649151799826335721197159792777923711815059544835983520043313789020048961652409117994790407515028329891576689882565390900804256
497 9154830384532904313729076497775061470379105760640350636032175150456756232308232958149413854718100164383480154754865793766673302783112244285822255740502993802891044934236252734098104464910264849606728181890695621343320625156388354460746304458300869466157820070665035973135183487799337330107848183107251027414602941824272442700868270
498 43274903071073301270089453106894928217962294621722633117085054696205662724981310645518936982515421656046675577429460914476231919210108570064862941708820828909045057210866423355874920214408506924939271533218782615232421808574794641219806046446629761959351565910388095611467698633287733722683652872338313156938369057566686189188612168
499 204561798801796205152422837274571928036808898269706101354671203945233609825719479690933813015965730312262626343007373360050388045441445964113118583223161666597196196234458259104132860354895660512230657753078047810882981016789390223224231641919568506839472048207694332921036410019358115199787581830150270432817865377916797274325860866
500 966975748799628840550651142671287083201950756741978630016682724581699681897749934404290010908345300216144408946789104001845634692712969724461152052236912510407949929187416285720377690696831729716523021360808597816047527543489095276964059655029257759210268887721289763796891387417945821486114434612157228233113056088231776337882572176
501 4570979130794035722154110308678625507104835413325134571115235719926741785572087605705093096067966821718226984488119061495343640850013330429605728633291492809419591863875584881409484917613735983470736635999259412092420774945170822645048472121725388462830112271867645527944819326610097428152376114452724842457272664087169581399919207952
502 21607548273982224548184488921829663324732289179025549565867086158187716593654770631827516731446338130793415903452355036844687646151397570287008017332896560244229647232267800356197475591591293773127798954826234724415909102757380837006990330974872624868345646708985233283426178186533782474071289859707557485474215180816961229692137898816
503 102141994131987583327078332969709516019483449486483231661518384291269010288058282636386222648575968798954827994486508628239432709711254667902839873316244224066060156919803223831299341485665459862932264603002800549303523593758429620883702293897489642898725612357996244739363823769011484803064217402301638781299767317666320581026708415400
504 482842788692323854627953398980287599059496010691504871302374458606842800602662809945567917844394918701885967556853816269899089367988875987041960049496897985588209475368063685890591218109441824697762099606938556016976997468429818724864767950908570273162534600191353301582114261746284492625295735622638559655258598519057949959127029120704
505 2282494465849303632921949923055353856032859718359401200738770851147922173596662380666622918999138904462160143945505302220075946884005544883173272225541402464768961864540480919760722082691825478615297241022737751656832035256140228740973968374401715272372993846309215454684995736390255897345545051375802709156758664746883482648129657291488
506 10789871516052708286795914644769301151823079483323945661491104974968638357635879159806721845116018285042683630285833169615113380367887519484155477835880004005376827596568977328562364138890307535483866962569447172285045785518918240276744970075228469230189401629615029747143035848202488471409845135942529282131440500758671601927857120820216
507 51006480693394398407740391176047556565992685663903324481060962987783944132541789980000795430894011258985887177909748299125510321684763233429878174158807814822295407323296932762525051599489809913865238151708250515003114669319593958597519571016119333643162604239324871608358653783320236169840533039185670233795437425205246083405368178381824
508 241122080288369912775753348685695695565243412207387192079309467550662338202211308614435929024794177101777397392354374693590898704839060320073034731376834617771838142198175275445797060350686603064477144425213723633877554375690744732961602377214158879275418485550577513337946085919519188602743280514915145441362487089525465561880906987246480
509 1139858994454020487407987579526233786577158370539545405996654269328506532930838500709036199825733612492359150964852083012606909227263831319471015276664953602525159073581693433207917166193722743542244841072215422072528816769791895309939935761283550605988785816106558514223504529846533334043403939410066149310359956111615123506797675667891674
510 5388498862163727654573855672831809855930462201342437952220242411634616505055562276574981201921885215833026337181807735481358630844056134570365055169611461052517319674378803157445043779536156852082986692894430429488653216765158062038155048371952744457188716774505714472485290901184957683841869534821466156884675904913451760512141044799442976
511 25473403029685705443683107214585255921085326154984449541322646747208224801822938245886632603600169383969093914622941482712202092474722433242153894007525147187538014017980320227850760191867293341385473101811383500728436670178229728288159489022661533261826577140972592906332090683890012847889368073458677353070499534642853527788904488445753580
512 120422776144283120115248383513961034132565167191666255404413984443244271107102156135703209991491325953907973984569067366118759161722574114809630164813143109736088181505017837415679391103462530898050986848522024166553003662511590196625534231453163227040910338732808406842729680489151110308218488851542598074454016672947329245617701161111639847
513 569288996763265332419073498139143521394668197935558881554008381247465690257922204097733478144686994920212036989965877573086713263455159371558910833775458619875113976430736159131957195461112973744696883019322113715102273753703358210610226539972270934604478641603034566439521204197618866770986623727478985558251779520691078705728793709582813069
514 2691283333723861718244594384913254725476324958968036845284424457064087074791929510121234957667066592839504734786434649278091882245157962350345197832161870234822290858335425079181412640321499145993494907021032783277445727617725094494182887187390033901651648028524253664187034893292402868486684797467583339119599212947714965802000759332451344225
515 12722970541943450066595558082464757975335025349030806544135385624838856405198541004607146784034879011654123979860416387414982611051555310001074125610288874750306191479418246093526731521916178510804669274181737875124220171370013933574964745929260568491475585008036017595188792052010378081678436807918910856161055876481811534395677105010793328445
516 60147846028784031876095296177810663560464842270513772558859120528117733781447182953126454505818071079213261355412284711706499729649536433274647351520155748891594123000063140446219178711573577541443460946836558460389385481603907468694472515848528290082961446415060695018411164288798427911415133488377690611939067228195585151965745370039470048442
517 284350558407697835918058401013026505572282870300435010427539366820782138201293504187879292466873019018747878820657770902583901653473908910394138367777014708492729568649428777072282359074765676446102841058025849469189991667501456730173488658110774838971025124365068732564491714861784214067877096001677883063463148731607048297882751253173272170088
518 1344282455486508288356991634100429926936768072429154109781854870217756683168916671357927843557166544929157048360371032847230852957177682608180811086894823894509167597425891045658874390075596939462052921325335040288969218596743060490446381526131511419330227260278269419607888737008491711940375921255629936030092543224661753366883785253190577332786
519 6355202675808050483368342269555407513641244802654157402112448914018528312676118871382512392839180095645061854024039708260500909038110248482155491746300852986198516006299761556330445473745787452928590419597908183667494000448756707448939869039901617256750446695553713926151349352362867709530370023739231120126040342288477783956567646262720049468330
520 30044895671820185512419374579467428852701888778488891582542187488107355639586338814027729709961020046686013285823680317268807331357191515821205354032194338435140100848901608550773620416174215242381118706933883286868927773743103380707095727947274000906216821453222386765429513285067742185882926009026638991196587197126906095856572440546902044064619
521 142041224047964150366566187555119501522200108047641717039889677288599450789444694138189111425456577439558452748321574520968313469973074361138102175753890051928467476085616414803000939271302401898819456710881822488653871437100880547413761243397376426273742929031462769946398344479913044673581707297567412504776990550906247583784551416898573877207251
522 671522415085382161073697289187127800758596205934573967391353195135804679149292300319087358197626455361600254589364169401453743245610887545480224368773765134324722281658313631909140896918197412082971488091210607862942529725039004089126855804811647929188647746384226461892293877401805225072740718297319739330849790195086713187556808712053633140734825
523 3174746213202261820128126302028939430202283290150543752721065681690251013889363176186504675329129738054706637751621844511356982671832918865099658293606825393923136526236681201553235633909379907822516777652329311364059382385563444853426305144631866782348880687183777779055507646955641893231428506630936590597086979340258175800291086277090469933129635
524 15009281304745988024236519506473598522114725673499654600144724474482098423220385505450810629258045038044389265253770965566608562035389631990914727075310564152114292444604578751885815381189746575471091654617003421523831250642263172446402495614917324797128044098753408820629057912769340524298203150310363751346452283787995792384256533446822992569002480
525 70959926160177734275240709394163948736050857700383627315585585239434465583721611376959413718127988558632470280883672979235601593304516682834677623138284266288543113336918342436213132134766906844052634426893994902114317621206871428615105310714824046420097867250799489537716141597450678573847904932387116492692978373736979220559650534781389071129258832
526 335481655736301140874222307921705710789260568981624416614144216903543208739532934580230403297380384832305774790084512011226684906409081878837392479058450853990656873035217884979254919843382241526328675809005431206701211888325720080999415797593758235319632888680770763676345855041887520283064566051002465987436596237829906421578579602458629227719479504
527 1586086091761389715127931139280484560012682264534245540957274517873558711303120952194352150407953705130321862333035510600773115595971621442973170625263235717179149393930538924071970752868436426722852946503065115230856345813546540638829697212557081024062415484981195695954875983884067935819446938941865531312759813452848368083486089196887791338537646268
528 7498719063325330840209435603766657825006823064014883418242244465419302339883280327008299173428927399322841760625032093365123861952479137328878178606143019151358926736986761397589572266603843838359431580850582668529452540632337337916092388792165185414571989240376176933522031528524561621043788046972225205910191182100674947080422384144222420440197518882
529 35452735290090138768632545036020930573548459138803201641274954492623785702671355233914154385184971721306263030470538130202108999112733472513004577634180357166352477326904066471253593938708732411033018788340913208396468408631853678721787256531404307944829908407695928536227325883091928486136518417730796785815416702684376374451370465104310789318072090556
530 167615718227249140697988286511733633815099227943827893733456037697408493215729880624519759589028589032891863300823534733025959326180179612902503062919603401868481607767612606719978985250673459015266469293300225615774602767862441944693012948315580374650007373957652067042302501032574264914891762475609412217999867800072819474112337379025833654785788436418
531 792468589553519286105970121815184369912475024060648372645381829775928391151500058214732973570977054747678549393797323516864892255205058510755469902197124596488095551405920200865247211450521360277251151258501559212715531569948206133117108622029181419531997045177338615859998004281580017552451655666615108279143191061311601159529364451517948464653696407208
532 3746723847747696141964706011782893023764131008115375201495852129049192389463861187936716032938321640262595449215816530108181119814441472136631573187727036589946219550629911154499087649101760003787328475720654765821897655763768153965155385960476105375374734143376007628374748015196256890633804543310447580669178191240030512513559934514378595733832689543800
533 17714284489193509543745459238895003540040151381233299187668706076029134766182140514520433939844255828200487583716700560319595395893176092974837986963766071129608331887976929854741399868986980837216588716291086710575851435897678455361756027251608711333859620670635698837496713455180430824883017179680974282925595685318734433998298159315307217440466761678472
534 83752511727307448678125303132655847741485116650797847105262671083085361032426963673102918416608349772346562494765466709178059647594109150670422464873792430576335106561445002113498845244307844281185166576810323146593887538201336239997249097962241010995031758568254565119737305676540798597891669801406163119717919174930759568310212606635350832701444694287340
535 395981003312757667775329507774457157881997441989347971125980340779591402694257377326658074761576029496856012955311806058702221370724444480208929071528342791873739799483404956984084276663547178430166401640247405319972386494882480925342244337988851980560338759765545407537806846304098570113359855998044830854250487730646971493402238454299197340766595318738500
536 1872203878664837503077531223954851587650342975078185856341548554648093402727584884691274444722578740708624829938185729815800620770283051926589643913688425306248440958100052359733187087023754207619128601006826472495741146520012540671198490850730741302615512886434322831641870689573205502586505639634622233631712759686572488762569172421769827386725277264614422
537 8851853113243036438271741311784706202230158385148592074539155291119006849569780517904964533660217358608334079738238485986196100072592652907932576182609789832665839324294338402912150179886039847801501804244495389494932155989680862362499781000939868770148482337542734422289258107409273808328657591634778128099874095026767078423432601577507748468348052175073782
538 41852125346917132583415398510610008619254663935494931962665242058326321439466170558140638386830263451067139592964190972820157211666405692062919899835512779193631599573218067481519958088023094832574967656207104346040107592916609820701108404515395601948243169401309723025811760278537418776077869639336382135302183648310439130403865229576636455353607004209229962
539 197880540656926404618262108465696482271374953117126688785932753164935016953870996476719659804538208345495171960194262860295383376292543950289401947569375551042889049098296974887099124863088843838844398503644711349741874755938101757644403715626428484222194646690345492105400376917233739753680962777483790048288876913165010388951255942722981067027446413539262390
540 935601486423048607730971148194045342212927083276217206450884158988611775156276644601769223258967944022806249346191264520614957045576001688451826217434900152140046360934651754138049760384529967321945209568834313988702763426587553050413758285799352772354144647894224855020089195773363282304366655726907420271320497903460539513645943156516756998325512669443166360
541 4423651989660311828724679143788878524394614022859888140571888636291088724500422830414051162274814978134773047176178094677863902739410889809714703523456140357794839378215435462105688047237250291251114314327685068048737433931074149823566013873803301131256275671687482798782610875665414352945084993360640046634056136637402246113095248597888318230667515512831348414
542 20915739842437053423990468249267990513523899694590493360392184874583780257716159009806533572191294679801577892057709451397917902899316242516399019014919635852130166793099659119490246585409761904003981501820584974308950354775202942977263539894102966517197526837385407638347351590834032486556490984730250829950438320191829978878484601133095552079675490815975690176
543 98893495581688216955383906684160310129139940183441227777041132327226145111145806959747566495662581712021199100120717238551073219331322905250795672270229637597336170585140372623597215208748680591815033159921661662652969174976443835614655262739581251603649504465593475769112086776367025939063454255826235400354184153809860484550389453993558187131145343041957467460
544 467589161593609107947025132874509775628216530468748858340886329125688895844477909068460763302858463112232951207437614340292192805618482459820279004914493428363633655710577510371540217966561955068456752029976164859203816956529161220282545824618763025766397852843694250767615414533081336884550141336062387774139192112915410862196724191040707024630548992085484290051
545 2210870712352379302694587701127531990666609541665552326344309520291731263118766674403258270037926688889419141213647190821896631984310022286763500354891475649279343410719165186026605860547598066109009178209933648133952323188788635990979511986538164754207859879534719430705325765007968368894055961031575923710907783300496702538722053184375389155672392003295872036267
546 10453565672489612071899889551464751614321801030871554968223126373237005879475711709078869523514657525119220749232810835775328287074859647934663460621814569602139846549708992448263163103494094340254957961161853704618042663263692070936022972522644083728531870360775254403283816074091510964326218376241029720304590849850434869085442043477605526723067723083014079219297
547 49427397485922153786939868974531576703723450655335268827357889294486535718520680665825933223376047261512976757617221886294301190073503045765523373383862062137233731902705225496944767767736377232072819003926520448026453690993790413257015868764254447038606111739392500799686654578496648780153807891218403793925591501360001708633608280078341642471834317428057606850203
548 233707804102656326316923799841297251968412641977378717490716565555328467776764077447868334246940199289685727457406590647025945086263857003233607546824055202215355232360540666807703922383428040141956724972165569013185903285113334058626240566947215211236283425350257052018440728028606725632541810703778512602359074299519834218372138444840801811012328751489078275314390
549 1105047271065054248035532836457790659468647457852564643967241654565120307041548563941791812702481629432302730580780193314719566353471683814997550875480120932358903913480596038466922709748250144104565659967434213937448010802780126311127995551616621603851925930010440331089155049499044445270894417673611293564338432153690947609508296846742312089859720992743547656636048
550 5225052528497209606444060835158362524029948314012661900983326242538627161437710045902647158071267987038742986387920012630236615907059668014045161420933599634512729809982263706324821078106410528391945115164756355911250805329073792321305578265264340262686775936976084442087434079320727212567314757122854849860120164012160942834233406767141074281695528444256832687029994
551 24706010422866579201029957756831550010815175366734814999314188646450875117317502511884960973671109138454337059053631996877206037862974583884189195087235878768771744397408483056104636444661447543186594940739735948118044928411754888940935535503060051971863761212116616456667600276221205473576180728651692791033462290935112343894749505039518226573809138165093210007658726
552 116819872240290017127552452434869146457201867949928506619600198979275335509759437388454586657431605354157747439555333012490875133226764082203583558654776310943711877617969825986546148145506147883391155606466412062016017906287059060162174926904055634008437657071298771921372519040077254785797747144330249385209183255859662194780653005038322770674956423552355756935284947
553 552373675225598816301961277026687384922279051717163648011438970896607292474867772894004131300785234078468576838671942596350676064652155791140233333632371140475364765478758140620178613168863639619493989966013999436983357799481939721133515557587688697569770873657606122888877675762256071825605491733053317327191761089782864093536478441401783447743948680994266614383389369
554 2611868758817411796321998370979061755185551271485426233656891955062974970600435278590740827968766003636962470473224669388279701151830981541735930900800653321649505043460027995100139404579250049697308943938709009716984168959481897835060887570131343672913554943895374422761023725511374312484061155131210311981798756582704368667775378550249016896506108902284351084144162705
555 12350139195206467234123948666038370392436731017745664192408630196350558834637975756263775759118409394720991712594700855648504487143694827939531901230589724085522265891765323160367889193144078204149516592340875400382255422336194418348499700184061125698547192186896206778280789270362606412836831182159569570119510899090252710954776461721451597181661394169468615652960345041
556 58397528932028084512996972681525996674381397106468499504238680897051746938158342338260975474744610874816741563836406423112239284864366800080820642175375011593763493878795181847029608476164139547121641254868133854497707277986282277769363700958216230824991715464615785081241996554589169612527454231867458883417141512534070183850066115904839978846605279047487354616257151952
557 276133563370484980680293849902640949859255255054049097802131457503108897539268226924329573665565821705753680990866231486357049762105161031554392506035338185088968899968400683072427011279791632089279562938072351746132033867888502692019173134709661575284216561852524812346924427099247688947519140264440655353744715635742867265944796932504385056123206580274722798301314146608
558 1305707880445872816895419919904393409911098843578827208149775595886691940050631707848303486223885930842370378396073151140157901465601438776768788798188033064948813427471914915036243627475903963034466414113093596110129991698830601584619862190808293832992322774161985486069618846100781252704181676754281121613523783845466577368487818734083926667940092730231140221483630323728
559 6174118303772550934766287188403067779578319530728862496809721791145863761371517267139472178290097181132596135269251648500625725714337565350167154022360199921361399341098946508822325877388178301112562513458059327760751372114432715382025963812261321856894517659049132891801931888257138498492803301390085810027267876127865581308257475820766303204315928866498218623362327873328
560 29194830260230361726502290488566408974466562997378558176049385151920055705119956571653816521032955229214819471102461130241364180760398060373993585741197082638134352416073713701935413048540029994291538751510427707738972990069067914551199895875442338781252714559979374125746017411154388798172750634280203428079411791451092220931554087838366162557257152544129894457023748307728
561 138050836025905535942076721650171039525391044101286794204377943887308294715970599215802010054831472140679722268484150422739189233470496972423758923403142389855550047096683340125885595528989597955471345137781906635537222101048978438289211446815929230261443500022939752260994279012643934329731766588881479822360133691396696493043951123098426066197201328483414489738188718816320
562 652791061020330787898627186340605174635886034721018730897450267990083230677703776858756594195490725228383941603778564475873475509664405580522316999591031668069250204815921835494326775606669536021057851838027650064776690100864822799238279315643378679304941706097652391240503260491136397524762200116518493436842408456943756234623904124779515755334194949301109911483486721463720
563 3086820817455426773996713269949493871984150770536966129865462410624119496810578931324630435256571086919827288025675966094269897307953261301938290826079036278202372904258856562215616527825423693437255997812527538003444069248391631992163168176145581500592690519204755146835933143342542841903641881135854521090940627866552009653805870111037993344352141785252036616950406453844960
564 14596566114657646513732854387139820927079152222238558677480311007055877250957599276106747170822750556141239806510826461696778529705314513700776232178365696761309868270051931091276943228254259713318302439181484260874688394275019995684579726434668605703209989847301157016202662951145532170973669807861697542550538563468425236218093755281786207694789838328813831407780283306570584
565 69022713111880328738138459500744985976677685000841048480646104628618206941424402402172820037921985070260610433968373433291432465328388662786218957350764615217106411206417429158003206687639263178780252011129286756353931619064374937616286828878124532121131988186814208426207981020506156731699990791581903154215441109715807380320242335383797925894330388847953365424521547155491168
566 326388911545027151058910892265700334376295296360072681541259408628581254494372302070668896009423207277578983862638244637076400234234814990466408450568192634457184480629220859492790439034031547314605178446400302214538191083250133803627475886443316335627533770010037392960404278190182909815755165018983364576998577971668816305880508763278906077054459259360581411533848600053049376
567 1543408190060855773114222786214236075816298814532351993167760103660208516027590973886914826698216236623196102090718598748539874862443367994421499115401869289967265368956611550242801197690889395454682486593067865999371184356329713545646608769534177057978323639797711030806744279946688727828025279060733463454409520101061024349344365905120993980546935212726283912907009409469762272
568 7298409592798300176206737536481011283051004599772756586249693185276147076262485315454791252343043605029971408768679132628767578715927916260095864845296641109830586089476031224715196483838970952015805742028492639915547551958559986857794958647787978448664458748324213398816467655214507867805371139958364787069242919237428799292495180788186996353832183292062270394005848233149772296
569 34512600587434198432254402370469082939543779089945295369275033586908324448877990724366087651012475551594092979540437789842567645973807154468909216275680276249696289898770151528823906724720900801559211320612133439346681859474095547674496487737598542251205251339728541163232654787692195976967804023485115457351918105325424326863069904655371372628320882779775400739124332535175583304
570 163203381004599075461021713133956952865662406680960335229868784096783779707141219622873728536748751468788185720281757955192269845754707951291219585816953407005245523161003838773206887501577187352511227953985516801260882751154023990101308608048586522635734286936648717587340847910964747992436929907659233353833669382837245221580420775640064427825223642252139897834678955489158430856
571 771760637275152729756166168506618746683045374718080843765254704163751884164086720648210355330316268529356525594558401950566653903317295124683948789220125461113402111904487512183966537989061146395139733512264494141858771891418459555089707048695140083500838509530417807972824009500652983064730675974265868267138335669892607538386028984320713182457455285025918707490229363548838415768
572 3649539731436136865434799708752154329057715851939401029488336155610373530534714383679869798145845120663617894763130982088125333362661411490693149600850673412968708759030990531563581276156363603937672121387359528520014460751839800599219022748412361410757974522033373556855701964079380355390598812063853434583268340470886585586014582590447502490831144159134875715695793109226762199872
573 17258202493295337468744454794165247269065152953904830244702071532424118600394595502864921889273970778262115144458138321319947332693946194380427126335399411799870259529856978745297823683739362721527932604202619167420441820325825820765581187530163757859910245442787951180364913505453713581221279431642916411765187204393623163601540418704263061787065146979355471834383417670104918603696
574 81612185878869589338774329228258781960064101042683429949240861565291792243981020399603988713585346149468677425621741851638371928657040452889854322494029306364120910061371484089660734319470484083189715510193561640326542767373665415629985266944122603045802074521736312963102162383649970846684776233835942351618964448891570338518988653570043505757457135777541899685839566233825715954392
575 385937019219139959172290597949698813408048968779881056941868034500124724812705163346851632508166600487302617322658034852103761238873771162296552568356212714977317362879790682879549840100486891470289772049005768897999621915865027291436563833934940988512166006212995803968025820079815569590187056349773933619484978845247973692853186921873412594722111894975560887872279969590786996695048
576 1825071310115799127565886878602730725322659300574569212308453517295016353579869149799323827026337854538013077355281830147580426962629124833524357702355646701116785854484888473112928536258472633543882963566163900658882638533414825230011520892137799237453091841817448840468044084211430355766110409106158894265010415126469367244751622594753386924883109845447125392823177225631784033466010
577 8630683739558089900239743449524820803043953977391373763326018689681658060116252134113747942343697120760559533326312916572978633812688177601543761539591504973191001788076476932458987265318998695035879440352766499429720464532785428129776596208518546365589514352095708072681625825253950717553771787293270153798932790298301237454362143005002925987887981412866219533107262341338403861276976
578 40814316255109368243018043630672967671446866142527168960186768149513350350009895171935568811954707615452607694862880774710110102520191132887778207560466524707876621206900240652489539119545509655018488915856374377437109421088264603949485945507708773468723614655833016419901926345501100463685231529211416989097386867438835734054423627575362115401162943915003182362653035446423917667195786
579 193010883707942696688549934442244639324233428279948325012834748351873864749932046998011316395443223847198795064791361233870499218235110780587974017866176805748291578629226194721962360562159902144958583079661493672172284085369718355933332144051037020059950363740018330320764276152297569623982874987357010890542358034551751644415701097737125214562832485407502535859299839330938520287541344
580 912752471254298549969557493688880998439123298983094411588559198779663835424263842027660733671622615113202785142376051450968282051651498043308629818273514948967900530527103117641316873132832342548061262335068639825632258589149554343932845637054661155623499708605196766295239246647195056068412062936831507151591522428074010414554780121705332650258274193449548184102874487926492429340633856
581 4316444622478405462042218756951470980577582208252371975901829306281086994052765749766201453121546518886220983111658997889466668049043813303796610380533709485273629230087205862132483204614920345513205371407529222295729044032065903207463720385163883194769856401938215513788513213900330021652648133207087538818897978235819603525562884654916519050646204577214985543956232549207121746832542032
582 20412737968209765502710746519143781711680960455508771524976012774452218267625059824409836767296602842456956899133605356468098982316236642503330870749238271900334490984487339546579880427611591066648588211586549031850907837449233157431143172381496755332987289850817906649029019482723586076024399806608464438080705347133250284649958736122113999610633979456035418982142684106159853720404675348
583 96533548840222883503763812770086902934529835299400253051886899154275925323585293134090977397164926370783684129895902388493796084651767242573017852741075550417322133365230411794785957046231647643819452336260526622966233215990416903590869963755866721824423223144571344564794952364002529117841792805519738239468696543860685005560960286885075690694087566968628201264760590349532455619093596272
584 456517259880305225295361451123226556966671209687698404892573566673388149671613445337596432605097638439795426126099213815407978193253528802792392299941053271160670188410196396086181666704570882221880503423106962275750085869181561797453911797241097685589178449937908266203205002128012104527221083141113786420030977311092194285584638163139200292688436922717500755782008191312423109416283466462
585 2158927422312372571123127573571869308897449791855294960613276229113746462742655200071489128057511742493485633967148323802421872977045808017586851102511002429619671024990626395968038802224039991357426575219556980333824733642337823126741540256058419691935705076525070930004929293838734760593495762906024337979439554444223365677994326444097760953864948406170252100345943123216676615733606052480
586 10209883540180923276158625451845027227881001462782348491380523142632569762052517245405833482952066247329236482437515668857780404920165776272675190444299034869041810415915597326714272971132831898657394591807927819270573366347788935450909193585304560035727428827869684117863334735421604853433922325954567903014647222204913590321389805313251713576037975629178239005073850869164255860656888887482
587 48284243584745752185113981491864120467205970290809958171498411427368926820349739178681048458300322542687206611681831205665783650865246297831152859772409713919498557651388051568233066713203951411002528225371389363351278562841796061870026178295386687839830170938094510248027106013299012006543620664930780227978542245363226477292872350386868741256154966197133243096055181014058408723005741346312
588 228345242626635943409064530759555553281052639747176722203802479274670482392978631488463681755076806464977888831636680631121721000023402204921791192796307560985949275524842016623275376717228143772254928734963519424974248775471881746052508780067622888076594480172903734065757654941062668723102725257889004116688387648392396862013197387518440912478658239437336344083980906060148403698110556122264
589 1079892161905717407452016467438478489493614533673086225479521048116625885933291458271343801646314303403399118606571955874387824030712657213208946844531563950114448158206664117352815540446794590620222054810833609849699927265294273897561863362550341356730318469293386052168118239712064540892261568521846286751404338222910222520306459321668614166508387700607809742685416113577715171594825731311104
590 5107056811845353043802112120250338795523759492963245798384728788386890283192059124888933999513268341982724705204136236205540658185418057637627444061199935903309447998940673776349156418881331171899828805440699883743399856135414561021740706181339523107314775464966968972924697877908185163552661047410833515952581273782840679910068692207303807920164034104335476894454808839883047117817314042529016
591 24152542876034121820032908506131476290688398065504989096232004808788783658500072929532768582797561149266593121787298664497921968054546702601625963274422569839028714539442077330390577685145348749657049532477374242548780404676868339699547222409964286116108568477097829721868039547481737807447621534858259023965339614240215964569379549223260274826525502588128439789480731336121232077396432878710952
592 114223877993956735990319270088547360173918485120183200054328912797404972096653093671697658685214855371610819286323006861173688568231866266753717540623113005083846164207707593738018434045568405826160995333606938510286110981726303963676372162722206061122033150437225095580339020733504078806451478796665927468856652044066270930997406784533035429844689557030376319628014015321134711955893478752773880
593 540197785749253667721659305730622998078905142215035777416286756908346186426452794745906822438377808458567908300138108842097191398778861627474298900363362918004650238244252179336661714402586221027684492359088437653604300642863008942618902268345548161144052715950556560064029069249244482913367448716799387253825588924322162733240737177897038389265656343681404238923625733223065962406444136894340392
594 2554762615443462124147287660291925553901286197841464373625640393098952524429181902519828438672777961424910704699388919639602823420183490874533896520883054995036306296450120229408106320152612275674346274805772430345356941809202195983573354679734445061708826011461385427910575736706466070765242745210744124596731220513659947178296400351308352892391580131168703633757225190212051576234643388450912028
595 12082314956462919026796640647218629472721904415962972275551788127140123331135491733034350311748420911352597614019770590563347968440968849006000615537741924362882309600520351228468036486135058365157708767670160936869961656595341243386950682953969997680543505260720991974010956935576109975325077547882712626844050198429495578639954237724602555265076996965235318888788593227434650522891355869912101952
596 57141494377815879309884552337526632644613316936284769198111481906992333697594279644511912040948292570142196667464919322567993516283977008653307671782040506400755048622939673868077282538555174683939618907240393618619626536782166678036448840384392589795145529587585743069802854113835553355447837582720707551228219301986896907897308456593695753795189954483068889019927242257211177672442193727841931244
597 270243259531921747649699233042809041942394399276633388120524303073614019097568617616121592518182985521454932778861012767920573887895237848502385645879748298756502332026205608989158824164831589980520269397376756808317985599884303586952253199483114733358635873110690465195310385306066742991989023456784807208612696823996346295763256995474469517043685659919442861741490668606681484880145487487052606704
598 1278085700705944071039498542496163646821826006735678359218109098066911122589364313044456795070539867690529789194397158501547504720639364182084858012985208013262179618044952818703022371336213323483388321061936983018243506473496915139927763497527213248498603564239877966205087019968754379548030790499198686744756107417281880066289951584268155800479446644416720844256508716160208218533583654750449735080
599 6044590778656714167301065534074948652565641089233794064962522316445335406570053634155343290353489568750616991940788317955009640728980612488987750335766851684430787268399433702423255178608983808049462228453440067811071566769773760763667831991780696971124424704593911216048900479619722684470280444162364202537263717635390297784200559900585309474645268892517886122163512046660713339539264933593891825936
600 28587465225937455354721446162957727158185622676864742477922648464075867552965108099518854516832454291329666999948939289723953555860623502855276794998517662566030570912954428870373224037350785435694632216974556909764442090910453366785280991986222079453596806474527041517103950468365443788471859158914901551588453029249516083782180047126503322257668082312432780116771676853199368802696667063057509478276
601 135202961673162199927823293207547060514299480668724572469229793401861111662507348895304408029205763876982903493742785169080771305958967857230646485887754119952307811094417631106496585308043394192136076223176727166869917237913648735527778644382569962557356408176920431052373562779464647552574234488342652246809266761758642431639615957609017612426846595005800074572149842321611566604051357866416639444484
602 639438182482441896110691239562232193918580448867760297792521976264431430749360642157880853865555808907291428234005225709027000375905750071286232802374601079981034707903914358006224695904618979341908049143396113658227042938831094241063507889647022546380255848896123036065223392149367590775995172540917198719200109555084654114008660589915306127611675764861201952307125961083414105126736232660245661837868
603 3024215428368342941288809649531073072166540990167828869109447180287920075772474698405709560938091764260662933123707950613451817942632543417528888965328101777500411503649419858606115840338855882454921480771217012666259679682029945366562531068671505583441447816721115108190346959346690292404433418952429997718568610797250793955215412664117410643472416519951356654262527271104271228684799086128620364877596
604 14303050648299150322497990619430873290104123491526066868420250108217051811269429202580234704516302146988137613524898711625714213596193408430734543786702214412892888434277709454052382762082663420468465114778263054066540956394778850256948349972067361357307773814748889974325204676546969445524117012043764276111291831508022734318338217089106621050287616529677498946324540853731741435313553175744271670321744
605 67646668821763299657622474564854973866138716155260053479900287594147293973592758533807448640131976554046457837527116759488691757058717646652229132953875185650831663779632379994395331816073012957858954907639125397095518257884078144535304114913778916845730562483662782596221959900516513886865637493456460080250966282315300056011390064912986491896240130898146213724914412803156034688002091911778661503484808
606 319938080348862643907387169273896300103318259101823260174124209747654229486013858036574049753429976141501999266701394493254164463190923211241405450136438290882988670131323295443761167737143088723424042343219878109673464332710662320001204736700233312863915983182413650582621475902623796885188673167399191774481728723424311786371809787206879760298056106385509330005558381758227328003378403450001188058275296
607 1513168281596934276126074509091594568504894461945677509416735926605951459245680351471579688407370457243293907208114531455390571983830957094268595606297575419019481053973571451462099899222715641221733904553373313477239416719427523497750376217793248320429003010672785237617519260632011455667296242440020692094180718485292084867914734018759336555073999841911535240341376608024459440790471414462968927133247148
608 7156658480018980436511745698752306230031891332842457459058273962386847598246602190328637261075055184863871085215803414517633140329125945888898897579351737280497748149350312521202666467950860122063538178788196164886327297745119273058983684000802433756308412218216514615983002531880738552365328165952316203724445791934390692705054483879872571115488715309230371402161035336131134264008136458490064900344204606
609 33848164265983661946594327737383973412127484923181959971901341732184217009167444024641015376519653967729867759169917261745377475348079860727144471310480741886345259060661346152501771951902675457936577842556601529572699236833843483573577658988965976149366253062082063070303473291533761669582580795787362105877978287622067180901969828003437886661470121024488160479189986544052421315252348637102627863688384414
610 160089078436642797947520419059582435482250559786133822090458706497046285862316516003203824786148394716760791690918588813758671735320812644654201006546630105455503011980302633081022665031369723037845265754301723229453235974321541180844164935676281033618928013571473532780235311097882447890790971202057495599909383972584048213570190462142294060644976531902347521363454677183848376450240160853377609426910275994
611 757164146644386130803305039163280663742788881908237418453268053897819266763987799182206536488535745083887563002242007699441178340773540756580037328976862136497164622060470947338171544151527382168863856705967136221492349836888127128385766903419853715364934738189907368505164373902991216009069200648550600423817712818044819362335226124718401529483081161003371432658640524501976112235156964223897832396387281662
612 3581130302553065205267643729213456875289320018582257374523679382923770426506219701160359707261214142159204900111887979498282296536677733578819305906269914642867897570769756810589533086885855535421525711758667623876677207762556968428165015074728215493216263401531661143086183373544895409394358860246065915438300572555250180248167361413609077217335252730513007944318610426401013566263551779162393229776207282892
613 16937602886980940252537090177575879139492925826346606897850073022534152119440501837167325690096917299472566716383414109457857968153226116639710814154768595426309805451304200002095326466489727403947261742388148117861892077768341727894360156272845352941969789352668769508551713519360357382041793039991935997420201835561236265316075514000158049613609470980492827275847638303204873066913475339341744493142195895904
614 80109773509835347822972708956286861834046284373129637156029040483376490803796154464127641019660962417893134910830999059843617593465466311664572708825025062372914307346844761230392519298405072248896977373633637696399399294851013840824983170751010878458093636905452667255390670426568977478686732573792586035345541667047471613609915443818068630143564451298323803000920721588013821331411191737865908656668914400884
615 378896671788994408600068793518967641330391014110741648483782454852716021063878109523470580244261598447368290732771013915988620057345435127032128609679128349164786959884376846314029506305827484582267510261164278573117999580444423713853205558648054742051403804746814427154135104937048677895999239707453601920633751781858966653384412239519884636453403312541733430988228454286230920560663337451138395979358514964348
616 1792081681276312535734459130444715918931354921515333454827291232476425386162608400473041500948619016756823575222509307753437295642243539902456856583781799942347571032539876119889584302127636793588219878145258248117247596715997816495903806996127093655876306092285297073275026359412003248243308179853530515677364419958361816425392222683238249567218866329458226832857535911035376248515754136517807349431202416993262
617 8476108909561783258056235647546089840560114158012177516413559027009982756703217976113385495155747820714634467944036231029047926142488738803020480882283056577835772782419201580508112592338814246025534161968351796986863201761662406017382077669679356143704783636456306770815671271954810634008711281545602427715033876351152401935039397811587271772260540821882967744416050305719159009286928065472491147965791096059242
618 40090084204591819129491462551114810325915221419237410385520009711544247468809044791402185409503587975176027124319047500546479892064889043555354152374881138831037423715757211827575216273584772126123554948193035682600274242255344962663368446150839915059933853808301111024815226592700943857808933589570464373527554482987790757332758692147577291134576793016621353488426782294073254303086109171898880128333209447789786
619 189617805158277576849610470732365510562571724784064683714867975660771123508072643146568140080503007434306960817824924908940077197193963039840571859139724797461593328840489083436639435807273730481011157702066675521370906693932025800946402295896829625612170593829466974136207359040099236237952423186489494684964132298036908502676120853028107978867186341453279957833257834184155618972105197522290612859414736792874186
620 896856506766071141086932542803107132405294755243415035609353064982165643767505012527676526707475936052453242769914546568967724843984965316703089833064791686252694433956359188172085934858262178801965792748559331279083357810681571604829881872550950682997133612269910760470939181298233779730228083059813163521971653649184303754746692796244571045769132542771207864423719428841693064095838944933811095449157513741003680
621 4241978930754436121986614494429963395585915086830735800667166078191244774621977089068825414433036649517050462379694073802259233112503117681934583167477538472657769289311781067918316269264946440783118475042792228266945298859934704519180172695117787595574755907051062875780776875382985255911666809814766856014873604281043210717654382749902866573452859542836064866494907337445389541393318286882340622171259315900426828
622 20063917859115744438302813910412036066432863133445090640190120059882457684523615815738397292153765210241699246844561401684242928540039713454349547007737650726659604118020480590445589334769481837432746808519888973854077547217561941392120652546209945518211529027105992784822826374460540105021410746238352694257878214064942114069338585739031482396355427705638902524060114310335439706168257321269988764002600406502010368
623 94899660785986646315966753289795339071911548532239640928587414879740605748454431440718247295296944711779074045201860599111514473938624617864252913802975576103156245422461852312452896149827086983566801135216376044935779462526359119984917461345969236518120530232072333179692212202982660683350943804450047537048041618640148824589143244525031503110985900850345654879487186656673687282174451840084000952347606543422719220
624 448864499294035199607890160493960922632752843376392201791330059069717030495831511912117869925935079789583674660345399093924978438974458173558385000099440518939371945166475626297216655411849270568421018407937538855728122752246420610853538491968997293622561930574653336646171456929948346340439481909337512210801336784147101980586121778455603635433317993003119918494873732197696570198031652243498742139571810677778704360
625 2123085727512935885702697276581918660120334188735709740908854310342231558335738432715012592991927760886142031334858880527969043156523262029396318288328220024566758167334493452554091449262094976886367364717894530555316205224351069375306291853072560331778745569883401035532336949445502162369943597291333807225223273616919393683389165266531414153561126231194790530720028625504181101463651161769485639359496908766528287402
626 10042029014843213819473323529814551901190717911225665008446198000466861023402314088946155834666680512305254780398863296071145304006617524219548443694113684322055310889159604052351286526231798212530501532103252336704116095635925962102663328325478516318348546771068564593525530595040297196250255636575322109586017396262826533973499382541200448851685234448549614006689673511263089755787975623213478945728543149674488728704
627 47498191740626038598659175217355018433816884575547084937688090539294708963855963085243289301344059098582425545398718525742291093128037500132709487658042927637427241275096218676243340089813649230412805438949862457668197519138935505154010792856575906631114689969361946052671860731787257218680278967667365507652154544681637002519661827973687084605115032694732325945644415829852764355189355263887142173744320763076342202598
628 224664440688277114038794745136595554306982645775088843673616134927607182150357458672122886943341915769214940281486340805108345704563761828698176459410737729028225265171722005570491939608925698842401520313482865549951441514806504449912750060660564491545039050914951296393385528881488287213785866977474555447954340894764323397027987074381594800878685177152020675041642297750440416061673794204826824876083111974586820490144
629 1062657359137693665719667856213945597461712167205630812500638604062474975254235421106275017934292096710273761192611600037809125838539155727284810843035036273560656565012313761267451020946585574108452343614628760820487447734555404583220803536647128870772969971174607999220187310947881743540172767595591413896490516165573576843180271215380136144624534792102856392557639636899860645176813268926904720618449467347732918185808
630 5026362620443714956920778748534331345250410839955421228157928293230065001676908576513522474213099819839061972463791592418267342556509067773905764378616885659392918688274335721181369764105491160900470781622997671235408206529181470771502256840436456541719694170946248863962813306969785888720749186096609406066288121765796849900334763868954130968203382206631358636484483011293785120157037051967159054215951220295059675597696
631 23774753464602943536507140887887257545073494159040172072336718881797171885748757089902581745432338648292224309909230569920112861216716523813526293899585486245183169029644548848040707577176022828416308471179711906452627181722649886413622767579965939784087904144953826843505312639630611290261725649923558291847787585685346260270449605580206897461387081696206138802023100740457112929845134556694417890663585866217156643686744
632 112455283412941760117785576694404394284653323790457131233302206018501883864539886266160464016848532274430672003096365362693317726902454276285398238163802162662056063909606242656277296213338770635348384628015667856572596990885472008285066123504102814386455053836299261886318013151784828444149783038065744667358577071368763649007807377589873577699571830217350056020764606657285178801039126979032206104266007461194833859949448
633 531918798081731691726752652512777000026614103026098697888787535064784186079525362881945023958837242346043877291471774293138900538352886011525761671346058541079464561043845257261439089915929203193937176997677905672357690855356711523995747507917265160040798344358838086179473314877573338313396428317160404170973210331959936821249223390387803464516107773568393717119461344462310389850513343089585831879540568638919934204237756
634 2516010444256097405461183533662332804892223136871670936621338734960089050266270217097919727526052564881149356169563768937469170356181946295272017183043353483060392863256995074966883630293219163112468447929829374848792628345617131809720976859070573376560537625139250262201709963869190373857190829945542270509854496774123205875657703243454918392919662053689893097662503364099896059143705228634883583943380255166648231604168656
635 11900937165038493049643208537618322428584985195965677471850137352420604628024556966474021615397200545771478670717159742676213476615966417361720397369257460519628229350441227556463584178160671932875604147889062363250492795544361242722251727011846357357194213769123238105003668558302541789941184258780878795491543374297849840677427974827959481634590961769335478533861254177235574253405764369823327116259491004339036751177207140
636 56292625063365817104082668429641675235591637387953551106376178086793985659536240462206772466871666613910692162944545042061641634190511431150845737594332192023049388826176028600641761192989880130124530733829162004622487290290079544044730766311908336246461762615631075137674447472120333737905281718333811405109382708846287119183147431308328500794281158775452345403169812401095256698992468669122345702821677893918651982188624272
637 266270744120911897953962916261131734430221649839886764910372612715512099000083063019175133799307004759039023288334663946930142418134637343132655544034522713600416988401134902020604157735330918021024603608177689381842105740175313812100276456224089104691337477107486929283744447446531415626048651403981173977987611589327544188892105632593909134313904773756027816886151963777846913312961090193978043719002044462485989287630666734
638 1259496627599752584850701752270536397914272729301473718062940251335424990826035416372296380813352524579983839165851312990368745307839938237856792064819864828199644809509494166121086360923185827150694130557178712376088256716839330178669796388174141354102226224789998846563810604152248022936965439080289207904026458410083589376223142646680781130373896666392212057622176448523081750861126464002241875973234381194454674978395868168
639 5957611338211358174650079937850724413683780361791646080651040056821947882076977936027155596554935582980363806760727417714885579509247242560064583976338835758336557516638741392482672197713989472109153507866386834853717296864255533707332450131773706528721538919407427368039735203298365342792817154147430197552850366138960887803554365492789543779522334747197775990968072216680562932350065407166306052160048127469015651700253639544
640 28180514773639196482008849033795660380449107943731576092198439278450995675188505561546258757425717114847691716876421313805082142119819116720531169886965390645894096104792070675541009428086860845164616621926145042750725046479424643135023436428375329714080408630548891106835831267865818910161871228838370859596511245464121553207859952604070971981753872818506444507202395571198167702055996773859620600946084486210603076776126507355
641 133299115665590530222483265163336745975247740736604321056324398747839818896595134208528746469518206347790166180069555285641510012642250704784603234149751774763105899514276610306800974315150769681258316827656682052342666478994748262732553119970298116657233164648827059709060932932450256926062182339461154876053864598816337359685813787899876874378094872533253275701251835190273053577752100664142365829564336121824006861654495137519
642 630532099438526837275082460453064168231555122627639326162436422992164238196458467277333949333350736198685128659229767166448724580512816064001606061959618209777719547876903500592832587240498053307960353653496729944845861288050949745819347521143372281146976356565208256102527632840952889703019659381320295441697456581314397304352920094411769814820818965641704786116160189288391491347442079587966153736711366066026311472186708444225
643 2982556742270603370568137198930153328133629367034603781797900067734630242039773202236842159083308277374033761244346288622764760791327556800351903833529769256820986149025225393837802895028168265661989696682637043771697458456048090083189260318866247877529488003364417521236493414464774804025248480810638090844102138867470363850391428326970655340150663888905601611536915909731577240615956083221246891966479682331208428346664036247299
644 14108206420204171572648585084287897325181045449238188025443528295080967856764425422231442176617609437293624842867890076480427677450337671202860699388874777892806165408185479069824722997327407298537551892709293150908446980445913296375665704792490468228615511932522380929235218555211884097206206889276252264339565591217234436200076911548660365706077166270419239562303716776421395995684880996900698630776696957210559711430695075928094
645 66735430673609983978200687467272901331603275415578048743637969953529535785960235396854731092705568695556471429187930180460688298709399551950383489276525510989363422393838996329517552240895152901562045372274000096618650389039612728011044674900735197014592209030370694898707019733996570585951351221492824278693730955735602682117812738237515801897589722949037220250214703576321360239526117247349964777340470813000380433468435821233408
646 315676822533971538589410909090785521379140665997178901082642133351765839950101319568831224115020962902032675706934210577854344978821873954846060425183289136552539155021941245501453451151333497503789010207620533088541466237347563329473904955943089278596100185533340284604009375280894783423997443652062129615241497690770789204101953527519650464571636865698726814152141266460727134614987893490290650547682029151255548859234719876014258
647 1493242999677585810001709813812583303859852162200387855650312914958001861400596800138534892489470880048409093931334104085916343655772972608869516068231458115161513614861606910197554287417947090978582068664008153607660541623415129323679417725211350531205789971053925597328892365155003604812104207979826619515743401283466468790318652301787230964561793337788113260961016881657942290553755727912125295063269224656734774649442082917556974
648 7063498146021729969278762808932112896443588994283590395939730790434434873903824245497762626830970812116266150671645363564095368230748240865760477059818440409955775923538882836009822055343727111174342579055555206873752551352054190684382678892893655074150707454324619548530791024806006022016541750667671574306189074751652506781900941662270136372150889700122986694217310890738049697700328989309723108826453923288308132683887387004320115
649 33412635722346693161662372205637178277761319009026766861553028902878663107085797721840846673721098636684008726796372497745236408833184024283012548029891719246887110624734862794905230023755481131757666357958602980459759268880836657707736046903074158634388919071072814794998481352723571374607133536847883105501878689373840542405226006167725120963434670455434172803949271147091751062795949055299454851349062306327092850922576785168094969
650 158053160197193445273292779144018728241005014576344637324289668394694495633999971658290117825255675562724313988173548548159534315726593456562065734612800273314727209468147261207431944350092205013617074954007753546792031288235143968669478308958691734466563302105574953584036422281479676224669202889874963358921641087581400073872043594405000933141091782999272838688837310718944086546243312866517120980357633322845883839891821237841433113
651 747647997508173212086651692986155757410266767667974883061727920596510556178967346506441311001628489802749520910265055883440066949443057093209430339500456212040420817315771777877499685998766039197641250496843556552283068005512994496116824372530200838025112236650873198753253392890340678864911183932304363076978698187703614416803643306242928891215568971642278097652054858426784561450585297733062732678579664612525388809853892128568363497
652 3536655053755957202243696803615066318827230236980944083674510222668992218248324103811611663503545388816263183162552517232470347933354831362104160784465740385204367786848382038538395540647427671101734727996559744648916187612763781090591838840461860813813566931779704233266354047686428211344505577816019296784062118011941120912637528562017788049940959793087135599846720347197594939606779227949396126804692300715732701968383099766711848120
653 16729762095850598092431340403581187503669212071069467835992634218901001884835784263904526998053315226820391472204281496913105722053149603567214548162247886870488508744946909610916270616894765396280423429240801329593372807012142528838775022103180187437090740879245335768453196486299515024993416769319477180898336261265422062745056983377159407615826686397419844728812966734436301670390986352164322306852606823991879559581018127344220772624
654 79138598666323576255743699096576002360132045613797736117586570695009353944796075872438361227093570536679689505321951580983631831245528943174069579046911546547906124021748318221155566893519733294290447163682639029409425596536747536544591111323804130459960216897946439644696732120893064632944786279536046510742350258332130231644074716383853766868995643403778168564439079877732227298565983079092648272798931794685344368558266307889848333720
655 374359165406589683706583911359910274222149719367958865274293542543699981086493840581847214232190846271067956692696673644051148228468630627425326897327656364545497190089437187837586030444613561265448961206234042338085575791160219951241683614113282185467613802719868675878009913702167958563860748896438232869641365301100545315339868369610390722432394765106635968263129297088967509348031995719041602790512453752832206485655390569382841599320
656 1770883960007700880112025153519395036027767405847501344011022282649576678218723840643719099652115743893616936220132855024588786134943387192027343070378792782581981886863638141378805706333256854143482688199874670033712930666257286495212974472138505188990265930988131339288885825669694135424998877129630053682622674432387820231547325421568393278669147928698766615412175001615253062271462913967887546956300513181314076306726465170582735352846
657 8377091379134029929683654961942261189635398594745555918627675553871429755035170260457959867363110255464167478711210609483328376381119683718674270044504353455157454475916733089020781772152607077820450977351032207077793760768890394000292438608617897036770026369601546339091615445220691810601712320829390428877447573313928065344651981062152358183899892161933214055537653593593019702446493726240447164716761367583685489185374420621901104888584
658 39627612855213743565658795517748897327446882893694575859320638934270536336144238710615127341961284833793921477092345341740326072692737475980587008512432426511301607181065155994436852764966921236763240069380219279142190712868072222299065082650969159976069761718347304765251175470762573643344115753879821352078819929013148627088558466866132191074238155045643105523604824356045916459903441076317557939159364894693455933329175288388810170637674
659 187458041594768003743361218309141374305798076414782810039141392545550968693914515317528452745451298250256988646502404416024169745971612283969617564944840662963951998867469628926036587782135830038816653315669512864154419308859297101705604759165782461479558055399743584807792233935129718343583593903864498705470928353459139634332821785007010165534727301460865551941888106695927183695274449444112266991227909900165511578623963747896424978393864
660 886771528014340961500196108616933506505395084215138315690309279941075125171431043831512954423825269127134721368837994173759278745631669751748952642448908561601403727751527931331455933235824935143905442687335714164551039112641233133755099510591903926024094926140853769127794020240213080531453479845469111421399327677891535765094862395184935574847288014900747720355615581895688206816591400370316814660811258818686970359462713706133661184032780
661 4194893137826436458642433365655764333219415871151944319939242525332991377045310990115814597065571637095486447455056342363617027046002264417380149565395638638524457638826232830140250031297880613531269272522300646882466488689937794090355629273998347775067627392334680369891499888477319874526402344108117702987735645592132089742202692658110000916939333598144283258055428297587344539318597339330601100796587414557051279532537675650950886700691360
662 19844106773247747743530242761181998606263769799895535608110786548748367687424906581367146220232790163950972484984020022479861098634221131883855894411406749223963300154853269247264538720154642459233448926527047391552344840865708685837872605973024374294427355411094651254139847352889627122964031546024642375889784752455248499196123755677388525808750934312938993450908527522593701141967785078525021676957936906126983343404384071468711543149853500
663 93873648100611353653315022213949188848149898740679849891581124656607683210021932945616524714429113212888538620790776838939361388913868152758385353420692164830589741432036530618168691400469885887150525016450740984733493855554710530438857123313944668943741034005985691519192240674698622519434524548841509590448220456579855901692597092773064581762977153617661388407514095755178594929982158727553638736911564517106655630585002924110343717035978156
664 444076016968825768651236123159866637242326046393689036688909150172926082382058253749682370754502850158381994507053311811175765762012628791764558074252119869000606475524377770328500197462029489508438892904969260603578612766444734182205776825436449036562257329554309493918881245524718770610542804672829392935403641769712752867918257956114693287035193799854454505995579824581842328517018290391344799838633857509199546416485955133706737109828389070
665 2100740560726899573752976914921861573227393634646898240408562342707869404181465445570764205081722469295323629914080009766793851779947373521935399711866493373293721407783411077490167547547580954759351318339488040265202321599801457484349082073960123298377858479814086378774666866325516140408000015294056919387236072347629609650650185525547190688730189696351697132463110812053799043234874081893685878090261355683597137335890184231192255012999457338
666 9937771265242889952325748799168100501277487362942952686373922840737683574465189517732039906878622889071187491612305906672680058245071359513675848175926857355709182449371255040402349992866140331482609099295552290790733288727736857790617160260783123473367907134682089630022585432347092392129785900230340083089864650494983246984561615542008726631641238463925202223652888196749832658727867813225658910373139337649422025465650141277761870004145377650
667 47011817516606334627988491053745958905968725173347973066261557355376785188964513479318756679363606532992273232675120472648363463263019491965637289149300849686883580864465925676489864492982201884630106986733195095136484417177265420702060656175165353242833234929570413492694144130427533794364524070064822532084669756184277992144257584973801881932775725492316254570053593795360642599216051014013119915787250991754582109212700298724542125350056946938
668 222395785043900827313234868251023160423794573651981563442176702013479301128844825444576500260799315954301487115307099973128569934049524283495773138599038031163691121246390315905297306271186331435245550911398838524487310663887859154172649051019741724657903191765063491989144920207410459017653236167121525984650099270557414272587891426243745839099011400413860710847878533242961962204979969351623090078548847806132761148268740888355937189923607884824
669 1052076991993881280397702411614386065439292138779995651164070081047089604555081416244284542684921517469602442179987285794165570515814944131125746460261522939499481304756997199523174091113771053627596300982764895172570187586134076687507760960964174579558142616806349859789069659349085998540502660273960215140841816662262956327407899457281185421514353890731796835551559994857754864200889270165269569686528605864893645899522844906370620663632422854482
670 4977026469390512255671055509101562353695993061995022079005214686865008795167978198863350270281094030920627753762167244062562769990620653323791510855102973047913262527640870423052629820396728293880420070971279065079600725533575937047429235379219415858215116945503219336314108470987131694893574142467648290520254395713443684589030080659477580137316023193852163636906717822433302338901741642904601967969124892332004286809131492442835590622003841498544
671 23544736254077123888701924123523648080029813343139124799941983908411447503043703708144046386169775098941029548675636619614890049595661037139325415289536358695062860591799077084293452941624353803804457761897294977294990332256785257719244194205389088658741870411400207106854027248719034318210028538520447873262351181627965472233076417851616722297800166311735485869089128558164099183191481958515136616343852328791987746938014105846246206574397538175460
672 111383063077174658232854604228947263067384517769353452719589948839519607896765179008723427829260349914692860935013785720144976340451071463125734944984487095179026317208102795963315234637980890452896353317001144173555079789226415800083943291201924412584811477027569622704630105916826838969935945657028687915679643538453661940042935546850719213591119888645003097757435272459721734511777983191637936020747439715703943840602996171354461842077458723302035
673 526921509704707381657213275237005779031253414556625973555617709498350392620785593542312434692395007505263552671977287662004563163030793586264861907862431276780056307731920381502835736029452241920759507903053977568559982299610245209285332534891098360164023479571819296184822524129872485201012944539261639014568416318573788170181220156829280364540226464461089946334902599805504029344191299708160381928515893695282118482438633022016579344448130409612817
674 2492723666771646707442898804105919414165752603335763970730794563669605902905094658544948758679630902213785531943389351595944612818562755250916276522684728573787026481177938118746030950297335057294558130764889129262288878203934046418497514160196730252689945248230625856573948086376571946200721681148920095099091796808725426942836741805700460613863577408997607990961731138373920914071133840848407997823176000892135406255347402696671263753913541127355209
675 11792442884294903860941107687523890799075931539431357098197511216653180997888532922964810040562619447511875257162390925101826794572881285496563980162970754673365084519372303933995520199981214859882365706024552344082515424997299706219074716125483869040003529813408186732981467549799935956901080709738867106915731606633099570673268775921115508077163824519107795525467658682739675617753195104930865496593932699817299885804419161214747934684044458823966305
676 55787237513114952495879687783879384732128403972255790547293245642964184108104386746306434237114119443313134715926571037263640549332873882320846464454407918952072168320521677799601792257895002171280344827475210306904786223436274656150821928266168480813792851597190131609588923713218623449256669090299522661727201443146738324889828562712865500520493939230575092999458724060710576528997718262753418168425662066059079774373560947948206973857428056856493934
677 263916995087105203498386965550222674739983135641147068096262176210590283443735447834626085456384407657219582658722369868169571790002481140011375072094829823769171824108537297174606609599054521569579728301234885839995160250217124890186572276776902499612628756608726037206156139721811718105532943405422776793537479001523932131826394999231516019655278315566404691752414067362208821354264418627244601022933828236840022515312775507011579542330942144750996080
678 1248536609503141352101635818774890134337564565204522159008876722160378119427567767399461977887633149867173504269965080728417833351497294748892672207539557686851979558011363398901798897665724932131533613081982831337319821438126851414013526966573887083464374030482553444458947535401748626168154715538141185159505390647263039781408505619517273190260896452631212202252335241988000895319205075145981021150054519199694916685816615202022689456865202706291010490
679 5906587236940957382013934268520408044718576881108468558694870326833504063699250704204352763203467749375453713896817074022573427107932175187409955501776920616289600468517395297791085826636547182772602545482610765284131621329839545584571238391025244513530056093694441405947832527243230076826930379190009531518504074025277839524361641835134421267110789254888645845804448102891292619922714376156667730903940425236593681087072449704850766647354565986532432466
680 27943022329508971294791891952150903604232354303040959477267409514264045894612472338695733889704228049361810003773279737877673090312012886194814791611622670757211273910071264305265448930989033841547163526985592624077244681279266031608989169960426884532156683218654486191748123001549469983162202960343431673490823863968648175515274184374619527840430740677889472385956553476720772228869701756887660756364492637841949137164717608404273526840329884096490615563
681 132193938717829502837432984429861535059475691747209719009703835012817731089212607666340100103817708974601202588237569796235746279896218425715798229980775479103794194091791884012135053291050761777170442365147834835233147994582091947431363454527180373887229422070501659054593336079838796417171240283515396140923269129012998225231673627070249093256169875469470006660853260707907474151197382017503776976626685558217746819402764106512461727793955859091658096267
682 625390259559489705552766402689061809503940338434496270899246751769601020781539865894283860416239601179011010622382583421669211079575715067945321924782381322834381906051179203967488786645380576462309524231550000098070012019235710688286999637452777854603510556944602236516593679462921769343037541455579910416505149039371535839896299917414381095897017351808199073352543150859003426722644679705413620641748813727913463001430269353422886344289231755248658893513
683 2958639727091200805042597655296925382370107755818004828675507177535659618098537541737998351457704007068771186165050137202967415465620771635891476828096617393245843659030783933437297046546497059859375692491486722545896059103884149226211072409694162423949868779677106347707695123349759616244575748649890910562662527504378861961847425235956581537906130850497172656185305723394217059299370323443200637716146351138921593276592885508659625548771946128964533359475
684 13996983585306306601996228954107782564346403920819090495384826826729542881141023381998548804942997199034023397515060079941227315660609209176961760230090492505821881157009875522685906183640934064695000994027542324273973068151086767116574145503179325569860065777494624258824632712435408987132465979584949820376148714175578742644953106057580148958880855749148054329454622070795625110430367642567666224228489336162051236481604551856096452814985546427650876085600
685 66218328703274131986675373005911497324563550652865125437338394267817928470824534969801306713539713127383556286527903619187959565596160810271113601270626337011330464386742920863542739276659924272902990067956826871606205382372967410225274286276621497887384325794211586437442169620574444985196704031889252368470006760288945432416207075304513945794251772806786976795454745090149890920857201220266778330983416624120983779941035557276314399611129398096831131018944
686 313273288823718062332947989696902365524161335063420095446037108804930953590608579009503082705519239627981858865991177789624883451951375223005592036248411135918875117836841648623902190013354506023890363397905808455903245326235740163313711234021482719670689336993165527449290140571657650722260000693809842368032812273529565115632613341951652154052381318509407066745799018688714109455757310796138280541603186706630323111017474852544196863895607313959327570190880
687 1482074048102197918689497225239503242218901711278010621650342721741588576343655551481432857921170699959853261689521829202971745986836862665102604840613246715514796831060611977471872613814710620999560771575737375620279784570775299877676263950486151251535327881656619260472773629273102413190216946945414492566118873431114269246871634282768687550283707675449949300632414498092507667237795368463263535316960276608744131010404107101106255130701903491620093434706576
688 7011611098909641307792135789598275350428373463609712819376574822555720352417598073238432778668518777613926279641939364011738636247638807726316919444603954195747174383104085165591888850049905126731294592974480463575042068521788463929952200723307504386231643771665064311464085482030139706440028633813759620487086430391738498619891081808395512134328039462711721472977784832533105491799961119084418178221525819851659557980546646421681793458969796366657550280888144
689 33171653025616565585495454491388473052481783132869450541131026215210270232472828579369955046992095975451187124368416370666320738560378014929962747269853619945251584360252914061952764662250480175512984464545590038453043879182250418865184250664628034967629243615740832533419515396241933789220246303126330432125776849318678323319193567599141225528892104159883352291379641523346121521308878592234433656303254767388290723903953210484285482948237838718045877780002920
690 156934266276423023167389073185344415021160201425032836074985491907769898443452572059085481272755014220917956551615641790423259796262347533983156369537627968295991861643621326419850514766135770623440662868199096726818820378740723358550363057350395162270927908005776793640853150343602660788797335644370148029630924695706214724049451268183325825161663855591956358581894702366729017636549692661142302993386526780102107591582570947995449820797033842097772749619395072
691 742454454995253569410610905601205146062866246022594552631026539569323243725422140596683820120463144847833087546292757295582337024751086375800895503762256148058890134377379633227054769163611985166463651641029332961213194027520654069695793186873883164849792190659135684000660409029755927421781555944382770884163311166576866858980606818029189639375733011275241142434606217183945605666396681788048049920100729654863278084169330401458236856104995019028254918762365448
692 3512555692774061449655865479946760249099837750780023482259045975066189517520570332110299820739543651780000606470278044686640388275642960025679613653254170473103036918464699479432439104303389679007369663677528420123876754958804867628774436789780910557026669543861668395139339239731558842644766943310807000448451663232207358708514261848055045613553343004147234766376532337427721178959520836935143090882177961474873596908009100838107437302401918558223467254327077904
693 16617970409980760194700667087800728443606481930060647284435743603770764869648684890965512230950164485329165855104444113962617381633435732209051164937696937021592967110508141788072136171590082190749119809830314124023044137361520648906237913647334877173154234830638531014696902639762461235564191363663072930477798316575795937178217890704703298775075696063718054554450333661560256157131776489101181234655516189384591451348635919096615614248413896045098665859686573984
694 78620192166567227878401929666733967593708225068071149259017910052902944025995537698224403423680112729992340757119695235166725913403356384134313708165885282273844854007647286531551877026033152675465125176711463698721359691803961369747532444263078947872839297482737081374169447792798615435384355301702953780339280884792067845547260034705833855882518942006453954829477367107954453469712127894916805748622037136580523653593866998274102497466710981390792455284997841440
695 371956004539581930958933417583088517814131965999096117017062424426183869607128364368172397804330799030974629277995664979936837845053227162909621081131013152752063019853014724734663006132546539058500468247510094333940983431219193516101801273491007906684387229142024154476127279483021753811855444960363853913317286228218594688338287453832681909297525503218271172636988517858016834853132737296963549631472407273292554900322571871266256016518070980534731156374606149216
696 1759747659917794596447734740677190188704260746556996935528104941756757969482871416969602820031677056049040895218036315550423889909484706354103355702047088856549024619711056949346097363827440533559241758661448124630643107938653835760873307067869333796239049986948787515209404206382321826811203886125596362115117812006912591889033339454550239274963560162395306259213919078301867760312721416106530716850807861196668873323607392218202587183773119217645522445372545828672
697 8325504583924971370957897219405203460111853767812961213289585266036405691912144991716336208187861828715981258152243699424191387044751508676757871729936219029752877453606280825130757027259178034291238801087827971182842658616836588887656975639504448357779784394674424439670877841555020416502440338673727607352997229175431186744255893766236036149841764306700873175767379251944416576644037567100842987554876993873256582025528150840582968385459324901455410879873385745080
698 39388738674521964111456146904206348889365135873907775079159385122306262975118163122235106816055930672097857103936301622252348865297996677518256802871811145414300267294450355727037271282133526476530962880728042801729070527561518349371224338630943543011581208602927183286019895880416362537472003685836004956764931661220803319478511707582691070712676866930651723380675852851300792000662783925875516608416202939271904728252866178495733265236711421363348989478355252807168
699 186352370356172584316264442004119244467039977918747655096840408075505221954515365525548003983460165710052168240987466843798468745169398223103267998386458798131559044547113733276913306875355576689859414356036631417655658279961284741128477134088732649082768023974482124063261138225307249488096669812257143985060276398429018968622897637170303306329941743195064201618911249688962280563226879632567529506707916767688737445013912012284718413904376589402284870712061512091816
700 881655868553761553581590237290521851907137332219654220747687898090475557983291404148251930531735992507252582460972364500075337380115350437346719570354189142328276049954513141731856323239744744436070294204812079019775273387573393097606182875176153468224464695692588539339767494977405946602639010152832473947241412505551753790789930580500590469096922262057255841945024390602652010691563230735757041709318835338741263308880326334931041267635318379250851989203743519755008
701 4171234580487546900503780566215799199277239242496938525551196368450891963110826860222296499780625568584871392956305097017857527009866658466427431101676829709051934225964401051885375622169728492169333589598282345267149696201163498419262497053920563528010634847781939947655082304182431881550381532383565388932520225842054499784120871418502985088703508428105380320831921210246142295220811615398076527658489105972816262665278679867036152090247663475274552803338295465429160
702 19734741961966404720692689002950255312196637587214159891720507682849105893953380384105490617402129121397001256313136317422121617237088077351469554538413137227578887617578189387968161637251432887058230111159065172291702319996416512538235422590824625406378230968204277963474569494708174418674124385509259583877786747698698861652447151455589423853126122552157417666806629480046299745185283891525489361687554396031640515485097974645739022299110298055170002500930023053788784
703 93368334691154131309957938490662499196434730104879261995346732222798876263017469230451146172203432478671393614761028508298815429580289928963032411542725574252540258555992332142862526663930918536763322860079946253090962100257506196936405363584908600743226862605466620410431825582236939021343481928052546190075646468242586575718555027628665449408155406432472861102231928458764322988796718757074166277196551204573722717422858869992096347757033506434297053991959901466343192
704 441742406029579807408739865568137099958157436290755683514709052205369853907620434067778646368561820273307489900935220314997177081088836644503821262366635370305492100347469697566969934393015109819381774831539958007441630595085996278181303338292002242043516099689591155433902854250562566658606575163649418032350864317579611009905489134914889782470481357254119547007378315858024456904859416815986024289045763996612824131514333628443307427732437264857221012431777131511715640
705 2089969204607684366598149657228213810084661407003157583785285078736756712501943485591215607367128076018375383311907211917115471911000641136196021887657741726220431592478534723549795674530445802264529417820399208469975432238910800436325019149841140450054839940979385578721837329250052905813108921279152876513558453736048315343811088959819146533414950416421302655235212354086715169404012634929336636477612133625895713845837093688476932496478284368172045046843487302108510084
706 9888080487681489609389352701182442245229086760916673119049329235130156973591604370466385474356788623348673035858675556003814387467893582747685743616500632402691287532965286523693598722969621718949417330341917551368515732371784172306664868569488569643843368371256583506803999971870071182279972085520599039923734511129977047290228176154399090147846161198588599836200933680442145892486668470260227670653386518892712270014469904676548795851146010435709944810067495799782390112
707 46782713312727850509502583219280980499565507560013991108712810257692458593053351525973675763176422735276086665371853944788419841460875868062621331648105218657890852435857220982564266947217272486132248832760753542593725008584452926874032757823236171415307485168137832787228075690073165693520747400932365513299405408992578172649216076804047913793743191828392630978651437001448004842569230919647803561333289350444379097617070060559173723368577632025305135950963878513697655676
708 221340111359106750432135751414783869183190944616444247910832999209727997155403676237079488948505985032977699873946496743917921012127422543756666060761455833009614803164815228021191137965219544435414356394484206562985885620701269495046782404116473331766395048402370077810736295344567386479139599851621205498821918800537020532246573527468110146576519302153210164943364949356185176231395048760822597393080533555549648713914391023758624828345499134474332049220183981232704743928
709 1047215693778809439283531957963196531166909620028405485234713661329212034282480324565815116251896194353307351114361233330418447556809034121111872397665669387463290312176111358479908915032728756507570310510131246237714057655878620125753488419302919091171345144401296215930430737533001547604107679982320736619837340350505531141310294094693349334081132061482572008372890182833245918547676498272439523835573192843350822403604615986892701401405236569176498404616948719935707427120
710 4954655424843492398881171194579574401991418333950101307817627750534531581508219007292324081416618717534569396340340946701230578750998073059418104660182405712418942696442670356610605080581275776110190678097751170768625393078097859372823715106593882485250340767355230827608395014663527634683343069479457969771550448990566261989916600076699592533421405041869011893397084916643232190292322528828080147299956836035701145400511274122436054205481788063751183745843700837828466035648
711 23441859791251876572343294730452441829319882803966821974656678902071888522462245886543495452880932159705934577367861156142923565208546679302952125472136299692854684745265800177629237273009323259026620305903518200543220664697669951020198406751625708202804444573169405116454278584214686936540272099970848536513512919203431335742796175529350417922127331539283129175348255691155328288249640750550385392928443875032450095253030863146176764983018771585042255184166951473990291901160
712 110910320653990147364336626761845894119350713646816057878812529957034046640588991845786471818176182264826509417808998204573680726768099990374384673703645472213896681223835346810268339422860009918941884839385456176347144517834655784786947608214505599665455593515735975383233297024276188446199743892422451964362268780347905517427588117249759151899154105041435511856833548123272023927366252020147200777855101207947723406028619763272759093650585358941866724223286024454538695305936
713 524750841199734736586600934139132690587941073418001531862269052498917498072553213174591200902170433145748236025947442629969438685053986556840636435343180232091703599736443529611154352489547327732347244228246172549371292255538636580312516669817641692401239039048219666540391395897903442142069682594540841764846433546866080353387356631635725483237072102299290298048005102280290454257573439173489893376320769270356976477123919937954962943844361036757426129826610855277199477072652
714 2482764963970547669449562852022469461354958369615908420925784950016546405160612001656751208653425646564288061075880960667726688797188256845988729034504033447969088594391461683061218595070453772977271799613134606608323165757687514235507312373546063019181413383723434801878171922202496977307401590040259400143459254851290173869602899189351433431956996908444888264404597176257660744897287125714105552828480046701924224696467651697919721140063086542667380169163140164569232140904032
715 11746793962019036948190568989297070960881173552601565585578114111426538487519668085948068234601208867331715410620191733317699650785438963162291075083356116243505686207559147933263844712385544015212641931075750413659085010042331825988952358217818743732770116090584760364288732280531041303550171718062396614670687569389972910004090621093975905717113298434643509140694140796950876792857997099879682184521910901853000633552200466665159416795401060430466765049337253297796586011593180
716 55578186205805128635811466983332088699174615429162892150146762461490319751863485825202179253201075476021346670049077096944427175925475099210616893035431203796898741086225826166090816926866697583704631927050308524299482817952653925933708712531428747276634600943489238854388492066929357534490715125905119843576887507077598175994466250648511618207972690853885168146931064796598797345127600693666523674774021532349348660891787075798548559798128526030028468768337116648234752568466032
717 262960586074040626584854635105077829287844398988564130380873501439885744289777144563426115300285634761124103047904740584822156406811840073163375854457220820841058913962340293747987903048583339638682869585643294380458662158647145002017716394193939924843845154991280078927724520030125222444858093225239844956090136287682935110391650764865241865632447518482681262177798815862179239467618760761229210931248336988858657342243700982850600452679058998949395699910113615870984678038535584
718 1244165677494247460994593078407626602308418849559259690230566346378530758362195572696437896864745851171573186175079242946848023518088300176785444264240491533328188101337804312160531884195323088692175594855836381146239532705484371415705522356903072277064869791122049119852146497955843978329439547709785555489287485291108763272489487632097634292026711822171884139351585784636051875081117642453049284538082785148911570964414233635763611988799667116328417290672061722347489231540082800
719 5886634048647853992515447729913454694573543219600959369698930284048362123194153954061859492970951088606719385395319048206577789740347605554385351938901045208184320138756592670362575439992945595086007190914454212962142649242415450588143423053388588259632847339156300092147377666437384006614120613635994306553573022045286746681974650137058486087750561546140494046962649083308701392223156143351316720611322719382761680035478101321436928306281372233306008627933668067544177646040924824
720 27852047077936405724057748628023117972198410365743703158712991884553407988825511944930686884167807704986018305270178425046345139959418767239905045756792264905047018111762510414114522305912615530264572892766804194168319134793268723614941649459054945209894547272659264595242365526633810455731560838749181442162884564552325791850140881885408959572412182533196050238924714702240551740431288904752707408182671634435260228095250279407835714518266371547072505076038065037799753202605294680
721 131779683569584445050705147411703088037179491813689796138071980466386628797036374386366467701365971666309355985299239952078179343147003458649123445851322878596921317471327932681806376909023225510326879655276421975854633139010045939944397226186454155549376822131676993537260744607349930624414557757751158162839415291728163898872488470001533728259742221528809430756988801707119525125688907836783381340608073101447763459863232077946930817061846415368946774792195071237167640120064389496
722 623506598587124203109101945139068605146273099049345499755966651142834276643127556845240929219508014046811277427154467570822159104219289190538533449007561196353320179048711288438785250869918411808673495137667349996083615940595802458888976405463547825884222184219448428395082322325217134891843272084938634438260415890345029350948549750082328363933232014735944823126408350746642972388689677706318450948187599574413566168040020481885638777102323532620667801295265792829332051321048312528
723 2950087503629903045759368713372686010865285376614159498077962805067693617977255333422019084464340239971047661629793216687929930659637759324712093771847131209557370604468174771302693234680458684752921995112847199350495792066194840913490820327590398870030134736941123616062005970461263402787742924118894223471434556512738861801956746701285408706978957179434219701830797431572552614617121649619068394033806241640459184773169476143714180440856151963403386198774768709556531251517938716512
724 13958218382406515982252051581386618652426896611826433346477288286521564354331054075335882972326700555541936721201499192634028769430117359398294488534614111552195950191892102230747139194166087860637977518660125711884650689524558972859637531576720252655105438697284430143791640537895954328635230622327306959160329818724702120355342858267860567596439128492583829307917960172146288815644085788595645930387590343215196657961430268696078587461620574631410022053215354014856285370323330029880
725 66042928557376018516523712597042414686164594642405603918648243171265421040307067621487717194876005721547370602950857409145133123561205871479255718589914191904100785949363140156913504604263754231808523881577823699367612026928613994368442022076031757932679626807739351137053721072080137020396802687867602734762272476388039461501525332771437895901348068890653345341946707572516844454429957583223241320341227333939331794528101319293825066405321650887987587578494622863119726159997159395248
726 312481202581600423596172982448822233425501266087953194295191308802926899456056734722084831291516119863552860465853111249975963129940537022042730729597050302452188194998749426026818065300447215403403552241055623151373215237949653124777391025261275761196061271980064061931996008596605505762838608801824506977369693194955604995243157732075650864032140024915638599735293765971351297093266235306729988544606693797351460859999135636743006606511683322212040689634537499263083879520351157013024
727 1478504695812816653185743561122466740691895506933381737444551719549708789365370179008903362777361410628582884536153703768242339262501295122983256340232245673256632908223936498592043558139954531235655840658904846199283359730141702554505800132046207231706228621755950955554288289752383363357073045162090722338599935765488333928025585497614854652991124813713356260007641259560199806258561713585952433165580209097841450752871297743825363305937182343087225626160912393750299461165911529192240
728 6995564292052244176144939726164957711349993778522414953010570097869085121371769026524249938025733865141368607673439067712737186816065464723423596110670878182483397152056147460075674576914336330393021217339477142956519277608645787337705969488626688236750729578845702851489152013559531671860386163798620235781649069969784399189488940530436836528611125485022401194747778593006644703883746725602137511775228626867943228280718277728671084938125539024628383034708713092808640754921689501928320
729 33099697608427966321401996767845734102214304917566481694504664060457057417658760843628144628572223343248503622569120143547356763180944040742602248420314052194906029791198957674451349966642126235220152436688561359726717217080458636254976493639298356942419077213391340124317852641049905009841240156653395923672211169820778222433850840413901077000311297807268454309508738111229615075482203208414637257034465294426896804070998285235756594248150432760729693756799654434450454465876466145141616
730 156612537596130690489259502504617670629980482047022052174914481742566281074603208852488634242724745230799825908170724529073885250466675253378585722605781506930970808803668787254466019428496448665884881314870697496403250029598753709282580750410653774618505281210293589585509900515196556013259650921293632773218114255247867413763365574899332814679584818661462984503700215121519631531215170041705620407498763594493407172851335546677750612025619011221999898318395056400184358168291187286263856
731 741020546409335809781521020623926986626340999379990963367903361317733752983977276387813798264755518664980458339645774179228624022276264494392179442933869905994978283162497263198401994142647855634894298298653125901587380881699673648015645756435001244627819198294672469682904425379133930421190562647554055595906238905976894861897529361803737742212155038407363122341633669215138804436515547399134486961037145576599246385248996835502539028376612569681251337598167311309835317239916763331992704
732 3506187951705002157718054335695674547937457116997425566617906616511011947344642283449449953780902118435881485529097321109330435258784394036771369890681845426088987463732674225169721815416404531421869047135107542344559343375657910449280598085678554755414164837635812969427186399872806986496975606159979453705433234380233431906990342294286881210223899887598535300140830441062814845204307036912266574417815183710223003783429872747713552464262025244072053631171004263865779786597474407887716736
733 16589807724500905261425872282712807869688935155019595541615524141251868042900311413910933865414609246517943388640364587269126461162522194844484212707241594422106821349712765301023072332498893871849804651452333343928923368277643079301843146107854850307834412174319281779622987800979628668323364221327263757738291770100771532967967367091599051157782315295310233502139067764608820519487216205732657477346792548744112206806773928864863372891793958589273327117412801212125188769954388746379744216
734 78496216656450508429187882119148560418379191369148039009183376682521018061940749183943151443584225493060956173667106067877338289702176254497411092311570523072549304082643361393592088006937779594746738529474150424302103895024638215633609968438406414150526249273822557307369130561841065451053396569341167704544817349629078834655606714212424145458588296118400000079713191515055507839607147306798423204917863871247467696115661804919187827601221986105152416702146510123804100562000119577388310272
735 371413177041382739700146556987132509645946327729896043028325250655933784745889151834262594440109940072371022618885922186614835970330614886197159866171502009097680683445729089731549758693452500895588788130825041625005138054193080288291568114945139708459037394922585757342906360181633642877489540623438711740426970247693754696084142338522712444675963292793325636639408632696923268770798904796470148473797634739496898606464156103642143297498745314685585383238783554595952363894046091935926052280
736 1757385733757582559757662161979908147349488113995679685774130298369618556121946949151941603693783527462937334725733764557325742071015564203977083561222627808179938394384624879990934315604653997259626307963215145931699318108452885692502718293231054032133803176159367673069903267106456054356235055804926480923537395345675021555688376997647462471811687249243349182459715541471527840525658369902633316337044492345733970089512179417633220734799868534538331115447275577090819835445488934742377856320
737 8315303184072174412075129809003802309827176280337218350303999396058531237604925918084934499619760585819704254394929188985153241258414651898949763295499840926869513804740447480583719565423959579236782059693600766106478466281621903791215562836611223491186019985542181838793893212742913438201783921379185351285003858457114991502814815647150810687146627122236668598327009419002733237807951959521029381549279985034695421389724254692077749475526098631969706327138968242263581285987977439391972233600
738 39345066230953444842015987685110052190390404823354640333012655583500845697658137369699250946676541664301372798267875586724590445585523359062929245066609952567324603262449114055199435774971238518266706070945926835485959762706034803254522466670532647800623710707967859987749079183959543815546366898706337694719965020456067521705328948175602018802106576498610972725691963604194061017715794432092955867868461523900225947991877929924976484378237435275312488869593079573628003037903486020253414107488
739 186167415434889528790181241469821370101725349869231584831120294492895151597566326188051667281733549297240812708654297013856619904120931943602525768572605105928716811083512726447601075538802684897526295323498029506937254895151979980116057004323876797791096905063914672305876531132163447792140893378071126254182863050258955684499307350074441544481075963945252961997399268788842044452620819925118793201109809870206042536710173042247150394339156120858673393979919324084278800326954934004086211132352
740 880883046659373219065715663308861510484404761815100815084722486210857969347872702403771872372102521607524216759684427950990204185237404655236508441276694223922116725633451207544814827151888044357642165363953634926888441258866817361699337431829075279509065510042686022357265878058981214977386908615426778652800075011068126609632740420910394618169003573929598019280335351468815779972897034268642765507101473777315431725069795989010093365454748151544155328766572200344501096849571522515862854687712
741 4168060595798072765658411721222986869237186602969764837591728156500756943587974077625967517355752180164487508698218140473779329640964359449117445624069685208603365651505641752832174992449591895148107257204672567399970769428585379414760250733067070683805122423750781448251417880668500453221967301724251777404194472782692954579041240980606449375378293056397036573014036812582361898710417040175130892644009754802076859296203847026550986338528562470717959931182817010624213292384375230831027712020768
742 19722001325671989952685351008183020706311942278304353623439112827684457642629646868468364048931152568979923534975202354822120495841918173198243496700738389149617580979810081551048117297517909916902019043009471720989971758036001904031036692240550786854472754656992371596690181221405325951759963172766721373870361729257957897601392763757030389117134994762747077558253646860267438587475530448732434389463760860759251958942092747356320916683142217334378529209952596320530465763995530855872007721547200
743 93318796019664807828721406299683149938857801587094329395900082511902118461394400665648827758436474899308369840878374355714081363731664537214197044845612857170989941316793616181033566578927564752666289650815956204527581895093811570820858274174918051357106512576638298577011540993889231860679049946317788691235934177102660139118585555691844545635399037547910506525444111976170384342393350656509854355543026751212545646429963768037374145335653982408433192021455989269481574990273685783086066700256928
744 441558704963266648284627050586354907174142726216953936524137997036997081628382565217111872640283574733964458104615129422357165785955942070968607011919660766135682346382831958615500960712052183165094201669369936618520618480333873323757406152249749288993308551041600971212903687420330441359265398504603877506030068568091761917373950323254443694260158447200831233175312006369968057463403092467461701509195176436443612215799591925426245592260520104893526897023286165883548279276235279738275882113187936
745 2089339199227004110305646882918999756122789594115399793816072857130702470047873516861505866759418302991655971265162960743060043965588165734086509833514004551120031213912722005036759985261923872652671558912829268478408491821525841931226858180734713905100802610051747587291459160454965601216646036637051205578125178626827445599209697258514569013948592603508088705496653918978775600676573951977752210629013211599039997822899777810636804548500695135587165782515839264726919417934682068170970915541836288
746 9886228136910222343463973138323383240140862835176658887272970850934949937470798314910148975882533798548043061585939284164900541389058330971224625595966690009065832313297780684922790479711187507874783803892317062223784579718035249859344029703772476737417888298162252509278603250284993623084743138167317769778627500460645249716787879740521826870600737885720373737172723840055455786729731449812738269225134191166267705781194115191461797463651730504974576769064871504710976464233021975428845408565946896
747 46779273743968912039322857689514294394882173059831175493484394389416608409860537348617295203975047612003464857915969456829996375139993156799673569193741975513970038502140400019873914081967707869035519450085285214548606001472258325527353082156037793627600373212533867653591365214924777410252270843277441799891110857279754408960292600517509976572532143657195351932819968673920810826752208013971103940441863035959699011680179731628828485644605075884016406168545729473200019044946587283205041776734922928
748 221348962124326913300537807984556047759910699289238761914151125609010097869196002343771197320146343740034202885924088321463966020068940118033408704155042365958320139571131174323353899481831186643308734666498670723586713241351963145562263846286594504655853224971749275560973480683658215213811953231199003530451079307679515112307514499122280175369778948089301101758267468936633509125258892395602475639502325889274161289236079839437997416550415487114444123998023039399853140029487376743967078271609244352
749 1047376124779524464754657597036751019149886447886964814238127097080268358122550948285494102782780792222008559135249970649851291538483915311805479911916899307655871165967166730286473680608469062035944459575523730687833218637931429788190804586705036474105065397327395086626898307208971544370905229119370677537107803987451137118382474899891245210183664764488798415533790224300609676557801111638475548629577200305714628271773064847015287358358269616843474456211382448345135913186667883331428436437892020232
750 4955973910402062212028393040225287944541811468630427257074643603778379341037928998492324878923683739710080558234466458057587819122438245487519047366568812195822063915822162264158214524630757004044636042879831301825677408304515300882363208283567557755751774840421080299322435052306257882110580081204812619717110541039433225838006013481018141259026560327776531008913146197248509607118483613173059811526049625308928079986760927869676262807452198424234683555823935078605051682329915602815598284639615211456
751 23450737848968230806860402504612792745415058074497820269922341115290489091443083680161664812607044224080595672372060097536846878524274574605014941444359728547578413103000657268626022790157426519401199027231681843906701092050785144986854528996009291514416390549099118047974099677341939816678870955175270851876784212291842455163676349659870439328168690629074734709608610559342434284726632199990220260385888393438014532110692943665839473349715642163947268538042925246120614653054464585640005917218089528504
752 110964782893746837051316012601842361555560331251131242237510833397143071670985275174607754929173380128040202586686829654395150343404394658952316778088992180758476227144197932285002689551459413083327591129392413622960479878572070151928260942002605300563595769962351363678340229768228723766983835950830409106717231788257719269561199165956075297185725925505327252266613649066212998435349894978794757903072975597640222195228785165040449377818926945386559749749333911700343334161875306999314180850611004146848
753 525067304881484538269767625804128336301794191699869082574229861224111671927763793790261169380321180065715222497631727987955203129419585083057186689319732063473697636585567305853846498213481861890315047135915154550841975942785081369314612573515425214954792980309482338674114727518008791454821374470430987111634588758188029032082948271464273575783012641810595015153848700661181575345220093235498072287655270929261945924112489293668466375415483209603331385901811669102207635442546823233550594023721479374724
754 2484539663619624823227091322159234220279050824072038856416742027376689512268133929028427308204193311918262402771165504084255719026158461401030202967173887373736144963626679141959550612290536973570933916666444890104681813165310769019238920640469419201089229259742933276026830719698555571154294425516829702968789353367721085605706673472709302345422652390668245183674930147480920476152499581300790487810167687324932664994764307413595173944093403483749789937931495993833999068271867066407722590453589807310592
755 11756499743684795617282368833756563026388838764775934577212326542533937943213410747511165529689852980345253773577228985185457272561710803125752973644482215648933938171258364027462115538396388868594262464803591131449351633872738980564340392533800218356191326307967023585646418850720757166869023746786005144131187226643848821054038144427887606243338707897104388510070642018431838693760223348561059455332037215899524220140266538317316790836814869226184385618428040735575200648512786963625713676939367920428012
756 55630285214629346300879369008218266928639314642161421624017957940615136991189049351242954989460873048457198839809367674276722156719447520892684052219668879036781931156187314038106784327694851293149490082970255234863012984749769875874625869217102667428953509187550726648975081169387839896926309015398074250576535388505905436933017766349238798529548939610355437570556871231238475158045941089664215592750909177584650461670797007123852941361598331827526131933524919862482149058752650309693913561051343739508704
757 263236237548388250630035013509288546087639359953851491865698057596294293521577128717291377196217761092078367738647955790100647750882586788227339351141729900471545615768874555542219627021315817484616688523746502700200083837312925020983348134464235952742082359418176936489600635626835987895029160133841213071845760111496980644448088578009984261136101119507324163457030598609629026632889094802501280452812971007828361362247337229693318099000668977270353863992441541266691740925295290872961335031541496722273504
758 1245607459365905086337266486388743565228835984361761598128010818115387705375727016579873156680015358871555215875199599869449442108073227611205591082529121917411398272541496675878362877564874079973626316819404578897379774212193411896974598563506267161481849246799953617542329898745061739911233099968659248572312248269684583194827381300697220952555914261052184112236692607976343833515585832442748816436304544594243110435332968541660271183902225289716199766551048663483382578212029265638848132452573599311774128
759 5894104891726902488270132325480851550558138952913590784801731292621872070747703318995782611071852991348521418511608603692054982685399187804476122028829259553760502431191416440303231999993377635191938553700215130918239761390291525624710875843419960114441531620561677261316462027153492279390175306868395604978395557468573504190329312904913228233068296076870088273030793429548964315617878998297483269227317375360890301882998175112059684884596742971901159110489289594292925571520017003447170082949522404321456496
760 27890458358981052930623940610916560377798589744661680113984974208603374858877015706419712562349297953742120528232638619090770160449510386483368232992365299302336345138204692741814835606701797228943641762255691412651949925310772089263147473007000765534331655716785024908294095253144254501419173711514183950476271024463524459801939512247484953428312718514848599787618396149659222817388509913300794152585624520699864903355029729566006215806932288402888730242427340849662306858334813152759740673363830234568846208
761 131975881475127246417642739001923146520910185824221578364434932320919815664059996816679828662541311674659650134259046959247016099754961764795584444781473359537880657347253854929186580546576391194244930108182748189557684151104316712891688421483824156364753696349207829596999877902217215195397229245061345728597007752923439700968711815111762771465517354504544494924410109593967512693655615867999752480734016041930486720927360970311453095765261995505541751017210182744543122291438141608470186807106777482287472720
762 624503125885589617114777992623643215098892596786968955233910771375888592790280711081512008559177324110439463995609737834073586431084479674303902970126948206727532600822807153107844171121442931102479661698151356103099886126955257558231266303285339943007635844843012136027569757702525312883060431670572466347943431153111906862410652812062651533152321127775611301472577699692119873285672443824219310463253329837859294312476136420786265901972995838151553313937379364267711917680940277854657743256102732420719546624
763 2955124511351904984149679147185218735341508440870917371505355935995916334010734493024702245069093349758291152521882180289370199704511881235266358700161912773368284753042636402077314700426200797003520315680228075961018018882536034934106405541987788057191653232883354624464800244829213313356232043478134789039594845489265059230891087480091016482040278818163148076180591591152951170436970266261696540922527095491406420184102210867155792041367338305503772059989507559960676359889307100776864657996282823376952665232
764 13983570341558688255921721822692643679536618295695076323537273750632485214669881642963656874597058394872238740429034868049962916055575151463306919150441523096025370799026525326141831301330490844009786622394738175521986312422283318946434837694050312990948226640395587573046390265482376873784100705579278518206528931393328048565203942205477457938932259316322119304461822356121498576448532021662359517240294479080248156331983277836528014079313716206340084089849422623604031870373589169638883880862846445204949401696
765 66170051888043953093198268344313982483698575365862029255725770467251020546999011031721779396225078093143528664576243901944065598347878704369023602141643995807436181176120632997032413377613140608146342173151506938179647637837646383117336710709222143885312662274961043403271794734803356023801263849727449656113205450083835502294100475607882291604764904347542622063243636198295874506995271089057723437808981106935080517830558006725771056243471521021631031023878624585966783192832101709310714137411931437293346587084
766 313116528041102604174061796492526073789432520207855318813374558765785079242540538505560843803319008793108523418838077880214719398486884935179778106952458098754112056229463195573797855319625884280084466019476183875403938354701706136262339622075129255255120613141926803796427440635663998549032929583822387651436500878263979230582957403389327105549334876161527029487886504948210342509991243888695561102203561020066441968145552959194086116866801340090625609833561736830557754565536096083286867027254772121673935532488
767 1481670455081818325694818618967468931120436148203428682655284245460441558270523059693944131775471002178016497275271026960950073096587993091159370759019392958148338410581776445539088750120347277689884971540274013735251244918467204284123892982250507649252233537279336977967712934863222577625537824827214595830033171305480878810931108577540966648525009690318226568328655605762662116663394181989598109916618321853251620260613451122719525349366973417010105248598786754690079518779639296295578560644492529185090900743064
768 7011296885493694080869038553098928958771925709077560416093445417155954833444048321043484014903978468457168391426697070129149222549081115536132488382712854343381738634086631950924559886040794086095729259203831468545759564355840845868817815052780182217658331258762714741961115668172678088713584619607428003652272222457988182249640033753890092628126410030211400349262293350322647737349249060577384876068654575317568145987530805476960750271912809447262599367350455570555935807002658354594553513348240069958089288808892
769 33177694085459541631668147129666212626504008101385771867929080773045866391003300103700909521431653728270124811741735032489609144766448936301528507605500968587470009313214109730999621881789069043514864947048957132689727073659089103433426043047714220210534452197602239906926912430928255903157158165030005239286508869686045369422260841492408693997994366698132377418459440957168462868965251146388296546315963495875775158543656027105580687512235131055039998840441596540080877947280740240934527230073589669431141245453268
770 156998369385986149388008003144829350696738728814141064685290663457059840158749351305820940292442368109126889529779796347428516817462185234920176191173339813318293876045965663875246338928312492101674927917170080280171952173162560823116985059002434710421796304515254681428221760995593862921560036245845705758002909734544420439612875759399321795339947945761866617467958028893378861685134541289026662480053823143951245337698669472562530807940280256969739340574838128876689098191144496174821068223147329500316549988120616
771 742925361725802395778018402889935004476504137953170134023049821952442563779637449312012344434848571516535255073180557315875775201812434943075824042578287049201802924580273332459045677986683790235997419972711690931872156086279764058928008824101871928648779733129159828521537566409350873171857786680890582325149642299113769600212434875417909019665078368549369042115205729017140700936861140595949122057955986800762771071689601680586790584016370795617253378000811710261788593197444736634898419169373504207549346673319296
772 3515574643782911226407937577696724646367355097705387255765129032580709230311487825476021071574440605628242030557549969342815625580670410812944215983462152818156734915244316415806573725399487154450015355690294902183908888753873984578756757549785309413565502813617525196858612959008002607737634893492342810857820664480845373637513584179361477822504165908297136380955096469967365613922261820454654078757285492255010219772870970981475318859005300027492968661321666361944774445636482580390718253746132336359549161565585940
773 16635986378130348352996741807911221086387641910479776306522401841850972987817420377739348545491163155275881749914251989474010213758313181947606473589914070955231417035262858671687443941623041140895281577726231927057514810180704456237469664895491349847237928220570366156526960369812720284945782406155772553161999045682406480316857324019157550509006102897771939511270361266128197714226508841971835795132399835076271451106910154561487983194377103257588385167661057451927931305245539944075551379450872437330986575532911896
774 78723044141443784005889368609110979210287944197790776254301405155785135024923012238838501199413050542797641206859152091383910107992144227094476684956318769793923423950941270386480346805085395033970617256468999987310843957493874067037513473463618004690971886358541676100859435233693176401124521430015501545144827169899121140784143442508897254680537213891180472504704950896894634719611470954134379967867555378317976431381157800586229060077378278275958855327567601767741872065109989541017910441854496448391660467428744432
775 372525744059654895466309148464505509460062416965015246297555096048663514601155276967297840049327279251270245365858749946066489405049013059647917390975847487327572706907677608001460692231744744638063717465960619241412088265728480261042445027672163241706949669737176272833396532826627769408639587511181851682678149797980808306138591284927391411527754784967892007843241007372882770760373140766495511766585349716462736515420322835243899983733885528487425441157186040045381848251260612288544333238617157469713241032422094792
776 1762835498139304617375956765086762371748305499263956695914482580300555594645968838568655498504066948342781667334776148935835254039065472969198861408661775704296893616100549510935215390651064736288130037669912233704794229049904521867639270468884795128458409733012584962527748171415079239115763072585596376571839725189699220589655620789873724366156027941379601649874474237577713071895470552219359662710141950490925909022758485455231706006416805497724304256994052369745189632029588143330033169374549640125053050413803560752
777 8341965052700413687040156945171939783882862065895026895924900886694924251789813706704558930042148456277245044739056049582893068123238823968661294875219031463737618600188824116970946477552896414835696170854352856849245146704024536099973663672598738982590669682951860684206985341308682879473964028272216575853497507541398178808463193237837478957380677712468977992068280727418635845400777889771577695633825379638003453938403805452260121231749525785230566057885115439722898582336075346776509068043883077220877195559047231540
778 39475353199207565117480818739654035712369985373335513344451722670334820691615382450759712833739024068906063499529466650049234003515122993393541339605410201409373335507295321729837950539140721813626004180866278256618891659397399969606310064864112288113889022684940668840203966695371590257614247633541511275706250709783513288039419941691371743330155559629589205832141886297707735433025445801146999354964764840945746197107555979907441001316181059328150304815137644478199886669880441677756763243296991002421325754460218995384
779 186803392724266009643240236978929517678990828522430441364068221145388324491679823925559504465138288942761164220730279234548742493945764513683191127414847575278688847027711256887868830260105302553492475980430337157236966876000847672122316280658896493785639522897117771664755090818930369880517344771187045090436365656913907559054040755851664306667187210280811052709497772568416087178795612782069196405754792602109312587877039585235576317130083581478078207853760939684781832477356063658357883716050419157732938878521996033780
780 883984334590976022639467016123041795282341706338861757449690274051815296627026586809658789533836211033418768590378301981775981906333265197771362741187116021081958208898164136672103512642221814958342048525585435677369941962365863086430491078876771003908516986634256649388298375516040978116789407523515009687094591382333666989564865396851738799542279837349505698323796164269276033351527068952628969814167449910881844284135741719378061737250840068365648197345799378505114167389752307444074134968349833154223288908067880041896
781 4183169373639346281449460871685389967098292477995806290707827783119074185288662224681279870233623618238242642190151393385876742674413133701359879641959574065091201460520965191300625894954158824841412489688028486190503940291328015086998076506259350102518610868797363797118396510594274268534452727626529643778875973826006509836837922644023547156386290828132570971901468155304075765141158115519899627295175509533395660551441744037234117096802952686658526934979240428005437173656207425310681522375037301533017713219032883313296
782 19795542044719988419973778797958253558677604742454689627361882263835906269753359776945169096785876742331155210870894942092114328806867026086257396502756258237222309307812527645964182147997072319119490509942068515616542784496694950444367631327647881480636193287205264522902595777373069859104568663550485480107073391030317542817614565105909275904679148576059351749857159907879588187483793197792734213911339793552319039723279619073287318271503580349455583206756129308658993490641586840279523728910869017931222728762968134715176
783 93676447570223818556974582112019680613056607569719123811500288283283434527562262302548514551147483795237962727670895208601163343963828877535108761364912800651539988348038028744219881986447097827594337631667902612612746357737586905094083192421758084707773669502760866520954008250485137370201820915019517937483248349774681660627336786451372040940051842120512117536184577646540413110482800240863631387119748246120096874456707097973657503841428192007697565758537128550442366014935279073406993232585490237405905481164985396743484
784 443296692243372748137752729895830054940767694751141310152133827523296993536610375974303435007939746928615324268390264323932760140800722455892540955971422392151415946291183492120068936010172986076708190886138411669999801289376269574675385053079960651851643735684781841080289607762482542424945581628317230171290695918324010915632940083323322717700167775350364815528177055435373555728710197317883275538955873320106855070702679397182252833237244590345999473654005495795867077704746002499837405499493458360918472125805327788321604
785 2097778494471169143118938011665456019101792887518374529865756399948075143560659484873326014976272193348068076843917957319655597809177380483423912843020548236030150920933470221135849534317428902387363398042558515774263144924421462429565324805899533361232384895659789964850131791477483436545542978089040654234475992274581566912365325273418334594540813637113867928343845170082470204615505616340705634291023134957242099036416040237381908007429468169755720802675941780056834530008683737928280709371407994326300546484537373383036756
786 9927178357183191950807771805037261440579554244425759987047673355415084967182597915825147946803120846890910463026410951683429247708614579981332041014420934675624291545267640688885000034679810847088464158772782009624432702596574132894596988781322884086868061055765036254281156570714883471423757363028005618703118902201983511859360267940389303870634921111734811731779229439234711350101607601115426907080457591983701022587671489446807342132066390762812238191576877796989723494180718161326262512582922518401538328243233021083128544
787 46977843364118779072536053986386639468193698798052209481398155403339869127318181505224881533227701420510704621003910873035345405708436175010630554700016352229083055739584309133202996047689119639104092237708056032433030789002920822900977692927011163959466789644367769134446454582342418286732084456595621124811281668070178468374255347587724587556024214629015000640845237313524293309209470693384513563691796075669785309488195610958291898516244236870408437291094873112584910676765637824607375308258597621027758960788093957002374184
788 222311218260265206197971656448157069100994337703688436585494902291580740609976672260702656916873127788153619815170084305486781648363074053906889450188633076786851281441844216834266613558937436833790789705867588823136530528840833411978399046099329206657216364654017375527572879971069347429324371471969824890639878115791975806090042235299548357617687198252811480771342216903142478761156555403973351278322254799924205787041210454914540122899559444370115512351381621748816982330091002063230209969631758221441735608795575664918714724
789 1052036314798914376335074971441597814305953107736207539143187631880390925953786119507182431489999826863537193799834782006463037844353818706538049700621061893016770184788423110940469245565590179826775564621771670777123145568263771166012683378392476234100225540510708585329656539486523940764826754581912698312180637696217262506222404237819078686229884871001652199907620453648766959095912360536203029939210959653218901172974717049190748986820810194988148794863009407601296208946374790473306045493622478691990129695091833543082140760
790 4978530028523954369711300234448095428390495156819153915818413851421936102876866156273888254844893425601188441899590306257658995382296445600190813281499814093001721410506448456069905183227550474316088341852443742345701139018774508018571085346018541954511664492174401675170710404920597396339886119739554040594602014663372160536949666251509417308625259338831344316957275276505018638899134139817900801137560149339156404633349917886033715277664742968147046177946958967330806293724731133965685677628600419739203861692548940080043537696
791 23559852921825035566629458842409398304820510772534572475787398157447078689556474512523485308058823972137897542973712583662209988042323713488971745700296460697562243439445904108004982656995822453190191432507501535097245924555046819387362668653403334252337610334550620267084786232518360621719081673717251759790366329803012061894539171987802625941845267361185535090374452657592939751839120603007617007338604455593875931777263580092260539491012279080168731169813894919856879802824218530328751044747600755384802510503616115498953342848
792 111492347714078862837688675951478138724933600560036191064427817446050164668223120447724499837075740598994002779940585869739876179776462684598580307894045108243767850942757894349049889140385412377248831811643054603139949928699185529660685175609683093206260242091351605663284864757753474848956713761673729047240910981786101001680332227971080024686879448767978851281177346747093398352162692023383403944321849037463537072316912678080346872139939083633753647001476665109066702011637521635270835265358615427950909584856963760227508183152
793 527616763138683931648219230469554582493861718105204719530490444368722679845511414575197016206220419439812384776095582448090020120858146516839718260197951952168561611524293073146679975297685625081682689198106488496126404748942438059858845067178054938828934791163911018375175778257022004666333419843010852309788707131978357082067653553366680526554490113902880455585828671852189523305927715437680373325364816655216119082528069152624977535550082380281829937813234722504365475184058613818497263246238573744771228301226167193300951568976
794 2496853988556328345555558467618301774110883959478400573090679903464577922093634002345195033258431912212419682385503653398151615159198476966895631107998116420321491182486393113929343562357076029686844118982133315661947301463984902051428009065634890594453593043680610065927679124288480517499119086851164126530802394930784460634041096178872600204323974670739119618888032270095805971862941702736656040298902540162204373810515496987570927790644407916525668732153140561499937857954532300222358978717383565181769263929574815221999212786368
795 11815952630874519346730775943015991153339608523403679363768634650144335529722056244795795152372295320078900989401831478625145267612495741113166060584821429486705423421804339381809665737132015499577176963116474039536720678991954468744635454885476279361501290204602878502578785959317997782465818385853284129497062730254134291851017130600432525846343358556074863160411741736839111686808130595205645797542648882856034873222428794914427422201587052215131604991620930812174950370512357750029250360970409011948861072256276029221730276046944
796 55917193687950320822349235794311050645996937376164674340811839472002815273649647210702229722551806179475703814434272048639239449010441518813740032437328954502130301709102729522618843519153789431768368548792791933498739681714266487969513658934277429108249758300465939394727340177201226589559167985187887345841556745689760061226788813102126877171251441476454887472810754512607649649707346384742919547172728654831452276458828718606177191710790153883695122577344668291055724611734272890376658035488355861602139431812416524941192049154784
797 264620217535627666401509623126604143193347812636210872207964484123214541721956157819952873808015964115899866558973565849202906664239680993021626944896887468293110194841039123856142021079101847832152516934580846369822074790305572774105873304613268431058413718104792963140973379589694012404754749835267496859291522256487634904782439339477562060890022692649868402248692644509074904357166466513101158920805264554698028078622231608619180177499053228483841151204110567606905179775453596733676684948123197526769170686677674680381544603162768
798 1252280744885198813761105231584519974684778696999098773950033942859748048256192961029343699458943940567617499552296899918893212054825256147844247077085144956037986361421103926066015004276883290922993218422333338849343559917338240145982726157995065500228410662043064425688376063159470026886078562970365752128845290437401708348384668210387747937160270612799766958347578745838272191311369818568695890043697644435279413182638795586055611328291716060220144845279590359088910658830497131917963366501052308542277754061553104710662289614992528
799 5926269633890923955988328119532457018975505920831579057823037562732356683184400361321878133288977242043134093542958671928703120303711878606153971413280949318551890584522993195260250131587789630449698389356256792002798609200700145163184344442241679394058027698740497322227729542965993303214414231962922376526440911132557562701412268100600524841382067226939528932753692241013682133795631632873171132050048553880198339119978087331820738183161940085532506135392118882081926812607588858819709161318017577981170610484315731830928924436050560
800 28045431886084631616970740122248256162226958717645499164261075585691961831328974174601947961569883914230851467057905949235035071860377765467015460462843802440224642611541755862511703974243411547290773424223396513889874061350973139540746931979385569168513922251671251150327098932311050424468481411264297634239348512573231178922161911453736772112135635126730143619490953687092854082121926548403831962247915209815726681085430833610324923923224012171736520958765351847278680625830608820061622814959353577617836119367799167551001738735291088
801 132722292877005337144623413063558044066479002520197876055860795976516679932586800167597177100895166935435590238817247586046952256598431031045226730532385215986749642845250163023742080140181391140296019481279652786087908487942011837770500836230427302248248340793424127290066549046145563246128329154434952361446337212852556154635378432099535690659144423883709287834770057432498287019054202643016496332431774349612120588437203136642637592693227668949011459978869675284542529087442389738109373432444859945262782838735874486252129075054801192
802 628096878670615962935175522784355835598490770872969584140014023125929532136520874966672051057978268554293980700620689632783595507329723269620061919689198616223650408532176831887061679530249856218293627317123679240361295517286520297906327742667853530261532607499594480429742898058974760997465999986597395399019846390503334917645796093464795894356048096674246359197747228707487250476442736963400977664050280888989936783167391342924040532436633194374875408896709069124220355560170152434353461550940206261640907582839327440021508003835722872
803 2972421594709993940760182102364813329770265141662711528383645622838293119359166964491808306580389664173860514995580081107984798246759151530844863305335358341451308692042699029870857651709039712255665634186302228976366248706315520683680087374948426236126898859139360663353929527491183700706929901596502084734034934560081060311775399634985267108576020742665904697694975128327980222354807285884696818319267364969844969293046885867814766613984982459745745853860531402127228380572441389380003746273708827714914852981142060069190678338217830856
804 14066796062357998444140748785563540398453801068013438082045397852859776711725695111657498543421792591087682927393422810212240736257307748619273701330030413608704045044934862155182920952787082003313836902467280138402925650477919305237585702196149374565167036728671006363022513308324043386320518682438207239018306836803738472277819561755769969330520626917856066354687595796235111096031666797867159969168060131479440168543666687481341723325947857252377791553148921205142597113149455044705512750511196081577089376027337901605161964535388532568
805 66570371845701526233154810088561986711644669998613412782398201445671957782392993853045553825883479560218864563235216524766731231322890907475981238378757039833621259600372666908956375153502323462665861658184803603443864201876254346173602326994412554835291807901326818065089654330318834886856751647503606985084622298580737073077161519222681586025577410881813651919125607530315202278556101720747477567438380146326405324932387410461419411458662497960562835241318271780827184629825083628201403739687491457033245916865046965325451051750359993600
806 315041509866621715625445200435974129035203884480884325215453316887625097816475457410093221414544499183591954294757504279404108264084417200264524651079158867259998148180948113753990125464405425486669367385840330075760284100475987951070931279498985680037986342994673733220577904327102410348705278396381064201892053732933953117067773666655731306106187071316322406261183427819492512229069577141220090352209060308457978900559336630457494311467620714509802960191877890935857498920403417465224969247863122171208402711697287964504786331384263904688
807 1490924257509165955579535475923092559854550287677808519595587292643141214199899178028719111822856975829832719417208133697830578152621454688539458892561344637067797194364857439076634042505655903936435225315153246898881162007839508976742363232050625407699147889887632076893131025019710685257357732583146250674089542066732070952476238611039788008850275052728838523238323834113963270944825644686859539845259254927654315031821222286828699436604859514578130702248923871968646014908191525216122279655875525996278899234455875521723124961539256305136
808 7055769459714723962454630552455585726168674045305009371087958936849719196870494678405441045626362478455502023764235388668564321033944591818765194172696680794739475077689430559499357378343090029643633276469397513810523669958982457263957727512062612700916137078777684551611924230911046383942126418678493519202573798061537936322186430416830091708049606561311007807545740107053538858088638221832365344949285629136822174395301576745853952961525919801575933654658236858512120151257725674506872756798635730649706117276551657735084611676034683067672
809 33391365693732272956870076098788289864986294666615468802653725409692323715906394329754399792699029603745917573021138792225938396703790489025261371803677505468734310615374345912504074813042136632797411855081593629023540767158745197602378814974272244425335621523892461007141760974540558430668579663794364809283173493543527398581301944810355138476439819540156753126808749855463070948564286958358291859442365382357685773470041475357335139783684225026483584448916136279227378552780310137985531697176360770698210000537681612748660403926494105320856
810 158024701044499887389173215978303007163413703722371266383279586695196545115000566702277046338158834384257978024429983292891755961458279235801082722068152769012296755181565432951377930627226274409578895406965005692671876166850299491702359231142966387825947698374165732024379675888456096932985592083209100906889044856221865879892734692445698162526960663490792255799359221632864697623961001258163848998520695555875476691061633601617599560566682544656986824032120370579063516899603848186284341991351915065435977500953601229663902174111996828656904
811 747853905928828292844224805343329403328853125263715449039449664263952269762013736487612887274917702065996896816102599235383672954083998212157988568427052980899938764240686764479663102399759707344392017345768797888734655924538705968613184143262676200261958431629430011461602001573579212874519922335671310123462388501150010051242717128110752935447170813592431229781870079342698981322210442887411640145944496549335712321748378658945636262262839943486961149371842131541917864916730563787695142086785807115712230424513080802227303061030579941776424
812 3539236189149479317594865560518545633916700472395231797890118484288015965039013355642499279017129056838406119533041499096059370592551829568366783111755384854033191367662645698585521861584384073487542802541411667273606936849600903611112821821851229068780537489561056541892738172458985414015520182414484458561361423749196433799570189745609499373311252667671895258603632918277617953528446289504675064875039763247646979288749949835934732295665116280841315007722196797302877405454351799792779873609179420122795352138827668092154681444222375375695088
813 16749556582526064656856271951601008918591974766774795968327543698651060093155552488800676192990207295430669206310775381621659488117415596400354436096777638968627244976529298685397193261262934389741844425245673931944374353079888482546031925325916505938892823804751801562138137462603825907165250375021132330384665470797496127945716696223264989262624358035690194557248746913025378694551763070879061654653610464591050632154199585337462075895462384150655368137018460648865138469310497220068451961188401001600358529523348738487582847532079051374396920
814 79268030639321646997729513392857276772525560245654637205820159968768062707606148642635674056203353957214438455951823782750355552605055077129589033698373444546332733732799550294501756827006474073436104629145219196734341832451330244878467933253888513547591266438990347215968617347102415447708292726723087763584300607951311215991706259392506073283350093452195653641516283497902003009118912873129059789793314958043803343815797244539953116710188940754514133406133754432018283792882937430770156452465485528035598356770461244704362907292975339713579088
815 375140373516512104154281119639325994169425622391079179819143113415948905075170051203615743092797093896036228723208054072491935640681758078264435970142832394433623562007827341698667996769445776144368769972934428532575198476158452075481431222557944707041361492019850005226800218479119298726039448494848049373157107641630076339285569481458552714393598795457196980288496044360249909134862381987118874025963812350455068138714343169991843997803702378194392565292773953163894953715131667098545159899650842334970640472546792796475506538415990860890420512
816 1775376739675047225367242708821449034121866542623258000024444045150747710412147751002430182824490692053677704952882354916799943344838325835892460509652464850064484114946340076174454872155465067031243696719137626789836173737711780809289190496453209722634175745878706739088025012528806552799291794321990498127954297233598271977263417103399171449418908923208905347311325464851837735149409826257675389697894862818745709765209764521651870499687398260001126676821501254092056226516305098155708302268369590026458300965061408219294884664720619360970333128
817 8402107302069079527639926889046730272904626480505874724457042152510446146050447323713615242002140305824258262474832636143175241563436300718123684626697268098389995854758544567661243642663650509733279714494717234915107027892939314598371539494228353295763073016777792293259661388101892539309127871483932817220470090767195089228344910938437435884445919619687738851469581665833164739251029862269213601521090516889642952004448081337577326181038842935330964654787334102863734972192097494887921827393888646716655254892521661470298293841183435250481146136
818 39763710008899395447288469128924277069134762148930761649477034069121979327124643290029432412863548670327017559378335303927501555624089597445165226186625842679933543089307922263190453153767099138992964422924188878702747070486656078258033330781361505748073898990226575621147803590879039977825272762078567509933712881584365236830388540394975433837833632716704760117679033916533422627817268525274955339592055337019110633855451546254732635739014863544591151389290192938813970247134605130989342504020756458474391933262624662043120904106506892376662211808
819 188185668546680278700438543104719859050921587119931178402032129155716412438787093937942712178077261587076569345264430740894614977564513794756560169591933026721296254661082083278046063830161036245728293745583871910414347611933340261596487076951759759402789135378597843292975791999571551573076308607154284262989388024053976847943090699696908336568658883556230551708248612465634984063178862400741986814692526893317490571061488956034613701345530144981090377912696484489275885353613153817924911986214603621428696675422514150848419355143735406479724556384
820 890609177811272060100398175565458126883288713709746863213391719711075790720561989359728358418920682706188996618048760386903213232104092534431803688921270543494268344527680916855138325541584931482580192699633461557691003846970972806589163267978644116892416889624058109281982639765986659726842893146328625611174438687578643965660783904553545171420491481143546073078708325989316405859617701554078967250024546242189374670434570277248980087499739667763301858570943351147666923678239582745853545580785277840579542441644057676680897271888523131757797840552
821 4214914366182348924524100353857473531888647083427352730638706525365604696715828117208543724227307873669170449820811218721152071199382598875298291353656775641007542668153242180288431261515769335325325604184618710625703296649148085900759221837691385597278295037888951951980418183021135962979205360719982838469147461137520470068896948133879995852808630845775217907052974002829824804382425077956374184640506257356934502493491760323951118543280154307315641180802894328176783044832348390545744760191170425505060377037885248196512524024404857762168141897008
822 19947630352527666560452154408342510807347647246776814566458321417235493081662439377973895454195126902611110969114095508141703433089737875140241285443137830844670622445650732521497147652436465809053693398172882507962525848266026216669719245949209348022277433302766890432414369121478827115069735429498997609887816745819908099323492563227766597993865082479603333744372374110658714149635636976234134695826621738612261181351380406539745575536009392003994293195246174148672951700807630298926086789554925966870700890228447970098680155326865344854216110009136
823 94404964339322562194574121323491673021729900859089366896484102662210482991643743474597740283672993008098027211372768356111414916659659561772432902485246133188544699040700386556925822431070634802796470503292120248196700825779288626067818230625932139935059169915679441249748330613437167337030441546448261785507005808102457594130549648244047259521925105687530551292019716001554845031101594234082593623211790577189205173991817605867437907394291946172273367563927771190911013411976501777478349963024790062003278339144130696604435669394100790584610973714864
824 446785752517443805357103530115041659352061803997596080000248884953426618621839507254165633208438996942620163174426272731491089549247827605411501296034086335258672049788624000549210562049907754638029677107675846601794285709942504201750336410093610302217180629742075048197553919685117446440228059722126127424693112717782838129509816821391859754059237531427014895239326260952079661131806745618752776362329760432293392903329317989445723309097858816432231592371511460026354700727693651152708587258171934983522069792638443649029621317806978653565748567294496
825 2114485729103691532033156721882245617434635084811101404425099594083105941126019788511877399964186881369928246773818934434210006275697161908843830137171669033000555874397347042264287331019267246485649491795649198238646363333788691086244375336464090985370620188341095663574651296012854393577484281202338293667390428382052540869509625165710632444255840447594603743150209457573575318114173749485197753812878352878976587086295875140900528952794511572486469912304472895260650437989231780952482765967958565903373324643494193379403264913986871502640951291890924
826 10007167264099768130682465814029150592322564023647420429444342895694524982753517232969054856684649092701568162241003537328295054780403179241112713297737239984412567721885055668591497380615912564916050842986422361041615804292687796919308511484146220991926829462006518516416799644061339807594602845849479792187224273265523316351317222231628553497717091658503274781999152229833105962787768694865113123010010948090020486507563999085195280994227720703757110466296371579378129568455576694370909383590942104334091115750076282692622160361142794418454765963262368
827 47360743816736762664137942693551277980341062900242349212825801461298644616046785146875954109683170749727104020909596255686018927307205511050063254775548963608144070807360398794185849597984630502806072134514225435580707761650896506119370087779317654511407098004060141989805718420473329809492240571624656863845791485789945374801369384746282869519130286652200920454923718760946848230680700547285698977707002659143135705487682271909556601836472540767453043176030953550608458286962535193087809180172207950852615699369641529636675805532799728396658120679121348
828 224143847843106858826923138259595526966519542678101344619791944405287322874554958311665053027399198529245437666772731765687537095873772455765806987460813069487814429605224311826248776851766276189634669707012404363539038057370028851791055185919181290380522432396649440832583764804799592655447485801994461186855509894496695475054379766857696901623915567343280476601291545049875654902900668532599968804480429535421634951414991821069676857567398085710252193658452207626076984374458904509511718071079750575747305845014664555477428658208927046073548837780776768
829 1060806280671701708982512032441216715227555118142454266578857211612190135367128031677693556478318341396249340604076757010028085870481642879094505109087104855229519262813536979141145239623192466034802907526681594671328503271267499624041611570982711078635306291704355182110381877575761887873673111055148202751824574914475600653184590948563195314123770440603680012818365184123167577421920099447554728755497428061207861323684746019717078471162527906604878479401378548948114155416233596732445613520271031937576749930543367048732092594177191950546829578794286184
830 5020492122402490659789761673666693512337452165940663098965659873094711428411174438576501903911387050057146563192526585768022686855043648720748993633170861259499630298619280467534105962143113259889324358775133238118276891399081343644196449383905669019468501675597094182377936612329621498434573938452464788781791928757858041874057970826928533930562047085805630229123175813544065782766928556451330596042581725429677401145341990716760748726606953481572568020363034807769576526418678557617324486906266264807792173938632310463088947883668231304361823989502651656
831 23760602210888354377666224631386829757604565825575824885336025639318296675992471167391014277842050835706344848879376537287577248310841927668307698472402050755640603344075242907744463186353932459616556811246751398387648686921093640258879401225717649364908253538628196602604286128780003329810096009296235895555871016635248142380992373335012922025996725338478130655300303333796383816467339905814574045382514603135295988209406193364745042857720186487709956822060855786738578555916369032925596988874224442566634121033390994023451365737961321719747467771176271100
832 112452610329648132310845826627766831449087048577264458209984873915919405298454457811195747287308606770261765397118700655578532195436484733513879848341893703564101645761517211655829977724729195672200236242068294055310450707397627188839884982891974354858960750444390955434092450139413983357671776510751288506995163332159630979631996269997218563447300179453057256819679358417892954788132057923963019372438020249356684669671501098355926769500541788921154136487302648464359882520538043431346467574633890935028889469047818785768377570460994618532713700884089837956
833 532209447903475673608622059536209139521773935733423150432194399909415086709317810775645784794684047897387349431296479056728782173361095101998674595363805456342081346525226436589630443032374319882069112288055548224707064102924331904423318710806058767611523605052916967403400958167166938232349733830215056759199717384669874890637072447364388043370259455043450911372695011786989281741901675823728361581910376362920085745603192436268380721728577370275055835415529486396106475834989586880302419320565549399461535308791557303796003764576789906157898004919297544208
834 2518816665871355731425653890138141664713181701509123403134851867427533619096504897671203877906319129799024543011621803983813336827471011888633978839028703632176814933352046246861504769792431659623134230993179131621812123312467353889477005609426877112939672079625300035767501326858253823770401921080486656758897868527206857445421898802680144965091304590768865253073005910386940653487343934275741328660553043738911472866656441518511792988439339100356381695110603685136387486353211684547807804152126483538012776208640182236861821536541448161778927203357200243336
835 11920966659948623046053588004356650911097105182753523980228312155980075415267659078610327377261071306665502395043910171888944837608624994251335452316166886523186991138538541973316221405475069865761398279469615865803265964688733905603033756707442277192454795089848298236803657435676823928487765894251509111090914534469504874359171550959163300046526244270652743835465042084936000466384977116825471001369603232415430600944731584025053408151979852550322621012341046617837816928192400870607575018863971793967198393457482340392360066809783679600678508513962550466380
836 56419251906655957835796914432560698506196062834547256958333236902177555156650048086865895991749096274301617142325964538982039383343174532217131812276365531574362652868933730113298530679955045827917402869392045036909281286436926924987844541369488526644671263502941250602335898183341522273090825573275771935440561617373133710252682710704584005112266222236114817395022830403353880817927580061212915821594412061223102153752963041015608191078959046302370967154964294151644072014274268539679086375278508166604061634091092809787565767579815384712509595848073362978372
837 267020193191787703507618807904069132326535840571045352181956401426715911219393835998736284410249481306834106847828631591063535855385121658454819698495932374422938232821448886895297326000825506110798932424992586313864070123183484459952799347044367479379408228217000506119576566509534208151854105484795769569853185828400113332340730268235510184735070507399578516535459936494214114927640552626228749365878693708871128092330071551770865917323554967417892770964468153573940222996363560723122240369645465250205943840777400708264125801348159661623864742452278604416616
838 1263751891293304078361218544251579315048558421321220896721344431162821641770043888422242796357877171886184842487783820975222781738739972675910638745113859389212428553712387022816685020980799278181407993867414618527507956283924116659080467543972849204213728212566343426707103105660683247865377816272836334725421427371281243403557280064404544765296289410059285781625920926132703898589755429634823149400612520408839149915830729383475431382865034572568697785794844465767869871286642988082391773483069356912530003244501938265499834633807368771597532098045742819110096
839 5981091679070202867902645653243030096071419860376202628900735021614144299706976916000362517149154152996168231619480126330918349970497269657580907894052764254971546941829297681895584996130459171447009278560398623115712088085974103668442933438273185475928906246753245995743416484992656917585518626245408347500327924645792253124105116453095261835953670976205388432886355783624448286057502818548152168747761005837917335141729508540086528674341008757004140686888132797799242972898894593676901705394515174275536786143783271826711472170786421324938211112864759017726000
840 28307402888743175953248221463040435540877629638466599694446262882996936361750030780293724246808108600479667461069102355577457844107757192141293354301638439464424984183617147695320571216608756675128774333123447679852959766226389799965978921899086233763907310041659709088601031024294055611908399798649404025641265667107703290851032050026458718754992354204265025873158123952683490493349846651232758938242923400618630738495846213411367015420157889359551403920281249368428022014862824775134132705482953399655515400543994264643117720134202028430254393133322605897443000
841 133973997646708968253390969933637042538648942419454004865902459877289872906655739139083457772674175542645404139687980733153155065742052362167452423733282828992226832539308932366751166347163003463255366270518781905767999420233189786445607102752311493775153449409359943594550254097851661556022981441440217225995149958538164267526429940064640864410974568483267336591581667519834103227148509619780111989665039756007606617356124388172577112648947673430249145793031184616886905926502371742477754106648630434455496519245809422831337693997259001236507853717798138431068328
842 634076894987134667051841510651345315317428297836755178966479894414180676982849898124028754870929032654540327881772427803545875196528834435046547637973571499153172489177041523301559395053709977281865423843335046578378599314805077034384979811754711830493624608034506957510360199825707593995757612566423898101545556782554864267211046175617767291707051015184737799772191986216013983363879983428066033277192367848459109770893931506500434189034569026353756734766762735169621428282627380101233392732825347535173918517062171914349354118579783164557317336830942530562909944
843 3000988004024992007451016647812848600068443789987366662092579178106134703870553524726063929370548993992547498052699515478994322893470536289021535868003117937432863795011675812323198194800237712769151066312394281337842934565493338835770414941154168250045855983263821725048166301304359808038381294888958469238482330700466770972373327150218728629632182339885446535259644621138505196825459496487517949034658519010020753981023545177799523829570204362494539129682420030160293932355635255355390368412116441904963560940308418569092546233152162370747432003442950566010317552
844 14203242681245918846082697149888178242661875812039437299002244468627700404471320918035948231049564547134014024759902996264731970137667977594502474546895371091729635104918086615387464304301245660300769445208943017603721083738068791469013433223161065037035093824073749694112747725481613711154320249378296240201568327865718466024109673095209295589574849930465241406150378527887755943081641633282730208292237118665976397360366426655074333010435457217227109820595382377564840586133179329127222010485408866822047940148079812486890290985418710334796634448701310431064611080
845 67222037335464571168898488497547363206702909632264648918041716615284826554515506328392440356533398990834666688418117560050171285376406603835389154709148059029923591065187489174358862265397611132118721602522166530574204719659539046859103726837136725298925457516090115617351431571110905808239659856847013925760219980087456388616013385156289901954474208838742097501886135821308008673497230476668364742169126555709903387785925196893221919065226872045869498419027118123722475790537559461244851387930098350623200139509933783105750731517661027021700427100976682831341601984
846 318153530299107273564594512322486101000686483815276243059582812209554424549772999039100556916416180143387751923223762525950467822994563339381602126855622676477671497623188320273576934928497026514891783401414220087664207881885561620900000233495525426112893255180932094628781325145390928685299845034705761477499956915592049516478066989944500071760462679074608549499750741905481090868530284884970815579146735367187447925521843275568351901710222174806533300069851076587577074784157154843582779048544807270061276847887824988972244715894626315114093234993345493184640274728
847 1505784190566721742934406265922343422682729236085578650849376790074757316702764856342881624864606354418119805344750453616939777363077962426028772155733473622300221419308127252022273765797239133279990140366566114265609926518689653723272698033571427867826182635697197580269133193018524896655900820049631924589652760404835460098509882459119988137955463853659544770339782399716517078601672367800895449618907209331593823197778955385874571656888921745320310933975366185714364671786678023670643620144821443482874058896199786042226121034750736037884227249148256540386052219076
848 7126718881066791789477457869501411373676125954190965319367118146323901255085417364267597392477238931355467416982340549744419868398144787647777284496982091164637788019182796387774014886549878580453378154796985874249619713383366006680561204048345073558215843716800831864231780178011957018741614446808026672286249396527630603102162624252922395177460300717991044042800678941533940911071239572908825845505680586212841181062953753008074525471244856849935637042138314321852200037114845992926481683010239327967970694414386054925468147761427159379666110500916152377834517389684
849 33730084510005927163582671247535131192103781409480074474737775965598036449643192906995692953300627378200871935557258960586090374969664833830033118017313911628169406108614989913990375887233802822199119867905904142887771241517841624473537006449203640763012124659084979302478947564348764705598756977027610561341643715694090319048959840881092674122887496334156818520345089405407749053457544199510158264702120511078001904961340148474673076567858044780870960872914105699890835931040421649600888166646042349786878471989720024349323610596936937845823942380350156807471561803884
850 159641623123860373824863365716941589289250028695985713259356578652442374988818152935799205261377051985685421656772060116774108652239330165342681670811113311024437819968403651814122893402849154835822390699417835735919913772959487711938528735665243437335759446415821458913269022991405415865986750927919857595916726307956845958525977554769886726632988132313428018807996980948501410338114649747164166026386632874887478410029668702301569026610272597029505628552439019166824299037571419777868672828643243684334993205463480201139628285772975404410757144243731533366211264776976
851 755571802987617382079408027244590410980059749854400082658161634534109664118650086134960701344474804267456535451562084925418821023123179032480029014992938914821947053407466505474583312877349360088269441187840801798801783189448065441857865173082932995117075818942086337026484800408181999179166761215411486193723124673911642944564529516772221977484112602046835013146293824212545866548745131421145549023888603704250635787049416916814538266054265241054083049352571718432854329101237818729059247878535466766943166093208575251154508212051047926914267186406250013940366900020808
852 3576071962168104524783178894412512453681381971186333084066030119316344622715879600531838748409259490115500579856906682609108396153891381787470536802650354474679864062456495796989911139780121020353285635360245087164402896966574603120390644434455868438460755971851786140264530397115383529026332063512026959672940275939886045969570863802053121561640901800402987917399961722280915964477381700235228449339930273994127344773309055777751808211293282621179194264641767619961894708797362650504266627185170929059850914048605667999181616154092276220789948148064763977511996517188068
853 16925349867957211576079882559753643016085123448087436059825626473874502793515146818649098528017140495895765400347958705090291916174719310682319533720288508168455718377793828851552411927941802955391950808913381275110480822787754061342805964225123912342600748090442680862506551910610242128264643937031161686674440554905681930272188888568565333128520412103034638172481275376297694750606765169837510072261297733214259746718142201171145348152854873982915538390715668808615413670920999084566903927000448329107480732308363553071370889094652899515268812274116475873975847173099272
854 80106905568885433541194376267548087071930931097806039385158084242374957958963660143968270181568869582071487588259074767713723231037546690750939267633471695930340016885500985417500887270271373127024514655026678342722639676665085663763524038153969321157397479068687038275866577685956615937595306664171146786022604267749906484062399760915495842112857217867529004401291987169943798595375200663943976658187635122355185032418332127395634828113618449874534431175701279093876695844814382380597151815154807142497859757335400448614865582812267129141929730863371484471492707011962400
855 379143094468229666231813930666018844273592297075883919489288890811314856432978836401372149794750586161414971787825374695948519180932375627358099085728031007082736528702178306379542508476231308858462817255298698255789148055385521186264148836671818299466486919247290308547920502407012915714440125123034119208764474425809057172791404601835600035409802801860423187615144475355632767663484540160784406567108219320230730582319784454920812302187449784117935843934281885936137718970631351914986407361388824945967614683569544512429024662334745738671963032663486109422951380405371632
856 1794474273524702484580310631026816280288187203314706520061435032289093825673759163968667573972033655949319524800598778051402986826106980818752949737684607204485508055542797991318847850652361027624213117322339795123301472214648816463421989906633290591853671063508774557967749260193715594795003550437573542104761953549725199662410394577762657101006056954861504160849660729333242721110392158940281338907594578359525862810023695354831545022812813218331319244592563677077771614197903064816133575559792716402903043368912508438002179116507806245814203947653986545668484386867929696
857 8493216836215589687158222940555914219455284534774136099414639111704820237486060571932095551895842789642945894404675896512924456140977563181825616636109907709142476242700995978557278672650754727655678086360249469109842524758267544431426528276783723167653059668045399722227933137443300269110237187032675358935514046755941520724044339191264956066412537099731705615952195704138015657003075840955827251900373828676654957858618197888136962765532965142644718826255734246231065961387358009565281975108793570338997963037239934165357690721246941285658313418712356261331331486537666216
858 40198335902885982806365055363184052128796108123372399570800668937324176147405132250400559314658610002405531389694516336589808781486711871282031699535039325067457706636975176923777880977978733398774937080428493111972983840929427387743946104289764692832933868209624417588423428290390786133000458420289354663330730333912325583313036623280120144029385519953098840711899368155272757214867021701887948441777761791105211809548548913236309922855918873681169848380654139979228731285259052287337533879617508773345300514478599632027181648799198870995159703886350041594840610118421932048
859 190258830609036545871509298706542457391539394580485924531883736386037730257456403998496417805741266098497330232539736678659443583090089415473847441156813099000294719336346350747841710781769879299555788135575697952996392324149242396374035977172482176281249010219355917040244474162294945730238386294790198102304439700161173798987822137459745066822854036474286803307864522813985683406833339409213054946515405238869083753114700731740532441162152671428214208835262521732761879879134874088158949628338389236581610529252382089400553449082597873380147874208941257636501452321815622312
860 900497382043177963434202506487081553971829695920597839585212229905944863982244101555537639814525046810549986370237817749281292194190780455482580450602550869421209811359876002932070870011340695594016167862343490534543233956421273706791585277028814891517558630607342489084032356864538168257471831094602209162216559034254597818267124855509566189925010999030712135624142901437878056526266094909677510216978499693936705998692871326419414952623857353483182802510688565176741059971654781204770613667388707957868836852521389729208097141519382904413576474894494408977830274884752643584
861 4262073816972855056797151090865930471548637048406156454548536196564459985325358558033647007033014243365102082375734368859848694851061085309717718243236459086049745713735972531721973117937158877844525461398020235959690864542368499239356938547083255170506217729767272695038952482981256288962499857696056402554961806047438347437962613066057812835555713079597904178159786438093545552338208763063785642955096603137316951314018092501235459257537076056713741318724917311126878938892254184007766705566457323041749747038033132488202356292947895181271390575184210660784217510600578886280
862 20172529488264408472950105000992062657096851867064088708996260156114168110273953034072225378169201385889825123400656080303799917655426249352353051455557014311529404188537085509464026886133588397986276832371159330969970822621618230737621356008452706214632401598367881832643161386711915810312843921289638316928944687653444205578067172685728638081187608423241297953363218701908938387792990465897446869458924476317068053252759068458735787740733393364793024171443066215293036646553809627966226127621361397375287778920235154832838102362857765159915635249221932670061013712867472942528
863 95477409653481507523519919885169574465101547592339438942548247105528406672698428093996511964466429406843957194066644863452846328132061885475100943201260774130674919872322427927788330854182256853131392681960165346681778088585074432278085100529322678071586507213481290676952299819512900236263452932589941316007475799691812602833458054217325004228031648172533201336908477675167100233551157167320566529167548018726464473610563005225456197451099724266680692501178293229151809371914478756255711593054117550198797649493448774416783042838716173477625017165668556690702853265909477206000
864 451899407430341654398252309773464248318668548020798748953593427785937567183952000173611457149820928995714574921902677141157664673775260775959949368435586156036791201339348614041884432382513298790471428110876637612705496745909505883687128477454543279976146687928256230057882543173299563453689491602144888561232434841128201741385645289445299960655591215006208866358361965359036744093164048418451005338528447856277689901418750658680036876114257082689691907972974082835010277120298448634483469263769132593186626717347795077627642889507311565513070220496060123453523719057181355774320
865 2138867044048455843647987066432641878901610128692976153212948822312043011418852011982123965816494592872751581115079803398530757783703709086577895488263308433527849563189310136121077460335379812702610856904295328979811696292713222531643070635228455153801451420827749845940574786186446200993191950739082641390044457338130556849674837490572342656378967523031398188306980493411008964949769276297102639959346178803364277533159641084568350758360995462183522093091705285893253048828523785954955690458677405844907943794022856748210068823789418979234631730346720661331353874775449465686720
866 10123406519502525287122200201009415037932917198780306653849307632508183479256550994501206836393104017062048341464249548245885642630582209142503384361771059359769221968970473735144549009888293646164149310073356552915909079045644303113126660096054846002227750065744527683558321670657533772985736968316120938470101184328910681444444577611630926012406499114599328062682383852913239256061783034627421729114214346600811905769691504871527078781326286573723704067535627240657139152888314376372035575058763415501145456566389771903157093150198048768146975892434857263657568086447079342004648
867 47914883214744422308900939488281863089287797643303177683213101700381617150947127088155481346692977568689391245709126118473093738245047124642446341160235150262393607577942905195341330612423904447349085252844965165357255870355710638725657911403703904394773548234990552858455287397250894946540197618845064126749228822639539584049120193767171075325061887134941300266193898005484411254847110398034826645114278197138991808535394991374579123541328892433218385751530626391068321231169463210872234552825071243206122385393752748988490304323502123391665430563372128229946410076880615655046432
868 226785382214451604825439961485232126059353693277752462582064094966240440811043104764582654584161794431145839256460924667763274894700282003467013337013077973073655852774063551513926220199021577619582363840936272989820763990557163771164290006444916849396504007317857024595360495612524970361897281629456417166766062024187155136219299768502134418168588389771781066306610275706469614717944617086062781168075192988458474989588583435456268842843487021766295610419950371789915198130310297977157280682617980504265533276919185411000302212957165889672678519830573799236438888381262815447374784
869 1073397420088681505062120580850232879604969500672681654312123304909350555010400944000265831682356025068952089603001347142180688108237152880456813899428141850294956676512762635871967083583437609555418475033898232700341422200367601735613975217006091481779161045118458419886253277084917921731690231042846529631816192131396538192684280376953359187999270982552316280600888177746750467394067267665873642834658041203517521451843434438331712181456963072786517096546796750014300203038942246246814099625396474196386198098833353370144906130739951233292895796033226746495734456914809503070977584
870 5080505188715037691630578761815998291181628765712138154951713145489033411958424871501076764159327370857083952696594266776923529457002018246493012993413020529009788804459017330352827150683424527323076061945069074652187198118456885020777092638203208816127043935014475434215276570779588664065227768440954047649038564815457491997141901986749265783244101050797295702005425521506528998378354787475607666702912161902636778703733439281460086454653100323304043038279852078526275788436164593151959672943047118674400644543186023414679064834829038357255149064150255880651631588016227231261715824
871 24046623984941930157656573905771266313167497292254810705196468508748391555852051760819352387175952796108806075295252775043647596871322338197424189457204061726494967083713716290905701456883520873689161150395663392566693237374887681773091959913308776669720795214485410031952896383956127163936439245523698649172027134188742710199624661519121697876262182812635731045869969718938837916539691546136219086655873546361433221361778169842436525165156404712261985165774307835654289404534151715975209756252088801269841463749869661645667276151628629980176071966606576847244731577130534870084416112
872 113815702848266020328439093459678564833241613791302691362795859739269697881343230714576750209149599200498158450399927130625038162701541089160369512038531267385567484917710173689036398861468091080578587883625400711861543735843287374864026417491635168781603966076111284621951974498890782468403530615060352382218421532084564412219753210095064334924800091482496466411244877377743810465359398881452584921653168924679966111836425888276316532998463363300771775702953151763729665487439480446552376543662423380858746603677644402702623485591316318658130586255781443349444695068421568132964704080
873 538705133338923419271353903460642088134408894805621552515921740293765188077405825342165384058287279216267076198033538408418974949004889078737039331925165673575080974196333944779532816560569099423610636534600400088730162018140276193821343484266300905659974139956805949286373283974627812458966213185467172350445683498281639977994942085449114960532638510148824743542685322301496881202233798888431577746738570875803314451767256006331861018371942945359739157246873067983621011105986785289163420513535760929539174600449726163166990526869138441146558823633616824762167341609768883454981338352
874 2549769362578472005511631043154482452699138686235074591283141148170368865207936809356726933798925740690421284265185248284165503509898974610502365320136640197650577297681359229806140284593973361772406859192342910902851858348193704837422054667183486267822925952849939859925493760671398375264427365419590602676642923733936136371024480444475421049999361136724609560184724551513572874065268885861444496017670947076932195469653807463612772508430962073528885357997062626891119195101168335386150905554995295708001170405993882428438093048028347096023798175310285818168556346802488847845280260616
875 12068451128409265082779955314554289096019688894973318293856273314871100734791516320910041416333649618858280072703392090885236861523720191150202747661776787838229706585526572063546567554700426315825200664335899714655127301281916217431268829870123641364163109898210883006272529598239982732705278107531292560267609654347929027935409700675638151944296076225198194108589300224586961814849740625042541388796473391447072311186356752838019808061962131783448253016585797999035324603728288141707988313124418977049855202923629121908941238684733690786601032916960503656189169959564785239268946606328
876 57121950028132264792245627667912897425974459996514829835232997958250097661763653290876070300390908706518884165273281328774477187024849693531944267301848624649998262346583787248212737727517578427193192888843460380721117238604510841769929141485713781042026653916294167337822970722547861067973401768934424796674777100047153848208825611727952903400201141274159580433757527090583970439249521167634224080359196988315158084932801152225110578454459584735002147627216082451096474234732484955126817985898992451507866850405441442689586888982336581571257512093282172720490131518024570213083993235584
877 270368046497587925081041551335056316411898242765922941630382504187808373487232688154033171960014575458489622622592366069807819907917539471407637373479586252108685444467655339916821404472677411964648925013860529578001280722254734491168836381026426333444837147254445567338307068075892753241319387377739715619600184442765850769174016599504621154188634736274091592537119659493456172916893264800452538690817211014426355094617260553098231934097132514515846355201993703410317340484712117330816864328692994008149027386180862273526549604804368074676757344021381390341715716196614400019156625047664
878 1279701115842996629802744641918392366377220602197571100840082819525013848746488342036774604693500700154496725451714621574699762352101054964037295775958213948976063845285990238439351194801284691196990623810753357073979354642923963967018508718727274373390181210293530239858033864597534020141450063559656428578343396641292175540309645651134677923713250568693631217378795882470302207629414213512381850275399161478377520952496676104743007882361930318342714472766910720872140221250133005599145764832415754644531393544805131332408994871278196339058134192951468906436631339116037203962784626481152
879 6057069816561235467476802698242920016756005354621278910317446285147026956016011466732608762624214188349128346506350565989536136858572032674020236127049694815379230063504646576133562723387110672111075862546324391802586501074395075241002315026169228674392146378652720943681294609309268772951947907592213170210943367043612919037127040891032620201267447180664176847374793157723190299833995994720753505766652223098440501778864349308060672762752563301259002395319576029392128969463448708205299349605220947286173491269734061420532029852963254706852726970480740399399500340363849823436752711216576
880 28669324082926980823952535972725833475015596651531043291294564794632818090791273044941755926813455274618160354421162949223761838252623032015232531994077966866488172132533703391131618154752843838318527791126669167458388321757856596810589761667411255667447473657662181066267709025172467384418806579649886233342291238556999366424475164378752213450585069788268164411648979941382460148816245241897907254626713363032776037869292898295889293196391552669093419252615180694465012195780054652011118408846505576317957052639743436565283648725200238056765413238539703097570446998926929401303350606631680
881 135697913514955346071016052709361064591794661634112198130663972429087007335178310612536836942366143254475598959388992884698815473043539383699069435072989763594671355351667399344190662156386460158168663719603463102297206011155443112965311058908682149736211813050448723864110875621896278101611356524996243510555077508819591402760310129916232325513080504524935226146354033815640912206390356067476018034843250200775411377523089847713694039767074850671926225116476035067209270795037521155122815275062554389515437203064283106264260611224837619910885705436644698773758589007973107456315666559527572
882 642287878182257560468281971746070827744856144414238378263334840827029368001002728920012954389532828983735700126847790644201042087917854589852918700109940049098560768964214210292102600899938827884614428680580415350734024401814019527092339362209073383911250391101517132077576647757698262742707661617175230777402441244473366204199601078082700549813438295554755919451013540520597892750225547165291382856751248020070119556593702457975120923736225116153662931156749275509019199142756875427538244954010855849952150485168086318198537670928114721512585736676696618029726019421680954735904413584287680
883 3040094748449882277087493371404411767248254085319554691305748089809383934544740792659073262489031806667343714865890573363408270657153200838587462974071833067056507404655272667078447827978073714566390202854247209129272014319351656477561715104739053276273454635970656488058744128396577195920260177600062289775416556715925705318405264119199539364316423523287822578719442834411237578714814551557425343114606775365268382258499265058906325197835003329941299787447960666900107401405674478960667656473583882887500094613647255614300560853430388543687666287119956544150107469811823737125254343674129692
884 14389488236700768075371904876152121180349190697342990472439147044370936615090195459878656734931055915447059874830872776999698244011464350986517720036351076700609368012010239211727896349882211339785551387669126340744322110394254513984535535705130509063307030451289039444397437087411020177139345127844823183191533405082344500492258474225169311805928708165221363463693746405758836906588464758824735706426085044984448749706877329296756644106917865488230671272028630755575912530801355188638540680841336905217052455400867561130708118374888907155892330159408549385332174279381958814720173190834468416
885 68108985562128601367402745335037065649958568058555699906864893681684392449418633465671301114670438695401244639987162935588362846966044207537146209287913600489674187921192233162517860908400205472602397015723490809439758006149952758535994225126653253528326701683819374870400987664816563466004975965586577620185542426373429813349331675636679174711794620119020081359572646025417026920262301218492504339027179928641118604771725743650045701514970706862835977218372853746459379024569470487776287825284434399852982960720904162762888503908255489794968396432996751200544740717605005356898650654516628032
886 322377191314724679120928041062061111788017691497022778862596547995568074274664621675082327196271551566391966687479075335748102690283697067010120260936534346020275379757385315048911641238937638998498604062990755889805198837686139847534046264787269731675980290668427708680210743228716535334994244752291003509903891239014814778208952872503736339081950714460376053874581187990420400251167392149131720289701138499101755301072447389858205446660364947002277519994623998113155026572408332683118152965911793965546709929313012970657405028363456961408443403254686619107345557310233540754533948144118795008
887 1525896345317637958447484951748869092595497187438072042293637405334577819930154169893177014896431290238016848663694066561460641274731595440709587305720868600920781921227018259397701719472134589924865585797798155967238844282220797945859181916009449110050706174975120412219821942343684944699971620509990022301405563621050900463233213685994679978659130778465560846635947615624374734159141182378120519816695399629979209221627675687147628258466956845049979249218623952834566061518551767047349903647319598009823504977677143535933076262102430117386255780036735113918042156624097136765294671457069883520
888 7222483973334830476532596618376572798554330697514977079581169111557791589078149121052223105435708134769388209407921906794563608956670732875487511214026047913359719686076041255286286869344884849221695261651005033725684286365469575515704221021585514729895980522331887603290227782298896782145763591476090873278419699204390465632137491193704914487189666193531761019116172124319745014912267500875259718424526432151337796164599829906259452746365676668738720444996997509371537574388639159446717879564496520586650430936022180896470005703458037158421376352315323713586246258370409994649436403582975466816
889 34186053447482093824721128689226317974207457239712338198006040134852373385896063771278406039357918428476075476005236535824855988185117148313528129257888053016499321849572116528021334642627194834422704219926001760749027517558855593261542485472765556615734045386456173994445542699484132643277210947059880868166858761820197655031752271216267724379259802920684878007502121238473057811106320578218320272022526595175867945816558006539043699202932711749506961928680712322341169578201759506274333963076434241956624820216245387670295810168126995574160127463615978183894975539046716119378042370089530125764
890 161812538968095944996022303400476308163687708850604334705153119250109742125354521087668811163552793306674933692744574946797266880677508820817871782171255019387501784822724899270517148835508944006004165509418525427387263656778685651700180786010392454838047373035566339532382565505903078822546968174096350960489849206195441339190475942639286174806444553041080174067692248017781631313336863941259929488953547304934125938221265830733299734737411623988349131570244106743866400522376437771262337005553731594970167603292771763087706966126742728046003796347707179881095138038752101723425995116877399571648
891 765907284733229813979782457390586061571333711143199880498165219428422317650563268668926212081401653476385821240301751874608101802635527142876249678149486405721392514225714750462273591914284235302598304518577297446298319771009784944017799984853869607767309519035167279760183436301919285935758785813003405175397587498194295967469096851751889879235836180701314807458907349703309238331566990797063806584301391825584714245467435229059733435339923939154634892245132722400859405338761323861464853898393917671073895406615685132382736633813644465122903816890031338776715008330994985084548328064827340226332
892 3625275775277310710758985087831105327107844874104241674383687709931311706901183197586774952004848608405555741868103914812323699885928442936762993559156472452401112474049617640221540397396642652475004388147613620568727252068798750188150561489662403524085962995251350231815054359663230908240225173759448343575743492681691295163402553490465770122494948344127353935745706651097368145050357709757599950693293031041178310006722970197550312667635003094384683966408793955736452094660772364169916771733134818536544161966364974780632782825458995761432197086344159538655598271800622430640477026896134158175232
893 17159582492564563609276074968452556014907888462539882366196595954853769594712105243303313829914063458340124889939209124424424949546175084561588615140739163542314337084607847288210652277164029593270350393440481287117690113324481842119529054527882178594169520706295409853850378388165689998192145775817153382737473682476347861723799994661654123965669127586715186197128424798101919317006800131079427022829640379611354580134684031820553181828679890915173145301124263451053281750597548399387969319164019726503435822419385266037507080165613697305388631199614528777571283291570136292309984202959621124389060
894 81221910736875919229424776936822124893189772707204968520129681449127144920762146791360927291430258003938007574365370444927122521973742388638280883689505751685809033645767309237899696410160193747349464165478774709583989873488276730846064870595059761675781357114950354489785318514778025076334904347306961413614565786321466486378983711404433849816984769163389050297275591260252147592724683124830643603747109968777136135698096132901499356360095858710417185674501207977300752863207220037338319199870607381191160144344260754658494440014116672062752791427277958483939473680486085702049389784081442377680640
895 384450564169959055667369319799989033671038040357508447949370810505330644543449187529018760603480737913630168494324645135062037793503103094407786050784939941616351009411168480573229870201782154344282772617700486148512208907006342944657834031662837018799738649340812845817862725516656076631549397216470730962411210799066527405683860493134798032612868595312829267361905795181153819562843746934744091030135341931153736931861480570805758244472571287324509603088532398714454052951810245088143536379196921785298238545050182137511906974381909028555261773527655374604645484212111576717094808822334857692786844
896 1819736963108802470365102261561673690614104542577894014010841935822798302544565378291954193112377189828887157484690221639533721267028542013331548856270435255381294049006474548194172587784759020534976651581750535330865934265797546093901198298039608435396245817938110972955234680525296356636350567103497751906048691516354409307041879724362412804070578668367267568797090145160589792787573662711892610185538530064600956337433640909739690349480578157174307973107737698141928427151353256219666194958532153333574156074482964886734247406840243061315085649880338895148052214533717051970161857390344437226848568
897 8613458044582377177754069850542849595942030910237033143393955550573168324574796617045011511468597820362378284170258074080945962996038539706147245038637174283834553873070544045561495635289857977764873071463522614045687298478510596608498654366640450695257498338493161177374034526112912472701539632385261800926662651878064245673656491329732026327018342813132768473338634349942148855040647223650712810125292937459590652034512079134945336022950870339116337847238272275202526931628483290486459433617206655017388546413298767477614803981034677267749228591782470435017904067287333214358763951248894805632728426
898 40770616501573810623797513500433271017813733272421079992532794150116775868378730723367407953608837357477303848257447264411040273008637815089271644872314798877073087933724033078399874861349226484729081665092532677648804063703049126635539354871098580975041013524656293167116253357701264703041767113841147790359100843305022622556001023928064139081910605569704322286204802813139151598023477028246146786714910671637910100731585699736534981289566153944331857357886242991519790483705185901817603801125651100568884917092316983415885227664211699727463998980599527058119959456961131252015552096052377943254721864
899 192982453106842596359598325979363302014635962234848608870760884290261011472302663562318342049428591792784183396326817106333994290878719205943764824571566208455696718644170399615357523336477112945951487512014564344921596200550663640788590506276736382264552998771180765462178225295800640693260371469981291538550895173148388840367702608376972726998209564831267260380826461121350623077726185399603039872582938965248731442765205373085637131211812599957545215132072042154117272810972656183799137622944590933358198682873160402339872322879808970156085125776639484367367210876566680896735089665180462107698759662
900 913459239827765513186765005946342226429062343979421143693082769512330647440525710676503249972900350167117044762658066815191832256512207019087604717839443407867667204486296734514783199503206513133673171167181756744202187100883892267372451548621619679230861900582194352320773753970996179096346998814352039217566993666671359651024678855731477680530953076079943873570340087111471094153183203593013466302821420226693677615605062493730718164774636010725441601272487460423438004172034575711534548361099905648697805367084869755790119338259213444786881742181969652612918222957859566576656515679675855874832510816
901 4323757498378040052867607325994721176489226195231941746341531909847742421065733586448041623749748047745370525995895142271754640447720278542267604158005525389317304493292760830000190664856860245570366162316725507764988684114841645509929689727506993139396666499526617822844467506317464430560189249330072618156486034031919425441815052022581630562700810966410919679374935335866245194331577816995488323314103960655392209990457430259302452803463781011667423743155832430059469789045825379669265424934245996027642009715480803154500412627132235092274461649921761592555155883529156179979443445254848354966198514232
902 20466062028291092069372389178406641875587647539340113900148327356162435533795019958974913372836721571139564771515576655360162547372120097440244042092049652789323974065174764255813366291028797170528548158894032743203611255883814003113243403549703420889783137669196505455645176237490014941271658687766406484783167041951597891456846885441676217888832341092277777291406010042452757143923267951276632056111053454914065332202933097918771790858802347503430794188389566502362098282999649066659279678501977983386965591584291686584480967784304040008217020720907627048828327503514721304609705643238069163698527396688
903 96874181231752983623806483035118081886166858697510892683263527460196620231230866618788127628201096554783425567056962595789993574888576798262074572347778847583786876761424903861580147888860639233857593951966208673831855585279939121149480541325985404984053409117497387342911904558127773024312602042682682124396472734195860920043439245015417828911146410915434490060806866868911825661541653681969075239590902341898965129544954318164854349234611217341660449299504978440105761151205782573415784783327901597913423423194755625176367853363927328848108419375877981770424700611055161779052575316809370528144163511316
904 458545676603754940232018758045055014499621674099572322842776043557701895087939760178536105145677037790052409072680985490639777441845170618199755900188523236445692000704431857495991596646957766843886056637887575862523783400478836423877320525546900169883776678163250040403518719368337243389932384717237107333332670336644911819705759815623487115709050969246625372034109624998034520151770384882102662607407619913683772229056898153682660008467745192339958128647985665635414784607055206514955561742540348840157535899931673536283486705774487267830168793629148325217398296253145280298986843797910447100923633968296
905 2170490846579474143437810762580899045021316598082174834168025601223160517775874575965456038673024826054359157565647832530188077394624047499261390323618611566821511644442287791924843161306605526061836039826951312559373868406655316672232615713641628575019917519696688446934263813948186255655566974322621430985277948095834576002295660573869127333487325975655209012356777060528677985545682599438299762737715368233296760366795709052304099607954788836827967062818615817744539451704355507284075652248585336316848037034260837964466598852114346922780833368268987323284866023670001354756775190193254277820557182662414
906 10273871038505032323919288479513664512146323420308520169528912151317398381992060515300465224269796920115186898204567788266848343519437286675188109940547321833974524597263560760374688017167601516351096221370402750043392458457556031255532801277296995302919771385469099698100684333894111923649697957925545850308810367833901841718982864000694029353094432241059788440009325103114467676040313539231276187564388315222919120484453387875070832250244885316776172461692334704272753995829387255867637198075763487595519372198474186393800543781433525085835294520990170840993856254844521743119439791630907586479469992105000
907 48630759834718283322442610615546889501206403014773748878150229499865261679919786195129360401238864854626092730596435887182831637913674526461566210116672606739575696960241737548556676149409284332523205391668941898273047449283357344805294230455105034254629400000349119170974735567612092827248175340860666357273079779276911471620741703653872810642580910766500270635589463030909453851469568311781091009678937699011103679159246475499891918119122654599845683214884236249285856540306429437062564130471724670493243593418204520958634030801637316029178462796927843592088769798103697389902359742568644696476531849128974
908 230191240208956577195254702697873806787681156338850534491441608351714966216205589900686003441377709811189191139242012393828805811953558342582224177590724301723820441774286999304177067756321633316824852581850049655527600077987947112974504719504181432805002974142632804911261031457942556817425262840654290770306121529596704554496340562464817885777692269580129293606202850862988039962843609736724512352631477897357589758246034875852385551752430920668837907091324857935322768817841336707792937817545736136015534522798451997297273743064099136834338267381790606896584524069129882786217260166251683134632763274335584
909 1089600567494200541274671997845369411581645515585389934303827231304604825761737900139853294716614538522624049375387033568305786289592321842597665558672935237100743902018644326188817007606189619536067516873871342585342012990445177667829240010506463218377916383881679528655193347969810652181055336443957163463394489436862158005044868241277622163836956056742986972590670514967374796129100411288882493935406647237557551631342049853946189115442332022776154592560463641326597113971335049282462451689711389259946431790410194212880342425568287062855741312766583656388235286732538105668550512605974140299161982321991952
910 5157587889772272780335980496016357557096365125556357257966939134503917662055135823973890419531928033772889582449777649137908406262418015478771525112971075438516893836488149341515696986494118095141313631914512496646635812836725265806868222543047854391107634243264488321316666150705037655139633845237295378302800231591740250813350381731943032404530007709039096526653336960733841000646692548126470164257771524916035223320900260154261119869433894456573818464202949092788789302630021469064931155402792855408298857745664046764248034267121646814257737711338360810171223440108425818098819819048061498573380605482320576
911 24413314234790492381130920742989536137626883632405412674738906138145297855543922757391350179110123392253919719506899453030508028054713671930978053531379583125362600937377962594639544601473161314870156817061288370372652592608741534905676056724949100510429415538400896746660224248658920541428052594122646150653130926514714250732954417493557868213443886955776158542126510772066435297792573438281274438909040734989125046407735420049390490270513130290988121701878039413851285866936361674038255356744637036580877317393870417723298087501440835372545131791085237268446334714635005771577860537770539311420382130417956956
912 115560025799059663197541469719011099861299651572759853529664312098284406667843262434881103936149201261004371012825359049008852024212244837511169652730187837076646391163077232375346026282655148107440397073366095846343294280855544818922205434329575239458249187090114147578035944476335075343945414348598381100111836332889349307615357999330116521103653550667229191975331858725621824225997607003804462701917969883837636098504660124216471864915185863726329621667879940208119785990773469231270581909107097576341660676345260810232334770301642615651154802535824354999877192662799816737787861783326334045716125414968023232
913 547002489198678106302809088730584675624387567844974529512664471738379589812668922006472288166634031725466908650924665520681658239135534074425427971889385620774455597507395520796383528061270294160352215811501166585961833220979963221786869742402664660649150730613634743165834250646910920504188954610545578855542361042622805517413850661970492741510699796366549848744739089876389535107234708408572507859704709185679755386340462777922869611260624823290288570143577335703079185114877649700827592062486418129783239886279521007990822990391522180617391077318986419526673033839582132111021238855743547255136982033081685396
914 2589236717217825018449911151869385295877076406326176112824777228601175040054365907907295498519652845895603561281726472854652975336978216297576433487576032937953704551200448546811399625646467898697836663982688803437024504812800606632810194506101960220297269798553153764508002516214455072818074473512538729141937638357791377841163086315398973882730714596379254040458649873450682923971893372627090549772276739033616675258273396779608205298236368373031867412732944351570414914849357966865560168125632694363276002769092914119472043119859811281062390089593818131562296673802389058857359579785509757199631791700151226864
915 12256176073828862294842731199663058909787297785452623425248631472504393023893886663808571458414817670477186492284478401189427902783171806278889124736869763650025677848463144576603228764320936289211475117151168350500590507865458770834300958931124458496390710582888485243595656511135205926309668875792564770508404132189614858472237935935875773507896034378920583632567529626610504496968013580769527881083231878934460639926318868252925083775631324557425483518095811411619127539277416501859200966985560504109173174227456967495947088236765247916677095148276214895636953152579501403208208411577073945964897576635553059928
916 58014827378748613021503110337500418672385363772170716720707767024340053668813083783406740478744016825428928469357850513632817637957837229586843462657123363014412616901337568571208147763063518079203600642999105308934460205709379144216951797414997827003200428478883164008959668660854473001454769077535542709010454218766433528713624837367124906688184078933769929564129040231144759903884782240563875640403002033407527923566857574709723541548582128828921864340705238587082153048925981662260542353754062378357910465457387746247584971477896803439668260993317332350914655210611360775720911026986220089747915645636938944304
917 274614708125432479308879589099975247886702449235713423909384990606886331673287918906347451221707620128822603737238445985231924701072848122216531091517402738809686554846883450967529021672796390645875634401287229848748289681877560750487145110288182266139976708729061303365219924509725754695374136896904668467289973541212687339149015641824877520446464705501540839962981703919936819985807539678683969938243733220906556014700431231417075390240168009385385281625953506029146542994883805443828554297068568819016927498863521007849357825683126892421504443270605551631282067905926355208639404764866760582518093932863115793016
918 1299898248530898971639662332138678778462626353702814807036786484116528043064028132783293875329468480622456864733882430471636602090876592662447208544851743865367544714826033697924499727754355342413717050844756875694689003984174163090479014875624380518768504834356925608140139982865889617816993380402235750119994419291143546918530353707512856277908765595545950563694810210866123814206352984659068639317602916970163194963446538625763767755068620555153301225661656453788475749985881627562185465187676804172993281855377426470704359570726465924903450778513684134561094019485760442244312971009479585785306190785039249938464
919 6153124415437991844964918382534181552400835593069563530066576923611471725247807232495259979256040535008677473879561484876443816300153259749974957167236854137102733554624533915012682015630563561396852078971287182472934695981010613102409073902546139164104535555144010996103048073777229588972309773225799906357722445905162014690064626190972407905177997774973090070390770670548210373530194235764414585555653733762785727260752648091712888481424252148347168822613507408178287332770443583152756108293857535966025484211486940061798352694813949340295695386036207385210868181664748838252951402169437712280953006881329924471672
920 29126131515326350491263277625471995566540858773435188912968842073829935597987122496518597439327616212613933540317649261246518999996951604203379374687942213301485983228945927292589921669861689668046378916885779867451440030144796252390836063399742471356050350589842939331569575286765818066375879535694414563722549160530091141381522714685696759592022777882206071916037024922079786091165916995754974376012473416698617105845459939699690111323187557116931471550788869980237639889666365702602259901720570794959413412343227808143985051231800553799476955541685451597144846662401645354410947409479283168260172388132071918537296
921 137870288948026233391098407189849681109819286694244315652508568817571647173534116533773401594122853884827894150714137642094821625540955814210553351826837748843125549935320349943000013149044659573407314212093767412661925291389504307842511587013182884916056481138047055701278309151520217005436899809580699861913562117365041035626054809887354333108133268804987597507282460820596784634811573390088447804571521812957674456530169185569310055679771014561294448041684012385802406209674389621528522018993844516574840174119127475014983811488155527631270804504762258266270285858276454962378865677713843719791603655207433317811748
922 652618429326704230208205953886273973894873776581152493160105945918141367512602911232068783809521965651214107885058458187748664986634721478133959357968771751505318280794802324683151040197556901245448574375933125415852504860761796468136221448138048249804568858338772627883409035494146678052046583959758584514526705107743339720938462522943366972171278813255031566904511653991366153014239904110938146905727342908847047138571593012622263193814164589551601510610109038136689049546958328966616797261049633969132104712953172884223792405633019780590089153292085407418129335731712427609835228187402115185575566598384813604507984
923 3089219362548241926484262119655659817499440160034342688470187931243279809151217574263383437303481721673101870984509732860306520898999290294715877083105314486885230531017373494619569981657220181416226498857361154240604270902564469915187046446422845228449778713074790501722897539045089158451348455224622787478609800790638990537508821697251430090031849661767523941129528047192538089196174323312942967971387448596222103392608867047689505174387945152370066978335884819004490639323189980057402180314168610748077975843129861912085570488486358868452473360660137948290912387768862113412720805336817424909128458485850650206382596
924 14623082418344648991572100045427618930996437151097222002853075108634504314034812670525463453724693049477511906266289578338495789955875752652140387910498891217378357557146277280681826152567544887208582160938323038184879056432494065591515717688284153569489801633804268781322916984443022030186209761555841464666030956739019747564990109068208592705087341458432155123360160573481195511711335777771732536527479878363196437936199073163907886707350183386156689571287630756938528819781967694138370162599343813360289386374221755792759495393679449623459404831235426767440813456672047621367250309159949442535576015468093763217574720
925 69219725166202561346911478578898895637836312681223884916997366573298251461633830255148087600353698858400033997367404074643645363609592781100140540176948826343607184240668722815258932626476892721225634484799308128788670820811084472831223459129312746063419505973201618695840059315452027456292306605252302577955918164342793821603139162245197241188330062910154023451996622883639943132270145970053149650562612968093733731861439866862923902606278874007255331265598393844090927136748235472255136236225375428083184144091906866477318163801820841681434664737863421204200783159316043903143966958947284754405862612769209431959820068
926 327658602900501843399779815854467975249013127575917888627424272637374247197605839577038603663893221580299766702846067223684732330639514824759555053722732468594486897710596618331588148447585392557906034394906405837710987581590142242407124841878249522314408230480990625905049858157132720572678420949382166128182536060978049028323376443059897415722674751979122956140135506905122573268033775448571720566104062957912751189277083190785883380877506288437267591545102250823120967951267363866233581955141725859391797137309278221562844549408235454458320019994254754590202262760262376812102940955767181789193241466104485822312331488
927 1551008006474484769758853770511001871361843220286340940063690831611236649046402998253437162991157102139454583086418525380176435874466059642885812865042790448343128549252539198429892507430216422042828427980687864665612955427012716034945252244926528550709223921016183306648519084948924158033667825921425782277740776503122396585332159446644176392206209805326403662841085016612471995484462225576767556132674130117227177561509295488602064680218183976821062695405869205487401065702004875085761220253990663361390478187202127794919946247677065758258279948506352654979136134556607559135140890173276683058623254688605177870147921928
928 7341879675071229389827754935485162758747376347185035703768735185048165628057280439362877583920672986556124753419257397688026312474550454030259383006210475848431734740203822324300087250853686075775036414150559115142390411986415855900845280459171176553244370345347745380476938348710780087364334444540074689594271384258520242994649835199170149066659161658616460473046896378770155613293209190445384516203640114945297135200289459179942655839157408451964845442497194023106584299857570968714251862137322514002981256673256562473366135238773763619898006701398661431698498201971341199387378512478373779758695941162431816652301812904
929 34753715560745917029480262602678281090747514039325563948877841847019027400103465783563843300152138569154673654342934810700153324452304442028538676254424128902991253581802156526129710823136461254810456928923662499576955899098865704067036200264157821809034025915193277802578190062082872914319061880878239850771533394620326671122354347884396383462321775512030252339856999799095245837977012973066450676108791623294930593120071658828723913357640225244640321361989893669297952864355431128085409843904083273766449746284808689318745285885545935939811041367237356228792856703516520116545842172074546228895707357142976666392912333586
930 164511392017832684947719559696820694023387829700023833394913695323744431015233393249731224238837377270621704729726389658531022218663969168330765223174397721116358910773763663786868916676863246818714648077920790762017556444334789432985984898434244532674914099414839961624811991465333448927014599972828066886322258412701876140182064507275009729285856491736263533375710223782146945442059669478708327489385564063443499940577962559250224984417278701209971580993019458472614729314422269666128822237881879207225958989503976690253987472410459994358108532524705150224653123464990013052956922629980890900526791200269912592808764208832
931 778738175854987654625284093049621137056852585184359048752148843120467341717461419838801193374922235983823348005308946824319356632630786826820712116076676623890895966178436890342424496068105901589289502822188235607309012079820569504712546945289201497139283414503391067994487149505195333291032216127612613753355727572154035067964668989638638519260047200729006935735565278344646438318199381720927200376605459493192855343822135704880863331885863774017503171714630133980958748022313536173718731098227911849745257656953408259249066054110496765386133511696867030285723148003508097971195034117110214546496249116803468600662264776122
932 3686274786225035388006321524945348302047986306296562566086284489202418884092189109622898067964837107481403817565820883102797261767130532900639060658159927002641709130315810138356763624763286581325252697907179464394480867744341163040532140440453180088263753482542381588935363333634174593559823422898189702305802709034711040748030199503394185956084827741715632620429794749815185926805574996513829820870241587413470053873175067957848314721309191745942448962759793379406036321975418537196403993351283239780971611934337319482147072233805263229975465354403706191569094644880277788846376989761550443982406118047746919209050024777936
933 17449568669134170101274817285123298225159855694610028227655972578800825719011298867174357614869216308993739052478689062969574802080724359928918921598215914812645512259950904519171019482476260445510032649941415848312236016136546711053306713221218500182152581813431947426683532452868764252277630722719529790204861345645256342791799047528923850532570630426222978167827575941742089122090182084064581808259088596308160900877729023373760112530582522606643983226383434140553216710897940138706054894557288801669939183061312499926971547610366069513107525688827360298841274882798928909117375143029107425276659229428880977459443345350592
934 82600454196441471663050785911839093083399292396331327824939084883313040403435863792244239224361761901384384658715297871644223511943633339067227453147622684042584329778995639615984999677113586229575926920812026623892443507178553203491157681712959397528567672385411191207210066843566913655861948519887548567671204694212169646908030032455735107122104722648279662408343981515017411179459518553605816959278495034996240285465300258768662140472621900851989031206063717437540914366807568511721499142952572046043594144610798736447118718690743251465919163306489388190247599814112913688189086606590704397055001267995155087725897253636640
935 391003749108063275041058564280548359540574812665906560527933091884703132897211770310610576211511917255799094301642801843921346097208478003985563128348661756778897656313341780885996438226804917005124651735075917650693333166102538505331685354948121705301991730986963146056686033533584994648071366773195008786801950795804644592475430176826076606730320433441108629937745359290312240499539506135079039597970595079700595836229847682366291219873523024535758886500785698739158966196194260769739124957700323113684011162158202908396182080886278853590980603444277556394707138015681860346623475956171094146267591454706765633330352738209652
936 1850888057809136963483812225468748670823353802596942200520112657418553918070937584298853663734375945091133287581373568224226957663248625920325850134729446056687910876180112653999396554547653110330730667057450077035478249621974294597854614972191516961729664853850511040872325702943092103399774609979952391628605738408273361820284795351610867678102106132421854972884217639271405709863648755695942597934718297929179267532572165101243492702447195676388236850905249750660856195589633291140454790588452633557992930483108207588831643403935621866184480931715144322031496755592972892817577852476448031161492019285602285787850444490553064
937 8761533561140064388351313794454415503005404745435983256419133790191748003983005858148132653465875373573434016094327914389650750637342132588592583130315699917092292519087535333171351913827048899322567181105805663828339463824355180944895560690075996819335455820728048605490205638487879983372182200403867862870526068802132401489426995785040611516707009281154520000724794050347849742908702267343797796127184579576899155913595292881198575354460321566189487816385391113388960674338405209119497006092055879596102073823776299977708623964863288962062868528669097039737292900829549087229068876498688377176684771472818523256073630886495206
938 41474470173000578090612548746386985801121322119997256382700166145990377990445228452785968942708088326553076351964100311218901215898846375495534796023707505959349676406883811405725855624262905790481039664192236263438966075808569245365570383747398549156513813258916346255760979263371387817193045855717938943266081370806443178857678190276293926360110858131456284670457896683370502035105948037885761299114096130318545128907834953875514092883047395327396291452270849877069615236127218607350508541938861349717851894800080612917574442410895252605826402305197613758022720162878605053947515358872407818327967221910759572549861518413999904
939 196328028406570752137574455420503256054630871521336334954050505478417172176797632570987210916447741137278828600084044077185702993542269073291735343122440565535915677744884582603552520618240499136199647125217909613366540405307238605153767583922981549871348304528120134079389700683577291957558623679069163888360714196760841933838240868770707955367610666306893566165297729877741832464500398878606304744988370014416443943598781030953939991385070981065725538722207376690185735935732177009405750934500583581850799224452125682058006955991127677036900193084582269169735707995222577751007478014328352375369456072505488894517396783432772686
940 929361126895655510155357933199828459892820373302351034517561480996814576651896017122766411490439250375679345682433776210340448053783765804063679315221015345165596300711899558860064318984595619234190965709493798394566425592124914731956486633513549413613532582330495912113106964814772927572414871765776802545146514543636700567255438183020042097249595791686853506253466908364339809569891470025077006927848414218406163967049933543273056193071860013395226930677583800505240536168649600475376195764026268771749200369144343642278312148032547734151904598148971640150704912986561109892317956302272440713473067145300484630693205351405180864
941 4399339096018646690223136896618532733151571133324875506872746848798407511736282614792680892712568535768714382985076447975852060816723295521399516199030606262613053916733305660909977120253710176239768317384069892130900400091334603983794674229069849424684292249502956982641011538494069890572848797711831978811148539184075635053479851170350946148135780951971820165774165247330075787829416486445603047820103447965348885220696644636805714713607926592532371780250793068112446497604721123672091753372059527665843842589617906361425214795768121399417937428712745336197310574944521062184337409488825562979853374151697543034820539807674061088
942 20825292473200499202630498720352018749649411883751782055504562307567963653856839983996490771991283403225592610242573498768438075081111938778491837499088766379444307605914635404660226724494790318211814036182764137314586994727072333442903161089700074939427983549001842789750594092035078968111824123263349406450620608054938605796742726472221637968702149641805981464349092907384526497049872356058549590071701686315416792090427562282010615259672417205139469193427623714245060116620301465894777787315883464285361230437973011082913091915499699948868789223129904195899849590224999872082701122343138367307669372176762197288461290603237783488
943 98581521118838423449473844705632338327125210834604528821210093207044497727996557317776191148237624100620035100022808157972595743010696004037808041297113034449892939120678854633386066862815747915432537902955894828531352007239308314281992430823310093337701867830718863930870272749145543935874303224532827537977391612189077167491551977793857203855164059118351214505430854249315131580548381821270422898175562550652534356442401913639199017157991944966479314878624125710304369088470028260834117239063597060304325988415935659222514836166317479695756946590766351076316420971700586787509249987698579457139891666177497640689374237727814700472
944 466660082599352051462336801371107936016047593486028808368370931648345008317434994708320681059076066556698175307988972812467489125609847271024138293736432421533334891481565124016204755827983251992653173580915240189167018546628832773427825104738828771625963048534030132412273111580181811257932478025564205613978956072597974237579454863771792667469993715450870231076638104671231146293580311304621503445875136918230796247219362164123800983529287691149734606740767207704763196689414253716020031477945649720133325442467166815619601722047358036759537839944518071717098459126854872056314799534062880815225600536712443337522934275726254296864
945 2209054972270141970196859863117020655011744934570319547614601125024230873113568891851691443264386215213286596195118342832572152181599843830786414856712985329702761942388654621944842560289717271502334362246507818861886917037029947214531283061013734286946400384880817652376690698267703452921743653409413872988100558208311081392305893004009578068983917391280953218428577357248863855778227925147026006058289879502537632200690063517816377403007549107159616584302112655703729168373317201072802090478590608010378297743166445858190605979564828880459803424957803815419085582861469005486934262675549135358485645174545530970126372209031821778140
946 10457144830864452932846038581868170224170614518710511121853172123553239075797999949553848992412589977943018901873468299738949919834501775106762620544035978850981039692465325144406550876385113193042668068187375791058922497367085482805804946071134272213458179347110206431371277592153816755707024222350500562087927279375307891563241454414932948985864140735811810656031611865691581638961428692000770182517648958406181858286676641221980468106279765160423037231430556466251607177180397742015327645897910004959298418499434226245416743134305998694833432753348159831135730700289632542851169914162716554455053378517458541991918499144977883625568
947 49501738412203440222872010758462205317176084673326165079837766138576740916607993324744555750638416842305849639365283231554500517967130330638924295214934353742087751520914614765499491158513193400833733197256116850660989880456595942680543865538794849391231355190407526211598357819097613040320468681858203366546253839542349152349177792230294896506839149454567260545405116710264857932847183918088808000116528749250795865961233900294352769039268129773899555012137468553331051310591394996940048183930480202999688793104068971479847927599480759832952749034736716911665695537768089885031772235333243206016388123159008097717588242571395716814748
948 234330330665776536965746220573186765334999229633775557367720565518591783376385857016901711846995816766207072804333968986894703671764624091531268751230035048595754477132916702183390331040627893695570476854540618115520043333183921655642696114913440872505822100203095268478414278287711627550149221956792889915771786410394353476746688382205604300960107005887529154423457880729409442652213943742353678925563709167351864053220438430796797718765962916798493060555150476501146725138783579679353759134075567765542534480992354690189004992628008617852022884097547136677681713902202158901220195047076066161158337623114568934055946055583533917960864
949 1109270044196902370916787839786959751955295976330206289098153652529312076572273005527193387480031187523555509815912189735362936545191318484790522215448969833520051670994731476483290591362747080063005212877125890973228569059869329521824411388272745329927151826266454082391274524086712027407266677973910353175576290571883021819121309574262788941506773418079426038443649110646224271236727488143861476385194493612660373955815293234757957305456746123555709891006072955300273434274514136832121213673589549982301138108684455523556161937111513894657700023986164608891769629630340288290690482521054410712831410082425165926080644810222272321132880
950 5251057674459765454376782886624606551895192889630773599770346152200271754462806893422910460205725675050420208488869011308657786222780504600293966172016687952228581163680131226944564613892322013896048516085344472090021851174212641916395759228862374364579553335661214176481635655219493986261141151715799747435587773181923418100536976509518570923165277926328639647638232312878164348329147963505087716952449744476181018696340650159203179419990178391167073963430389106039778522542271853586666945932779060090997524806844153126013794249607669979195252081298605077686619027108739991468644425335622574927611379561303876480747777180663011657593152
951 24857475140265042487774689369733175550131808321823652350975330454925083186215363970049156648606368948805872818449290804755140607338431837638215073743320526187171197290803347859340957281596082136622652381079404377757652668415089239361924618699563618743945714995639611959035159795439382500737659546108705295053698414308351951196688694343782915466304050099624630722730079314442571172971083822559893838091490089227627223635712700945616468728381104648629048984798073754546710874996172128333794427874919575905788401638860101511385617196718558272002854607464568907780647697425701348839846384994763192300488679131471941164529773029959104637177808
952 117670597787202386009626184051917706330949216097282885594750256453228372401392782319303416035979336394011800466833505373957778706483263223283922329389499259235129901973360405938397730968370389274640915063113598750042976690025269920509195890751865913736010830136621629409295040249831490723014812442387920450640314113814749908036609560908560635279551854959127835281820908049754389315602857766504220299041316966218497810878286783870506991027714129507613170235745406618671534502421650471370910133753641223969529320265364730854763980704375723847546929193500676058830127876169722246922576783498861147118138619463477420054428767389007712100278144
953 557031332882253189867017283955486766486908726195506821856902443205712350857712248643376852256277718923063066682976238694535300379821077147357476520172980079825318307754391160309103730233263772503259389317037173227425239880839330026657496896510381436559859840373202334517901543069713396575400253391013275779830987870627837917612607211486666168117852573611447204694839008624949119194436493231666638009415330944020943965668091937284468487675575806607431581515203067675608708013413619912842097916430697746846976558796553299694510708054069107104335575581054632467857856022566738050672063820961658740525394607319665147006971298799099374266094340
954 2636889965008562762339990283392869534677986738232336807002586110460537079800837916028611807915385161556639611065973416591868972017814720231779920246200320068144779311142317161114265179826868753959914900393352526001719652365535715812536169240384886819683246719069193381478149521704876115766532656377561103905508755200053833134787022003406548581996841727186893717436781490588014836670631861191499271073392318719971981200276392875249729448694059434502057182047180694499546177664989989485482431684152899595300548908761391667198851391651195065166994099894977933259877565749048129168583854112804841527060467604509825238751291735268598971411758944
955 12482601501012889504805289334625206209367043868968905290992695926806690280499891723521391805996530561132247620722143529800355861215510601528233503765251012671585485012358647131546610447645743738573459952671611528961841481391607438090251105267594980878096361391509443592184233209914102116753807427593598483096692316661195361938313370458656914523017750451627466363240045623084531719041105262131494013924118034506082469984918239278737871809932842155330128908998627728728375269340402455534896708927998469045084529947558434992832889230903074894803301998190023337606180995818864124381645313509372815152144922920910159191008677997738291380292760860
956 59090670703175124057832465848085883669258176427832768604307907034949807633102518272430867007218124839088867805145596761299766241811840937463035775280141371388650939540198946912881423594722558956592785501144920508032501477323313910061716612671420107720694630529871317140450706968866928468846042851484050884495070301827914377893969942221542775319106865683615362033851727500016423144817244117226710805125751163402236901886714839743813762877951386198055058824855615414627380344649025148007543391686336061497526275366759166675593306239361897246417111963215767542605937552574211939500400839281390823937750731995922537771073530731042790980994842624
957 279726393325165378160028211473142321884994428295958704939005598566954359489856917930951836073603707603781037966664220240204184751816742678603458021297896310308222011335989145455141962345370966018096088483327630245394497314887843025889054556953864887290053400090768984873829512550423716822494225679770612283651414948079023366398749948179189098833620448392141723278011998975808322202380658145420220392208748831201769760278752355563934866713800080260257840050664333459805174975081879547258822808439139372642628434641972968086372716533178403758026222008067096811894803724943135840360192375627890214898777912916522279566290028844893898265559307788
958 1324185059957206428147512608555590863469900729898089652266215904472620710906772057358418741565874880448241063296431225716532586044096256728307001449757265313810247079063142964286607162088569619816654456118804209527131330889869696446530829080575323233337358031186867349765371564976457034069019391263728515477278509833869087857513948749638795020760226397118702171084301543183901233268304471562977510040988455998628808029911220507788310040300922318599512137732632646244379437491428068471483754081972458724174970500502048770450324620309642271899270019866145592740696569616899426445019210188825611105887287561396169661888303437670313078200731379136
959 6268514455069153467753662344607980162182915370784506498725029240813664028135159912793798794862602376321127640242508425734364504065046463331581732345296860259604148426749258170735133597435966260795021194222167197403397459761853471423778418923916183116138766922974285388844685188703733139723062702934450786314870639594114298239920782805602690916739135891932596360308193738609554387012099554220187092657119743763196566798882705854701872545405084080524668688667667634761147339512123547891021807824091481281629587985246214387394891795770953096978672384318974188038155829215029744876054834383527981163956007880090682643117096705041645022044648388356
960 29674355024771809376218301113791032566506961521693126033879454405873722747103299055806220109413494961538047945528875722373615761855220295974631068157441184095597985046785878877259091126884285294826275174779746998059068187577129268294080377398704431430115362511472758915522599656375386829127821038785171233680078797940049152824449006819982280322682977562017149312424792276628216674875562948193808011567939063350128666962436889504175656403337295105111896206125623262748687749698908432876012449255902762921508712087286752722790058731119263082637254869069412963752829125235428590094819485518901785419683112036298863218458145624513248548818394371088
961 140474874266910271137726171134127403564546963631145539525679319904931381671353969104630143484363236183015656173370488203894148859020477816135404546305277941355545280785640250544407148921142736105914015405791304009252878322415777900743207627166130392694841336560076139900647404507481775719482244517715715226485671584079976892907982793378958161954057912029622267203945682240241918558278272482792895775170893258642758935471127526134559718081070733630234821242245167086858654201920205815216424814930079995264669450489733699831379988844324025205998574554328328627399395867571243456727511191304520972831115260048827668534672916266872245522880026835924
962 664992460576317561110623889923210823347767778578166531353304725573119264527053937882574288246608272324247875449864131425865067108360355471223972705446691748949723279851794427948832088287346572358718732370958753924595928954934534783149709254961079492071865574004700185541500255210503723672458501516357743245188156336782513095569875509364065212226961180467719679282016203854716549081908646856335970921001567510376586395847287479961934493871512071341676285458865031069513404391101576801574683275897812105682416417696954204656112057167743754197516627132283874784297166562820558388013281680088999206489905396959409382036863597386827362741420589924896
963 3148005591564583860859450972328040835336603540714773060191053604558107420960981972211604732012752924638176602413725241238001969371682786123738608670992560775446545598250675545337184776816738376302248793277811995658816051199861540146558026268823702756173298969029021821919411792670960403005458922531648179408435516874005817167162819151337456212055020041962797718978568192060634626869069532620332197763241944171348350552031860896805226522645105628864145007838150334196127100475256809763042050119405943358603431093462777390562970091537040988268468529917967976895804651709983984090728924887878297993455436882832712458990587454719214318392222590369340
964 14902357285902060508691410824610389051297984952607076451005452290270736706142438435697878914630569420443277845609874266651879149382063658994208616633889853029022942232451776184772086027767311139030615001131651743307899798408353405668788066488114118216022069510765082322561148249630310716939902771345186579334931276787510470389094267687182654000581155996297990667365004860296820713593620109059588171681824458513570922246604575606462100150876733840083361771891371698498379145276683115195245923076213859991321861302263881585895495491406292163808909315871997594829652978309104136058717019522493554401978858558331909525809098585763043549203314291027952
965 70546447527847173403147894666799793593762137934396375851080034659035829095520754700777850067349622472579745134076954408877671783438285211969005334624329724050595377230775370862862859731305304323776838490941366651589834887941067389046426816308917968713578802058000289576700671105667223855344750405411584986741136153936855162936487486030393761009515119742625142237945117058928620195197354672238266092995283267510599897172715169432856068091698797329920059328685110043706201437488725210897543347940178893054498136718169529437778021253003385461160440973491982729459993489417794768889430310722110272376453313948241502986919432809436616314713684625914544
966 333961210498551989174470731020456924946638955252061111542160215039068957358735341687526622433858691044572055967078898539131716990364533313107281373889960317923834130730002745255743608924375170380203534434562874564333035406628018862010727353822554878710796743593037151831923670849197200419170672142088346381639417675134324644728782237042264573166306725911340480191508944803990205954450052846861412484231331036116356140003654508349491641900886733589992611382004020599907184049994873239427186555523079666230981387162917290930764084259704898905510925167650523678272963147022235209323997608984330527593914856722510417218969321388364726657080578206801056
967 1580948061526438686627320992111208486599905837904628235085355650648450069399972542810843273405665785037005836021808053504191849292198307996873594298769069649874246694225688701518594163340816995925026640505181795471212044126969523416280821832001004145681546073060037583625005025861683170666882119397200495218705217182601043694542660015899233681637360458602375936505004229132824601338692460430957014266225695868425067128497091210910750763953108715601486946299959084397465654754302903999250995510770532703421427835062203097522426416907354435905555310878323949549543471966029436269035205051563717775550854471272908720968498120296872388221628327659283944
968 7484105056474960191713562258675335650417013192734196467226161337673718572457791167473462982524448896936320967236401004285831595646761591041232947516128071572451584795519656854138308678932879602348157165550613919562818650954720461386043190149230326431966570698692387558295362884259462532503475327363243640120093331351679188361530739551265866290829662674974641668787459205209316099981139003254776480387350824525268515824556867814864186821390247564728047359555142894118481187488456294088923729948425366761243209756340065983362226373184480335421700945626285288850549787969450389374906881251369390687564698594444363696126881124944933119454575095897662016
969 35429322163670857458216327178644373151282791967340324035442647798752140250296878643970106502893411956075133759939125077382041412587183196230498251435870635767520580452474310110840635749513775860737242238343010425450017195492172447975213955548992309067455944858421069027178771322356733706453034274963910668214138396267428138999607417512148526111904321487201901596319121449744803008822651719348993098954691799272207573293073451602220849680666083963350435531337062633974913067697881449306044618166541078215266458829121841300716691562343070101373957658391628203663454892585338218819496346378615730952927600451342912579635771868782240442443222450789397660
970 167720638011107214540701249614072366876156376251077361711353638615910639472362678207949490797435999991141794722476095703924838926060689630502500337037183814592059042004368124051136282637644404694284740778348768156305012488395946423065034413738922556100678317162793160198107295026684225983221154807049839604531852140809357900089175629358959339943041686277314701322531546614864839497466266934716472951786815357213591304086373094497818695879377391563197157379363192371215792062073085615722131845598419967827051428872733727848715547755240635768005420187090584693518248860753530994725514039011997309951442343739776943133949714569404585952634773558936371728
971 793982372795405044621860886593108915359332344379098768386910797468215843106204684433517657877128625961299998174823065579160279845571162170055055414117376007935329600584743458718724103107128059686191708362793779483392649657019251512374591475335811829555192416651892623342417723503691325328591225376851743569107859716812787278159801117374605176434417745538705463280916049929913155170257117768387218414863213839791948376751652574398197522554136657190383930067871548216349852803036853280285814753971674866718622125100556932226033889369889477721487284541465773894888376203304008496408154346569983795826312547479935088500135107734613569204562461650996962348
972 3758684793447208832908367463770357478939420484159839635991915907961809545369873693762065253395708861509466304469835290596532305957936637290837959255799967336786599087952788492801795971213512898924667960127667216425999199633104565148499793259853542381134876124401117031199825683554434538315880106756576051606489881463181164741210311577005724057629725072785689798415184506316899562128502913931697171415909951246361657639121211243549340683889983748420344624958131105830120001087108397812461066087514992273665431642493471066223322323269506282980823983591825054974897116393826330537300442845714240820860375270982166436816582660843887195312675502325878734624
973 17793510661385934027779719655988839556497038330281241380298184318575465700120749620594081278813084038385454128335372210383109117109158465030181352450363977684832954105003615532095050911110751807451830694493324356252917510322956841784541953388021196526665927481273960363860268201588025502527355101300764583980893076671948372173589471595112457493485410066269716661145931237009665137702859381370295134191198966385527736513396997623491782240913892698437615424307256472035454963387047125766640590125184755760478354707152613880175619514656536303216608354637680242897021737922528934811567963705796198151547346131014484489242215577170896777848392520776878012480
974 84234124670436138374644215840908278488029298064494384578676971928864939517250867312973547017381511380083615373362994097318150634598777000924498143203399057092138653681074334542648396721876939444662063923285675147683658515811854576277767738590616526896585475813122267501146548884632596203602547289765724432573330550231286029472839634410922994709349631233246114190833618223271942347610083478010738942095812389428256199863512520831520799083297403329076470890057475357946269626805514359537705034993393245667249075522482165366062858850237508498247541839883462795853521327306316133745981610930335696156486324520467556986924323627915933321839667646182330705984
975 398763297319943382898112645719174295060025484926087571282194393353581939320194370122743873521444877977726297845239548748669667163320273433992827598843393995460353417227910613057667945222869076078218902379186756902682892499602796275825203686913682776137619651259708986603792691366368658313912093854698047744999914149315318599090211753797767627668966846465361450447644700208087401484194109027575951600625654379903857709983621549237455893452265666958071306700555569780243382128332157709768465435286476723441181828322077457205381825638054678982925401666427769954029312264869492468832527294780972889962473964134887177845215163797034666896098893483032552626024
976 1887743464014611416309816464838161497158689232942517703510486333322443796501323730548383812052376313120405848559466322464945657824846002000888821210555810302966964268587448427099583698636998718769227297468603981341070656464658362671077640613193482944311573188057860670841976003877472645899403146564019130469481412878140672876179219608631963296828067188004321676242271551566749008906812187672350848102729678377410971949080936803378746624912089420037425519954879001302597962804811817136502111700845559410662481297762356939822308966777151339695440583067132724962265780049687362486316519789928415562495999770114869769412059053492254391729483849564241933105840
977 8936582236975318449423130696472858841621846055898050379194894334934387591804944748573513800323110752352592332141794935190640136007843606408721481110619490311124435135442801130884851294481635741872740679751342381672554631535813768465385094393244941919397369398887980965848025532954727255303651772694813295260891875262841556448907303707893301764232857146040806348902290085472279082340365099196870691743479652112485562318041976603075955518496386096407108942964130000381498033655254746713121317696086273729460898210725261773264414489460728817769073746568599152100238219396092014172946707895318996867672206505835695462312870468369038714595009583517152733680232
978 42305868964504803528824370321047499356499999774311962184469615260798383579945819679062546183586101588057185591816643320648836917053183371621916128470406790487641344107448827953278558428931649194810527306214072068021910555231100572791863530042262557722380439754618823724238888844333925794792710313114660852757980951006780725114814987076679022917885411004798478636715708189491850066788854732173839607538270468834203668514465442004358943029168900448181390355282874013940260051569899454066395779679764179691626520949174546391497329561468203647980042067855778463090410799613515442569331823336314590157149590409913763956674604310618857501216848867061732988669608
979 200276717573729722884623614441837012509646608532546586716736680795816720387027396483233343055857088001936933177502179740006672119993051098895936085598879894561676303945127176152336543580666775984303666516438925840832844665931737742738622773074509576656178638229995543222016823680949215087746314575573614196550293487307923769241640775204869617314820874045571862774279512724722785936991382146213419372996253482884282744120423044439455728149918043682099272597567742410369155214010107921488263030942530878469561399535933679702004041548940877102281125335623702088620785754772283427495682168544668555463144975145623067167404767242226516305925846466692920649473752
980 948114939679700601634394807406026741768766282127177535615192350065357757971679269893863215260861297057025322108306695955916008096630001273531320491150504494211404300388822854165661560903922062333613730008424785440884349296797529172849337010456073131524826686091302098397230105739287623863031982790781310814394323917309963920983132962232463863442905526267120488416357959130243430418248873120341079105183684665897276913956269545795478174198824758009007188915364080936241165509114162229056420792677018755281218038200577547112294357390215619694256276335810807901189410268125530400963998824127206441947300435226337829697904591133643150676383007282934566383911248
981 4488406611894154831146902325410966373479069875879420394658056620949117828049400612040415716303201083939662022049364802203818146532180555010918799567538029915046482616529715423932691280450932133505174540824697453878038810105571347965164065046733381273455249863447641000246459322834315079665990478935507988978381518060938106759786964507673787997528942260358714618469927386453573949571800101351201476959227107134813703782911253340891941292868219675359109396260010627969886449057967569577166662456154418797821673648846220925827569729251939861169938667564521039735735600220966056406526649281446233247664264932311518422795053164428268540345837828791193222365405744
982 21248294361006449808254397525906238930148955378500721521388207259524763254495847379729549662880374735934160452179021763441587123936134791734290319719472030382036498630619681076237051480286816527232234859029634317700372862858998114962768749397754741303586055780288464857686063483810756395607691845773250540112163368738088145283564910718869861594903869137458966584100123354999794644407839183871351514814542032600141126637121969854479601313328393632197867969917146290958276693090189418011699158321256472629745625330366550954651785717082743296921936776566237129386642354981767475360823399814125215756228820102536014260296346218297233376538316674285941387461571920
983 100590422136893757444292799303779085441702816517506536543987765747631382552971005689727909418968993760579445382695344182853980872135520943485031862501899126238607071443797840275928787014401954185588219673460516093601856927688273930049819177474006383855238100110946439635368376140653815015140037748063954009438373415399082689848947042970677652938012821699643793576600476415463130357523789989658408208182649571830891010711953090657007414016198949514991494032565224908519563145074216467855963066061024915305410671583054730938176112365294317894981348293003508384622644007620865321653510245978672887951356486727985852949829731343203527595201585548755251892302248680
984 476200516002159181438391644288739071303690370749920265133332968763805740952102416095797671272123278918231502141343004780727883685056118197760084181396175603768702260878799141839753040424496710894760160533294471603526361461503352172444518543393804568185548071021919691454202169159354697533723187396452238634758760815217463429499820238902341292390532878131446904958377081052287360134842169160588483344467490801389752028541117041692670953617214961041169536877421980490679692442706909458716769690601302450025287725880942645128268158189201019430482469466264305686674399138140713684595689561803012133220282206631655777197580488704830340695089536390716262835521637472
985 2254362573101773668196321683510158334822274432175854532423013652396871887189753277150417176576528705576115157507776162057558428418336114039723134993008343511850318314757979781180684880607211175175467707839658337995119345411396498910461401136858390863770110059950139661118670222619210535116554092327021235118232915080218086883261194137228179456588943295506531828978533732975603679440636197252109814219539723314683371885185053383117347311825545407843015375456309860789141477003409296481228595979983089484678719695437839507068618004115802763459249979811812117787577548344334817954661512617692993002293357051738471411488879700215600388897149727758046456416830227400
986 10672307778788841521844234851907841684074070191052477861625542744321877053527598507289617571561998123836164008131307882212650545486128295266285122146012529399490996203981556301095941535151105959322505259220428807430792530539354520575871468660807280570679527709855627166894243888113461602614612696121057967405482758297182428730477957657142908151443242881284683689683519559493511641151829725755911617043236955579750548810002720300201163328218544616603019881143792087351672467094733377552204958270212701959943039744717169651843410613029821658169286124377244465359850042012101337183390865933773946166020396659091949263162781298486801641374030053144833392707486695896
987 50523518481426383157074741745103571824656289712443874472890478020545909721391258417988151514509127884305433607669613688303457224880608704873638843377023401708310516913556384605140506505649764421058881890335527352080213360257131029077189541531514441105686921935678657580761988886299505708261330377734772020362943431766799570934104969748772154247523172651668316601486714805125978748321455141762227444516243623918906848677655736857550676601042519905583731198194341918172919463611712276511449699448159325276066464499600325077417611558740691869173867887139721385954294681860807108502214460821926356350729871942283809787181624804500840086728849866405035727181118775592
988 239182555884463134304829304294548162355308940345654285373999742435245271052047393581003264477119710398877801196067584062084477155100438649845374747801443336850589205587279334774541540097088147018765740618675448004150369690245716420456133958509212153334761016519742690467540947320523867056634610626016495368881573411057228245316660240258886732171513751358521400443641282512764560230331108015042244762293514812179800674155838038018894986468257747654522240011124600387651494476298767375008625675929616276354678444674100210072043884180579995771840973784991267367982456348091210656698993390749151754196129353834602500772069045084973160181338752499945333829530230886528
989 1132311935158106578434580543285336955631066130538351268534958008909479837009508156989304853581584415764872285963761838560121352963694669282168711841171118360957188415878816439308396335574110992218558385348706904875270494652751894335910140137514972190924150585940833862340656641578414518895979813909270712471328315517147408499245308910130224743188477409225317130631081669473521826367007497344449742500919057208980984794178167458094821876519910381073378648873740771552753951376670453290793778117738041414787869220463652935491106385568883432553263154603384805846771753562218317591414575175966395072555710852911372344316545703052143536007113647467911541598404140510820
990 5360475728368881913158451227323577714007284768366587322882104734445779755465393000619138496601905613431730922643323336777477261438098642216888204008334748343001976010572829630027592604446906243432194149153152751219600401352380537712369990326734103721570839297011635880297629013180840502937073502702036695033157253321811416373711173995802154085303651498896760178713767538601486922830706751464789502646847075579055459322241188195145037787951716558251455261916753084586837641886744293395276082888132793172669546240306608161386874445248149683484278680028081498633339934849564919628389493866836072484383747590672093130690267686174216238790636932320055010262819128936224
991 25377056565619527348254060623179461081634824940864371806082123101955890168135773518719666228645857633430582962574833255306918528246503550819543441743670489115375801315034385645751976668106884230334282221010802003157614055158203037435822545584706999133174202193760061759104413646146935145017537525459947480796620755772323391448450749698687434161397970479275836413151848580388223114894530929386493524863363052570979998996617262559554096247794133470334140724286968640228718174577308026001565735286709742868767749549177575968581436443394629344971195034928711721882081447045450800126983075753117202965508050435534704367588362988700041559487192228289186314661643700125356
992 120137841594901917723256584527271997548085411051039778896433296282554375184276996836282509249032340437377177871774293984186674422081388071312805294619434547689427334155302346800438642030715175492920846255445132729865139378185955003941231156618553823215681504308070719438853423004267895723760058299320673242298486442210168535637163934946756734608781892479153696727698922430932343586492429884150863847680463199165805330814255493008037767432224517200643760993611312395351502267827003748032891643217410757391105308512382729916493484748735813937421261751362297608999780843001372034255669096655607485561717544968528892324239371437355368833817704568154513173276192775677024
993 568746929116791256834291515763847937723677631259957681874719501366784327954996694729922946861216804216088402963100973246366185549599264037484742073535094504554858043478600902709814741883180842770357143451932768149699733231071571878047090874350033563586473052046734370524971333076052918416446096419264980597005225520599864952831825739440554955865334447118195421867118676815792346090539508233109090688005169682764618055667469811886974303800883210780564963981722346938310718465179761807704035995224017797806143918765278898161742322333994512341239888068505045251270280187853288278475224526674146778330716789522451866672172198506108041725619254558021830444239806610254462
994 2692520169727367285005843605660871580458755626516286249581417721198425925893886460037477367465464863035258287176178106216717012485192248758173985087217244730274894218027261473475542546319637955623115331003059692794934816436184479631454108251621773797419228581657756936082579344597186921331983299055114489467087045703150446749191525779272799026627941439458785469512987368761103974976733948964263623122714627841162538835839116255336244363538644835827219075282661659619469991420076534580912693340579729278487416642962786215089614661150522724049472026643004645232804653986012226639306057589981458477944021098248175144321128382028367898331910418318559420508777509795639680
995 12746751680946678385505028724926250195705335304828654336496294679172637052271049273088949855453176696982947158675091468855455196032727159429801673312856082343956283899677010490405881746998267686805571204377922244604786531549634096851433608665802417080701571214466822818508726037389172115265621040342684934010073075944073599491583858525417636131003267393671677151990571986094774322474050030229743534552762901635576890663551467541461057952561527105718855847413191811809179339170773250073137083682332356173192913073719030240291327973702107686146527347248639175832223956483377328815597118063995188694818114105377847731567451946099080265238030007706057322531609125386320810
996 60344923878836124089114827168151949622931979723447880660462371908724513656662053489254012116593650113080804723915486769795225044418010179066356193026234421583073070103471960409278173743026409165476031717704687835836085957207511034545402365525737239696525739826348524404717185397001089308492200828774585293176246311046509324780706376752310739867207456044075464486239064525281739536010216547181503758524199234703801547492035927835255031128241326943492907413443373106021805889791698157594261996461388750460789975086545453128607559952056436986214724440095503165790093731792553324234057361786480904941425478861100299534676899127263986796755280902342784974714844230591346368
997 285681829960144237749667991697580575262151978602134841703367892211841983716105507170633322905262649072316248798191736083687248785245255780597580587287091933785431370731449611887330272117362037045555080514723597252117460413167901717968811232300627014839966749631054538062589326697259398926041213357849504152447966571109506954663810589267293265005515174986902196993646132995111552920290427407557654923299378448258470446372394828984126478585930639146310941498728967655329517145749960566304697798399419945906814069258584882752231192156585414707482224125728475109897525550937018642386010451790862662944794670119377103482703808003664270859651282912960932013065114850544106040
998 1352462244197797493740501812961684215179119933461614579811894933792475383644174805836801435711796178752917325378812232755983369949248890057952893966005937445918356213138245612051359940939685741607325269913030462476568127493279310467713600203312157507610235224185522183847579269532910228582102025361614914256228689236937141651799510878269351594093790019843655774522924708816935360305386335791328216595059820737228594098579641520861866743474001978671119438754163768526584539123541282380863154420027902675479876147546503094056820224748516423048366126542850415167314252121399114292930367035129016216425014776134903545674078769974619334280238801205837845255473147308139718432
999 6402776396451470048845359024993029723405358720531922402459517277697980476537866163513743695738986149858244684333675003475578924904990520872568255947063067237158181836412259760522742083357180003054318532590402986449912248840281134045422964586270206262305180819446513081435815700012850842700850104599025445205429393712207364703588573611252594105988954641289968535030744497363344678100694321983828978688215683736551991950393867542146700802263810315682466796900213223577229436725171530119687107797977293862886084545408321789160878995537028175802517634557993456049270840129311624112922428605157220034902029554005342123381167882250525627145005816645409673657565707900551186940
1000 30311831179505416267550626967578291275161821526577578437012793166056833628869401612705177238871372605245437906057048951042135004201849216972774387268529818439179578559258301367918845733914025953527844861453704684948927001542156270986528986874063151004252616073604721869340751648210659897303270549130880857618335294462122876977853218290900470410394994920847335882971991708263227614195022380412106803455122722521520355712409276581011480741882516837245317164241195184040930954509663482608406868350400010916142545987875982118661032740067289104780483182561205842346639895976391994371408988853465039929980609681013942601283847495277398609027117093952287402880352156103389032608
1001 143501573582375246453767550304878983368207239839849378911234704388538677934113938835161369074424171520472104694629644706288763465522890551024741126180256478568482926140153944456902232186859097068387032856541844964817927813264744701780183277695875280594753081273282652214173418485752007310938952150343993476703910759158684589651128813152019394091342620278714025349200622773569096378569600567451096550552967467728168810182644865974222016999455952509286667490394529095395086499151270530667699249642402487029660670848975622360930411357568328427259086300447509371565448078550555393052004216637264416537738174092769696841279293585242933383340354344975452147151931026913674420626
1002 679362864542417988071435382128474139492441437075564222599282747304218979578571557572540224341477288890064615634348689144208135390362398440768773817682516897073073070422704342608375658272564484996770108971719927736306033884011709291933405010770653032692182312945600360645588053658898269928998114736205614221239647436971762628753666912752782557032739267301577312951548526270278993654406411131050634591415339985201339352519469719027734154297279634133259870384136371657391778941755950763618718533494104194798203431955972977581804838934938389244457493512696876738428246113801244126972845269293273822213256752470496598135040196682722219918185228934143195986370750015221042672600
1003 3216233662097131496080964564289601457996850117950774294434569757053771628730805840133448800932678080125000380920989136501516056037500659760562842751704281283710264796995512122235301266036978865848727654657837473805913003361848967053307706845320411710030747208038010054175556066995126694446525520515097316284650454976587704458533157154836218230450860207792988556132257619264443845254435175781439302770339737299708102294575576161613672403921925165712504451049759824542328391561268644020564283709978483365404127386507804509588061885705916419674837721043068523714817819640648653828496740453159797826727649848217114594691878243660872075589213240830094694658425701075673823251290
1004 15226287656375628577570025239461721797456781482535503793132900108857455717695277166450574688133265360456518685390443793826861474751473913581769636994678034053091591916729946360089723461691671992994320717689855191134952436471869365101962158999063239834899963535097903964259858938590746084529574226303513777158558546511325050270023182908685911466067448240896665900190242577090728910687635891972224478271688899853965768075842803566227616912940440738270754396548197045060966820882680808244101139152464094109095938656800851519386820600578930118355315698091823158597204066443271296398548086027135568121316308804287781095305291067688877273873842849925935791133013405219533210620288
1005 72084371123643675553311095949967933439168926058461245183598051851842496509439488658415958365347356666284348538609955611381865315949960152850482351557137777752811084578748972285000466184740167041170477781158573749384829030629204930827768220322972528054384561793897553848253494746368911241784210019229180376355146093849595945526455443539702728337301188376621965503533709333292766912229342092136897099817789975397670169940422318960952023458842644594336327942469932837535248124312274945552538901445976991620779742751901590961716246936440743496214964242714867165669730383265095820241773654841652536668469281641203142877308821925030323537768102077280769674014750714575300191760708
1006 341262715990612318965429898322261955013554040890321967593972425321412982496398645393540948703134517743568613907380832999824206496975752938076791132136647351033317979752554977842206922167247971797413424592051543668582907443591431999631696832917697268257041620893940878247054574953379213715413585980042328220122084923869252539618281538138997115464096111037780398480490662199363327100582453360809795335660018813909134006589656306187990528869540478492633636385911112741780979788975914196074462947184145207137382865135465973598815429940718661491369352939687955628151050087338719560501932081303445692872061999931501453814127827276629411202659701728026708968248380658830252817750528
1007 1615612541076783944718761835214545419343571338329199250202709349805297435330561327591401219351996397972501396254091777346408150649769818322580354437210685252822970907078241197661839276461716255017622157824345564884863966202284338353994520989524800202656578669716859032497966108032676964907822171500006959092805997115435338113471751675655482517344061207910594108486836309593649189231765355686032113264132623459248072720086434782169351020456796182138295384081756206677954532503279394412966960914704538962116699576071542978934282310921643166016315020495213479116726024727139581544686858924591790018131421332607588311578701933589685155664215528532350604351226348657377568187000556
1008 7648675413661639876919139118217697656022200491173740832800334870690826679705255853489248208172644428977191920612961008394139536006033131144048546317533954797636940894054151000099683679269501946574668517587624045223026158425873990749158140191914379643585818889510876959486049270420317076707928093630019869229207497161151935361993855948938676877411689905506033432749534757330336309520236365987947123995518815940418942060224797643447566141924930492043773714005018064446713058219934186933844592535537731840375784954860888156754268064499462372213873803889434773868855365145078298526519170338312980227627187651525800538629328951569642735089011142363881504504149223614318737862047872
1009 36210613927856292161048916452867598724078876114170090655230539412491454128620873910511957322082507546484606624830317038531377544482584186966873712721424367308432853156450990998478286834723554933799414575991117144315964775663414784819328517455594583156025200391897677736118392723792050367846702444617694896107671265606506736687697204720610790231985956960743900661742620186422149918404818636304544623792644495291802619597991633431566449146600605554789266662791913639882535449153714392894210881113682598940630815101800503566865038886764137971606527071035191573179320442440356913627600972609211797858582379513916695883231212574727903650529220194966250994264629703450946088089532856
1010 171429747338605480579230838324788654021702025337975112059693716630602279981031170586713688052558105881036178667968023375591155828586822575738000295994301648115185139357885434890194515595382926764380129082153836964395681760483632841208475686502501082229259754689998523719888354321481097922584587730428514916360314925262735763300494056103932701093340314377047118239628068122710572789731801335168384951930172479890664894799194169981149198952586602209587934024526552849802624077484372656624372648029955021870442242228090790835053176609499963481212576706810873095571500364740208973253240938428079101722755322568223691121352368160184112214781063996860018673910281280093293365569982288
1011 811590810389396661498745099727123340812142699087540669951988090902437495648291091990975828164112261514540060369138227091255950705921899888526797680032917018726170698505605941801915874830112904127154736255922734193578709322189907036244478683460440735533925161506310982870319236551699931347226891633955079512439897055323024945759535482268251623610770107406577061661329664083209417112007453926837898872968844135941071469909103911094826910609099860207600614303647182142851237800452181816485171481704645965374145821444106006068392533593044686723101683922984008521208365534352919652070536432885874438897588937160800592346202987114511515671922647561520350321062970171544202453606326344
1012 3842277205283886434462058639887113879588634051560448802186607693286371813120731250821545114618580677280654770550685264053980781179201842456770267046713071913915981199922809228019298952080329254483430524455930249279942780706833548184535270850349039109293080828239100183313954553421950455720088611129589733740045008029194879911167632770971752253460564781942335838571471557295402305783604559474421227322946320024221197300852020005572447327238049516662459380807023257482705956567904102919088124978350189720727232439752333066200599622731868197026456019778861441849285022982625711716724738140661153616171420192460416994273312778119691696613440240977570155564503601978789844832672016640
1013 18190343660777521563580126947070340766080392085543512720471392751198096289071651191424890538283854710061608251688030967673554009906344572013123850529151774520821851886898339543924304986053485379372851634181871638816919798989182492183073869609314579951170521387627213181217725822974674760741107936823033537616379930363419435500212286866956300459423907162585494454819072608405321178882563499957702220376009112010782174569267080427203930059708114775803373064438788666050142375368957449749268544509961802895930791337672567937621520355273859026672705846050825766732644464131527788958582003197739824592853235141946681724013056536315300312938251278305031010174847901405671142029921858048
1014 86117963039825696145879130173741476062888350153872592814266839085533719836075895363922607867898202387580687777938601813903084640381916103585109735633414424457078988793509975357488490435109692859189923102727331167424509316346689264224722480411515203855314801613974313103312551177297255473348310141884686090813705722835624505638799289451238549501493913175695482808482453520634550122049438868798900799222161846622901426475923003948722265288643963096536207328225706160310966170716650203144095232804636125820055276469077321693379377208887441254654242960473256525257037149051251573126885587272576289879454393148207069292069729856754942395999702772320228684028922110383395380898519283128
1015 407706117039890003623799764452407196071478793824575001451810291067731300913762837096577792253190609051496154968738343980153091786435018274707822293629561913151634345404554028225926076660133450429300475067931518292973710467745391929014670227690073798500756436271790393965517841798019232091517282938991241938439382377201130652505969878781005226014813056903244183660011418259089690434136224462189394599594277952038453765975161774241548994330564479919059470406467072978119850703978966159605981521114961338035389281367487488856407037028832591274610833046158123436991610776790043508987649475408289652161370620038673002705383458147118512517059356641139231390855780639440850164097525443864
1016 1930195677136411596459073337286815315466805250125491772612913780927589780347660738359287421669134873837987684823354261238445096544567399578335812528161099622196511492579841790596969400542067894343523284573046029844418118788837237111496960563560630818460305913873958391051947159075079136246519057948586755847764138432567042311372139939939886383023171058963352707413426817140467777743919673097420272280663134619953896581335257641478852240376171112953968645150797542178389913935326802769397617773551667572658449062764950381616214457275065109806929782685931396706131648574989804502121270304660763705394745935339332697736605307173145407112243113747489751777890814044563599544560467628416
1017 9138103678589172193851044403073352337520065775602345456431100001658236869136617932752360654394586530662933002023840387000954051452513767089195028014594916220679156297008269063353346179823425675716965914546851158193002122969983682014653865829266153208032237214782974888865214527946814985877740801768041927602801399281506730590728104632366775993679653716373664458982769861522525888694880249793374884162311594870418177611651867365308811236618402907417912664189861007122683152959618968688405308962085994013386016297767921397189545975498740958380625498866514301496370292411464834276732399037491805009048393104945328501475716050932505370961075558253014872738399005147706809451959115118226
1018 43262484202855620031848605571253312972778323927609234684656950167315727446448445082662351558228939979913878843925520033071995637842401964571548386013785263911238891941689519699567184771191902336620492838883090784387508979696873955793151284170962408859759526238100109159822138496462243635955977486589130327976483931306284469503547534911165750774270265265930275986856788869298845714252247668294931080116235480986448547869519036079242345048963545585592684215792882999968831680995850346528164645232257744065602303797933160542263742638433600834355217787152070015929401237780523109491614467043039164523879256839722413618787007873152039533455032604645942029339721300052067642229217392970160
1019 204817685955370285658998118168913863429468936323150811981593567768680426213291468981227392756745330201296496201580668194862288311338971796978139203220236573501966314199045409424884998281568844540852431239982135555992446957579275415242709909082868086345082790911113125877276956855112067009287255507408224130994952982607089144808433208724150767369306075058962818914395442942317407069772300201262772375490129212802400406102692992643753923108831575363369640569394979878353131171174631961907180675178897397589327895298574821350396129555853918467601992293495627605707900643870752108810076984780140364103937872497303293222974633154227575684288189757480380683252072561246255097191598145536998
1020 969670278447906040601554671310792183103926870799598820772938140223206461528944274995881366679734201317485373153953945646783706150198037579298632695057762759728686609258848987955770023348453203344307578545414378961877624993820257888156165446764099441596865924699068927715470141441193270601425599960597496280443361717707965867540384904176266610953079106526975605440115494314167505480083648974899527575849865833329698338171012944701304538321804858956673343255144471856359227551454248101843409793657738484576561272051574658189111750758937455434728753957309453945715442788593352756592322766198335302644319208042545084216276696918330164262883420347671014133611781908140689441840770339499920
1021 4590725652648682541112879371809548717248444571568217909807123684701112084560914948156163925540870722252041844747292766009515061863116167769033861807264328953319639155019543201358100109123710187630458728882370947838908166039502676595704433211705817934285518136260912212275693158415941068246519596429205129222780866735899954566171300292120801391560963726648405940602322047515289286750479792119961691379249867747614757703456412986269153892072035591134371755511287145876546762203480294355263269693371634802990311014551485887439683655829531269877124990631815222417003935348637797777647203392331288041526969305717850356961620305941935506313454642830641549082069649556423634993684884761715500
1022 21733977850666676263096455563666779072371939116341648655412420093383660078102574232568070009037361616627402935950634989317953377205168505273981701480038205648383183171047353740674987910314190261257286643299847660666356931860795235438720809487176767370596316854103164009117249090976404947276289172053115155327950865420719815071708877475822977710629631060714998237837473705585938739784071641449840155801970151241707096057615103275293281303575946916527533825698279494428409314622514764915150092417771669581112744737810411529918042462889758573621655920771503860888185550884572888847023752422557256783850441775079057571618206547885584375167023986477632092856648390709813147782953138533451188
1023 102895818129276150304186903404742408394022163487088604021295321199174696287048499004465751790390096439866459104681188111643843619664813649722643334097042819087211056808866672517442134082494348301613372636061608436040033382993703214245565317413735234332958218468393927186806848613018792663102366504961463928523501196188442472526704876934802536807034465640920776764420823265571172555447119118771355390051938222311363431355046653264505967137164454986454269534461900459052685665701654746634432126104674542296332540398011707331968135651047181405787649181596147137392865338426815453950207486929845454596706568424212320797023471503646648885172180469635331419964048682085933638383898473239437114
1024 487143432375176421198858559398010908717401620592751502953604071264651511283820227632094170323655365217626867152763777954769914147473292875714822434343331082191895183722798431134686048500102965785280706071391626677479291958424257923424062775236276589869572905434555053657496115428025372062498838741534660558602195300650618958437991973486452307526125304026747865142803499198328553093974682031402632909239263721738718722371844285524556922509428225926036900162087238270113529534426967519497486950356584865615666009378802655593657275192220110053702517951495446786059559578968231401055615232556803821093411984149646000772509170520447398496436588262983823932939667989435830624281182911191519656
1025 2306304256275709960041664315124989202069863519651860718090049828345032675182506198642762469704807312634273366380493568667609087640203007108755386935485702221818888619528713841456574400876112675974308260633780062967034298550311608910078801491216334236864109506625008907263856808078254217881852800577622630226705198591656548290901818664849868981950472590396826443222763244407706889209892463776448637606828401758564028768237738163469490814160614719622542370551743476962781847037113135877543045119736204286517830136192225956907089182175389094258189114857376613861028736410712640697279742917483900172824011110656605864657644989469208640477320851428633753833509986471967889425404081570221630172
1026 10918851750686770679319946226009588918382338356135605406467781545638567541231236450967712285269398694204859849034637066041751501577843166526289018905354707777386055570275673256711821405056641768545627319074510188644856187687064549579577027349400556749695598619541697994963309807889621447186658772781612254494259452677306929618141290574868300933574588717899692312340152670656590438794682635951133918046891892135090163451913033023315333724969386719556049501590271615271665602916189659099801101646909735815114681086021839462410259789607531066721534021112362963689628970119475821113013308977219651109463568255345593057315337602869409476118858028011741118300183345979801426259965380731294514242
1027 51693740396528055298422866539643791961567945076987388485573170613155835176397663579662222750551589422442124569403783909313956625232150395757182008030494512324865415778293426347094738395642919988241315037305275302985240876438928830707361382406368354353585223427917743768886381017466419649509065895746995764278974733864035892877347452427334915823415751829531042444079709798677466306765077620791187413785677427517241576438022867017087546381804807121390634140519253648983423009031655655073244112871577079220886706117978623095570463739868458106641922610614557739833409696801843765391107411876838810829146601863049220427443146319219246513407841448753802766215669383315713243087055854759574925658
1028 244736961264158768852268139713503554976901999809412727463315385261670552639840603858437247391639788948817027904284851644325247767046365357293093574299166275342682877024891330221504542599561787050978574838354531735404400951944973648550845486662501496345787237193708908439042736894563708384971886634974813033056404618315829850611174174795851680370375142523762682376099365799317648099906040039177294255154086702496180174594864771138904166699397323577439817967215839558178717824434810604640515404025031130501519152316522917226812499201667834558826912008877495935096505165916709176995588041946410812737957917840938858458854949673465567956553787295514403382694581713800348718246066700693207781054
1029 1158675398555653996563173059853986238967967983478815748357521955136664012542075425788857425104480953750557957136430233719403664474814377703697173933070968753695863205881072483384985513456217745119700481093216810711371156563369116071927984908686518309533709825247916426333174155126337668939046409669006498979850656811213946417115862229597491434925852393320767470477011403680600025789956521751652315621549035655737884215920128898538689269983417886294626775170849295827804070184603177865604963992473498293384276406903244879432588661121804522197639397384505995786188138256018559517510454794349370519875458976572360222286845901344299500206693563960244586584899740062484605270071478913354747605836
1030 5485606158002451123563936260643897972907134402900216413869940966501847894598270150012230053633621330639520339129369372030764470701434403156879240114278578192563759623795777081444812475284643867126689090370490490124879980668435838826381024299616482742227266162100162620940637617235518758129699268163585627082724285988453161643080711079360844332276826710048849838831669934213977328500078810359813263945933282994511824674039161332136016744837293039924795290000198308621299698218668730421939895185652266588839518086464197838623016270074956539060300923173560438697664383565767506934781595768891070631196679814456436170782508435359327333827883768418756543691338754493577721299901967299636801103732
