1 1
2 1
3 1
4 4
5 10
6 28
7 82
8 256
9 808
10 2617
11 8566
12 28447
13 95416
14 323002
15 1101724
16 3783769
17 13071556
18 45396925
19 158400937
20 555035695
21 1952238598
22 6890367190
23 24395779840
24 86623201930
25 308388736639
26 1100569819672
27 3936511575349
28 14109420968044
29 50669532081790
30 182291946385519
31 656930486625718
32 2371133950246495
33 8571073080639049
34 31025461189466041
35 112452752470403050
36 408092456442726478
37 1482702994554311296
38 5392991543405947969
39 19636327564749893770
40 71568618673462285948
41 261093127847866840096
42 953364197895435481795
43 3484130277486086816095
44 12743388264897444949126
45 46646001493521863003926
46 170870841199148107179970
47 626370854885799773106850
48 2297693415215822650806166
49 8434071693148539792365161
50 30978160937448759360596719
51 113850845558488085534961427
52 418667220505056944264548708
53 1540437554736870465342445252
54 5670907817291275606924694500
55 20887470122369686317094469848
56 76972525821455046020293240528
57 283788365861174672621381835580
58 1046779242814494555104058611389
59 3862872468223271179547219375560
60 14261126370119121812649423340810
61 52671930868582169997837500939398
62 194616954020016549184855493109724
63 719370256524053399113259401271182
64 2660046806626892499604958504406562
65 9839792646121937407941769290487234
66 36411417663653336773145484071094664
67 134784369658080607565008209463421083
68 499099705619867734443787204217832505
69 1848743524904355298610288849636488912
70 6850204005944284399725494557973838748
71 25390071457461491142768906964428989146
72 94135660565322838020622439068579031143
73 349116737130573390447946746005125168720
74 1295119871908899010298041570396981552432
75 4805833961916835244416774020533500812706
76 17837906494265156784559369367003755677622
77 66226572978609809063822549424001090108048
78 245941054304384503244377772968614826963300
79 913560493778271182320445395075907798899702
80 3394285837114205263027695032316008625880168
81 12614258463436508908796257468142191699508842
82 46889406684617377097308020163788732290274793
83 174335176847459195885948475255767606987455600
84 648321252759702873001297705108949201865880171
85 2411505083294102797738077600186239189163533860
86 8971738856232178564000921408617427835761087681
87 33385162028660676691151196726809040389534121454
88 124255822995029034087361892503493685032251481974
89 462556143524955777594730119102474993016188550078
90 1722244108841412310087738437891817051742795806699
91 6413656342111386501210364906155144152674942406734
92 23888870689774543868445793291698856318908285058132
93 88994424578420693529667737106150985153274798390376
94 331593164778195302084732466995752725474873539504362
95 1235726409341402001688083564270371411875687201880548
96 4605868377664322607715815502087839246594065688598276
97 17170053557999900587262106675937134646073286552462925
98 64017874627885769768469543193488950301175351439047249
99 238725556976445438074830744443400940107983415188900406
100 890355140645372426763838506188497738166864815687392481
101 3321184390234340066015353235396348398119237418687152814
102 12390441393868400753272413846263579414170619352784014094
103 46232075188628068797062950749760544599703668072857747838
104 172528800134199555738002389450900266733574799747345436858
105 643932343852843392593710207021503394761298452328083194044
106 2403688322292803540078801048345812746707983032605061177958
107 8973755423481999277032512115627162783449280711200757044884
108 33506370136264907828875532140875871384583805516916187861986
109 125122829996423742755989917932391819099837606291759447882574
110 467305330095026569032628745261938049157970251989033684521156
111 1745496221018973410087392895563016876606463060318609914085880
112 6520638492611648665599482849119703180259110827614116378073592
113 24362027094942841848579160287549931409796954008768281871992378
114 91030701443220810096530642443211944058975052849773135855112088
115 340183018503541345718028580808214486503967795100444798371108817
116 1271413368574636981370221460667849643553025222193684860425616589
117 4752361507353986008198389234410453700863823687948784943946984556
118 17765600456307202905847896534092769081345473448669564789074809612
119 66419749055963626858519702071814093110853049055177769861522374298
120 248348020321058130203830170373420348469833179545996497754730275197
121 928687371463901411554569018757304306400537566210055571763237881411
122 3473145641641498815014778568327840762626347225400597614875545968050
123 12990334638780509209063925928898463120142309795158467218324946916560
124 48591561925863755969586754192632364460588342056612190797108114336141
125 181779063527667230477582756174447662751492616922392794756137205970388
126 680093569551927553914222638838569969755869429424462545645855852125209
127 2544688445046340929290380882551486058476299586583967466062609147810872
128 9522282536008130792213007631653042531330509634996829883717733268733518
129 35635870661849077226699484790494136332044788644192954420939703317485896
130 133374539660305726301484895732650962716853011736736551035598938657956052
131 499225935401271269434859572072705170025559493703215193739736581966357164
132 1868785274213352205527735778893651263076196059996017405874455293955581462
133 6996150605277088289550824891919366071169440442637739251370455632805698496
134 26193637753247632459250644414803890719137801224185733605578826840075613749
135 98077379872399870183129555165478504200841521066457897306257527309056504038
136 367263464449626917402594172609718122426114595985023526601078778831297652221
137 1375377469866077267062243567427906025713224266812159591795691093814687167256
138 5151110645629491769615112317360613394007316193409631513446906054592484317932
139 19293638716367739012272168805933396223000194840519606262756410033724915484359
140 72270523975699044562638239224955505192350043487048530975622363435945867107598
141 270733240598183658970393540774882308181111189447737109673778834001504220997394
142 1014272860779133103744717737314718012717469449926854053243685962521123437527534
143 3800147135958937573024568138754602750677739117173500926772012207809839333876192
144 14238949543119268620829100869562915551136392667228261232332687189747359697230975
145 53356456467939421305963031107972194945893775133154653579964758038895012916978897
146 199952603638734486395509185671306315473580547034977696075938653166753179902662026
147 749372548006118607023299930850264135871041474691432787942155404592639915630707506
148 2808657036556312556502270885246748257018614997634454905615732238720415284825801485
149 10527601831296500480652353742450531025746329500200945184621172086320071529395636350
150 39462954800091661784510061831529633476433977707919952764304996048667771578008274339
151 147937667524068028006765253053339495213004927350120281499589988970173936879117341842
152 554621330685018838402824611270749642421962203137405434478501084528074941571282777642
153 2079421971020823495775368398955538633116564438069651881106977808600701546493748986844
154 7796803305692789574842207785152267064165030549122500151555309786294470442701625538984
155 29236006948206905027665388426563708936923112674006744103068852950366685388840297280506
156 109634365805757972587652937276141417698834131520118592994223071292850088442878196318645
157 411151791933188087804441103493492655410670062618574561427513348307549556583448695880792
158 1541999210873001126575491061130487278033602329101997549608105745384724444444120469339592
159 5783520327733456904571599709994835162790633072237177671492075348172134343586287330012766
160 21693329053052758931451150598763876437956891580048932359158137856703460594146757720545176
161 81373995734209282402488431787058107783377272790535056786003215046597324476213849150303330
162 305260256041101991093490155557422051602094278089606532891421281090489511728746670999018015
163 1145195836897080079515298508679656588463540257569236391610082572077278141829955368648834738
164 4296490209524959439912456464217323920771702972741876517674330217835596073510496953080170247
165 16120264482000132175209842020385801486889662198763966010286185977707980942819492661058812206
166 60485945836205842639986723434873669177683107441813838276900625404629220752143948305727887498
167 226965829804033740596727183312963621868369769378438004455740619567116808654149566586762888360
168 851706350667688525025008581206120371647281550183428691112132580881583388289799056583132963173
169 3196262358933789732750913256987584098965699836189108109847467296406283630817942483815136348672
170 11995484926424984615901650467858031371120464023756115543635772849058670460500148108656486267596
171 45021067070156619784768382554291364372698444847004812432267916929799413596847765928835773962872
172 168980301791461575203023078929895636243715594458758311473282291851515966155968585569481369026155
173 634276238147683007543752599142159111073663460882740938342925087667522393523397047268852139258424
174 2380907980481769127000356998204564392344188716685685599075176488347938189868857968180268898007817
175 8937752785844472689760638347692762003150419487762287886030945577251683131259273728028509390703242
176 33553310670107072320246626856474592838520042338678301634195275535302391082129169897508748129575212
177 125968944002929643320001917213558774179378177389307226016238469792100360148421579214814363064858969
178 472946953737799571214841432214800950419556687770240176203632464969792245500005677199703028467212570
179 1775750623543189675240096525105337859464453496731224429652146673017831781271417124498966001286505756
180 6667636094814919632735136135123664001857337110403029101995534499511007305400522352662233841962422129
181 25036980201746213383995170168064716400629371743610586884235107073328469499208367643557320728686106194
182 94018198332969333842979131885702476822799129183671715789877039247699465685034915507050441666016666310
183 353070641287691975082453968933315846967902620637130093660918008333389522719810057116828036635409886550
184 1325961079138217825344090696182037980332025002664395094430977037584408461718976183971239919090672994039
185 4979883962392854663188367642251525043984775949144198622289621152525450837173423922815329164260321836726
186 18703666015898050703337844412311868641378981601460168844173035489166480718814521678052306126613204852646
187 70251098330139186812135339729566786323204323005214220157492658364120747860644334929532219741425580013061
188 263874948112812733951254499481493788669295776981170784897258619639603072015925358896549186271008232127556
189 991200854579728398900561447903780937997829337280228889562091042823833974404737205389654041360813106389162
190 3723432148273902370908582047023518425934019898641613037085865410480034282780285712157897713173162582703370
191 13987603013993656777720907994619025419872712020214814204080747754515903624679758185279061338203582442528502
192 52548586726328717734845321021210503021333069155342564314631771956609813203572048729665955454013704211543973
193 197422426380224093970983591895158462935205905210545856404407185353992266203447087237981661179919939766167525
194 741736156364772287906634143962273864562090348223112813914207887333316878591574104424302543352692520477436453
195 2786889522451659142185875764723960117296849141551619025806769762792123660669169104845541163023718145963865258
196 10471459507829537523094955465214387776215030399403976641735852469558481995131122085544246771101880734126052964
197 39347003985992742163795672215709629783206085634057320523619387264825436789717018320693673220892873653807637998
198 147853951378813583597476180404476034593386242505810801849188284186490063449263615274978089910988049689715713964
199 555611014522732199426294195225893539012545400365877815892835074682798546261529602622200473990946333008646476796
200 2087974718535634420143280904539033457502645945199439142537303902297408650079472336422664403231022817577732909849
201 7846860620843681636890759507608702188232066852660443593869643353922242139110810186196071765476971175735767402285
202 29490544598834151213510557719181173018324968587842665998161512076104854298406063930681585097358546703232311887253
203 110837223643993629295798029258366415809682407121170477132909328136086003773900724915288460014769358445753227459484
204 416585662655289648716628548219507716222934763359376423281887020621660458973477797029891905173732130521561046937963
205 1565808617837055416108358243254410856058163975261935809775412185017279548422933163720235924103213586210257909207508
206 5885570492818668210950468466072944844586659139378556963674744127909663306399264258446787650474339577781562190461420
207 22123499696817896589343111457197861310088364291314606089306765802560109446976822008716914740446177005911803182222298
208 83163798925772282004745111905818848286427470292746190784551287041053954472266828333961782813744838157930451551084566
209 312629454231776909099231210164902842225004158129965990906368192784898055616558980679795419973704898099267018256941078
210 1175277448500399190424541190990211369424722331821959156979554633901551797887325105919931846099611400419100629312375156
211 4418406905440498977190972095584723470116835607082242989359252865093325990606509810182864080663992277197861000175628940
212 16611378372608834892860692599507555172413642062411699862352187451092144746731182846717675347961826181963081687954012342
213 62453984329535614087720662749750337633440736524496408336002698301753829781211059158775991932132821645971797866454148116
214 234816716391076629205309080133326625740880931669811760768779295083358441627146610093665615970131103287947743273788722488
215 882901223699864227655161068034450906006461271454633106460072797029299735165016998215703802374482402214740958042964709112
216 3319780287002011569822565162214552784420458458756259948367696862150273447101947807879743706319811585482706400034732649207
217 12483045376634877276780288744991623607119688242697238513318719421992212643492281446633252543861500080311703726377147186203
218 46940273145425222782945186630248977943140260891481309157959996970397198214267880760046029740126883515649660748304266859190
219 176516132944617861942607454058343345761791631650622041335002133849765338473552983621839493937032283703774214103476560747709
220 663799315506040256767111014070408958079703089455678771717203744916694505085976968159269377525221241765143250162351726846670
221 2496333909776485578231850616529062424769644272501586325086979143762221037617664329811082312069186351375898770116532255128598
222 9388190866518223107940211774164494447221071239806587247439887793121524492873266901714861247604007791122466527235790468999394
223 35308102844958187058323402124647988796581834254351533100807939554866225266499353475687028609965504616626950705536776269717438
224 132794465448137772907084761190337725486273865820828018070228251317897595757766764821272413954798261846800876110200360310424430
225 499457535525213596737208075440560200890511576055100462278259527339266525387378380099075329506385878371467909554873591735637160
226 1878581546959086846014341174953936918735699068850983898555935795916122183137286004960438116718156843607489206658568506721776555
227 7066010972898347971088494863773657700353266486418024492964597367837758006499943036408963739898254951701595539893086513263175772
228 26578546319428896215831622229703538093395172355053900730777587980120376434846748303584527276384240962232124600517470298495728884
229 99977135808384961332895463975196995797899914227917512880908246278895298051512715808003940425388255337776226078405695923257322966
230 376082043563764169001987572892224466991129294196700450745084341792437101288380259787870971457080322418079258937453482025819033521
231 1414740668544660805437088085613922211738043208398103593520042196841406697692699539448303497192422241463500699322536297501518445964
232 5322103352766012510172288424899670684601483509706817825878779885756801161942551246854836803880253327968792309509135430136768704855
233 20021743390011811530690315295338287528035514920504966152767983048495595894842029033723005379423311720259899233963641939381849895048
234 75323847359737893862820592894547395591688405273669726853580330025935475212454647640932267579474466807164437144446375405320379524181
235 283383795463634116871048133531968900519876876716863611641968153125351189831572672995667976217205902744622096128580874769622344516049
236 1066177084136801121937345639500548735282803744832924916011264916499757012094389213467944907601424712337258174328780718524639135982642
237 4011394622909681959982563095306322417443347784663910760557892996716531420827200742809301351487422595399853878451351143682656113156148
238 15092912235280202981090614451881491176398824692070084298492181495551938032112766150446515964998656933149093480325956631899461885342692
239 56788738605228047655664638304885314514808821280362270031350639945779141041580194059538083366099969610028332669474190632176218317234410
240 213679480170273879379694014821860507242116332350409619752639886998421258064199727011086531583023742438583119223245676437219982298093960
241 804034604206120229800303830011140142614911035959232777855453432049901947850806486816830109202145045477238694762302210833999971021428058
242 3025505133300958543375796923625737936929805260370446288094653176933653459851235124417358137393139309538601941585078306895090459019912973
243 11384977769642442780987417564708588454782539904910874539282458343214023385243164139741898105602047988100136243925217551690435375674522291
244 42842768513270341620187681989883908708511948194900724018233276235630311028045288505762159279352866382533100358309106697919493604348123517
245 161225534276517308438718216380607059178257643749757984751679583819179113785142749653796945233744543861669483567425956319678987037499051460
246 606737712781265846499347152455954853458193837346398637876235073984206736684629947320261638379378411267058552332444879379575625674834893721
247 2283383901872213345875332336595728688581516591762818278233308650695016855023320547240003508856766307455028533843324827083090966721887431634
248 8593450350248530380112648019003330560901528902389574810855311830529143090394445432012346066661458318470367489553479499207027395260970287981
249 32341995743130838334311497885175584246166239850127442898145087761855603011496514018698285442473991431807095081519734569788608933246396222923
250 121724102285496883778004146786783572361299742811163767840787278067579860694958845766529959171512555266605728854769557908864178676310327637568
251 458138492178887700848446022807573025712557881488245060260219985832214322411484713272316218990916165923185783156076589625966527831299039211736
252 1724357610185999846595492375638436764445762521090703113104712157644227835045065585687379733658092103940427495238443867278363841710532203322928
253 6490350728157382523442035737229313904061901244654034037227067495274532144437995705032963013315949407300038107296187010274328973914426559870668
254 24429759124303176383424998425889872252505092038362121956404464688530303529691218390323939525195064339710926697855779637104333750605023978841894
255 91956051437933181065475745079962080759237465616225109362226202330873556939305067124636401582036589386548784181425569355662057336537613622792824
256 346139750089787399344786899481551192101801139042848113330604553347547229784303950729573597607597532378191726331898212872673358403274407388908986
257 1302964521227428736518317202964294116547058067922329275009886089096793367681150425678927074556121569149995735692815239711623391120168675990410882
258 4904825724485389617868904585305216550923712145198451496746030207864436547179340585674500376511589981025336232074181189877635135445986468214816438
259 18463939605136776410998234188031752320347391651870617594333879350034627806211411829952470450135570379452987621443655248135513480371213718512737635
260 69508014794166194990448636281798632971652014447885498385342773030640500099248103977974460492610974522455614831525968800105063819750489141159444690
261 261670671004109380472932569619155224779908098289878378842250134323114778358941272342810887602797909193075296604406224125548524737823766938060302280
262 985110133735123897924416949873659785112496520584268405046285209213703658814584299752245977398241975894950714117601220167149898842566115783104240033
263 3708719840091848530896812549632699624330364098660268361279005395610487006785349304174771660316299378476122863667370713708919115577977178293164409600
264 13962805832530410052448275428512146775073447486804223642534723200103898820853374259507274910294750734676736226033917662673360454189539359323221153360
265 52569122627325283000809038435592691084907017466384558716888651455326661527293902298554820890543030401041544370743785142117467576139734656429490170376
266 197923812104178699048801558880863265883170063599793189827348559134648195032418576029278172312844218920154213563755016306366953120744840802002745517968
267 745202981773927758046674954892367357797554076760536311525982575734475430311357800189930498444102977400368906683615333933956895434217397676446670888761
268 2805822996992299822308914667351485600600542055628137348275451856308175832982939600066086849681385813502582329604106379216998004396405487419346096077077
269 10564648165902125779669828978569848324575474631331729853192922370213790534009753002940947698819938406160009696193104086112702363852474677874962773172878
270 39779454214533467490369563200409008361234096675330359810894248506515169859832123133500177830819507477501679730800095172515617094028210909885635132214816
271 149786112475009347946067028928940731072631001252524727529623337016851623314762545293723650486013842440815428303399082400589366011995916934572757271606646
272 564018253945983140879768686735475901394812896496977725722916034955162909774172881733871383724434072438066957568666667150370250182773750955278919107221251
273 2123848755431786725747800770693427201757912327971876408674232541429018839295045914550357495170445517898462968177242527305484783413253966935878962221143486
274 7997656817673913518158718318758509825694060078776980671547010678727662732519322901448773604400644106205677267457892783780477152622958460514058001149395975
275 30116925206118201955790380392446895482106293889254324460446042830108906807344341786469908541636063094302458109025745350580703831610850750548873005570417430
276 113414118345237810491480312260047803372672906012880659025326726060527062111755326091330028629321891419596105419404838885809391122504696775626103037257111281
277 427102559380348818090722411915516027630732378519800436960203880103227123560349077381830454366457760968080489224101424583654355428292969100753277430625297682
278 1608443193797445848593319878575656303425548758450511394431586361839561671827677599918343522709444092362636767989138148530997396362031309994352203314724105049
279 6057420460234841171651495883802504489968333485551666560253475351286899773789373078692459093173406884844551454276589309079176209785211947663148758150555601390
280 22812773680530026182131046877301564030372210436222043486730432113963038487855675306476930758829107666604326734947760991849858397686715995798012652328336872786
281 85916540809243724604687653860746974786355576337240742105840566243571400069573853451684811724532780179622221700427904826714563245959120704385287415023617872848
282 323581537477726658384757287016034644240640771784567543502041991005556902811896901841789040173101692524897774812302316197882256198817516563134948506105826773042
283 1218705825028342017976710500958848667988456561320876376278425529347843323759824250668653346834878379673282969735028235995731952708811276114735803938938300939037
284 4590100382028501121799062134107580963117928218807373401004623477653479677193509019111803173503732619523527637049806657683885141702019611364931154738650515633232
285 17288350794081015341328435544266555639917477185306359404147616841966433035734326068369013407374012087952461025775378245008243468188099856273681534208094936273716
286 65116789287533166131593023964099922575000022048544494757356160620967413939049286054645723495508232271100313149060177227970431099571769216799664083431126756759859
287 245267703564095248863042591030847456352539930245360969687213132212463913042284697496622994861529805295429676465591701835155697487791919790944343191477692192236750
288 923837674715074723068690258636349589583322399613631064644483930054983409370920836900269434157458939210802984535297918874857872342281404358376755439144105639335208
289 3479836479659118569090933827663189806010967620808684177463538137069600558912887610553014850849651105091372602807488579100082272702844487870239074849454390332794349
290 13107800200934568749985319463331315900593414219183326761106305407360994971830339993715495673959381719188214640439268025934912732672775840383688998333020657417163613
291 49375163222548706615809943039999012967628887804357382904584142557776061574733707723449218057287660458615751507971315181261538347856346589625655831794483952054100428
292 185992305370966438329545323973698514244978976563745941501466233445528264407647034916425714080155625104810291845211798917608370883030401344140607656690137444379729270
293 700630533363960709540010066584915580950581708208450494624182943843733764940273278645055441426491207212580193066207492582222729715229106416402575312556594172987800994
294 2639312041651142112545918135111632638149633305243852717657176469467725493917675911987180732412345119420344614915974693062037567645466242238266450663777546289052291316
295 9942599912511150465237549339531373782777578972896213588216041278219688230667987111370965764415194690783327855537244479449957771402777363458908624267273249805910121482
296 37455593479673767295024377088099801943917726046516724115466205028954170730002742250286062917930204813954186204077758102856466535900518011970338201842905350570123010209
297 141104493906771177115197335090632796477970217375017894896014784323024311097256108321372881282642999366700610088352629076290360619805535299212803765810256211705906491359
298 531584613083364970148664000711307695999722524192599255647452870562639202958494588309154191107387639254533975900384891652175891396034746482475101846589080092357957551470
299 2002678806515821555493170732138512498381555932632424347169804541412277298612794945984637339599154354273789736432410588321839848735882142016854671171993667998804432426042
300 7544969649604370695948166335364884717620213433702335766653794933543538087670560215935000350216225649188580035389934915161782084134801512270539603354193950269150499284361
301 28425684977876273543373825126376988377654709788365788563231569172427444953258701323052697555686513598931125942967782073575865806033718544006451940256584440507758285379084
302 107095587758789890992471720977729805420404658212535915842096591629860365153321851760996596311108811067151162672215791732780446086530467110197337600961586505600980986418108
303 403496125885415678298185947626033931343877403515859614393179717289590615923693567519607845131147872659499321876896510013776581326527755507861161481799871784370551155294416
304 1520247379171859131011943862333309974511388075467695375858867715455106949780370304230495319636032846032013362267750595050534476234928012181235432638495838284415033569313344
305 5727910380818507822467490451729074413670063886061887331689982957454936547119696797471712329399698844573591467487370670748626796205322488115662607235007731825364301620345482
306 21581676380430442643989969223177603965587519295359256555999812936647695631973259249937618175432872738019234775501551945885095488998547339592407052410831995762037811809184320
307 81316954018758122962694246923252290605785868907595036653654174169181684046786872652036707853243963437896909207259802366239507919381642929788545034771148333096643079876072807
308 306396604692826203472065046329043687371377037156113257795172575819473502917402983219606463340927361151999646916389040189568930005578162531435221626364163530610513873017304858
309 1154499286936872716043722445294701798250196288483440374366310060477975076872693159608501899700151650569600716724165617846677916109077619876013432193105480335550228739237370350
310 4350209974450321012833878454102414817608927481902608907850332421061736186448369433006837775485457238217074738302196380438577294363336355216214302164571055062335887690840364783
311 16392060822469369051023545349152663454696296093557064707160576376887469737883129689768468706227373114852467173908933405440145715106651312084688583411044794258960088227486931034
312 61768013792541079368250906581878565952975527661521300618871952202106160979912115316001256053155825829266085096259965269917713996097828586069948573492954566153244077848508854613
313 232755748292611655870051213959378372712670622927049658964493536615715743288541907138561278445179958611333313086234785590249426253278510358430626254778345564551651167063205169657
314 877089377071320512498834469504695465994208653296282616116629029818703046770310643188737564574309407902543495617000152474236193701170162154157102153095559741693445307496397485700
315 3305170752184196913213626219964328419838940315547229259916529377614937213181497514670788886439302326713351686221781125226415763221742257668749474983317233907973014380852560812215
316 12455194769452508310185556242652277678837793826406786240683978685154696183629149884777933178042273764763289661934438025949391391612025125097677744698858721275002916037834484197477
317 46936821489658527259619358540755985712687204544639059158148087217753453281303905513445499341619850436644747641158914710697821668374289544262448786049345073076952628161257327622812
318 176881869195927876998974899283124670582999302795029668302108685935053450920709118804726522169021991100190633721932657764617461964855217174168804701669381872478037645178056599222609
319 666590945985979791935597475119222916167674479988822192640389254240043100274731256177058228697623530143099557118407038527237779519598571613435029977317300845299726823839268864513934
320 2512128846708899235490325547444606390425520464375687366786886115516817027632596831342289851699422562525981816123768947992208907849318291224880617872741356446718809294668662595055728
321 9467401143077751134073705437617079191027671466669104942123701810487293104049314337861519376625107352920089478445411198859347862608786628788180349713599864254098145337171998318024428
322 35680092882503270680806720196945729051010966736510185126034367792473088851197329492249212838163646448918339511726984053698408509234301720063075495450210842580789054927625704162178213
323 134470637280369444266924592642115440068552247754918845937987892477436125099666600372149555081514560854273173271239211633222110724931050380584909675568357817888654096832869556655709034
324 506798359654272315745698500638796987398502687439285203441111513910175212407256633286847630076559777125684180053049432317642345774338863458746813360983275035026142331171457942862067059
325 1910069413249023869757718045363342472491025998640788526296336560905418200853983275799766108482752331052495541993136715744965249923220768112768176158994784944288951114819835618472108150
326 7198951928851434164470837831752893866079344389893403284639658726004583448233221447045078557883593952715354523285268992316210109844691703276642388751521879450098340417370513007110677574
327 27132857447274760997642998464138705504688203733988825785194769765675266958721495360618213882791374823617874191485642854349639017885838797612094024961415013719371985511312638173786690646
328 102265204515293985469556071821559248370247551868748004707907347897616814851274449428571149541316969031849721333777371351430729910653923848963969008174735015299075505867965835944791192536
329 385448456365826364795744026568618403604353128809822353007317759345395222506862674270355766480742709125915055956261421214608315697855338098103962863438783599453489204054472272760932889666
330 1452816470988884790789337844879449463098942419141596480751706944522530822708169254981490043072247044967671619511555528649670136640387445137845887163095605749669315703804186717221042583099
331 5475971601800811819196091191130418817124015982222410734952783635796176005678583874742622316782040850935557315124828287720529343590003765078179444421121099850989703469951886340186778473036
332 20640374435825803974739312991713501546497310205169756175712062383032679586281483234052754596928414698060177606869661060525097106487637425998902138129778942135347735498355917298265978336468
333 77800049269515755869110892488460511537966117834633091816601992778927125701008146041260390905952483474978533270685798606441419895515260515300539822691416684459955225774937717527886583938380
334 293256774285904551551905178359111744162579500068964154496729924122056726730785716931421293814734149730441445833583736272432527119049061312454924331445926913728185040376165262708247774776929
335 1105406667650485521277465114876604120878620851369117287034840463022617626794389725157842381960974377863772981196925511703314182605213226926251513116795006790831573194997097721789106473457634
336 4166792916171267134971489128824473286604096029222255743540389714999268939463937289278540685735392240686432445784025303170469716031427899725102843529456255668448168440509247432412228833213198
337 15706793374265758423707049632600529090574837729714137131882682440414044464798727242269771286043514734404539928172888887648415806553377604951760380333052937935549176026802036681405767808161858
338 59207794764553983026986912639350701278423103395954939555758447400476449610615767066377608735593534524569674706588624948348803767016630817789729902842918055909063856039222722327418037537708312
339 223190625291108990916083201774691580835816113275284764196344454473344915409631663140877996722271079904966685516487530236767079264307045178241939249032720740107289782420017089331103306368343980
340 841353849836814421470478474296074042269635202783416211406210208955427714506752907830730894807216015980552703673697441906550264568538140782189549314543817861885080317673500622748753308474766609
341 3171663210084145535234357162731618755947642623116549241384154658723158167762081434323598541360973479461769993325296589473707890947641292650225264693567323183627877647198982697545753863911316002
342 11956416927697144302488826183111093599679678150925151735181906404329433227847243608383876748605518835456580246208474890229053416191660011270610727621467420253922421866076816549939382318945683818
343 45073430385063478377287276866663135634807039414166536136962027072293721251108071520497777554266813964548574229622926693690356982600207789135563188625888862009615409265760597324140335638411669388
344 169920475950668623920468911578685777393048904848366977901609369418014007243964496745680405910579832358699616854633529861393935837997055213228169070165787432230175833367887202965692454390419585713
345 640584358671390315558310090854600450970855883652548061583252831462818031027862744607201965788241905909764653561316797189567670611409729035328856417019051306875972401483698056599267790376878547359
346 2414973797294842986020446017069490236560580884507855025485257602529010562790010651122161217852879969094711217429421348913336766185277749320113251876464217118201579056118234338922900479147278982431
347 9104455187964360202374471273973896979722249253819367663506948505158401364981174106692800009948921105077865436849084196996813266521695087362837455510183154971830654071471406467524279058284453001012
348 34324239043113666223786676162188443068188046576516500466088992484780257621763391527275028430952576650861065269762908920535754905146309576871116818575027309929272732087019792606862114787496689214007
349 129405655637123169780714481596576551170570554787181921692297510069552362104637553483143914396208391731989445069871588568893418870748887866628462766757323068314716037643706326613243038200972440022738
350 487877680798745680076619167528902007562602915004390276533942491758941654907086348804450788877421026405376557808908793373908453262859651168261211683605163770811962024424091906475725597063899685094108
351 1839390617585634356892242696348608779103866343120748095176840122189586190599577474835162381860603251289137785019747341956483339902914405156195318514088927749567806716124861543922518216173569762806668
352 6934933099599948373366176984991347246247758715334773880052432705662758638406841954558924075288944283671140176256913637955625960595506676562140192329900272949178962990122113262329559132341192285719780
353 26146637600107233154194202488404738696058232298305603557008759933425563383389791797625743508824819253571735530702174764028091023110780225274072284936426014076109335236672120935052177820697388668003058
354 98581325213108023349665227656386192438846129145617257462823552690045138716056554110577733632564021334797482914277900167204421593172817596545811022647458464716753041397737224446507696224023086320385037
355 371688102556039719699109867181544647281970262489207068610748545195415086942411266647215713898887999101352477843901592046373508471837925473248349044944914060283494280292265407213337053520776535082767318
356 1401418485696840983482358782849869233051130571125777802635929368814318664612699207678938397083701967406394980523054727242190953010134380840559516059211672758850398953881291986999339026303769973278381046
357 5283992211792783574442535921420092363953914283113572499768361957943355236502086519696376427645109335806125165550781661838378484172022589179107078236680923640123867894500371560841193631313607606056006648
358 19923315484355703793561979437676156057650809949501818246070495117280298533958221553190327962905993249337553490180939916784949309555487413284326155602175058965277281186115057765666927205400356585958653510
359 75121827221425543506945212748030975089358007252017431566699416329432735660319111224330439319394200057243157358125034992998659963704265269817350659932525193513551174914723736488705870060350060988354359768
360 283253792370592435474847108246064066532806711525655391157298581612823019966341467785294690483438105434534550138950518230476942352153701921828230856832348757226846469045754849135854119066815963825932234323
361 1068046975914264908303909127737753749751958339922950865833738331001660062199270736847112619584768867731642633304038321491843345564710109290732392483208671343954235917363807264788155223705589384979011965585
362 4027262884518898179935283442729180246557423656059877525802092304761526901951359372101041283620917573949261168050108163047527193692990687056469440372613838478554674468367659175543320201145317140462591352158
363 15185691763407760399290925748111977079651448538667520112799748571747679240768303404908396832490170959246816886774581999252949315754187045829157384330370206340013423302856455329206696498558511158346735892880
364 57261685793406651964853569983721498872598226171395718034700225125323126783348039838906042964302199797352462573447004665888067534028120737230015853362741290030023923533589322869805638561071655544409118901794
365 215922848061410879082300454499351463267973158636165582674952487812361887950184909684584643327789681102295890760355103205768390931864839824288618885625379661256263401384087336894453523962372085350294611004896
366 814212873576666041434224836819488032805636636572777870882518398521031469243132764406563921283383397359498393310218876928098493495782262114351008953731803412698127318090035928558526862221206761408018536273091
367 3070309787894255978590194087841531877182718193120047524656485480877067827097323870578736461392720063257767600200804984539165263783716433667249415403202044218153426820386522263468447434830492909059278000385928
368 11577939358310958525698944756231469311968700250533864200951344344072248564233270994286177560101331667178717270947915418936598958762519076185533971797034008051310300393898819527992027185956659344683423112936277
369 43660143498207860699644654926675745285779445880109954247469687110775905496793667818783426866731985539288825942738644134315340937398138884730521626482820527190653122387842030979952385861923240617539691046000091
370 164643214145429572966757201717873091369840756890048902543521952163089555754155728733455395814177440079075787087722063278751183605476070386285942367124766424977015023516675408672639525559890581876389839684529933
371 620879435526132238077465617404004039405303884939745920998523180044587620037280282124823416442502712654841263911357323075452341420385174753180874956620309200111469447376965267097499476536656112227485179038651356
372 2341399130006692991881171285731805048487341248230681934761367070251689972097305854242504347491126874023302031827887360198318322968247736264249848429622844624545955626227379721063739664457142640339557275395055692
373 8829748659511674215665980956056032178200600139975579008077059374472092243972988747003007504265210712456050545151055147118235014889176525315421556442514511868277874367176410448413655777067234934411192688786507258
374 33298595579184122930032921705891496158070008478651802517490483701130925755346162121040479469851255996289344881436161561472544220373057514738390799163065863282385761908208458247773798549357336990293481668591109735
375 125576436160206444284486687936256216928616082335757392646301530827598671571747252138536847486418632698090407184453806520096550107049802972861682875513049989739840762337386069935383961576343818748951453804672776480
376 473581825429076008896335297513679333617318856715165686482857432665704526515942084797544544201087224618207831018050912824058040898972998385867026634625597794887135065329567781305409001815320992938718600526569194078
377 1786020801322593249655616251821623337515296880378939163731840293079685119151493561962378758584036833994870960973913601947702085459357740499997521962200506845650980558745711907557764060114534447995705141987183857404
378 6735697670543502976980636643709146440595594497414540577214374121583202524432347694018909292841821418177709436291196495671095164527388581851843682022787352155613458431880436805588953163914074727504528655893442189146
379 25402895529191549768321188921599739269139569424367336638678698722641446893983751393287523400256518841810296181461319268975626715258446360042718075846352497900319926419126368934591353021935753217620896665213891254086
380 95805049101984209459613096230335719359410220732412732465080624337045402458226653865103884049049950573472829660585345859568737397761627693774099879511466626935434977558346733611513520140029197404392632538388090282682
381 361325064454009910186523131914676682543694395690008004079096973089842776667940221739977720172450996259598444530694156559737753619625996431891477907013873154593360662451599995997344836964248305605438983499481199553510
382 1362737702343349735938878712538666503353072807173700275055490518297332489253250992981333621314067168782614876139737093324961593752934703851053312291440488782250134580070168078127179142623252863605086516790555789850010
383 5139618959030051748636766908072156580575340327774777619462216867001746141433888488769887470047762255280154203564274345778540664412992909484624780112288231531007039105242419640727051107994091955022064276793548589613378
384 19384473884952687124903682950569373454032760059736907331908870851592801939243480152379645618933038474906849606812150843263803455336421065426435586517421114128318344505400472191708763523254172970631438014279650661272475
385 73110799960655677726890772533310913723515052783219024517149536535703654459120673937619974133714971521218833764728184538133042676135847769711224299790753337146442040291722924722625923856401187796455112273847904845105512
386 275748686416084227119757168109133101935362352472070124055186387718423955098961833802444141899930580303965544374768978403944647721727310939116871904785497216713375731928249874144850529956983591127108445959912561379780131
387 1040039286570356036439546481640853937993376886776691990884052134651016079966029343425184399083806547426698322665122665545196344665567808995519894838391048041388577166649125636062192468817869021494338391773805994321249990
388 3922747827699114125427928543538348850849104680167101135524647533726235999424479189377944542414325676758849676375465857773298427661594560391258218024624995628171736076417563621466926282040619215598563916511105712145795920
389 14795694909070406499689879387742174729074062430604808620735064325980318455731168344000435862508972176345827830376422629164599649972434971586146361207670815749691796454358126186797958811836581544701427216475825096722542554
390 55806482947659091083497575635554891051325632054661972057616582416083192830468991703971024527731215528688186152858346938658124280560577656071592625611375511412584083771645061389407132365200314051044748444234876967822624372
391 210493275141901592500055268926508502153670161704986675604253649310456665226152363288677554151829822987644968698885032641661119789115840099475325642519049645674919664521096373826541737071630624949958665943798892871250851790
392 793955319208312278368201853951887753962325617747428348762679059818543728093313060064232548456405347378392075105492348655829610380936261723003404308515181064930260425656769918051589340793359956722577135176034588114644281350
393 2994733238658467491724337634198941768616019336448396987905460173183812931081523299171652930100104148965987578430012898544028925501991057092835961631154997451830474801852374557428938497030451438946298973059839494430698551321
394 11295993779460689333686129774521523709057941430462541700796137573137109789489698785945077708476132951564893951711150419726365328581898486157614865978169581618632688360383375053575570620758288184186799413854230836945594634329
395 42608372538446061918859943253186498043231211405843578563224159961374965284742199874571464889072493783728734782941222677837900530718234927404277089652550004124467477130111849395337380798497477740184459919699011059625617510844
396 160719890124105957181026310519536911879497280542134530987279176288163862558216784476997639847988659285005372778093048973782443825558463140791118568983108712582903542739396140731052899689470148489234093032818698763909360552250
397 606245412255550282356051775852546913655485336770067349006845808077342684199100567387892029682863508796507669042433373994063389834053577301273764821973187208623543873097607201186720213620735392033971878459944419833529840585464
398 2286817148090503688366767837366617695201301835130920126590608307515843438788004637864261835185683685797309279798719934921550078990242461188323933942659624168992621793499026559956920846132728059524639555124969605632059897149610
399 8626180299640372589582039917024269956100138891872047394743847397083709968290240317596316532666682949772714685195980856138105130280971796827139958647298204957611956779303588112322054776952572994465288501363900659497228506558942
400 32539413273873577760879523176912522624147991654189816600546769157297501659923347971885772117390395375038589813903186968041118453128170212757335146063960249777051603885588620155142373284030803595534092956238862620326871443095045
401 122745330406038621487563388131056705927241978742331735554520202352047407591573045562293253158213052179522762542393481676015408648265517257252926949987108049025341344726426139470951809785080864016623630734435137677396924109926768
402 463024845374365108224580257242168518386223803493493417987242785984355836352555891380661408424016172973068842527780588426131821640777834836544836590114015108585371820974502041209032453372053849975802496738390753736422552351929440
403 1746657069425007180775501731434343669362170609595640393110310353308620749006520518539352949482467906312577158038896635903677659458981132496492440901877002558006440719193643971804663737015428832385513545127327766095693566876200035
404 6588931780947874862513863691448965457645743010097562102609931972434836152566267151405967729926824136870913871493753391104552807230617038989831739468359566752880516180735744450552882933373655795168676365117352139423074712401290361
405 24855721307034112758955251764735913634096583740383930645390501618584912366957057269911818944072490944445874337004486826879968508689122010009095369701653579278049553336717340708768745286251081351335330816062251252286996768276417280
406 93765204556202153461389842381860151836691560613138806996195041037944821624067896710813242707881413005062738904514214173449855794841509307838504789014519055761515138215645007964770443792038785780672825061677082188516199093628294847
407 353721123192111664744491369624372085717367673286356813810260506440324395276644001286244905287454590890370878383028313487500312413653379419792820613821084319820198450910944378251232410630348671366188451960099048596431436095208160420
408 1334394432525985021014941270402245336587393522618902635639929457045123370805608305128456173337827234266898698125322048595358359466312145033988975069898315371529261996363044245461552357277827610543174105158078820066601518971783726997
409 5033978586987005795056199259402881217020981386815439694682229210163240620007559458261059326695036966664168208006354938139879962611756583562342463172970680270112339356250043414856190623861559455153767300129122285656834625703136733435
410 18990762563400746199694550098420878627443524776238982834798610112631934281096355938050578592738508991198583325016219044172187221460751166911006415764355533699384423380738987479943131282193690388093308656421581304198946461247305089022
411 71643587143125473255221056800286411107350695006613588582785000527903172287788120526359681710616676303042534716363325406087407621488951664550978445514679901883110726471508735557988899553586673434067716729076032320416065471386283193288
412 270281363269970165556966035096503329592146570184047506448939275057683133558474530462250408193098434531900087174608580756832741829991929830175011251865548042905695218331664393789267605554254292866875865422104529341305994268158112649016
413 1019667835260218796983988213275388753007957716435612078020039582023271903082515685405162074078402254949519368362881851748554716769777143703693985200827806918002498756683108585955236827782844734451213985742358197340061929069113059290758
414 3846849196816492305975640898002729909350304768415219999899047233107835176235028866671629874162776557857938314458048499791667927494476193212898108364052883816087638427414815513875270344374399417542057392974641781877367545962814325548264
415 14512940240885347715968096563141937053996802670961009320837863444371966624762527306919219399484165819381047892940236572542528506366159767914962100390504672532087287048711030607248223229100916496571474103223397665467577501168360664866054
416 54753191407304489102430801087460995038188457764776480803322517278238957846171980746657636201089992543046575459526965587397302918768807474167053499026529416378692500510343839714025165368476971308800997450585402415323577043312573627749236
417 206569993799079894623148628729722156383672807694809975499297341499962961819393995760578495809521598393553254616779864236730962918734106921606989883982547441216855103682693790608372702438171671078962245642680194147334886509224178488368144
418 779343260751349834182342323839726427378123361024736915229129656710423373018706286179715474952874332324031632637941521967931817113835803375911215182785685159417911601095761677700660840637606513423035270188868924116130494911219556322213772
419 2940316381154711697707578653418787136943537172317868428852032757944940681939102695769941503636452471856412102782646726441537374145774981699125351024253277717985342842371029168372772305922749561343702343919385054609585817829714235220180012
420 11093358708247983623516206302824784027872631105343410058243112499191489356162823486438487485332001796286472529319572162373143676837390511787970273335372526212269649318638034280444383526775898689321962562045088357161423951292767373330637057
421 41853881955150345071866869798666582221003938667930751450628361950530279845316675899196527699320030521778755173959976760622572270777827488528379761415707654511545776282596733555530951580211313216075811554546173531961236080686026238794406848
422 157910901277924199364224748456444901831627147451788399069892454332669413992505690158857368925761446387157379314327972458981032959069737118390083270958388908231802986695828100348441681845237371860055090283398479274590701805174930565419190920
423 595788533374342249270922552845336476302487442976305737444031917851436203286463052476413027771737278552671151419670464154310230764017818984301680109704512924598262735612461556793303745382021225183125686863325825290702033776351053162148359958
424 2247893918393525962031064040605527390443657883830589285498479835802155117549656361104641276188184008334653432955301682052446450838383022693426080448762534790249095266972147582954225709119194782363711480396355363546197404644050103830168288709
425 8481313385743944035735135347599082028369022821211756707592919810290734127912207535802686039310054476210841568235812751293676084370719747743857844904588240737946619177511620494718888924706440611983170727056147792663488374954633024628420099792
426 32000297701425211290815882085471715055168108008187354592917648893225425158953041057745454485560824682892141187838567089990982421270017341101745796211417149850344007559563539240561732764532337040177563311890834429972608689347764206254143863925
427 120739262570124935894936474304749328680744095871561648221335203006722732648162300292032182153811275628627537096963598122990185953220292508535626170631288808320346790459161601882999451290381845875222770915511942467881932144690937161927065480066
428 455561060361991314608191116748648345900639831896589830269597336823165776048568585196794992524206090045954624580343894882056225371934162784234268078295430218654103605308590472903005209600630721396966376635843572110798030516102904528210769986510
429 1718890575072607930931442050877012821908833430795406376995032807702323047866083603879792428010274475948735397425990541475481975976776795915903220306118561713463035976646266011929992763324493253395094675933650406498028641053558090284693260074676
430 6485648502817784787832287627120180600148603190814836546884205674558241306376402643178966392954903291088784828536221746534988815045871802128352707356477264206538791212995478377623482777191400104964217401031458561078851114153719050992290225069845
431 24471585697690992590625596172195880756912997466442060685068634867545292194151140880889080026266263278015757485595027329128691393490977458884109178120339054620846441207819668676384979235626338125521692738137088470563961266953712646806143717657172
432 92336694754738851963969664781512583981655193631208704023344648888023717188713212206741872729720407936339332667833943097555368841449518483406668235665849311879345625846386520556670888637065617584235446445567883901776295742549982028917441410093620
433 348409534476829718839320819133756690319784777511112904736994039992315523538423284863798563224130874063772456727634973949053514359161866583406704089274693247230321175937300877302927545624374243796229504666732784766537609756543765100757028742877510
434 1314647183006046455456864761683281308516450487858145780339156756707907284467326459634033264794360423332560973495157543158302960273258185562402774561116825135775636252006716243746236177520191672899173490516506394788634256985796834627100517637788389
435 4960573173475158436093628677319005849819405204104344695489874721278997269438905863274215000200870662407490884734969686016515276713363538584837965491669431315551363478616356047277348804764444917850967674953140580918339182911354710935070936346873887
436 18717935689232922131148726492228804777279313264244576236112736466027474631240630623947665509328843565686755041684957332659325344685081128180528536090441761942869505759345763515084226465183381431450384731873952010393948124390929853428948158240275447
437 70629717772758455766433930391582431217884573380582231452557991054412257652921294521694193703451219750466181640680653849770985706947033376211286381504837034348856194928498252431556915740149925299251615073457479339080326354288378690272650936985985482
438 266514231562287462793276683061707159587207558098200346678333704371914533928249099006630132255500392687147520935843998714099851317815477214859351745119452801245424526368316236401617807244549136914531478723223686437107751567413914973281898936836517196
439 1005672876346681866936299119712428465138042132281457554005393833254540699142405225498731636409815727845340525990617580761398181713966607201793085354746967986437646748747726644674024286891574347812577045145388035053527218642374217897022172004378940076
440 3794866061057099210934180077512022129696262753824753419124575143471236192169248610826911841481482760325194517578268403170657131574168118953633051172146644702377695404048941598868481354737937944378859995297446550305775180931854995147400838172649164392
441 14319885147881254892934088691156065850199616625478523976112838751430293494837323505342055477293517914963784035310964672345843359803140441720292981600368668411580292079189483984716730052977121429951374632376507863674032582215031369160412232336017861411
442 54036345461345887111185309970273446803866601909947638280535641253505978047711497175145592463054428116140664472957619994588301029221139442610934890242562037852184726658744668123056773546140000759182079694566892008813786700310192277318148785461203817844
443 203908693193418233700507816051725951651493830209087651756213138681825597711593179332976713878219556966115899363383210561737165743529849509202101088778783670500808368350297688006497746138790609300032369818794426631650890912822096933275317769858750101158
444 769464937899304969827480191836707458500025907835779239087153985039285806318709035356407266530988867311164609699151583516963911238213213888195836508882228441045617683667729765301262204346064861424022448213623326175598096505854561561728471931162099845084
445 2903656484271265742468540567759197267122598578193598641423184879260243313978040693015975129083858835233123460589928970891892683926695781377289245875538861538812079798839284270845561492694361053003555041823556615691637142792852121227938481039306584461650
446 10957334736101246266960552046633446486400770569791607241677199564464778659214957848814682405472731473643719739787333375127322053388426687510548851675535265083127754978616611625758682345667833111110826631155222892342143214682771945915133897831900256432170
447 41349275040078162689676174278145355308279539326058675350381796481691507632777857208043033389041225821791916549490131652060808038684049543425139471046563177092171182397329663781759335626153409872692029597649051833985289723485687318353558659199068080215246
448 156039350148185723471073904091143763629570791106987454672037174304158129933501551244103883305232741279554418607921878876166611299166494316842892585496895112329396157484836732926732828073386998948432811579150733690765634461042699124305293118119928070033535
449 588848556127879661200431419834586610424424175937461774479291783497425522817973891686924486742009708327669073621344104879808907416833826550618607302541894105008398636778700694254787928743466808402406107989979297073174732832788214993261713449802626457419602
450 2222165137159858289479852958378256485296471292208470044836972666406303541151710863515095486624955299050515313434749647061078500031831276164096525247972892340199609735657279185435167621943922378359906775947568613403214096028648397435813850410303899366074032
451 8385949920331235876098025212493634310155115641960486577781572211511748344491254453888618889905782060926885993026600075073852041039968485156433307563357087294555988794375740001210694280385607992227733442439094916807610662133745086539814419435873101480936925
452 31646916735995975845682530069752241358066963664043160423415291170828358836547435036129427253478490892151965252345379811806105028761362864757405053367814381163992091620554925325895206136416899424826965317911016523108191070189625600089352751185188350670291083
453 119430083312363828655906648504243606626251309750198271684197216821124090504384381244642838445923084935176093956678433796561855502102704456807843350568490404115102025710712235699598469187518697066764636543721814808334534493326334194031215313655282499709414274
454 450712126502656645732510612235477817281144565755253728468456734566231295697642211480750994345745216639293185160043104139812105704419164030514735096970680415560834935080208467591377724662953733061430504700231018626760897768591970844273369786123746072529333594
455 1700935767621155985919817173254248401686387806958451631134606360662680979361200216473363807100108264791669024128858419894142525203829075062079485926218837295819975125064732949071171044595454556482451400479422684232617115634477292862765971060726629304196410646
456 6419182652663940677394889549766183467601543978725930347480129872499658662202277845569735677336688552425884540647807200414046489065797916930847673019216765068015993172919779337289581555877316584509429352795597995198909577334629957875496805306486296111558853458
457 24225608152675675295069450509071665456572230406008206668937028751779754008985686254167558340236751726354742654830964704218524633818177471226092091031273542651079098025810315254091734457192711342642301083388280378973944362899911486448671672063410608919225976871
458 91426641110110394446405298786171033058777589669388336024240493228273216930484037193367549153327230856827439797429983769130593422173915501955113120175468493915825312732243069515731910020592492685458129575933251538809907941003339670356669022838241364935043645492
459 345043578244256245776446961700799548311355189179174875222297320661168899205836592810112924101171692842224195539720462544254890620649760560116331444659295302661093622749393032782731709158239431412928679342705112313421853168182440207081610667192408672322926335270
460 1302201609008696601821930861168259112845737849664296982032632800591602817565351108850383759087007786752475964986646802754115284093636375807890859112907721833810699777145928395113098865163414435113347738268078142161302880151840212976709853444506061033484754805618
461 4914570700834019158803015146541039160355981389332518869070883372752519031672343187093975683792471436352201706598141444419289473517748770690524096902823341302277670526577743462081443775267134105105113405762463405668296235485469204886199160361212376012260891526642
462 18547954177789115609665261331153279903816769811279007154894123700633467232455069919285486390640633612536280293157634007732760093703045431224915200251758799131094805922243051910636763587786630199396973924911685674435820905360425018879317142828277155024084219533213
463 70001846465345782167613886923121056103067253133864261064429305322204435113247499977322739880061486342024293034153911198108813166565301721821959867633160838494147604812712831783345246973179715271939911917141576064776943327414794202211942619224978748109672768116312
464 264195866306324850615023318503194314929448282618920615658056418959620232505106538623360434815251238144367372939465944557402833928136057430652314433925394055431648874637311788510912936918565230831000334510325327249049709479921212761258172453807228476053273938856095
465 997115732762115409083650236406849315583539731574135452980386334266974086480793249322333136388351826878660315321370890349345724799376437940104936671070318957001426996105402676076226979497295651782570308909464722844908491462038505502993942004040946949300183026334181
466 3763293880111408435275169712833774086368225955572965945219455897107500480251187323994843597766656939013377458957525912492663534991167314088451172027281534659423500777781253635842794399109038414700213661209753672040592699712395064594401460504675378966628128659774393
467 14203445257569008824307712120212684292366848538250059836140844001788197132020979799278374070618769904410616389359421572130635642829398928363531883142748297847202103069556962542248865484782232949645703804838028351444630738071974898972083980029406678690106634811817690
468 53607093190035817628038043663393277029738928159279554531485725947742115555960501651644231109053033240051340085423447770870256382455670915913164479125291089117651553599601958597124960692841827777923523581809911819392349311881308488347204644460748746289254432618112288
469 202326976541569437673068282940666652834593985024976213332322675106807170712410527447277509266151994665855619832242747932181839619906400025509989829083911892535194123146407022237029752489400289785173444915221251952922718959968392313279614417699882967316448473224243686
470 763639331340162268709034183590010025497138829798871514393321248072180589891640587774523990332854585368773260555311421968448040855070333973136068482842265982497512459503501670892579275208001337391216460767953812006413201277245715616622576250900652287370071006046943339
471 2882210770855464157674639229333471436760915002604770336867993933501638692352833961655928562658699491894554636535159804112482478588303159403591917253325948951305302634613855752256225705838515583649906115479230596618843440800056925413010421157596817211696383042893369154
472 10878427546592871704702395078245087546417716956543858818109156231715139336847654795074136233292101003878090638848971012069591527155016499846209546211107792025982700596783566453158656210506409401725573541675936862477854836393246297241371369754674551161601056375024385697
473 41059101034118753581591879039022919417309465567106882316011577117878981288688519632823161243759196135057479263561783877268256268272726591473954836822655404889175719100110030177232491145908386967141432991004401076737851433501870783738076708636155063220510318830804857920
474 154972865469545315630067493746320600059388090129475071451532302937607188326553569631134134936329854356389083538112569569979727541528855242246565346773525090857819600615288513764803932706764024991357727786293557963964671873362815790317139358006276735110298534891958179026
475 584931206076206614094067960284566597786264693958318398684001628331292188394401767420408392496250186033473684015263696709916536247764712154306310470916826438926476376621368642389396612988476231750087250594632096654877491105877381005409629687431288791166375126618261101617
476 2207785156953570225522311938633051563516310967495376168533066521778977625900909127578840604656175221163833999021968597831129221413243520293646271679805236427488107184947455943071637723012239669622341211929397475412375672598078717368855135155484987976217063897177135432632
477 8333198060004392745542667911815201265508180129318143765143402981970313803474667409814465458701321801867895129136323300762032660218791646101569033221139826322190584883702495660453237856200199699137623170836994722162036950143140210436919137564563515963504488065542582670682
478 31453535148996210432967014673970374420026702321151735469227748770364095308839185285962516660006151899420389315257537962535976023097551371364481655875456340097291887278906199181347224070766725424215664531936803966679663528144142488357635903129752507579786390771478378814483
479 118721691935305903393671224692449427850106293068986864813836138345753780734975194471222427969336033923276728583341719199276084146896210245730306065888181199209536471265835701482585115163011742063486516776579597445785846524695373177237741075864811729968199174363509086244554
480 448119179018156504843261267323656602714902238087493259067202740178501792374253160463012681656851825572463957360402713183453548484022550303808850320048492076476391606074529349644684775407030036073231617596294410059550685555515549890828068741845983915762544716264830081305639
481 1691452535910087265295330461538420745202659725505651877594632332831004192385380412477275379692578453894595556590277007081308609672285609662599001239371337167201319875678207186763624109916026829244805083896480128854812846105832541535993870950142562840120542137362415784362610
482 6384529779825482188917441870546798074766526661431544645967969520560754639652181736889111720875848120227169258594226390843438765630027877254378239006303278456689316122302444100423638226234829711489581014989812674506042562284618309604813216893214803941031090126879162635519756
483 24099100040309880376801582834233590293889830493356020825284439366458617201437104377647538606074839440740428388862104726458976928578632864258894521201777117532430766502582844276520946117210300111378483496844171701316718610682025752094911918699999009124742602548923272282595205
484 90965251885061007358269108718366506170929312686667820520393675916990905261571200667580437758108324462752207852409196757256549602357552196492860696815619723787118232596767752933935462943446294538874913176186777921425474858158275930843915880793301094879577882237825057797587538
485 343362617637599973494351295188362679966314954266156901750778047597210632547645012594269838026498872183706177298409477586274352435067917062377408469116968455211945936799393105540633146063680813952023517551984631265083127541587621106650749426347410306132331173574333423239997168
486 1296084351930257557246219707338586919653538311776887194980208045862068464769028928480872584638736485876377481180700109769767529496474559093379749716696810390647701816049467145781990306761743032233251008899044744080438587183297784087981331545994884811396267345217918420166005422
487 4892336080121440487424693962503437273546722955420627085172791002605240417195668511545496055152049332223516979623450243214038968622440852578445343010050184652604407597908726563232035343995857511975711333845570391156011951496801702645302755335482872239149808806905320986407540480
488 18467242328742386613875467867026913199153254814122090904998433814843211621945611379775797740537507791365933364245025138383027632020034247941979555135931948235863983221764463494281227361343658598337027809056339944873266672221613099933997935465682098689139391755480206385720333045
489 69709272471310701533362780507320849285920297269087600982039856171443501712659958723319879736273383682062721444111133480583192741524538619578526870017948347152665335156963598415867072212598408288921499937055128338083342139616069087819596519655331308290808984466554601295909265291
490 263136914864936101055288240218158520825718628631571438786943945678139413109475922202846289049805813523496118849264587998812309480720165757407547458113220689199097468179555159809760922948846282243955344177675218331239444042517406693739027030232262414385420593238057019354524191583
491 993289219441695425883054188584421997766492141906965007336578796768563032573855232230123347458053312506269773260208561781046814245205222077239387792916901540232081310420219547670101909941225178762571500763562379305710684112808946820455406564400537278626991123754746221376132353466
492 3749491465159908749104527743174043289836565295017803572896200559281255369930366779706890890370782957668016894683097156214874786711498446201928214944179602646549815879806902582660258131225334456687629506941008113902805779304170595973543447816807095154252129355026381225342899333169
493 14153756176835987555331075584270996175071842916050966991103428997591453451677451072831319788508042806662415476099897787508320999082006158659715988120573328136302490741650243916033206995344841190244031440299341208047871822240630165304233469607322755788284558391004645317785305425018
494 53428592377208629834793565630319523867414438866347620493700487278498193052469161122681201470492117445946251168042871393497565550860028738292640909218973922382431422010393867817238395274536246577631546431263624300938106199900197251489128335058903645478009276365886440471304582625674
495 201687241611711938792191731104868739354271566583665024881022507285155261754741476523663237719376465166634420318430403659722591272999512141825546275973568681234400482619968495716886175231957763227365344217292131143900681994448216393065689370581549124279979988230290156222006711997592
496 761352504567343229610728780353585032631186232571909367281425091406156113962428647524996527560381724744549462724177975269365024949186804139713768743408668694874103520419162862592148441561678445614979492389487514820710885134460335637086528969263424072629493794107810801772486805991234
497 2874059698908701515986828112561163360111292011426355283630830718772470820224201228266670909586477960289841200501915254464775549699496931509316734945610056672124631087191084983163279402294745538201098541045836388132444935438653851999941408925318276393815016475951657109617987207959874
498 10849467623842855323000961821498585317241604255423978765393767161052199309853285649037632873656112084390496769661292984013377858494463248198971442901393322519266555411330414954301873584109310667616869588446779986449232588159780010561719249720823614880289364355126850859662568858011676
499 40956581452088061179190303041171962168611267339739723424184909559844283457300817900325671546560906271824536839769201900704716019045014052878386222988886241869832724054122971871133061438405514069369958663346202222312589623004231554354020654053750275376592099812667333822450801849913334
500 154611427427617697258692842467222931425226674197810154641806279392402275603854741389953658087499792426910506150265220580655842316414713869419907576551878753304398401341657044164946833503975030875012462714718625145191866731663756444551789236545310987873213437528636072451587086322972088
501 583662897861940509081919542357623046256878391058080819099829552826518345074526488085691446855953128204137924891851899604317931517023626214678769413799735347129231747077913548909691295420458241647128884423350015648517305718092328684420145802294387866530751349258934207167577735762356360
502 2203358582299829299438442375978159003202915045728098948971294985228585561717324307459101757579768139737578477735103095057571762863385732092165676287957468346885681505230245093667605592946544748065979089603702114368693446710598830789926978024159370466955807015532102986950605424427812995
503 8317845757601461860707157782130097293709682554735853166535989183362365105071093317829642951922288941819985705203914885413286542098160648511241169894420126873885332573850217277507956102612153898694465568730358920046563133534678270581969654785630199629908042441618302855151885811398081738
504 31400684873785079349385895279870687833944327755507270409133724197097646123650359724326380883758948654477238818998700211485558941907558190830762216377157542488007458020771376770457661843131428554945005973934087794489599043489487908576544196080347004998094958549980880766206396754186667502
505 118541370649121485252401536509123562574278852153270912270297865006824215080674488223781597117451901327808826268800391788187518138885344794165071739365533961880444764767348203973926548615735279007888473949336463546242508952774140256890182792179222318480741103913509418161745397920044304664
506 447510597890544301431739430462715279759393787348489365335710540982951979925043926955973262786315314907404861240414167180910616307602260764962519958579403747396056747773056257100567288210233548872151158023826965352792688155249083793059797942278909258502171401322463260490149789256054864176
507 1689426300562157299700805982159838395148152182715263427859576196435912833324156776362777496454679312512381364423971196671225421160756954869251445463722110132505232581824002251839369626657679279860124843296738989850698853237467554544902855083241056874179943000392800731213508913482957122398
508 6377900110077523513010502054265863248364145501164233744670028022654486213927284725585157712693279683601745028374940415817273548401703848729471539723105363396115589148397952214429339586659451098352670525779112831517332856676567517305589656765841068463225237981460874842222662058931778372107
509 24077905261582339001296477035491226622591111745744947861131641657095987208361034980876703455111436457405419629188246848133164872823481135957614179749932849085016059090037302458401581713043894830323251818014676112818073803078280959368907047753145414097209680853026219150725092131709495795924
510 90899648876639631979905427772186798586061063867380782242198085954823030795961160852640630060432778994249122718233371220471205815873413310631533937079157533937907009970733081660426152486299752078691409634814727087555866924975013272165587550574718127510901285812181186071000432637514899141397
511 343169132000484293400423526966975384024757060714296972037748246652592514571019806284113328446479708295546037291075880199091261125686857602477489382180916202137439641364088494645760048331571191010620633003250927700100430010922306432990806645855563567855177859140273870713606615246009407225736
512 1295557590818182139640699165694963732243067121431202101435129225340033791585808698375102765090034935588473000681119673581981676412112434916812704690841887002879314594770927373702056529675134975978659768535445682415921144532231052283688585380629599361762628278241636704875543934601838947212982
513 4891113230363631689955246519461160968639263177373598997188943418630949397610269617041984730100850180132618958032434647368220197581761312780013412463015978573374574075260285864945740715555253074438067211757000991685815862479148768961153786869057828418845249156117863482473896854634655854037588
514 18465504928058200371233635352922338803235519473176753274779296875594625436868164527624827065804484350355237767182821997188140346440435054796658916295457900778443570599254415482805550233126928885177718588371502937850513307757514190014610385810534634122746026916142311333488552272049134884000490
515 69713538286361577417712747615762154923984790844563345706533190580285399271480965290476409386120372246135847265139890909989921122591249384088498060733292966099590936636192913704069212161625018473308228471588261285131767251717192040283151084013115417576012632103269748414144799275316535969515822
516 263193719502529960799130752939724792214902700192633926144368029020614895024360583635198742473286617906305588403568950601942221105656806039670960326213587354022572201218592681871666060150136658412794213686134636540665735117351032631299809444496313789276364216638211262043241390985044730006986621
517 993656701342603636542073020520410184632261007637225719334520113109670107056118543460867627912457058325090770822170424075478816581654628293940997879821048048152309005729848191429473731897753108084838979686947342638852033416637537425730418580483642980822200697870741542804962627212033488048667222
518 3751454200974255801968750075845537963053485839834339523636209843501821520855951338222190816573185710537963564796056753778031287194631715447240866861858363767656006337153256368136833174957057236100792699778944632634550525414527998601241836661275921985791848812685349115828883719879419659196456257
519 14163329577069546137415241359594633628413349709399760876814650254573531510311704011332889591629612449650569930467044554700703748781020594063882262828729942126530745843880213669619966392402832076194372495581154924931515778939448904550801157615930758426603990132139889535678042821036553710334401690
520 53472869927516143153318013889079533441790873937400139126423863591514526708588030993398463678937702467998205993722546947232063749523765008055745460807867835288909660154223890051858396431817624214056162284010874259221728402116455350641958515415934574773956397246320821815322145929063879715751704626
521 201884992851234006884215782088849741430603840358684476715656871964590233191121480063696822696552648811097285305725989496221119258595611898091215602612670812754601498529497218264625563027787983805044791421643812463276633561601114374613331401656258954918587557789600828870693157389870708890119863934
522 762214105385777809508456141625572418515271214836426529998384445604757619603662863515156117464284208243132351144533342051959289679007076811830678299853181921802431690421408361885862700317339922165853717756561951283332328115112104562018997564578655051594864160878289285788455240550444912470354348863
523 2877745069186933979628581137113724816635587003226878251063737868982336913856963385291003900609178350706370938029634255139155364383384836520607335581020482063088612720853711601628365907256238854176421763128401503413292685215254717894904200277830695957570383933204423383679896446697698490070756690727
524 10865007703880748469131472335586480662693805967335901640460467705003592469743170325729549810497394848435224727261696268177595852701720504464870702676665368425375800445316910845097664777637908017098818930717125888435134562719234785963095098946997033653335825766258758382478848077935814775449041220143
525 41021367383158450666295932915698175986958389964437490168954759322527542599125929806204595580584859953540079073087065344435922980767441820165323670599393588525009100361580878113018292560250196866710724210531341738173635070241662898570390346834691786469671063662017385719774342658319687634993173540050
526 154879020025644023434045861380702272326930848767626465324318209658467389325254032939942399159704996015866447373266468362962329953236937654150968534735426886442314115354970507998568341066878618422004945009251686746450642558197656018849147310783002613486201008811779149996427746425911874116907689382568
527 584759663236885849245616072406289170662732524475376464516573950517651685517706993840183699235220451377828144504896687363984554195636702118467712780764290607792819545988892955049049426705590082294684143340016465952365247599327655561357455615375245106548612035807236087986990635797042728863485971236318
528 2207824608550388652637994941319399846769836321904072060398697093161861142855337534760253505290663150129434345237687167737818369597334192884111302964797087872434008120867355640187538083258898001948811495865042286565081913262744692319061949179124149447010961248291837991122814159677414593766770511046412
529 8335930216618238776492646034075176868709465054171598597568022032337319436233380608102973151418498308185600700352459609060380542289291932999356883199138812793195342915617507029649350957774063337036009963559040738124105046721595062195368487539886399022005367312614934773281449077431500833724382412222565
530 31473562262902358348946738210651411131981838097850402833575793235100886798316388760795155409307256344864474193316151376903841257989897862811379143141099408187463736743747338468099054656119021912208794766711518494042713123629791012458870741246712683785373056536102498693352332942826408028981285924720048
531 118833818046660459991162462397143501106115194149062130543757128462336839627434593765617855312100605368032878185706098647559010275963720983124501979317953513868023462008441040073336541459792273176932672802454477022658150152110173376870868335997107464131183005403581967690081088605338233037568713535946986
532 448679795641898399112078204610319959196388503029798673756373879384800889504062822251541084114495446065610478797315754773623757377103868636730302869377380344181684064362626987991040828502321811230603202955412298339224284683087687391170607939381548416183031615808681434921865908693736215568938844647952592
533 1694085319737316377260651358493524198566013900120154000029448663643597208119256029779572444932983714253446185974560083867336419627414541007614833711362585316986903725940248450581743623506705989214084970787370762399416376195123594871097798385439557701467836564241684572960736227523837176449235104987913662
534 6396410672803815984697884614909981680828447847452515234821530095895564811662034083838091645147836194172122669739122862121944443557255078001386413607842432996322205832130164383571816662539096335244061284241490398802438840004061255932259353795996987869463407449218442541865778659751851948399684052085447758
535 24151253998140994858299955772885248053640687924677006117705173390490248811276042060313665592911759833757712618954039533331077807137847243704864300072361101060874290091812159216437275476408676909063167156257483285503335811757105093368826117187863388058417414318565106506062882868578338466850682782462135066
536 91189599641581407356744169866612681149242749776617534186212370152661610661877234478280382105366230692047641923482801022963898290266891543859685695843515124674562655655209134448876052368720931739172019508224261616985203994061280372252475690640745093267971960958761076160198102898930332474605890980302075585
537 344312826456198718112144979565565809901891161264433990011306750096696977915635618404988764845798702072727981195408572953791618937715125766354409992958770104337538178894030316834197542976143643470329472088003207301733490599032747514367549701770576741328944220131429525974778158202111661753752786563179181740
538 1300059875063469594078909075009936894026560780222026906467100208107613248629933505187015828843680626700975384942468739491483761421867063335548920023602048605421646059458528406375424965483111959114259468363877784331219634115718149229760821883631229456494314155784314377619142890524292323348819460922799133303
539 4908804765291382521578015467986326411221170612492637453181703192976125968564903936523370843359784070095490926129909058244426702275036431381268882966873551881397229912637663909204921834975147790611673390811203331470729071817621990032787440829481682206056732392946015980569996296416737739952940856247693723732
540 18534906874075045871662138953091471615852541732142488011420622970168168635736053308653823223167823532650450997609292659779048511935333548729714073368341703244473887426876825244233697934888689878989039951315002965499117686521321318181964525578402582407658523988055655285577725994959168614048919579734587414194
541 69985374763107340236768327597638173441487258875585721091971701897716053422077311448939021619458693102977419074315618511970901168641281363483764468006014436704607084846128828342780247957898363510364360720064371803294889613508748980006721996082311939361370922147379096688038475226433833403339278006851744403008
542 264256941345661688671866632080713744080410167967680406155602860755396798500359326606850818394332124259602545538998709209193188989926478538329196857218483543279970918767929521346719352847669201920406563114255301879910041112724523826037607881850025940066019807305778249080798462059435902421895492674332371136684
543 997809729244474871020720159913882849923772293769189473530448865544505506725534386941014798690589955480781876273163930174690449241559691504906006642432098223831600974873047336773720170862366494338613480326590586680506432075777079798848494075303823125927096984250092108815038107778017440103250938157397995623226
544 3767656277874793614594187087229546846370489938733602697816459548683841031980896386690677837328747543007569117656651902385852757714093109148446845418468513008402346887709093216656982162340114008209726468100537998675166564531972663028236526521826278545024107940502872876065545013511160165046035406560478175179545
545 14226465635645245120518225950947849566418563699971173321308877215955200613552171851358185701836300851841138056039355126839650669969862902337851730508191800425154828806731240096821044095670104668896688328698772681252865924985634243289042375344362385072107471269458203495030355605490611301206699997840053677280158
546 53718633625184761563585139687877846516493399470425643884264572523046830935027539531535531425448059428758484767259790698122482174878711251021131764651203549051596984150176710704747283862972283963696929502610641984012857410353228915222847035399356429104342852780292779340107002749421386458385932325562524523057602
547 202840691506867786604651447381637094759946892649281406217746740856757770050881623502894187697222151731779377618368143608879675641192517885200208123691253581410927445468741292856319609842103168635450301751436616133863011123616746878429035055028291266869838732064424634785158285405240249737302876208873604798916853
548 765927011691373898800584684136654959936646763828552412950662482062617341929160052609243951460195233115552520584214077751940762592301405445711806975694284854755195485580519282237612751570787952190441926470507309538342119748903224581348967630932768099279996206628265052504282191162140648151233640017947176196150957
549 2892156967858201573485060502480890040416376517606074963377610360100185469372470908208481119425293902627337428561115964331123910536474269228088447113997882140558581607797435517566793260091223230662141010946625570144158803113497589411099167198168443715555365924374697138487762556869718245624322709542532318612104170
550 10920901669828162711388060775079977111852232596783880123376135841464883061732017439316614348614272340921095759955338040862924417321567519966163367766164456094141689612579168439998973530379534580357388137447338320250707999667698594605378024290812859173114873767167459784984176152697085803055619787001328767957808562
551 41237970959028006372057727643953612217183735857182944175748774022336210777884310485416155891794202155304265992330900250861452946276530219717416972582730797593952746593201835938233644089439837467058013552329767591901212202363846021224161877155495940136843876259224286171523375895559676689419396213207224707485732622
552 155717788458415413239054049176450840876368691926097601172127432584429734922129598972038575103430860007788046305727381011165569009418585268833848640658684686725979271764676355317035436543933167573347275844322405882436713022823661525840351817900595204460642646195403046366752908725480295559858977024439018092920884835
553 588005387277420284516909587752605710722231155143342756429866455152644925233265130258160635263819689899660935993884607253225538888190840526521642690179003831776733732967953028483738841159413638588717281925313160934068466605324696296303240799151794126134043478811826848784348716693925309261495327793603113711378629072
554 2220375949627863771492754077119757020806966854973044327996904525369899159185178310286016835899707005789034429638235653346991783765383734400113622349224291510091531841717485574001159903475970695098956119931142844359767012070441670913648502030036303847353558740776460826936897350184245002806104464549859955630095483600
555 8384435881053111500722146541564093852622842706723252205050508325080174261390484579325183622132569318233172196762388290047928239609626647522635433748376205217257231148156698074573672755976857949365137979216922198806471566658961014761939263720789296867403383759313094315758199537457762618006814451360144387827639379823
556 31660903011112809879591939650640348731238480183952177995586923050458965595349452524762888994257189513607486863889489596000158624469950948669237582441968957345040986462469508516905714989653760445358533583528460284333290767059554090983438522424935938841614857804729843943858200390794293149175497022616513365866262820234
557 119556957750376024338896613345614504006784288149607774338308500973018344682080997697261371549560992461938863244556880056648169410985939233490615660843262596608156886950205107617296804339774288303123392202796847834085997955113327657930864296505155445649743665007246864109583725895899804259713825826007123805901567046832
558 451469602494229214631172150266505336517847420352755327385005678510023254847114538571248223100865965761964292174875434037830216755332895215129793238826351750814619433648884237471601080647180596010761832849562785315508965044182463460973217428998841786507888592503837797625710716995762889799688728511592214281210898708742
559 1704842514713843179348218702217668746150670394124657391154657210734557860311881609941775818194466408906359998406214365844009168297260281132972528675878711804001827353739193746053289966109479080482359974572598630169151720266909282380387845983289545781231667462903931132597177214077188152005334649544205221763417736736156
560 6437868561666697179366096632218974720288736637394103921151972166252219011164715816667213066533567335127112150861817356411025440790194567470145298216158463177758698759937489183501691705318572122718160437428491129476397259623212079804017193628953733473633648125480814564677473106264940587753586676931788853042810970059916
561 24310955190033590321484372587303539055156931128344257504200816035471017879498584861812875725413596740920312896070324118513939966289073752982057515942144144437791851883378741640880434252880992731125730780585930106455921351979935254408347743954117605419156065733755153029724549169133250930522135782809369111819417811238369
562 91804508772490629428365677160306956305619445277770203931675604763796008505292331480141779393509974548976671846725346528525808116188127260931512390301211064824627141159711506704181872806274442183079571844877075508517407732820293546951931552503175374338544704267305484163725432767880840464495298815637152603352842148358552
563 346679421507064671849776701026729376461721450375150977026000871790657459383456748793634911483044883742164882822664137984837211243362924263269926636943114099537646232858158206894302826203964008192762971254968946895905145219753031482544316171853208621899286920136014930477132969700034177490989244783932561924974689575958768
564 1309164353785191483182272070772810064972755280530532647321115253354188600840907874467822940563485401975984668942612200204457010367047672138588211262824337501510297245741279981254258411719473398670885603518910367166338458509298593346738701297214087169501527715185820697293881695132918428085648390993341991012051293311029577
565 4943816349660337482363380096683552713997706258524040713078570506860522539273417248736115957879287136863954472905998888716317465559229690451884763435181641836972625961449266294552458039387259750844848727416147851565233360400397901217543259914531982235881465520942432042628288509714879662361190542357797126774855259764772242
566 18669493210985124083537198313510784778176692826133461455781850582645172335608247178007706320079972691901414404590028361370631344264487626396072237454800567701958804819297286225233653243427587620235349918164919309693612118197609428463125872721272419822492578266607953870440196006884922345582102332877299572374327314712129361
567 70502539960029968082158781462802840245672675191234679008506889093607994332575747147271179620154622633939055905606062887748076107509630337557633234697259355393124242187004462966023641129260794567833876828135492728718619013890713715672255017769226770865498441082867205717455870388829570134080858951217366656927935095671545262
568 266243507006264082080000623088222330097499552609316537513348420367758389010654506548065332093654266472554322261281266801609271977995224738148189071750468936791621150563012856928862781568276710090450785163963807548551076687100997093524212015140312649842376252791434260994301264034744923912813438327912169719396008592613455190
569 1005438028673395270014453469674707890313754586912376381293940850112039377191517758717520982530686838901943596520442062618634403434666966289841557075738001952829517736981045348545210976846660402533693817079983695137199707962739207994052239151290973015904729290133266874252694870293165382878591272180159254848658081902415115670
570 3796938852103773198048326537818041698081110559590018077580591276171566205162818233185296953110723943541401905502446055249123001410202518761853282483158178709761639892091698159743477454339098409287319962841338450705098757541522207436430353269985062405268717565382010156567993015924204973814713791535936503844600670849696874582
571 14338836242952896973341652839681212670658320957540558224198126379422945566928748976442089674669586365600829272931089704579304640635037268502562573001492635781561403360502373580515203910679149022810788212640251524973691134508301956454434509082131363049172369109058283777309571665331544562295913572255723806017837774977131702467
572 54149718833266516719879301180874566258026383807693689739690431065745820042472519590466416268644770530689041675037772292701374060516325344631434611890491844310397269846947217553490143576762549459831179620764033471697261508122545929960654211455156096720085606038590407888527069976125197993545337783719303094650034407817973925347
573 204493966656795380162991256960361980384305354255710450274149546222636552708526378504421398101597296808723106828420958764056498667565435124323003749149275264033310894354077952024050901423248782353036711057848322550660652984698764892412955742988906596104119852232385390835163838261348958894657022716550042143672930642818720976852
574 772265756158159784029416341254197983214057295093637136777157633884242191659702830664106393905787138844131667599677523915522930178891236137298999514462633324346451504740194087137398242004987304177214518258330948075602434955467105279772929816464723274431710460114191530573720892118259674558287562821594630254011409817229682986228
575 2916453354036790053911262948753812466867116993994024910462937244346203704532893312844361326480420304934579353328164987018245965643992637569278737648808373330910473283816389983565163635112056695002855185455426517198437885237601855229809539779334609257369422580849013677875012996432715585821133514994940485081644653976960769381050
576 11014004842805476585176695756560745466470501203631605277528248042978068768625981028516017586885949986033630281376087083350292795724369866566876516340318141288959948417908516947444957663268013672219483179651997873438475469818461381014253200768345022628653021602717682330642520852105837941478962398324564361901729095653534842053508
577 41594648267771106463952898684381116146527966910786157924939186009597473762011748846332050953829576135460421370259939146715324002983229742014884357607801302424424924678851438184439746071461644862950031233268580653543381941528407438194068473017247817386718594314494472923258717396470813217270155471894241029446061873909918991518517
578 157083875372612197429396977262437083610712736883437890007159840989375087371032477494789363633866365193882115591768971944520965564240225228729259643154696221611855940409545573611064592472997539168827252884428401330869786816569428899207242967734841447557686267477338532071326982763519136562332911991045136598934077084164525514663215
579 593236288425623209340214486031873684902079980443679465181296480721462275309749410594315733447876740204292554991232511856677047019188795942864145522829793797613745518469461377523252411963490926786751292939693818042313059186483649371676577509645256953818753346757675290436045076679144233399193154861098378609089092094703639579737816
580 2240400987460159795573954848573073156342768911338887906593943687592695691477270078002491340034829171745116398596262786414484506024745973083156406327722862573010041041684312791856112874491269934000048130886445695572898261380208594956827154236073578120934056808471763135896427531160877401407987790843017679524301633957613196708791032
581 8461078792765750455458993467610154158328309987426546985862204680448052121899589049767584346351228304114184364439774284173233415721312537464648084612616566554112390513236849277735265896215483708472524988485380677853784157547058139876768071988203685620331212662251690820830130683613415653835979400052663717020163581464246044381614504
582 31954178311705709303041930669405665154792581386045652843798117880725568778931003131246344393296564521507486451969704867001134914783097365463794405951357966056699775746476576326264366466083448367595238855160835649348087724317041964137752310873528281228321506548150228563953952136887145937100924897350448021612797491546516887542042872
583 120678941883460735326004056997564915244689079150655664097651418477648906495895482748447497536682703890665416002353671625474178408508597697300075905906602052512771271334735648311745243940065409308210438200448735913046708800865542146709086122803712388287045285813851292702236126064189505589270424651005161339174353883376696216187662556
584 455761095804293246953791806799316352109218601757868381557946078312277593934175066594569153622833899697822697452340162855149868568472218856303147325279002008981062157446596371726014352938470908973416350623892758299504529179758164146073376804868457663445188018312414343985217671070084805645900277401776579381907216644707382062620468456
585 1721253826927099944103976198927825722918634097014146787364921923515451537408455944896203384454152439714463540535452750748044180914427813183304040360169289382678657228624868059986222899182771115293337016171051885461536614350291345749827111932958391032120041484173899664511096912520814069225776023678094651596022411240037260455200306862
586 6500615689548849431323310297649957603614030219500517839354839409974760131163329054412077926060324951062641867995596079978408997871019871024685146601519149148463319541485687017947494233693844157835660525380852128398516075257025275837669555843397584904361599297419827614627901159045113617661997082634413310508391875807989182696314070969
587 24550817768877011872096734304442262739809830906171418219655954398380066009560273924534724608998193472569233659713288058422623221876140549787700734119085347201977502350894653752071888955835615298021312633305377262358318001963950402938725373945728724295051450582217488419399313154035476589098222952915409901137540938479858801513281823908
588 92721260157910219643160184733523434189397973164890556787051574736579164586461630187078995926035018812096792591804558095000695297574084409599118845821095716635687726792031785558800103526777136350037735522633603524250112402068032991203772931863647648665227407250403247218415007895975697314819296535962757729156931885157700211938310413427
589 350182608440511136352296405537083763096950612424460272567656427738299149277892785747200964026599696733958442982194652961834804789281854280834029126132049199029596959145364274261958631814657495838345220571903263687031483053822538930028999112015704997394868221460416683341061164314851875782524785088482378622473979842099297524295768099078
590 1322548782916307299531818062213144462730267668551785614694085398029651167740616759311613066619108479691261357299459491212372683379407699062681347969835360683834982989032573999901925201351484379541896023704659730143817459689689648920491056002549005919700810662281426977381262609031739231903548853443232802183958051506916447866567831796292
591 4994944873284429208794367774855813429057782924541226237106923717312796745183018723710746453895851529274051027055418251842238368154617716276291116524898618419674417617224814670209397847920626741611544953100495469812547811312839807312107253654110208356619581688079196240411568385232692597449779381112336651871799092259714373137008796682442
592 18864772186434964493253303205902893614383385392976949685600537943179131505020594021859047233258984656464539471306405078550518546684437358403263718323752949328471792244283362460267926408216692333346570459763229895204962531431138902627735744071807403059876994289630295598806135245016034940210855712090714311621803113641977416292325921097896
593 71248264540944249108391736703367858813198663565051283190973428696471342002012112196992642325863635981705828490744168932091485574593566364028961083183424576653356043707655764383946889267247943298293668967794307881048707497840725909041069561671067196301998984627622324287435473309120427788942123520349218493943165668738113778893691272050486
594 269090812014551859272665017923007594312645774188107613360649634849014630579123827838431507667888790877824766049019360459303008777478109451141732071370639957249417433949959567090940545027727309281540294551241100512263959889010918173837950192974917394590067530517520740635038073642999944108070685677127562975320382508142556347635281385923887
595 1016307886050178592446841049224357143570035166764197502781418241390010426635773410170980273833880731053948286429928804688658737235841059700799555862177484692420292418376026916729713680263221464816738251995944664464949837569599121873827139510660586682700539610499937340239597283118279970053755014051167749769142760331484019327154585446939836
596 3838429451834115939905970423329699806284298296622674313772603326068744919184128290268295260653685018829865446634568712712894339194916062391109130287848916472449477092255739589051020771375112631219332835439466205293252686770552972304487753175525895327121414957729794795241060713906331687747730996930960029027571283204946282114341330432634134
597 14497184476222097748726797202089194278343693956591737588568297228163446889007783976852580736861109601574151026189073741493577044426756209251372794879495453897333688073522190613011963729839888689552461063988227609575617314661392023040776603399830781554694364923119612086821836416695131357689145519757043856390510614255488937942105266749411164
598 54753967840960105323088983722430608771349200054954470101262881510832862841456727185811799613031526757802692740076004132716033301429441400498981041327194664228727771267316936618450360563069117621709865106656289653648334673909981320699586733897616060638480656253042473392143042737584610920401096678599510696285642620918200133577597117977895181
599 206799436244977239953104204458079231832569914615714331701395681713488619308927709345887677941446404108668850657205129373474274166642760848792423173769756749749101851057343908328141265440475643166658731641427600573314557704954173760279014856699686632719746477935968579328431838161427554209655126490008598729760193632084503452209261894360271826
600 781060942359514387476177988849184235045599020535150728075715342337744964312738052574576419840319362467339409146100385842119107371005253734012035117517800913820539332992750457629752578867238219737514317962316895116516447101854045068975006635598237383656775503110050345103499826894381842752331528669950864614290462236857984753041455113292905371
601 2950001944380160000029732646481985289037441139779325248512482330846356699860336248657719009015792786812533664738051724537712134148542672001767746346969521855072872365234995133719653890612819942612865177225758034302729783574983577032717802848646043621204089761751165815958439536755418978465414790706330075553441498421291635296442836846719138693
602 11141957253528479077531933189335654729636762092205223847035269647163548285777294587215443238439235016120967677348223604283171950274272059265942911214576568828675788372095985593794488926973833352562091488391384246330916327013426723659682802570199638728723095130158041615400190374592082126292423334462409902344907059364976710788360289795502240780
603 42082591097272637611557099646769670923351735768053862634623581028842726441032120611662564333088435890922775965607496026078435448054758547226372050918991795509291413010585563869153529631253120687963971121512097771147024816210031014477210414356753949328339291587494227857908220645102009647626990373973369602346192010397198619209258750169183335294
604 158944406532389793857733800070196686628888390589490281215168836416705025080661028479294937484026014272854164046344362836562293551467991659468799520991134810952852010890618219068760332606251167555455436909053299527533270994318182653173483205772475648797718722539128639954120651660008164289042802187017114306802682924974247076754350400177216505537
605 600329676521091764908022157262378823918228332873025153354509539150967238384059118490756108960828902674512252116890705670854963220851207292735655251627869161848300365763654938650122192983538734644901240676326039206173200941795765933999694067930804248602376302594941880943220289439253385281632001219884898449739415200403229560721704670011185016742
606 2267441844192556340049170318853580244296493593045356603253052908351964098391677432158400676008717954899253918886494749561815286220721840611246160184596864125731308268581561917321115820421848448612083718933676172362328736395527607365051478356045864500515402081927017590083178433174770512808720567005828319857906590600840638860620652762220178544886
607 8564150215450232335062338530774146023803200947539142322959747669219877185566535100145905500557437894040097177489309924596399074252114548376342131930058444917814436018302720626242105528183572592930203949732461911172180103636086156480789552523144747490448399790424048191587805724984302799420072337268399029474469516154369002648749186926634245934532
608 32347011616933465548432957448574838780356978737048021987091979660358715225232837503458341212669378402761099078948601209625774705169872464694169740766286063013842613875573490209924894573698945460534158990169375680114733537841073713749729297747937495540970391141554721626566686274695777782492464712719225442840150162242191694754789514910657604743494
609 122175975704034370798954586843329323058701950279427143060642825596556686937594140543828074194920847915935284775867963506025535413177868797589060039225472159605107233843007617477818022794569306773942476902147876248741918013464452248493284678764707224883406826756964486584654459047072768803593015915807767042361298046661351923179343880983154264753420
610 461465486230007114911926673781206760200207141359444230541356289622172862146668748905435204680469364124258217878079573745587098518503606441055039008064840215281421022764140907611175886957835752638206092575183061629477750647014274082911855880932538611932760656445962598202759622128409026779851326771276267442551698153297152696755832385865558176531205
611 1742987953831076411293689856596647675465983202061892240630102340678900151549637973208741957912739518173475807462695063490588581893793876464623249870203389361354564664107034317045435662638152250064443297823194655366833172005197242584523731137533405995993203799458926056162491632017670191207663747160048151781060538824414542291354315200833271041548926
612 6583415902859911258015781849421808634418740040841621763804746407008975347891844705679107204832890806662572277306223645708551251290273026592557993841521336730210475424656026391084036415638295918778947634423170293072446034544222792488241348723625009863536244922205121318671514608328108835952800962490450867848525112426844970811906663405447694487137149
613 24866229584450178559436338929385672819907905476672320870113284780679799791550424588093279269172615533354922636842060791279975782646774223696340497156962225631749488326631020692546585268654310361635486413986832296075187734429909194907576063279519379284744901554876410647851514116191898519443122891077957383284829956461670078607626946967129549305771940
614 93922646312163080750175202135097902293136615880388603337538767585648609545380764873857197283158656762608608341941603344810585213551081984667011443465126779187040504136965026939821992957558237870719411795416423702147809423384800554542790552013126682790849777264657285481261003474137423944169794304684841163870130721866525034302122991301455658678931303
615 354758190371024314696532128370840554197580403930593365835730730218931450157519254033575850612349475846470611457433816385482281450548565982366537500154945752257891970751400139439338131661689636174147010240089139462069592705853814909476248052814225501630046880977454728346374236153629481102975833715599045532417128277776886223419046464007763829345490422
616 1339973669542391820774868000640876294124408146991320937763815852919198422144028554386832370152527386761344425665837319889973206860394155582932415845320401675416773465385917010517568910473006535059133689733854204860780757054291159763776972526713731119800523421392225661302850469898817161168965239698337041302263004007305079051488387165499738072182911549
617 5061296921376151709396069821849744973862372514794161836157917971662819909979222270063381462293601203092152133997624352754303310582057281830317606100494281653252661734998519705102689248492861236088275742389767392488532134127041451027210329571886158377567946461084790884929819483554581238010803351771615087941267902894000766966981497475737822545109950532
618 19117411110242677308222705481409704787927806102844373320733247430026824898865153386573505176081099438584690558355006393018891994654255504715210541239721248298577004841258552650470135625510841219096217040298024683199316737784971379554653705600979048304375506495116348281389160235636854015793032676844245951654584663801640876409854263670603095976398640226
619 72210117174078891129256561750401500835139606214844040333923085740765137079766119075545086923639920117903470877819876828279177993443363396495993980688569868616256570021939631014552467579898434847847471402088224995386517931225261015232072978152346627133783895811440673985909240078118186111303092065010510691409975733128371026127978245575547270573313898731
620 272752488105730780930039240698972233709960103738324317052651967687141393739263158786704838992413128139680216231228702960075643046469471119801028870771887198917779463637827172192701817793436096786666911670118616610365337479089855316097503024204847073363159990815662140575764630536196378669952155809801059388752613822263414250449682710199982856165962128367
621 1030246357950276292513658857411844914078881003513593795554542897098448622598343083917148424065958192464504765262192253754554930447230125467474506307996330029327806086320326514166089038641091668264559885184121790982687876732063520494845755867821081071273734140367408138200875070172091330466285913658429359518917864067497743771543172920440658988290902444412
622 3891483066496946261248395565355098446684353971536972180537518120778611414358908177992916392925511358089125829619929396009669004167222955085659900818530715228284864628689695347158671846424045794140885728408324466523063989173102474635704494118862289390679679693503419990432027563873119790768720843430924813952748244864710625026272792972245911664859909119626
623 14699104816932693746542507836706637618245478810039100068701145375057145229546972411140290376660758123319976790584272990538947285394361956066977430066771570463291696507090534790986022498009118885093322304562520730875715702593519775962091762677284319798492152391477137037195180742059431225112541657896474230579888055890708207527529552826125790847395816665654
624 55522409889101150864097789712147641400882265238867695097511119211027633869927120365982536771827817279856397026922096450233475005684309762046922475305173600062726219612092106171118323974465312248466535604729271189488209051199906853143486148447217586184458230700335744918629030016659384321636182837416834654639006151968379054584575654674965307893288200512279
625 209723647830038501336995370631014466736337487124410157121047895242396488926050742966306963856272099011094000620359878760487807188676179956927803841505067114591382373870172557764899744256552781162615151116726776003500249410190504235479221772439829097684252968936446196916430470478825913965853229113554937539276212777562634446792096673446449041112780932352753
626 792187830776263569971873050220689354747282096827828117079795142846555929923917782487962112555953942298953863567402674559829391068062282659894946038032072240019983661617955866155061572638657649802164069329882695774463766285496317477992855288062536388903936299552398205041983774607033449648609719176023329298321995632855797569212792181981483430815909055568155
627 2992337627015275824119411710206223158862086079057640552886611189221966776522956346903705099075320860766317106577028749044253148177985315762548284396718161412096265083224115664065677941588947798100230086150445322185542120817083123781100580538727013659395557273553433855167767373510675118109663512829377229946844119924541837919836544958046730952926772792573525
628 11303024749149649022606421586776048745275019109872334918504316171654222350003181046803657849389333908854553087159381214354511904755143948572009238223049636957056441824645244670442227820051793033609653814226948974505696168174537754067891242394265981065193315368634228270433150007662249869307508578220729952483074002915975220708294288674068264809942093067296712
629 42695334077749979291078549896838198638520781685282350042607371767636655056030892070351233064075559237958393672397674284932573838343543118859291205566565925076214216245272577352471594696929066089195947263970903676526700730131121811184280194268190951033340817496061254913342510366629256719258495607004427761696875634975774487140374914095840646397905954389975708
630 161275278729030881962707230412088622004120899982973480899977662307093187597148925170099197472724575205117404841209104930759032177423135316739664410328198999949032663813804814909378222111053047491442561039398569434085122220487805154246827256429013678101477956125333808756169537197958439090932686178236764639760993065518127639318279788416741614328458721889405029
631 609195698832130083655978733286958610232977571316507897301565132311668691525406915221613381363141736372986359239106154937531883003738232330467122170460231080984121885749757118649426452572585620122774212749108120403976616383974584288761096905782811406963694967693367108344170428214283528580425809574730026623680332235522617436566311120793642081202402856025202344
632 2301163583646990598258262741999035313031392143900163366041347701665322802172541998431973552620364115872769083626706648968789828195810473508336407701846892852355945574699965418586867205787527150719454625806717781477085052974858870590134953166065763138279999006095218059623275623710794069681787638675945828046074487240842556818395306550950745449223339451360847271
633 8692401712216346924982545278568238501279073191460966421437416809343405916333079641179457557489119246077861994491055094230094805754441286533784934369237242176834144801725781949141164496000002162312701576259752106385547583862255829007940726743560560448352969242855910748938487302102409308024733536830070231557478670632142746570519111752073830475526672626343635614
634 32834749806562759949983783010248697718212747062329979611156238888253656245760642124536258314244191314629917198190928275518030294715552619552693004330839757519701471622259643845725218150431448894628791931200277353263220280736946465705654045127087152625896439524156365655207628179897694353815758956399444364266239113881429131256338881575684414084570489159310539887
635 124030717399870232507380404987886725822822813331374989581071942597139658510728661804089612427019033363739309748234521066956661879779315709997946814484439824142091850430514494246057231767521745718646432846290093907325213508078166562166050866035061595198944186314903193434164973185237544219092603373700260153222200087343454968392312197745803406748286041169814890558
636 468518146388843562151488911896124295415846833721983652994773971626364690581872103816682045914419037480705813887320334047391829151172299541145033012239639849987983648331073588634555338920974556670237592922455988586695671309397678809911019069577021554465125301820762854801195011062664336598176589021333701760817736111093245340604621771856999666890007784973779255968
637 1769804065817630857444419465644470404405929971938320714930099485692650306381492883331982563786115235580077134720187818965947185065527051856486022693234278037255559336615869431772138117569574110269104293963422975640008531641173520938865196258327578613690372858906422399839176449095477020094312904560011695373734137746198071792372532586619033165001616844963927528092
638 6685371827066645229541122329370069909575367023206407106708108749160506209463863307894278723400828859095016106391384728290799857848811125193327292764688203819136685859884791816365603082604834222745752597119248230345795062153953909738977347291973544339209137689763973622250514436691677210076540800786161259488873893801767295050466547762745256626023679690741219757914
639 25253847089557837311113029596033107433660779841117453535854456508164008348183050687127743494861639725335503910064147098317604522328627014168509102371318190683147608679479840371888389183081129446273429910321693866912673545988811480356546722471469623140760911664710342644259030843128998093039597159493973975085893932512109590332999365692582022808646751164618209000004
640 95396210325474459697721940592309231695931327622646069980808251331072418833226177543523664289820292735393420264394811853775221865827386404829686684689207015716120141953354682836410943314746816818039966841409253975745957665471046266407302482381743581022810069245934690091331356650431782016030254406774979366313820892225938679542964710433620671508687087827554372782539
641 360359760501858398316939079702070165130182892346340591611206754456567377206173858278672944167461957958687208547846827425568762108482832773741689599877626248362426963038297343394077514688073739526160894005204727200083217512222211855740528877128588117082431435008551934071419158796563410046225889436046783586684393206121234031576196178693595338729564792920347037697408
642 1361266143307817882313624480399693977165834820271385124499155264612609681023441563399177249108534818263074226071403501427997838668755076110117291660771068582154087212694834224021241676663175558403298189490874192420105344551726494018497598061139153439158093492830980899828188566504605524054274276110050552641067153590391317024666162818880303880456475874135177709563779
643 5142228582191403003942352260141328622295849280519178610962452355863186707101041590585440561125117199762997442013782731501669306669947803416612051933044794919930273767812791842753805777824124197009325539901070199368476194350262324226206059373185699546434936004025394630001266967581826621005028537605501216401992471143246403600036987213761525203655640529003806976014370
644 19425011711389209819706978907609560877295739628428211841499687783514455399590416009045326199832063966992944077421030854189643876266479304422302836001985705056794941860902697408654586566631754081238525461957256070489359367595226392306159582646763859418520483478860630375607573938153409679491912735744551439781733103541159426826701643367451442722665005674140464244156343
645 73379166132277277239388119244232785841917570152021984468022533146936031893473287954915832171610273074213891602765212569665975288772384418398389141257851020143985720583251977861696537514242979237910579843059938315912374904060172864709819951205933324799942388124758452403809920638220778412697098019129249009875969674179609392023735075521460308054317754600995833852322704
646 277195274144368212601727456630905915989664033199359909784980971621125143553917698483941938801640903935630309098937572414403081769633086622756020612167491869396042740038958446300925589431567775332551625755898577194836612098779725404633959075431429384897838534467643528866465238452403504613109086377087409049803068612370222143869439788856586287889793628495244229485315822
647 1047129592591035662941319683205108043962030269528038836206690793136467832905394540179041021074422203251929726123325110392797644336147525203109091345965357628605649577895501026071669140662370024950466589923368089155459222979713539505841815695059375706803083850224086999387182086040370627506639410268445808814851742661398817546417325212697909800312369736865509217393523912
648 3955638558921301140286712864330014028038119316771509549337190269427473811812960874648660028733839593267250600324641625476357842549115908835273362425933238092857846514072964480202523873797217130167861174997023742163849132305000304423871438778552173829795133318260773349214808327860909898871039492996236126178018740815209591954073903825690110734839209730924624999694645646
649 14942880464866869753187841320903167464514019116222831454166566419769688006243215801190194415523247976311349122369917435934401145507879400256796761706703369423257517401307380229968370024373537401241980834025817718749833054192196743975029565836935146565657181732479986518791627367089028282712052613435472766943633770143800692177049602617666898815668448400877552938367356618
650 56448653957299534481485524964191177643475392500672284208758863907488101101402087421694643985294054098883583220506774739275946627508342231621273637465408906308949980680557914436003589761607788305951410357531008292185283809918882940562346744622093680992590536376262414039595051986476694892264216218031308415384419621515015649518709376560013792533049930804253887360911840022
651 213242812176406099335437279974739707642090942741243631086238540128779706556345799444276441214059526455217590120106860048634467319426069860626636312700905198253968772432771244180252687244573390465337055496322001131580361318020940582910073777134276259721555960262777500769853962582583636328257076833944863573614674541210146912139596652671161436580734370522771461641861560510
652 805557879351481027290059296562433729303302712028842636840885503016568514567135146015133629684656286033106936065694922782039228350494631925492164213863433114849564534377350319234770078097748508911299151852653440215251442223804432569757115518217152401306330379336785158873003791654140325828506100188366108333244812950392894684233726122433033001025049919490170599115628945766
653 3043130885926736897662314276065965384736755536758621636298470592464520694426604028202175676453268022047314311317553936650169578176346625510185128325448062774390000185079855246439131838323746675255961863993643101954959848330272841740899131560037285412712705127902121294739952124452165217214932201303186341749152056199491124007261663850792322480960564537899014457027808717750
654 11495981132864208082253306100892704984088195493120461564772723052311771361705533018992330139722509056510894373127920359819040424204087418470682641779857496520975528954812389343342084974848335676025758805329226278776689972118891633141603891563747513916241559445877951071375547897085972104250497972992077395106546346049529159118065177956058836889051408708894843820665737655479
655 43428314745077158897157796800963417946181756370675599371541463713286127297872453825758587635187427722508875563847128670005285656051841570937515969501134846267620991144938524133214588082702123952062828495413617567949558010848221887820178149162994511424478220772759576988424520247473146363665038965690319123485881786933312114893015497100055959891149335895775631509942565231228
656 164059517609243185230433012197354260547776007939172294134451846132071727171367412054966181425838113398206181783356104627563005956109822223767076721617895224397966679967626569913059614347742618198322493900492284224698381315045478062738885172541681674483747513674228994764058980768469920824208289951080994892302216673976870549279428224199019719541792978594931614919379829862722
657 619771210160951778234460568864851351885540037533435636327726394997784170005578619024733696772773996321095331765967565119124591834891881491064179268071104899796957088298484444584181513914736088455820559153992864440063092011093792176954296895064127143997861166041371539494535756141125526416097954923642491290818717828658567956441954604021448353205508458228143401446771412117708
658 2341331329348093572285031698553769058435082187533184721143180476581494040573000223047357716770200482208693782222437457381014060477485420887835048133591681957976922525887996497011082180828253679282420646744214728329011751750689983510985871535378396279523333481123320835523451131312913169821172768279053803271683405695634090308799916722504284550913248026783637943200920678879199
659 8844959729455989483602723438969033099758128325889660899059251326259070013921269508680761796675042722384371028817136412060745259427822414616353356870431335845575498910053255339522584843533906114032194997690964131826239017771795690751331565296471478776503980804253772902696249547750038934745052138745224138899854477002540570075887189201687307065891621067983974621493377527802300
660 33414144333607124919495538587904341906836278123868989723512187965991632772253404746808558689245525194197947613871697884268290897598707461499786533694181654031705787121535462270168755040474717889652494261093307711967006647590474027003472096966460783580283933935245604582990997828037639672810491884141926038320506258059910438266083240236691244608305047694193704012923272818978283
661 126231087804909570621017498144410628011523891837208460452945375619986876046978018510635001817912969349988101503124026782893897187787689523991349461267873629265933869297920419119691122097067806622808209982191535751248262566660327547338238561969666863613208739377822229846829339935375034345005899457101571019495796810881882354469227676858335653469722822430570995677249886695286026
662 476874167468392294597644850594137423654340119592596691672112700641604594482254094404902606381427969467230963634092218248633167954251618263671173203335495990767799689738789627063452477620622341853074268872527553001055153337175888907775973321369830057287928666447030809817672502487813881087591751190029793582312315840892343923885531339090219346921277947768645278977627672346427978
663 1801535218595966303437688010437890652527854468866909968017177219661316218148560580524000618884031512951377381391713632943929133172447613914798308865326077008253918048209078583430363994130399377306539476477027777292307895707244037822983420857490251031228597961379872233109384748120998251912570167084899489824149791323206281827291299922719482126896160539836395003913717845841465370
664 6805862942622901028684138030988968639607775629154414580842227689066613892412975305187067370982070724904403677610038292888011572828562022192220207525986899836441871273439561502074875185768773038657554090808756609371139228192167101355400915744204371769954040557529964039690936379279299849017117972724874337301693779496216788488936835250045340497839291659894729703674876615484075886
665 25711364165209672243446493522115560166820835759736750870876737495451399649876762382783458182208094144355297835591427624287693063802753986492782945401846290762626408986707543963404135825413925144876205283632590464728676533843375931403776183124137128157307290561901420887905221574612587439237850490433319989164521176083243037215946248412743455312892073345499751714145470753258509162
666 97133382831478515192767774121163008834173607811169560088744024623830478348284397657222723169684693482371786689252798943554587505607438842031069478874114585458546180823677981783718251047819809306440164747321360446227476512010985485753543965469635454272652177183423140352293612248097874545058518497540234290696148090459765843092638540517064892687682975168250477134022800058510508917
667 366955480171363313774635984435252950388967965841221604293854962279145839061111585472836624657664995752630659600285506868140976543424653109381086623654709032426917678823289188142697908742473538185570078535392496055343499636726828396998905503501976078396707366613907722688670015741586874176056487601479555825403628805187152935669633712618906930696996555536122116077291062176682156594
668 1386307927765213433780771037593748682734645733234713113567980391356174564162991175724259402312870285876668537481279552549311224064530597940456107233068278725210960383348346362118925760110843132486519824127179902912267086184580047404050851876514517985570435222882397843952948942116870622050965173324106657316294007374547455062079924722600229991633738025367957471232065943192143035117
669 5237300539419521316763336821292360418864520912554966156879633608000600923178482936847802580870565615900582436468184582074511836680635760690995638195658457864137593477056199903787106234447758358239162250756686719985807098012905550841834960745303962121695799880247018548105524438877768870432771758014217353692176163293547333131251465136872441077762995078343171810495635631384468863198
670 19785942478451803423489564891756492798029251939172757750600160686573247404391225690605923058749099384739038425848912538848198411175338623528972981007319889489685575663965591567687116899459688457528574992641885381489052276488337153129974149042656170634905913620122529241357505147893997264511274390985795480077110906202652887434165775613258355991043137950719564243922643513097257467759
671 74749353339537965782044020521574523222200009796770537382248022261874073216604432526278295757991658061760459206195991502943407185642957146180019481082003039283785779629850569342017931188116354218181984031988589949092541748523816625551178326731610570625733061707421849691202198136686950247307245618744360664264427576606366405215771052214089075613835582129986670060225046492616634096006
672 282396679112073156220815537216869862552418981335039439157034681683459722542478569269762338105715268878705345436261015445015211176270484801334491923158369349746303095530146723972794709691678562772086201891906710497450511252989004536246885856343172400148893292038092995938882151591200314489119283421035487059348480777084925605053108867473253869322143098199573999856087144674620787218718
673 1066874104435483316582916717686507438894971675857863413325698041146923850657676146799072412316613841104305696560783437592459360694676274845444222143581675437703634956085378445614197567802881198675431990551328541927058182262356950753586621385006341553935875332472004425809773392972360916208950180821240751014740060710862963778304304529369117103603482101905065701966664810750439191859858
674 4030586088081590000632114945914650647968428396582612914547274483529224094020872945299792054069322964514179962896677421636133480303266206950257886239799833910027226384618599460353536054339355984911202635235256916576889694317038289789665143720608585040392533640452246576191521876032848970418472303595379551147587931747329986245261438141630082288762596288887825911374927459326299026467184
675 15227361705831838113213133245577948090050596555849562526107584280855660810524950699846718249266826178899966747327997743519350648817644705373114133353951327738484372164141624806487218459156745906080106865522482240741881193629248490236981207242083952324511970444787845835376270868394076397656383247651626253899595556775632385294434283747561712097705504637866795014608134888249581446148013
676 57528434625511832149380039568429616567261578047067835808408480938976394284806954807164593791658610668512386492397438302466323487273753684028065459894503305733832170441718024280018282955643739071958144711264527779542388840183793596299379729217706930260168497968779987489799703399865267178285815716071224571397506904089577584775583073127043332420526956373605237556538810595489035353743414
677 217341107618264592504973495715518083803176191131695143144488411598547776339754613939819078110766139724674516661156537351204412367411102313158752752610448484639419230282870505021205795078692880371632855188830259492007336101459749606806635103202885032879040809035869750379934740757803138571623140864523772196517471211053330374926304623039312947241614551885058376592944759819221204346108698
678 821112412350076477160409380937502751204103141625316989697384625562292065234629996365697078128292666865357794699083971330174710752401116004092348596654313879931195912190061108159244835725062091439343113322603475259971856591856731092892512655895806702074765665797309813555129612846428473409328076893618698214591848861219672642005542864367334315631683313640018807828202946712212951276404795
679 3102164161575138652720093694315676032396723509868853861769630621869366199229033300951975736469024830792847071290589159724440179139737200825442421625474390177635392671035089627941096117997080413150318716364078062326378493403229547870301111399056133354834421270626628123589299167609816561954445272394546694795525832722959601500328225670899149987249073938858932266283001892295620507766672412
680 11720019897577414581866836386209631943231753739549431971218051828734773941233634458082893654149865870293003144566774664433436514370786696165605760068685509922082512713541717835239375999387143318976746079654754055242912911888350615652920946597678967563984827303210138214600202828553146931108564066149485797484920600244194516184854195210992210815553455359780330169984454040470343533781457819
681 44278543962339521530152763665746181199759344181217106953605008585344320452136410857752949806095537134194459050453008057231424570301122305744852599716768618216034639485176000641265855787413443509036266211137128610280944486398284424393020784978936854838990759514038135991851813195707186298453814755388302031853591016109061603160142677089769255671234211538102113820967878931819714722548881307
682 167286047045980106578019275419752042871916562006765618545956293368493830259086362337960466619139753076067301157313753503548583213388621255030533446114953381772427617473790544895939493523762427752731239597490640038226633527371682628690444284992953260481777816877111563062873642897511916913863946683975480866065804411583273461587000171275246274084369767047117400146342988330769454299657872917
683 632015177687802850552688539891816661714513685567243219440206606969194207640324510008245882509403512207772919529748785893604007030747784536784926492682096523423453029992127031644466673963494270828260107935271551568746451910282570224267751347761458146539327995981279030110001822646017114609336002365463972584539903420430991139113001565481402517312730039943661599336128518132262683777083407768
684 2387793106080752578183229094838425931900272089514471453262239663721030289254894399612534859519311510340711936649645040663848593141898944674753103696030987970013352435922524609151398537080586824416522742686329566306662749787270816041256080224569291604497375465051089476440559512680354672106593974385297423036927484082160195434950431115490287678764850809578105816641915535277858779472245443121
685 9021261526065959698522283079620182698306283594089905648976893758641533433360882007489023986684414195970469748026402862336657293960967824906722524076723408859208300209939933986027403782980537558706166152275074802901668578253161916316257788219957524089562173534277917080465055015627654020811839894254537010926224389492404053654691470469838529885478614607261556568802305200559726125890088862932
686 34083111977283299333326837698424338557404394136296727569309699361007461970357198835830221400287708093799928269574129868364475416867206732164977315496500247963831309526422282502558735596379424275584593975111485600371505791931670572497473423623514837991965739947551701556290129048231894502462959711477927036157866632415309146549433055373849822728457006284950302919245776257083446293488435506226
687 128769377016503040819681754731565044443528380566737347549617207676159793262269974286057707856424742610876505772789620623082727809803059750782459243673594972513027128497792050051745851067350428471894866341784607211338629841289685329790534347743758126953989411737381463758142869452887865347931031404276871273373822500675113610168790807736917400477670031739950627770363766493478731156293730772914
688 486505023173729338382984332963087575258269567987238597379115854987373589083529928064599191385800364704014840189091914752409042414364249277022948736436331689106572361994350707546894499366266855586651059249877561725750687528810365694946026630903383884406891474831986307757723279673077901151467776377921604783578195778924887340494970508009048279423850908682148726684160566893914628761901043404727
689 1838075895646580260611378203197746602076724021913471839102863421847003466977487519865378391738077247166330710718495630231395897336056371462360026959974058750396912946333617837948174319683501185174333772920155380117813212231943801107411103273025227886208018997712115507497698425330133910203387390490683351176542437848249657467367346895488951736396775055811710638827806144544878533132595590092860
690 6944499065331226887727361233408824621988682740273066297981881771266747860379286773118600762411308663866367054937894781020318799081093548570447014144414107677465591589192398111319580318277969518355585584419362804884213838496042180375222986942397080247445709648974507267238701206917425422947869251143077992152827851587481450531243827521169733525695199581582861347894453784305863383321996308421139
691 26237338402820398412896527372579904029899715548812177517835791993639475589903255451689165379034882084130459420568651000120895622156522286995223963815627960422001444087859830860123864774571913980796291080714411060779421610901843547943111150870245984196443045941329117786374417837163271221092806556763056559746415742337637735767637749545831492270432458140633516086379142343413801151697627676473477
692 99128833288525844780150967745766753091788475798125910237597258739707135287432637477408114051498243974260362889495942593741425478199892018858536571131628560535532702130193078750906073557480711828093846000800199151981976676512038419839304694585543853512487968261305686429473517917986076267598975388816289118983045828654352943030844577891442418139285301104063155930252881284334153056370220606101743
693 374525656304128095529611259009930075975160768830855987403933662965352474805425467692638419170226369361952183978839619243687338828780356766851934098486445707003966957555090278369670548358518604218192137025398562526348836848370992547134319425252680962552829197208050953561725326216585686026543211113113033116159078884216018096804955076090291838184672689232081294412916411279650961831441255830206852
694 1415026293624051844152186638967324589938835819737390895483699629860918996264635343337050207776229053272089241805624655181133716938057564609966508779794881247247617762718177833327093028589505459086781826246112869269611806822624030463901909192548946094882609625956489232275279476475702222831918763527286221826405771309132112403740557422072075784716450292507740645023944717475930794053022312253821454
695 5346244287746135016765471803290984524873319257740868466219702080552225299410074523297946237521067047075611872932262781549238630621392132938211465325266286692760682809963174245486103410518232312002084804424663015662519212990102274546800707287793097658594023182308625881991319398476789069982776397460806175567522540356869941797768099043968450054956999408519896454667101126958380598001535701982790298
696 20199212492952594985419506492011949032828096762406376826748826408871933114896173830180527559759969151600576689946923358249290454308478765078238005442952519153259788346677448407209807055471706414829110247321412788085306429486114988634712249561708441701826308435398255312481852626344823282771804312145109773172818349070159098303889501876014769265859814337713318403366614393695825176513527707715852938
697 76317023202500805909673417770428440148438526720983404489780179289701051297196297606534359662827875402151825408830572691484011477629117525536679150437314671435047155015045308545348485111055825092709242520697310183709240309023195828440971015910800731134081179239554275321759389092015061226675493737875161287689256939344277339578541759848736636089247479261650917136544884006165346880259204724514561513
698 288343222516713236698040176912758418828228575307291622275542511032969974255329230068632549080777721960428662586555703448691247333764171015700175740064215686721962536944898955103639819308413689915018487526198022363225590336438464574068304417588094148875619041909871141017382202316119223797544389719393510339754078072458036169841801774079285476335313771705764197119604265441665780143081801790330617822
699 1089430202900306895332374530170631612810725369482149251114286316133570537518047200868187514527277452153912697914720508195066821034984329778425840433459514647957190135037811178562189771945890426595543060986582476969066096647004414686777724470895060938944912947834268517350112858732245539231479052939584862542298433393837957021459235334413193657046182970908132728605259694111962144158852788210219009815
700 4116142568029319967834676965001134644576774490838732775359811040178009601205676216081949116839409083195608975081769728730757394563789763111534915809752013631076990777453406153324241153527804761713718365593636540707626673315815501587195493181213577643242738873809478752989093071326751065114741208922455188698280691568754813262348693348530880564374346205043593121873504594148624924200974941658054433478
701 15551874260132825351390589863677501290764908606409608409649380749878072462475025044150496744103709398952120155752771336634094508421883457268673176761377663813735733578371444206720819601888689346476717544791299071546176767920593987354513394627790827276515932435370597231318851057845642121079972462958566878559775941186470353735512085369916106320835297362780205466901684580438053116426389534207403086314
702 58759269787811447384009871102992023101038904069456135862686306361846734355803341544288686728479706834302840692308400567797137632761060013948103925173039045628875448067783889616936273123188150656893535026131060279091183702888582067008187005147634140066293989444248656146854878560015437111611400206120239133717437244291268403737595404655358128283683344405205545285499939541281711097922197585491409459058
703 222009401730772807449447932592688128545424208572912552736962985752854964045344927912485051709018231653892299954616299870029720143584810793758538678755548339587249474224819735702135088242288443792361507715723303078080960313656636528154231928048903601698738020849167098935281079624421047712634472015674791645330783182601308749054613128309948537269426683339178138321893844644001670803462303715311923793634
704 838817846175812513420105764292621302554005226463071909181570509489166711788778065253487291656860076806371912874957986546370775402885537679185839197485745387595298689791514447160436612518177622766512083651441236100819469169809136688130289101646947022520418468360795952965078472761245295689774779975438487787699603324753934432482477226466446921936764325472497192243310187469607568390538546811654925814664
705 3169314020589239783081455038909534907846126282842354795143794354200865174095262617866214821000508277015778359470193841405435015285075629885628219590653795729004996029530005264535882834200464885886542768247140286009413417728518381406253803541841546438661146400279360273864683629002857440811358120198402218662558189407725333902116557567474957834074553882367458399726327390619036633879599530361536523751797
706 11974687633937365559467156033180586299949198549805534193020484534233726655738939480140320965350934000857095679537142926533197003310815047127175369495989614131979621319642648252248670129194938453262941322010530576547033689346950861052691298740741157579284831344804923217721803821391925694727294554834302015656261725215487393246645507443546086448051242994593132619057019500987950647260509688483054274255802
707 45244357212835856187593341050762722204843970884151054934990645338913623488166974204493583521152721835287318840636706129202457637474650431498345554311202502781334190825802433304512112277162103702674898000555441249452667394746521529740661780621379018709331915642592643963752788814269169855402430748073564124779330885208107158636905530214656624068051623517716187264172178305734992912691589715750531878597356
708 170948760263478066359109989411177107977087193107112230703600438760143382079373857595315721416295350924081438422315985876139728899858695336956243992228470327711037225729411478926045566363807542339556850496125340283357640567971057774942646813600444729376604072927482216303112837626774491627649426988416634089533519380879798456441896253123428540375837489188315832716791454976451650842523270533836730301537405
709 645905211769401014610602646167885851131515418307796186916104999141853336546339143916667576388942363986831217402886160083311790118758639467891003554165678476922787613226576696360509389001036752699284618840271525755718261620989299328255539589503949032055361018808544650215524205865110493257802783062754287548798756021006006237761303243135751424558013825704812328572604854100933502911241516226562979109587842
710 2440466882880916375732635675202392439488181943771371119421044960013452450847168344523965553707542837613968309953430423931089417826905661026662773077185767267077596287602960173226796523929328771003211953155737426516989634014549701839798318337837773797824012590618779845722512971163686129939784432447715361939783172227616790225928843418704914986714226508271310782373601308626765531803851283257418319779132010
711 9221006780409501724026493277742612083249769009214981463230230361912851515819725843578122150995464771492899295377880284233966765204480950770984739337038513890082546605581278219460187553015551846913001022786938822617224459392708402626319641691168384682076138579657699798392239989300303458153920750426675683481178425675387320642105560476085053401921264290190353575366804875079956689048703354759526666724083726
712 34840554099032768861097230837785884463882926217466527386937220810828261586597880027405866303257849378125442610640346385221914222423443622573363235783215006007448054988753005168996333511825867288732091302873052377211339810337951967261536131071248277958079253402177519672651431468883022526889009731361350136888673073508296285859472274611864361513355563177764821519538623232064582825156596918525351639351257462
713 131641569327385336227807207470851382084154551201027310671118676490663893723286313858718885292707378751720471389776950032587723125536507596191436578788644514043472607222254355390194095952564245034987310033067336229459427505240868359588780919759446728164616650718586158588209557832749233833679337046901094236104262368432817384671705442568002951171163584007436548218495889131844931252637397278377454882810111018
714 497396048372844309154989028775283491360397545386346281819124167250229584546368799304041314775703284194769312450233333347292688513015344321945277855389193870337394628123770128057825945254308813525954584702526796899811873872737893155277507537774900989705388750660424374035040016356863314640505807985205907158715778197481704135539038753561378610910424755647127261568742454123407445446641087968809874003187265279
715 1879372590996725782950181937070551642958035881116033486288956465387701280351405277143156193928808445950168596952775983167394401149104754764192140117163143149215520088447514246143884400065084571597075119331044318147761887129683815821935260232387105440750398840762397199339990153682806596115142383001254859954130487509495370286100939227209277538921891578392957977565258768385692935398265750384928132483319733977
716 7101085172932945827672897942386496845657362842901133217724621854617030294616742604290173598991053482318776383893713211589649880858709758949980245844719085996431892234022497275717259326679459212831729287333966892804101699654583612211823178934221018338617705271654148986028944210354849439272484569311912047928426297920584596463559940458025478632381082523582912747249558806378332895993215252913590986447811891772
717 26831059730489884553750482758970563622177535612252894068023273440703147211667646517540634120230294297436808065856155141984756128332820627454622905327823100032798115464153827235309248665103473237184249927445278079433047828675199457987700797953287360264630622610512927436378113000849473541734300573690396788405550380909987752513437564356422601382835239761590159420452103101219438960131207074448070821836455546148
718 101379979292261114809425007000564897082407321620184630211097683226519974933923728491946035867437752440628137541944849118001841835576863177375742094698290642110921746513831847231736872793921178961884982143450673267105342599077538053062882295286769597371084482289744583079075958512567868270727345075047594143666970877623978077599991032911924660132137580228123212946541710812214097194617362150821449990637849169066
719 383060908659038585913709608341534825429869554370256824005732682668539211595713022729609662032525126140145225323937752372397253271347683534751608324616941869987169612561164699306976809641303707277235570478359055043592488556373199241158341896490104146689286369863812163138168520169998241099800860298375026611248126427451224067121176671262085951409016865194976806526544705921836628357602904454956041312754185637438
720 1447387213257936308706730913738254636346240563164786018019635761596822603636303726384265424125249431915890665684335440846292842193618526433224942528849246358303081516076661203969522254459744157038022014443128633219497687026796324503449990589726773531626634567907400152204161491533934367043063539607236177112540367230475214082182646303995928704730063469290366002070543118304209606918875876570116612920694815727123
721 5468936564195631299674415451934935494635301717985532596162394398844358591114333987898450953846543882948220449621009709606422746830383811652466463964793124687076186335315888846254764209744217202985006441043422090127099405150114434416076774883974640204996042233332362626039179315616921072895851389861486336612629054390569879055205300558220753586179455615217010620722477957154489211038197188404448861561584149084965
722 20664375927185007336449813442992132864561472364230554689194066604386276970597408358932856332462989962740504174707565256398005030276839346220177748371973840768384593447422685258932555653994631445374141851335567859760064719394768889577909912333247234334040805080779093950208079701521000525034366129197748958230941180249295082908170880734592836008850252621629841525142115760014449768879698098335774901294917988133713
723 78080565896057306806848639104820582103988395945370453281469120885808403497589082644552584785885961312248877543585778420480178941755299578779911855919555571974928375874947785909260041758949441343109590091778971988827453888467890905297385271177475954262634464276581150237109439520972149414680824596772192212805549186678945201330556194133766587047058828860141771563948288855895236184538108798935159376370509659969583
724 295029102006692391291386206910393401979904740884466947804096618545377424943341829134279217602981189606675322557643320193556378109478580557871760697690475142812059601962958407638285609732265391183635007835967801754580700439508384319329416583507200095095516751562802474446232550816914002977633656978866397217320507187787496412067217633271302417386005335733377838878225373417052043862979354444038349960483166135323980
725 1114777015658793634941886133954081116222330501889966751705966077505078248133988394128199037908095752082441220540991086591816423242984390972242591562595940464001695531619308679675726596736215414447005536353393539368556427084361460428016222142905473961053338489681316424398463634383962055614665663831243984003626559338595353643370332512782191375713143822241722059822890672320096152130193124461932499216501832137895854
726 4212233078968779535673544860680257830589890688461189829079524559577581455763575894577399093724273492624976607798258943951630900169956475638318596120280888112657467425165749507766201229499416387079933810770538489064172752989414955623753205480262611709302870330811710101205898090794365594794269617302734325714407126271283916634646107052954624059567458378524424432129809843868458643759929242974972847455678755813696424
727 15916149849073408600825662879619788900758957178706854407459097955377142985159307023627757646089564474854983491895961252314499731260072841078115115528002752423646148141390597983344768743692780372506105448361330811270169816726267808309110643255750701500463722268139865002421013402366482371388946227503854109385201546745765964301467922758900336898547617153641406698938780867387452242681567840700143116492576756831509024
728 60140201302827146665601479998924608770731074334536145078305385315161639392248723043458269339776580754104773148508934231229011286922651038217935929971527380810627556781496126717280213222227136860061800704737519083526464008775108957377639625941504744156197033071404359303450467358011754205220128253834008025097097121669056545232575867924541670385373159387188478537728117456153270153011525755473477466154743311255854060
729 227244282598235201492837748155876013079320752102669795543582619216537690165267677441009719351911064062521897411097824927667285458762502981839750385064060676534074400492904854092303443358819483122574157987897552660865715855126101737248806681054972053551832923186083603585792336775053101346838409287791687628540714970694737320846234344374976420459655885442737593561046587524627425931072370635117603299911008066195076841
730 858662070916677783571778952448808640862866465612106484225281161657624000054644559315048988705526548879832990538018109023348342425459762027098134893994043917783959543147787415149342633255179391819283603305673435345448193690878720457709839501191053987878010187400386771254362321971908060098040263916248276379867369086650931263795037992396891286616291775611819156432583155335064894138076402727558311583267755715654525598
731 3244537639892236736430735897134619730290078639165257113830565703249008909705523136311608155985165491576856913278325990976109671635886098342981832202014159608063814921380029278596701557298286309987164233774715774493543085022932416638325720608156580473423013931686760304831358927442612491863423366573631827014469540354863178238163889944769062208771427440147405171643469627158352431668670470820910955975719445948947522124
732 12259833544856916983533155557989190836790457636330932088343609698727002973657972332123840208766470619244654733524442266797290129162303798022690275441148940056440589947117916732262536631517986653981627192689576694388556142223778656554379091821062364781851853944294392685575224550128900731690294949582653272185338076440760681030329676744755292696369714893221991183075885928535134724174438324118177015513607733341807442629
733 46325226022482812202866641944646053398540291232107143739061693420489176251430444289716894888785577146304444473552286446708843459596183520343971356107218355796078801041388077179182478795992547936866778108356657831205783074946974263847363725726492879346236608949864947664321668264912209111476146656670479891103939315722337374980262249445424577496858588959333755719901370856899335041188738080997507605257087551849474687442
734 175045815444457501047758985403777506031819093107689395257828110434946896130155043941633127688834767987560831604361814748568313184352972870465738454913052416003370107561339558131012472606271624425065163364292881850282734318510611372367462527927778624630398986304105106695172223996817424060741284450843066606089184883955796002228900954642283435673052040633368891424617429904871264267847555004101787335592114564403556716382
735 661434934817866415630857569850487732926287613365139677170541557337796048487327240786885278892510022977478207945758309772077835218083444376914138005809771338548955057581908249891209574729727648038377120708562765695745631575096511561898123714089663393435643249374423466615532796230102043971106943342840339261047317041309879707520627229287745231400451601821537549391353012366232580761223712436379215442997895707069775437564
736 2499330744975884922815229855540194329105432202468436103891242694307274932163587335200184650423864009671042725082410559388663685972345929454902030058594682534243808302057848814465793750342959893039894160893200016291762245837587630149433490846713663438902417051621470472011073561793641593030067652188525132343584906008028631834613001830805240920142884932888266558704938728976475176998991993502895091972623426540633836163963
737 9444120879360925162855653437371356794137099456980697389553913480458440921305850892032556640074691972758079427541248420450138130286205992535001609843557186261884992064749962444186979945361412881281648207465057398778002875015964258417323178112924035939645114798617878779007058965140748130317008930483965701384662122189839042315037753270849584732553542721955608390059586985104226259218584991434145678252553829810943104982052
738 35686219515055881306806224855769053479573628389171398344751973012235916526651526449464980373710698251106714957400867851959043132900397078382388195188318274156512213022821897590805183084595265055700663651527774122507683410083580141048811375421259588852600297604424235615192816845566316451938809209870339146093440258965905263875508326854208938777433303343988814190319915264615933190826095534280730504363904036402155586788450
739 134846831008670289284748943920744395875973779922426116419179061231823980417979579912818996963183053261635711332686075901758201284168167125159159233975348309368893498330981230127445091523702078430688686141264306295515382404997558347791895484883505884221984948143536217908456622416614573022164245778511495756609676202463612271892851339555304666629324409223271083784641832000168441877008541809641910619365227090266666783599364
740 509544525791546060716773754660383014099749906014377375368892819726182073651820827701215986939847991149461312742445573240707771447492151544474291528335320977650643563551274625898129625913888938024357950516805572255003538432917575241951496290886358994624689248865627352070130256887558045177545276689682163726951719892324740354981366196830243383421438385526144510218563701667156636393551807072939414448657511036991605737291951
741 1925416662363766068662520968330786174947541487084562106108717819939528262723151130718291397367775489741375898911745565417085123870823389270379473483095788175000158745815626819412473335010884030723595254144005636026677070014658855623110258203705351504383079033242416857647014814781443580238258854067970784773934915029846163412076731538606008857213682882368820377761565285382124266829827445043840591583626866847217463749146004
742 7275594709093329659849929051948225395639065208993954818226510533130165736778466334315055104939656084460970712603977158189521321701929337134911196524561605474370597301066596292954022334696031285487903537697218651680621593002851278120265561755246032333637614464000386470528850308430891657202546696016866546941298156448628036499859830105602770953155447734620167370683339978627676085796175083289631573007999687144918163803640396
743 27492450693930287039435430987021010174780133091444796860306360758826596185290834154477162415623591027108788872005592327172289277255955258657115173015442923096843798023428259465177601340094923755912766606125881795199536884527720286318905236566054948607512603530492130490581786473291896038983152231310811745600441734991741034655658144961687066278695689469605031284561941986883512641579828678295604607472865938065785764121243032
744 103886614089263050622202142299041339858760737831052680839580274464678964190290456823800868657704281507409076295289291399228943962518804203197449292518639008453957250401097205124370599549634627479118233190774590932801575591040216929951683433328538435502692989378989590688422229423536416934800916949882316333137260714108143496827819822718945877297348363076047345149480204795776497551573738718833229851151408233120807725083278594
745 392560778458839909043908753682181816294698780761392717866188934604902228762303131248844173789317944396341002991693933419952617755607577770805690214328870472742718309561639439713683912157924349362970928168521182366951238709100542937652412139421319455857152871266039153471013658767666631277019899741241498726953774758956812896280551341827664843857096325268438386623006697203404978574283144099695998791603757628841683809421086065
746 1483390163433935449561887517806080006440383119084241865173143413956513304308696652777225934336241823507596453994200655538369302075340768603693591373841631472267780971747532865117024002033894789589320643114992583683519657172072790128705124002438963972632707322827713815344215318779719664100682190702645939424921333618045430743993769124323298940151873696459553113554885542753442541692871276589926960552742284301818908276785043714
747 5605379934446450159682128706716404865638954840418874287944822609166419476641839941576772356675893664009613125185924825832756131615388470071659592076181127633535765904087385086297948109731216146880966394384826650562465970432023330046904289401230609913996251392465594265967708563753961393258828918270783377273031093971276711792540322515784566876066151470335153788619239250374821627900719448040906592305548349815742636160274303886
748 21181459527086413781611536837167603446041888693123876157342249699314388071416334190544915361694716906078765625697250634804538142118469177503585774241501857250070551931813038458210310263627058140695083565547139594498651444160794333205854531892929075533676842384363038261563074496504998234878076880404908319583162973956553752446950331387796419747403265639874572237089180784239478301498444921749039180331423393363926406609977762928
749 80040146485745581889480048756574279606928251327282476440777360764944586826116853623105946877623514492210245080608116142137954467082018810854990145259501765964374449467098730569816660804466889431234873585522056172247669383318390528309807752035560863231117540302348692380890987774525425287610448097916060892632208686188850685561116517158641163620633275384780655519939961779563492203730853341015719667775409704409561626196118365676
750 302455181545950602316168165799565220396472037930583827733199771135165988540294912013907598538669574113263779245031415965559668179842646992375836724014078163232781293530782718677565325048638616012459920442203927197045804209968145183543486367555477980729268573162627040043878482759830504584029705487650011761506037849006019237758730788016844110162392182674821580271344882827999933926125334870987501573914930808187209734270341485213
751 1142918709114185775717821731076600182143452617202584721390546857907381242394124119182593380377139939429555096674548658294432225483031747174938654353520334740313585902179281763373281959397263047648387587024025849151087233950158800343124645390631827343559490928183721705412095384988621990694636517911537951085643355178581675991698587316547105262551340461346627826319665539805731163498694587977223556790090953108925909752262035077288
752 4318876749392132568960268028432811844205873273269473403764090014664840218413785252820301112926630399454488184660172615265187775045230467227578889070047328100093647297521554149265621981186453345368679698008824062999194887280407567260976841040148617786420458366710770294905829964855170596754880804168837964093155817143007224028277169046945241562002539596903160458964545859675043795490820013636040804119485600723403921099161393525798
753 16320273459811015348887399204966860846205068418605304848356209516218072729941636302087111336017545372172635604293469043476272025053251255340896219364617777202502556150709402238327503528239037771847924430970228327565162373307474104426133889423139287026566016355244593511029241031554581675633180670525343559962584183874052860555938676796251213581388205745871661323624067603408748457583209734917086454917458883171388354749671356734714
754 61671598009871397710059697865268669597309695107382445204865909706762338910144910418851490007764927896978015605890560942898677409236322016433658990036475212836021862081666684954264580540217296023325785212517943880066609566316384632221561780899349614715256437850870470101820573294704350315077454902530874054279589882172502074095809504051160607581487483084151867943579672271170262617015048272645464707538752356301500982436228278166672
755 233047323012872356645040069325042731324630793340679709909786601267995387520538471269087263397022255430720244982955899728313117324948832651129055085637467557425793254894118096560657702448235000548098452145131232221792055240255323167117124149217420142874920579282649340607635031734482953489527579041550903774101438910802576918066885937199424921708675354456518850851969413899938345984213913112520491555164355259274948073440905690766028
756 880651701884002528779795046840128037501366508773399341642906008114588350132057737827071791398213019162937911190793738958656285173126675867111779547382974310488020419095135576808174850086377942651771720999209348331617206150904704624004327641067541666040168641553261941780315791438146599631029479151482064281227288457456161167039487857788841641980779592182562402408187770018485773773228364152276827916209181591342568725068733988093934
757 3327862540312616989381065162012065903700095869157412981055941914903056075941791308016820695220697729320096151258441866564588177005030209037126097171888897760830236916389930372155639635254493329909215667333205721088620763154843989500217813225117419513208187329414153706199919767220462643221042665898549909652683904088849873803781814677929594568852173686938182286609007878397885585561791700887567709739640233323286325697017500032505544
758 12575571097321804578702904248035811089585328767048998941597353509293866275770671867842629479227464925919039818249558475383130685750717935844646360154792002390992522175793616300264988900938227454887037353778836473638700931320863637793349557187564976977902675059043282542287474518670530674000321493221678141799823126943800930136821963414571946276463564019131306508052599214286419280350366512822033862701305339093111815328337796008619314
759 47521614717620344757011949788891609025357223130446481822149701551118379136414715533245377022785736364534957860282934177210950331914823567055780226122099064947624021462668167556099663801472453519726011886920716976174593535637017110113621436345759275788430625051498057361988964851713851233140628032170467220852567524334432265306728699065697929640448792968776866343960917908018257204400766217192467476119389813663268775878399059659238690
760 179579100678309191599532912834840144882041633778861760664359696330161891952163831212198185601187805260774623053590018521130900173246247024250748426189265219534391872428487198726049621942261255899633086178381141926768883877501513476318847114474272464329318090264887485197842285566977919947717801280740541259241618298903563284109992664202812980441525077920417930178884926047693576354556360380762374809328916265967258614504703919380591113
761 678611982730512238311715161493727265305074722609395497021222995975215115649621143239010083702536802249113014187340442301501311455505561199126121899252044821188502632208040575117619272921072998620261625578733637288122276521183298949395451479169552652538610959175459785279033122173431030044584217095186334116249579005664138599618372104089283050273805396041946816120074728062140069513614762998463332733053087821372392955222288511119361112
762 2564415428582266971398181477250388508431939145224505858190190060216226054896377093222226024597594517143934149383023698720616960092295934334687268232420332631143737063134533769193279147294388341643568519577840569233651647694949735006549052298362837552511276468744424205000761095789940353453972977550056351023362687928493079771280648433896684012457983821526169583040713500538200138749360061937962310790667692244889454501931642487157152730
763 9690727033847924036086572095506514751164971190716366397250876873637702402998278563496697601906341635335885254066618044271862763562171121165634469298702003740959542761832846247470620656926672846537681015953887380052312220828499426086370210057277935707374144630371940873185361763851569680144532870811278086247548557046230784186308373283559089842808970020090137473335153609162778170552989923584660599614347967111768819900477800567274737198
764 36620600341051509564591784701683385093817340902483974230406529350585509318324603435279531921528430484652640142868937912997205384192831685576018229781678624710138161944228607770610961018983043165190470196295163655035505418461231031835284835327250711054729870475303391261134422259158644743362419364906117239445570091603856556203109051919112588442277804043574459758014395242602663346106532220860084713150566355018826088677765110709708903730
765 138387121266072271552078931660939608166336177720006278275668502623610471880619766834624179902825457190021777320072672317542272278101134691895680425107150861623268698612830945684873195132072789492448358741003075983567457198027085261209848499132632402814833317383029347049273314761401871959441357192663243756591188508116658589986372705757541894258455333163177686097283219219519683567955153229989640285656921819663764113131344118938428260730
766 522958232851945963509469458656048753810276456330435125224250892278064084450901194625409165646002000548372571437367392688509541629557811606670984924313479066988134220636795345338481953032419965320215277289680781648529941570921782924964001945757315456905592279920227530604487796903503404754153967477977470011452668492284842889918700844558103214178936051910554388475305487470409407152441439849348967509184736358496896826477599955904432656531
767 1976238903311440703032061590861386541310389793696088549333496896665724115480167738891162667162669358844115792372951286306657645075480810001672882185712649257437098118552480846744163379812705612786545235706610736336891470667939972239123276592422924253883893191978025599630474591259825497197314885057421332152866624567497345785967924972437184018034068681940785233519643334207831138898724421873184836121955625685520305158416955270547045464822
768 7468149309436087280057833050574941019586379222527016120582577209054458865289467614598204881112204893398874194261505800703022779522477882786576741227808742535086686860454895063861742612137026171805093519348772300753630471590621798917261585900068161880305132122045051300480947907366263202804334035545168994103680969600896465756557557850426908332730530704686286227115134579582105833373732267944079760135464710334275371901846557335485395821410
769 28221990729967830408050086647149403235926458000688282997124525204110559592230140824983801751298502589929346657529867156535276375810123504156327882914714966022031259798348070838589412403933749956397228629991216540180818118433799028881547025482761342828339590977846409316203763413361565169434566614027331991859975020431337617047171911185126791260138002556820995085571852387303280537731528677841799160940948553409771450207513974382036197910178
770 106650623727989707677339702700146970855386871460280778541929051469352746587207258842262209822487235534042559047648796316031960789961606053998466570855198075735245196170316882500579739321411590196957339680516423788339014309837261099151476516112179786613155291339339898835097982337378407192177353704172275726441969269274226642505064664497293678423418882851037461929326804273685857390462692989944579474648201543377510117144302631010738357732366
771 403032671915302672023309224714746674882031697001904857967936066011322830984479925622107780283751491725630540654039615433207512891262322111604893939150024985126339314749149866152884526356782587449287170296029255492936174144975474420773582021583886765966102065522559898242421888010078330954074544969367033336770308669110758823322760419792543195903520083571704978075223715380845028945399513145622506021014426789643100656447930239698660896877924
772 1523064179276722872699215803176624712110652722328770686046642224635639159229405987897031074780097111883012875854445978043995262490641713885547340363321072161171915549240248164508043424644861574142650025874532395774723745266719163083883420942568246018225335363913505528435094854030958295024828243698535225000455387720325477657321839000232070396795377607059924651910899364058722970793337819334830608004820708851110847884794634905154549277192895
773 5755688054095615783296146545187762806858823228938709755448986976950781796799431323926751976042353192867460985145513656675110630109417716701167892040249598237788827911690809626808297017352691616809336358296157497462329166065028622838768137927524207841452470881404810200538659643315249734167591611150950197705201664329909944138229966465557221472687282822477028796761856814717371481556289973405860513314518614978131114275233119629681437956060122
774 21750907562326990104690756967386240593137416459550110947644671794521940287191490559542464607295166894835498570863713139032296754350929971235492501891242826327507410412379800801382988673266007686581581481018016747488759272233193925263338495499080339204890301851290524480768177984297677563760758545083323703067460070109203202727840862429042173745390827372093522986552087551945874701089441596531764524568588713658407876560329074046819484097578218
775 82197499314974070854219327845181375422520427300909528525409653073467670800184140677934096177215604146217791407175271742781118437737510765524598182022551965534066025243775236116247120724105283543123549691525859442209490051130198029638888119480627599953516912269018332074107041777387680007146937441587237506291044140493510231900282983611393783670438060397156975938949260738274734394676677328020651014744111840021533982708479282560119606978383718
776 310628223450565003827216703588368117377787782899229470949716475791051260573862092539059782971387069933917077622211820381948550161198220210507873639013147154185416070161001174906186592001708371348978436479591750485245570672591989051550199310346822136610857410932005308779364023087211140848193602255667087752854493224022979083285225759607379295476906218568656610205089576251432597789700622872189026852062326341822115318776975973908052756809557614
777 1173881620078573025921711582906695265910034277495644425864710676230797093349689853081858461422289498269292277090916578210909486750927325030290197453385191361870076152401716674444753887963008850707098599334073236116635302920361069909536049733256934962426556549419895325598940686918835871368784928756662869116467454358083545359537397256864323226856188922499399531536602339066157510386118244435856999706246353300263075223560218866769450713855186519
778 4436176043064552130017550265541024126105077613933586305090390609517277560842305660511725611705252649108621379795106946378270989184460475209449332720544593059554714409970212835204701325033470525791704221012721307605938459892925593607285002664663294566984928021667126229319477973727388746473516031733256270749959912455350231095272884134994558565290159593702972548767662860297915572611550386592913375619080370650695673448283101016260367305882582072
779 16764643333177584541735757784998398923141398796377175702998770440225092242638945772726830550588910159711742335467102665477240223736996963155886560764128772669192800441566903761792627116017846022156236682300663784692865841846997296290241776200333065064483061787275650394039030913847297388576501903830494356923696670711484654913738002990692936058451449323812954234131521926639718042511028842822153218959265354800075084917908212225810169218481643558
780 63355006288157899106582404110322404989507669289879284509440569910134053455311836750948543066841836976265142146014721408597694810092246357023063148962308223666077551642238452543012836456675135775514908412703622885146244535477718769643993273865103164691382091404985606617053869958756274614681078368233858305900392593933966499319620073717200671656998237914150659839314725515737242788779790011869882839478005789616487759856383575135892538203126680760
781 239424522335845392950614010940258113869071724434256666921409302590515269999974596223572149001103213251663346782714526902656534489048549180223623202128892504129992285853424119460760423277198207293828994319228061135143050550581272033238697319920032663116516641700075771235954941784456297242347054479058805688923369169518835725370641059169635549963817768861081321533859823752444122381089685227004050150416219600742710750495094007629192707311058356388
782 904809995065302814926078707704751648432438665761540844404103594344400169597571057391758432094537681217272573397070312733204151740456259065649947101671278968146481142098564475337755995925854565065257390381558627185760835409610430215024593876558670071928513145132313041161044567110491202673782057399935901604370197581681870724285812191321870583029045992653337552345476642449512529590841166618530928008898017961806281788493916412227575972122691024096
783 3419378801252593210483740297025277951514804113858349119739130771836246973625998623344635158799297958311151236834419825936351192343697065931931574772675643863277916455502845889233587482862363781610070219447441612481691677986128478777650513758789133061663294736905276043504309060437444898485556796420813882407174004585648624375288681070721594734107104763705365887278699649963391370161902244623278204031175150780706041927138374639244865009876875092344
784 12922248946141734162430151499406366095547457603582125917963979283335538055371438643328705473565610348102811232328698506654324028344045288042960959694414385691380476719828513568725132778183512631320888794874615340870556509674557488532804951707548666654306733549610940161277284080870484301897272954202378064959564485172263616868131079311190237346599479671583174810004304500984551970828755544825398393754620162026683537735609948752655250547967412245478
785 48834871833625871187895395190761814823373644181604004008534161279471945944628221378519993522797153472662186272663093379271768621576679394655923282232438897129378600340497239837806428992726990849063833383977610716403520779719083392274641356047592324916454290675841047533189879396989437567750501044925735579876777083127058465938201056362914081029993552882652226951713659422544659565414151045315481760392957096991333910131399008082181530872921517537276
786 184553828407773836438360623740432483905993378823385259969029168000398210884512703073318634512039825060433293824898377686446917701546085329205987606174967930969919175282642243151755305507815862555700829718352469781763707111494363974509930512913444543843259759462217560841142692574702634960934780008895926320126307215555987845620476974160658188840783515229151469063719451100426866005745503505714911090605408544391251054513240241458784217529306817835312
787 697456490296692478044308869417858038988617704010778179665637048615151108813083516923600389039089486817899609337521445410058497403252162855588110578216449770081391996098736850415593915648512590006409293834151659551336756090044494256684393244935092344068864003415938976370079718949911834177733272269542396924494410633820328758543421659302844953859555416556100545857235416494111265444954090272310061853809569755314688261805190519273716019292248337549814
788 2635798664516455164735725707378929761778644998265808517830988624708595822856173419220350510703017448482439920512131838695533016630917752855926421392243162956519545155494552857660897828980644584125467031116094053759335315437497160665866204379017416855959193071890291918083035474271317028794906030347403037068172822875142503016978358050689135446845109718899815126453983078896546660151239345901026534888669468555746010021040516872593916017000757715374871
789 9961125154773123477110176537837670390345590692824613808545176048162643299386112926245641622791211431135601352483258722347571078555484184302023447212530340110548041068461247776484657636701563672377215353236560417736293170299414338983852779654626216432335440039190528901838388059393999803677777267101586642289548352252048315825276765192564767517985932419353024917197741641593260707736904537970650579632706846268032607037481134729758749740897072074619392
790 37644853104166649892079125784990050075987212558779080256306319991833461980910578990916259454114208806922021406750129789406711157397731590114695729058473134774663599377278897641502401321321391740470422677446192888617654707539427467569040739727222469911197777914302412488662651430445715843744318807726153393265197576250801847432037689722798838967103092445630819040164606591041043016828356927874609808096732139375203368975253869674043529783119768738841754
791 142266897635316405191623331776619887453734265929510711412442022209415727757933010971427847801071015044633358880443511083843454205223112536860318268017372067810916277106730103060614092991454842541838321576224989829356562795667867780838005342584511718855848612054375145971044513110525119722644325292961715517180894434679532822005238120863931443888975875107018072006255359156760929517197882309061266922026432316635615208919211188697661188921743930948506636
792 537654341495688516776800553077818937128278993365192920554741394542166893623182531265612961769576174760924020613336969514021620447008702200944735810455240556631113013280659875918810535542953503370237117363628862666972292470988902315200502427492229408735831166929165125737099104605423839022197078028455797772297509315350385681871617834515660250728854421126991632437386100855534971973044045605465011096471339624110362920634376579734014912946919013907849727
793 2031905434781485765715330714445365774920677480259835711013229040481415121410678662027738657698260716412668118510302544978026372673363854506986053457716571747582744068507860700984328138568916182462720939146780319812533131285589915179406136569867790555508271086652115286884372647971739397784731208821423576514237984065030070856680381549381524502890117364060454998816367662808300531290460138918302847501202062299139865187886597845453242655705054596864198783
794 7679003459197045168661746430411822412049981612600340299087514419968385326593765199388922049904948195909218244076671264723776629611558460861528032798459491782720050932047221928129504460586293901457583498534892709163238859522068990075087164660808248509670451842746041887863158788742824577557010525367771359254887217353102648052304808931478602488383071831473297505972496932704552582938364391327111960427148656804279780622103197453182892121879099104209360660
795 29020658874038695538589688771913690618096480171095156194688920473025106084815176062872388428577007838723336969596886023067388181044895096799637849943566466374215545913038657029261832688481698870205933614332627634171501183120627259971261699544486154922299890116954144082652362122687678474088920650636299412022857761484689308644128371414087853657543147448468127333756455574751177353877989642458407307483346131009082271837886469204385517811492339595313514361
796 109675773115892299485631308488531481926745153756972126413559591846430064166620622844376650215762195694443686346324702402651508022586458465271951173594451679857685923870159340911799792528648776327079416306449010810149807150855169505397525551371953346509738979410639572223004829679542311528390515370786263886232941234359874154495300108771413310931591727318665683599110101201827666329188219584469224860603247541165135946977353967131575632406177756538788908321
797 414491061330458785540704505445676166057485322511882217326522144732876352693184917390115787621513435679514216211170297236984396868815077376535157667665205364881022417102500508129393926680196234527396593026147900364485481447555365889897021380603240321043154828291658565748996442754608442469117323928443505966930777053569857377748833325929066506520142089444965037188447196082364949879206555649096949774199245055256713002603079562343901835993378890385847752480
798 1566464871089464618780416044793847933921716616500632392425500627478050180528439343779552951488333811044702475889789834585980397141600216517536361490118653354218176361099075380542051887957204091367275940095701178120955262455109497945552690478060549847554619742593589428010152406353224216335937930268699161472614308783468311813189231667374769822334355057825735670327458451732043502560602079822711143746541145753029605935934349974608995863296641003037601442873
799 5920074529294210336169050915795149338332788476790456273397218876579685412704339256790816666352002555839457018186545609392638346373174553026638328127503714610474889112223194388983122329365681796237543012179234697828127903904155949297726890795872857720761099698513209502796981579767089480830837333665508713069726427461452075047343944127450959835211446492747901065971713445890181369807460296452715371514553710476294717617667932660012038813698572690359953802420
800 22373540231912827317615424058969397703278066877462429958760312146180752716780234308573497210728451953439244055465018865152793676693765988638198435876304384263633065282292296056182571624860633072892574898391770818869770926856257558695324434262239328536159685712907912848666846976372575781383189139183472528631666026631056925237978101055513254329033055922966109667560179305491284259056130798661458902774745487137750626797918862722130194268144371776645427987919
801 84555772693957391533055354541424237215483505523237312970580454601482058281409253274037623193800969783144116807507523017227377716687896452533338467860276113691438718767846229672419348910469449337065405239599548006681492634133817035375556856013782352460698293310304053339739425094621241953109875237717984094739232647844002348129458457559368277206631759303977083729485073322745327523665832898788541101584632235151528401419219841657754451388942145392532436490704
802 319560308475642839878910326710058968108183556234958661152434719373965611085952894861903215450426071941295439845828457351961835818811536657864828507490327043118795958651753866110522112289538481767570668265637276295641277380503668761191701578151693678564432618274186857021213355824612069882821868326594885420297673858441993670414954853586640791956453417828461187399553304617775039625209021243056505973689148209189558784382982523197296701586559935601634190074849
803 1207712090482079358545473830383419730298763576810605167184635915139526161578786093103206269673161377257069459222201477100808293075828768180777194073610884567300283896979198687983434334611522285972510779443543151878539325689917693821998133224502862701071223711560432535789660908706102290739421308789544021135645041978093388595384609213214014915945390751714321977203830076395226016767028087034314262455671623764061065975379298756594222365123950375678593750865884
804 4564308674357298604592604943072493773106006468692155565918985894604334202581619714293321979724067465759823630746457466932111201769708716913090282619404873818140550782647238391302342058811398161710811254607800808239922062058224789764832198371031591201267650639562019724866454235590364714309818751195769783613816186014299088653322543242507059275641782449604102265896132848620439537266000984974630622812100676695942072087923576342071152360940384601607455609586373
805 17249940778036708568007186330523188945648374967614109911743090372953664208394373647347053366236843395144503603663270689523866329961910176378798794935875386058911035895274660656618592297334647647051081182837707827692862843750726085956081697490931390988018180752063002924157662276274738385184155516918696760606880148810027008269771810386890254379101877326424044182658224853387320527724899013737713339903923927485895663958610402895997079314591938871125047593373350
806 65193037354981552849789543638597200834192788860503441721209622554602854100031070828218337428372907630153236531734839824003737517058097933102093287652785356926725706209039219168606605559065890469344566547641954387919953335124496548283718857541043680867578004700139913166070082270360957365007220975173709588071708455748263940718783164026910111849755189437886060453310287517180814724524416684898242720010788947956162692782864209180544292743680337491285510440951503
807 246385885718859421716193606507143893465112425131607950091194052268203409310878072904359290802567608044030579625624716046352997497610245528328543964338887338080409768332408638845147372582480965374041082729316359489436979220533323604706709827035535665599460126603650257307043726786476427398962771499210595269035321278727304546999904821050601204866142765039904605454496169548876134067536433167897479909122727297285943054361762771657152165315594610782388445506260176
808 931175276154821643320881571033027957932959578122537955966092459136763514109480606630027762666061767997884269655203909279380937052168473144965518185824140371183981196415774137286687957908343168150275534745911033107178521860185990591759689242334128715895009213379917367026096820580753751354393604378080478971459384785919338746528885480000731741726254536265850724614297139710138898844886742480494545202725188303400791582729600239444470120714032519791094368484769789
809 3519233195612055749944200678892172333982076215134610506782541410415743564309444021851951198792001963322270896318277134715508528060337356630549103810748026039073955253374913745029140226499591212070471948697003488789196008801723653197011337723452943122134942151938721112487875427725500534900481629029474585972280869271710761606570361958552628707415433785273116831036581584266891950629165335443187898387502332381068775430550437862824349406388541118128283349705767268
810 13300429037639899002053105437951712609840397241352447767399978475832999269771938105567887972560699153671778290314299609610377978800690828729746766667294164013229852576449303065470610129974813121774297603993475973899396385972819621433677836317076261521495979190020479123198727437995792385864597365935145758016111850956101050064041421352845951349895316570320013184634880722413980828639652589020488511960521141913766979390770288916475356522149004531117770250496880666
811 50267148370249912846139754166746758325106559170305919005461816480330877937248107782265520225693896739038605982067103730994251042452515198518570553423872583557793631005870553060315154333711002674212740134133337239279753384292868869739129360449376479237555944115909857386433904823203822861223875337229483022787307725843180819070099762478801551431350102095138287094494402463452291152608404917371773187799834567896003832602570426449135385997709214386092220802472312455
812 189978230261042076542844963582318795653205803452752687607257603986495950966336952137543860284165591885187565467363105939049462457168292184644694032447576890091759139026234324316158576257971387842814878159008280539763655751894544745314715840835269115660167680071697334974425534249695177048033957229360258704002869394879206802385512421153795361714173930252298625439388399465061938992948725740211245189236009847491241851991662318704752422041205389866947004792319070393
813 717999951974064364980350467404987972595018839165669494999826511184046390019413048219315846902128823170079493655383768902821208161965082293790442160446773783046339866254089139003478716140901320541243600992251391069690805140427593168417606082003178514930240120965333045112562385606580587195844664454643994035159631902803190897007268424500122491889626272635684813684947751330461453572457401715313259525019404138058389881366607196278253671166689408025172064038206415724
814 2713600925445916819071954056378495846355615783013481182624547226305248090708939900851848961347445565835831576460813329162773174488898408530234648209697013595763009409884455393791435953881810145637540101667118833641474661435522314011416289337618678109868844979364476422995640040824781305417947709545095728361932832181455457157147604763439765464425335940230725227817997115122398058334109328272488536671398699137376768515578628769425378698918540265591469989148170188938
815 10255775977759097156520098353665240152906872850839419333755728488517099698411684411198758758066229868829428693914731440762499996515428992215430401160116384261049751375103042364758580622127475145652840900300865607121333553659251475484548105191059571673846916202469856542489766478404651600739981046681047686960553966089392190346352432794944985487559294570171431532713704474721043367627872603727760667336853881897122087787617094339494441928049474128018659130831432289230
816 38760739482981187982268155620514271071375231399941425018786247767672311805209321357898927207303167208434216879529515774248375891525905181340443618612323971882942625837745473838656364716380777715249600335997891822945777117093207404041769265380439687422136901672470661906511276548183090833453621578716629517756917593928270346513323097019493184927142317049134503208069949689612097619317577109402976769625586630612992874949259949643835450921389744430152368155675929796957
817 146492894778312665081709504277116302498244108181215294849435208937738055894884167102645990347741152235316190059533571315124162051739785845536189647644268760231441606485195961035497069236072538936499294641323023893582412231279117478484341087340965271010278510633339360119745599132113679168654440587437840514156748780294602995741240579371462153029210809385460457396060488393584574933357525852575850285327281085912142657934936800742043852545639917117574595989692475066927
818 553658592501420336123754667870749332785050610655834969686887996458917122517084061465185594995394667887968598567410826291893319659633335238207322279873674634559188661893026053743771409077428990600340907063761421523432931213098921877278760197627120004375747429590663369268118035861169013375980899251582238882660257708334403589007215758267810604486716539200537446033798729374783376178564701208651562599868070119854169248711222583251729570600208684933277648320111713780525
819 2092514623162702606425224375307913322953632640161362651530242204321261848400110697159655681286509780698933239375081458109647228384085780508065209578996138423582923227274472832778020452000477559792403388131183646602917197244966480012922132974268441117041259642215700479281633052436157778571697428165528562026918065560153053115145756024504777107558859416902911036640272966973379753687167985760245797632366279097777170957290812675997324111424322240145137108739818009677564
820 7908532989941211597702994667514360532596213441791222841456912469759471017107277991097552780052570146240488901013109307131711840751802258728016489553647668851509950692139015924495955554054695219705961469704111397313496309141721889699000243130135619175700865335466885492791018212075823249341179536828878480275285691491012116522695759027831783769379651231441267823607202343312517839515230224173473271943928610240349076155911461943319451905742905763153570268376155455553805
821 29889890825379094902300164340696387571390198058509483143344655476771366223309145928132215147901184994737291018009595057287947487574945883180328479317157224037894233995204108308870027499675709024183751934956644214991300212628839012153847561819515971751246860997298777141918114149565238431523095195690003018267776020001360323007292713904506045625361707671189907729992719693334401195163670060941908989537544752942340417586455131047371926784660533228058840305864125642111980
822 112967545773904164250077088173362873897581811424564851711753600970075277670354365971823868916162389429715427973452154099110972815894496802948413160280341941239928418104394691854030133404078099325167391421202961166082755684926096859991744073918778303476415141977396001786190177595656756162953383308555511956810965546192972161189568900823034277791394298637499740719948834063698113215106519997208017403003657435977524603131568222613559695141812074045422232772043273827803551
823 426956887028659951388985241061335608711786547616656483453496130480917262716045160130000019863072425780233429134204495535132494507754548008367471556922481373578076675299464231427279134337874397346441021721146101214226204557791994561084712104757914237524162244025548172144665676401318932271666213282019935588071390631579164179156646987772238056103740598200087206801949910790157133865999150453664262363525156110631521900623100917324175263969068836573395970398454963456983328
824 1613672192307358287251626213849413473789854611023251843680738237192203556869525502943061007805220837711104688270608293132649533260369708587193318019176124094121034499963695979151713826827101653540724620554873742573565010301062621430366557312056161609108208201672225135745895414450961451046898035740805383578890724753818316815547463508591183724056651166204220317680402953247293926926187736316008090122321878432030894075419572516329229487560041062746406821184631240539939294
825 6098844586771925402325694613649488297452518613907331555894257351782487497218928860526074074077159556892813280678076319108508481397685743571024674951531503439153581097365256608134625221847782427646527923912452034705166067983019776072814864733311915823665226155841892170981929960828084072032513000201194303534897711119431383567851112731271488636766768669251554873701589030544322981572906017579456387021879581859113436552199384959073332388698463479791769152486591345275573676
826 23050522577693717496731301107948444836528575842416181383244036987971055548825369175431172183655102727206455101089154250024476604031172259080382890905794148663568370361920052471742429098569337636844061469620560416277557383292668187917958042779585404354496119447778405756134688798487742144545901453308999916363830052979623881253726728873827726270419446472858396958419063768562765602300521311189936663555390654363619352711239743874258982837976672617757357824232401732004439154
827 87119412891982992254815793440326895284331825374520293562598719046418551477697417423224257510017995079178948558678893469282144093478957299736024129765392254584218263162436539263596757028998659313539439907860581307053578685949133806575983479785798181161525770612501021768557370232292236588829982566598613570915846484057978720782472900232732088651820843762806353494682942203077275071038453810255705461573220519924535648176002717902291617985098872285550137387111680346400492288
828 329268402913812584664815048822322152815434677361361057002749622115712491768578481123472233226805899734015973656073911155626486758057031413751453454991717198021878878020475300949316491579247783080730454865801188871807275199172424739053520541630213985160704029536027769733431845487830349751110154949237672791752040335128488373231929756492579232598121133837510584609041877671052736817094628108490219837190660302158270408385443774375569169130431794266855136392671612159496480132
829 1244474851980964975505176510540233238904114416579567001076424339209261082614572959423760902600703360968828950804049278100196518618758786155817147020188733482719421401083654824344170144019424090310537047027315958357743507242140576072194305200963865832018635560780984335169410790428240767650220209206198273240183468860974921192204334828026881473395972361371006686765721522295118572944524247144119272311736066263540407627909103770228473730702464063770906302012262696265403949038
830 4703521580528080518567075052934728812976878129572210687985991828069942169455094675448520502831153626100346199197371292135937635329673716046805860996085963723455965170960677483768054965416326605653633487999764486634882030176938372090468200189635320854519879754866764577250434552654015610418501713068263685133699247625370717947343417440993929241437803846736534522941852153381041191414755350845957393632860820331414521988646362268059711548894495725181921109249568686325882957938
831 17777107680000859637302863358140891024442413455443800367449295332908725274885704407195415444345070935251313679354188655696270421231411129476909567310762938357172458309735657084936216844457177757376412595687214079441071181128835126758654755864321486131141857243743188924947583095369410124331389462467344685733984340508962790343383993672850473822050014264164371045097593546864177258899684360990312011715519563397334831107471657077094928647700087772758583973209509522306424401096
832 67189283346557411917978882180202478176938651572756006134465071089410439577085375143690984806156558081712792752373657429044796261324737333782069055762377143449832775568851047049982752736932154417702225612702623120471213899454966159719347172902007268658882030040079476592221081735942191079450882489993718170256425495520917867385472841543538955668783072737479361551991102964806868464405476465639563710998897410667633513399164147073025709418842034331205816818825942096571478644641
833 253945110996678684318885677932458731264267823682997268154939797247803452109280325053121905155946638027394562105385678598256250124574435541142755476338303441496267164774250954565575954950496176450092083649543478367677835172627014208604774550798255793495904398653977733963136741925404832344243447693892438911888888282650644741211252881871156991780888246626633818882063661835380078323536809325643006184522900898223885151136633157525270789385856754069689997856827067762005509113596
834 959799772370615473961334030546253957969421342283528849001806258874183387584847999508689429829427198504131279050833555437719134940431736773493875082096574683873452163699724451023965466099691177548605297533620549474025973664882707494875014270950044398628244483401188844877816413072143748678247255812250257589498662788515029842438117427638862153533558398109901762684660031920406292511358516635855449714640165467957355010555787978634657567350353294477260326317649596179190325808191
835 3627624831529901141041094585101524569640168378641680458219560552434565781932406998801386522603281705703545993764148894583312526340668495028227838163212469076121384302248815053412562024809555000513065219449469623403412877420527675249815702406907577645074152061898281912837210362609174290890512421111778024588413650852357694932598718469968965875383565023121601499411615276162784293027185343085377450222210507564005669286147086291220086254410124610597766314462378820963352636270442
836 13710870350438070389696983412647238546152671542056055963734431793765941298613970049321424230983484715152878911234904360974640588545372385113231444671545589706874103217689267517648105385498053678230706148395921337245466754891142786405991354208209204150826901533030109481314480550094323381460662242682338993565727474083791037408231357858598942910673180317613374580168882688911488209313746744079666579950954535465431386837504676346867484001533166117570159670090208441748119276276286
837 51821337136112830695629625410004096821896480917460796411822835311298550258646592118552352515798782512219358726006377957518736149132342701362185935749897323833339854440806220082011372056478785360476442984866751337864043360845423182584801673805315587416872730413967386158641257289418721046307713800732118780561268773725327981527231005392199351506700900476720093496521155734052457674810626519495770289127288667671035466081072343166152407306561613940315200769947077843463113475057870
838 195863330783009630294221392185966362094257313916774326837863809317420144540875180960413896213605839099221489065550586715039195034599474596728517774419248665783339246189631304883647983589881949493442073656226199094217708478652241559152079102383882360002605402931190606778500618186631207246779793542516329031852989609133732483753732685402020456558860782269556830893617773033567178282474926945160893152907631484943074486193888268563875242875829208332182564775938960188314578145370636
839 740284377850036189636735710360520855577368892819912136840471936209150275896650793423935494462653572001538375587563131272978002834359889353056091904150000574506185003534123255593124669029749014530237021760945570454969588403025378526144079924911197744447288711871281251164165418184685209450914982181536397342158309916049481499986560335383956814830081738871218225671555300748183802405420980525657216426236736174080824281734284579572782657701385695476679393782403383265588630586921224
840 2797982277539304560441258668409251176390348644476581219975241679823928627495288811485283440288587155749143635241692581715545251863360221928904243212688004539394094844332779849607983814514645295280412253962068455360858582557874099714596191179221332251951582513072628058804507835530978732124587742528603180308342898329599938509434707762468404844441125045933403868900007096944927968854675322849049160623176900206913602810034520843257129064325938098925528520874996036255278014296362787
841 10575289319952218779028868931837941110494887565911132815040456141514538665518478106795536025869269915490288720257638279410526449558137862172362930676592155583696285006668033081146627849328374330330962479937176663154681921669392544372405010070926153800238120522181598614712831485735299768454956139107709423315770023690738313309213182293745224652097151169725489065247478978624423879661965131840123661795589154655190292378567588285250764289690162940022202958097765729652724504353698644
842 39970582507733708526773344788586827657250814528434662617098553232483052579961723554406294011355589834698791427971281286745755055389103111615316699307362742429132337066760308554140866811847892873427904378179933495535450299819767656205220440051135593355622982614553044056342557797220679556781654601885781845906210663236324560859674302093593764719209336154601676543143363003213687338378109657921261060755853194953536445258400202755854911311374702450913847361388006151585350326028765278
843 151073961125584221004021163145275549132826467085359526672111530285967320678606321827370675543745180748690798928553769405652618455204494471543788899545392974800267393456193489193621208709439004398609686387737674852157864990981676145567686593689423367153931877596663412554122378060779136224844795295437187772758609041625002139180841949269640375107060268730865097821050840263698033315457711292867646914386872093488518836033838711660782782826029921998001872563033232901856811746646049432
844 571004686245214807889440387779506446860242892679720659013793413552391010235258217912559485802018454398720347489510921543197160859105695994833381359651192333755260159993232032945726049302336439531742466877132895964134834739446480257344733967322145112102623429297527591810735537142072856344211148730773514801335293108498471661107963496388389132981318953952504484325562772962830164837508582565644573402208911848798710608877720098884089625195150931742621444519469836878436013237008356432
845 2158194808240481731927582304721345581885993692815698059670002988704642952832060867030015075665666339902274320181841315482244016889974794450471895302665514051726719009283116538145389053538863614258007096223354605314073598659442270730744690569158146926558459205706172317543989417379459623168775995146685099395833547735723466808043582750643707102151928469266532879764732808562703951694416524343659084531520768070020544837557540014487060378705209707618020289754885162229385741429480483124
846 8157226606733485655132741586869657101979190878879503104691430336892109377167226858885795032940230497803096912966669079277630297052988279566559395297477189368933684456951400477651092556748774496978566190434803327229251056087551530497938525691405827837091186854605723293516170404707498487216252543232624004646396495632521499137217678780510443682347038892644780712526316753647491760821709196867070533000950214730413602267175529978076166704614414884020351872983834563493827996730458799787
847 30831547351969868015169909762529841328582675747301915454452521954684427437324726473976697737184673981369440023797166053910814714101502825039425217995248086526593751859609131639197938902182268076368840956687804724177581588318578140289717219791944108382652117194438515322199625334435393318532724866120462735747492777924594453832262464618397782414112796118364115304561675059617253995316437382440973492688012504182109532509961666502759961388429450460923129061657321962063200679648468297836
848 116533026024439882420443009652375993426096481983411216444652380140937201843414105002862675714735951587448453148990534604823045657665963554675179992830386879461374608363776406125240814393535156659137576874025557788477188495214157971675034227270143049898154426012128858817306927613140171061939235927519265093708615619465204417369457127448174111811411365189500984110609671139539005950029717653101290632284064159667633341616951250772255554372578473612650340397999897310204866894908651144545
849 440457118078793226785848080628401667387488620496537452380773495607566669801920809311719686613185832490177856152601743819707903371586173232320839809777912292360327532319096948982698889449640074054936934267260725821182390990119586598596938167343826583153783154921286866909544019121980405031823994483514405971920988693145592804663683938638282075150953751150957542080088341577800031994983648101189626188503045405304781106300517218568528603668053944728295510640607237410251288311897505995574
850 1664788801671533747641037488134693757558620388095848690809657397733036099707704768647837073799141362066817188400723750992680579409290643823216714603426383330234270515804576853361654167877629716356120639991357799234680058676944412154639114486680389112014048254653077776437513521275171122537262418768092320232012104259021830004808754138677432482536317158287746278699631954355157949076598335438411966491526876933088350149598977699453596124594315247171100392034530826369634961393668033400359
851 6292388967585333837694582975887023371384481757891254395091983178926383337321945157208790832740623750679026226561258266931624745887645255067160422006548810126650067492603910509880728297354980792747393211473031896794151930977781734008749162494630498577665405996994233764037917589318577102848870861756877988855225096005404703769532865548664672767901665191033440938241758860746092162445930898605245484496738851838293260155350328978037844478893381455621974688699087814481817155884948727486540
852 23783341719790124898749996325602857228258638362286543167303023470950318151095720897643577413067060407917463730781665750838405844232671348649980980829388757393153440613154757290500615620188913755727084037812127353750640833455059637913208510265762299244876750530420664380214669388573229279502223127955944515637697991753036611915039996717440514664244938615530809362489912629824231213152853056125960681430902034735431518341171369440559221955179858088577033529279531852757169771533601804830408
853 89894079273760426210527208483429501479057696264686827340149905449010292498787292193470444138047424694561565951671967559516522062234216823961698168959792487226792692966154617207349661095256224974320582323128061989342550051281313575349654133622410505887483058303767889092652884587550667782936831404490884256551047212710118095637531549226989389626549405569025715161701878386838492042838116113935488021940071718650200075449504518070962729576094946302133849190844737280330785419312219944748622
854 339774042250347980074087296221187133379850007040463385889926110659953195782367649134565281935286306594227818842726797354131469715507978019772628655524788169400373483588637851126796887012408542967978783735011815039974552236906058912498966759364511767642028275087449818030849064124317701785369484071341591290315246632067707883333242910771131354997015197332039036025880549777921732369886389629670138549608309512712637822867728712103269388439421704971800138907618256023816154185576057660271156
855 1284251846788027736276505124396004448918463699391644044364526685958612366646467465403244909242152986180179820222332593683471687782218542487849615360464742739705543140618831483715866266230271029908437524525824575354468478623815219743592146574283468529209857043562526909266225224631649576815366653598538590448505886369939635520277346502959241364662134992483211721837276933016482295042413651155509339761116963827720219102038693688304044339095128325955939457795607223090863054260077848328806882
856 4854126526632910045103211476907129340049128041664042226681031486855597498541557443585290741033555060215698642507383839241607235773173859194386060788767832501968773627791475988209755986216554398296026411289563622511807348833704182334225258134446164330933960722823937460830983157779462896958880010488981998001391006578177605101551004845348873423607365453857101699155019687433490635863046328323546245049282588373922241278110779933225225577359128970829379030691239376582196155491012003222918635
857 18347330120665292958370870305322656712235331543895675046353257591095001195093740786523563567080243888266136565855452680410047293086619455569835834372613936766300969363551698306743520981865341336220415197186148535830258506402190067773561399112349492501210730594882489796952649817780043782661012485913934512190976858363916277758851923475565786136730782437553441108161511258689006357926762974083674144725413294964387693649991803971074419950031515726347566297797236053223358556419074892257985198
858 69348256269439297606781396437886433763589236593642613218623328486058377409873162283563329035668206983680882717427670932260089326577026909971660353631834822695482773810335845258133633889285864146207147478010123244973376632952632609678448378801804950087544091479819859449541014053491192311029313094044220797121409130252361048402663078054488245726094957817591229036707895444650304865533634131091431992694375409197393122330731570886434903300206712209367180240599235578088845475058620339456218432
859 262119361182034509177962097571486714017404802063352069448593992094630091397740973487304313930544508601130870252576478170348625060247215606515609893574501791772673043399876568391235398885089877750254194672836557649895971283264498114425409435402635909785949715173714735113840683523053200438831163319300064781775077639679737773731636260334283853809296644459933238553275039289626493893598718766317490970057115181345906139549026357120469664612207677397661659786259112088416245237090340505115971910
860 990748764680230019788157061000122601959801217128341625788133802554278298569547168892479894878048860551371353293569995839809077162233029877183862508008318338099963968258670013255075054798845478511675356733868284353575606274128327866112699989820151485000331472420046654301314227787314372277256792825770074303713580281198600490567611366540222757350722270245069606762182295164999572420908727154683260123042615011152681853434977156546895242265483614079025345809544886289307750634004665548884638231
861 3744801993436665153927559182620085476246022986754826212824935226735180801023228743978992916583151333823691652150492355324353864788532474748647466097820944674827378928928583387020941206781096206556371803753453680881366422453433156014430562481075850002281205094772466743227990744326187575899804783316123560537473648933620220872418004979086098616950991104669683989870159140595505207455320697876950969948477835617588093734763540709388222374243919100620650258281013915636044958692256287699935575514
862 14154517125444813171691499002250580709507719984388132032993137402212432088157265485945793752846825625854859833757653884273818798566711923108831250853466755616731595414807458852499479803067483058523779867568689640111627968751681203678778051079862871048758875900653809799870221527205438576025311462698455026760697389716083865430339865883745715767995524894432012313047361292872700429188927754938005485589472888895037505603952823366595850799307710914240798118020745313322122797070841238908000225322
863 53501028897336383232697696059518710830412047866212512821951123337524907862587140376980638574359830692414044460273398758662431585789482724365310813989895215962304273408039902255272086607954480296065972551115554424891476412026698294465493775684375005719717138629281454331418371437468529430641938275449262232881701815552775892960001080295201489854256987912295459966538174750946957625699957815251758864396834239546213165221583120255828453296335494928880403602977867897199413477095355316140358911148
864 202222784069719402967974788026002407364773845028540710924612130504312689369193720471119985401157337203236911121005705412387550042961118291499871766751448146923690335040984164092559555460792575156479701126079567921597257602810168785806810645978460291408514157802853297606418839451702248201027997199272915064013193035037878939766981398783256747878074528340011033358775521380794494740573160973572448513169676188284472906306351489192108509677560913341159903232573479652310040222824269885608094605775
865 764361685074933478521813297521865681847277372495569701685299709376543163327942323326123578984872714259322589157151482095272394289555955920326296144208901699134681125722895126447078222064710053224367543185455692196047528109905321341723904892168109904693243004008984429330212579266760805508073456352794774685146367168769522685577959753739180647863676932134609235312605779451599428235014826950662598340823945135462267261663980100366084685509481683870652931881154110634131639022899097081404682513314
866 2889140113600678184219014440826826121048811264555482209972560171366244171832219324957281508490273851743746374554287151487125185208444811184653368057543150989981843291478304497922494639958857884690058927076402591015570488946896780483726771430912171133002669543775514439883146072650011139245173346863148257388213097054247676297565165949238938383676741543880164901406403952515346428543314618098565877735007690469999269419854905482264063220387339727694051923940672561269300266126854459462295133353840
867 10920415636719652994738823361521490366000328088024336767011884112035377101350470837771837192892972788419122882005730138858222278803986832260921412739103262109130219265469663431176709784535190405871029649829854734866804071135638541715606979964941701703469443527453014785348554889420414011747480270098023587643793687236708125367029612943251325893657415119814644522872737124755457128256569703412791263967988212682825378007658942368191607768736813911300664570553206342330749703523266765114008649572300
868 41277235114187186060814816951321378263283393475099551130518117131358115882115009984400037676185321951313653325384029481525563939346126786133799422600994301074920500407272098471198940364528153272787349821012567560806680359481759864969276980266579008672267277038908719606574091721819795856381154668537382253042688120708420990633802891800162243893305010107839084764561732265673977696752314616740375537222936833237652204966740774681715609778770847526258829646830940863288978328659068817271126481518569
869 156020941767413049580866008400518576522572106379926173174184625944628446056323104038214351127448620376558311382913860002268560876860942391421753452328601953187380658622730759818430689464366388504968580592991707782646614330859602118278176221020304044204624470217045030564400613133838166669933065254547548536382403101289154244196381787189584711238596597073166115372796808873156853303258489717910707054978618150501848426677803299451505355011017310969702770283530903739232980938763304212607219587837674
870 589733846607673956078308425478627651844893482347009734450355896553389538014405159778940268351892925657904471476658296377599198534108674421267743684801137202180287678140147002815830346036914067304027389285301095113172548334807841627769944532434983377175673720066548221796819153857948205587167945764382730112834790528119223012138606032395989514455741973234929342350980522395304491557118483720722695223307105384565799139303189411112133320152548075473576188459452672726035304185755678967027050042381531
871 2229102679390120468029064638851766812382301814931988639934897628564522302753678497675352919103464657069736405013416183619382441360870025666462095996702792006816743328460700689911691355532832401180485582584512099282925273427570876521512418387151286982041976524860209682681245512361624514327789079145927097535256370913201711431393293801741552547425298929715470817874026237020572432203645831477327468995497184168753131764160433528601209459844510887176409356289235325697198699284303535798891780825941256
872 8425679842323644060494376738556073736595547600572823743193864870366383612559356062636054694512526663282087700651022842221007871953366837565821998114741806976773205249679923388680787070659920319884242560539311160578666337032455195940148231670323043277633346716313030881319604932953388506910835742430667850993307035555815899489517778277674205977263769867660187095125762082799414436589126344826161739880926813650713974471028655438498425186612063491393669868274593774853689129214653897957383057314446997
873 31847891782387887359098557181766738315946175494356089998587028992982693815799707531825115190929817489708483270651155803309856338150111315279990442543131446396066936709811780411711504914378158058827325762191246308788295227383833782821204728536821065841725887442352029279405621559359477437319657920238299017976800619634542325404738332774605069966210834281864707108157587082962239103094087840872365536042970306063966264643983172084583866732987253021570301425133763420568048748569769475453251693391299274
874 120380815202160406179218655226474746472173902768125804164435500281325851084078051411508987742869291540470529527372565406145307955029685972154466508107050744210967808176316710965120264126570713013221600384776179577254958090848133208551490823342182498697376051571171271743998163022284901054314898833461432701314152384690645558598091202542132834586441439637913657416696187669790521804954570826300649099379647668248913668638005092750478650862642727697921142762543099168957301452540289005881757881691993415
875 455024440405806685332630692239395090669449050386074956599607018850814080096789146197233039604559556610289170582611639283637789185798255685952622334833042798242815921442164387804662053798762398415094284408788595254439584197586041247652100497337470079216960028846170925918391689402158005242002821609567271991411303134984009998194646949647193682674225953041979426934763391062677403231919950641240617430021674859728810874409451679575256348425452417253329267101973223343168876119789834010354177206973214900
876 1719938902389575355110327480212365178069956505244389972100875629453784681387305129365073136515501053944786199104309876084808847240969560229130873451973302207635106629193914694189332856787138445930041174948094119660236632638185150822067478543726629796186035776964419251069310403346913436121147991522214751682110657583794869607226778796905650674781197332068656278640227532421881497232088128937289813219570857411846780904346322368230475411593620375447666174699569977967884019969324773775282096985556153754
877 6501179606898336420657631587228301728275257655472504859991383349790379281693249683072302028798539981866379077827098796451522426779517867413672354548809084331312518666086154512885421515873798120825825647814902407555616102446296057271636684491138298430165398554764630513576333436323792735985393998277202194775666012336545681897354755451327926253450578132455443562118753001933597732013658427227441542236755892096079468789571261451152951642789153706370882113095493107557329419342557027527155061181122158252
878 24573790779804320884849262928676120493115155560768298665631960107663632914265996022748035857459255371115708765597566372339147336250036908003150642405834446778245207320969649292318659678617602824018577674883617348764182783002440480278730597753718406342268481945050705034606164067812307261534710660772053512144100994855731514739303654332559942881003727794856107556831320650580613722798679378034904489917047489287668002032917154548585288486120316248118974316934698782823332651040815709285513526062377549844
879 92886584478700170652360653831139971032148312792292186617315440949086021641791873124862161449996389046229032706577131396180004857043551767261818770291988705995483624828449224196221158853563112340940322014117730877300217635874144178885816765428776685191712293805863475742473059041917625165421521992909473230734710367013153738905426778031515722410209131591189557959671956168131490306717482584835219663932387092480419730855304535702025683511019159826288525865503960278351438529481292498207190153934800550862
880 351103108595640846373075906050049598237119025999554653623401123968226667804777631531452644318004140137351452675117010407062737139330468920355712489501728184515370961249742257151337118950717173016709300180441486842204061098966558147643146063375713570564990012733522679623418767233138771226528416155973352490082166704718761987308644823463090170132450682618137184715706719113573398065393392147397666284135179596350839911874896966984401222664379298536123596213959496229915268020953042357579981494272315366613
881 1327141399675689317559004743576131090617838184236491118534158424672663169288284720598855941754234695587956619031052349919422287206227183131980787470981034918114617364714003909555129979578883135169240761086688187848275733474599766189800367441629031359175808977321194447879244217159603642362102680426798141094967836849649586748547161784629355254818412144239982915209802544381307633867729061384127257089109585219586367436288762124872566960161671296873180511204995264447663694167348797492432821409625288447772
882 5016497025521937600783847916736521413328539736357115114753767570408303053501864544463800965846343387962580815637315758392113832780957588153706022055322488608399064664056877347793608728189464654948165875427026104650318603839114547829970643456554414263927932868413034479275683392031019370007875857131441396277757633251103546329190442972466237878646716366053324878794778092128522042228427987073391586993425679597102335244092175865896395747555576931087288006375255561892415761525518104151071571268319178331730
883 18962026921728736969685392362917568331990155486913477655082243333531301940970317469656643364770523304206740566054699154824073943651329899884377928278728085469957725312223101244460089237084917723756883391842747109646171597575312459106391546534610435332388049153479287499736321862924780418285892176902509785786012415372110818170430195944202351035828671020684759985029771883965998756227705267666112226238626774661132472899951514828112129967601766306074294336707588135974500667136187315431764062534531435031486
884 71675345395680670320788641678520010608768798909846530372600462140567530057236249190348982560908218352438152225986607172114180598935916184957166589693456442325992134628095226882266332308245566306389264904789545139664049372582438077642509129091278490526423028965375351709851115523734244234620608285445382048927442305841379508395623725732286244091359238735082149114304370640738548985463040630526527119638748002330942453866555370153721971651918915639980196076021927469957911083239954238929829841800809791433096
885 270929106034101210992513787291714480807934821507656384016322955129486097988014447211008221802783528482421514531969122203714670869394952862447404992812084612861938104916187427035811575218698143672400240985717372993729722375159000489109271350790912857432285856854583023083548940171382069023296525757576030180366504403821886842673874317029806028780364501934578247278935953127886719985653288895787221682509673338274387096755835424838408594095968887808858717729489764774639336372814995464079006166009398640949544
886 1024099998719455767745950418183655348062294975491679712608608325420363034614477632485803233636362834508003069436866228838002337175542398626779287192775564766317661504634963812099283800908735434974174763370475643863530190693144439257413114697027755288264788355508054896049488996334983132870499327065468554616213038308563299861733845854155052422193904496827157238101456553858724761962317923452942470997759192038856839860630211680008134795635140367088470655995279948681058549997168134389758152102230901325637596
887 3871059951982340087636877017433124772481783599226597765736156300235783305255490296865457718194536975392339230855137760731389624365787458971406318881404365035159367124362695276975974962498609596398650768166578818142879077527486908738661763371180863195577947706474368645297244467870741081402933969771306490852891512734217278628931381229908298364581778095010921681056233561476987325783882879351844202091872524193035776063957667377100636052019480286828151517336046181956803651966346692395112819928531143118379232
888 14632490724626531168603349177884473767536673178654462590151698976077815825071749541387768866163358579324403259383193017790757903281865355584326593171941463142191112433247544308021660171376058926619034369762738957951349709836881700527521270875286116225078382505502175463628458818581468243226250938762707853293616883737323594944768598698459004578296602318032064634449144878395332008019763001364862319077337463823874034551812489208265783570890142968448532691447821485802692313324254561431318541157928492053435794
889 55310482117577714260266114483616731966365666362559318758945002376004411823728104813346805929404925532565004317616666914295955275743964477261182658499328830611326758512456799072664112842691317970167514050057062371974526407719726958910672045912359076891891059612279560977175606484585833452030572635327636234742943260183769994055390222646042423379389565756273130323205460134029617043096002927543012485571498806105916496224938167118939787002317180059843410241569271912242373697592510805670963399596799935043086590
890 209072761309831008425148221310885025362602137895712896184276544793185174267185571928850768234700613242680381580881529419323714653630930870771509684461098362292154466986010129523141151169012844914512620019151191895948027622819481929530061088378116593259248300529659872926415840861637076927617192202406047206696094024029535384680959500488480273829546774622261679309054531141670057093602900397361930518233340212871289316106961862593526685317912496946810939737790215155682461490929277803835787062510027225459062940
891 790293279973522524671816676075353636975932381166936371130091696242215262146700093249041974836698768469797247634580060327940690043434743311411126052212035273870840898360566930924691317455535658804662529312058732389789106293752624895513986000323042204984870503496986022193673397678353758883828192609218165988806210413042533537605157717834446300479863320525468894048187669828856739143282344464204898478067435884816812429395500129483417515873727607094720457403322115637984264329296074264593622311340603683637105941
892 2987307600429120794267344261140078525408225862861074330566801215011948685377508437732578945213036714326928743548364201609593525010147959806870927576603851394308870335537255623373103928067233777164011446038354601427169650958680813279007675241352672886155727003631873423922325130202337336839218109039786782129142268308924526036666520650937544824961309063323741203415406281926895762483823345370953067978918386953145925918535903067506827893876275642496129038707903471790538892324690294095375061904310658213847065180
893 11292040253689036599876505392739860424433835203042164065827036775171159888051732927952587719094203944278177723443883428895921233974960697665317245145677412733247736745562547849506013771383627524437770235056534087113740504206347004159480647726900396401976933818884197605423047531827098954563740085416569062597075426127950845290400743248985964721521078574789683560792893307802817634748237618653578777692870223445229009679625999047790934756675510438032963797752703636644133917739477788638001857784433113190008513720
894 42684058719019885008700787676282842816671437294979872042514705766391698839033042000386620741782354710032126095912243395282802761217395372510480809810114182153261187028759293851154731806047727154025126116758377336125678059912879227210772598611106444851039984709504217391776879471036592930162616924992712824426920037669920994055099229606853170266298364676626699228574582042016639872475627204414561739753897822444143835389025633762090554857560313410808585370891958119314125524024346754497502300644383300199336516259
895 161346598885353363673230585528455447810358698665359935619160185636934125529050732789289664713080558697294939511636029870189661062114369432090088728597620913792960754735555037095284427468427957459881826116673433303571923614437944349142420034173802660540622120355976290393267797817205099775736517120538016475334948452118206562536376269098012818861362316127781567647489652549525242077744539207494067286185176955096934311973241750089938834902194011919538235536530259630382737810230550845007196066729476382572469558492
896 609894525509595381957169273452755855081559618126020504671079879759461236489322909830664072144674652693489324528630765772612678709611354221804603093558566050244308245560071872493915958413003504935680591076849792910489832894100146463748376136334760521495356909989350302940341490848018950187613753210462325326284918996926870730521630225474810804166451532948424870435067371598577277378720130389117634197094435882036752616488531523027254133250855593675099752429467369891508226465945316954895559549976300494441067807481
897 2305422178586089361851317590577472093041936780823448651075582312525273124419926041125434828890609042735154726554633286864760200974388476507145522622331333688358217757130161261466651161808163355066744802336259827160438089493901611691310418897670198740854816342200797569879899654014647945409655426680048292270044983389379513934790619534139734826381412663741706359941021616086868080468516289097048163426584161775301870032593974409816763416452791805130472483469143618156147106294511195494200393700350382871012346572675
898 8714590984910964596172331933118641472368918581660716019299627362902266006963989606902832396649876675133939576758286783155406328019659426922133142979292551516636266847247490992058576585304822371424403777807508257887380005283525054930976973766417971118705393489978339144702512724768065335996771825921480985912601451825710666347562071947453780871335694604316263529735371189004564353914200332095012581305286723177452594688946909255643580715535315608320860655945267431633619330166073293693862527144335511096813633835525
899 32941574891339919566229801667744588177274832798469616399102098133114005931082802690704189690829367775469161373913591292993185773149428179301943447292133362158626863534131762489547846609310361359570218737752201537984676704584033224911068765590378344655671585333448655937679525129800375842132690909881767414092837089248421198542303918740506372767560169720227877895894594079169711244706479524162341745784586747519996714758527563287984262696918078863238658767785275025384606893599582464752590093250824269806680137805828
900 124520975564584344579120957557474590783386737139855879775509686813015282097982749811480714429198567524549455941854125362878703142077126937680073730870478119232230952349047419256935077528101196418049813314771945182186396897267626276817515281474615401470454156789547636539352742031246415883758310361592095674873489854725347125939330027584421654241497047730884131977974091332665976048907448929629138540101537971576538324662507110420588860654164313073883421610747550275892634419872971488424861204115988964209039580784584
901 470697048680013305732168339753759936393784308101131862306601546511580982026440845461305110483241569870773447857741518831173454277897145203186913303676903253261450077395415111108311327385883203705427902503264359061816461353342946212440985624236283405547142896422401301904879000527424717837201342598848372873973371364428160229825115366800107121577339576225756725038059029186732202180021153380984565021835142411685835082198735701000977375957481645371542627240290747136184698986627645153509113848284576895780106915946268
902 1779267470110009401916977626041360652311714853655199560302185516023596382851395974600194560751920542567663812273399825099028153350259908517083092556525237800323792238047596197559530514571222031298192771804313137303459222569118517975046474128033283249909850728351701176069845556349153835899762399429303551441620441403277117198634506266599139192978935766445160990491865575804391447559158874591708657933444458074209870783561791699797362888408167857931424093088565443257153627721660363468562709351876564698848297906377371
903 6725766770528763171816512189428254397020503221275954109694430965403790707847111742735788199927926406059742481697751599982081592273216669302876549944997604107918422886030059790058728147136409880673359422372707437162423952782391899658345325345620717852147237496862184364869306946022441965360403144022305293775366998327411394380404535689987803394922618732425591615647165929694441150612874158445922413451339316894344849987334921530264827735113680546818335870876367070886939688389616831362934653480567891340985820714388760
904 25423958262217847480594391993553415994905643456684603056218684274151029865090487328777811407760921174072448176028016529202289141900146931288473597325740451758473245298766602460353484149934946041677075764845713313730968147620610121912405388497778737033480762980949029040342242770667120685291209571679828892631893091930500122117359951185060903126918444443798111048804201981655206828457001651245791977164258635843332035810476206501974977968167566746097682653955552157414901291960593559087238099097397412173666332737689769
905 96104855051327879325455799956475066577115662103942891535075690036383153283993075130204533412653335766411286597320496412665559071244680377452117110016537795187654367366953826388126975158560588937472237659501470134927414063692949578851781106551429999675507666087511869868114908797302791437617124918399592046533963059743832381247587384213106108292816913865152901261751813430826310999969207631973253602047554036960021122181572751218936605927760087104013399864849823712687633013892485551406099513460216590747310283000462262
906 363285684747364377346320157648730416649726239757395356150678324818788308167838464053702571575970872020263739068898971323958597832708823820965691427617425987592062998655761050810048615388668942416723068102360274837470926505715297521923175349112738931593505800253727329538708093018042256804780472445603933119983362522673203032488879464963628336919154691205894295398074882254174794645969202729490813529349440076688879578448154335387478788410614378798644165855584999620138025334884109245531142402944718712890838460493235847
907 1373257677114868118420454724126079840821012762976208427895276819143004562348690234074541604716445864007745027858260177657523960947690849933438383095253695497096026387764096649822868645362227950394108477623970137027887790800805852094340806433797519321871193971856757786830605891439390270795544738436963257658772148353383027331842359641198949703694844935870485035056022416426569863084074903098733252225529442546254471521232009924043939826991368935075973000765636255683112909350620965211087454032919372208563015665737333488
908 5191066333775667939168762634749460218650522401924065040163188183838250672660620953291601285561870977397297991394852835510424981472678740736206980280326238151720539910162877454508250232719927649244875120983419241968445953738793378390300636856502219343878796316886575813358786915395666660875391276749525105451987969160683533256967879077114522368027166005458897283886460566527977648557085807066623715784044403780636944795352005604471866291760132501318774313829355541122860853723940146248624770785560290979995836492314118548
909 19622842220921224354776916788862606435203955471101421863382886542839701356711489056712782104563701808678127962429622770903943838341659637773910406245479763422332548001891442085088936248775626871303683468296268549215647331145005943013092559256275636922108115253500879608453721452665306506639598785420482506891760490651601501178920337795595424021121777534678230980837293822086621027965292673054160203593147804220693735913227546153387017333356152512197064620839535252125229211437714346047996869671863654230093775954740220932
910 74176789766517340285051932092537880452530280050981725782710192752445694569986417530452734490537546691077543537526631798728689039054854456531220860069029766840644822828892952048647015925154748339533585917484219151925301679294754289731491210576276286479810184776167234539401556239430428708687652970716478983500948562599307692129078936489585517801561133713969393857205115081520493771003411875833560170540915572220113254765414234736147286450328499076625683090767958314062535733915469286004514055670121916843935472024243518477
911 280398020245022960534988880587229156871148779127854092452552765714010770347485921167099594239480854080011788498931442796954926319734075996874022579850120963059136239511822005500315711537870733930034503130063391203106186911538234129993929770397987879054870981624011382066975528779682109466632571961306217726562073857850619452564501349655766192931278535514633590226508362874998242037089751686332497178472593694840128982011464041277141666300979556376892391460354235662457401301973891035162097616001673339885107371086157373250
912 1059943307888223640024562641386847423275793787236719871155823010733686009399583216146173774394127909392141536773892609450127762927370337967448674727877556519483046160827123715374117847855004746520010392714245698889268670002162369542765267532117299194191019647938324667206744087119161706496485814725305254760555560371865457592724060038676450126055551014125298467152305625788325755255890125913685117842314115217849852900821253553661560047864382210817863486877271457870202413606856358403578190976541779129629473593935554529936
913 4006739569121459291399673680998409993153798331498786282752294587484283928245292313874094738241346219646596340257443412567462792315211460026182115516181506312276023984884448783190618126672478308215026845079436694483821669146525515861296613880143973567058361703194221196786854612795566880390752331046594259006720115082839665630199243937736606575821383321920700285385236205803484943229714346176172571863077090838314500636559334183217427235369877176143507532020050024776461644477810140890985250797122660583336629675533441817398
914 15146084469792242410307362716727371263414204224091181977565670800743980249688026163462078188692088174743692756198903052317796374958486383081244738700400944345598455309048764105496084188644686823121970320624190098304463927552996086019857128893391787012212582033790555379125224648497577485196644367591356679833442215601096660171775667955044357875568338498902998231970066215950451069466685812609992361480570771567490916569832005628963935596307802680203561997791248936448565145032098451383851794380691060376808872158847203013827
915 57254603866549641078142317842782599691399945431447945150860414966446907988153200826104416230692327182914222788636678353672521182590939521774009999431241086846552570700112152013226469697017595860088368543526558827059084230000501494728994986625880135618166637481467041589418483160093272296022748027123153743606096543416062755002169431582449815656727570149144069434526310916944526717658025655115327822720677801616881293729547601399767646679709796702625223554539140920944854853435880745786467280498241451631940953563546928017495
916 216431880184354199290697738231754884000569524858821063815036827990527873103173937697396915314624258848357873754118091292006502671813661738747447691497997775647861619528097798449725411724237526309809406035332118833079576661580611030955030553489136150387319698482471050293553155228810551034067275701140900931231514764235299644288668254362800431649933364298422194011761089527350522910937288150978771381850584296538332759613312857728855979069530943176821370959937892217641282610761519174240266444284755369206874172761090058054300
917 818149797040651698919755227765354461410707887788887991821861171306122276450583694695085678861230540759245385193824900993622050910656252476612198200263088598060641455793184052232186722119207313251854777919625931973613587548508745518661385709381889244633620183601370491959135438070327897934947623382275064692743897006796679277471962251077927367130243545279014835721622143188771702078825243743943709214112406935407596610831447232707076721324586618806923687219643086499659550212768662272718542034889720846827134872604267267835642
918 3092752714192328728700170362444993115101311972086419262709209901641610036762880460739994700785643799907102512370294989265481184036889934588041965080054610250296199990532951442314164248758511433850546529698605106535745849076362022693306177666693561148881439136173965832822880597365984381163337663771706177565127101578448931648601976006060363585871011896660241610290705433276178163836125527054059673249567739739425197418856383842855874260343029703169386671633410482991546481393868204041517245151380303764915725623140438238403651
919 11691179802766083340245607730899336288565314825696908667599873281233419576169617558610427742805467485052053714777776879436037826953401814518956872768341741559835773310020319167088272775183594029821981153959914099154877233322878165042235504673248893137383643507462230478865720828651908804756565374830632454427564792776229087719704401905735544792663292630561595013285158640828111995396766047356838398991959774728251816303807343853641653835132431447931490984738933255754854202646913055560408668330547088096908167500143674133415104
920 44194910056314488770018683725430620422122898539214677995857570239476192206753384457425265735963891583291045302493030584821311596727902427847094637664407122558639770156665791443309197943644203423419139570604751455456182002149252720170053779054506955805751899329302161686953133845173428652481483115292203112305540662202471322443472580779832060458786926266449519860002908944335253760177512190095488095161893910723799810765089257549330403727194547901205178252150351978273651707402901826386908633377327579871124618913393464117417498
921 167065563149331707907347331736858217826890549929785666501351624333942984676883103385425603983688682472042035265538420738248554053104798157665244843821892887780799930799681469815967091219915522262239626736498293110881422822961720119621860059472329319741475061744458861637402250050488725523300298600555849357389749174829655465909626754870246161033263575511608269684880199531016783664544286701726397470717665188152519198041575761434584335852946483878877149962775554893155047931936393057882391540197847644234826251235634957378616495
922 631542223520809354258423697354393117955296735310231363610905189349933692418292727275826988974215551526271173455983016298510100662724047816598788548576073778854218971662098636479213786729800930029534568719929938886804927924119169891219343802459055537382400642033955122898411224146273128400794529292669195722733238196115869992044712257536661116663173863759681076207401204841188429501456589685695386133562027236239834419975493957295348476465154149602777731038320714652117965292978462629147234944980747382891087635627032207908384910
923 2387363838517640721066648735109882368221793782118275441686656590542371024699397162053451840993687067513811537234680856139947443424342973203559847099197900753098177338904910948005878566121123387895824337012284236738819417351821111654113155207739335961557096149394961068984887514950586326622104957820866603076848701871251958760796443666411428676966137425322971381119575519823289254224645779636488769219036803904927428593714053737937534134083663552795482090391625262844407536385620359131479442314976959582955018232472699196271560266
924 9024758636969245912372413632410144593851669880925103226493255712770153912196258011153069920576847551138867509998449100723548709078204315172802198806759499844798632543398041107297046663934715450499316603701829854575397551908936258437908354429016904108923418134388935415367503888555370732010235666411395396890424243002654293500956058572333960837239457145065459513817040154398506004835653040440986997148501510449896256713883330132136661342961497191924306195655017623454419193550550275285344775281013885022526890501050311147280165576
925 34115625899623432125828163283409369874885044130463923693072783704166604403002348836177571796518588434152325521063535757585033194220025278100460625298790173934034643815441100934849044551678334351333963226451072057334239132455876913604293914234266893510460778184344311745941343890288414268109740778093848884104363619795754952095332373766745314715094673253501985687031996372749248022262849932361161997389720427669910797810142688538296858956351043826903518093107380041821431313211636637116969057335080849472175056460633331317500810958
926 128964997124703767553984781072838161101694689063380325609929348972502929562173273697806683998232645687588634272796385245357175023573163158372569992808055799425205831460648717083212386046492616718471931220693372351459072418171800872328213218335254057233885591406743135943114026552785162265586464490139531528573686058315851747397562445906669105124004648578637587252292845042764468498514592395747668921185079293924295569086393905933485153307705657903690912027109772453240952729578989191129031819085633989060878139939691909212292131294
927 487518524139512847403017297282330672067104867221630268726717176429328808478247446620624577362221502654751819214279913589815387703556501206416430453651085469793828777765143421765645367809976374717016058155806890883311291544116493696876929539619771523534701419004673322702301725143562769338002126248669009612106642333804285005960123619304406754313739814233359741370090508125349177153461999312332238809718259753710905878348077096506413570073028623840085293725300893772897788781598334969978526670601922927576842355802780587551660013026
928 1842939803062799816421668328407586935846371457938019364776564414888485974416190894817620893800436426093396053625745361822556212037781880699139392947471898222468703400023994838100975428930747359965893158369291893384152073685343019426382366852405115339591039195285211844301278987814131299082939763847297415876750143910393478499575014814471022562983305529196821431547808527330266470066908245247264926783436896062450668319864447943994052061146865673919243260692208757199841806601921636521948381450598424005101058015889133382632700964892
929 6966777399336785796268920294593246981225772396655857699632886451724527705280441197433726537502374284009808219452057909299763705103735712402805069361634840786833178169157899909948289011734795231367900104548123109698978161203251340764201153852237387104273784796734050876427973218676951744776956110787576030392025820530275534971916187704308156692095795749127850057818745762250053057284204661004420698828914014445051672494295401855843489000326821405177134148613275749490569527252420882453292051105760353154637876773273131721141315414154
930 26336221964260353240455539973729181124193925011145114264463527614743132225680353012856801306780433064353128205066239983144405959680390781635764075672475795151927277205942199934089047885574303825935869390270285687919712949223192455523705077515034773759088016241258016985635875681688679764843755887101020163393475751340673272277218206246424509297194143711972436451253828594997638548495808809207843901632759082766280133412163758394373888088720535484954053300530162915973771886883154912390095501939247255490568165587838891881016553143583
931 99557909050399045174403773959763333573343148539412006245588994580696354938010254965259669020441647214349421937086718202293491008116723443092620110969731232489433607706635540837832612892879890657579166941228166378070153940778782264993122718476328376968381795073499334402237152927518433024640586703212341570924530044972085971958199380064281612299008167836639935559478619906307120516543978023777831867360785178763967333391349741092105306490198395599476799752783946414112380263446520422373975610025402749571366147419851659382668851994813
932 376355971912916115553773814682540683740362836828929086182237271582158213575951113000279982476031744031826769462445472898460536518828997324844454187689938048979075512891235740455955142956777077278448286321892701264147787680655980783477232259232395470570025791410603314547185760509807612347926059068998449778649242730044775918736474053181077156946058646500485913271642353916489667285093373403700126423059350641021347291314896477190716622329986225013074444316323505700926694107959694887005254882544127116803541604854117708065418945280101
933 1422730385109194524271921921256341500879328665384601464904690805915329378513209447398861053346172925571887642104804983354119670615207086708009585302364868572127885465870606976503230078131282040231072885852195901664696035188581782417599990027301759206611954475513389512217448965313335180601123837398915127867510878220985879114383838945202664635150195453813298586315721594551965055463112618788328352822846043508226933028705313161587565915601888680146703127794177344207548147119425931415083265908782652320501991483977648123031971648757846
934 5378326342656929923270535662600592254498610911786056493005493964723911668126979656502646088596941216336412346789519584003899885240498779145216333599572082325674965904018840349836007383332629514558170058854144897898534769911031213362861867566773403456257937655000498450446948134487957913411353816438870891673885688969863851763439815927342856524222688976150501526659229600183864841105195227293036570003137537930560825135985690429305395076791274821225074916614690194791517882962107367491034073552120983724199376870108852416894641927257414
935 20331641403984639053915473980288792614303384404726554312567966245668403312502057004541496066886559662196994739642754066336087613316693243802929513871712322195796079718780324989245639225620287058087362534830956122713499183475328454543003364496832938032462684906390265393572827725070486499900159605508035325386741391824163336863101840796809674672368320343626379910716684174958053301318687221628476902433787966278147785038685183837943477227135302626702603866222954878517323616280271039945410219178583498280234424509657842843976799744430494
936 76859663280616525054022809195110735586564604075717091787607680311196694482808672775876532736668341100655973271785355260612580201267082267440151052851055283404196623340791054752982252981605888149059521909836080333480083108780639897864190713781349993774479891692359817805407925560693606671608346687952700311218965372846813689113073343057240752297730827959350106246964718202573348156236560925586584358914428249129175023966727664693651497088892125709632342762459570855654171382169015562789829474625703414824438287630174540087472265064975344
937 290552928817437222441077141728786228400588636709115401264708494021955136322622174845335210881672850491981516016763324452801062048789572081337623210268567291075936605787502164194651659969765526495057352493568313220318245450991136361894123497217272675806759473130558985890695618434409565084703956166076913067807101741387956561659967967927918528634302731214138717813843368495627292898307134135710775678319604706764555032234125992535490107963670821695515525953257895777073737382012595477124545739229058493262259562254483560089924630092199800
938 1098380413413172344126392136417752526904817542188970759479876360259039937775156621979206432725500157293544365090110397486935992006905822527526574035159035104584902369343396005802857501202964970341971584486305021526460555641304910663514107308389990800326462201377842941796496888046560160846907592028376976676250162985441992880278375134459990028065708131880238709241751186862719509354354782292409830458461684623311932182301592706078039647116938978981350598101653733588872078745359413538855185527732026175205432629757046225919814450510667686
939 4152226566842352497822141693725444454368691940731740028073010799901412110315975388787043986914287769540597706378295844206567173284710446247679717747527402172637191896596475710608549644501052571829564342513508002628340041986498331137047878019274395672503786522865444548911512069063248446480043253123627066912715283056033301285707090040493190404755075035155145665820862718808585089308738592834992933670594354373635861950082423174432690843330126555452672664891322789747792793492140066654363139166229784808081787374181475133838784273736997211
940 15696760970181682695605878842053470159998548742377508235164045240527285373845779588416843445544432841573581529477159226589439224989990372904149822877660831788846413249562334679702099918484407805398072709582497501393306436873911838774623716399950800263942899398264655363633160000477708477368674569442850631819826170150955058098015074919849772460064643889380262677260318884925051459214496247107468385446217115010401323828742276864255008170747282155732248970821814875575344214128508869212799105812074573741455577990564678283150917860057826521
941 59338940062317371813831607346674852228567388788751390065901405700997343172098099158769656335060002106724546178603543675865709839501121879748813642263074995138772619249979657065395285314542775502099159493532552442456574482058224771640051295741650421952699907923880739111765076255131719014867952216714028776808475655647392040625472445221373436769297789578760653469559977114899545561200680953023677342714659311909746524473420079132162606875466278685781032411772312236904980218472113299819302008964763640611199900142497631030050060614679915576
942 224321169271839653810577202661181302014464677098524149542883517365813198629396022744524455006779303539804266307299007127367782453608395491580581110911099829681483189416858197633087183636628561057626747360036171102969648439768305763791256555827356477854753889164960818610484649228778710917500487891261102466938619714041233211937288754034980802476171397398455827955502149037778792368921392181809711385983454897426491147748289481069446506855950241390134349348083866300194679212336457486408022795773923963307593523422719847889563827675081298661
943 848010969225092091892807465039487746319033352714477010528832759806323354204795333490087366319507467122621257923534436329504845546628326887461833654016755641180192756066768511986665558810457728926024600854785981472777808183686149732009975436409073309336706017627198713446050071544749894112252260430424961708660737268154899303178639482692802307575816617783106773893754986478435567845207728139572596787352821590002167845640408967653349275452584687874185375437312273472493390885819890154760202037630849236694375852562621430341407790515063351440
944 3205777768210613408086318248178681239318284442794046963743200153129305833686753432275976933165548023133988732834684707823812620233975201120214344955849697857226659430193184257127837802998400614487915950267419537357141726927050898366800145391261967916267887808304463824585366696252533468866475527439546304066302164403668888124926106755580899755475481639828881569260084058345711170697290195446436526342241314173113508424712349408217774764997527373720484935543225591387564580530555624139198685751289436014782744359061580079872545314799330142415
945 12118980505039464930446536842081357127904162813504622057671914994802133305994430713422129070815268310020503201150715635786730280123442302946087702656428555352158903870056121210320753792430837601879819089942173462436417247215128838223279129953390241428796431672064638566642980056894861955329909704836037996525606091333296741159592984479076329720984253739797104397717928652710910987794617977342891091479701119696690632127811852244924779136626848119365018916813326158411166071373217927257406506754262404246181593614981467245174803724666849342391
946 45814134941366493833574072233416305187845099946630617181818258482725110231826340980554560934201510838467500963557499600319697224664035202940252571731647043194527361813491079092879300565399178239051151477709426435621518832604967610623374064762026966211962640528148189228235555974213796199725269805281951820478988683400550837172816784370946369008715779593201655116651091494989443891517043978557972140585932666195455557884817026734854636287632443594685236415473849864889198216968354603538956453093895068949289769497492996674459930732076266495182
947 173194311098489153426706089984706682822321776820076624349999044060887468500706263775964153736235276823872500816087034255210361596767866158882936787811648829076604283199924419105657803336885826112997125355701366855312356076926941388622456416371637659974875058621880200004960716997842601681312019637602762552516166420423786958366447592206757922243247534613850479919496812596125008940959952989704455829312132056809692497701578664635843033290100004864207955269669913116959059309337612675570321016168965510864845542979767322289997228011390322925406
948 654739407934286986862980200386803745050981928991608244340739122316931963224514095327137008656195149925936137352672954185800080640316107287404181029070802897187100614280792577144898316558692005974547031161212976302341972075378665587353951701197947929128343698187250644572502980231812439993365960572698413686835146635882395522944381682097368712264521078323400441119662170930369854112258741533861926543254514111280984997813886632890016743772807578149977522683895151783123687751174664990238167876887306552775417390112751230817238325270881633168738
949 2475164486307478768072667656945654212840877633799854902355498480866542068117865182279440888109679113018072756783361506384834544468164857554143932363479311082550631713970729642814218508653240714526119251767283696528588512042393850694639601248487055962310777603337662667767582537916616791279085069869891932299609713993119788155237609573333380397578130525891776239280778085164693723059374288681150702153666458726770627712882794269129354504647928952632394028969645186443338388436302868398810185221802833870892740983920025940060267386523265789098282
950 9357080645526660863964524303969182100875649505292058302542437588263140721701769578185866089217037208198203162645075754347917123869586749093278187971651553565811963724007028132883494085438198521844581449532316041954400523999114097898498116760249813632174720394140382924964560259644111625540238142705298910684124638535594388678830299348916644265791192965263839889302335905108601991842539631785935974059776916807881440343823111950597524754784319991000779647530703179934851616609251442032648213719269605394614371606861855783798358206494361573999609
951 35373448618845710589637979699132848308068822222481987347181271205453189441249186265812966335196943605013332875133485793153282535780637954798109162549096850064515565838278716434617090145626141738509741567600769262159471429702546870092494058143983137260381650428041757653258563268550134748775753861152009819655108976337073902606374931110502405582439076492853498715072815925748198504923674426645814104006998506121202399555202043271985035665604742059920663642313211304521917731522755491193820597981910173661404084422194641432640674464732554091338276
952 133725783783730855354776731484896820932394095174063431400426378369555645468406165399834074148473507676387020200088568877700058653459021227631234858458085850829487194394621851061096820233966461723370857666071484827985460091822472234290252254634900153639937677443731941624767676412697062850447754561334453171542999603527639997017531910592933345981335619105995784276332391035147828141285845173055460145665723412052904848916499305557563564057482349031745099770529951224518920080620862319949816475588266797277572260697733781265969783565649554005983149
953 505537784817414482981379551767204828837315933033973854393966935633558118320843326023489921352252101690647637972751645810507981288906497585651794058086481223979705694386384584980796445718673322216744319240456462138768860275266255630512284167925710962449550892289868287659554020878296610783678281882864498467132074096242391909021678654176582409830116981590388596813529035772495648107297240271451243891263620905996378936298922042650283244408718328161035754728695758105048541074894883478630927581170188348380386831756785234329006109438889787689301824
954 1911141343835221230365142834790428568637017774191396043806717627344311993351014894907614645378870528855955764438485450135601326106961416951923499428880044112226635322262201006246944283212514387516621525573540570054529482237088132203001481881112197613810735590423466666258097840718404394560457962575263532687469585785708157423450044726316672087009771920033849385244058814970383279054462783603475893008604311643300586322553834813285179685872915561612458719704287644103343724280741861622181568297175829259798591733157148197043014610245401519226376445
955 7224914472714226463785670585683662683814398225342518318094387154266243874975123863774913796356868773605562478702487642440685054485075155197568037122312242399602180792998235028695054337577025292459333066947435589187324532005601120864542183713005181044505257637652618899822068565372797396158770987306640631935179637844590884281083434108872336954665081641691762375520922339857589991579825209741711752822313061578698876149963712685785671920919474002456037240981501945744028354841404937678035915009648299267608772103679115128669615975596274980554525529
956 27313246709268310409863182998768459975368667241102624945642247507152186100098010768324799412887911071422887139345617127786771398242580192022729389630465980348426734384990810627169458844351294519805781235541738192132789632005928289043349884852042462888839733266740509414228763954979998623734220538726636426186218828873915792123410828149039856968756154728610946659447128289188228649926568333076609484059811401626859470914675568199762642211109567989293740192092606963952168385830305342393342577884797203155763763744844154947905508919580070286100173447
957 103255848003479016207864855979106182831616151674338287425255205866374357238474456161280445835462727241479044539911179867165323621429702021738206377732352934155064702981926169921530532124134046962951302030162938906429572326330046073010803127337183899281192557805092901011585351854714924813486249818241242209419469411095416906508663448307632239375858246475565463209224735848813133170606795737326924000374833395805161845598678864445754084173635036537888321156945138334187746480893947813937140015343702486533883327461054189057648212257014536815222201514
958 390352261256520972604759021660682713718085280352238587890797739199821316495674829468922818510717413750070751095945016612646603752637931692498685244068638456148362320808033440478345911418797254046903379876812149108616488712966079727677290733238813789399630749785796622669508085426724583314940755991939187295150302480923099998158184064182085014232149324661065184017430086831161032609678980666047936395220432412968292863008302240554954544634687170587572687515064924128138585993903954665145083608198844528320564199972686049479555905318099957393431387498
959 1475704668986701814258198321571733879536799623300778991218259051874478591009322636864935850630841297977894971979733900189012306273903080465664634187791541653005512687522823059571647468679513290292704866919836857255717022717189885680328372354252477882542607453123419906190945485523591243377227897994655930302693635684960938000001858436927683941225669732188332061521115413501572024198933271192067781377588963197288270870274765810166585193559125177821274317866681993470075243963142854040686914417861207999139525758926326560325150507995129858486096021060
960 5578827226855829624240988761083379424154878192764329607365177434884234865751037376306678023335576753133109521224891848046833697628223472571381034296422573657517847295919380063721736110001571219250914794198487096323401094665086827275078264876831200297148718259622739594301014198444641932334119166940908549959753746181501909731932758992599904817609059477190250206012942458512920994194295431242223924529544130542813378308594292224074695067430589321993424446439826736427237983430497184227259264380753395434157315345131205273784476221655384359153971402514
961 21090509880153429373106053746932698563185846784307743414341913827136746130771704048284603203103490991810399665648459666554661899861186148694760606214948790950612864043737552821058041423881740599900605955459025301659645162180575051759925535278475955091923032754361582233283093657709750961906356117853534430722354501624652822709005779914151615059143429682339356793434675218977442804182601296914255992171598473729008979858445076089071040394259513282019531132781716389988555500258136358087723952841768174298346284931213552587293580213283143529244245091032
962 79731870452413694726605440788375425679372641597145509546764601904031170432063994502949859270040698056657946596646061497976611324826411365065480457029778072256927073710657173803214597332052161702424177286004359088587771279278389844787723748193456732418843820797813421020344633720388759804507279980949451833539506271177619141865086609729932519893204743232341757926663783283881919092082599378075718696508573968106911861390341706510019958248175088288216657333887812489838976230514532661625165428254803680813941300961985703767101208870740331827183990488202
963 301423792482066293779663809053637738607584356386490499253446804684887459419866790739273689084386090952631828308468598948737808752551553951830959490292502870945559346765893971197247093828416534954467705723711354289138177701293138900207474919800536674228692536703888724199142843252516985149127063721329226396236162175744457785206395997699361275712452596280750456991828121950593896131157286041818798009371507897908161742039627931355326526258249368712005357820423712925258754480162270476033709074594489842772025585717723882659123638261191282274315032770544
964 1139524874666874168450461388710030404143324342737483750747868391556430725730117545732494144293235905414774612274851335434308980765383371462156637242946749157923314168963524267907172747474356229143520805750891825498907605586238314302609877163892997090606044894555578839785803896278679558300804104641957943681002308176540461262708895587969078351597359339866883174591360255852374858564860885663245443586611176344087131834062290483288436816163046283239688904130044592676716439336055608345637122758915688648631299784380972123222025353556883317984874374924080
965 4307951359773910480469839303539733830343395350970607933122532905625276240214048934706398587100459928361505739506247538317034990012827506551592619045189707731419707697109301041605514948269761012360497830653270846664308610845023301439850523746254882045121759969277015029483038076277150670630297978077185089726064152420492931890763984823091699347880340128195178342093789165036821763788148303397736676685224099581428026673482012586070389709332345865991941415233039444788537563412307200821792663992794249214158722820888196271211681541386049489194641332486336
966 16286151566210822134380365218200508476005626348561786801263003343098964609341908675424339280529630759167942708714640034113497848154215950943991270760663318370968707848487249369382991859572410858274188321227854433546605361028990057003039280674436501529871786003603506809814139194555438378302884811008350884125652025911374141121244285057349200364966869509998597397159861918817196088000064901324768276116028057230120174900052512583303604463299063864099675526003425453701005121325628173871381076182196079920691263086732277104098747619384894772785339263629554
967 61569673655475602596224931790090011106025748826414302170333392802903526257431427203239281607436066022445652725464171561234564002258466002252634143210304452964671487636404126790746264854069644946919462349375574605527401192552417172801138096687391696918238350132923531827262934713482849669076161444711896606995758117549690325985238168447337174740584463737074337434081906142245352339056141356071674918333113473776325770749231860899768080685769338038498473281414717011696571562095070438461769344558947404600556972166201564914241607659975287368697698484170544
968 232764062260064779240937200818403729521029479914049178135763406203155605893051209257188057449551813664856824222856426482098585173236731893781261751960650732350881651006424622976451058187798791988068266608708658623883934733154187046622094737817001208170329224571268697726084055276982724216645195416238528952838786637712485603401490270710854422797042114458581243681082756375709243675797910365908583348827434377082728503473638878033985934235559061841123365083667447024187515397833709490550952359469968824024879513422772708382006274701276328674134183263217990
969 879965610082620780900353942736060466914470436034479743034085599168121502216342054108831410648479401730139378201767873522715689695235352784439874543892060442395338095974199874194648433081917114121614523612005372109962559716194294855616322584474047285164958206790008402281718049318702414849713119604860699238941965005982645876574453091100758836812350037252731179342086770929264957181468267702327818650205266548993573106933929437157293921109526970826035190047740597394144340496366780936518601754490377146287736224642409783966615152143766485038043210579346018
970 3326719360618524409554503392535328164792292172370116379438836847623492018682766559944299231557191998300903874684435037860323835179414071540817479355323203814690720481270072240943620769186147084130834822085048620581281191936209053986163000528820583386399491537160048912873576990190825691296870950693919135729400043328018433766569928469911879676145257199193829130648398704627196489408837603847386889576215137804703232109777566481638401605887039950313710455624940815035854304423707750637574536486212136038721506630950127894748572439894000434315270754447963773
971 12576718029652341868266423968248207379330746065427224199283712503480233505970230236374863784230801276349870905015585189267884239317765038948289296387376984662513706754797329206453336628864247381107997344661794840902386512979168213971744325124689263001646468899694489090609007603189920911872524991661166468228256715419881052528406926486013731739157832717776671191214290846499111042227284506672267701960320237540510495766038193432781989358595507877039820589542590017958817256673780176496441666458995882264454977435584451252138861428088765798820227527810094650
972 47546567949885617805657652054477096048666338404627774898672273364110998696017536511480548594314995742634607526959531153245435944152184542229744553545700911137742015143393890028174906947431697865430124325103768400213043060646493212399904437744755788182972981412627356672762055656944983963617566984501553660469384807583492541742640833710216312772758797350645863909442650576936821595765674107723176721722292392650201581873821674351967578461805721799551032030743794220035590847089535973635825302544590564177951157502475619219588010471914342609327794399733857834
973 179751164726088682453660130190552377642149938828349100067539630878204188938076101211759972758674318629839420843516697741003245735204225698711778331721675210277496542888342608269026073773257009623187573608382492216902273662542371821893923437945186325589090129228622805054837109199383554112563313306827643840193443945166338225071595147671383771500690324110606930795295942761407429577193954578019194130296010505210000837010560836322587846866987999579707168899538074564131978761224881738123229525714126614930975114214437612164446058661854005954804956377486389132
974 679555514187966344294396164444465563281662545683622314401064859454568100348115867381306968853030812207235657339287437554763065704156454998792778847523597274325037798983520622786376263773231757214397969401939084236515553484066859246906747386286385350378324788804532023024297063771561411780595620569441478374568065351652741094297589602626697197896841778861265111563665697150693158216914148875082025987674834155062097418046622020585028505460164387509868220721579160169438208835954043237386304400957388629248584851202663008425338088631443647488804592430494190982
975 2569087260102851766418105771731719483597341946027149134057055531069158784440081424724673150558017283704773826331634851979219184715506627911422904838356067921830318333678882809436008869255218343974285793752633689145428246877343061283948369334875810903729392881381445447172416951927865569848801909596398164848242315488632970825862803601016028523944968876450348316194190443762599475484029695966694899320497866659348389170175166054783454197976550844852061486157827282066565995150062924164500240416502118901062975044350479502705933317455033653952642792618211364212
976 9712554206946167340925480294749907768302265301123253642907445132190697791691639724144185216110906632200290882779274911635956173256269435094301012691717325250298708214644155489123599177806169219261273371762191809121082195381737783430642413622543608144925532610007898844671154125409966516975507393094620217490961332865148178778339061973260306857512328624800448818725086502517096846605815780630899096143520219315763267842076591783299297331079057522398696844222731907946879200652926904721474468547013183403721347233399926268252503760905666156019694880167443880090
977 36718822005259368553659987671992465930188725224552549892844158307164085836716949942788134048318344230092277609959913038941160855544885483848427952843205973645527384689801275591473649246958635526412335032793762447266262493795521527085241869005466409679130225605338335750858552846615991733581803087266471131255310169222536372246613560871597065153598159265177060975362166097921925615585333842184576957032541463224071776134097393571367270981795815127470540087483646800445053971437804437627644985804808988254252684695933705353109323657827331037591485929044835777668
978 138817656016295650573121487656411210694217106114649897119741536569374461607803365118493643302442789956492743584307484408156803321537204092125067606031783779361233501147604931189654382355688345543593549501018261237179733187790903657090599059814412573154377521117849070800324780245279934674979829802307025919395769578005460538847102191719371609530197766559390567385076333302974575285154064140800933293929910790183373388502903579519475519258706890160094106811702144470140892394086253978175077193600167071940329857534308222758418253793192389240703290309329745423156
979 524809097911098211798802719099353909647206885043314217180500745610879544053931882771049657054921329258405990895549691736686960012868176147346459950173491735424541995837480216446675230221191679808639129797074622425159746545209488446514998136658945114038681808727192977214936849636303454242459058259470526459157736284702705197948968151912348662948046970289630911067979847627970444806624334459553592213753952811215750471153283346478129369230447556654313782678665362841876729810108458751477225840055519913680216150234557109764804717496287129942466412051283466230323
980 1984077734451168469239600595507992290733327762949124584453198956692876211805947188836366286291930332301211302076062788625902417136108623958631299029261907758992408470313400900364248375608159879430567613581623585446065208112290179813074350534384005149889021879461213689304327158068246678268235692425216413426769486012894444182591519070321242191644293119030747895171062526861234853365413096322881249061756878709495120321564794655620340556379146286796340655253787636491871392461383911832158340039791025962904321839621514212642511364635738725930205883984885471901121
981 7500957248003557440505461078061040851499805676362399264843588310004499506083639136907554474664592135965489990852031815355804074733791993516348001964518602629282707107007433958578840523594625987535209319685276722272253131952928621400614666388560381439135066215923202447850652633680661386657779210499426245523335223233374850952901556999155970338759719607269267688516607159939325704233941158223893860428011447736803799432364148085860497313231325200275174754456886365884253910971543010325987518095833617176695551885475893068835791864362719371420688470169370574734506
982 28357985368786095942652173798743946182280507806099635493375294024271008149247180379055311863268110805815876401554034179658757536836636004825133294463807974191038383400095011750897919092414375906791135453158661572840215489942675983518939742065903341338253734389972149771756706243332368271047393435091009152984029263042256746861985797958428157679622534768180008927817792113758095214260763678548100240965747843024758746177400480064959592145608491380283022974818513263882101644734496335104424504752488778440250408648712066110173072490073566051191955995273555340001135
983 107209861209703540980587014785361220640475595957497743270333982708840351138822828792971061817866439941347807557474414433810989575977095807728810822470004753646960117366241418798743801711817678264563561180124339797422586294979939440110022541199757418144213826906195492942196783457260721875709942220641254996911934100846588666297664607587658017368832024577698148783032659712508464895537074829418154164646477485046985278804557772443044669244798355785482826854938863155712795020833276066158357561404108637264297584901726322747536726721480120716029077576572849289836300
984 405316951811158619391171490367619201503371366783060177385889680030066836217997058357414763537758257506349880205131419799068550858840234216640129970983244689019636517368086174883407477476025630799496569556974586597365526455002027965962654048602982341072593663639852013424070330306136807921090754800545517216046374442008319403761715145340995296263448335800119721923097198722870303934994103858739676160837518349010349034378806378372257664571632886515969456569720901466161664236899250773355271636194033803911925304921875198654991457237939264328601332847723123337852315
985 1532341187286725241705126761952904516766648987883518747779283698227079119522231273675824515033147503615997960337496885989911832686643463226198489151529574963808441286713450875980958350434149206499722882847852321392487861555180809624614127607842018186539371619661488428940052591993995714665535432973146774379099257637618416414101021561727118449289614982614510867164514007897409442176870528498388605165135347174558471080805610935644459760139699612617490369140366286043030404748865060902904093560934805851456074552489439990397220401441558370157915827433018208124089630
986 5793177746963452675667572966292400476648672739154806557502999638456675853266556526826749790893313222205787185420896249053103772211352887226286503564417094364241915320454612554287647234585945946783440767532506065708104858965392861304521631950835976811204158669244733593792584308615818814337822625732830822923289547337533686894948654434098531761498576125957531402376825447243185239298727632220627787775842210115041995338309787358002267833851185796083817362303314918205285342540302162025285248857826762312157091064728080140328587662200277972216129916268357479542579484
987 21901754312462581752109508712333975137051009333712599216789594119344787805735018795926263566535867459710632627579366508876589056041560579867177815822122330613827074589243674899369627808721491299764613456217445400277087677171685822010249862031679536428925494973058723781610304091107263191644205747748056184823904834608791951517207297470486637731823885505383826720365943068216861474521862228942727610326881717226924505930130923984810941275452688712204860870967171844963264839172009438045449257822898400268667667456404027611071967390361195213140103444473164308482141189
988 82802151388877972357571709877359961255499189750411639754483006265106401481773760863094806832049683744264151306510605671445699772132741470055950350198388174880787552448680741443249853603407064635150102632979099856486202891161763236886305272882581758641963249363266889790316384910202095881172109847064788241975754457238210146282382934046147964989636877242631872334450400508287917133678000664261381278512851439073204692167408234473248714672736049001244859642566421110685389891801801982852644365900675369232258467831364801889011819318595316234129594474681404497072364280
989 313043727733587704062266657754219162573322271899321060118383516936381675312731016857620959277024502142535575511626618332051579509106964277652084981035415838485493713768418809790301283888392112200923304792462535949274664900690127854477111303305799698659761458226410810984340862032259646241432155357818628354582984047556078674792540690303213377386321171083976754421004994087050216019391819152746126668506010051154519839804232639409335559682711385122140684327449038306605745717523368714774547864683863746905953759937271558314522964600561097926825747036332477151972312844
990 1183502169494046162871664843890665560719909001483509629411666928681205963611343247360634370030257897323283888407534775655597149792554704522812748943343729380581792608581917737756159969956531339911525756070101325761326634346734435469802765087862396036350281723907939297021661872958484530776838928751349294436248721604444708425793453933238188675169848098349058903883290702989758542462936233881444080612038917567355912571180008841182784849491087853432662442194566894720523197978588117731921278176381138540279264563635029673293372303556227224024630029158511933863728089255
991 4474389376040446104579406895673824856184852794922167463985217937060287252265113437922364856876330885618901203145705041048324135245024108662792010077980516292639826093730601923941673560340412255609332018241368225773263028400484059669879061847464714217329924907721210325588119468480533605981946626527533851560681777497122774472776287727447126514202804711383280320603401300412757606426607006698724608398508814261307784198919913909416115423389279539901634155245489797634740063552272042487844737078106224774539462856931402116244368359186401597247844433953089115096856275282
992 16916057606912381142924729829081858205815735490567970027189864986225894845006364709358186907683827689964186697753076998912093090255255895483967909540929884780890499292729995780970656558914753499696864490407919560920594527588531568730657429973031551613727116839233866377295870378841440845459019427672270039925139887030204898696637431809288035575569835436084453882498000082830956186407695830447752371091247945863590335172020807435155408291731113695351709589255057224823775732629632357768339467572914178172822087217427700083227721737417472778400976797741723839701023487546
993 63953629700266096943048399774708369991675034437223234152063381019801197027728615315111172515698261029842163855620120951595825494712739048700282572141340841361003508134215204418945853205270617525513215469338069467017444900202051044976151823741109246049167998218008676279662883576011405289955675758530651152053949335983692173440736580110728737266293839025401167195322690197862743762009832187408867090929289360226579762684640185681444623652400449889878996476968033905028643261981746476015134206481264462443685070624900208014351935964846883555700411081547430362618460683111
994 241786418024254864875003143782428554967255479240330209585584833450907945747167372708030682908522598774223779420287146964608201172074233999654557131451881583630287185198281988018988864517493587515190167115571579056480201118038316865669901536032364775975632388663717291114047254332527006470718472506644076421162261250540901703033917486578843308755315880424228460180838264956067077651545236905698151988567730223383948115583586998806823741731793568121014048609899604917561500410520305584060719460944102418458652148426433391939702521918203364518169327413470892775955907715648
995 914111693083602054999840615947743974651965712589203737566840359678308173758715008159477394552129513388035081890150213605651482879358269146633273503422451648665878609841314516717705515461590315038856828715754071092974037854946470739079176977911825367762522767379058096760749037497368300886923956385835223226938187713160970706790979405462135958177954737629728720200661785489925486349051706821727006280060020852005638830910601911003426837391608456804945327249871394387854993409109947744789887789362093953750728764235258082292908536769311820174856723575236070301441056740938
996 3455948686948681625400474567551314889778537020486296939935693464405949345226452111823009206700070030151669366944157471115181567417545145326968355538774887312656780117144917490209226503719157816423880134411132981487577453960325900545651558859918922132750782064064788144716712467065042064316736936427455877160434146899087240514013887245424609449329470791387148969937345898669293730379021681024388127322979489326029495084850938390547126020768158659244672494444681297961894282804104628651255502569700723631728058639900819862097212438779727095143782718993635398093753866207889
997 13065798723399186474924923373289003618200797867876035344441766791654051296595315560927277104505061056798518516388987022436744090088843804626587413096688952940729541651134261567724934956941010778853534788257538453726119537349514706487140662242841810635684383351707389151155519812131349167171415815446964031895636664752449451542882597097720974897585540436208128547951016291758865023697599466755406025359753101853227752052648511492441364655317830691240398972114785836034959677200773227239137544870304267955424567126665087838279208498665283706344073568089445822982098960578308
998 49397537246083718414719214763653399496255592403930604666797394764345506727781823980923219316410193150308154179269428403413093323527665216264706962019475210993598769781984324335576571800752438675356353263583411332845750423802899041453983408007336846929265686676311920420260161715227898548865217047244763415131228349854515180594927801702638701428927299173021956733199892335649974996591408593623897339690534802355821914304617801388744225124903769826438285824654719281631209908286654746332911238717042599891965849442679802284078483684937046710317555682055252352959727067294440
999 186756310405870751215916935649002434543331520026574493329511227531266164559027372019391745380629504652265351706144003272109116445187690241591661353502149533853345243388207160868145084307884988879968790241753159621232914247918342886605641201934852656382639502568368219984412658579172014052897353824087629508685958527533406441908452580525440692757394294230825850739885988892623064279781669053268656192935501373411194548533554529506011128106597084894738843332392814100171592811356884190652453933208753641981378575972335182528391453278188785100446745044502078835915773129345418
1000 706067019943576043398695166086971514538072876941345159802837061017427794487129052072594332429819349104483613855952206930955204451629327441005395473587342657871246952583868731923157347955172943052219684046899746369335387956364100933933146417976413451239522179225832684016270535061371649292610245794940805030377868901183320031095436402419890241279441457559077264930733351710757455313685796338982901505875879620611420344465966676590499944702351541264621643915693604757479099129426550481769677675764252429533011495775092737768737990068003180807155164625762826435691624603645482
1001 2669421898613884693021297470494339034291987889544954530251121312385086224010676437920567114349154993969798926922064654107661129999480670341455299342512434382930498490689105124412130064538212150224206267091727233383060168504002795750093482521089623188425676392862870615022909941566869082806738084078969007681753954157224461642869163326557825248424226416226063761782883005537092241329634198325114121883320188081427268806679857039538932360073036109959902862539039346317763787180343725007101416866410407376065150608934184351008445494555779685683770111569230975842889097332424808
1002 10092276997104670840179284032095467641501707448089063235031106773927380487774155772140507171046661734809838263591493483573855776831721887069317320576601026230879326855944246463756113663542360479669024500197201407230175819234573383662583169815239577629007175992786660163737100555642626212471399822787687283387807362659114735626955579195894148672994516199044862819058719676370250192799758323156825553914294913936221282797120778957507363896488179222200647296085216314353790852371340584528720760157988952411552642765070283207083888561677835016190743150624350511649615887149122796
1003 38155904565894201902483975887027067093515821488757536273647033870855779596694808040370434647579117300065549171967333853302871459307421500582303805701246672702924120309141130124286772583504755142384898081335500987935322266977016258925167813079578927934581033072091874702131150824495106060365608144812384303535707570038041182775367137118158581177163653531983732555702643383243707132733263342046866442619367347183919404872845386754221816431970150684430809786273217155769155730144463067836538586967243782677395351603849844546151216889128834050645268739246092374277197974719520307
1004 144256368028672813695224024266877566102909428994242733917924310081035822565488946380424394491389151744804314746866566510589094444733553098626910487810609778643797590903504114357502968140405936755198117901815180071989266254106057653492003286473926364649966812389283576362913235678960325245704275531296042393532504133512340728552028506914670072385096727211734031387734559161296956962268570622721751551919265021821393558199902916076038250550319525063866708737104992729282752343657748718372363668468909778033565851871348458842420062948996422082677883129940980145276669222966658629
1005 545392146528073593993310986260004178825157217537193419048380661828497372940494378223039880892837926726467770411563170311368437389738112725479983509320208513842507729549681719033183174664991986222770262811472674666009810991434817377113990754741511111101216766401485352293070854857645509236570247695057637309785601671866702408059708273877769566999259448416094577196934128825043026149628518501838997003957558508961619964987382710794807466416756156681747574746486577779573430152205161300941789549023483651982598381108621154894849724623216516193762709264844137127074041213477315438
1006 2061975075754755695454184064887011420565598192461904952878744608607563881630327526738145452510266150754348071496407016309087111598671014614926906557677365472492122813714993053397764075211539804681239809861691732853497909465694235627184645907034413774676724073934574355212554334754448158025465982357705629179077725064014884738240570456189703917521841267998786217070923066799087461077685248541843490260726337390801213390537415011513672506872866750271527434421492202585982044183985165333776806626226207685919470061645141065168384018558366736571379887312454556483092555688316270747
1007 7795762267553753865458998589263995478582840719272282081727041294905876472167079979462392107328174852455121090362863785613799625783895783084430580529646264360429801469860875237416420119483466273869366140233962715673423107922091933484143760550490068710008473905100608272553393321109448201533381367506372156340840197806346350081590199395668822849273049720375633903180502807892456217427007257134125170945090707724418914217873111301458162317419576180530331189148687038595801370500460066080776733898166942180890237619099022088223011435920980812917212770485142337702968040447590858412
1008 29473682769010914239417582005024136673707444218823460637008606911093832213620970604585769503496178054748859766208880075807337388488313053720321093684527105194151133939138200325697564768404304220053281658429494213888893580923391221225101488863285825693227191103600225873189303113805513589476411628546187549667138113104487918221444386743651672479324244151851200996786901288052919890271979407840666947164144128279567636158468361794974226991427902272885691571750538853903011117886772969400941949718096480074834548052136265387103291033129937086920776674605298635432419728027771872049
1009 111432240880589053632722788914964747774527247078540102297016178947877652762292284668772650481624498285856221638320131056256088503377950101316969172798652897149451038789813673619504404361879085537600542632378482090534969150080233421202089856191770980347124981758932530509540001500267988748667614763313883106916878615428840326225083260175353870778846092585848531061389068272463162365901929265445584176216813169841505488068880562039729573950930379660981757490674357966148194821040841049813367113492676115970618643081084491663245211013024247299673954257172494275505615423943106952533
1010 421296609116152797753997295747962053380388323802796332360757013243323504487510094578481680159320676731978771872739324135218383528927598850299229251161145788183798926428735857976520195804586677173646961853344580839792087397184882724000939468261616459003177967234917979565972696819009064171918859218720098127575432068449080474133845333668001947623149950555563211355987755186451601370624055749103556483930583256507115968683072020309521645209783775418871806057699660386245391673791418593384769965024717404532863913969432309537534626612672177867879670350117287285029421319079144647054
1011 1592816338684376381516202100484384320938664126810251111992294730882784862930176628839537951817386299904903221362462175503748011870593138111859922999134266994568979244678546024412115359206772987193878146169786835540877916808562288218994285681031020703012630900334580671131144574985036389594302652327115697105861106561973772605961864832492075583338076786944445164128136970830507399835135547681549098502021848611669363735492529735997373317359056764649358798677138532995749290163607160121815145542987348318732988487292729491565363932176041953035017955650440172360224706234887945947763
1012 6022046127042327785293265390345826562074497920141288555861757486054690041082276871945302185886817611306409382538132947719880862577196220214535402896312935126387107911970955171935560919527648232216189823705415328074518127411609243957401253043528208410812031438351653612870990419996307473388007069447800346234239720463645541780132549909884855880258061935849507698369363350030192699599380182040234908343455611271509008627976396082861208877430690120052382657375239147793384203237880086130363051269285394777360619191931322541442525742251712409520516197695100900162904261408592023836944
1013 22767906009264243850705872382968073948462903382371970901955889310561608480613117690782426164347536696530683329621809120013968957397278683317254985331599326258034389779686942942129640482812344008679723075544712157052754871025050314607666415686718288042235874550740399633760965855602353050064789987226417243639574378366470000921474257590351080535522318618213545709129520191753693421011595660403056809317015410240638894107599493257198651996194687460920694985037578799116294687797113315524898084116042857336245260517297370440813944349197624345286442129227270597507691774691114305880962
1014 86080094888322876238741941745537725660694745721102612828689618392129684754261329557051451450389678714959970568297631796479214339443133001461195714178386325760827862848378855962986782008585673355492028261783046736950619693572620975332039614517918620198376836246072283163403204937517699218889154518703720740229879783913139860266370737190197300852602055520839029950094940735696811104293319864459451387406445592257591752296101355310949608224131245790672497302260005943622495440231196751490408772489965107873854016018220394276347408405420169069750417305615828460625443127736657477219135
1015 325449057390899782708043463692414240540073473626181265699397766756789625357177648031824554421032402967620635243940659051910250379679988856375070251510260058835260256511099026649022332031789124333009386949842387924397381069021139767843030961018144452108638205558679117874755657289255849323225058415821016020039537643591374426922480319328666744854340310934280655795505168370681919350001342629510734495503134846484693147969272269536332958094113397614439502963838390072264448067671299541916454234049385062349399971816808835910072476620400669350802031896810112972528301827978800738245660
1016 1230449889258431892018304809193532274333997936331800173621667399149686862210986819643928338241805534705850808262518327760348621839034775488062161719695907180866086077799059832235079458440837231531800369690071723882066735770439711266934306836770723543129125808444351661429131081608125124527710719529280393606706980422953500107267504166905204788363122206795349103355842512096305726229822177889213913514021377689805830676404209842016812024609077502560738857227096324547144693977299883133940375890741331159885239189373041564065222729800612654954266089594833611767441035578467271295003867
1017 4652061809287259547292399598270242027764111071413040968639225238164772562254488905780567496976812738399144492225326127666138877248192485641274846028709550523704436521748712230493174430578378526863532141467808238649197681706870785444439672791562236408189644989782941701038625984936283445663380240423269820311730218706867061917996181677803809867655497734206579566058538171884015616567702216516749383953606502603187736868762322250029370176294845745897999928934817002371873255147895662866833806067712451243221827249168754242214466529916081744481345185796478577380344222369885276778263259
1018 17588453347953746319646349816477026147422469673477888997696727756621217081448861918556071343903085503933115287597538128946600094059304371298784679248269557265548806813054433634720927892788049483349243312211003568587011598206766464900917223254461429316900443701831569006377797914080895646582821811752358852548386505655011589016939524544244610084973289659217243127006869681531331502541445126550462351457663219433549641707328644974872238740343920200442890198558997547809149682843034321341188999051175510419139028756693430539870955329613436441608408814763422133292226960849723598537918890
1019 66498286516901184196339121533218340385471679249969447933878621713327913861080681708199946246432353679827257621653061264631906211764643976686462845583771668029214604387400726345446678079459305319004431319501573200607117890471257726530195957686558886173681627484454611064795835539246042067995689835926597304836318374270598099415841095379342802256363239883157181973394304014377163440312376912451363719977904160910049133379035036924636649387170967298267452020169199850252314911032941003174438281648954504206464426862956771361454240045367292535082497237492197433298769898574125216981052186
1020 251416563600784645603218403597171444109051171026192388021796137306921410362092554093688896414255685989665480782091146833827784760529077238325647872666769735341813679102264633651418240020049093551387747535832619876539405742638168318786423411061004732663529208624083307460794601731821552272218944356034016081066249291560282700600533183629592627647121869995920975017297643683824393717495938714820078338272930359785444250427428029252147473821461633165834903475759871684373025939547323641896052353015702121404607652434907937295719870405197294277022810686659592033885196348406693267529573963
1021 950556516982129891028631733994938829019808591204785937399195293554108933609542965212312765874974840737340870754007448803150849921036038203485210856083636784181028928028015386029851858378375105212741027938976989630571261509503974890485115653428191877408858539538628786810446236144818353120274029700925337631267514232717855405002018551702366029324423712115440679126770088732467947403477761443788678710936229158131465278426552420209479577554980167566282690682601076722779925874456662548630463722962093810721718796341857598528389586503005583846034966089688181831100157013186790524664619064
1022 3593872176221104779361134847452469831160094756516717055991176560573996651447216441230309456471735875119272501168994842979476021238915794392641229704514078598914930406944554193545781555551023326499831656731014624558609421071141848264306088403051729727473432978201031975023084281990139223145286239092706067070894779225842922431261685561185854842906860383297585680404932406615472502830427970054254367450774813898242991852228172083963052354532775991968938482834558114291090359972558706607094609898275360836737815663705599226111413562128374447198193681715789357884203717306274541153372701680
1023 13587762056416473942664746107606442902563598514534408272272887605810134564154209162792149401752112920831699208074343968392805199495251430903142369456259922388547417245437182259017474255957552453706227219514337839190122471323725108130376172505365270156614074971900585424850143083711861702122584097744397161453991596445228263758410777765526770102749422507343883107861542897886742186001689417957433875392582018694580783440129130640754400241633357460939856985863288355420420873083316852186519579360589145047653343100193726817531645852117450575562235117049453100243261905255998261082705454916
1024 51372873982334295491865230546878254927712738055165748159043205654578810636978909909552773630311304244910636444131863485680373321113925278203129765015414416145765715064926176056788053223732145091044955321200747184273314680859634774716465797172708549174745691389159373996663492182135990691886452902345080969498270204268576465101324186820340226705480642114281494135701079494955900695298163435026778899230314761033852870366588058946301377777694188542538892985162340132683000626841793093157411361050404602045621554713918168059801590941550597192117194633293296573434284492294943081960482640434
1025 194231835004493465890576546036090077455853714917072104439600882230217132858007318100165600639252686065095638418293753967798772917975563052535949810268998933091955246402671105614749728633547209154704661112227084854426503662600496268609201332516983056152577097429229099736556279269407124841764655681737980198498661054534108816365718640759038204947553327037842554775794045413247252118736848511366434686089166058792993644384427140006856585824166416975826543415295243124399840731191371183008774052019261789456641742840778547909675731335950481286611596676438287305731653040398747457212176472696
1026 734357583775700404914232093091057725425726324782903750615356535295494369427946997538207386683299413358404884867181511125882001290419606724738150318686095505117743460219884720953746763025291272800338712420673278350826209278984441737191938807090877195887876923641829832921571331634132456320530119792082821332499520696411322181924586601537627134074214338646635771780944089307635007064875868255134775714032844672004971744614676589993714399651761955666241962423664771572126781651508051929053938409543414106638056378932103027954097225745077234096000180332610554794477435105088859057566421467665
1027 2776485273558214639017264824542412894551112098613966601523682770239944467725431706548090770729241445615735355175630914796754889464402519210088125351278847449260357035663065341909589673395353436568843403876292806929480292845185487652221100650145958790878283181854402085803949909688068502536522764952041570095997784331359319186879930237947937451446199988062291850972024190077805246383236624691714216096120409018558420209046057953755669451075884530294979857729765944985495140561044870808874806636468205335402629545142175400058247788035870783320214719557128430868552593674702905739555829260689
1028 10497449214821184605809723620303458098867038619497631123790999760850883697177139456435972956308954948729614651885462625739471976069914908126405197060705416334149903406273506906284832574419899876784321433446000057005192602839480329941249842521426453886493795460759825704147111738382653360336918935840549578215587781850825107100643934024274118063615579370266022510898336653972631167017268194126876122351207640685636688032682107130858176810304755073871011915897348603696546893674421864149906492207623999468099913585714599371515568914169755752943278437511555879369090170821271851291947422185268
1029 39689242198312185190962974972377802514351518831398420580957578174200158828299337264357274194983788328102476151448309465962057402678998722050458300443083852743246763966340322042216071231631144140473849282590192234462212040179447014170614567541825626210829553600154421436513014741138091584752914013077016171700262624054617468348370181734292416244096085921574418689786875026508934201077138720580770729866459643939736040243291118233712220515892104689693500800236598358652865672166849312503485340136751355332859999329679562358185830425723885097839857205460826763597845506325267849036388175355132
1030 150059137827091959402620040516995966899553219026839779281906422325441679708828252300494938326890432040774586817677756603131152614361963116733495033730351424693995581697772336561008474050638500384076033499262232002957614392782362072967476971793167382337507355094957064766327721878111107880382777063272724431346599655225287458611919202952150773260039902133780535931342601092050423185007069735871362448244585429107326377321463856528854857062499075899320947597660676642266170979286901957296613427530460045819076817840065648940015661104788430922825718814016513087056658305123716802373493106673476
1031 567352144973929924839714913123014662507109421179369832847425118504956375074446992655362827417631825980706367662260670008142213061549239749876831329185837437907269404226567495865327683916688243820325848295856939089036182686832098916958672293421705982186610264883081235604890765192614976534228557376850280386599660909233308673118204630857435547155235585447429204001073891221053264652664498612628458560788496731932813759612309376837150330594740830922608533497008361060099788968099116454553122896662717313939163325970205052135564555310978757626581286524967647779226301961410858894493744240720656
1032 2145080369318310453394296358768508661445778659659424657655229579378547203563846580977321330960420903349982998730121811058644963934913427810222497989722981100975041048055425524454875224757850350390945498198171699615037287424582451012464770366404534890220510474115855029127572755594209339229263948746153878277992550397039212546083001163600517715590787717989963566960245285950147124830769006850606265768740825980684278960507620866667097924099424783648355092374515471600671622982166865865359697781181654252423941136924217604523867934850355592376036613802037713317192726027335844599401136838616286
1033 8110265052111473146420387780188886454539387939695014131017740715089630605641066498056965130852915875127393961171056118262675581645511881272296490379649090556478487561235698629984491994034754046662941921000694037292677078818719607039870016124610374613315981744039471141450710903718185548642877180469070232590153919010052887027196477043047406576485425706741958652779504355477610772757542765997663700663395765275920480554530605311127422352792320676711498708372583938667843779132364213001825293803523234005789174016716616494491608912761908507133636403259788653255219721019242920811979441178150331
1034 30663882178099761927442076402476353669284187326155752208974507949576794610763951172489904939023573368005552834657225997471991052029298151659452375822442693565607166272093057675710735803628640008262149795283989602316792365478120899989416769084963778315021548828553398448938087921231943502315394982838347425155422775983643486746820453907104231986715823010847149410110309190538335108297264242455176954537115866199726092947417671426104575639625520479523504102242495807869428182957914295691170126528383047525878795982818475422932055216006924098548125918334149647973351689977101680533491360782097994
1035 115936406986081784291352011225319887158841319961327924130610146682463737197622898361055040782628408826454557141814053844651010671959057111705678930909299120715684989484156166691827722066396595037552536044368528343989713445046071064595108180012116532010102290368222363457278152279752590810485942184470338477065909190725499032650203285610305126623379266321489149761275066614282575133136229321972954491086526572818131916937981818246768829619952222130251047046476492166180561569004200160762016857954213901231973402058451616548619802339455050180784590218196830249082668638902068684181920734965335124
1036 438342060352054203935669406609556482206210037331588867151555528018158358958549803367633098059567627096214398698693514685862975244203382231016226418933691496833798729677361911967754178527200977702201616836429476148386008259197573974937052383118197328798781595371087467292053923953612807786645440362186591605380717178528611464090865099396648723944088917889733955567244167168399282403794410887314615578611460264236359972006745837616405598003082537385229136517163405398071682461404777214410562668218588605948417646649707674440959022503968944061443642574886411213646120974573891148412102046919145202
1037 1657322626169990727938122931208613316456307385335436829627376872308856274091827704617143665202034882674454289080817681843777049823844203489036180886750063462128131535765578731769197597343496808613333817808916586037710876843368407087154767974486978400327858896514253280045956688919678160247082257137736563115976137354786676939671628236438733061119125139352119494446157283344192065651725537761037013058026193894288141262311448573082687893002995912331526265436227698174581073528296298360975092443803335054941051517881693854741826411608265137597381216699970606690785071947343240007195456292659002684
1038 6266161448385609838793697448333323436402679479429625432777543602536762919540962140030115276759698952100324212465205694190931328290533922120220712298921222433363754869060115557646532768021183138155569895966101043494755571419931278780224037305489537233390278575785966660922538580302852143844046766391320995660790920941700179023675570000098726867201227304804576451113995203240074301115446395099866545088233591869884486084271998982541007842617338709250224260425784500095750515451528706194223042051031117443604198358736169032443616412625860456035095416729883452965807418563191391883676604646689676969
1039 23691726257085753319931563743730359915729678547290703336629068707909914443481348013854055604604247679211286421192174500180046691250808539618687903510388675032413643815589692211304597675914491691350598078362355867022291413833506219068111306335030637756258762637404900623584890622150747657266420580984614786373331152820043260283517037096843225408881755566440436217345035782749127973028185565465812973346487695403793542316477694038276957113919576493602849474120912792844341761702545247753914002710394844515324561773654595909060566163456059722733540450971352036435801246108927740778550198011117361564
1040 89576158840653502460875380174107483890688783238097829146736090210784436701901469944745752157883997614364785225678924778268498046201231647662429484582967519327588093310330257816191905380806106414289887455154442136771248763338322018841775061911859940571788027238808086023601298521914911318322475766831478897159669395860196058790385048484244147234710180954392590908934997012920409022901554117756429038510062310946736936414941332922751844123788301110117638101264152622616934155472770120840999732943027381131185666791108340989521777210910284736886079585251793252228157657733214640975655784921833863246
1041 338679388619103735503409268980334167935970097834916757212954676130893104955252315009019492135336295698971028134120925352402697455719349981861386759659761636213701843071583490419019767200698735828184611129846903031988358302051864507880001542190328809480960186367592524708303062390548389399330232529191662964376863664885487786373369079807114981607619196674560499185446410491818188750505718486120498221561153290767443347109467785873348867516762442614079331505238506526207928349202663142872246777251728634737344472092745470426122152902665919331013584817303681942635833245383203684714577366739950870721
1042 1280518037180098588687046993260741486304368514550625267652908932413093082924751424330971596897634919982832530567069222237867422162670363603544280410407942970899320851800246183411213660894654352186436375990051271782518308425250676281761162330665277462719082396000358604985437789485593496209956683459405830944576836163921545091967577403076300804976241827871761445930537101383263795399155731851655233353455009451723276929705454190769787801330595726004963091669171670564811905637449807585597295058218533869865863491517733950053446825539992501695654471142206505329568086607499798789868843393266427150132
1043 4841536759219008042115183931944599572071580045144937414841360445724343389722059580275093945447933648810533233534147100343583108578506615048044224797862228455626685685519647160905133756430612276487610675728853412339330575558708119126766729843549131547848553373731697263106469189397911530689575732977697472946936074861381489405072095847219744532766331227162835357557486345034352949004066706794203517153703651663303501909711934953784090260886863053659070984576981190065640932301973869096296953726179482206533715968045892171662400372248285988385601025936785370556072985348642158361572769873798222475112
1044 18305490311036408094931463185687104671410936803903537520425780020454150412317055246038574108596411285641964737690637272983906511414140508116831459307409754937404806346740792090853049678263027977814723872265895358676299842193157178314037065375860090534422677288058970813736776716807437720435119836453254289142620202905998803944888284273135637745063599027199978497866950365905468100164112205663289852329833067643477016800518513882572029366500325341104849725926173318615003750970858127831194166001081850458119246561114211499634767294636097738360961407845553247358715003767792403077248774134176270900169
1045 69211792351002506267559091513070197593887367942958230013534421954463615103333531042168218072155545627194702547040340232641482951693300757006005553662763305143412437083062309761956530840424750167450522934587885040608507302272309633228967553624637773984311880415053128140788518693837472081363940385060213571312894360469851370488758391051768977513061326093837409061791925491223504099262507273197386637194336898875180171958891764252271302848290975956885282204632543632496292707335822625459133583808142517192442556426655171411478482277013970026153648681048397324175302921342308026106449943489037121861678
1046 261685357839379335249246270700776122827544917333633512768401843768675579927885706445798035642965522441120029830684816484749136276461580542599785568770874378768018246484515922374432426792565137444067436390076034581364485992654210370822549681449228843644713201961940538623822465798323889792298540433561651135577581515426017679422072757177013206948632352662179924344524873445521985307678085303811857922122166191708853497284321786054207372020236238505198645084137288834973376691793461463701495943230428433006466219827045873904191359227353421234402616309336158291899433323262890124003623482494759122188651
1047 989416948973803668742742862069882279016712365343454206271399023327866734816486391177703206483990230869207329986038347034122779540804295994534343178689644874978145543150685185025165670733574661599787733970888182392068782785313324094514926640607015762789831114367895570108298146964689325332293804207736023969367825639212548738813793385744096073111953590175495493093659158478449288127502446726068559407376010435816366281485212618395075189059582268544235287583188944243666818207288765395753610691061315672838088718804651989647423682327220229128918505655908191897671008507101925982249242877388724297039524
1048 3740932419667492920534547108046030927277790593336698488959505463538422255441266928520827016897675740484357078449823391446569775656494732426907830191449210100317490693678727152017956505870504485938772441909054763796083885244857411174820107528788338565574494343411975754384946154733464379962877910569915430877167575084189377919492642224463320567176622185292365337064928118935994897474323253740824823100637372113736552526973490722907960234353047537631733061786839218501238254135301323004627651501235124856214332229242852515469712286606652444205731596973762076168601508614489228027801496369217607759738503
1049 14144284168776665404486323305626017311634408297870289848392435619537269590364910904213291072442124774468770947734536857240687533128910397149077721601534209001333342786932374344965973219078851132560039517952979420684387012928323182784204206030453134436338599877849680353082208879070520177923341830359953049997045975964096939218951701147838980886373225783334982471010223123660372774730893735775119809262979357811927674158549554105511848824535939317329656310382487978737664578523035804200645429377946178898458635839434121910220569957397978763241151013769109223345030278775239378121295783308210636365225578
1050 53478925840593260341172457234675245759941859326345878325569436482114529388887428607600233987763564626723338090228691404436557320590878006891040868465229765585056102120439462651060420853592167679712423604870326081058819916017635404111792057116925764210678600459254950075609437280777708703819305919771207252122627253866863926926209858763540213285312927678032622974635927025624813003866615290178435557610560866920569970437075362078512292134960275234375005704020138757558810717145891757893182450977805535986136852627259776845985410975462567534930896447009960067049592309641359869845114424092048425345279251
1051 202201777576355230520802694001370090522550185976683079012543068371290208841796756051884399076062494877985002845288458611807998151667832774059739842087666520196182408648418017160343631757936369734727555883470363255845797881503273836338369906987275931632678116187050946837449181999548425987045857133293115814389140671570506073388736530570544070222172851136667761514098270392214815857853971029474368914138705372124878566408132262461988392935535638006957406141169799911100081387089520555230389587785136220249935080904308321713774013556978828451062132059341948840796135258832494220846918698341711442137579167
1052 764518242487558633199417559370848016827343589468929565219643258484941728371233450647854848553273688066332702479171808551178761060551530815330160183517146039028057504061314250454371785331492565955225544847684245390231472545155945932036842657994362302441812751356295739906247139455813658986989168428277474999146043132465932107214836728090281493161760670823527294781029169140499013390712574425745132812808552487291381479645861427564597177727547832988928451187309854611645405215415169427859725845656858421486328331924511393358512744439122471053144406783427303863682346760286327315185529768444087518544059640
1053 2890622142687657206520158999526419623118843542773665627129731344355867003432626100076056480842149955118954250412605677640231151449000884443320570265384804473021044513558147713816236746051979176086289069224356833627235365547999234883614254330218360157398453449179673036734490418712840071498493126521948595267836627215926745638998140595050231483935723401926498604040161009050804713713284169551693578408765549337489798384309903090308372138037072615728079397367301478433676093138785225654152143885213571970489947065573857204785042443073913672128431951378292811917232138484913855031056984510060095951818801504
1054 10929376455245794555910307723021324130042300154375325007556682909313677862746583184192325252246268973316836801973652395894517398310395566422604173609785679161889439739306274711932870309803557851992328604488049619412464592342740029527387115434073192985696585083430399095919615168099345073944376341955394259545674153902035876450874313364168308638359158431280707748065188087491320474824574899594056949533639474502756053667902453736535577386904031340594379253362317768473553671335071487940833942812657085009049984877159508011486253144165915637800311247047756872568910135690381820293943427342297080836791960206
1055 41323779153261172452959435703882308943412851756197869039602821730074332413479833157383675861837206256878223711222348031824521643165822944533609773152422999556246497229969595927109672520177479743770800731912104158510779678359777131925096354950735746350047971867232678910952385791417113869551156171373619915095695665020443113067078591737985862019295887677777204162696123895405421790920618352917372808365588927734656610141829232707833194144934261309902033739811479727696428535545294817743387994877897298657172200596196457306449258525211062906972563205387730385172390932494827419634739689762593237656916337988
1056 156244689036946147153471444334208045163923760388674304115159937019083931207420919038583214170297730238816761073076138715780302335047158828748312568993761545970134759044581841234235056943410337290748960874728090624383394001843549592893723221799316540538349526865592332579960924787483007330114048644178591650688104725649974959981261671584013038158422936519358239150626120299343306921842192700934186806630478520101905021139295608165450308476094622746621618762457291971214536628238618596439946397624749349068402906913617844767335594847073361468730523171579563283909277855944003223822871988756159192014877518391
1057 590759998258079663430688970508426878596795624466314400531453691779940412519044124112001439082190226583477104459234898759176886157199661102600291452072895988255828503400698362187822050892715403631554554445071656171564472748228531101559194825337356577534073265933209788362890065194301895476071574185901995217329945279853427188813392945110942110158745276714622912881521098792472992478573307542700250697068316217628366069814974362162717748190310582368454035961751266316724434398429690510458898786639670421371370455118286005192882736638236117411515396851366532681233194110964088817366263245303439066520437074623
1058 2233662125743689592812420707816505948580265567201131252997202218578938842772598432761090331652285895036259862699864432679432745623607301671268024724928072095068624278577162821416342000739691071544402538996754994726738926766856453544970126318140553449891294456504600001513547350270379773886537429559404638584072094557841885338598685226084233240819233021627641101940149277097174730671364851231598684263422905857777801821716844940136380906920230018645916742110971748700131693475134267539157752222772414116980936408526839562501410130556970228980880803481321636091232621523921484092601641523503196585768382617373
1059 8445482420375420555791864747546972893744957186188086920508021393915450433994941311601261971450324565972601730750316687881489489011802574078681636013668323700699551157990130256035639872577277892733205991534332978092741483852069561502239497437353424582214770249166437540879829961220024221917871075513560468973990491764910040844355351415610140291783747875998185574345186655815590352829267200238152979658337250313811850384820953449388910604454922746814829433185956325815622639861994996703354101173680636654126355241724048582252695400877575257164723095014454726447848105870672938188673185167445117360964257722764
1060 31932434149892412603190215782291832632744055796876135503188367118697405069458099802614475470232363351706795991334651285672606076257873196011178869048245573950174356440690599838644966907691619633824691388477015122239092206075471208477326202282566623952905483853473278786188583296849471004028176628845135413521118494590627210821439686418769783532202858243126131764225196928232763078576082592202164369675952342510469222830353511058310661286760941182224450552034753238583035015510492282698693850539405605298223475193959547457724003949291518265520071419885508078259695783268670535954481828171842883223566170582706
1061 120736940968678354728412782698535164977645715323452963314449553108320314414620055957207725782427395366903861859155951273447760151452340277182666156002937417979483737725144641820150157100220174143200411013385039923234246522833531128937972384232396157971071048323570227288649758493280713933669723669115193934639464944560498188670055602398061830029350960937496626580948810254242467827864114530828911282950532307554413998680762661754095189867617386821040939451755842670599028670288011100828295922605036346696775619461182743792993339892450763171694602232574117102460361538044037210944810726256857920907103176937724
1062 456508522850361791946727211366707701553446097639133238187427956346168973232392224438258442680921256390282677936041819408349385280196654332153646189062060355549837705971244547322045884574526117653590980836095843533896733772211153294507629544533682874019979864502686775201278680502377337524628669126129990903862481585038806939314021555549633747768160345840876401946538561249341813959443154718891166335209999518544471515506803607124801712161127860098038826868964774683523101105096847724728638629468779271565084249102653126841562113938717399492347609410639577263445826805578239823753196236372589102343313325202628
1063 1726069146837908634745583449803305891965766084655375758874522532992410605986154354730544362413745649207413100483729308823474569717106738956418898835418589627030367460018168891337170996179352274723434213761055182744200038230068993117251796971163989708965773926563786893096603437934948084646392479921894218601742754285788971742021669914117737328705704485776987913029227770544766027086275244546477512183841845784531179400598679495532579884601273646596705159486511888485753296413633311857537933381299393462473439906880703563840330468849280514849169220761906389141681618260198079584739308155347009565810727341023886
1064 6526315516032629280334204104405132887273642681522969945667702961385433909698513626020636209752005091058594972728531597224618771634763674673840735873738624356243337316448556186369883318485635387662012923575073187960749501091944428510686698035834333580396986073869871052806849742273738312993887971465162656171685119360270431345057341212342985722323907467449106864223259731292261131017270910886176084668705097906560157631731276965962954578098034999534428361755537688548920670011612450537410106465564865410059892998107749978734593844763414804319237917816324159659350256030505515979220566097483750771317958529959800
1065 24676213432854868085127608042441220456108421881201082995554230040871878043874528187222819414556391036745030395421366559681124796694755225229481382298539410203232019700569492538775329865226773188847473870765330878901779112189123188437552421895936644643303149169613881615538376256870684501450346846752822800523075423542649032225568268160836015624575858069988449040825532372916612257983106227061644746963530784060406406395769730475630708014833937832937737098386287187391380222588260516771289679885168371558700537736779522686428811586702689210925316172546220037416764861570201002117519669633840019470146498443743387
1066 93301697325017432305366634425844214035211013634294509352305208134085514100024206436614953430942063741289418812565745291312290810307187778633635818802846309527825741712644477891759485797937494005956699197528770967390099668982813320429656979128814025002697639673578288125661609435672929074437736220871132196503108231425259529414719937539114817315386080861434810258020648008059611284844532101458174191396458870923472754445470937625518390514916967952119100819028070487640185004572520992827947615137274544171237449857297897811751168339745529184230407783014818757078002468637664223484243658718438630513104433874690439
1067 352777716160743733909609872056679707478404135888816499268542247375579570606381250936312961505842924667330606804418770942573915757973706668069143354466045145278281198627785872211286155732471593822131537509110678293555478126691780035580960634865452363322556820366009557281501059289351742948295128905764711561709115014050449439940325982947404671876734080987311787338731853165848144314466261367266031559814025290504684045147595580517537533869876749206701216981281366348341476174818393767689072716139296732949456183295482555859051000841562419660219501802100723677195007910400501276537303624483935881618632023964840488
1068 1333869421564016477211758393912727139486859897922294955991768024210741560592663236171668262714576059171342586124494834569703552084625152702294750262786657605767045417197470310896113397437081056459511603673198969961796400208695241291142522793240841933198305778051082214859409223995252081684867076532752568114751820435765137065978624869293439238341109549883570669566934388141594358314328520443475183715241135915796699073903411396571590342450467553252388487715141271783297699798398346283705470301059722377172803609721801844587230801437770578098284288820552822859794299961564959183418504208253748651826913139418436378
1069 5043430729332948028121129699281791134903542786433615572828809607379853894904072134471260176501514563251177545965936174657342828962359743077837746041084078801031664572750388369493790755018531628225562211323440004631782680083527347756009544517016052888659372944704883450185066934784414215972668423491124223799331760517430043612182241745070675428240983911691171900017279760428992054734654278552636869338869468882390406389397467491518465348065895968020513123339294705455763715154400805399849896410500666643797518052916048873056488532413875100803532880406365848319819372400364674586124483515353416911261731347464117782
1070 19069502987906669800654876123161375432861177202956368405792637180156336870227814587820336125586929318672869202051028922049388093586245041657618634178155659029182934546452273476480436309736552617875202907468537754101516201160322086977240565414206774026392612130197629152100802884564290695117117079655387619085428341986508638965521685271975956743249731784689276622585801704407905052691193908531804691249623781737533520579232856335603179087708166383214142916569197863294122523767029089700895596272325791096539689460818694997104564106551292982700452164770150745861013293360081989253811584497205922325019793630600685656
1071 72102987094792081214761056495115381443254231961432339388618934851671403254796791364238619651365376484387219423152842547245613893614125959336659878055293800082103486141047062092912733422228471704532300501919856337052512921185685934047905506590687658260710610563589329707592355775061812007781909708444267234294302284623044803806056116427526811625595074243776285918835027513900325328539647780414892883696497008345058722332802109434469328367650050152347318178419769944978449445877289557679107567908226654610473387040581793969373247769938335688596929179651782124911443474087219391112235050152355569767396717546619228680
1072 272626274110696132868390406182359010483107558977034163066365459269546730911420430887355074396356003846691274706930378846240470122360375253337555011913188759012040088620883474424581837860190740074149299779905831747922520016690617982474773097032386047578684943446047021910703566873917308773830795200237898847335374819802310809513526265327395178404424505275169389037572637569301185850353354129640894244636454222916217283996837938971765935717893489540181810638453664242211002784274165888906381085083015405625265048172532604274465728007768699941928673580545807412099598016682971950657881273435478231944232751783719260766
1073 1030819739591118254966686513152555857816920103657206389724702681598190628250329798607974499329788334464125567317371481368483785514576009086180495044928990353026585366966061401158802138238739964988612351777819985543266867668534273729716011181851179620638294567884430665178447643343646166583100757369232287786704584202967154808256359483604484085848536983055054615520128146275563049137707269024931193351728397537321646989882467819050544471754966641655330401991979857864756820471588993395185423218001873201201927218633955938760234361619218014962024331301280248600101711728546605524131117276287783469265480425941403068560
1074 3897609369533241022756821856731860879199802884255332158081304098659906233172808896172313571876950647663183262448886314252671442326114333120320580184405461475504743791201455730994017510010900059755669840406412182254267060518796878485267023946557091292030920411968635590641818865968949689605498137823997100740180054177086868630624085216105346426691977063886510672230879853324175891659439907793351302963416221291334182021277875002427684513146728085851935719098316268992913263718550613230668473552879585882840692921547261980412230716701880097067236267394514149002611127072842509152664216953466144545022484268344478055180
1075 14737182433900064207137272534829917449397384874129923104545632050417545852048778288086862396672666533124702039934230246122794340988388634056699593764779031802512298101826366919000982978758808330973963087075765700941595823038123135000745088415565740496888888922258019365384394100399668409132064173018426429092338316823225263265837769930989093386002109764794474995121370391365157895773545492861366820460464584097423467880492351084289716452176357841174184952299555497233817559936438665342855355090157261911546475578568067059479326392593838254256184411116244658182304181872128802048229156357114263035737219752216854500738
1076 55722574402155855912337106483316892074321693346468638267127111001185359714333104943566095415032521368793128822692659981262944027336721135872108400728980945462770042300930235906179196744028931047215859296374671343245284351357121492813785300906576433446733422948615206044936048449594174590202801923311443995474476498509563129162854109582074649802429803221787066126611773484558721803457082281549968778330071080707496766666222327511053305397287249587406910905812021151005434084570450824056463654479013123767314947776925468439627335424332135904308347985161272545838664529452491650838504966410380698473210255128456863853387
1077 210692195472580861305253178105455214365718541220174894733775025044989474703081520061016097727099680110432331738955609728254366054671326273508324823115413957602395990922853724829043845507784855178204765665267271425596399333733200387993639356406785653373586198035810514202648717786140231882459299565367744489464384573912486177097796165767644825293631405363835167104229154629754462259776362931474268390634283371034754351951480388795853755743574908783956950405026938606801717772366112846592424582040644617538758966218620584781310693184504585895591624491913303107958832407981493673282841250055665572218179016220459942316020
1078 796647662699466088224446492639812069809875869983259520233491922010329539720481814850352398422890189285291776435319288005040412574192331659702362254396229301840579665463629775139199075903455099799023536259388890394657848435495341771870090896458536625574305998444870857778690205591473815376195704183308750433296008118085765110791518493451912441703655670569139199482342117385609954717997913390026207335665327823378395048748814043666607728882995650991452510578678911113674728027392466340505101953649606333702971782540534665098397855306513394749811052437890494732362044682707669027800669457697957274507529276352114543613667
1079 3012206107170012992964496387813840587698162121577932820341220977297432051628240663166364696109254395241060741524867045426726188512163489091274954171029717621051011468754962805358758635084865881353138401642649442451890949459006390165736585792010478096173648891920197522482848387703792374411416924089209188778631173286520398975406384861109542334501779783662282556049457790697600688649797086570544566275502159892213055019433785204857352116915657179309639790613214873956228551185699918010215589401507341368702586153530593626663475184465368757184363067745049027765993554321467515535120774133071510982700027633760497132512164
1080 11389473352737354714940618896383632412736346139493205255588012993597807398713053694050536008998789127299891127935672175187825299680379001275292680497753777037939676108941159849083529206755071239986997018519459860785617369695094366333055100477190434545984478351841850302986202583896666872732301061148820880736578691480859387370104451561773515001494956095899219448571506164419911043602569885774978903644295083274286794172092912986420537404878776203615375397099529799017591734156941452278637945880607138839172013071730411105317053195412506390889491350043375305185749349771340591818762733624681148918054341388917281408220319
1081 43064871894881369321443034338051971518108875406902049474339580302591008314035600074004083891743122730566445126007721781278682229308629469148539171477174594327746951620167779359483017102126134488280825838138491518769602137559886849823882866290240224378591418988567115008957029455575864303671457980450466139300601151483602097000258821432113866367323651944309271180375370921540122583020600108613222444929494983428005795404824808512185580056046273448493364897079992455564656741634091188127427659078627914591213318812703628136579032964476800484003981114757187908621662582588621125110914796002782538910003526397538321273834325
1082 162833303633207820873724720356969398536339454777455046360398105015629704437963304686144439274373480039675552622082919450898281856045879986135666330952693664137858038321292454168805211601531295678974114835444244664961365532948936333769355510307899175293760932091183624962273147112447679141553293410998890659345543104143055147512915417350532288035513075870039020445320483087410247992576231358864950538210304101807817657348661187671454471197196339946146453964785403369404901558962152969321605508040999930731211151491855415055774870793236026645729817310108417865975500786188550932622556803214835001135605818564876436192864404
1083 615692502688600546434647102239160236276996641195230051098062723467029927453247585925550459644534609322842339873727555873571394811559761108143006224391078626361790767536898163311807820099223254684173944051806548942132732733594373573212586598342725938905226651855354225493807409263389175588042799887495518761287018208443992631598973276075794141237175341647143676225358129634516671727917594533182615310584707834599926711204232994128510021853742195756788294352515240768966150287145863685794491055017692939818551974486691412271387166940870650815912009617963974955819343141633416521685455275603314084224860946721808398313281107
1084 2328011127700082948083362409391395275662081092944810428233486300395690202453777110720606943399727305486506888950431092191908752278539217743574510963591139818027439758082922792051669039968197220272477920193822237561545904366999592932135636330291160479583886163623207131451791226899673584177118600509051958766851118331067894187950029619873666518958391662714598921614443459018781311831536983111537180322318893220285129154151945691481304258425649827877410438286000131083575683089025565120948368124181956198296947341733262965013646955573414270398858759518155832512691135609616953236493765387474945949435836061684360932816908128
1085 8802515391285773981598219247878733765700805763239729997365357097107278829436101517769791408361441591959215188713879837551420234257662173426457737982276557786698888282934156080800629124442194906215083158797645647337173386970518099543445978099759837456214496900621258805976365236056016050909459317277748100615326884972416902758236985836797579746308603206666707585547839511049675627831782677199594677530882178731399645761882336828480022527001437262510593116167753532186036787188063385815480292723876230448467530732861581376920872958878057565584244157901663251315307370522095534140541811370103152795505418720163444796258700996
1086 33283507562267001612140675710732517965621369230811048003537096248252537669182116511313949350268718542063266735677096579554317352414485139284729186449373247831857932334543834570038870805086709646949309238013491138480949976975859559308447868003390336011006335394661024026181099339879163651916428558303521414592340538315097285722539128047140352017862425170582908058947825506136757759158798310008662046790309424873864433350065857511570220857635580854388606818824750808607037661648963524116930843112096227001371009377702535249721435574849262666845833555753275085431145175257404823223534448392848245324715261102119254636717644961
1087 125849627722962906098024511921524114328826944676397820747935291696708681038978656051347298278014552581046603610662916261478329042411570173435538414438208815192571262637620280218610001590646539046054797610389584392255899042326519643848256157098266142827491003750441324322079726671488096986961176042874801735606072590586627775969540106748819512791030174717653075011960700541553247310315756889148679510091454013226497642238445150615463161968857651577554853576170372734497979920578626335063148032156347358574654184307453759407481744142111804187363006309623773560535560371475702574990233034781650076088003445568630962499710418310
1088 475855763733298194619581845280719743305309406795197774824238592421310887070919922361053638256092774044469624262125472467892063703498571725016110822707615932317129263463833299091700948777536086029582831609422099107712802385511254701182707138750273475780051062531037829715287939329350355784882142574994083927302836797593358488225543182026841940042980674474497804017120818134095218736298509753099598678017579769152501466795328593287874752381827969815208402781716735715100578467580977711278774325935237974759632288303248959165825642517985162760847720396956973721502916892411580387893048410103345927179113708227791894361957140993
1089 1799282198923728383660154727138699152255267985008302578345961312573332106006100703573343610317376224409174631920238092919067265115331325994634181348527996825987093385446358222605942896065887691458334657763343183726590160308663154767463519984759983299427764179163497482158603140038435525980628381936996818903405624877993760799747823429712060072792931000539153504120906252542333134618385788973000982303624917276714998650397738964684866998651028828999269655785595077259014619519099306361520517284527217583050672489887936401473837807032484619847243358950594742614991834073840757130718184146897352289319782656693670808869728482157
1090 6803365166902339208953906752391915763176244732649739494341994575464929048879219442281472901928360316966959313342365437736114158627735106018931796553828909272860283107871410846491041918909679757860465684367550909049380413622908495172503512412471630672332991152852207188328578245443513779176833993208991686052281438650916206461634461318268192151310821622916508816895615710869227936612348681886858754380732503437616469503304537615413131806886798631105998223511575617564689154167947659183713731825507647170508561993713342537790060587712565649270497619119130921817445864184504268094493775039766830331241439551287353172451285058837
1091 25724611779531017340431578321406332915904241095752978605274635044410802285357607701429741980130327182660871561898499430160691750603241571677392480042265180848750375612054933520724406390162744157705396910989328785506931975866650342116938519620730790155250540679355710232043797173861552681570880598562198943445814319727856185569816375464800201326425297571701968123859148429898165359829583617839399728972980191969246204678301076010794916130197813820434954235874804709005794213648604203954993857332218590673643745937037897896620470633920247592658966145806293477927402978408762961247419421266991977863714060247520376944605949639460
1092 97268993973045640544147593213541824273338216226888194217326034368634178739890931384321594352234819379222626298763313229687530428805957233887975844781085766361127065420033153088681408780483649518373112088429922502564372259020300979832201070133055220287057744099681976963826567941752948830688056021547064415466909384501906374857055867217379717100439075096074270659554065193553602879302984258365713188233948302515526033180079578993759370544283670457567014408445142065596854710122894514667647627404831290447298246786250252928778808881440127987007630511756169811466777827317992044511620020957462719788975743113541033405581277685149
1093 367790549168446045508908523610421292650961225925054933375299302834394081161775945054615987449300926307824481374962262635668661220648710445447423214046182758206067218430136026692616676604995249183193963981043872966447439478024762169957696648198158187961756705433234902568308472765213698925755913703642072564470126879704622948149011777095354401237777793719292046868668456822479351630515739232102662125801008297335967835233087579269437409891379347285781459386230916186243842214155496513620458112180545410133430179229014594404663799123487803314284509822788031796389033791156369381814899201407692825375735313350558340976405813669528
1094 1390680137933510881424574031149514158111874090990175692974221013629625554643056937104794028618582707629991503032664747139271441352983994403588823013769490478395653630131516744257803218289781380610627932191263176749008630933568191733405317732290719739827805334687555664709517337376506889396683507476395161119457901683480471177062243285062760019900242654600148025969589536134634727195160619719493781116744581508589790555859712106010252524899040405994815806539859390940937969036119839720136162815689575042390693689858056201084489964200534980663145468769316533333923775829741024717923386741998967536852343963348654161832732083055519
1095 5258410459560078812677817741973993887528489280235649707504497413846928443380436093041870477438301994774054185937836059408617850132874664091164857352528934567106914840284294700828983561085836442502547175733247321920371777951548221075575170351183103372338224923797791047325807178322520607908328610727400198778937883302898202706650541294299497983619384228019661159980944775768297455156390626455675689689856161483799612034490205845075795264464617886126307445874819370352720503084398342238679097793934246138875615354899552552219626731555278347259221514858928600962001277976831884585002817697782592433608462917318233051522463554689642
1096 19883015806011455758567781178775718892386345463363170369674829277590354249439232719089814391824450832670741432929607955665029336172843784243533484128819514778594329031412792289806427812940666400868915856310672247733228950981436088193116727085142261089858527468288208015589389056808207116929085396014724412102057430990838293575894086971570333025808600191859865034001293848116401882430642943475400183848961878333873833863996350569484765899131616579691622212881120320901780138079393156600998872203075194041497085462178398081670904684476727630342731103432155080327221247973418693611845650568014436104795148680748252088360136811508276
1097 75181428761208430147563679581401893026359719914234243589841671730443841569370696489549508911011576843893607082728395706661702139939612794535420169193746381404985297333793753682451892549827677443298566724921225718959442657256016320356854223320232947768265098985108276409329141483506060761491340580602771589840987149870302657219568242762066002002973118903076844166507075085519040856802797843348425823252718244397648145870153661392140319216454285514715928824667149511031467835747701396970331868420327467008310761782159241293772129234789551950782606837839736828833229225302974503844608244296600705908485665067866312848597852201277330
1098 284275500919826117301243708276217738485075853872372882687756008913858094713378952238860610149689458267545661810892543913263622672383572215573500340359725857504001275153044671560945645970750525960533094390607426596728327235391049148839505925340247496356256117749333291170447263147657743739228013391818617856979939445247269652368682440752565198847702565623823693486572732067910196625230239822351488127500112163458703416075766905427466312726582217138895777900374998511709050251778825378525333536642788601008095358773912486229117248397383534584239348988406700221051481879469190379492725192414117250706814634696406046942642465234856345
1099 1074901905058525275466878034896904332010657984931067121345903051849078665637508982297360353481955457670519880721331595144862969329207873654442670405230509857552226744564498022923424273488582374949021729598355850323619389865821922415686428955709314735324243749561754255313549326272556510153066029123377925954572826928256020023944570774713286794960493344433555152261219532794229919165927021583652469311935424890269520438057948910650239176693076906384729926457317454674117729111836365672855200395742345071213036848509642163622324737996094971206783359418732812259472232196448441335662846953300091834348062524286990498150614297176212571
1100 4064421792037376561323108643533113898131044905300603678087566215127098688850362521852146728214389480682983649030120032107820568104695040257683265527387610984463940531606595701587403072390780070954923993407623824122475013626858979018338146664478092661796204402624601457072947248465883124305678839517595768363332573804398628965262603830205256228459511465713634541185161152254427443095049921374778464152800790645069716875092305325715837751168799064789102381332654203117720190329189425355097284936498628350852454009822169291597131363706293881485343019407065859232940273252793979260948778715502303616652655592111442991956511201356244784
1101 15368420979546303700572859698260756860820028191940248271509037144878642032386529854138247801155062027375871073512231639849750489053152844510336128155132379602773487176954205873216242697242164928847422318977874336975641888622615489026603946736108840913699028522118276096857914428441597988981714620061047903627120120324114466317526944734595414553481623546407451150225803992853355241701006771694061126601054476948543876876230543848791042821167628213747435457612386112877948931386773718987065214194792797164621920025477877620064761571613918520018603736273360913152661524687098995431887444280460734003036869334662559084202612284058509170
1102 58111256125342255425436655197842114373976209430907021740648565798337300555196416817373250972143649486299067725849561181443695463951624168271243888041214573963498913194048700281082654115528456793525930367283801170880998415212907381734978927520455191117921364377441030106751189138710669787738857962084953092469806092687078736156692953257367788160251236441906121432913632900295177900838017419967479872519491222816224777002653986511308159209814377123209430975861044852269705246419338397122619526799024972288465386422624060648418367609300391274562593078222162062883905974647463982495748303032349571173565265554371031824760353673617726719
1103 219731244044179276498652048333561790095204425810262977283432958518212860117201014667843655574825087259324348694366364089239147498559216323966608294864044668464410073740674541318486385267029079479061091468548335304898375837993240701892733338130190185589649665798431827040601936525825697320665093476276301631592186532726240823116394021454844414052772268886720865560221984144447144869103386756621834018779670451553796684362141222046232327523027119929723829657703865361568370483460652307241386521092821972918350344925514152482153788831001621375594608478655206129061428443993351491747693896931165866805325777342230591393806715195671074094
1104 830852443659619196719614584396685459091786168384580654245544683409087799047228199673333239529172996235859279428757973707222127019232399083606418834276706430405602444012018004452875277747661808750755565666778873360262054971128286579038667606098691877230276041716388418359871596312902250817303787196486217410575850104235060491648042050933707330988097875716564941991113426053727101869017601710957021010373719147779567328443865917282968184925583958162788920741808352550919524557940767083605030843594119277666936142304846874708128423039993243504768201808440422814504025252038991783512297469950789928752855068613222642126411328831978220770
1105 3141640761979845684175186137294653889956165373033390420643079007613348796544403084101727902103607116009874928155873598595982536062331833666361187354260173387657527496715642482795331817833662537924727862319283556017414633445554007245199785577816930818054646368627696132480269650096365595485794029577794943420753980144339916949887972965757794253659457837315751444632138593609508366671438587853614502759601965665343780943391722593943665113597336628207463438112280328153874662662430283116345292120594981942063150454502109719538158149015119978755561856144447488705590276458301627062532745082370292141755183423242978320062361964605526747987
1106 11879267951030779770812843120526455090777525444757711665491453330362336571459730802843574238212778904103765722288664992575320237094659667250857722027300510371283415841227901082177419501497020370380264912820917345297255969165186406536250248192404559871925537734684956449647935767966680315942045321247329029533246319018528177092666868693012378675300720782374578101293240106810396104356929938861246621064905437893536965837448229769803363872796880947802116861428362111570465493974826946938967016777291192378859098823455412292803231889475117366939322834342744796082465247246789410878906104627783307092781947599505202033308538539838548426776
1107 44918305701532155027955143243162695806568785617532139343679100759863617778041584189705793023368914421480785700994295379599519003458483580332868191191278972973386224830309311752993051933419170987619145744107202629374213429251368333800590652461232033317008530915435100426674409413121134582222427252637433298378736069279935136466639563219376301307902834395388400618871118912422522730507392466762865304290594758959090932964137073697800524234234004077624406233271434368334350734047244341316283392204134352054869957671329260913006503951689504689920618935897560283380113106297975505613574946596633065492816104129288476756699470953585147457923
1108 169846884998505643571507321083543651715676838855631091871054380070240617087561387144575673692056066708001568776090350721943565606999134264708325564967579072678332104388880633469989338828232548380205494138460339006168231930481355527855141841852298281459707830755153870254971500682940575797591519570643751389353552804763243577404292485006648486537477717590976268711929464420438893282588622613384056726682712982121808746101204019592942443481472874244349045151564564793297452620392163521380695760800995943538511963904447226862465007802064827189487979173305609270186125156994078421180195058568860584282425960667569447304795997725941023362314
1109 642232585386520581094638301805600566474473635974138309294382315868751228616353199185293373269544929743195036103832004820322307843087585615130083260606149120154719257696725079437822789563578994874600084947092428269577557237868107085525713203679349162979944211947652150000420045302540670076135385291502881658480010475181588692882421477908698867384409189525460488107383446717059845363118504949308753689975660709388993690600154832015881670405120785772358320079680000485659080737467539806298781840303785860215079968372814864674628435300910852251281914109767738256771199388545756955708357708110176321283979320536080568353440737834131281281156
1110 2428441339632319048121617292349700936347441579964860471373243191145317998474731485197206074919784051552281290352783424245452841236940893815789513820645207113479984918587464443033523075533608555383140197453174946763849748158485487155504865325344623447416254521431555981650716823832579626760624196982470240517319518372040503406692132767066688882061703954171328878705989699299546228575414129959470011410176944399195965952179309732218720793801543219630610636488897727059200880491850697683395769514215267530342015000516532960036453627323976473867582380458061380516263619044230290337588662457811746617567058254541712656978584415590919774146508
1111 9182552639065738777112076344018677262780306467754799728271538943207894767518303446254741862245935485390712054683423128337540475858518947486949779257791110628990960607461384531792651670230997458329212454629570246087087974580884429972217792901142307412257511967336193854305146782070119290569027430589792791616796261862246166507313790365470528567533141743060500866377143938443085958806235032437851102084749486556930459518746054349564699487111746768213947355436439005562787930643201225795363893561418254909464342530946064930279109975209291943164964613266095672021457848860354945007286238216881151110625661834666399905914589051721904343272254
1112 34721602738688660073540794524470281610447123801588051780826043923037888839413625105079594381703824862831297788384735287918197416859006353072272207732913251907268184988677956990906741257550158970381262138435987054071309114131322770358721272306500595635868718585848154168204159318954613809093788601302858574338338284746292072319113275335680504164569666182104387059623441037084774948636348902487725399117367569056651684873406532786678253814175550921965204344551857602148466259527511775377684385714560961252499514824448261972477595510190733918523859410828750265129421985747680869104774731043715926295870584737940696503811426860546022426185072
1113 131291505426416184686442318274846102540617354106768848184729509833382171130971114396955394325091489658369314505755580575712688637422774337604683325505511113283850285080807505437968349453799454018687670572303833142931848873738501771162362033150932880218920664239658082333080373495175880276123382511620212428996506392252369257425817752246195524446050788670428247732806191780745854190503793368659713626521151371859035152300779276278353495169525420734672817156381529127959216725436715931885679870606505016238682760975339302537795363271911433565095156618481289862473533970158500881141273184356063652199306611489139255220621323990803017779227083
1114 496448289144738843233440309389598052761633989503649576226991752905418652315770632460248413509159700774166437758701945918740954848138185245278774285950390065540062687211621870168630281241418853839747265850547242147322448267938575561631939022621421093766131751471874739003821664021591897689603565431926428566702029095480945143534628357813020090361293631797412152834061328608534201646056164137832423582951968065145172308880714051484837937085090649250075033832633446898824785171569671152582421778442148405204463688587686332561810873520514917629827621486969716974529017939366373089636587035333589796403494474475200680506025801118303789502458323
1115 1877206000372434653093844965656379939419488411452343842313007720949535696117823618304656563890225220342140112352136195221105866273714743108589570464053794841432996665719749054821135319702305396514472279160200313403546360187195519235037362549449939252452580029833578065276112582515232978879332090026558217974512551766214475134819968312093867918094684590940582445401414981595356378941408765781759485751750286932388292806027807512922572584313361588215754776514978170013920238537844823009191890066955804716651801943111629491387821557616165058582063322546056093401708477493438072981747575676969795846660518081766510511512127701167031729501545488
1116 7098234998304417619568302562637899153909860403156082234190646087426149238364470314552829444727752190973009112778653401071609600500212147267363195391495655852555832961695332936074252665127817988355094040299507894723054755361724001683249671498209287162634424872524125182301033249932297030094056747138672819166029770456104551510977077530266681636222361208087407870537028054804633116560229344534132414115650535775213067176743051034988246125610241858443398691941661094955204936342291106308212460336247546442749252972313876755249926664374849824765328378540880472374224716626660273163006655323872231838124398541653540206145371931287318158440210539
1117 26840421766248059088138963425274421631905750375953545869423387076767799518734515947007058953185086201598677380185216994927973373935914537296553816479227243535724217894806524861317966932040865183326910972069886837090345729088906990119396640624610584939175448043929074621471914254215023760717910489693278727052496033010948666892536175683128773296314825547366735492066842709206141981450655739192960456108145933147845800015221886137178576699955673385543833644348917152420931185721292643990192546766920409725635748752088298931860946130685193519865256174368190768271424777515551515515169273051593899680651741357896872741913748041198857490629100370
1118 101491301304679169906929367622900271804182469623467468146354885899001661232243150665717108944687168401259868337397034390314586998100689339550328003392830629245417377688833742150858441575879068374272388756319744646430234036890174767436443313080622117973120620721394456490569406144614186203300761507993381983552007055426460072598085922225437383341502982395875812985858629746731910937576828124108814938787023923236936508685746753570926876797453107476912171766850301511702321759412318307825378947851795600017001606994935182858229501513911783592646613545420316258930953511965243897743348864654584417439981740182509767051482363148276636414974934570
1119 383768060550931742521377971411797078771442886557493432993677572756704411263524349716101591681556822143253915302346128767481643785842127513705339411939763749674474787614866734139707509573807470332700389422488253720099060365916894721645263566702813396769042452753973760759886567329038095910332094064624184651018391445305949408829819813083253030497018349187850780790974916041284177214695583398351081848065506261536554449624749477862411849492545567616199897585562655667628713940419384890596969762070247493193940243972931207127179242990364659357450407582570337797037639629701220475242728371270524528475980260090630246357196978437917071584667271562
1120 1451140136028966853706600863946886847157179213811361299515756765976763008258269127868532000369795684894244096984151010101857182182221792816502642022963551300071194528693951764453987469988814051013579906035640257304383543183725527608599635520729290868257046020852704463947652503536080249147569797185884974594636311142453918040962366333209719015745873526412863952382187101219585516024820569032217871653576880939803054525361708924879213378619420712200431929478092398728209809542258059660763773434503445138728918331116985613403145788304306635347168417968664239589610802691842787275202334180175256512858001825969441317886722482986121792159987330176
1121 5487195078818149910368526600773505532656860179844730204393376597054076306815585511104739745346584635116445125099819836948346682560563073962419546778503150654903189463082722647620933759167761157947914581548810331716127656396200869573801673833381472478201069831574346710939271860734805771413860577624924216359977625065288869983614443554782983408901934692970798917967661928228356747841005271902191348091496753712811424544895859133951111247557859510157889199830085784708334163771240541493731285071484348250499827417180521501165506876778631209563395984418109768114843398871185087649509831067653103845421377055506131273736301693382136159221913392382
1122 20748751300138971702387044628859147349853062717195363694607810561284048321778857202308490023966715775354106935514153868000117646394099818464122732934089930496516467546999951215463443814462803367419912651665960813021404155774338986810600296305355186037858242277282493935648388562711416266950244369846357605521717261136159459779196633783960698076954153802076157040137224968597478319363072056663354809716124017631003258951365720183514023171171678036114652175802471338035190707265295346145281522295328381341014961751943712759131535938870270894392639699641050722528602827298839971382952826937401370277074319880519433637211057448588203406901655933281
1123 78457424504388646895903820870358320614737034602309154750702386604128984787896072647478606851136657069627817584259864044573037674940101676890604994035786586410290633218533068562040783180015934163822820486250558414704041709411241882291319414890338232079961561037392638945051827026883415693623278484370821492270463299199221381735997863525350448021436197031124787204742214367988494428110271340181224217018342321638200876267377477103659036301269010057358483661737371678455219228617616396039487266039555438560757454095373130826711796735526357695141757480926597562243546210617929888929997381403161983188835592898698847375938625017971163384445602721133
1124 296672059659286995322239763119436702170638125887876111912161667345270275734449908750534193367703183641279871494473999327171350926607488079108755565030568126051590410350978137674725627215963905632995848487745877291841214908073554146763147893177180362473715467283972679033169759125541638881300268581425936186357423088271338887718001310532864568551856521952967931522199297328003049856827313198504937734133408205432379844482524139279440291691614569580955884147821466664051364195660594827003144499180909014662191370778782205928109769287066486590319374245705262016922048935809478026479364807961175791602942193456764987594494333310609589609209387953378
1125 1121811174263840143533801014528660178133529700508799084487174326322187390712063765160890812172928138758025550482465169702090237782615419958334764760804385201690442510856855930586005226425149682308156291574542756908194903505142227431892107179337689920556371117984800143281656202769152378353040348833524742193744168193456035716198770327668395763819118901205387169838755082613772406198951507419198469097446082534979399352254406156311428693405431130690497072396453983365537092116591701311640205524355334665245597476674955144768679792340627131597212112262757211298179027839279064702059966537368867283256797230298877687173007330977454248197337513112104
1126 4241928963943993359802263480764705637422448064211541829451774724987188098813921847524653743753947244604431890489151674837472263023554450442097116138840697538853165647825392293668536463447264587717008341944460026078992575092762781600192187697953624758204259747661160332076770401320587701121944815340797323982566738600971088604790356372768808186121248308927607339304601614753774021435199162978869901309841376977168417785494898712139934021349586483742945109301821364065570877605042796496968882384640116229772003259949238804143538876365239832481750353039554796489876536039998975458359638154769670005658027985358533882524114325728592349614188760899685
1127 16040117127273852400956037557076802465788986820314664173501854932487329896281835486266228310733355640618590698959790577513486952771117635437912524719280165910834699834570105724277303601096195971060217371260478657968585315640599654284782444819630430327842488548210527150156625276653049439944687731487743080077315604244958526557193378297804783043055953426240466520510750805639064933701364572248590666839452081548736506596765513914847073833690887571846962050774243237279298868337864868986290581300768882868416750944391009586177868323499279532982531602828020179482218925610740385766187091594937939006940619973760432865399802803232011984316246844983816
1128 60652986786092520334031540909603632037424257222894937671738124913291313729274332709490468045669900143465125923424583092943280973278512500792118207615354474721149666709081653415764265852561743458967822571054446372895116016226744459271577664183013997442290317818443636789280948487222185183039310867803485731686183225129338102093852538356568444249744933425148548620442476880999993943548498037118920644706869456710269223536172940733946190759285717718244336485561293993415765621035199127602581167552508652405179445153581254759592198714633315226093971720326701269519847539857031439922544556106877374616820649346147863121072303705377828138716353589543407
1129 229349269401768092725950687305305925730195828203575698970291866961723943678792321332604944274571524037273618245791203155992131038799549469445658744849374204905931537626938855030502371094936307039966411161958139369758769299081288202526379863815252335258176756750974372229795945508566566595095372062992026616150438199915756462661628969371236418014079373023531228889522585611630123118543532097028794928194927763308879663363711362462560702744948514808136669664497362214795092399339382381527427298364924641814367894525874952060355630138980769389791601910975575734930894391763853576941940020510904915549987118458047117852340994892782712052998361389242133
1130 867247469284629206260022140410275857769376602632239731233658779686150426521492505291184923205493060005032511603754944660832357941676422731998978959499824835734967687395552066327858941931019734146828333628243489172676624546591044675989772951572090873493315477563641455866266637025105918634721107956250711021341172393858661222559406311392217549623258472341713186398827321464502099231287546810045860639891357059698153891354169491186135865403590517556865829265107699913866130697061948644357280813038839032225814549367103247192896413999799521496293341114232720323561700078832335707422143685734578238463027509855890072927836078767658722367813118059392666
1131 3279361031914465674667565551557135102590931611894507140828924294939325166153996256738705320138138361961154759018872132725005057327618084431837811048010472669810360535779023220670488151558431088135758461980524773974266260685356858811631650839725800742992817394533545903826942694891569967031396569773666378612564053381340857684705559446297542066600384850841452609233432781808290103826973758094454893306084731949497775354065570097681932210442798503853831948781043595358323508348197898808754376499823396394577740390470115776057428577196130096727367273519525410668127853465386081593686532767949508561536705549492201879158082870076192647613635633216861615
1132 12400406773338094072418453177489879491221232005315888245621360032068814010082167736354542798889982398601183488933823659564670049654040321920898338105668639779778605637506421368821888423058887243738450705004465555812094415779356003635107116305267093792278246545287353486066025398056149120025623441347989322921852794610138699654429100777792454981038853805439286954927045227469510293991279868383608867996125947336288730883301347890170229367331666915283709352171111552870861440055155524706925913095793909771308239783185875490714585886592596487988261211892018947120038650676722032453195492110291075247266118986892305564306007189949443866255359523348215479
1133 46890313905911585098906090320955026949815210889095344251974399793855676253886450251436018892728701219458695878627617311125559452514728656329702329677689577718366096334386556983969017727049970108370935188183393454573608333358278934507021820973424709563400929514049636627764766022326811605303511965307712409542241967979631810134205373803778548682901968742183336089294103788898057577704991580341330359553576653898339775106944231093956550656685978661900455932175066561466596353386860871388535752061469766556785691066294160873108615219067962232267497132086741608446085610181033499942744580892704980485951221572499906084452272835063653611916233512544102524
1134 177309030933622541088817658028040188222132515481066111350659325808773047118933318656791501230909763916808608733260373519858021778592436902946532896090132640761928781521646179909177925019457561014447592435333384210298979844629866561573181499938660591800901814080826384106149609783163686785162340862325850574653305122536896063486030070676220814865760610710685192500090151334232161846092265404403771194597145407776104260615877978326611942434717233089064353077352799072604969532382076193747141603713896224824732929035412890178062577593381109100367484135915742692012267440674244333923659243839415807802711148757219758464867175080953294925565895370772494585
1135 670469581330268668865386633388740922773860599957481428788568088321901262601671256956211086436197065081175131834429135589521752576814697622423334092140266662819138181271369910534534375390399613216652899269267401949985060664005170807936861983681373967794010791498798286340837020064071491231320398186735370889063550348079154263693234453225156743042433696225897165657614759572215728013727617048170767801433111965508547597997598860012158714113678885700141386740671017214591173846583204777275250591610887932893289630469809688910729293702923082420688743727804132612440649019006820159768818300421491438102926947440263257991408488803672848605626541078622208462
1136 2535290958997281789159561768234030872397237379816508463136668807036858941015091615461730472781660038835082296601227839263550780637221127321997649264803063479876872105806852023725170271500607649722004699603010384014407113031638668000629239485421530437139499694203541791934918807801272486001130937323829506807055821316340359794124341782531703546192946657110568973498561238661428335474682803422463387859712153843155252973867418642902271142273914569316245656256596777915556986295259233066647800600227966071834517203666727360457564362201356404093260086860420350776282722830638861844800366431048087556611437137770750866057126108351360818243678816888581311970
1137 9586874481985455855535559171145461146597899889312931783807656992273959736974677121881632268918985330742925705350221387032406819361281616141977424279122688533942761637981899365260513498063896888551343851686144348774941106201861157979394908650597839656861708547962579935371397846723661168275736539376319064588195603335690297880260250287564705414019829684989567959124236895478287219604840346756126320398144991031129207413661194158717576589378480682335148219912117729922640524154378533511825084882524709777909274221539272050642458896278477460208984298585851323733097011457208167454257797635253883328429077467575278379048628698908600463896400369509203346609
1138 36251566582548236244005583143507550794077932039455145728019859537283623296332054356183517855437153572872424018518699335927951587172615550663067335930615882905825654436079005694443272851266963759201377051164471831436922016633727189115553476518438534768313646429870687746488748898298967537880618779078728483683501842612885061546954312399966486380447903050887757079625376074693041470698181723926391621635755222214896170787733291567667261572111510012328032412270620256729700799453296821857570986028117742248287989537606994870145604148344540982541836274104092276184831881246897401946193092382641007521732435035402729217875541945243205347477993461447909557200
1139 137080922961101468043219863682485014355291311652290410084587821482521952032887261534484663240629980052137428919459838795202931879764834339687339195184612684970969951346963321409254706290248028108435793910907545816698005549263660163833536380047533872286414347658383451653157826001204547164811431871347807176773004089854833956639858606308287668890117335421420866843263268908741406924146686984659043823498293715652932075634831824371869795168565198239461333160666436850851347370460354264497891587727048822309613088482951529606379036734140128158179859968726032574232158155514876465994995313818679548834271376789618539600418720004153307995388216183635731101036
1140 518355562109452305828616402165227174318119196859157390582209022529782110101466725672386975745253506119960913072889902039246286720121452953764072905503872558459645525272843725619001208472455982516616562904814230170620983438035046671100618495902027341128247635872674323665160726645201310454576252336266597426414562384164278584094846221171870675704092410042032413250505793652625173913951295231772499414116825726510324698979442342460679596926252730212393821278719068769152321802776084809925055039782945927775962802379410806994152764002453572483621134899911550213156889664640042643045455005907343040207220225353060833522245742165315920473052289156318311542806
1141 1960103515378191199111261297891089736468890267476076273771521594482713551935123972336708250557797459618660172412859886501673211398434163656481792224412315678371314658396722742143806846019164859144521683113858125377074663191448517452820444248371967785288960254915493084346774490640119448234202783165090180211459577613536047867377856668819081969102196204809824802110694573889776121821436883147059343826790547121226157913231940717506076630321927518061941262968423755789667157383293568786765036231866955505848898524355316104679020555251893151258850384740539948115184640040614770823932136965737608001601279698391285003636110727925207369088207412992825862843840
1142 7411920503675056920771048137329693471388567438591200118236388212695418661711370824624699976567526198294088226106356436826609315687610883188576635224749677071759548486412928796291154262481347701955766604251866415386886427276507080568455028029704950450976049373631866343184057542469066165112458517371938049124275504929248651752640292619151984633908343614966694370440739593628128922286031194139569664100783836582633977860205799357597201481083697025334080667515640570846090291453068158822109236358949458013055431093020378293859465181065820571630623423888252132785649593726630236491679566796433705030045839043793607170628819176242599119435457553796668757432345
1143 28027411984377036701591800789415170233931202963199919421604670036232316439991473685451485357183010531689955382148736623413913099526193039825138749591455751066057990657439008811341566622296081698617423119426983221257939658244904031105908685397993784327397471797713066470956473981414585942649576791884374985353372017701545597190495161122810542645595954585995191826423300967292610427692447875679173412620829325618313606013077700547072469506700262344914849342645856391970815324145435261485202595078143199176410621980575197057484028845894903219821298694287672210870029527642601919659147163955637059699862182306269929175632751002608884071889885892121345727430386
1144 105982885857125375842630653914116268335003010637394258138792129200855649992618244738585268981548202762331473557558147735341916117380414022183635268851941772333416955792922515826157674682205565633293667204263837588408513951387248861920244611791951508470108529399583183979247306733952375384086987903634687013115215680016774283404204666328041110317662317035195340373095020396205337111024607893958242108825329935457251481210731687493046415242225480061474198380962790107427654232404609959715395498884984314203294201263617281282481030926322865255178602812782774915696769181064780244186838242887339215193812469073687983351894970266136475169869074191337236212062903
1145 400764258169862259438797479288503783004201806334651762312020159225769753607026625156349046268672031839754328637633134924231738457004603281980721935397748183390042744502277924250613796597184348587436201614785535610363470435054146733403840778163707446147099806104068042871591245891666550521352780987915502342294802151243790015469463956845376486563431582517440975969958387978978513941328638799631176384560168501069749727885403673364339163118807932721493319981228582871336028901788516136827348982385413252178180663454917932546762351164535134021612630376282415121346486638372084768967175984468584699458002399423550884218183175400387160762470909156366493642492290
1146 1515453869226571597353537257249197311168432778718506439256486126019157202098613309929505442272910236603219798975493089918599657228736780430926788996412875207734807724080118573057948755317789145961049995526486439200060323638879851168620003246205517024722899432739616122304108322067510368269687104610932357246402958099272707372327678775059304066700330639924088184752454437569263938908731226039473231432862774033142856311959738193689441326415351940126448292975570271963736156844236500957295709777744538672319618456576744217377527699818602275908902651548725433121911386099866510304063227072499068229892083889934107290443718153616777393874894053379916432389497995
1147 5730558568455304339586040189357335441902076706449987561053982511383893845996065895722305942033882939448745901042339817665613062303944234280657704035425603900688648970663265942603095989853339792486737092713939287418345085706115471318540283923987980430506586563293869505897473624410426627370191456395224880265626945745582557860996009793679884041351923612511387620861983965658878070005158962086668751152282576898556254600115156023096401451233890287857987725860945203054489159094482836354153336226513149663564484253620775808530281451657861055558535575915241755794862849949520832918570551267602023609523019325177159344494912560145384094331950548673267359431649023
1148 21669639456774273461590119447249270853453710226500946782299369699776698231404895258244535088395115723966344359490391743364231104903093475830907647417088774959440458433625602945913575301707655006336864801845920842556200402364105879299168687954281693782021223633305862876765250164957596223311073161152940641015752014286260042444913081120559351118249464235396490290902801261344519996940148560049818632167631448022054613319594497620236873004316476454487327118632201013922773978552368329384842048308854693906026945315590190318238494607572181827695420299106006761097697148310703207278337158490638654471064595981831426038552061909850859574226488490440276550060097436
1149 81942066063865874919755908408149237533736536146966612853569865982191477937105630622584221544476799302686963377033451102378055219995139751992452621359510352221732827040286892159813193948697858508360776088571917697568567529182966673015534956694949058647681628924315581218519610355590919993438743542212905586164924729612304372395082012198103285950506455983395894309649088512424435592750597093696994995389666237322149905376794860111404786607120242599429846909961169047602282625032765618199144239521257641343361928135905170773299608364541157375388404083719205007242820033311366508555564006992798681020189482343847433737216451366102551436055609991806887889673346704
1150 309857939049535748503226601937183665517606297685964976630430162089806297018954232357324769663055159250638276990673851173661721096257828947732689491405535188978539324099233488462544602746267345651836580128750530559963352146914235853414954682436532982459491977725606121934259057721343386552164148035544398351020881671312374657022476778352411791738032981592419701134249255792964615274714186797482959928834899074516472199662100105061614543814215699474865337809210224818572453556127261560632685450775370305370351114265330991886417001077425715363124590742171205944596686544740378454737404951785807638282044849395457961792273381804544015610119343300053023340404396511
1151 1171706498681173667549745658991492044807997815576762557579339810707801858825385704983268157917597415909031231914418754782513850609983713763787629352415212494618325548023085636884994192132327958513472497828827965279193939766783761402569959961940515002118804663179640693145792734653186101730427185811550100974372802965457138000894853183292485178655545388733865230795434347813486504971511442263429440447343140132841313533640519391753753155821084863474636955865409947592189422872729065623997496123388416925137334433552120120666550123317998462710871619834143225281558365093977194656617698606373327320144029431166346406474508587864140807909830544658482054587187502704
1152 4430732606615578491119535004665534290762824667268226205131729828110083680869208568807712117015435843343348711018523626615833606009437222116553940053710691527591491787418278358744814667910076336556165616874714849873365933272259412493145561814150286803256223176332592922340733605040673877545976800416930880927603752871418125591276450127736865797076350020410838881376494400697538099328164829390406163862260542865424819921917501938488940632643226975493268101752794841330673546941196669013119061234196006749749651902058668216982779591531317678602354083035793243772028444685599031101881869166540391011523671041758691261680095889569914178812135390854586113048689612688
1153 16754548727809759625989897907586692660216018181813777472405476242767208451460546210366617546003337027530058481998235426840845707067664763559178313993043893888057854672605915969812004448103203983249528679152625195623893249434727690607620429000926262184640966508743940995450469779414820506444243841937889903594386458447618610291325094961209175524354478920174593335598372650407512795186731050913752455676342310078434139554166643292765733809099230817983300639194855807644359657032687279452762430200469242561617741566799922594067237176909775351648857249608411484738870243617903998717695238645611967593285174935500726792046059802766956966389671077395037314574000849704
1154 63356389298495425457833513242304175443898677804972491516783280198386845542449125597974378223800967738511723168336285890234009524934206577378444680986663204472731450716080970986959941053936089927784734289175185854504654367948144870087085699471926108823662239731961145420095372935628341579774191004103506257087394111721273472077805698525749100227743742239462736411844156318934967484256714708436274434343988477370515512531846638140785996549029885783812079217062114922843888888162631418301886056949858903769133719478559781724131636229236595973680677420630345602255331826261549127136131525199184155600338490583035315246602665429500525342762039373350646895441087964347
1155 239578913926806676744189576480842609647419323346275074999689286755577088412611396683333718250509195189173665908993432346802640215716500055083032122132713472857505215076419166668447105327514624235029048665331480616129832932539469314084660706527535484177543704345151119785071171351933325708107306597476765672434214318371256249572479235953138976576067064087350173434502960606228653687330333009921213946077959530093132831352231907899917500381668823936726509783334985314917586395381993815713213459119377258496683350897192768410537136576679890432809886399197097165599490802202558154202230764257598486028232558308502527212552509617435645411979806172100596853337431640889
1156 905956308308857295909497064730675903262442973116996930225023142587087071277109006742697707689746995015101330065498341409849961804071547635856925677433362888173268083465876605605872432420509401668597190113441989820728217467309710530482541040807266206733386713244067346389245643399555202823815620206165719995694036648756664672283407600936293508454306842196113932169116527164067824270797533388340751404508821819353170188017828638679312704309266794134242014377700152978140814164212278429504423833265283038437620737316123930771200561862676659077955850902205570599473521221644444950666031022675223229545583078625821792356251047061872810260781537982450849196700549962970
1157 3425834689118459392099714084470066830328404211682786345878302583954143875316166703005844970602556736385380705546610517075454076345156741358681651126874351692208129065053701324971480312592168432047020849082809937696100241562062180811907675307101626179697369567678426932289647448355238282977407308435011216496950787056008024991450463360739169936461362072218304131600405530159236108898649594743913722625909179111976796954398517302785290940053896257215339180644230565407636226179606003303144416874796514219409000296108998543925357375063121452126139160399441772239467941505327180660432236929340507832925443765819155911423121500024946523541259367192290717133084059283062
1158 12954660577273744784745260024892633712674379518694852748482289133902047533270687664667262610476749444423679131834229234942956262796054335331256076682574111379595434451421546701846098998004272222738478918224648818122386152887219084331671545884077070903125893892941982270452399256746478589555444518387450261817721695701010425353692983557339525711033010064618564299702903211170460598641512575909088217008041522125884456132497326903788719617481100747029504930776302962178918410248045012543578666273954914955326475956546682963872825499708141757625534062857834985759649086592395850029323508848221371962250143173368642671973844054090208626703833651365964514737428994528398
1159 48987599719046003747139610484302531812220230723587550789590088966482125659099562921476670328012360002279001718047620656443860166009428983098653059069981584038775061019601155756713702480598345164464664581395563746625244531691073664158303258950864726563916519171881612625584673665690480308302650114649836575669947587435933144637004039668619154382606062901734435700482553517011220707867968102610731802655908098032392236576000754306147162008810447668135159672719336178387696476925013843679586408942628128634966769388281193323639150720133406925043239383194067250978966661583313301734365119852129508318460025787985193860885729208759017816533402533682897129581183138268324
1160 185245116417253616928344737015373397870156936885358795424315641544099053447587096018157875303975370507647218780034745610889645229182722494434137436518599723248917541542224537853519100943071723554373669232820925493903797738764803335057454360846541676948065679701491657877974092610529934887451811502971464978429447035628438046717486148193169411171269910229865830767675094959692974521787992338979314896014073081534304104957555371996128689502579839697616488491475212601627776758544242856763912047713147312136765553776828363234805171698723961861582678237960630423498898681311849817315171935457685834182178257907347910067459526424387867539579084699780211086643721831089512
1161 700499547186077260284249023299840110057279545991255742627428874341768379803811530678048506005134567012877714856033403192528521097466855665841864139400182944679402657281062263231101678880064605828013153839743820779965605943704386425848541468513521446425316154611652506483480614705068633362963504317119299653865945148252033343281694178266411806984820438357298398385220670601095000704723919907056254278307394706114507325972663105289974673154349402955583527384711996375497181357389773436924787992213277028596552459713383765537072321253897294467716629154229141509711660497410301925728327199045009915947702094407724928153167395371630990149693069030667088012949016905229792
1162 2648923606304234569633452086607524002596417046531668733700806148284051510938192516572104339688991768590240146690398574097561847833047407886627326052747523388681344076046257157779847501068372187154103544707666516781872987736921048859605033617028800753430203363952391257339889450615005916298030022820663778050415811246336423630766031909398444805778330245704010246027481356065745609645297030233879160556046132768733493748261380229585808943280465086426228774274364988378939779564779540580278525921747334756151777815946688993709385412253876632079820992717291187317872167316907975702022771424834531799961788012459716785814105220735866564462724280847881964415092881775640100
1163 10016857394883918288207828669823615449566793155270124172687494092729986617049302634098882680417245587346287455712847757752373280029828996527339520716155351424804556235254838911360779405457888241027741207845223544220002580934039687718004325847798834855316120850850526413463226021321873903465120884298177992929549866671385895041799813999376184682446727054416174574342637932836959575077559776043013961506663687742544459337534641193856209854376714878157885447567664588171293467177701647218264972952012015077060825787528975176313713796544299727426317674415492566156268065251504988241022348853180240977576800225038194335858027909888848791455682668641504624777870581099364492
1164 37878609687873996146523269330261815833247909055984251367133881496921613210083065879002305750032242563688350043273451395190609382578293111982010079658459845455545326326584616863120296333317489724485741369362926011469782370661659956537308820055581013091385303289810225507602316230478974619286479450806247197277635464303229656545257661950684751755498997182642212353296221777886527582562729685170839666478754511560085386382974713664047030486163566549720764521330539028567131921653174745027686087714435013811917969387393904957977132127959993386533771830090351699711115032033598931963214658352714134130218786788365777073338578735050051343904324166573188268780608676617129545
1165 143237604793246770647688726847129285970100909084318974441750737463178019720108881468337179668831711966900496522436141715847683931874677364321648596505936781822032627388063246515534847282061757515683263155450587045649978726698122525896062841385983037716097672558714401137054278728217735655468713099840659017863062023875242096342315984302088098301891854683809139800455328345105499898879838356143096142308495241295562017564055262788412560541255810987462966119796585440715741127225836391326721311405937946708205429081039651226308830256316937842849057354180625701441531226302265795432898040934482898457410542487150936122989643127258025482478883202231320990247192240183753780
1166 541652248535504848569514372505246139335189625719230728586623874350683168759800713567087082472579671746884573510594282553825502731744307396431134712395719328361967757518905831505167721988467933158990347795952328817831115028620887270902448304699207368306327394865572223011941769122056473521814102438747864331296711113666922018703506104292592334749964274726765196237939400856919126699463030167372249875612488953245804056517021536125243485843743805987534100026129185379288244275914555063091591674497773405505177289723698753650271707315806180977893283955020657840978572226648330924690634026902669906522566135029232276988545951905165831639181147892085070939212773625171217038
1167 2048257387127582029481408616986910934003300604634139524325353121159191110325133408730495718457118611941057477214307907926000594368185401559330207511509855197083337658192840159451405267022181933736148789105791321581917273908565632064564982355279047494638002280975014294029376308598536667703051449387948845775743266274689214993915567196545267423625928263242424801314426777187047115833618705036232036636695681521544563470195346121094857040225991840749665375357734548815497689977951754220297246854880008073623842522260756712207359560358366970766452950655976551004213780942641950374921880823946280517027926762483413524880000982825526169349472762609774321333304563723302399888
1168 7745491609099521145227026964876181945684482687218069150121938951118549290211624709919546759585383086142469087232299002573613046770893336737431973191790910752146952902506239574781766098756929665532004381308895407487806936508784053302050656704211489483552428618249682623773903537193410533644941479535418288335687613694372934824242621223959411473163383554774585089320515983913312035960055038793213183471331021964763369349812245040443533927813354781976261178529107160116359509031182404026518820313349653067253685085811314096548583848786355630926674820772920722955207075039573639067220405486719686104432786549821031001753558401150844996300373357238719112526019739001726640117
1169 29289632556095073486150369534963145206900733556891722845899805699109521292255883400830215370713071027383973808089747139224991891898264227130768834538523055838136948384009723120695822576369909001044831188944017663253835845983449185550262336507778645641156822947811084774042978198151177191629251257099994938975641682212360449484752176082815146765546541875267105371370555930238178795557083964873997809022380661388405456749068307465690834095784986005812553411710994212903986756635868813741480251024547500021950375631017119846198459826212571145474610498595083083606319071987756863868005947610670787581478430771234692388736388183245593386339718071160348928115682659612799757890
1170 110759079021892003118326524326456819551717479826140955765343581565596120051061706101019680642413627389062267477570865011032199126668279721739968671202746804207287589827458698385781532324838676764741034520135708934222246493370823157844143684074679272304684057770771053706109828496687911771277448594686415941602882957736470986330813976715312123148021481491320977435197192368301652150641614667985396444712252033363424485354054163780518720935888220990604434719971600077442893601705893046576765266378593738735009510872747943261964766550725973181740715347466315133839591375021734574883608208565886278068465039860950530401711255304802670025927200925922994031336770436274088863544
1171 418837177578959156902557509550326248997820415779417459647030148496556209563644016185529546823922288185108393338879708620971309345270302389467171766550033339978767346065817680539171907337776940697143229771194716706872032250042648616655409775863557148389470667429876536232292154628646539383930703791543223763455574725197857150934299093598307266833221851994615470659201276543353929766856671873335419414045476086576629195457070484436675481302649415100830645941846252136810126850004211854972063377771545204254358145012143325566173722010467092821394968886582848796150728316985874354759354174598690296143197926493625863188316410861770510540949049294549796902645496540127130416855
1172 1583841025259217932667714451557050193595525351771251153253934460515380572641408983363794926399550725463307357672184790930768053911933656906412462289333218962507423842497260205196106860421361938310733080760952738122917534080498929971279732411704951315321086059211876555647278151340979220132153398544004485031564683785765986070707464256034335129300779244846828858022559092631163882996682010168055654133782447582470334392145166663776346096745536640890114347750949315059511533651447201470836706502612042547853618115038390909497616613964148965114629793309858735065910959358233550084488902243415817966957002118922086206160471747105980321683697095151723655885416207927774706540121
1173 5989332532540423619029913146610110504834216103325405109604981019389489803590517849858571703195635679369227348408263933462583944822704401016024119696978527744073893361386202678883562738764264459336989222116682948587686534734607416832470202689684130759873635041659037249233432550585605112592918546857860895279560596699599300994343831243962021813380204273147320808601875510329145183308942922158392562949690133829370574426867304801707923237570166113484895613157589486953330165221782084853358593666810630978062280247492086794336331631748461848563023204761776313397060713443086528745978988765602248588721199422557525119523827410211824233506330781097251052583330727466310565624176
1174 22648828216564305933397019098154532884294476292551869630767581304350141569069708919599038413378801402272729070139200562636360457428694959922036442896271219668479024381291972612827252521250846452138268887882646310337245050001438336227953782369839782437105714041113113683718249354813450351689796274783875918904983048875398255679897182779738364789481508084016533058482611762411938981523775912655748385226834771295646415063467622313260039295099223973763618112666063291230780235870664601916649654425461245597851555951192250665213710263354560806628642794596478952069604629710262097303094029789199939867735481162462910724655721152965515128209139247826341770230249933427829870676831
1175 85647269579824126305855630522254477023610295973438599925534302119395336771193681212054832054627576485678447873873315660298250069275382185089914561331891943203862409852938858236135533675840282086882712931331962755821180070341842455391270776561226617756531679264010748600214347954897757132914568742712059815353899418935173841427640250299175111614758985570024162278942161980319681894285886154929024471467255602799988729923666722565149405579387715929421359675963217403211578700860491471281848380156064140527704781610894040154674434614304655668266136437248010732569142890348164864322480304631921190096291526785799984634976989899568697636262471115808290484561604434116289590818342
1176 323878246077511147167832326314200203153063347345476652715051819513490834551880201536317877397011868580120078047118482413178029083214409789892942441114283308150392925829217136539096697597861895874519324929301003150143882334363801624168806740922099776562539444924540394505603848554977457465233703965279566539716674351984013185483025223702161885374331771922598355141448467131719510150678932466173348904827878224661265017933460060433760795049460891121944975134618117505932394585115857788551893399751045485335849129002743436559779011198942150687757933999059289600797694922593081027514632412863183378677651119751334170351797768439407674722355148154375405343897036653004912808958491
1177 1224758624564931253914028969122084658388971683429101894409950758872657703397494116715432805888222693792055852064300489525464515206049626021876079268563504416059182352730859492127912096631165664600891310902809304165133654555654531276586916021922186657856202371825282004601622391859757444451238809100599395617784718031608745458869712560233544804723363718222027583090729624837180701059723782774151866546870153292611861025805170446968290013253182249447921813065206204259290361785760009686345906844929360010003682845621964017021909859698772398840584346907125702661945467824936152381862042936821523314049622651544371093929062668840834714137112939330243562357222921202114504183666370
1178 4631479055110320765200260828368481746091823505533581012762910873296836253286061142950096159373901103376589872541876106227199109151649070000327506265077925778022174936002324155326467491712228682810598230645331274736334987676650007249377848342357893816607021269382704907137118237168865095089219906500720579612898688130846337533875930767654335519770944099296002060125467717322502278690140334833746461467034054142139605006260821252577284128564377605361482522587477256547191898185931039347799932201203522426794471479534219966386000300354885744473619789238719257928092048878577925617975707166144204396574416626592454923596365556666352380828616628008561887783851513276683979782615710
1179 17514162383617312399064063187579896586409151492545459193728870139815430357291609158420195126300730105740574932144074814541428612097910347563285680864115105726725439882989195666726459934597001378546632489450467768398760656103631560773622362455666073280558884574393418007674958516104917020558630432534568203174105548503603206779241739049486756908775464913207988629769100295271546952812548890899842520735710343923673677768646186649780253430085782429374795951025220567872919860565332555497995613385534321718959759472921537781515666178074938817964458305881131660346219915333803023524744437811162414427474219464760147080345395903578950157450911775065899783524539002866993099800313281
1180 66230724884203493362616094488371272175520721726813202127777979931991392072793161639909831302896244141780883002789770969373327800745177935652018570902245257330834995238181790141620002780178602352986139684633089250264863982787844393470012839654699827437804753505672009486898976651271598893937648937157241574724744607211823486351950002876417256890869594717854172338204282132359655334000332628874147445441699837982655495472553617989501305479599635147509461669978862820942708152596916887215914188625794700532240584517483040225095324842655739457624058652201618956996159367842322764064820580027268300224328897556140850164990851927912650966346606338413104938967529123519628935132978189
1181 250455234424041640774561999057872025362372502677496557627254437728706031985240767760869680433173078995714737929033451068927263819844063735654599402499627876025700383211988379235518289467939321969648029369120551421851939413415628655811281007106232191040973960181960634403617316447778716709784758929273401948728687573516757750467230080155890757552615835607334451842599072033792906328804976919267671723893764256051730761788346296626947719429646875288715718409882519988336145282333858144548630225080716336034740122819821296597190851801348748488940406246220749162533521072006123843046965728490052879833425547816892982198989720585888039293626466286778220526670984591784893766382825448
1182 947111662152106592386562367187145824953108049480570323513233938552943463167873956490168415446548349921379638290132523803016824840596097563142333524541802570207165873603740033237566858153216973372613562656410540211445827661130949602718715444823743273348537319216580445945156154132851221785778364471873060579575080556399781955229731127066433269134779190142299751057890775461880177578817061732218625098983132020585896524387291903275468018949034906953048078408028686528749399239092839268789976020878818547665788362800322112533293570256223736674339815435783319305837791739467829282841646065029471100414622511957791072822052988864572941362583921406233654145599394295372477911449873677
1183 3581564050740105410613267714136457402286125911124992435535624808588100491347081460727067094994763165805892164507248726504558081061324446234190774352576792722694604427257949330750662513710786064853805955087348755436825916468775392199818819039261970892657012760709132115561075481170079092728960189443211782155143900651518935310899345949122366951518649878221119729438294642349201275827970842765267619755015079749232991998699472450429587801894214633750042941796151777645306492594328945298854806901094114666392211089854355148039536442296169153748381189888338033773953219670437277461305996795099968205559098161898745192184680748960891017426189898390408734299094028988365062410968606626
1184 13543930789772276879480889898256894357675452447531222926083072515771172537113807330750337823943292426100276955073508596687201529419326987930126939413761804166810338170194015462920861504800261141422693655961293716881073344658954670376675461385422325941991768592649502505657797034235643583424475182651507762292631606368443838186900375058384876861382556636705358978121775393921206211641043232601886411942488540655198451834365842303585108968948723228787932368427187320350503015004214781555607866820523710859860476198999414610814225372806616494181865162206197761064453168174543458420336900221657593365722078463084266894647932013669669874987613078468844361324077606316475126892279197504
1185 51217360621278918745283285698399000598175754897656426929368248808502023751286720834150758465114314104028795892214896959950073846746238744987765034639499136100998203368866557715774951915986843398692698210305473476663346239353786752013367091396144019445816090360860678160077404180258229455478829990105604521868919181368253897376688696505362686758048565144674807551896990064366066608759660691208402512365322288912965222933872075012928277362925257930788461157860792712300767529435617264311341275776062023765158962073733625219734500747357324548273972541396343953745468600772242830199096744036229285901277500130903521249361413085980939077305119363622123959921207169362148632097685903442
1186 193682386056475916993483637259591036671963098061199572408276355525751468668970150216330650732002979746847025211364197021283003737278769121210826191914057655514403155538606543885555375446857676938376339939980641631785936747047792483770908424129128216285458179463820083375594603702904510954206201184041227637750699632586916824951256888353345187949026761122397383158150034681170512962593805084125544127045741446740231840745817318703130882948870843921534025564225681571467105602837966594764083396025925438431783813365116373885731750661120032409330124321481296192806081143543143675962420632133865180623300450181072670619538116272384415934875182037517828578175482530006578780559096816225
1187 732425611722604751347993798263306486066054140580223012722467960338414282689830120212450345843806054327383827316093699482578670680728978179553265182113336249695687179510748151402113639975636582340347891786536361413395381075017698930664543549676862441026092593823537004245113001919167135633110772850689441029185137956704795459544482995507476960942714406519717524287378748319506064256015540775882205303777111688657701555097550921011128999744846994658708095076492221710969676394387241432772481768226895403021594232411123183327721210432359647182478982771801866775060183811411736453107502280047759976346649870155345792349264643399215611358645434773709490588411416269611917995966201419668
1188 2769729653269890097216935876370836374722405991729441954585383435680559108703399019426004894838180024306293814209103679431905512671901970756402435953483406465487144853570278653619129290078934136897371283836638435578210375417121647254965271190115046613400400340597428862825572313702771693741860048233035755716284641203264275152286384074716833730187907589016995419844180073773411760588050788165714798963288148707368949466565716624272282602129508620941170292657356734442572301283415652887490605096537607667083406855480883642112318425703950155300130501064449773261098994761770592280623434374350152926191543706370778631357766844664419726678750705464922067074024301251155841106757500340686
1189 10473979043118934400227879897205042507423080994730279665857923558735071711361400825473229561868866266837545466115107475023255944000582463653931455054790782845175880085948418536358300876543977856709168249906662445950361519313115446964539585475436054740442744982859635740568541039676041811133553503054914579474974691181106740686830681830461047856957345607387340321010708254421852390677353973946088532705228310393171468159961300282386474349656575717922986696097274740037354636118212166767885590482053115472294686170896826576219536651921114596201059804267685366874262771593008099806497892893253169945953882572598778057088065434384332512143989095839558564523688840181952758750242489319306
1190 39608325418640095080324113626773014603018875220755923806957530338693052623035069950487164045861278584589878295628562738196046770555285252843689409138767065968951443658274458946072691105131837700278347374328083499777669950860559930923170192390135153417775848091722913379367799546651723475100107428757728612037098197321734007285907084309685280100168024279322586718786918515825060408092845017969564635103346073670169750736647749769014618224601695383194870512788022478427729915420946546651709223755906661419403168778972520115214532916957224679353601055201709780550235616355826842102139809181108387960547039459713739168713296665015163456167981821934314776275419137929301194180693405249604
1191 149782723285194033332839405911289104337816067124751960343774854197217785545034413396113402828727164074288702905256470795601775747912666611788597511133473340967926866827467099613251514407053471419129348855808594626193057638905470849013877306386709976435015179933583189030038835873819011750988160100967959969316700726210641092616364733350020646761311720270396695465693379826616453211478384152772735143773944793258974741118602231127387204651096104752573876876197483779164157094977601514593474108968802553724443859711867389870893307294830257807415664663764935305758572968041188908553428652305994576470223247383035463381185298395098331006612157556262976323649085738903766341528182196484338
1192 566418491277815450680915140686149746950909810948103130754326533464704681478414469279185753787870502775833438788150697077261341095771586753319079832710110152981700791218804083458048347868034722674040401525029184538196573566960290820476565063937097654796877489433828520924659758221815753845736779624039500661032081173618541929846702385237021631549764505030001617188357367061104554531963733284263613126917266520527116240928523492137879047147944032412377323328854103626683950279882924758241014733990511521797783118252763309240571805340110866959583922944283603525482265449631448762584809196293146279280634004463990954798985758619341913410183643182552308104415892927199517680347100808643806
1193 2141970976490594027595450961674116232260287346049158233461301857827264554283803045512282335645483987041554377892760536669604101757075468775003526169631051554067104915526639845687229491291470716927463474900262032452351186586376870454198887737575411536843291419423813960099458775965474477918063367262155096249178303074147960659521804784322951213854337639528700681507125388811356725415370919361050889904308751940737073407810147334142315212178671431147874040505927752109757108657178723508538285324879840780821617587806201338263181057742843899821253443503992088732886667636471769237900303148841328719574624753793208714631331596446991726774493648876053783197740971949824629996110646596605308
1194 8100096609858466894473702752711450878982948374562218783591771906793463434784322181470651495084950356140802845707821280066384298154580061277731543074304251494142629524955490707839749947654588913318870323844444346807443515503000426519025929254705880178723766064306658889814981427163189637139499286505990908994810342296237216570137129902019481355267136276880044526619485465952144216781091419887513830538168208585432408147367993287430587796582963002358098779951832426423577289798090763129680631292043027779257688282968575147288155470455347388049294151785866159625883381104219671584172900747083549900499069350723556111082255810549184211926202109087551030187681431022746228928346145276566492
1195 30631430053339366613958561539816350870552996779947437728516862066708467800787239081114629527819935753531138781872112559059308561953920660730222846955800995182803155629456639651010470858632829938273522985048815636868994684100236060129574291605434891349633651773162579249662588561692587711772897471663204935160826329233433614612637437589847185463568414822030517798773346482532997226944888038996840963632099518808914029579535141514489730592251523181447053216841351215009848542322077498071142256025548962930745728749719255227319145965588853351224186050132762385942270834361558659474354420325374959148720693186272767516364104134337760983495810404266624985244614428468608856611394024721096214
1196 115836333584742314649626081522912204316858762931674767689250715519377364829593961582461458501919148290958018055913492632366848549811732095945935624354945867134794961641496195264812342186381655122435054989965165760505404247328367608165150973565975587103038285531661600593684898783176026956857140166505691449073704636562785053774438027683806640235690641392049119013519277189403828449069740674730031823111429875053747646718518085048131719197641990050266877984700109361931365507196044494303823313404389914403872007070528258310809457863585038234927009285928801456400932156713554505136534417939846870654732866672440496076302029656461578990911662214851168062830614973819413411264251251848226569
1197 438049096296629958217176131406655683007080142159156535687203369516791739728986698565192690614835331650630840479566524634080072499432098626339787502981624013354500200000858742008322246884921475639648672883379781591637447554755057328522337715248382467492767387733964696648970507106475961776659435424123049084270160399746826439487703244472177084696876632633611985547988704664533959726882238188531895714025833332588585652763677588864220838175406405254965239138564028261772833972297691896482994111462077033766588146581892180530235562521520591946311454626165980221026709923985917285940660744989987595629173117555567325278247534299130906244093664456890387843782128134191838471320888955619973182
1198 1656537338246630538098677781744464002830383204747656666847078809718083065267775636701635504277979274156574973871825346462620779421445406385658966738775955071837564983188104404689002584812614694794790772297264482486385878269483817933709752690349266594136715282140001868429202710760903838981847235146476861152492761281656027997029350730573630372075521415974270204433735026864120251325304251816669134754871735197768957151340841267639133007488065545175751604438821911776049227967518199951786143545685065142295467348503824953490226627835332971581807785506034978771016716380340966896012690849202238387157342153101881610585236607794714966576968273516144610211423244033692322679738565818505016957
1199 6264409275177597287464784605551620559256290962019970058905338212332858686836631928733675445917720048869500652266698448120997748447411064351571021457605563563141574111229530723714137908632670471974776467584417274098730113040408360125309673785469872779356040878412622338113735542226684389730861826510993428385341930565213263933219737392194903871082161536157551681804583162117255341960230083154284003035147148206909803186728410327372557813928048579377922182135043000422328498466662432110864655517404118693039175443745378211861814270094475258488572701896475841271254730207009274592239288117656412043683538423200954072002106270436875647456525002059444455553742284441604593549810180351866095062
1200 23689695136128166639256060030087401965240166870633210683294888017697736080904877970530169599459904980966470370636050395925260400641921174492809999694186912894362370637831076211050342149796729351301336016292110598039020210186704784072903977542815785195594557752939476139436716783253256132271291743403353329174511498363034811320167163893540086146015487902533197072885418578524911663825603055628332509448103793873277438180379648624961671545401290066780867904635073946847097229546627803833878068886225808354060827091651352388413541603641903150520337424108132169014250921994534454502839868334226833599181473760211746500946754788768667465934624739696960884004329873220188724344246065648345713728
