0 1
1 1
2 3
3 9
4 33
5 127
6 517
7 2173
8 9379
9 41293
10 184765
11 837695
12 3840089
13 17768585
14 82879635
15 389283441
16 1839640281
17 8740574143
18 41728175821
19 200070896725
20 962982898195
21 4651303241605
22 22537977286117
23 109526693482111
24 533685200346481
25 2606863801375057
26 12762564311227107
27 62613992051698905
28 307789534352816529
29 1515748447970413055
30 7477197506956052501
31 36943808008592306861
32 182806912665043508035
33 905842441072335037309
34 4494549661034158051405
35 22328553091355263708863
36 111057008642051053658313
37 552986943932961045086937
38 2756398359448500362372083
39 13753204711920761204566465
40 68687706827560664963213257
41 343358066534270455475281727
42 1717868780302976034910424669
43 8601810616487334944572811525
44 43105308960516622359536244531
45 216171061937289745937853624501
46 1084866127601049527115952598901
47 5448203633533089033944889173247
48 27378945216166479030639632315361
49 137674865153918523979594477938081
50 692717619651140240496780945684675
51 3487475288656523215613166217485225
52 17567488115455416646129726874134785
53 88540641529917531414044281416638335
54 446479451200981079606267253174102565
55 2252568057416592207620902519673775325
56 11370099282005647213532304001925915875
57 57418672077561023753153076908515338925
58 290093250102298960561517081076930163165
59 1466260340530150809702568003404925603135
60 7414250564645448483911287920644946577465
61 37505949677223732725625191623109690776105
62 189803461551683902889682512814833488411219
63 960890130229059265264692648648798135918865
64 4866355350200823913227431795196692868310201
65 24654117697422640893712037458313665679189695
66 124947039973346738148352184386296696063417325
67 633444909799494973793859906854261491641951157
68 3212431004130067511411995755570359181653394259
69 16296590044446059023820801287341327006330793189
70 82697754212737674829952444224695228262914911749
71 419779252059912977048152969963963947831856964479
72 2131448742753923271187796964111823070412754177873
73 10825601256364612639322168155405286195776089778417
74 54998272546212895611655861391665381181578075480483
75 279487746528782162130214935850066465289389243023481
76 1420659937092380948999758430414815111194064277293681
77 7223175873746035806855367992414319895276691396714751
78 36734497997276505804246140431945420139217589953195061
79 186863797096004990354223756050899803338816305133538061
80 950777177843091277831429531866388353437434650303084931
81 4838740386540130971845714610550614372341822732092674781
82 24631080057542400152834826446087716217006030533649459821
83 125409318130123769885420793234784674352093994550944121791
84 638659111230909519512192498859287188341480363818375813801
85 3253113315483897592184879548493061960355916935904062220921
86 16573641394154183673679794617354682735255124721958538784691
87 84454601721085376064568254803625353525069268071750838327393
88 430440739061220391870335114816674606811190881085648256229801
89 2194250420305334943466627336578774546866966229959889457056319
90 11187677752746501428903806867670583004455178647623936386440061
91 57052262104819552118314114497795980534751683113272534603315301
92 290993463580087038165722058936788526151932065234087620719928947
93 1484463015923658838801796427456234325528657336702030595335084053
94 7574076802211390493823086076876816309857150277770767856002301333
95 38651169879721594491311603582408543709791556628564359987429763583
96 197272563989828374288412817587558888988329842621955290781888347073
97 1007025293300379305323769575524291427731417121672646718628543276865
98 5141410664141797817584623401574098009690763494892694869750062095747
99 26253732719664788276224227162316937245231244342735285366044371914569
100 134080413660239867219702754959570213390764790698450549703340249422305
101 684863221374574041929536325292625776424073737826724742973316794838655
102 3498688780246605437584171073787032860092084697611232300144790547059269
103 17875925049296890991989969598054647377465684338152199805034804813697341
104 91346581169359442435644406288914355259850902075381030774097512211468579
105 466847974437322824028919576902534717875143555263726774132540698092058637
106 2386255541537887466372824922096658514778028168366875484468644095932689917
107 12198758219985755209788208125116826942737991197727849333859034228508832319
108 62369238666878515367062051255070102564383636378706563192064180486739567641
109 318918989192855739610363768115530117437909969746662910638229278740024489929
110 1630964214481473572087219846172654368317029412536944657135381190506420358163
111 8341835649307509624914035154987186766412795890281129842225050446663548715953
112 42670823338076893564907459140491636469040957111484337373413527687467078458009
113 218298972097397430652479918410700431644659538387622229453906228244494625253823
114 1116921717399084982585285810145652036311283678878141665043882077552197483729165
115 5715355936623817445258351055306472571245823344532066724719447095179250507617045
116 29249098110982660535748060714962291656202433265422859019698931845278235007449235
117 149702652824058325978338382185994517213466426496609304847679761811067764019039813
118 766290646602929665870509901652441257500480063484451749719636867853412157508604453
119 3922868724880951940573471925016990516064563622285029775829134786987250471061674111
120 20084428527620751027355993313590721671216793010593593520077957565589967807203706161
121 102839483404103778203463492791600277832700854806272704525715741268298629280296068241
122 526628387304566009118163766945212861392592474620085688531700571602041126744670106723
123 2697068040722738533679172293434230488163654467114531259268789576061820704979071253529
124 13814084291858187088817409768162083803757179497457097975233977655868385772175417873233
125 70761035936519164337293207516803830145053327801276787259669180405778225676950111889407
126 362499557750048900136106014082285090561604995302722648921074801679969461191105201283157
127 1857211438937053245334128048833118227557190929154059981728439656833009052262083677545325
128 9516015833986208094051477416316194553731719199419336614873598879105759261100471057802179
129 48762760250777096277201610966754352676643736433559922720295426834507647498689204551120445
130 249896470099371844538363755964096211554641856187215081437515716151550643840765864340992141
131 1280766875874463201160597113237444165101874400161796598032588274494086426746374058331945151
132 6564741066120253596947306253652718170575328459584633807258456472745543006104191641029767305
133 33651319600513021590962583181916781217356489807994606290967002346458989454062876717095274009
134 172513478116735499960821980666999332932646376828700572643674593010779132934385830205421131635
135 884463383226499919027395572112248036718623544522881634876038683389497605591092208735783589633
136 4534945289318470059331398758566624084426626045094917407388276839757818683555117615337562524553
137 23254076574020216635394012426289212052928564387314608213433312222461349034748903606185321948479
138 119250577867409298889309439874485046367955191161702733464474030322494379241149062508132192403613
139 611583472593452531148594746707448497014652482326080660262360058084951455508024935585754979131333
140 3136782166944974412543179798280859558138854308703243716943522302553396806055744339717623864390067
141 16089623394019998481034111411027838722573112066570461804235898027451573216931399005350519683951477
142 82535318858296850443263801753641332644631102293569680637401606999408638686794254828616406242713525
143 423414543583371188708660915404523165141528860115317880297913015909254360615865704590224291499495167
144 2172317238810926803900962218421510764733774792320751119956042508139129161144527710311293002194843553
145 11145815024926084652197256240832939731500636753453576822284878460955522582584093657206693601346987233
146 57191448169064406685981210273991504916008678080577995380066812956662821324116880914759593185300819523
147 293481424895482570822237496309698097801218238594747716136894206528464094223228304235748112372797782761
148 1506121467864377573845704065807159139948810861440796155027750067109982625172063682353029338031045292737
149 7729810253010410016751286313008637453581406797471569376814116533112470210778286451683185887091712830847
150 39674067680055678458633454718131750810003682318064500273807425886429989784345432955256610174321602910821
151 203644790319029895876026324499638764141566258147224073893050277775027307138381811056617055883217816645021
152 1045365540641275213906540128938793710009388955576128401579578687280491026344714320573660556946488172996963
153 5366498189563683187999713967704487697649130786614535406846864602966601279181807114971851364119392573958509
154 27551253569237637742458994846105291957204444537559126850589661789642237433068987478961430781899728237110813
155 141455212239512274570597144155857937522055530890719034382434993255979182049779907568606577587472794433238847
156 726312320557452035210293779139126040531426659473612732220786966487320606903469435857489772474840300230380537
157 3729532463494377651211181795266943273622626921998641220074042347502528875679216498078101107382089492145641833
158 19151886576968794856304019561930562455935378057102176997950423750198323327052008130405965650627478879160768979
159 98354580421154130104769088022600446292883265907464451304539264791151192335786918354141397662714135083668178513
160 505129992577938098648944659252112828930681859610631918996091664639947108677174880726096329706414645510617985145
161 2594400037456558733393882032886072115815528453720889238266274167960683931392520465483685377876756881439155477695
162 13325871991251078423042281511432389822779357417921025541884415991559189307047426677750531653896222356337760349741
163 68450864308667475018939612760826766236554996580123178567123461202886494593378031996751410034039227539724494391925
164 351630501126652386369405951347896258059375255754765258822233961096666987678409072343630864161175668324715639720403
165 1806417587970409676387543950130240043195304386913123165450441189370178382684877457368123789708890160263492133030821
166 9280545144746322857957982215914926345407532461622336058430256039800744735229026097356896201900970112726424943237701
167 47681758058855128263717443270066234995881676251914373829188150233157414781862387515896878576459351358812244479323519
168 244993290437824008891136469499676881659900220794077288309099207314908481218174534507631968687735250395077547727838993
169 1258864557856665661486195416755405510365195572187213798888129833601805228120010033589938122034884365553252157611732017
170 6468840435374505324474917984186901417871108947975706724308067341341276302473745711134475431349648804453779245000250147
171 33242694832330051578381979325431814049850701016188587157289276070638244775127686984908700936753909867374387014765805497
172 170839424325064142973231547159763546711442880586399294283898371520921773164305851515211747922443665139516042609532204081
173 878014752800146753345356116712202742045834849153793881736455265516887832196645927075795042082921910489254596196711276287
174 4512706761126279457997566073906674048472236622400298257379937583520179431657168576568395018969901387137872789460858045557
175 23194966756120876735193226324449374197970948989144942648517101981570015143038466699674043013098633162332965281997328866253
176 119226142600548426091335943092549945957567201211476626392662685417866669445469159021690725670388186709771218763152588659203
177 612872439553426171794461434919329557474678048753644004396207564072523145161653479768990026637474704216535738702153191992733
178 3150571328275036128024958608204354447575058464472504463604150007716135005866636841907829628560241253333867267670344678228653
179 16196789448486192861786046141420182143417437827309061193601304514048099335056731309745670880716849779973040725759584120442303
180 83270030948491512193215825602360822482120486277323088915402848221914915048661580229880591971405169839112111047338506173383273
181 428122903646950747913642439576996767086078826986638909014637279381029934311727543334680770516220163111612876111657264994809273
182 2201242687426326198253005568578294868337586527001035780640414863404934471244742519241234277777852472995037469582167081935592243
183 11318448592105842322905136359646725932708210825731049840730950162604154200110761039876642073163311362904320990442476224430867873
184 58200294150307123740300823998497282014592368184018557476848863004542027740112624381107627401414709368014121593380973526585705833
185 299283344713249423302047358167153508986286523586471688550743225884914201224422210488997223389285640358636543279583433341385748543
186 1539071531603031905647881882537754389963657163932491392069502659723267178469472436304626650963362057617789745766561776432513113533
187 7915051530930230812931082262758106002901677959789777192818946492455846763943788668356015370427221103388298602364062692781852983077
188 40706819841520982080440568814851261043496912167552891100574098120577697870758177028601138695083258775992203639818479294025832724723
189 209362499688200067120170320823014256769514980069391912666956524042272600734419746424992956651397429295671749486854964742887942785749
190 1076833886692620966207955349543943915716668764465924530775545186911709781112453156239904589669006024803776384329619553721429512418773
191 5538809679552825338491228889667442386093689188789022939887268971387388813000638685273751640462558382785574414280317836891589977723903
192 28490619627938586231345215713432360532280600644735732822417030095713904141687199194125772603470060690966125054455534378540527064696705
193 146556433127749130803181640469382446096006564123526322595257261119241652695575726449092017490613337935520339519893993506454182110576257
194 753919954189684753523283902750998403850814138002616425180477552536768076438347674735484186638028308741630488036201157912377036998896387
195 3878490847602111107324073539539888211384392684119538897180848897551692580701593723289124762455309541007867060371164489169339100649356937
196 19953418441504979975646102022265452233710761156477286696762776015327542861111729083679469949847259564345347547580310692781748936849216417
197 102657027154646386387450430214041909312266849510808823421623461968659674325139771212756489231724215607908828044082425709826221501296385151
198 528173637413028272925217992571362263517913510988787256795433599312856562537054034941101373588977075342285312356319406634280806565047706245
199 2717573222404168431488289746702782793968586168887219684093713289388601630453726084986281901893495571026001552759688912308019475984975714813
200 13983056758801833088745340516505045297949866760992389879391869336764552008291620612268701225735026169692806212588888894830838242796194966947
201 71951384660104596056368751698288937264183221349967309328510079534018925931930336660095226661489341710203174720417294753882627817145016213197
202 370247556803049051173146371449516317091397561330990843515965467256836586411952338741499505846998970693045015667610014290160316427379195181629
203 1905290047198916087189881563925890396229464582527792900922741729687413239197267059512292401216688860519959332216530298774625001775699701537855
204 9804956994452835904738369054742598042522577619593816932613519070290008677574457351698090198695234094825553218920810258566093724104188453511129
205 50459835620035988456913648041871304872975502311829708834986472249734886298830048115468704700031488406907868735741974326700494925125985141513993
206 259693669374323763403002650776840076563508249752907210735833461590601495731643874963410035542477860840272928049565562090720760072615859575841683
207 1336571323153453249649534495866575185644487553879308332825802439667614825747080260770986236336880059027283772117425879858509226477749019640465649
208 6879201221692194626742547317205021756036598692627470238647611366877244505646186403345658395445133078000383064861622931819991740628708493822854745
209 35407791652764033318723644600424135162211559531474303430604556216850694604078729354868798186651434086578062836841588652265867504926943318965387199
210 182252913929996219239880091308435197608563463922288240722565402413417855311193142731234610451712375029822293315587346185572520683893019792544322381
211 938133817734438830391884138408122211239321028250871169207851733484969192300987196329842618778777509077518498214342493101830315427475419550908066261
212 4829138215850929124993946525298924237221522673281949834218672151117122781767506048693708353497193706812818690438858614684073342332137248615709898515
213 24859298907871711161351454274745489935719639197896053934292728852300683325945703773480733616792443040365035695732403777422422027745271978627911091461
214 127974187037995440992360332757378703479875993724672349097576146384699821831361252069965333026306929865590631235903504575652888648331773553503298905701
215 658824911200852561348055565493223239963313155872059515685438197123279579710144515426756800939973956362291681669750764524956388697987565099107191595647
216 3391810997971421247382307508931225207542504113420338139272901245092545070740447225281726348512750935920000226063062344004121253036538772352933451447537
217 17462529231837761679279188685037817278364448913310074165119329872752062493857699185033570869501834438171653820056830881177364886822979296393366561365969
218 89907597210146330417588670670687147543237269209108897254165743353256942081565549203929717932499256828484746662180332370318850926838805630585112845057507
219 462912868692105489933983083883392758807509455938118259309523477909623696116416914353100806363211541053987131568839542176809543377977752195689326754966361
220 2383502495077710391299702309848285441279448911414807140516260655959113281397273895666124220113017379231962115209573588606844698821807746559565864654589201
221 12272847554252772560849183672007010814497700030098745335675011533962450046693031562595462127385338345130388751716196408745490141458496791155686669828736511
222 63195815164531611743588366366530807881809012064164905391780837283040372425276559088959637370559658808454662529629995387885133503491046536005835915403638933
223 325420144509853304300768180852392210009928748209358926002717869364776423061659860627609604287900336989085018049525242108912770064334754020638892089255007277
224 1675766725838483722633647255193157327298001772209952422243928080260057751754700437454381620637552205402629084116505599953312708579766663480847386402444762179
225 8629697890769987162037131649728756110629324256135939165350759364314228045571397452783553822987026634894671106658977731463299890768301537974291400530766829821
226 44441673834704030475869402297884715995524857127660613705558797649139565700349209452617174604198374192855483560283748408116552676881183676791560400647489929421
227 228874757310833089119443475756042766601560847422342428437798988955411421426651242271237051161306334913766718398378597589193133508144386631946802033347930145471
228 1178739802107781083102518379184797315014254710751918570264507891117138011081550778340714505898191423419956555986990952229325091275894366412601181736464161681481
229 6070863289100784350551189941672965109543547512492609716597776648621439477015857814841263774141031429002164484666984478319483243885677886834176153611248306149721
230 31267654346566729060083238329459226845126820972864933596879737578022649999536480713385041511261996043221533818932726527761768401750147366819069613466272489814771
231 161046907459009228879414315654639477384608642231726908582259786466824232994111391083405086518482964687338537891161836961127930459781664329192326889558075278099521
232 829509968417824103980949772417158397251163464649255611204580245110589088381997223834863826867042656234628172902701318578243870675937014033695696465418363734585161
233 4272704496698300080951937442860647848831714335881674338260661736272809127000906148453428051385582706096082867675174794867676793158138497377704144231240061670943551
234 22008783174317443123486237646096899871222669744195466413882627693464519750087663694709518516298696406223374355331926747070333111417668953518701195700650058493760221
235 113370752787507625928550488747879852479660374950241436762130640446941101847232825786764127050348133135606684417306431652756604365169970720505832545870524246019470981
236 584006597280225082087907989122937581458244020021857648634688842691231956164145548292682341921103172688515934441018942671309249999285344833485602012418810856422128691
237 3008472883729743598338952931488522094996650191100430163236111122823451597490165730535627401616789112802765324627598797464302497779785208254941268823986770646949942837
238 15498368311369060245486811430849815592385139185869504247286562891896368558734824165682769181525898322316526844125286346744285205876696349081983370539778472177707835381
239 79843080587142141972048332928229110128057847496276742532972225040709371024973395927271971815310621812819420977631819112626813946124618744009990979137485569931965430015
240 411339038699254062143834572952366620834854014741868662028469725979422813665765111395846885490567759226926703042035273655502451840313610256120334287545813895774478945121
241 2119209122810169623726588186233502430520470491117006429586919891448840940128048810518720282371411391153398853180309348158440511212341419153953844502861484952338883908641
242 10918396217868725524837656491314918413923497576470706027567923978736451671642495038011404772077920619262989052079664266925602564412559004240583097108762223017601538954179
243 56254198805334946205527261045331055844420702393838076005500160840973072401885333458760053805717397135647073601083438645635530495424495234739693270183094924772164789828137
244 289842458078792204163596988445824799452144990283612006844735125362157114505552601714937824616757504344662499413944772797776769943973957565418447121466082410592868323253377
245 1493413051448270141245500327447624060716673899236316850728747101431252555328203833743096977144670028075910768608969992175271383168662095878145663846503163135056772610866047
246 7695000814562615682693464423408831633799411303785909430758807201028478650498865580429887928237529807086627578935401071509224950661231172420122203964845883570996378839665317
247 39650448117153109472340348296654222007478875252495496268759843768133231886806406466129558829473467954021781901981822808966156980988901805079488123554314682883446020933629533
248 204314009063724258068361517316842363502584072279402447938002231208345897359017954989964514262393794369279400606692578766907334362612470662383411993379189927016357919329115619
249 1052831140644098345215470112630706487402150427998928703083144653008068456734936541926585228359782544727420883567483476962394755154702300772160533892434266944479739775458818093
250 5425374788824434762291079700341233106571753247125499428236157052786646907368557800885188950190706170496215333378605864764628545797742050258139484189360210492818509235750636125
251 27958323853506875328566799488696693285220890406381234079984635769127624590832748187840248901121702589895060946639421392224710386032276272773784785991269190524756127994818093375
252 144079701032849367787635878484303168823002322800229649624530249188610890203196156673798898241440420146795080792395015757777405680707826011938957808508934179816027496955931918265
253 742514033228520398391759948804719479064588040435974144351694495833401020523469901785547462360277165876346846161175411727808271075937366258732492267642414485299278525862784854185
254 3826631596999021087832029128565868171488540666502835115193440941634430792531114659393058226670620691423769020459542215065901760469705754514757185093931369370112184139521127704915
255 19721442640582927762612389999564052572803491084755935800218458900572044399056208709642406995102811485388163229933971738329158753631790120626050721822368082395837657913014915296145
256 101641407501639617893191619792784823610345675744813626140397597153703821439510467455781465877585216032513104993553644603498306054366027187443572183380070245420532155371674462501945
257 523856750443969942657840368017953865385424350976427372679651496427813400907419145905263113499401203703603544935333828999021531347074566640242635193090429911127435049131123863950015
258 2700002876663706627047552590266793461463936614139687195787252197913449380019481882855097419467453119481746571440821852433246559488902234439706525867096826484879637101576264000741485
259 13916359569362707938257561193633414235512591691962096113424515918054353976899902205643469013212452131377449378399052322507652013423988777092663443053719045200674867524263170740064565
260 71729319987848455769062038348157672445324469617007779765593996707860453808479569351214957821729165828924582975372658996999374311845895309716053429700099747598402669943102307175350355
261 369723767109062250337490583082288563052877174062586253041382692325609023811654169596843344313130323107759842551538428962199265850182024354580398741318647660537508556637109015526562405
262 1905757052886209311318266764142559241682612177635552680303260313122747521552745965391459845876576024276124503259474927350601110616242451960823343701745870800959936134178911614369552005
263 9823520148393960102168706673376423179185268907242104688253010403790334765516918960052290803904225671464318038322284779161278922522416608229046910718612814478515977669121987052555024255
264 50637949530782696547426799557854666349712887374584595471254072835227652242358795094910912937866014825522266407315375907836761732255891142821878473661243226338517955371225087845422399185
265 261032377587719409703147136188157751334318492928800933656158479980725410818077551868674740303740115172512760066604457214209229838052413586945350686080564291256708537722674687775974432625
266 1345618263505401779614406674931647724513694690259817979973376285681728301830925466081531998326686919158715260568057375611815834934941925625305588401342998991035004870749746829742340519075
267 6936789632557317414200135858866972208308535847248072459793674975262801031986334577243651022982525013797242312277122302915325387410707931012491170538039463154201779381347150283010459557625
268 35760556144976747822224813631849489898275220448793074244475856680706519414601679076151328618336989286255980947124809247483477747642904657011556575242866973415906455189491870565432774786545
269 184356742575736494833916286498522141832424333682463446802370258767383068804379932878703313274680344544956984552786726531002159185441092724336130067173137396945456340254306673363368101125375
270 950435703182591600912648018425895512747352542971638273017531386585366048256279473760523102935172581381844577772268696972608562472913324520381553453838732603584533757164611892976949799148725
271 4899991732338463479472492209822843899155284156911150662573476960502494566496545772805875808420819871636786193660445365978772202956456758915649810412012128086901009005929057279909826961501325
272 25262526123952318969007161223465155000445304336708499636059405758643837078650731926465555507577883989428196151696433810332520696979235063052154155520364675803759119786902353767926147268258435
273 130246770233746096594437373701617401610341163519598643066612929049166008030722735470688985428263983002407052573854764490435851090991930565158155680713202996376490002840272849870192168983304285
274 671530658207842229775672682915583015903391725325470562583517691369115167921457720672773198313194450576604732708890147122719659004790035850544005511285162151035675233935127505687435177491286765
275 3462369063014943289198756412662741329114916245579884852720456331093563551718904164853227966945165223102784288888619030904653888092459549996897940115287838196146982632950171895871270464836720575
276 17852105370985969478123507368171295502137175081556258066538016709659855631777038617044508903460868882606948196426627254329789299593419327180848803371942293736222776126182448391918586531400374825
277 92047931171626277122811460944184264551421392379313206677893023499207916267480598853300403487202471541577075001893984210886950688691230079354901280979281046662382316305473369570290438031066894585
278 474621129519126841171617485303436690489187016863327698819208603765043264608871159889821201221403896184807562951539314487318248667636440182870346352566928272310566734262320809458282505635665409715
279 2447307216761147428418114559499779491681295481935986864365695083299000413896021556374343440798707521830636662951637794714033838598790869272994031718827086211858600710683882750288328814782951273185
280 12619386418424293061676931004148540554193448611979396036442769474046206484371116091284813871125447499951390976102526948709505296701057891575207260564494409643462298554130512983194023668580227934505
281 65072314490324631934801054499858603574570458524896049254621837815800167508612805876815151332944086632648088235435796104228867039520615266865506950855101570189779836935206574045382459053731981563455
282 335554043832694905816986541843583615891650255713586791857804258777067213423994816610539183248246903602318820585042243199360608002744407871339521576349757462966962098701358921356543437102055828389885
283 1730361525638903522692471058341707187134097971627994089080934759065171166961946708885363827050285384591916985054773187146390612241408056142686276531764923320896141221511902467692736331066246718203365
284 8923173059196339127184918810500187176372116013118780107639118179358780891602812877630386626116274527389221524674357504907902343277382323969671128459128106159901314448357378250315141477972751376382835
285 46016101024617371357194298386754741765218226186277831697498044714327064406432179277519916647159989550728706424108932246652608575111664697784564833464429644835010055825256469925585505552220684744945045
286 237305770842916310802972761370420707390760864462173736592116467848111288455213206159806420045225746852487552576906390537830691016834992917997758236375412666681006781995516337878700028495142297494797845
287 1223811995330549553987676496735326529735290930995765650946387284673071914358314590591145703592638566154415091574188980295370168615578512799918819273103821431274988122328766828805294933682807334008864255
288 6311447602428895042963412843638462499556886630080928663799916895395140173565930030072401255799784844219923953221775660539931618997283903277818997547643567377162183175891147322984789429373602594334401345
289 32550005879199555708777540321769934418737478551807328448415357849285559053849833570534464216686518580619458613842244660732117313975739228430300555520111678452225979136242732445849300075678141406676141505
290 167873027465999366257862821999501533644661166888711910308935262271002001049478825688239656884756413568674087292965797001262790247491088590649371689139359920673695415534952273494218490096747873387227244675
291 865801794777185026387103078543629508454766212028917396482516257129158349892856431123391255550830373355069108735183433497640314325859620517013728076513648145112466296324660244716822970340617315181148884425
292 4465434216232840538475430847880832790524657822214187251344822400530848596065043174938124028528023245064691756660335723672387383020534799782287723780271674263127234655328109339847354493080417631149879831905
293 23031197134346092173768845960514538702257298650854379330671841117789198043973540656164025804239849470025828449850036596691367053408443485340251851038983170575870327351511677070741111642940978675528311474815
294 118789178957163552032400814101540692278489842320517209146162747932575037862554629591848273826557173692554169353850975715376666349911949525888300103561881493494056417293791965588223637495654505683237067289285
295 612695581615111558648776803419158896357298119293293456323535283677283888882189824060468665876224544703969270533255644081503565453594240162436824404945183336735457476312015437028479718876864415741950664925885
296 3160239999262790679297859964365015732831713635703400189043510572844355993264336611407083915773775327514428512194666077151763771264794285361572624983106257213037309191671104336737177050246054845880201075571235
297 16300569657870114967442231289238998869491093540549664074068691985254569709434190544564108214114249205413868343827098804506081408646606069725781925821934785671561157991636895928558537356504341877101079264499085
298 84080028051349233456695331605526088819869223175328461455869091484515312956464134162258788991986836269582212330054910761923864999430209882666171593907335224699707396264966749485850762164431777103140743320696445
299 433700791011649701438851915902750414266765638989192868189178011158768592476427465434201891225449891190907581765304918222363028435509652488167322966020310763584325505691208389669656425499292317330867884690376255
300 2237148599003454239726170693575493742627073490479369039104542807226051833453715222570512365305873697971604219071837858284140811891881594137201929345876940106032543892054452069922587857951357079686419993107975065
301 11540022461623199867757390983308650687358858232909232148372808153288167889967336684597188527747436148171866518282358084755250049790999808766776417439324453686647069834358261126990135662995503706484448460851861065
302 59528594926694872654840129915296853197418229864619533676317770827927788977038058992573298244996121087758596157879543948120823193811595943966964698773961310449399512000238516066418362444263672471919395820002798355
303 307080131835172854015141623588990449943683943996020279771033769822396929309372794589395144852921743565918510368840971301535428379493812389252568634123222500586374305971089105129281355391289367728497155556562751025
304 1584108290713692205755395147205573738965267954960215128199895604542667823474691033121195053748953079879458114056199948953975081343333215887630394243710288561197924152354052703874813012074752622852548013829214138905
305 8171937402280152885523520553649550136279681474265648242976186738947868282208647669499798495496953732920801513596106478112155838075706027652914313472330207735266290321194391813710429509843917777991021666212830451135
306 42157239539748107913267634931849965624059388590384402329686111462894369615426949145684521144041528455566124277113678624129026354208597150630535307016212281353637837052479984827639613123570851704472647526895721100685
307 217483455300772766782906917039827121465456812746611840487892241636041668149734758947236624074963436791143941031933741922550316110964511910368201198339686178825429036430998475373030363087271146282824333887265363910805
308 1121985289200511757696910865028939730132452394085472592151561408965345088118574379641632014930700282139736527412060350644392368952756696357567426878339152837131996581576542889900569186312473280371118219262438083945875
309 5788352038086664366591050203904707210309668366462787394284190498747669172454746957032486576126477763840404660242248892258682059445765614604131887874354218975773755874739601118728817406282266915863444013966966473124805
310 29862729540099924433109118992360697736292670392887713139143833409256221915012652640131621616430186596560598199076395155205567962277598584703964813408807064086044468363437997181150588310376663743746511548522171931527845
311 154067421094569819200466245665358299588057571127518979753704352125250229344933276937192429780367907383640776915027379045154528929125490612988078512767341493452740796618015499801816636262363063283802878840511252807543935
312 794874984158476662731064812228182812293878730835280505623461628413178468036408203846951813146279327602923418959151491368022242387174837502611854445238454165604920151074699117223324408566083938679441797399071149182682289
313 4101035295130968252772475083414191219437853001974771921498514338152397883925918408585015045467407848509788426479653544928873863421263476755675887251528592097369458149294013455717121220167916028214650058873737519233075985
314 21158983684656697184808574645413010198627895610017334785358161012662981435730743411302553360904510350691382705382120595868694161555877606216292256321399999307190506186150840431664173174812265774493653759540711617707685731
315 109169840894644467470907197512313074320111825821243192674100875653865378205043571452164183260940057244350602266219547874865994386869636950575375692885372004874698851348011458996082428227681132442285350323987016744427960985
316 563270603476355284175764104460804996329948676737115367918831918248607098773744461959069253755863498815732757242860885390072834183075788068478425838011046959244757291016123484062247016132222954468928113438159375661805856465
317 2906283589967299775361953619740930066858300403043161121078867279570438990145766724916779067035750238105477616646531813278652681942079623949335693663105563991439081839996281016639980440629085258681079207825903434582296798207
318 14995651760131254899234846979205825988548837504624395105109626705338298528538281905641497158783974427024846509476374877718123328526267036993282583261672456671762907310364347331013970262164100062659268837431805439118340755669
319 77374724551123129832966000225221011051646791424199131453418744842582440556981053552342005956865057996996955608701970031996331001789898815155970044284086836279155103615921415816022310777887278808430871514635241227942733694189
320 399244790929474534087729731902657936775106304446368351734929239653457121765174374086705231062232179117178403098202446897832097184865431329328939359652097114190149943620312578522604536856981511668517912319478031042924326913219
321 2060087818949637248507945930899749320187456627559837238821980635689943369454428443911101179358526571486962795317646764557129382241104183532540913620454891469687308948704087624367098326478268148182433383273304285037731863202749
322 10630128240190540824198258652763177106064466524397269305627575217976430846816744391475337088897937649873113821453309109952227651918940606684254045391661305964181207753288941926806783155564506787513356698483977420450160601268493
323 54852639223149534368905576207823456730693901430847876780400927677061839988514420054053172896750751185240718833916913823587199681829085649553850649673767936131382074801357399126930293600115639197776270248035947789215078568938687
324 283049745911606234536237282898934025633352784421084438223387829923608858220705765346656109688196556059577831477235617455548459361733031608761490575200238031781694438540068091775737652841235557811339654406754722047101244661719049
325 1460609726841111771294726978266217497983306458752924820137041195329306400893745023386225809877654787392018663845759520670265997278985343260062008031191976573144703175589226831987509965878837805623448209309508260260471275168709785
326 7537229649431303429900224180993346243463096699600427950513375969048985790991892128416904269613804636961535220818906050972028267894549628730120587394236521743386619158321294921519596424268762995681385377239272109017703459675819635
327 38895146352986937323562375455856381663095567594123702160054334428728725039016294813362815725644788623662939673021113866570007694797915406547165586324298068959276724694302382609090027118165271060980404201101145958471962614978523521
328 200717453127306782954878552171343223095150051875931872521631050947711746307541645887979746614245440060929128076338634669306919688244359697559103442145785103069724097653917966149225839153802738701028225502949588942779959316195234569
329 1035811894968133109424881381125259308378865416868407212383165981495039677571051916947585290151071176266882653748551852788102990959779862576138427146497681961346851465767373247068511445928137032117617909534790190377087952689736364351
330 5345429949416565857401476683802986149745105932898312517791195196124649993381104428256716184759500479320844212428239683788677696817875985855721164374783032384937536075175436188060563031024163490216424635522783317973989105254776522013
331 27586102602672740483745102138133110772305886394905180020574265145119556053163510662933026898674631555765285167556613740087135954001823041585102916404422900137017326110823041748339248537484377409490777350172521753172399360021883153733
332 142365242398228861658328654288078178118341401418423553788648816472688546793628333788238935310484903901621525189728865190685009573078446367671321357473166426073772402400307295470832617280108609542976960394123065160811719699798379853491
333 734722739313373090723294178593400834643692981505325459563433121554255875117149647577429554189101320820538650917830255438407375652222928321934450867658335586649459351783530517873689474716126101557442650735548202181384580205956117213429
334 3791829840547811965072779844392192812713073330901595567118615826103788249709826813559587533632746895452860089725646975176727729302684743303647343894672187644112566783258744719428007881792239866868841110339214704760067205899675301654581
335 19569512783015475167763864334915566641457800145993165884232645335220250865051712188271728537713925580816533523001449067188456159616824122313139238224484561785373409876912261748513028353741953308045972496511315310413493021528128833331967
336 100998975033577008521011628368381958412292264074674395833699871963044085812645261994608449966557668854225211648685025766408570036176910476145906806856163471012259977506065490708758589270774603378928324822920852703114774168569760734474017
337 521266320041614327988141188990174344704834770699767965001989358836619948740835151886804136025619562258265875150954948306648341008818742070517076857618585267098004462572672546011809536746116238342716221682022212783766974507085964870841185
338 2690345618600113767494254406603750332113673287917534971863883445684036743970147382072911006409923058669965696533868841205197714133455131188708177571934292961654334288303528207259276897427150740542717602846312546581903191098730585800321347
339 13885520508993006372991131228226415788770660589214151010208136551023695899126609661594927032883640433062845523484884066365700549608793590967037211053042749839653031597079525230435251396307965814421769279498436575604741320453833597208402281
340 71667440959120485443634321925645006822413383202043523148703101232221141347557300885998055871490520844112602126078710699894740508547512538351123807959759880937876001568628569630613674868897495410428096562579489763748039103032906554161538625
341 369902479055117139736624653685505844685488314822124025554335932236419955289093306450211889668988868716123169320344186552672662147898984078296456519583591422581465002323759431791032199112683515852632278579761152318968517349569742108189100415
342 1909229628031887946432317267819051385683089479943568928836362278516386553395074960244848988513644545861688764289896872934891998802421330878587912869204552505699813248375006155208118660289803564971244404251236814962585108024781531774836062949
343 9854500930038249938315244581306131944708788175942701647376914330433525351921460553841840895648786392631036647626109528972246256355425727446434050946142576285175966355435151326189026992030936553665360689723122309297343369457288472847863758621
344 50864715343310968322056346682229493270679309440027337527824793998832724386635426314614799344138591130590170522301707123476176607769639597460486671747342963430036486630831030095722078624224421238600366142488748285945924317399677760977170563683
345 262545200788272463866365476164861918576191306595453141365326443956311254977515667580507553805581899132416925877117072072537386901186464794707177107698703539289176016745158823383284546277304518356320144373204836301326975857675685746258546710253
346 1355180050972710661291473088147350986568038267046318379635503314772268461339943940913028748783595015296158869695459848124563434656504541876390139877949584600015262245875108714861513655356339946059533825500220546316347251704610054672333723229853
347 6995122670720826715290088234703671255964347932141818736065118515415872465641290123251868167114470319432587855254394060902339534894434700667259033039170797328397721033338479577525161193505823310450541355894473995548249576955157096802709712145215
348 36107636173565078015821104007695680864877503521935994188740036667221240152786313801067556603027632814487268233154868624405877272574914633045057094707829151635251617831363972957076713540025264764030163774248387393293709868010848868072653413884793
349 186383789587008747566321865110355182622775673019864904575622871343205846479859824218435511566579353582840110145579734540057787203502372394703852321454789986376880381944387598456111213596851203913508820163305542281385790630832708234660057616959465
350 962105160048711291724287298541826340389372594811952393045789022974269408058838915824422825630348768773422561469007080457820526232427872428368612476883219978117355756153618869541697557488476895433971775967771544873551217351889607781339173471561939
351 4966406301095916559849242328746983522259643496754586255112642432279535875102280949971217370921191255485137550257080544741430672107063711140295094288484397442802992333954339676202469058579662419341806548445024363848610497887633755480567457421742289
352 25637000662631460187162073850278241531501109821599307271794543634279400948398365486897868531032101379826044405116175440856914100804932801155611588646779437319764692455391424182392636599746385148909393827647616950897110686833798677554267466748725241
353 132341916381172699412054644761687732681423925675874903272022221065280865807345160147122784663491127386228880230973220221159100178374170511237001153925368415969016084259877956127919930811696949742990251019754931854121327933734711436455879171571583167
354 683176360527107230515498377339003392539459788377601052698594437275431615600936690633925941298222156817543906544017830473803214071581751954471476565654737224735712766279843248203150225494247028685517253431237112567565941046473005729824051794291471021
355 3526739799177479040435323569518167365418507076893242793800280014784690039087519098394292701047829482690201306767861351118030298940544845291166482061071341658037214328255272777462237569193169378601680188960317504079737396308699806808038695462354712565
356 18206193558284188825558624546460164116707527205188373025170257969228025845432716109032499011081218169633172570562551735611355607618177970660937424881457556650740877501579525096524656390351634191506094280846095066327197375902684707073552037131900102355
357 93987481374751065596800280064877450067265501710033313580682049968413762720433121522724900971111783594020899079395409183662157623092862307735668284108081916969549888944352858750315210332501292281226182061411402620103875861921520501169789642392751905061
358 485205772217982850410220388561428901571089225898146936803116521771155234241813482562533252351139454637324417849926262747513977207104742074995638608603748988789739358658305376636520141123321691622426826754767687884518506247608240082408429530830683579077
359 2504880248630970540171932530286245171261557199352980132228232102981655914366916746193515283250772747499925973791057826343348054881179794703735016332611646806708130494556983235702688250847720897912036809619446579155628460768746368487963810765148522201471
360 12931622320832527229347909171202645393393343199778015978636269600283938264856690268589892950639399111161951113515218188892715647739618851801840466281639163689209616572798489754772238206061861169056413700084252233594561255308684708449177199029304614727313
361 66761188974855413527515774685325301041178884488362433195931913932149732187713031548173263763457083727459822880205453423403499375750813401603581828884011173167235301429936817132301283286539224359002974529665480956508516816853978314380518778196709678875313
362 344667307779034711301069489369147250761219243382058170443450614549694997548271540339095006156092452586192394660798402459898755059378918266786159065114878855398916558032868632187811026119650443227986990026703940743040762786817105018836835657873339216971299
363 1779430673554803404188201699227364328711357042484667590520848457000438546642223857531791355330832723826088064135869009890825763100087249862850472750927164091456011683892244463647246898906664571835208177911982700989763303147238953090794920059825812572724793
364 9186857450010798029227114391432209951854192564851102772913511923129123337701441969853003992493554708222865086926310598145291989844197963054852171920293045781867528381336609712041012665746148562795216809810790687704925760187712082862155439996635601016842161
365 47430508409315529287367561681525541422344064457040162574555921999355480537985265378261131754681383088640469174125383276797539241947666069365205836066756229111036650772846525529460766777827534766391182569769853489362961493343154524352994557462756127782460159
366 244880076773389135988034159924111811007411239225338551167544706644406731740296202129740323965678090897658988616917376032326921829489214041474565796012860376782240402629054829007765187584051536063138960980452779726931465860255810857545694867050758644436563189
367 1264311154699859120345964720851724774817678794079178189796982103181744258623857372579451512456120615071616332508860196260745068166798912389197315958683622550283745285392612172767034962543190694179979435086459366301316256527790756162148112854363757092956601677
368 6527686732838557832521617233822617922810687878436216371214401094642961466717726711513588042762707810520299154291369216532904995141465844631377584598716522686601575924906857986857673716396919800589325433457738024282673807641580735714154014089665926665202412291
369 33703067520108603827622904375027385416149191582811874219666455821939922857508693668655360168437365526933401961030064756121000544332260925089692979051170428284387734396239034011118672087404004160684542122905530678620953245551997827874463433677996812958524101405
370 174014053001865878265227052823091295309866525753248438743155491591674683348457984643474501684524093695336813720813169784959397342098695006677269586845842098580304349188337971742885895337280278384393027351590830711834127471614713240475167931448683326381797835565
371 898470773417740123177565239919894725191987279774607296558055012903226311448246344770397415902309060803993623809970582277966911969163698487178078571488470647534920022601029375825522148678510825275319444013705604838426925952211929000492525695102218131824007815615
372 4639041963011842200129545938687227951536896323110949665572085017374031477229185789281955521396275344043420146505963999591685823930114068433689713184563127468874937218247272926276742991997501023538501790538505695842884541185413737976276561910891749034920663818729
373 23952857837933363667748491582467760664450682320371961204112247122099378927048436815586269355659225187541514130332842553448321222103297763557777250908499548016104743070562173788064004660270166070028114953220625002046720653782845359677217378976656769523159011785785
374 123677596601689407141790332358537241180451490211391892565370274881792878796760904056796356759361006467478778520368813918069916538358958252578213738194052952828806137478635031700643806869113000735809940539471608398631405254194199145425432727755223546444313991709235
375 638600680070254936717756869253201851042617915269269753559275435570911223746336636071322479596163610388919325791057150490108782516945329227076383013214142325066799593984256092737910806887646380555026371634015252490563006679229592433655972513130784314606744101429281
376 3297405295238150141917198970388671203105704262992169226087328529027695591897592519244360293109481724625857394615085120023408755255867307480804805939457283091993886742813190264889241170867830897314830196269543459396453059080550083255019974857925503483596754836098281
377 17026284095544633746681448964836503042695132635475280182075468400705767526577224793269818045920124158309641473238207406905481081339863134920001100754893553205017737693106446701922566782126577194620097634572529343065276302851424431306484820947565410710419501204978751
378 87916823075953571236326619474855497573466285803815840275468716885920500421206878567847226359671042680240823033221010088487427318983494203045378604517798134564611178489417737223205063657166917671746275123074968644892898763992595842236948579452844499424223806212211261
379 453971551966756367566336733109939223296219614723443129840216376896180293223976025785314686720552284521444268047629198683759822908409962739927895631512323136954548675052217900625257549013454400990693612991513713463892993261804966372010445418660257884917495576191937701
380 2344173808611385538006888095629191365683977584299937522976901778944568209758128859398607639839845759432817285846390617927372168610722455311701029859407025215365914941626244004016370662584430780888491898346461385167658332852139699835338320851135632428533314909471829491
381 12104740238391203312228327657294550784510681930693216373704207834496466660590150342601492764097312195970531228025045170261111207811056376241575209207244463669080981993015435497999502747603041789485984910402420768968514681576966619535707251483967029012557407706489389141
382 62506561627076642087521930060400685501130846977179692772721995216940090723988603680737305604356569302097630542597555384026639540998493652475589048140907899875103173092056552528682920382433842621273218604029953713591814606328497108266531653510237719049520000463895778901
383 322775225306232267976799190163170593442812694999490454297337128067737608838892696598108282968696774724815266811654780524991995639169260069570987655909482198243632584244255044560683200280063210529472447766260549810395786096097707492781938043774366497195005756795952474111
384 1666783530003702044021631707077273970918293528281196374450912819361173150842829588519150570124967332814840660752385353667381672757509791939515228436815809748292780779391324842099729713539463981862802386463249244407102418080187342022381328283955124762088023484031970758401
385 8607214164903041199309364107216378166391929235866199139167362188484591196452426455089463256727761781523012342637149443912697558040942254242724560309280032757489210168472903842935051963231373442220460238831523826412913678503662982353824112356037068653659001819219955825921
386 44447812968766524047687087602870050753776806603689062752277177921870305271899087953926284556221792337368646002997816898911437963816049579961650176849695527990426534296954525465420063691028727288147470381651523039140863557315151022681079656123092276603387520869813976339971
387 229531629534435705918470007294308227446448929565165228922935123888943866738994204123776336666991132659021881515628027719934838502740324543963374551816108152793396585469037872346463959195604100110945001972611824983120071462025932353041237013173681423916068167228150527261961
388 1185329291651972139347414327901533312173742632230760881300430080395834456705433557436407884807891520610892581038562568358810949885835142376592259389758237785323383933261014393243949291997118027699869877598764694776100595062785613713174402679800312164056610909488803375621921
389 6121245599311797510835282165271544984667091634780258343259303854034385211477753236397701588851804302172887353126362441210483539884011038749203904773284355755389963672880064064130649376375724875799598182490985732803404091962136272574650378035308924234189029697563623514323071
390 31611483835876723879883602382043720926439845821094665277204957579056974811078588534312472514043516454075059165767483449014049693629650137842730122355872001632619161592904040273826299156755432367493910819026827682404044714923894068152593456500236594271001615765818310284690181
391 163250389605387811729722515311237568235171329017744683725497629879547342009709195363018203090774247060469560863043106061279845231950343860451222734798815646593718153697088257221018143075386981124712027607457062076059188557854570383920445221304894084281792461811708341379443581
392 843078115859273058618531123975521648948775806141041822855706270518742811712373927869657049852392682525386328365218655279206407441206047291151265893664308573635027935419104107297384694251789556418252746003814444066708304311860651498135423555271646166090346562903351777839871651
393 4353971981944228365058819158989320923870351942423105188419939116543325854462463937933484756158269727551660683789199635392414285064192530106112790332722284401614796537051565945248314924947612799881883553422763474491207900683125554321238725182398523196821915070171500917452463181
394 22485763894339191320845382461211454863405718581378998704355195504460330851951828212280012993831569623999307229895502098751811333309417697347109011447316228703589719413044852182638859664296314793820686293665496530739368094310118831463481666671109270158187623816913582014684652221
395 116127170267058956151580623655053626041881729694170349982306650466630724066986133760765345088520248983514022950287748663842452663840663370456207498681193711590262768497599038598445181165610420487747187402320089176578909734338162035333181035382300044673539431578467847128272171071
396 599741637177212153817515472802331287855749401702633972263626786865137383387947610869348584034481395095825955453831753558597092882375337487193999803278623640734569849955287680614136367707252518190304727832967283259500029651730925883428682334858508911487222007575251842995703768921
397 3097410008672912633128085546076237832312248130783143028901514268107050684555871153542684459510077412891527793354629091664121045406748949223729027498912317506349920228646260782017863891885979400352514358698578015227084235289596046919021394472311599476944250216208125052557757570441
398 15996954596747529301167325155635104473427802289492596130675750840893616995036239256823616656024583263033133018884322698599368936325190489666574008735492738384170904744963724485296355962547495080951813913537557981495102777144403428392601544406063843114021345235079711254843208426131
399 82619017236823311892579745810990730423354721870843344881712158134221914908483907157311899448064988409292410792595409222796949176119955226212800219936667282869452003902939388564246145949168242834367976005176586411294463215381068182180719736537870729762859988454337319904773863773041
400 426704098627100248522322346558356875841242215651555978871524133797047526630496767220335227856092579073830691742194869693511646729678790671562933453835379015218927961682124142960905076446772316796355248494891424160206768530330203516184013922064032232467328856755758421892405606571481
401 2203827819792158342798890064472220609722287532899582931454881430428004279284628503888563514862223081566750472190901376712588923160556299082081096496726664350113913854892070309350974901542901889625696483391053629532279993001174672485091659246599246867683572928717269097580772287671231
402 11382365951204543541093215067833417057259722685612793949259465474001452532717583849262423348418237630513695487685937978201524943109384756835734856632354501972740362574377331077466460246049727187606469476415702035914423874555501922608912820728283630657767263780360206224626781550262221
403 58788373459034368297934594652812830574226212812070100589831971367955509777154550489222044852763007071398910906524378791929476844171845414203959627887441482306480179836571534434652223492405191620191837134066556112128374429752178858381257066796046777377610455688639958115167547265267541
404 303636754893315101152561487707973100173333785823988459019598426724414750618115291549337872870324778817903615358820885131436013718269306035605434309197125099470108348044438989120748335760948411663771795833986944149436066999367045434690175971403930493795456828816701450957767325849469971
405 1568271373897139236605666098472608724066774345760341719235674735963507870051221613751070149046438301474513648036270314832949886103632450082660030881983495191265420888302350268510638119280187291868853702351876059858758473418025056258152850633762361062277693792255591087209637392009773701
406 8100131076548671767876630464282669325350283490496458967921607725524711369894147055594773493451106801957569288064117058481901445879113068804619220878427492286799270573650752950700954668723034222554551473247578240264930400752713020996025002145255412804241202884535928752504767537854070501
407 41837605089984981584091969962682065078906951856174152588298477734562011888118448537765099337323743508751475855018785473206019503337870426793685208333676550010003026708762985951715149553376699355710197946305507153804039413063180285185942156248906188236702773323812098114144694855390508671
408 216095391235962341828516090504876293792033519081978760696555219558326637820100688672440906611747973094508767178522601685314235031059423845076784072611565192409363445035334413982621393802735634993966904344031326181678293659844930369778416264337553313857706092494621850089105385243250121841
409 1116164209690448713920257096400312941390671887767765853992834739012673694995003833780542254386768472177035143236939925869354566042639182090643912918251675737546151163470600109713053637151664156414372082731526383501142130142808198995232479010628298041214683298282126879018372421963469104721
410 5765202431723489488022953465407479992157234861055755501190622876297392779891589629172584630152162203572878767949055212811903559838219996090752791891509802990167181907354501778800564602557561253946933773662967343964509799632734442719402946404146710722747908065192687192965919239685604778211
411 29778642192463418693651370748836119146079689265813582459270553039929944982135438019526345972935814765396578063393381234833638515944542496829359058385652595797197751836750008801296044590953254262585885493463037373700414925177116733784780616168674715611608514895203946890777894625768034265561
412 153815132814921552375145951641490570423704011504668824297938420327993073906032501166154871427084286536770351370348298573986978806042891877380820326950492935268765076250345578396362915345535971245668107845160459416663777215921475605519446652890491410937232209693944788272345108213331871031441
413 794505782820129973060950948707313028350613898752674463076268211954039589678518460834000918859743592342618193774819161386849237094060357935895907343912898852038095386522053018035001068467485157144985451043261752630903619974835106909805104518852245334577852744482972282430313952058905729843711
414 4103919811265523242905087269431051334228990324683985471849139213022002217282645560638476252132866265248021576953221959398749445734659323330517023947235395399017174127780617231980276542792378713261278740252964040481804077675801045730630994452682740213228204773653947981813401255783933600016661
415 21198467106974379987370323647228589850291172902946431980854049633541184132446821747133988387162676627442710229559431254021245589791154908891284181791328643116974041600053410109882523080858996051190169153666868447876381942760728419580972037619018333944950340260467876641925328207081284706891181
416 109499924138398397873660886756379840770713375306634297304775197430243281819126846723216635680982844692933444938392612615922029552051092536413105595610610581916151587876527046441683362904212165782227363001193134691397072153368349096937969613924403851819216821872524756331595216068145430286097731
417 565622829957962873357373028233470262718111422118706110526850238602863858202423802392160291591889038423772957161189431411039806268171531312547829351130212407778054696852242291636240621002350107739258097513254198817703548757786272435925777800707941056187591104875875991595428385589940304752529021
418 2921754864789702859351873746060721521756189363798417177080041431421900013150460167313500439095886528646984171699760753506141029746048353335916832864248944213783567121844078782745969392114452272241920512040944206855309816902097923973384576054796515017993888492035664543529535632202599932864360781
419 15092609550248244607844737394099277358833273671144285134655481351790862803539942639236858666818539486666180652912902459901659150828201385527652419166716030216939406234488851605361415784582930897320204921282999816473286471396187656981621614870504367081408415747522717362461501732521138568646776511
420 77963009606653135543530645230748931549498227577094649134072009330345382300711869325298987298619932344068757384127118816810506616032436575580192150313311206959734097586295689532112578778553745625433898156241388742885107938089601216997948009437728697878559947256143265650064632533437281206872047561
421 402732367505196154788867333179576493029330788706961791332686159177623729359791590155367876447173911183705263543936344684208730429717404249696017891590834662797961239425081233872525740230146645455992205886985622105871433898408199870500222746637813259805518043557157624524437476976313204550599372761
422 2080406190419203764009566618903831508356937515006533094848858095987008007054347654795115142628892083055163543650186005177496698265938587182305528430248918134009219674003416529138222994599682944084376592362324275528005762764103783061039693191741845407008455069418415503592749347598179853360396030451
423 10746904390782657714679219074090751493486853290920134089577001780760651155268288530773991811913005642237579389839149865341673790146039245669951603023026335562441807862148287288728562559993269174501659764845114071457394631787564717142590735687175115210216762701573724954319703841355743338648969420481
424 55516523388348220066390139514743687081166703676633862688438017017620377128993350114776031899042275168210993196122721492905534191335995137974743309332112848864997656900722314836858651154177257626896425199144690444170620576946586305128297809829150267467522964010100397634285727143336378740288346191561
425 286790492040469465027486684579391972740798874688418646476862455886569597681426224066138394575388488391954595297772211512461346184785712291083823419808514164152735600761433348691937777378527562829362532615356877339739675857400909218168384512824872152502874362248850497389785386504701425971033273841471
426 1481531299760683595530197915182356879393180271260146421472038502861118072256242130522532005300288996295789990348533495382673489552031348634296992753160414165410874818184003223379355994775917510464971495463879102712300176897631597451437343172994731648813936972260011034822618659101086097005902786320221
427 7653507122234973915591912558127138743116955779899389418519458588377419883310752364494373060131145678091831643370095092593704290632670649002464565382186487578028442466566168189631609569673236783059668855712180108892282832559267373487736483464170324904330152826265310718574198520366201245307676154643461
428 39537910241736789228547831238153243784438168171985935565686606481356239641738223284409328033491257267123328164223284023697673363201048406308966673192772751159798896505528258646972569994880931364313814883316270305369308339697835785066938778300769379012321579365481021041945755916374123414498401121050931
429 204253955608318602861610780164802144182055831548381707537810645901569242384918651576514097287849488609404478300818275929628300119091727757548009062310250079208474470221979695789731799532159600742297889597909205049113154523644010124499026001430526719251026834315581471036711299141031366484785185666087861
430 1055190247019777549558312213069537442201506880334304527401935508890945266704435358596727995849953801278117897837382563647892511899721212667149492373376718431658444499195640946276732115118819138689340545945809424853413239929441705619330184192716212710464218912280405504448455541531587763394906993692135541
431 5451230829835169041723691757536960728585064045197070516570378940485864401887804899913020286669700331195381562706958220578038810717025514165827818653348994243152416144176291937518813025124555215624129704169534785764857600934177366421711221195681619221280322598281854532428690402515142325593256536933518591
432 28161894784387043721941501159896460353223843612615749472968700798272930972950131686866942733210026475489528176030444506870131382334024826363444239848269571096172918395956131126976514753632073249897091736601782373498949086333890025530921427035152348847776458129423575506459398214996046368934110345521128161
433 145489834488817880798936245667821882768971262947763146957660994401669612233099060377383263254029820274890992875504579161003197359704995646194318581673111329286106937814708193912909495138295032738808088593241579556517659413794237414165209801376423979303905702699279110327086726102449183028865303685966840481
434 751634820337458603984321582587801986016251255242730767108938741943035648578121824754107856761525287141137337932540474596487864254450335694629638470525094538269682317846912086671102853892099692743046398952592984957854992120339873117842742620832361342590243915418962571656448229997296859771702373735060041411
435 3883153688035833870970980212857749609367265107939278436116771083332106321366426687276295364450957124214700767859390995726347699847801234533242901633593934788114900431936190558804664207922523198121938791733759424035728453131655335584464203098569422696697949238913731542756191823439129821094359465530645420201
436 20061606107053865728826126807642722968364567674742743916172889096404978090764607883961150131407691138103067495827560685250404627126572100393262998166931148433167401736246924637823907692342717810315422070504981503580531876354663727838599948405162067266634840408239748400167422449763410169676964043010794065921
437 103645448326345888725310585909138587508856382068437642769098949066780475913433937048206176981956896997055827063782316879762957729852784399397332300885100763478232292842746650203603877767910463966047712243312676547302244927059000023633455551780699604566556623526267441393464983857985109185026135390562053691263
438 535473730382550912643418742866818958524348717832563336989174452617535385857074481432172716905827567769304731752795046913324510221858704704128852678432354622733307672043030350662919048649586607236432766481446594544330642941790372676961482737979040738715584748369861506950812056801812821501144605172009374755621
439 2766492452207942607440220579276656319943786688747368702892081427859353211838212857389994818300690025730185929959169234391687505291316745654092332291952131814199947733776183064788592895808052716837920553754844872791007509195446930218246709435724372246889694513951551336519831117429889810124257802890577003055069
440 14293025835358718024364230387796980988967979632680183276187913606374717300717932603056416591645190902583228315310389403779859094379950554471460975955512884297956274179501835143078951050163827916730874386231461467709577105356729117281592371287386106226276009416039431616958424940637382288829404869632447426287331
441 73845191601578722627516532316441511395002043254466600246839066137978824314491286207630212813728423817706949332635255240849076424292369650104597205190511540473511680282670092509419574424374224486447373321490809932709482375132571072362775772745985643383596867795652422331215751333785257822913198904623572279330221
442 381525529134098734375096633948274141277871181743992717468853791342368085182879872120316142334417908343720474822562291807441127506790150800067029292427322121364513571095887395062926093620726454769636937707420140226068207179684500644752660903858065401803777015413893339232155178993449231965455812933019057375945437
443 1971189189364801400621999909800010294668176246439982072339483571956223291446418310436049576051432510965738463127851529232788122063471293719742899139690310178177810734621843085095090429153802347222641107241730541499677334938304271788035914249009798425210730732897256114144303718926968070361628507422171493321749823
444 10184420507266088666941018461731941203915150218075170298004808590775628295776166132625499905382165993072797752163541554865907136023531835175173676404277708923128051610464888893213045484993314054787466720464841076789686949558747226661163080760447505012687162246807605717974324223942427908554310422940085951654786873
445 52619610688392227505229682786154117702734345972635515253206265759455353720155998377983460593912959665266782543546535513289325530297181158612673091004166723741611327307561390062183284751541282048376106692591349241230651517131685309056306787393987680270381666664204355592603960448641624706334787930958586639599023913
446 271870582392704127843255506238322693163086769340676031644661127102903674840707869378041343622618364661817360183852630413326050196078151700568831114921778806664782508580761104320134261857370786019576608346809522143525585895916041660163052220842229431908284902493667198021372633615993265901952981612777234272630200403
447 1404688635720134734262447702200826907975089084516655138015579410185014151625343338815578743426782959316018292890481551239328342877547310151856463669201115510683117865218444743646613357220809389298414794966784554636150611929649969076778071156923951619597852465588538349918832046059377089497000996620572202284656342545
448 7257736056498349477147319364144899501168319612926831539021375194367052913193494708944472251192849180002933270017793250032200289718653233591149172011295911398651603185640125090644833661107837019731827622357508802651489613968908639601920047899849012597042450202559234365921466999842483186522291308021623918730027619257
449 37499502551569665052383109603494652089051185554824502849858831744868516124781087913543619285165960324964198271503317041524254608738283642421611161343409381656766034511795894736562943925346598864929346404772277479274533760679059732757698943977949300324475334312420960545384286767558275747865390404633529348224510213823
450 193755064949063604813901564991050284378894386148011638806213152466251426441235367245772125660998110385651521722006739251616491166305634211928344090507263282421345846964850442363414111689096242710567096586086439392050095482699887183759019399525684134279516855349114218640151415081512717479950368302807167206131571385581
451 1001114677095001374665294042031279427599467346434126370357140872538209880520204938085770906670115516812060727472722475803082696010140317958481713124815901635539361077674787843539818419078655489843074811681669900741588402304294500671214512137810260626125390544239796296074445653547057838193676512592052779172426149363381
452 5172705882457324319834977794075333053107488943602940786759637916916263757670268305678826523311053396586482231348504398546247164229637218910911532275217803932058185136364744901073316876952976012132261427682668335465824956862192115140978338644479387159889034658349453147660519289047761684284246855514568358177058821504339
453 26727289674040091073465086453876705517634163197639327278193339651955932871862564073742877432610114116168860765652498574161813819549394222528922450502001337483234006331850466651498503684596680100700771034753971199415144528608914920162511158760585602453567118654384129319732489715774904227307830633103524996506658214594533
454 138100490269740583939767795827033372908815613953497450435705492307192974360907508934014312326056613269736830521215415145112464003694172387640059895338064369011835136805664484970733776429614299663621334558540637848094831160571550420476999042138676984695769491448545918915502345909336102379903511032084879432948506907770629
455 713573430015192670891000260672978117764611806508151891218378139822546689141637737329598896656521351889643459211056627454047340462325218194073981781768167634760168900736240470882572806582214648108777870341420556789364045246207057846792011636423560797200554988798767285536354401497634013288692278940028895025674072511007615
456 3687102896638351414752024065015028842356522763840832995837667678946032517535810123346824809635917194121593446256765219017313940865076919734346524060384189663792358444938693676004158044688002057189744520743506161301835229414987801600407824772517744360161857245622609275580612203601823061491962724280265797053777832992403025
457 19051754113782016431029688000955246019157230867146925433963402753239759311195170825784931925682173959962832314725714487000479320176595835115421568368078716326973061948186910403298724045507392681362169367636139581693646573621809915235442738673862635872728033378946183841954412240416603851086804933262452509987684674884376049
458 98443668030352884789017422459617142044967381194620693750516568551126122797998835853116208097410142180091119265206440343957659958353399420387761923649837537358590433330949602251351941352750970709795137272214301123076728302182063382660081686421096439475361284122497928237493464697956274152425953750495997704769609110433990563
459 508678875478841206788995507199137643225458535256657491876610966931129215487152141139790823564060245990886453793620090945136370176491611990269208124760045270046029156551810559128045755646162729093810088329700966394895460408299906765967438531316367154901910704020048433816783772806602619813805318398674958935261981099808750969
460 2628468037043875664463078992722318573716382044508318490361592215843114119756789476553148186916205002576028029053462121716466101483352314875565904263095527321332333836535363132673620743625860319948502474691502063482111677502185024910711474845637274517702807918160861351892646920395468580354315999370380319750268277326387294577
461 13582032550822591028317120910501493586537860068579179795067495078967240711434274071625599084060308409173609508071775600531394741223402318510678255617741439448153384806676183306890475966683816763254496442991460006258685220898895611913123853512962906134898515879130993597644700603752352285025337481932346453633562545275428329727
462 70182670506689679456526339541087759618702735669966489153589989323300716665549015091644068645955144585790844250394167102132987683586539419426901315231325057676859556039217737235436797890410455417179945848929046880308808345820133093776108725925096054475590009591868023645335651821229918501692217247711756158491467853039857257781
463 362658661631510423831487136713669827645835100815013439176165618590497162089257795044054058990611896065140421505138293216082950501655470372306233982752880019647637736461331637595832462389451156914190696296043398860198661536004667618496697163142490839864731561129103188866275174389087375605174753610777934053137240326133083835917
464 1873998543301045858985352993891201896311856213512630567195500381828964178419723772626191602716917878099860632286145352119721864457025112610504762536750163373218536483315582519520035663529313803949492969806240932771892860668138448759382979052176623432115985536609025861710035739288119897215195885301998216829380233769626647583619
465 9683747567297049068473512975580699751739092657138424612071294667535809195508150496640487187505948848325787402000621747128500423993130061270992808633586243325274242716988019074682306478125373082807106553326505600874761324051536886735897375874385496750877180149419008953009829390508157413799170695809647266711626292378222615911901
466 50040388671295898358936749171071551440349978024304964629114412328967600225089533743480605149242251780317076329379888042879076640469755227070100071153407281973337956744021306722571461158022726711098348877547301159325595982959655480807596515666574743726679685301823572082879860943137076045105531104657656564297921094770694906375021
467 258583541577311680388377466202947316261192723745859919077625789416204212900242218555914730342555364712384444487841991160837641896296166756234151606215858631800128715197313544148175131229194146929479828090032366351636334811518528916057133547659081122682250291510199209234520959399391173488946198956497341950190089545462641429900223
468 1336238750977231948181830327841193690061790986417310175152819811000981845546122547818654205911172628500800125636705435314887608712426078982167711404953480887477713730344718174978482146936495420575622078840913444190661385280762992763904650975289853152990724390850562405183402552319730371728530842275280308249032079555394655155902889
469 6905103780219313588923527907226594994246033694905620835133406205185815151746786844705807819370372894835217438547359399216831980236227374667999407096188938665461823275278544026174466534554449412323791429431723745783995539754594728429542988361838343961388411191752630899443065375455110705850260214360380433165024722296796616326133625
470 35682831632540591022099031909778342340206611006651450578171009927221798561058340587121991220899487278538003615192918934614876812541784989599676617888780256191503839812881286825461557348122107001530787038355853317175444734750950017464030383910275074668270667117659939369138442534809787878707303674063184827220988443728037958949043635
471 184395938629267622137149356846810304813938695105369606194071388577296438986842518518741335585507934578825536953404122753739109209713021366985502939354376641112463842207953714268538505867740526113863436768804270075438270710979729396717837993479396306612081641239686999578290302158634463179483590061347919856179775479985968135737593185
472 952897789596194997633607184030534426429647674456817536987618698982819781204522775187500387809410005202975833477811563273298909758551567460127952976368756522971272208124246930640243614261359953068174457297841729244395216337764726438911688264397457937021160816914713292777219145105853341288895723793912839815989346783151048425317527721
473 4924296593582786844106790626326710553420582956759882430962121654387435503179203842113717185568912104525607553665504287974426546468993632579227976001209173031714979572849609837923440257410229310157125510549376391756785979128885349830978565277042719967263342022914412889356017419041292604235670291163139415898510959911171117033629819455
474 25447492154168895650805516226926390054917312001689326928313755498477002931998777166571906414509404548307210294849274247849380250650338068748567065140636038409157592347834293104931184420006777028662293704709592037275209972614307905342057807580019017806369216633616620737177449103717683495438679103217680650439826539235160970603689665661
475 131506938082682468139246880497394436855769303113137272652581189193365514927356596685493068728430880690311547708263276355904810210409751553725122629424952908669512892981198871620887720738519021403317845658800668954040367834721487462348613335357633750315729001692819227688954864722563989359217696145212218929257468310002139891157061342053
476 679602897057918544960534401576440162433285329280918237320681205003934987346036332174380698037693510859864502789198501038323198991461746951215598816014330384725890798829550342058166294921357573360459185058691374393127821947690875885420995227449744225048554580478093607588023962949566611797057944945098555177226438707890172124987881279603
477 3512081969598539381509722270207354314801016505322927485885018477062186429551739114860641447827857646795696503706358632934055753748163416671412903918598559091764810409610389907898506510038583325917900853876518007186354598226244650920042400156305185699620909217830810416302591934433896684759650405108568683090537303189901205805115946844949
478 18150012142795725182486012041873885917806022257070567434155683058929308468520468399649600308863649682118408316231826198669229901180767836993100260854534164872278095965773460824758949586934716088736551428645823636906684741920874007270002331942133206543147657203161001959257890150169122383844062075012822254747725607465620886994219900354197
479 93797667538707194183374145853696384052728130314590201110131138688329249872661657932004906341640093519328392071647682608655176416536671191780257580543046826438311671049027993003463760677794950893672497587749188399688468319286503530861245998390781943557521485351385975730282088933536455098057422559570914624486957430535487156477763012170239
480 484741261446571657059452893845187833624308741541172469587583542750111581028500970987779518511232263472843145800231488451797929386757620154280170588690678514810264582606943238347789759265804581538636347182036711174653719410222795447700860997112870219281460904984346185178171641843766027685756424677213915816235797690287374063005048058219201
481 2505132823854796525588155495660521794447283091985495227784429476571752295812635918349474678503060158580074390274239227842814427585164011954604405182314411495931382713770148456563627776910470609104158463563829115339126749543057890033578388544538149603503797524149415301980685104155979978052140474582528453737417377984849305111731884134573121
482 12946558361106736251124987232548451284217841760592075458048809031220700766264701416936830017159687411359497511083742755439440503177056350005148924313120336377200504620962671330715890593957554080990838984934034895083879375710363522481362781285520897245496421392740939499617155533136852254260408193943832566060293429692960782599451351044649859
483 66908409316110622003741514296803200443409828077716853626468618680516025862912387217600643753642499429113531714940516671378265806181820924039026356995106341248426555323623401248850640572334348894293561148434713357363975681587818026732218234048953806561177188313199675755243921366228643971359595380436924478722184970659577994757934093455330377
484 345787954702732041319874869623886019840771687003396280739142384389667463092051955216324349685481995724739395761684287554577510529134257691124767091490180121420156696918392846296404416387991672576426570632091282495204041730435383081541817070607639684334105052695639271718343122444338794451622128384152261280229100564468935634101726337301233889
485 1787070925772728093647578851886735037163621313550508121734453464981541874838932609204699523890370016469848488540811729307181927486300425565073591334092110157339140932460140832119205437448648101180201206450283401812743839766747928832882813252824231461883443059056023586124686854770611697522694256008312676629312822484092576757411660802581309055
486 9235841663491159489248147337272435648782989646995114718170318477729519371467187289341896659459513237278042249671968923840604330025951405963148559578841209541955601799977735928673969760967488417041151439329109999749786820239848232089075582909935848699383062692941656187877677389041587743801727749282253846659701739033590577660009514986297889605
487 47732471117094284020900286767237724429030132034164717467750870627632981735040039701542419803972241707382529710537882180511554088578286696521109626623340064614013320890286924804074696440943069157035333614571450641034996685006297478327026901270260720962288338025112931615802599446482735413722726390613152287925833186744519784699397466490794980413
488 246691449396723057328235296803855462552592717129763587276458888852232207203296645916189597731822649407896080752138201812401059109548669970681180447844918271495631822155099434504282741207259234475254668339144968163416014463521093200797403118564027096975423460777125422507441415704020058280005773445349249623202812957946167839975659986134607880995
489 1274961299339141937926533775927614034877470998221585314598814948314666431923075434832250750833118278460347851216330347618805560729343702376760533192157821519164770106648556444138164241010173206759642448494633496839233945421170490678735712800655801464379641347375293581101340212967390644874918447010406510603889105356515200105538392244694845698829
490 6589350728334659928849304617884495526671292859523448804460078901432673411838116752634477420972451281852009802396634238395941721061458203855921614514902994006604523632448375799511576164080831893609148941374150052701712976993662560998149678349913632554936818475783638547411321487703984771157518037992498794998914913485887793142337968508420234985213
491 34055789385708298790312125810217116158648116621066051850444982550779752999361514498025091582976543317750603262289181814012771785041081964332320050333518017185929824652854671794134807907707990173890169370289072160131588802158228030406315249909173921898066102820485026020729534628548811660351679690822230788293655055016645925932222512412034901629503
492 176011876377999018888154130396311580041296729029267081019767921322315286244328302155586269972639428138822699347236656416060477912294062003542833911704671257740634688261697078658051380252943653209327373860806641039954194484517276933595903268112220958946750786061113530178254327124861365049604374929687682672657373147068035109809352239233529280181017
493 909694727380400633925925365012561111977771655459680613629992309216941112899061925505850231034290954944890329886650974446310918583252219285155942298189894561310635940874683040233212133136085165053960494623926992845583795760517914003415355305685546912024324128905487716700498601017779288971587876849141825299901183575378585297826305361997380435145929
494 4701669037606356275699957216485789568892918384039663228152468036436179953868798473618408244406324410941254242215995060824531235126763393517314125935873580523105341578637390925285573448315442827089005327165730403814430282943623304617919854645450723137339717136305439574508857916668720519486940508313906397468250360436832008169403428798413693206252051
495 24300269699791529262048354970715641041004477072002069642682501774866517998104550407286596825097822638944444953330850611046727564257441151063127439281573287320352856907025236949721817020907489295867228193921515569453423521419233791209685334738191987192435261814666728711890135688353592095169450039679243062677016195117089163219766265187923663518357681
496 125595125311646598149940765234478939540061409058973807941450476506665859435124097701128737128442509845659793779763742402234124791016327350741280850737222018608097396456226305666993916611801626153234591501530879650508473481728630144200305853509006635237830096941743481111206712779161195956365602366518730812894593455154890472602034603775918611226806681
497 649138120521949241939199718853945885104954411785109380804736809363680873003418575801307292295661860400817150185466218251705912198381029411940706095368440165050556546265061886194247718195780433019696383682734111987204352243797009590311316042893275265589259664405237111326247249960065655960425860305277403502155706685205216164325575634560515450359873983
498 3355089220000290319486139618987282036611247000301057456342276971853713824184895882678527034962823182734477906273139258510064495273535614701886670461227805929173867310977251868824814848076619873896544572916737422710861826095764401149285832517752278999371242105564661661420864763572735944946885372457003494077102359501989949562079090165638240225464703501
499 17340980609963021743751542373915510678356093982609188395130379188645807297436295872597036245811262102135380619740721317683589477502480130004297228576187203345922859623511073626396987972738906982583512970299303086313759631956861376598887035273627825382045755722189381956012098894329788963051942809609545241649965271378024190097096911391184690789596245525
500 89628440580883996102175506279052690116033685472905303458806356767933180258614626187898850328662603696654206384926905227989373836294200007569820418012615427761155957627353108957892757225537929438469878074625300382567097353266183045965575036397406817100382755880055352655511619747982630634776063597844684080055687370166426126183718328138712607363821572755
501 463255544929029460603004854965255165636745496617022783980091946865076830372034656324218564039372310750116483218815139016907302727726790032859395563875352368615688329874019831885699698101359086172153545316674104450500922661637931688333312288004074460947286841839152034872881778989141008402152033687425007304577069163263690320373688121557401047243146824005
502 2394407147324739522040072944543855263830894705539218199498521988020160108277969828017945696131293989549837353162208648133691029092800306760898309797844220027010324078677759065399290653020215101278345747933650420202509960532630582741703547854975830870910703251909174807941386673785276196141491693235975687527282535004658511874073401212462754846234165674789
503 12375933062988670666995836575350291777340808413464860820952939473853915558045226323614996530465236064328240845423713332402191249231579103651314679148024758121361674193744126500343043908706420220165638294893480827418034316200113438692100017595203114616410484401113976765810693492319637552837354374658259944877255119476338668538494925170370477538307963224191
504 63967660976611126472203221172811788364613065008694147557642155901922349143112311284641152505159154652326507798769090402017874620085097482115308620554940745753143043255842532045360569418783003267570927011630864144593224862123713622668699338355857442053292965590090911462199675507918030720763587752754751512598341607401546746643522115257143130295304018150449
505 330632504568164017689550886176198058556761743237815176581492994870142437732510268096597059916238835996790900788959269994308223852437021708965705658455810283957163020267147235981356864681967058127940861583098282848150667125336377008622254454346020631153838250736296828029516436079145094975520753431085443884259048646653358510127141774999668457596726651908497
506 1708965007672270047954421832397941707220748665740544119665571753142632003879993705435193391679304289843948247205038848105889626003845071271427522146594034944502944043265943700341301888777325047806078107837586490177650112305181255203900869151404297545161761779855726761694130096770478758803482194795378889249719851785237851915718343337473400543756654825814627
507 8833307127377056612248594721830341381004664338715376901225129939723138696314156431978429453793358772596822296427087700057624091982567953857736790889037895283412508357427386380806763334814970918089251479213822190473136533594432599022033500779575139295143336454595780292075539200155544843656812979443097224594990530673737164000394038617396120295764344851151129
508 45657909022150243407383839098793655368584438798676050186557357233446415124075270335535309910221734659871459895011870367061912698143075533198735260880524255864221579440285407482306713101231696809443877719058441605622035706694539172667092964666207583259696947662759460296620532210192545460883807761041255937400510897891810916695515651491820548761732803525491281
509 235999576260591183916660878574231269798866603514844755780424254152966713802156671467442055828956495975128420066516828666838705896685353346759720520261958498447050547632983324957179087028255335599348106019782075315941469794793088255170878850806163703502760152710960529626142082633878102682809845423668673881207913421487815183558019923884240582442015012114309119
510 1219857035503359920463713203188303878606094959476466747890521555614386686903726031663183811248178325273819213289073416013329847872728080705558363915878914793937667016957548025582833511902478356799420620568531982521294339508140671350576089450288103781762767926847037763157960587707995477320367327118081529915799319346492764133130844869071677480269557358807908693
511 6305349221762724534550657537987052264630228165696688020533428159296786399024381810998120841026612279380646364418290237302711903367782128126908424426042018612140654520780971764943173234839449264832373804865264410689707794899041512023632621483448455173340273066306608740528565207461553763678113328011031073278149257128531871902233762421054478494212884287635859053
512 32592062343750191592046318469552678113138273654426057866431100757342253979504573192074005518841913192717276895296509034999656954968261010237949645479825736228152407555144468250884139931913218389471898415716193110187548937453388821820961221539395314501514354447385931367109648428726037940185273512244215782861369274835481761641862026839567505932897483374782408131
513 168467843986061251269127728915388613799383606814579866404451147820561097373555520826483888704634360025857463489664197367654007177783499114128289677553565885280045847602099688096536311561969630004031709730983338497898167099499612270567542608616499182428001326178737811702499824038757345653176643944839193423136569460648602551065857032267141443579703515452032803133
514 870812514787067312428885105923678963848013480858268859733622943647393131611605193107107467370513838211334405943139965874484701226693665718778101749079473911154252683456897568584572809643988030385013098546272016450283785431719962485060508668288885262087015943547708373966487169687750726549169945608863757568636660476355773824014005698580546656783019272391529927053
515 4501266896670115560276421086836832928876633912192775467309720742109983547975311622787019464305189679810178176963611529540966461969281207399283263233061024786166122315597830102785452326603272280187242228211203096462142683804563293609080289750230580996889880554368945863170586014724223909427826565706890734288149974266656533709451917980969481785043107189331328262335
516 23267371106098271122318733945960864374847177616786558976610961517560409525635124658580651117324456680928931074051914501106593205104782591156622629263685818451437217574792128017549636165399540342633810261149078421408435962602151487607173671708186495030331444300339865296053167936573852003219045032677359070892797971201358893674517052420010828332701388760030995779465
517 120271384042215429653150812233857709008937815506613527167345211956628203970522630559788892565602358817403395225539256088078733022281585062894291340400472240597670553243980320679257633389730999308872463714279865386130377048735964753041400129351044390029955449996862230036365447509637283859235013279546303898530747220379552143856155698383113787058186146869909981066009
518 621698373455564860872362047510083428888570893243306224003066068709081147124564604153081010588519296749832408679883780974828060881306653717992666133748512462323270245653663213350815891006134064440955068576190929032892851130263701548360822103577376661052667402291361337393104925571814509930334943982858584151138512665390204761477762266302190771007454765445177397167475
519 3213657390974634007420962701172111066225203077663253048568501958425627450880026665285993157768832492657372345534563232824972708904376835804295995557972365287219896251003697455727690559753828847366722578029652213612036673596062944583710813639727396689457995268737949048021261504668161689725226578210017802010510696341345066035573930574415998289574561645066485200571393
520 16611996460012112692826602413376328361691032785962332989572437223726339036718329290948406698252910200593398329316628044738981024502413037221759900672992076114836729188317779939595085314392112338507050660762602148652909672033875073610004372076630428431339987882086852402174067746067284889186218480199343759643594481879812950427115899764014517855254956765255129086122633
521 85870993519279561136712213522911728541729676031341304120679738017984349087795120393886082608917992571307855631107094058535670912434045164212817117037498902485254557723169237820946438819866075443023777971088434196576414986894917718235780648052939840609975224867347880218588189109592751602410062043596256219042592099700771553187031753474949972960473899658752855047568703
522 443888137204661995090867176413687715970497622981794700882186114541013864274334272531612719648503893379440240642659146476657060113527181394152626969213325967307596701163734616707512650069218393032272436185643784723674557385409244471992409281938600000246058782341525300051964734902875919313945178983635805241505464777406541569641077236811234321424912568762799979931060637
523 2294578785692969332117768855424458243798002028588460716280608406720519225931864886054125641233592923314328483338623694817672774149351910652025962091449114042369826627378180952483167395703279992053200955615002521021580401527222944787848696087549073850566707819994055070481292023268546294216838229247486169506540794908780792900751675317599919091096323056751526390432660165
524 11861368115716170373527206356891085014390851745224803131363193402700230449210421428662322894594108602261568982164489823846634410784758982325758024367443431944364564455647781937443607904021121341428229456511785301584983102988920291065205381781305698471483912274542557415416275630186956282655809352057180153816559094678796169565947523680080338248616402592341953879502175155
525 61315314576766790221132747803775135801675155303259181458035961557089936848325812986138556644829075661711186799757917222320592094771897483953635102804261926973670986940519305348671607404805499864107007194457493291682628174477409859519949920710768614522536255436357033155490245490300570378353051295235334365406891776838142113529384393583751420641874943234722802937449018997
526 316960756063333049470433563642903878676310348972665133921866662623593067298972710718677130617044131676787151743025453643466138841530964497983989665837494434209487832092892383389122434098443479254693289022013218046194902811863721310262103790199914521787131216128313584610565819409205321469601999806043822138719926997646865345086964882016571892448302192317835286143843516597
527 1638492190033917349632912449939006769072201146500797317314842233547586106499439969264680836734538854628326953510790284633517484256422851331788338015864546383732047245025324367409485507829476457369330521655786315872068093839741199736962022743586425858450317792704197892639753164501474693922875964524754290134321857240721808120324821830550846689471325897660971226879732479743
528 8470042633408657544483896339385518099648447862021909935517619931306386900972090535237514921640544461341016775656839549386263724308406197795020628079449899013433140825346501608547386552617930433897751024935343777049276770329647624502908764432256637166893739078284502362204569862393465424975660403674658817862916420296961306633713647456632296095209422085507243641993019041441
529 43785382441554090131137080546776606369971618017247806569002985983143052138973641285385295859382970525733228356969190077356462610088297818922381020167289709559270949310560891204845200128012177589635216555551600497611186615917284194508587899660649291556750913043503006701731740121172678595173092822411502256310729439087696310528871343546626494604090306423688050536466579751393
530 226347144513937407906019411414754271601525177098462745599937661189961973430235458822522150404119253201596101572361156441569568736173126304274389603659741921198506820635437715118070402360675682786680995577394804512101329815388959403029162505880088320148538999829284033775357581798489056777028598435810471205323993176230583093275567806858228177362810864625975972688794505274435
531 1170100609257188874055961064092735355705881476206559333916722770793375856160802084802043061516179363373853811588114475982266606468213511491778471458096147605354570121607973621658440172272965515663058752184972765587857339169713272229530531950582422964206521144583034809452526117366498952646000319952611983923303854453784071787820878241710559006600008629364519852013969230460905
532 6048862258295144441621868859131062393230648573250854038262100572522139009444299290141038851083693737501308680521591880427610911173162386702773941374558027032396665380898444597763583513155808666440914317312909093248648555934879265983960421479304538812771626813789534839071550042304618759046506151102919112986117652318552137035216936446847880484154985872581956824558646596245953
533 31269899121100246477663643480521782710964460462556970931626934831187640028231947245425020088570824849677784527408612209497984376517223325757174811936022930463632253087122328609365111045105310752431356739815228508239079598074693958096982042772392832238079580811512331128181132981719089634483654606458755508020699232609089987058565029918150689151080090347160740405425876194977151
534 161652174942846370799500910846758603000019766151396416837305671127714578791136852278123500501787243249826743642549524965636103111351772114838424011354818723285549178263195123815775874092791852718955634058295857914940114419332845847195322851062594127389781532725193837861508130318130035352536497399360893591372335748728220409716273418461360169939330728410737649523687669340085093
535 835677871916466554347063379392890007069187725061830786294986239536410708636591988742243086394155304608938421834344516327198758987961964175539047825244152504253242642660812875380326073139628777006496010599120150359448321198001177657478420441205717278492407018252412738024774066893761904954064605561076929822973731190953973326040030579110038702274848291412013155571788510629630109
536 4320146981418273694478340300811675196245065467432989765835331901194654982393447285471890121643999807676976131867641897326818990323755776972116123365229612240078515648018752166839540803742903007214393447816535901456510131360052282125695866046593453534680536734572383687399301094924202133469644264415974255207795255734995527911634330402105143375139444442582322261778571425864866659
537 22333685923635392484159561929006587436637278807076588754997592387616048335563962079279596136323323178748463788922824727262145232636816378160958451693314636678332187805312943002125447188883147247713562104172125667865588691592317837160566203421257274714620328221602123772533683039000399317135462263955060301637135961695567317253675500222144198897625456669263064381154889487609381997
538 115458135266937060543110260588557316785241013898480059572927443828327881587507488657148138869496002672926638802616087029035669800447735398501901543087183546579147049590238539972694913345700957010588440481924158842042135775952464391703174185824911624877289428777791532797605656555304185458362225872476337591341898216274377794966706822629678166110165112968875906983931435359205349149
539 596885348176235202161644632458285549967336700147217495036973865528225127291153692280532347526308168176468926976498362002279732209003832086275174479603947631647150518618731124579374673006886273372859260376665668289702637980048139410407901504155400591633988141339684559711351650882422319142862451925896321198024528179361478614042851000699390776005431455465581973258870987610012245823
540 3085741447523819488980833470420300119522406439500587180535807737395554938033165241683770561277567338466782736306673276124419760857249161564207757494243661009118274489875215666398148132809700554829535704033504420417820395815586166993938678580481971515677730361781066662884934406473190495459277068355511604777214589184029020613428237026766260191064962271805396316955147487154079759097
541 15952559666965957539068569266212911103103413036933978782669415854007265092170680689911806688848781110592697118329424934454221057304111330349063757088972352391373757494455647469591222552968357076207406778146149910325803909761586545437100555010135845127528722366254766060621014691218933272121373146639743646964620669439083241425859568455614459530967821261624914863071180490527784351337
542 82471414093679203682186678234726575235158804946018953581508855259527709883090756121530793780554680190731836251779367523615027166206927828746367169981619436459188228617729499591538820449333171237076303707927044637835825957769382555786626136940671013907709576933203442836403253940472167680750792139690630499184574654191618258192663477601966840414598616435864892506887042525636386420691
543 426362221620635137712584135390930571786486405447906621588687392605787598044332659369831098747457247804202630859865265899344836938114181727248881199899371624063542623819640320472902069952195662015365306931001217571317363477713536599335263904367206306788302617970401640747909213116012389903143591479846531144750342265699170831171273391139327015948216131298504466832822740569155502414673
544 2204226378059668999094823307420638926051042546239115589116057963020506731370179254154153448101093414240965709217929378562689387603729919403941786086058702388494123024060462249343608159734950975220918832582399699497435943441757339268411283767175263898031771300336439539722484125006008182257889413846409846375181055732353464545161466288720286522078460190725777164143084290930342145924985
545 11395565181434131627177716046903436094747815804380419581181177097329762710974182723857629097818929113404451229748715403405750507023704684006338621560168805755345049154042794082444011903176263055325259392002858390203004901359096820937606802663998665397873402453903498180655084339350362940728491423478893214221204658753813139586026604319774909378871041114741051797242430873566288855184575
546 58913894310537437326235866390193156732774483452754561028976024061550537622885024699081807886123447654599902785159621108878968476770277956254195614909454456568145854649718244304661708953893980153175428922977673993163934965337917278841921149463618235674647488629964607306227292625683906853843203185918194844553999110877840701617230572309430170209338436921765347010351108981960219966682925
547 304580273600258071977197860633813856282627090146344076264413857922078602847502381164100319940592746947553200340747876837703243735137275904073022205739088541880186801051195615630420206774999306266739174684517042590984199988325616663701556951199617962312061802914734484837317845703617531555274522694001497828359288707444613847496404953159621317597332809877336123804616849489872841263555957
548 1574664313106115473788336093407283658260935263278513911920331033962774441210392976545704638182317104930116155173867209963174014080918109443169114233115592270274043496006614635709226502482435999661531451788523736104204486311036870277415727443824193980828846752040858771161577517335985479233891549390641209120455855648786088140872441667095597182988172772069164338600596299754587683352888275
549 8140973880150146279933101971968457840155206086372355710074210463672629602434796614125499417076633613513847928596022901520819399891343807081745363122100403737007191450765471566392459174653271037977414881320904439677595417740865005559741104209697320166017385171941463458065477659947568275234482700285675164850961541947061602465149315642048675483959300828018445111621648968336185511839557285
550 42088833880003384041844263102902061803849991167504312351861874376391273526674857925222186576255865401258033256307994983192179077204371654202835968385923750215455636998435573670542720453670842421303758424652453868212113146736717575807921084526061298141980564293874933410620749996031045136260092026500711168352553135998992329627006875535481545281046284668315430662062531706997673911899908933
551 217600341760230016693660771948557219257677167567721935752798486406239636040895156564620913421777872184920010041304364297566459049766391627430026191442732492717985133535427278861613771294388315714878306055991987237520917784681072049674937119900995993024812661783079236150456942864635255892426174519008960414192396153434153937296390564087869597013961840060610320106843158898573746524390118783
552 1125004845718808376196546298401882480352831890540364972361436288019292237112422130047683645885403252502476536608261640007603524854934247278457888731880270541928801536675194145394591082128769657405018086872860903782853384916039530523597305948640988570381638483455439689428921493266998324985609990178187588094520256038026095238870666894453805859991688254194794528700890539206143809581978205713
553 5816360888600383377424782912084599043723987613629948207471948129639776338895451861267286167963568406818731969822372897560395746742172196940281715707017545576980188203520691204939086972251146356576117894980709976807988103634608588492510102259205803494077112205369622577224295905128489379714397304915396263983657684390614075322261719869340332822544665873683767797300507971460241671187328882993
554 30071176689814651859335499041102898134326091617413471609596526388224802648221003807276904671295867110813218518091126441197906462005592406877338636839552263614135533691183485598601397351569669188147247213234249905809585202548800925939193807691805345058376895976533386333463126757818528917856578482060504593332681452649096809837225381437689793700411751713376405089876472190395065895180129401123
555 155471796345272740913427548338545457991071921575254689767960153406331677448215943968538773164407532158032424370165445762891342402258587938735348158124065378430031007935840174514959751360417064983338073099918508683250651289638565387032658752235818086263963333733933352428463243037512490577224457013843805125942186589433407027594990157285948837479503055193660676171631216426789779807442198576313
556 803812804272224250458779003575126406699462806724789620372673921148227449007073818258717390866509109768613296997587696605844717542004663034353091174506957915181484400466380593261704558716622065140291444185041452801121853221946407929918835189183137292249946593985692724652420276686999181011731900351615226893257359648809062232292451509416834064250613783697162446468503744838491632008251363384113
557 4155854415399432664827764710379630451180458882625763388587427914234067651004706339921059080409594303751453338519962778881713478966578631486795799639949063063182093351299226658556286045977572930078985214609826779663901247685921054354376578545791462954493725176698390387301567768607329226643070656977069306573659969690377392610349010770475870636407050057740634917657036973884393653051899435980543
558 21486606231826928013475424645499972440981022595254256918680749698740416475811853637226209526304415696571453177531994448249330737836062141244265168864539405389359035286961699097225622409087630438014401652799726933617150264386100483295610264928135932693365074637532517733418991705736761524541866125445365860296657607268679870194976413483273758346052934086956356234394773595727210921021463241876853
559 111090625322591825468592991960818323976413224903627214704903179314532395278044781194311462953577842091706476757473779675088612031894271927062731041570260872287793741533506658066520617152716489312108390360136165309325304445089425870632338206840549475662448530752034572656047488908818959249305029092600137916709664451435928191549211170115577508206167260875350404705896767542499374894305194124779213
560 574366467657062547846090937697716183178393093394303866060912701726647539967518825758093896717060748809050664450079824643552041757717121155383998154418268762775508656544597849544504431286977099287702035151701477758239611151800235754855846072821015408412013071790812313579871934225536102685877271782743658348379753322553762100962235734576887782010818662907994999260998609050457596537364515754490883
561 2969633235143104898224245466014318098712171690943944595509373892952637930119680411006745635657124589722026088622643261985178101625007858924195640394662589801660395875595551322572348034274197681728781176667190163993150333303809504335290577191088203040760726557441238210450974397996601105303665845208420062958395091461008543736214002567014718374425449364607684965204162478460159349529957606758004893
562 15353896808657655791067527961957678061106749123998152967206375932106221512624266117503610277740825067947948649792647460615666176070772862729841309827144306156264784552586894584422669889422888815011436988034791489148875024224332393984060406168266590416156484885592412525937307866111421702661729704255391604527735209193885490719116714236249244370031561840222245720071402756899071702068777144787141549
563 79384639537527670039440156960686528766717047084943034905649987176032424914059969691942105751713207153711900277358301221653485077096892870535876166646615950693911757256556405055185201113388373616423776157309402927634966934436462185014774796297203108824346427174618022071878885800458288377960105432164122451379397664373410300029268036043834098373549576811228638558387511090205614103173855130724054463
564 410446339431716871100452291498976230472650924786497118807935269977631275967389148152079467251188831382150107350315481119873341034359219698943985435483782965861740887937091518788351392492527286610818960958457394317914947390149532615230930819976501545349696699791430549882494925800215218217208622352695455001434505917847678370837725085378797684014322515451964205185646270517287856334837404504954208617
565 2122161049323740123753530145582895225687569982523705449714878500301824924422041387931948576852246882168511413902995064515635606629521123225019908345438201763402003944147779328454881954400792440801175906110185786465813410941701742784022431735588460768437015954222787745885385045409969410546345219708585227913260854915825606508323242167908407396319155920402510132929810455058996481205996598523676246713
566 10972417572076769574606038980996831192503024778646387158386549500440981250192578189770484902889535947798607888614509493642651783256058308958116305132819477845448243261949956772680975225929471683163637249556934860992201674757558748458389604472766391960900272597033152092630543031177244946818314894443592784196435659809205314561531337126978642346208751305553758647507045092980693270138544572348223154483
567 56732032520729857276108977576919702099403166402715033265408551961781575104128240648200857003607713201357541208707660294202062190565279463138745839641647429147078098985970108605662356668340535164136209947367721234132440357314449306998645365535142421452811362044314974715972101163770693148865680484286479421663214079115722984876479232319638346274600474791181938680472946473154674555276716294588757588641
568 293329931319989788097152217490404228404842534849926768043558152998871944101444552513191024752402768114518100342870432276228841086219159815176605447753112187382178651000123796933521450129498585316620338239010066737653169360108481288851464435992394191550337115064612032126948246427394016748356249367901132093822029871232752301620706417057786188390806349102539468156457116136007820355347099016886809662569
569 1516653710730123006146261436085483422754731218010591213137533917222280804439152428746316301175431318807456915818024069836505756016192101383829423582081386056396327984794502057471506431922244389597714596125228452792653398513702222692948122351195475087120901268779145786968527507570789780722740543611706720576779276331500064264496996583968852119478877827137858683519944417206837117195538385281370600687679
570 7841849272325686017798596663884975406242178309832927739061767730476154334809098901225911137941939129287083079596481743143652483399995883698854795812196818160144156087924947825174191792504884616162540006987059423340518613545756631742535598243115408056744882519502197643216232602486727249935215560267800149316919860901791746517671567536066950038621758009947876211431920541033936611817845962377899358430909
571 40546423199775350179200653160296552134613811869569468032451687714948598601521077024917653664907131220370398505342231446391664875895027555530862955298482490825078854223510321002569665619207579583469427192206508509265083043867477870052255756477822540687253384223550185250231407193846928120455334497179847185916030705580301096120669242901669450624532206415933569766439758182361980225759572856230862103829029
572 209646975055624368769365406605698196711483951392501452539097195454787341932344555517148741862213603630850578522052612631676735974774524991792775427857896787061353300022507546354833136677613997841415645601470659627018219246568254532499476871606001693122031667572008633716689396536705461132466695261683159698800576510803425698708661270374005537359850839405007972144587366477723840293052212190423990347735795
573 1083993400055607916242096980501250292061331786006412497933522591917519531369489185566889524533715300121771165056347803084546234914996008776076794744644686038619443793935405367894473104080616430840999296402422293955475431392926460267517954578755129010756921662959738632160025847480884532478356127576092607727528832155182676613130487160641352646705748704872432940305203017429767293313865638375220217279133141
574 5604884334114214758419428814206617974349653099504717871343870984871139531566914004797251818809815348964320450192531563418966884900417572893471704531529021108051579320113734013179567122063804962227887334398956228045956909447793254566889335746881708078894509288672913446633066021047412746730898127502704351227871782402014472487639218574977156024109750147462284516633663165771374035823610522652491462045136597
575 28980684809036325602550583163636533452398056078407714628266304886249387718730011192123115075463759794138541743644049324489521007378550759668412635115984638316914451926138450403934031992550433710792512989165782174049310415808857007395644850589924271624834185010403246527765298196042035136529430947428099618772367917277325885545831716214676188510959919060856134141826046064912530896483686562186453867030445055
576 149848568290076813177815620255533539032683214148471986137260338198978834422056172960619100684788559576365629062865694287715091087540760409052213951082308560253450579124215863018859608331673955084515078864146195593662777422016086227390561887718934782912589357929969312829562320449033394167309642955799253893611281886432932833530260559955433790591684820337632564834987907785809048945369639710006823248994571905
577 774815875927641700825190276722901859255963296450781049071201804151593838708160090856606904234260710116229840256788690241359218705772412450211650284283286797975315333527637627335656846255439643691237840167150095033861338368343951377559280118957707029232869505720471224583361865857612887278837249707218753571976236157048069487199047465648191107723101791367901447284586083546015037404725606614559801366493133697
578 4006326830568546349837815610282262509130978560299682188926263456505279939550905458593402618992892010113861769053741257682017525668666371589784184835642183026790142156862642344283061572693992188363900577168956383452882591791680742823845885475904380250588226262953307429561844234711548276980726200236027793643386250107047331865143125563750387853414510946313028998372932605545656262178589583159276299318075654403
579 20715536501635127281519896705200342877207604202611674274813268857255300847876272128447228298475046481502172059384592408632986217232134399119410500158705252123632558885632249076209190769749673020364957912586096538026515918147459575113370705945523097168335185639159505912168359559696038577681000723731596398184121091664588874861720675578080809300020714557910601745443592635258558662754548515815324764171739626377
580 107114418280258815799298173033798576184096591083990811791929814924346585285797860382833498221289099830538458871911218122160953637139572471308743332631404140459662156854398050775703423658557023743845946822534281814529826470701873856417376386065257986076456266736789323705884261270040404294358978423612493108794995547914332674032509900419485325634124867212334148182585426242082042922844748214931010981186836298401
581 553862055946830337569305223363669457562559357210964602059291485252709530234484509552992162775343519864554092709423701233364079539975025578438724807816956079810957183913018511717480559691287849138770765855420498482780324529157678177442892607105313697829327974695204309510986957948068393806953771442738782505818318345674353875079323372052273666897038315993194784057247456327411860537796503974369713552798275851391
582 2863895838831482728110870392743281971702258437255381308792046321334366051731779884048318832654286448135947435201530375833677520028400665655534315332609128115979590933585924546271308835198755834332194630524085136833702666472680101149511789047470782906854866162480739510761146219616542476133926912087989469304281457288852533002196750345329307200789004486171772881980808311848622847045784342956914335915512138982277
583 14808625214696407210740080237816657642314651775531201606516346966713353599902075250230298370981628503985556887400361964356464435230658066051513907432471828273285701145794538082687705126829718476888276657697240022391618720500218496241799940451092499492245823526672803343643366557121859945889192716343107650118594279973858490308992257222211235421453666217021715252605370253376026171573576026561705351383505381063933
584 76572738151299009747443682729373000689012175149252846832469447323489194325709801884432087582062184786222337504526242582704928396956913820162106837668847378598341307099144526869727701712829169480567774305635023298500808763066285238122681136336245693813616451019837986976937248043119270758180482864687694449027205537449967554604932029058119788347943486726980659915473398598601537605799859181324637078912674627420067
585 395945597062670887421587234996826548586726056225797037074629396904783157222441467246546549017128894893207581155723767485836821888319835822906429581851328646603173395222236026502617083995187877892425861161691514199386559873163340925467513990606742080507448530817790404289985920476337322221777759970483972099319137148975043225799720500292980245519429365119687885355148668241592543749964649495044647536080261706652109
586 2047381419011373664809254103534824260420962177473590105688221963868945266484960745859794040493910643084411485458037306107493532466107890128794582728890215020948004281770330111511779042362866706812395697482470547651698525538378539623143413029825220175667126612014738460531748713540557463593552635183997461184940355178162137129816132643628719420793189821463886716730339807579614799424916770508202791309252974701087549
587 10586780030708727947468637664897153286507490157204514911193501401365285242157203904892146322346048351049038242829912250716491464640219204124721329689320428977474909773789239391138748478576660061197039199903776159362880643999980417296136703741747954953143652656782583147763884106981625891046769646553997315700247087945770168128095221137709752459439816886110972080181567746757060107937524177528508859729727634434999359
588 54743291648977417736080775541175921030865190812788497206524835480669523647455453663438991980951662079451539705411277470825846261437597333200386222403694610614041495871075513180393167412369537297894736073583750433558350568032248077323119002605762149556185019037347298014350985879595543667968712390861184986336386909506212882794655272381429412685241836152561518840605311460801830300713963914262749045514974078393626329
589 283073884764285466239088089129344447808493249863571541843726409277102419417616763448476370473868903412922083720886644349670520422824050702470441539952965470016992114408199424901584573030026115731782648384202578951752138357502759545835966340911591214436712293249301862655850143033986736131326034751729149677442835165511660788302539810286967823975978362928558196246260173297213508305623427181526793416285772111890750473
590 1463762361418792575255682590842204896212057029958245603882317374808460642751349629146421525392573702188282082016349675912915658793240786053192210574633233102446005972991152116441669464206356648623735609280764748167487035236601651464739488424700511476573286161525452056571823675548330675422254052586504633071204228331162827658567316921475652713891182887474245655823817416770982620658267657635438714380229455704741486995
591 7569082053241692702638515070660245391268460350942385228302329937258647667529915868264431252790513601005111074318058945405548916045590735160632916127787679718391563516417779759428351946736770350254459801786116046030492098700859013381222573580698787795922970376554737695243283004948075079620543755511801122574602014484402028572971457968718530739153161697304316572196562953445110046969506571565650344603898605838568005105
592 39139719724179562899385083659261382204572806003262498911481259977873040899203304892351988693867682001684059503727596648084108550986445919142670630988291836308134174198886295566615174818988466054470850926444825426138856026956359452252715486898812872363290311242053700103616445660511914188036349397810813365712373353466300398296800699020605927120279179824702841412097652983250635911542720292729525624982390509099717473625
593 202392336357853886024184038078571301619509786778871173609075204440611957002842275574513518163482443356986268994296733585548092247944171377538067392341370344956395779049027893525781955130327777069401209324239899706884275510389025842812727069136329776629877080945289065443157365173244111961241769734532906998506608252880748386049374107783290353269784836874408503438757439856735320376361148478875442271872391349387137079231
594 1046579597723738839968875032305821159189576837241621290914213281311307315954548652035005016387897111880126688849426386698103685968282003553613882419617140496050849985832096256498486845029059194001607074779238508538611290196248884682247175655748010761597099376167754937124698547410616903240429947238119475518205421668918215483795623237129613705970890698648664618794578367178210826268197068849417205847017412704994744245325
595 5411931693422252378516191196203379435323038953121067698098170813361002568867154383345395115317528552592628836441962291941966701029365898409152673943095931262855249770633327641699815584163303147665975979513711366775938863346606270395763185663559702473187811613834875503609901331576122537019235508239412240017402203417736060678403881384528961897990930228880701269886350559968369729797588757855252260080158583857902331774165
596 27985571776308971073318350055996037326054406010549099174341080502406483857077861442175783377280017877641536639183628864707686111414587310023667922480905155624784662962607457183771006262475169009298496302436091745683413479810846972327543954168808128195577375613533245875631205852799954582936628879926215145026109115271676506720388108450305795895567099674628166396289439088944426177737234450284979028216026544736809531986195
597 144716447155951748242870301567266880041828190734677312919257498979318729534459371222589949823186015776516105893702942383039532092937259694026736792708713990180023813624901650087310019980318308885148307613300876897509727582949022048320050095453529393006952069224221405785606251037658769941513784787771745765602135273482568163947208106387103470123096036993299903465361869817030716435126427539371167588481451339596706139455493
598 748347690507864971106036765796654577750074433022749159133261990128213686268419820630975066805891445344405522342279580443204661361635254110935627263554560434755492331356940398457166930159385496448545647080263510610279535146377266335795253267999769383502046079668182775319852538478975786539989635119057415926565977120414965285074485109982360831899433984861612713775138681021517272425357366551916924860955427028050449946892133
599 3869820053751592949358297474836550748758432781819504109931864896414195620219029167858270834201009163393821470636630105165250470175100222645180178671469753081389095145376982305808174596417897505830062192993155388730420242864577756931927406582368190125075832328430218962331815364381263588265712268078799094208608214287458024484966047577489706059612498295586627666282842802952691392379667776008979175595966708880173074776574591
600 20011513223893757216055542399843537319854431975350563568616607088051437813940085786500498195866090526420838060979275514860815511877318434440939704139258552191439647267062600927938220532448321659508952442969694596802557966284266062613917479752423923937779894037042750900561874063500026479387546321811609707724509573567608398646797660498662741755584860210712809407883565737588743011653081748605209974183691216238818139257650161
601 103483448981347658005358899020871537515007411282907101347453017450371363818758167999156445334967046473787793614460150822992485063751739343131299472922156865245762087059800098634085187852947324834640245247838868022769739930855879429371363864260579991648842537191463912297795186170477286034205451940056647741086129380475319588250338330498777553500549136166441876638567384217750956828176301224399415771322307067423795185813220561
602 535135372255626100415781402721917272150647201185550399915850316536769639629507425879458927939427011584658933257511564711972760629719120560845594231811964527720292009236403655058610590412260120200700297758984660166897128311153621536679718510707120511085025898073517437256024533926203824684100142479078363485941718111396534962009404510442107670678084917650455541303870534319860926580274872512481871038976517522277472611080963043
603 2767312569507650272520408634180891544970825339305098676899513237213447115208983530469027457027611742402181418500123132029876522337059661244549402838537769162640466789289771194161190486227791257904478775286478753377115736762159255329666179698061232442516106486893712617171832324005693700444679304524988568316433625217855282362302605239458320476189838796216223283084870926818305218204149938357553270429326878037543529147246028889
604 14310491832158910279803092742224967791961846726902697206660817659600660339143499833709427344137336522227113759528886950759729987457410448492028160001785899753025697016549243110954752633818337732172471175675599596107721568154175292012146108107905008774824823656356679303950983973225890769513177736360215848665794096014894972373356034987500729757398653858637897122479301803009438106931788828332072320714217134179856451198655558673
605 74003572548747613350556496023846771615818479189379469409306006530312880143443540754314086724582210793628685017935363066086194620074811636804945894832450898734770966520623938878594353506107073191410690023094834486357068223552062147611373721577678326164630550241563431144951803111080492878673330744271439432789297962063156690978078918605072391732386758769364886188664704722338113646010465150633438326248233040993424797220528700927
606 382694823081610755197662416160051671550386804709685728935750455299002878089323498276314514634215331500224767720764185326728988286199100817795912876775620554132982358263983216791259829366404383441851626146961065928863838772507940131092809220223877728557292190704126670261715843681365536739682370090862196419185587924956224276329444365095282923591131597809831619889053964651547052203172749937476106365360343778116152547543105575317
607 1979038570128733990061199484263656500963271313294722667233861569893015560258237093936771150906141430574256753725881108788674061465828825063911886778790884435723134402839982713193987771381100194356514406138255752508836659344117374762891606826081444767374389375521085835386731790333928614839474731111186755141968877032572847157185625788664022503322427317375480614525472763274208369464197405713784123211309352920876034360189520697133
608 10234289394580065657798137715511983734702150016374350271667026670056385093927667014679051328054771052844863394526417563374460389473805283747494120949731971947994757738283934914716676064005646062296260921414707808959483229430310016481036609645026501087406287616988193004824817922663786555727089214917857457707497745368251227543261218679705020895045827111154497283097236073230970888474764159547061120772251420074754439448863648456259
609 52925246126379040034203717810986101187560017119832859751496552926387944755621580096059838861429637489641036521249503761798976953644051946922294817778717235053593246866551580113713324029078519108753795232622491153771755439036811923790245430578098690778396186425910666093618537942907335695164112482576170697274052117571996948290261471973240544075501194209839927122869361715960150590765671770493078932054129321014633009059521377944573
610 273696870546450750567813892436402842355243651119026952555041980784986836318604690356600854216391470199977106548239099924336343565364787398856957668731873336510940540613186477904646136921273157518326662435201947531979635965262357271660572689125104215626599973747920661197504738909597143715541403020201237252377744166481644606763849652514818773196083309458344245776287357411005498731594561944357599113863429752191271433364817653490125
611 1415397824163475105106585435964737205916176880215899465010795595087941194285606216693971256466846213729957871496604440598983935030433893423898636315139945856756654793122592402615905472511161655528377559180127592433280534408545589564434712785004233571153566987402945320966738425260581035531674441199006733722017550178721118886767490434413777090996844752058867778841902865970862735848709797184724206698050623628787585181519415088638655
612 7319627101164359843330930200074940908875088855954054554150082994153336896670477073244568571625001006155903683333654047277509900358082575341479070430984235272583225225956267871436116817434427159419878595351944953519713959458407603168361448299835113146460825330233968843494394577740003991757897284472415104064611564106230877496151007460111765761813963676145799727819290125745547920682410024557843285633977948827638064465845471624302409
613 37853071447616380264997066034917982258754914952822997538145561224902742119583841132064981941007828184179465037347702370551787794658990083399572298987688655761313118825156494708575346113552900978304335636977412187759253243297805110944454750066667421017258110610473642035830634735255380693733782948251435304307248207537150951313151978744887063574984423597877177086557449508669471750552120279196305916107875122364943075545827362454652505
614 195755972878775761178890575039971732015780298586560682260576846941999777200799805107910720990686319159242503472153461666828997959364072389157271090112757058018362076158550558808744951013304568089797195522202901352922206669707031272205167047944436615870728307423685599209877724411407755681262498579838675201462367693911878988566530120830337889343845074956811099782045780177161528477750140712601902465064695678083266591718847847073523955
615 1012349898313703182046917711838618620677543280750653761269437865149342741810499174361716136365582502624736555471178335503513399596342382818263194015916618499357788813404019569029805790789315344197599061453186567790523959689593708972220315189658376565578818276234598949611468750689865016730707117426079971324648137564289983983566337293703914516620304427684269976697456865815642214518469902269111518471713104478028195673169663780877711681
616 5235377273552296163011557936654450428140249562546905308083089128215011659372193898221360043555001620288933391365925020318526593280157720255124242815235027931553150945099955350360233273085085983440596683895956330449172959918930788385844933675633903017086628416484428014814554915499678966926245893285138802979418053512811506241842290573944621764933340711560353576200470861039350814117096407531966559955844851590431116351134185190407208521
617 27074910896413686319970638680260781553096934361742764872723561335471457300349234875500566065450035213383906303482177650221748166115440974493389920616021513673814086411062873364826226557389839549803030351827093114834215370668218665712746460561101528576882221229044907456607423033666739417489767125365344707719584578307158493338556839364533818337345627892010173078814467656006613386345993086567464582363981389503963044496261435214018118463
618 140019265738068367982106044343744424244301827139866378642834845343786796024656642230244026981998991049822756500115938807695359435305028830469800917026238593731162096796037918888487113383341860969863137444627846053565399604957073520704244675144322384826684314353133286821633571516290272432203266737316324745801370634297906098844412447489110449746736626248771902897008942643960474379171506309488442451656130122084190861885125984882834185181
619 724119524293320198171454176247083803417895806993791613188197703506027542993188191288189711636378953883893698533662258578192774470097529027328783311080500172586999498543765359621082671183808914269983471451983675420680127090027414981562509755466493385299889244288921001767752014162280953537752818310474327661476403280839840897578042433246689444924034864489907552847955725583726852015831891477929940566696339195275161940716923228912519745925
620 3744849900875307782548300525555056811281220630294383302954102705681247396396642253742124330716411554726946312765178437470898633275601920540862363895053854036264761416096087666749278072949811184723238377984410071963731297226386915092819153932382112649710324703895914594143849884491863673048770117266512876049198942405877439409594289944503601995625749126404400483671339999146013650081679630815692930991879993305315293844751024727596505286195
621 19366906852515097253550980799074023866956387978073692741506166940292695758033703881431544019985740861330728886539917430368368621165145909368182923502797981234566047646891091461827458079230078484767158521471615244278624115502949493172187081900172126299075185636859389615204940239007548841554477187735784780649479987252437708405136610283669656333362074329370082970024382566732558637529671363620045669848822181345743399437795045911274259767605
622 100158496734356036838113854827127048235861810620746264979705547266610293201544100630269769183947065414247776297378223896511761574339709499380562766822879584356927409165575104184353647507475612748769651183347119664408695214049997793824463701047415385800221584988386927572595521538006702264359236619430334176590015086400314534840812483189511520509592633457031186513859605643903999214258034575881340090506355545364915820264441705170435848732917
623 517984794831263805423791298047592045803246139577364227629938571337649198576756376786684292031090257624191937675176269394543009279563639460148078241551834846088711921527867372047759072080942215911890584122904407033576910246610062647259684081608991015858474104382541758308448110806494414446586855577293741837213457904881674915254302250884654821057602982781715873723679479699669816422494740696907797969067226726508205937966602443856877462266111
624 2678846937219863666107667303997061854149742153433117962452794005508089308368064599873937262396348108507438940483510085666366539607117111071403404926413107355110606113432846300502174463020363473714595569070275492887103593814640659449272090169543464450603131989355873862843114751585769310790737268593664299989348654608092245108170565013669285767673701205862908180560037108222016880510083577067847949675240351380968219643993079071004545019984481
625 13854168242121090819049799421711658307256784305998836708937357129616528380547511928341541010720405838330561928743932218447481869501652134970001130322415468049669288472038436659887430298375013985525829772020870420701820801054769539955351718569648181547083502241150382030971662917179521085944235094259886950633280526723547287728047457121504789207413022147432580682342086626081944474564109246530547995858570112129913673235223088654215691876282657
626 71649749883410215103245791709130305831674651459891717918370654083821765104964166776130339940702762957318073040450769045777966735311524164667604571778733508877774958930703171159901134231212684331499756027020139408529494529271902276906541660649822251934580576541557017710553066864467517586987703097239621568969752288362639295291467545084825376714975214609292620034039872872274663708284410907418125377672278739531543721971620783705744918523283907
627 370553191930430197054198877962024091804394292053121285931751148036135447496599823314669374438779598200761508061706636039855905584011518220022782646457413818442872728858687764424522883607235627028186870764860699474533356746757716878018276719101899820705550921418140048015211002323001193773097690152351796738168963248974558009238272576165188267018590401157661320545946170607952319506944869616334413556548493816754615083643025515429652243946813225
628 1916408514794631723171992886697944860494847773208747997551122804267051761369399184763492853347279986137244631553511595723770040587210866022238559673761979539145946628316364422003630687178565232348777093908276830301089257567112862673985979555827033747306399861671749091089013471160682964818277215437149254358687507907330022660465310508378576540395541104559450075905076668090845806652100736522661933280377403392307378057211796247636734340424876929
629 9911223576080766189335367618876850413870223123010178766330302329535761097695350573227183682957919898317130661206919831898142481573044249207081586510322058328975977371622973868218243963569335935387196727614531023027907394540204875835221170376206125822312781550722405513944925013984910792246652427493629697162998862545467189740060886459065558246683537809007017964513888701006526013225802344451274213572827612760302054919720997730934261698432922495
630 51258760121067335358527773472036953846572467524074758920287407278865662175449447431789043688419972623371265107481082026451840351827194940073373264905638539279688759668446325245474231044413625296551021370554110764779993188363047878548072098733503928078336445402271267325108955258151307879590021174337648456375828406087058887981219926733133961259334617932689183724650285712680282524617900512343641925108609618038033426595107959252257576780467243941
631 265100507142944306808570927933630509246111412055430156484766032884503484007587219445498793126909625375702310991628229055239183683066954516025962168310369431109357064139545216917166334760834433856281214999118479110402734458408361146431172991008708521817773704380156212360180290715255330571758940646448315318678960659443016640407468878529734598262800060323985606792750833041717229235076745529282421132732486344146971739878115633278676952278332004701
632 1371054291580542573807873813905324960667827931072771008859321184301918809682602814931935744032040825230238465843091760544632192366608205353857149450105167556570384964664780693236793135842656673968651431013691515890972320543092248009126695713994505764527649895664432852195338415296531139381396495786395388962174499054114164831334690731634717822637045270552663276330055847580609088792212828195413213648090516416271586678591675704986295361127811190755
633 7090883884160031158055257727719644875241692260910952379729018397084568989134035142404411243724714404682409892125472923432136833595971595017244771940188797743494933233656069876367217144726164941209549600201672742778354953922870010887716395342715152093310059736583199166165791398965345789507865604723347956577400791705007509321850983418932797340340507805548393416662949582057540516407214810850143778443987476355748231179327201876274982929740487070509
634 36673107963788832476886786521548503948277922440416274445966433060507051129541110091751005112888548988900551023202087878683513650404724978482198326550572872580901347754407037671428202105363482574018469100413245580168507088182381913783122375800104993817608932952834608579151593833700110509633222692960365254068431509189564052419892867606657567533771449134281272272957563470190416012226404015630698870733598642931937321672251660703368019445223052213085
635 189669141000088877680938853127450071398672792648259829212986893172671864874384410425969253983627718611618152829641642675005363258859888339632317306745419635276209403396663326509765435499794430344432892735980052167273530754413437388576957790678741776982983739778694859660683673420250907860180529664252228138289167296427111839210270894713922556571397536413815353070864342960716690610723488566379348788742948504352263963944777538409599498137930468952383
636 980950853831545348061525396655982459479194556088233691881288542393727628763976025019063041448923663141509940546422644614010790911139338133848908715801946364327933465025452326754581421312472952723711127293610954752948488290291806942669848162129014477075980358658201412330856201926922116877789788141673454493206370252330297859307337016346384483907542692301986175627391678844070624059044382680502119311836477508975089629351263652835282444533826819501753
637 5073403785545551434795039670051418273018277815696538949166858544587852683009678617737364548766856180136357715612783922976173252155043546910040889251765371491483245881693285782256986914738501167523445324306208768833738311334098016755953346197433829926307554745403238155840276583607014838193689769502063769266253289602170367953207992055706422243814521952500076322575291485712452330578112420910655144772488351105074403542264471644665493188117447238862249
638 26239358278209484000675299858304526651465976274520592831461503522722893737209691025171580040480217277578268172320446668183675548183542105246780729417819200908457406420593204198979138598395294105787260780806884447306863473288822238582630768777428976132694583881970304356482942832981861977080739486032087152277103581456539088105624808909043331106968954938991694640614961495070194798325475332379404842414074717984267751811690263450864160477561847569319763
639 135708980291798847355695344583259915046150464063473458585605632069948315799575550868632229710994415948818740584641402476219605534113828106350006404768356532255658473627213122883826728501807375980545642354031124879433253463209211989351210330951035052605765893226319051609101617042533396619054559886639884493174886604665162216147849351399691131809081571663631564274074313003097744989445522276797046662278859629715142459224989908349423075670394564039508113
640 701884346424503332141227549535347433786112648829488240807488418457707666490339009566470917570896125067278787123139339885541511082027002712561403758853449377506340760323275106223642521347588121567714379771322484498662469338353658911683187877674274673876439621876432046246435993547982975692196683453383134941544774689823277469010640283312253680738406399875381158141046278093199975169369863626748818596441765396048522404523759900944783104989946135938722617
641 3630146175674849356229933650312663363582739267853990001288992802830279558192423104417693723967548356246958557899718033359042445854480879043099283489331464171169955731668473919736314707521076222030448810775584402970172445734300590434768147327064620719466975992028124012497778593777117288527570895992498983404844870290416883558032299500247997313743482282249630213809998569182983443491308241017325447917418446446950087183455422369362757077046393005328820927
642 18775186146669800531968288444336565982430971465201004321339675360020061272845531867776087038442069904235880847608634935671350760977761072853002779408452907429651764357904841170031475923104377316623209769150398244464528101714052424432092120090081987735958901446132830934174835088505827993967723619987069670286883550213149142207980060651629232818290259975534556689529104761369728945919598367316367561161314556529453328036143249984467800705535889130488146285
643 97105978051914617356928093230148669240502728815052375436956616918730437324793454189808993570958613949927191925921042958883403266814725683560586014083507689326006338867943053870425458380597349854744992869356773111982017866495160150864583894817857305297841552646718356460034307427183818321278770622279168841033317960335134845304893277426513572640402468565939662970842995979745921828216552536652822946601982823253841631705584871794611211522141168973244099637
644 502237636096629319102961014429887556094008673799749515781830773646255116342481950942007966433513337340527442253111871904802668002283169486225208002469349181021324471172264055071841472596266428679577315979125050468366316283049110575614419420517868511437210444730706079338845911759570275888959913804531829993988652668293876713523268750946527037203379942998211408421682377320527510429193175418904214331640636231229752050200465184160235357313173959211811863123
645 2597610965221355714320607914578032098253948996645408654808477440528295565131228332765836836780225656383131578490908266363652799425720022057643203311121704810380638784001661801756358178110356394851596848171495113725420619272651407243260361686475938471083307510191208936252106318478062317083991469530020136740319793213707125142706465348351614112573722524419928669693949766884317003155173375754896513625630302353300302661948696754942587573559674694277917930853
646 13435088325161051034615481626468352237975738932060418516819396627817687071140396710261162051363283436081961469857749285914582466107930237117635791657022499263077892864440371003653332643149793639218699975268553464857766233412193359488595000449991832662701735785036551719065878204065118256542641261879854284676916994831377058318210170834208364357197858520854937505206971158736788910417999942828840559286764651469774979381826390974438961606516104719269819836293
647 69487790155045063061017681740935853330556693501500529001751321910819851165751550073164161252790254580583993265772553212923531405762205254622974206836521801672833563513197924340836094098780435974867124373338354334069566123113617618691558625716521792604114343102009717377686963578991460621031065041177812509336075396515893562366812644263564164695984222723453508539880180636179016998015936177194500701128046419316552621648341500991163955275076826661271510343551
648 359399962803333986415466170625220955672849056328227023409227625951636129745753081112398156433826997609304361813437145577264909941899701095866046213793822419689879851337598952619252725568690545026665763201644919498555482279392204948458893843734723920278064537356772458081019901951466958798613420627285769544847443566327212805771325834410458154479269551334484332488367960820460747182661228391206841053159159098333548286533586940801627406802651268263318092127697
649 1858870362290986670266673578161675067127987478490285665297425212867312667447459731735031050495773823246369216204598638898605677895485897658191235508308596522650050285714012543929752284236449943165071046904214389322227283086237852886994883520761321519343709147967999719844086470592459986106068446772110062097502904813994477426591570919440587541925671118761915592673608305553000888452896117848781295601256296808746750271759136832597432461866141433518226695179377
650 9614389704206347391866977535635758728068285529816376643007450081048339811584580344812019289540129553901055385400606792960566234195951758855815354717114696083793394196098145172546603530372509599071615920279575577996945193482714499687880696159582160117243501117143366208608750486612656343713750093848841760886423456243052874180906416731903028390635974177172570836644435614262599378560676595107691029718340522599718241669872194981460627665546092636538875657231011
651 49727414407465053923785906825533190795433982895050526720201102531434826229884543693011356114957772591069615480296520118675383412762730352246561372841981369309858540406065076666641280685241807361168564265174698648961256168802097964359722874196949114033970715340017000591083445954994649020874722236656040786076283680787013234615722154819577683391029309560867992240657613188034535507980657245398149513560071583053523096199093944310206856631412903486929101470931961
652 257200358283647820647573132254224242520088376051959542715616904704715769318660361937694193388418209913282259630899147920021456876157322240436679181364133052400884491136867836502541081814022080961576286394305355583024984848256698591091290652901651224728350179691260270142999949989938428030590510689001321759440799981227336155317107466407545840086744463785887766262686820771790323561376431660428365853701951130364681126275260870858755487879892902179376324490519793
653 1330297543023592122331549511235400902376664823239445297934228580714227351971810931077640696549356908827658270701163861972355268946432432235004212675503810907720936246559208781723191990416963859397278447192070904264641583513002849923287479209531572798443250923690811362346449185220087906100783153425232001570109772247943496914808835459511222141506444582532299092456917603016060406310816254853713043700345384236178796559488694127532173197429774450752963480506799359
654 6880619359980218378471380446495033106142501098837002508464310979289664132686262976752416839520393469705659953426662812609273969243951747436322516413360137819707079616292324086283401687874689851754096826653718606867813106147320788096807665803363909595131002243660719342454003017991215348918638117880043828213628863282136735101455330862939792667492898388050261358175590067364170648703130093619082425109883254169832239256320300154225217571587078194096899093038611893
655 35588345398263988838065501673256934995810048218544886851066331722853261037454742895815252514164425281849328291744916115507406746519677072191117629776801342677997279603707574502494049452110179693893915901619817365111389508004694829676678702222993880604960679204306065701177213447042637190816173442594799139156686578296020477065888106015950290981042815250492360737183800633640540644207039485188165166347040830081266395238459443297814566814210887304499093382483586957
656 184072781878179872843536776318653530907161296323663453742899479003631903360921516223984130011687680841819117309136207483477367372637071058013754361324789589513662881487094340976984966999306913842345845360371884446269969387498414004719735052889016634303480376086178983542655244289594744587190235573151631241700498582957328008943132782939523253485285381005128356549130094721037124659227132791292887379473798714409263058292532038778757063723773362348135264689042082947
657 952078735154779885262960442588926621746216729429609920792828220218954284687086986752713628951812514416552049730676374848314836013975799923524965400821708458831887487963435005000974018616471090728499735195129432475550152429584855051510254225995272712943744437555095584426298513838454011570945206662275355255213450787385030142610199853258849285740950581445894030562054021814237217017298787985047274369212857495892474784406321817285588514468236089935654315765520229213
658 4924449186679406983469299909034830731495829872888534408519515748578958049551700237900565788583678706823093769254262332403864228523146662377306930589697232462935188009524157507277629743058260746411104704199956798964433631896488762693182388025964559903376641811145430002868963619620090426937984940996895515943808430957312726146787191245814845300695312424376829087421796275388664294246930185553156198234441464231247897416635622358573285606849311612452671647637257243629
659 25470880430161878568084298359242452132501020899293550242016691047136237049547049432798011968020030486225742834109604813047020204717686778648984218153799049221085645452739591989301801645950156545455550532028448044290350254907578654674715463491451206179796036216014488790215206076804653003721576656138142602738231709518639170825418250062887176325979012460099889882694674925558551935701971513764856369909348786418636163741085465557124517255070225217280599108341948612543
660 131744274584241965222378605936528733656827441385915154306058220948604454209947152635385797301454836025013472922596166053629169525530543865328393443314182311114985650174740586481123829459204580621589792313407919854782119008317228623213246031652138476894138092008519129402638723547488879459938938394238891711551320235124845843007433860588473023928643816140018037244761158200078199696648449258586054056539051383228894185389055023102154321593499778000835750670124556065065
661 681429665176730051871485336939611039319885369070456871795485913927019606829368987520436364772316466934123423818091492330088369838633141666699845822815178497275898252918217408980169800785256600927005986146860372921554840658747156233780679676542639297389161530209312827564353860384123665918763425587182925879453438419691553290541121750967324178765754625486682061548368788749092398732747260890264492564395935849032963738885246203437584808205168597621967778236532157455865
662 3524616008820166707176845778369669176143689745238822146268589352341150674724450278630961242372794339897684917277487943554768431108240912729741211072768367348220246838147030706957357772610949441688218846208557065687573412637643078611794515874003395809873108800951004396754163621025746350687672226681151612325763142044507282038264853328359702731168952118352266337988606853370566353632895176004336030017680790656679783787153578633881008652679323904879013722647369037694131
663 18230730290582480940615569245082474394976037831247184996846941888361328289152717589186763298626860295229300674873750080928875928446798905327696308261456730043112563562005679639941171878334319765179031104893385162472407397898628998440166349660526117632738910823128568288349174339080999351322484541979194280532473845656670165645753834924381766407575222268416837204257834169115524287863296771885347104207600047383609928990272834749974250266503900095228662387972576728344545
664 94296983782522287876094577053848914014104723983871321691056688895378144867273930017265756048962619659827289512231487825656359008288586749576980735355994309496494857068513842492085599069784065322540858251997050074544526612119623981644476536484454329627488849518912271346526590780801273463160438066207831459566646249176138872453193235848928306187839262051751121464319042150699891252705549285458056258160465559903842318838678058665285319826162666388956388321586614599022633
665 487745207954493287365800253431481124760643578755972406149970877886017598071022355897825362222832320192622695722137051822638776921464264045222087905475601468265820067120755193572757839946704013981024916998446740499470696623757330664398741984659866810978626152889495816247942742007021764020275025498268484207636154365975492414107287907184575741024452936260609032817014791896318620232800670834255911157980813003216562280921951028016832081176183166225586853711571355141877311
666 2522839899239751513256936861892341094250966258150604196581942942665902569189781151305408544023393011668595864752532884787081158502191698959463501080144769063797940075755120603052478273083439708127847866704111908416607214543003990073315592591426687524280934263478405618029176786246383031863188157296362128572470671665059138834738844784739881320237065350428116445670006566003495367792285860921383119993053156865360810953721491321158974159590297179128267778620500971097868541
667 13049318641967568392470913624133149321082553966503409772084232282796759786749791745933680922831616950935974211357824006084096390523574618600612073766774600907088750734749902453556574607906305311630739739451193195217703049376496417445067833490844454298013387827722782759458657801168282407703413511460482534445091414318215832273793839660696818347924534851913822613373350765813001343708990750689681082419404083248923385628087889691816002562203868369184006871704193470641930469
668 67497461876187902161672351985756847319118496381187907471910359100106649889689033692855586515343639782825915639783390233104371107155789081753361118003531088676787297582566771110871566269727485768340790932284705632803275243074282387760464545503917097864940996089768529828069939484001366189204313927467554383577225382874912453126775178638328436274660867501153668314892218755918384066246973616472228830996731890731833897958506428060056244899320098574042588980544287600687998323
669 349131074704477396938760833634443131170681203305632210147338117341229387733128778964722422151253862532995902678795657996855291040860897206293258335353427203491418985217726252280289864912703942125242669310818406963722638110706672595685402588510318839153522505938409785844883669611671578190610685560904813614028884637890356644433911449193390307375684245416778839179512280323824688406888939061217950875413570795656265971996363979160941620241169331427457357845004779942449174677
670 1805888867235866601106243392927355055895612966103154635730109640760711920393076118246111590170807714905490974785282469032798424479448750654758832103115473969172255551166286113219772283712541632174382062974605796243535624777808784056245824020101337398458053660669650093584681206458376380329471865975873679959869584997189321917911375287421644260865234581433772769699006921194853760697418311440827542025123240723713869860228442682409713510027662871088717709205694369970405179157
671 9341034674733327194281377234853417730249016156053061926879833762624165666270115179098905003209057861455134356689520643981988774987275527889587430680333696609468013483196212137894761543841903787962948165545198983894739348848840899727879313781162011975645998301216156136857631937380298758204001365763891375716983248879730692239321343804905981735981594159169826273967244578548511678098345110401593793302568522016331489742204715031209571906748009694829205438748823230791422699007
672 48317047880870394084936455458139989964096251701655608520747479211498218513823084224887125654024430231525850972357829194262546789306131493334025620766543233907671954985330704252401808149648179517845611963454626796068248500854369114518563381557901875273444425618467502783343286167534162109019803080336341150529329690393070459020455057801269869039667887311803463870759935139575049038446242399426739201417195125300744199462283168740400033705747503052759695401029199639260364141121
673 249923582891768930107626604615471852293471370956059709607191609728519566806554177895807203009517379808227544742461327059576210189320728492102162635771891820254575601380060379629084998622653262927094699297181779896894898396516972415880339026339013044345871121637049903456052058916907941163127555692545486405686076162797487339664869223455558268715013978351427292005355387850939807880539505795966729975243831042350358177258255164826252873027847131864486070741719722562308270703297
674 1292752898668267655399132408560284488755839522805992687538529646585969136382568816658226790352769195512425853508975069986403028397024281795892125643777736518912548569631547779094126132435901154935774206094538521570317961453029260703740375598164118933212555431976301597322086340650756929926202370206187785275075878661029071098599390634427120076780744265422656230167324725255006826744816224997851096634454210358914119222675067630445269311513480664186089779725726213757219513745027
675 6686906230179773587719336225663496257713808301362188867528687947210499764321038878002946362367941652449447818344695621714754940081344941227170331443095839229561822993644182104043585401882717217833662325639954666129120254785049160227818779264346592668828170780989555294818706413439715503606208055322809390471239578085467647211250000028368081332381802471520028487969725015696046458294199540923372179813991950711055036286876683234997838013464406679184641928695973613721681407888073
676 34588869901316241520068104277030864100058738429655914513510486839625304986286056741833210083664477604986644159505644746366765731502897346515485037924962680989141519358546845595961607764389251678000185875510788333514747863465922164582930058953903942118634622041501783839896801212162874172704888751986567983512378385247523066554955531439934911932369150808408261802904680337012809925765748581393134224737525546265370504237557766766582197297763831506534514261311631032288927742514273
677 178915899012553440009546801148207269510829501439836151810408616266021679278428915230908984638818102333954898540924497164994038296742679003015079382264755136403504695440539288845371564490697367362539726439240823743960865333554687005252581269894351567979845906835452232590328465423705833863322250112588145646097371096257743857887548600677452954370915364734093908416913773872435260491995538268174391360468939488088375243762556240517325327116709168253300017589188481804198452684571263
678 925471215227079483312705917132583538314081281883063305338904736407438978387659248321229064034043841529934751726566125565563218407155937769825706279970272412735373274740401760573945492731742501574646119468899520329659948897575580594541007815898480610042688720666484068685037222516645551245923397961597105667102156169726069931225773976882219860258477171305745698568660409145643616332313149540447370812900682089050578773492188725558715855901514735122294179369674947296375545247183813
679 4787164046676464290363812224798564544392946406755546555013221400178102775024708210919529219951326502977119090666120099150085751566967197729390083383886079159600723358430452359131525242022409572942297372406678786499092173089903830032438776368642247336226851183190599639304806197456944437021364005767616025323211138400416280007173168255681471780577094645526864882966509126167373760009195669900108486715797279019868602737136408577994363947127419394021496370659256022421639228832089533
680 24762535706416060190716649838227152374815656160711556263773422465930865036826650713613811766811249284700501404631332111860123745984420518830968549028646452902188742567264199279745668206096160097674997678011991147997524311114783327728672691997671406271314094254529794115438500209099946137150145915042696423690521600496089856755736561122983393108600447596004421824659334463037856888510191389855876865179208060504764273103831486460778851964145371502500858674010051629826592986258623523
681 128089439500933067813846163233770600202612116412916151994597497586515204002843124235394757953611874942208751650641425401815341908013019070320944865032199390639634738357693327329304225432017499505517554591102532206027285349508029036502582173856036158653070667785496141230924512621847360301069716014603971066155693117361612273706076899759253383581973476502593269111792626343792135797636795993150199798236877886552174434776099759759385760098139067535508004469928039091351718450979704973
682 662571784288757604384669541882132085699765894749165473790738723966908133690804886071907840628206175258061768104633407163990520493345931566349158104449254891164632843720770189303983279562268930724766137633233885566177406523582672971782438323460512448648052869997788205545025388358939713325758806092642907250800019341508982999951191559228329961359444095533942207668411734800958433117785129816432778965597389512411760921038388208141377670640637599148522804920831087001527991398909691773
683 3427314412625371614089968120319020774652806715198178594187787994277890060173095701666949697945937794627738899853234264435658698345901686782631757003466226481365924194536731769102437135402792783716905554282019273756955630150879078862562388297602040507627795371846184345772591960211913011364913330901940266569050995418931291502118774203390327024164781589996179272959473247936002198043708671385469613329885483764062224008328690741474376460884390390763184053683275582122944365500997086783
684 17728677937920844405378580876487797590271648915006760918864704405548611041239477801363146889150121886110023502716582925438504937690497842195389093590708051983774525124104264447468870834452907169532524696537908354188830339317558308606302634890134797924604573029113734085134374766007695989664420225351340464923638301903798498117442472912397789548885052320794891964266790417691873264117098764373314404588462567963581417662000427047275882757961384442668637845127791752570026543294551349913
685 91706505201709900798328638800139900584672899787970719188892202768940488947190458191958693384933314251331018288958705931438250787551905842769243760742952410533394671350458774713572801496618205035018945447424060960185908238977181894042112087742085225227356888050087907250135734668426157110507364628408315367353773330354486513046712755479884911126034923595145181843530888144331345333334159150044733339478313291586000210630506122375524857075611263832390557441360465646404039186527943381833
686 474378854100017159799754241984093174772414305807378413507309683960225604562027433263376259880023616138631620247938550402604882932693627928212326743323715360548826121359895974395048136182833601864249427603821903478280544385854083536895942081612569235423724521432233384114053015157551146239088417042497624806889614603004267620211447246780787212141352763663117169308723758254555691021972058394522491970174232159034145054355165766380037823329723077773752622885090356508240055843973733050643
687 2453871865545120095053248420769213296183609789523637027732871990899955461378547821284128562678941448313861869317149995205066154706081145424555619656731475675320944173425124463082911740931858927680447466062124791051865941957053804135418454453877598881222334883206270128311056275185855906328474687051219090674629037124015576400857730417136950823587895337006049510179943539353183785008575976131630955070081928578686615107532779401268694171174236948538876320638209764949525721984218337043249
688 12693454140619112478157539279773133667177000034648783387405405986660034632289841114249965504895529229311065991301770113557209771808819861451692871705244387902842782961249106542573562888435551695131710550051095277962731793838496359328621380906183462891689825406735452644879219176488461583587802847047917002736629633510424899225947540541605315869513704811837463089279490311534167674342606180950802736551494085080283902966821488676298290729316756737077700530340658561187035722957197371646233
689 65661247356570207492645403773524605204617619253146187121577308202822353778452486338148285085361950422753986260595046238220059097845718526016309053327342699393073881523474429852165652326074530434888816934623391986689783604492986447320405181557635517331252725855742730446278939473922285400060731313702603694093488670076053504739197319863965473591649458520077299787993210982516607693970439628497538701573894783446218967489483884841157613052228341304578259177806849804122262656414859871841727
690 339656404882006121595488740348386451644228986721147922842068374932058849417198500779509490337259367619529836491759813529542224555217691744398053490063381349093439251438307073708878124375390430702813946935672052744092001223056070309377185597543310168260489004965142512271821464186233479155789105879364331150117341447821846358622375581600938377968986692550849954842104464910470071638087744465655032669343427141865649774880480857210256289392411795422004444346340689461970161152879627289984653
691 1757000372942455420142469657758671800783229639567867289348205185404071521358551855282358264493773762321801987679386972543879706344437752454357185546728474132197236378320999960539727652436512895005036045075552958150147328738068182455134268218094370645428295056227011359895423177674664464659503641465683593184450267518235236134686288294320424519058262594676178825843366322393375206870568109669589399869027137705428453137043044208735973079984901218755166565331939920203551854184493904277601173
692 9088773077421138267501894704460012229912319440038136858231748550361014197263246373946124178507527831401275151857100096898024081525416514522087370515836047585906064258999352324668282711366249726528977058168612958748697276398860109469780625900673368552649962764589765024737420567725565993678332897102845692608951553052119426499675593070358555493040012158643631941473344000959656588048776363107738584813845689140556759656986378731150944453573362164085364611285841040459532234522074112856719251
693 47015388011748381651929989532713769868352166016207435943984768222670706473915894984477553029834763838482777650390434422494746711898819036204577075244936464956851890618391702034031441096981009765131118884872856526564297985534767755018689940106724104824107748307599284237478047901597835588887236451977721813688085249704924405348578472911327589618332687087762225461834129672793751509075245108036633154744888377203004039067144734425236350568418176212816532657464093115737220171222040489987303109
694 243207040246767429504456009336608867836273163110779106836692472669563344269339439478154908800252659756529186725168506455438897781759534398640948591932258364024709364144605673878439484571506997369033992567174849509752694666504711880211496912266293081574132912952043784441353840204783500829201154204680251964656407676907147366302817975758084410553322622208205069970696355017319854809922879029285603981508935016909372062373927672553343990782288307816259236915108940787450374613101992215953259429
695 1258095503624449282024155127958264894653966372583416362811057588167324300790342573448407552662043870078175217282420525250639096605078852822471433086974146688681983686734554514483828699973524025077801261675433597815800112461121939080734918447490148209514530325804450956631784271073678156206382728983884468822765009594271987556835907877815142614799786610527910319089458963827159355147286096162872199186239864869210137046712127747027525041651359279040525526838315128947649732337974455224074376319
696 6508073120544507928566649363117300119496963564045965749756758448417295690820894281281429464429977431673958624643249479880042107974742891304825794642673800900653175205576254122263771218611244058856300530617760247791215891606752463198613998656649376635694780775732749427726832571192830373357451903951333825589578743266784786219681551924830216738824056372580835522141581291302757870818226390084195370918600445425639689790402340619491333404295397269693398078298334460445061249254400721081524077489
697 33666082187070596352862181804621175620912370140493330520995864975609923235484477285179995700810077780778349514542870852423722533606563658696706957648255491664028769055451099012394693807624237534061105045029233267498923482705188142472593995560802065227038816152131139129905723247121304317266174266255921297613581610182296366071879345578370074371520279181058069195072433057291278969282319386620499797329151942817342471865168921310681881481109896635446411500947136590129558689058366260352990517265
698 174154248293247503403530029859418501928510608558520899784284181246038867977888039822879561046133184115454498780280082257860732107812288017810723473465379469413829737969306103903927201678360786017886331065463133620091527043590665871930094502321732288067792894938481674055526391765886351765267346221604127859156375306304862791874490097965160854209377231602221553339201316973114940606399205686742719357663052158063280840220981677065246196176200573911328608548838666366722201903412171194533121064291
699 900900651775828311749181386722597625042055843919296895161950388649231970147579012076923462371646504251795329008210425773021119149869986220214852427547364109748412818354208612913832224932576608763252113302343823710356494612646493321922067663272765548437827870123664844035640060032641856353626477425572209480260618764848070575665333196094517864109180316680769998735712389799463927171647424507502784784169498430344671361879729642872440655715746820498413249032316014666235248951683197430065105942425
700 4660377101732567690786848751060019389946975401537041692696862171243849627044854927703510435565515048580572915946540102139138625129903884786278880186697827717115816757452038272130837179424157808190939156846898331697937321909525018260651025886351251079133741689178081885936749419770374865022754496080900696077142037075428953797904332311535918707867377885254168622214401005881928078240980971794142384184521563698397645936253746691747175973053602462630099810022433994405575700848577160122244254272977
701 24108297666389717995783675752407582521047138775472529408089950618415522969158445725769169261527188937945154458392661519751426431256563842170552909212057172276226291726515862894251460832643545905795910889343618129553290255725782219428148882221170961843895603169967692143027860546976340010139791455093509526609971654868180548772466778180149997697727361586905649390680200954985459233524656388934403130075168567044199564988149315846273649855591860143099606483106890859021200941985073770429985436310527
702 124713467212238402469660512624521874747503808707032847068322906514120437231112288005282818594953450653802162021507015931011820832629791461078774185061961159057942009495481683383471731771454350233299896568501901264755049877916540889515810068419921012882488017139293807154405495293682706118540587414015892621378314829460691755153292918298177016942788936684251354067079842133784454628680718719200084202039329765516977382908719025259708321157429923717622082066710499283797286421229277097466186935595477
703 645151157665238075683005883174231893999163040004535405821922100312857435856041540065782398467360617067435391094011231693277215614416644274384061953402952862236219948587624124091022478623182413476312173698483990664600418211186541039566775597290646990462832630535214242976536989920458519328538402773048946990051729351639840734447192771390687046039007727410330989630477369048367295896421227198270008827232050409136694749418581650250789796507390622029669756906247570351061845267376633877796094041655277
704 3337420458656992155595387481079509240797311609170944487711511141019811199401760636332310102164312357429779087924878857947957420937863181067439145120885912646220868856786011881850610476126349873094099323548307941556958694627151099543067359544421727892974856159380501981108250191950605243512657918442231797725882081748886850957705701127029676970866069168843603932418967695435020976427873657518035654871333451952926109809322253693531428681990727375300622792741604526203875000356826778140986278640092867
705 17264805041990190450264152909571676066615715447385404599958522684179477933486369434959537399261140211365513841487979065961474995985871640030675963732548104622118361591108810880593523507841777788567149772184278074900874349930901054869050856872957801439198381823394514755756313495096235722822476584059030533746832706853718562566628269541720917313139157919775804511928390758355320430768227632074672947878210817039205361766008056811545850970954945412344819423340900412617881271665475404317442614093608637
706 89312807471643793861926294902328526372784810166301241198590418026553772355950788933533877878902889537336696711296682146085528417283524778611462865399508590554883056071915335128328205639782912538420268850991330490052565564831594235538529919170194438672499967822831666898553014684518500942158689927884355794798356945319936538700501902614903243327058256056153299329010600805247922187558832498121791503990776141229651523765697585004269019688533911271139574403709414943336699500159950792035698763799847437
707 462026736797310067400803808588665542359716169863197059349318391327070049685044722473350269357632107641571648601871567219257885263307804008132413508476326211203121858299307125637319955928485031991344963037116164267688197883787439920748881832631563126455397303354187248723488749394422461214056764977818058566521217940819827787690006072569992460519503040935619554812381030111079716965448398607712445195004360684151623469393506151586076444050925982725944535753662846253330556409493467076452067528014755007
708 2390131391625319056447029969305487713200854429776883342786245249553703305808566644327255470278317077654696047451859941175749638553375334067781763282329145802418782362722755154853396405293752171207017979113079949121719539498474597780788274981660346153598891719527661236833246893805875389912209714501412323146112502273383631998185312428581162244304012263053148488966722905899660482462219009305520366012949308288782269028371094869743825026490376525862148110122134901824258097476933843316494212047320940297
709 12364533639499599790901863300008873852567184577585655745819964392835514270721304157020994867954439127251675499374844812056423001574524391626991804884708709377193922985776315255592215964478286652163993567267852452179810160685117242919011412313279764406485627590312272410844763845811061274388499394876733796005716712950331172702607772070392237933139388075407805609141073763615686719383390272368469487633697695758551480622370080566056001102456502399918672419096777086515752696640700807295727282905298004377
710 63963909235964574814068706628602300124168926858943891279779540249652605598304777948113278799262369170089139788127638127036426033418929057996251143620096795557423928713784370004080516907533235291630163142698024349157971241874416772450114243549195747899540929178160059936181933928796149287561481244948525105979729440664963048930183902400603362117174314827473354454127104779550557233753475605940318227261786546396865077742322817754373194763921473210090713066097049370807346967833766502676284349153957543027
711 330897545648926986154487285502013692389456127059800326562998520532954777823509113876508381270992048537583028607878737866765794079854036315978179201420409323724546122629444581371444038961730963395948522566850013860189451184643522713768188741973148690737601290200752519003334661909453640614458440000054473752602781556801975440396167937806483168096915473939645520967329072984267679025034809000612630152025766442205131899564202284135489043629792679334837419508357145066776849052525504799794783525000225187457
712 1711801408940316883646426746401837522587835359616566613175949574671469090565468615013451075644005096419875097251435643255194871404821383366275788586027596084510243719693854186625938094916152035784172814939586121434107630062147368310887818955582633312206175367006277860398880789133014868735896082238718235100899807432200033912286079758265097532773905234693076850322831285634153050469122393307626954821357645773331830429443929186505848418109484856866872970675903054239576453280418716768814915486150021669385
713 8855528712880788272229326742215552272506272428224558448268741122651271536417614544818780531944095525368477964580476416898803555785527191575842424011496860555367506295517712397048641965868767060421940117099615423121166621800287083898562124640921203922609300539836618535961071133738734116158407993073235975740736888346547588995047131884465633538722110464023912312600525810531305535827021122070616920324191938354745146760591615551297051114803629056089739814691063738120569398338849835593361681942588565834047
714 45811750882186073802633891952298215926020906457019141514285144250448690873937301228994243917616644664731187699215215556077905954547056083237279972002517823341585410402389550485641468118166876418952602694447591577947799764085029292294728071339343555521770046935898903990535593439566836621517796834396012863937023184471829796333007789075591291030188356496896398372862450448173363119791490712427121019303124036159251455535456940923174842231106007935485122987880463323631994870023495411160263418228078207618589
715 236995751430052038751385561393289722935668331541869608779842642679104631703137096453631787936947366492429561823089860138766792741659739496411394472812447731916215415834186207528984139733083264229311712661606489283875313178311960759972976909391895975769889478793704676130581461375992001437812275273085334249405120250674957741632573890002067482385856599832883261812519918902215853998148164259855095403614817993958732745749976762908677005420414038111634679015086195970316547428712094204616205140632588268668997
716 1226042436361872212980440990846683713784868031127152532395502756251131693079903975468926718097390756934836129119283624152736936272813875088108605185877732349078541414184550373810491740780883982459496922310432220598225683710035428276124106916715344399648646305282484513465571544097690587731453369889703297347235456379157787003647075029916926416430859354000925799037162283303158392182286918984120244617726095986609540696392164628004531411292859991328121435849212314788950786778101372758269735052252361359638707
717 6342664102915366239170233515843488574055862394351431189571870996263272266742808551671439356638111397750278732027214238070375930900177177863277096382602172489587269952408038723751280503210359676494470150591352612677927835884319104245777282345021852780166469757507023246230796729514296956452089235494284021354273898106629815714647085595806361336196242140152455590059780795944707438454508067577723794225250431377791442417529245785224739540689175785110127969752989650048551079870785099855854472602442067891059701
718 32812489906112776281395283812787929533892109138023969043015499324586487363522921146969311160037956713487030329539406256306828014418012318121679239515905172060962546538051084027667442056311679045916819237349194611008987307835799312925136058688023908597169352310734568216138596130450274706041267395600509399987130130685530714852191452817356104582222829024309859609056735746207410447145882222270252676076054505000090189867080098058292609763561686727892231779454611600030264674271878612520516928587495886890766645
719 169749272988172763407714664324269578770944931481805257998306234453612565637485002508338405346714890378517894044924838000883524525360369652260664827030041109965194907175648729150788052564109856307972769202620217854052629624876880889698654255370029525740786560678852794415864535367736689742912796992659559733157133390330308046830986263757621826016885368328056682509809991325574339342118643667892575677515923660543919589120011453461162278759790605613706564469515603385478870917596475995510504078290766088666073855
720 878168624310979027869554211257622386402072194463186965924969052885930616286203624897591136065738840683940400648479068235446548568907049781032579137708175479734542721756422830985683038594875081571237136085461047004486738565266481108506510841694148236787286018452953917603759567308294779530427293194504856442616739318569518493701577793309205399110319167722934759207904934499413074714082693768526704849496290750343727100457090683740632065785903302226131266538869144829948053489392473833195375138838298158572969505
721 4543067231545139392514039874103456127707185788571214407549278605517933081681986173418033438599178202396454741988564738716682490286630127782731052899524345850867943169386244082079875323091985999730499746909804495437224874555774123516481545073112417732406167960159291366287089995297662737434695268717973901812144276191107016255490263008709772243284730814707351071935125254832026974652386998820215387211680709086479615129719168426227442581612687754336028896235477438345084848473612059575286031567671644356628205665
722 23502911326233786364603878759597477863287141967721563571797556113086140591849011628219934937897578033173337998323620724271496718157620003537713693412011765911952461698691505102796914068775990430296007801299142029504195154809784178809137105473787718030567223873256940149177784928229839059216156735881653202200519977938450679587924401728783838330563043936865823372229004455094110034549709158452704206209208975640757105772834360836087405760507064030200307789039481126078489297587010241829646611234702658125310287683
723 121589313780322617825462686514766382261299540942985913972061232972117256627701913871896688142737273013657972662281094740917153258163985731908318648918968901133748155962964654274343424075828441369621955402674499287659268606106708370425335036828897147858406636105502376881681796606524873490766997323929083991867483800756831314014946153984201665891941118203380653420036048250654351004394373389424568645362476539677184013048448058483407768371259812763983919874470456085268910288195587691921133943405027517128263128681
724 629028606685098951664554955789992905293903735884551234938529779081489214531576236732904965480041538015053373512828455037859774075970701350812043214117997959014456648419932421124371641122790591241895961575943709343899041680569813560894902665729930568110746151837616095377931871822593051383846704957427755851803599939267427677030396546140581792941368743241590233720334638658109059188087643390472870712519945010345336353427743349285723989081783161443750230405260424567089753378126109821300467708443009145242113871169
725 3254217872935183783379928270554529207993112669301296822625556486252392963782042796809023000867409019609202929715347423063509126750784628231154045812429813514805739887082317538995431022951049932487610357538087623118839473922500606087178291643670921078144808516137146726266059691782339860021527049277881384467796695717745492023854807085785665355674565202810809159646571407138512580451402483643993161915104255042050256722709626599170164027227879075880219487395408764429768948372210450564608178906824714893593486705023
726 16835425309775394770261681481064551026599442874679605451945828144895501484365657649872397089124126401887304250228064199105989032858639437770105496671643287461550527625569464243672269448364803607876411673147030804156221703637824323484508379836823310415426036949914932159623314542417804737263988064782334435258387242008308022390053035981591172503160747672243365009925928910970031143267886848328390943117729407081825739139454131151723278252098999316285858945584290655355980726655833940699101230257885837467758991539173
727 87096918966383286064683807450755731712985466486727313185090316634104295309420167154271255322457763689371320732815445371475649255638116788222771753161530510659581286734716753833705967827384646605900942897341680387967157895179875931199607991672770880614850048177480144267693597820429506485838651460973821011521036515735761538123331984479475797357225623327286690177289457422727339184924898863383627423665498564016129348102424919799072673659492571839975092349412058753606356760050711551099324583967808950684570543874589
728 450591217059935726245377099127186468624382821737086558521616857923013730150446667655964949494881981530878743060186879177758346137732951024178469234431709972426330905296233479431629402766139039890664376718001205056867879918668706842154001121675808528236881863454746152642217335924187508399429148960923593100182573848040302198484854701526917555171238510061545949276170338591079315156053896236210772879210663610956302070363842236920052505634772721205173837654983294115909986913713270903634103796439551151486780201694307
729 2331115966021507011676512544877413766244896014439125611616174117662033423739591702839188805240595579114339051970360412805096028784166404726910446806147102316577366503948790315725949570550385982492142243553242384023826140056509510702194497088091252471538689754793389039653446318403400292797836153450562442218786843176639309328307956388652213652000402069414087234791409199053576415341022977103470906615952195030783890776900936334428812524892029207440001046802840338035097057186190195928674101309367541904316571724149229
730 12059970875753069169496756107705823755634882197656837023792704257782164002296474914716341270200586979784626458093809982090887498859050609748007078188589928025581634046579865748582221654493113990953521091589787885811389759807426344105854576714728174504410048318714875851926573903666949654476117336718747430527700861101392729054654506651372379358297437826357897854716258378626682572701039581404951082704111908176065371786418361890375510830801532355686086860269108902446890720461504983370044990893485615840299904117575581
