LEAF 6,1 0,0 0,0 0,0 0,0 0,0 0,0 0,0 0,0 1,0
LEAF 6,1 0,0 0,0 0,0 0,0 0,0 0,0 0,0 1,0 0,0
LEAF 6,1 0,0 0,0 0,0 0,0 0,0 0,0 1,0 0,0 0,0
LEAF 6,1 0,0 0,0 0,0 0,0 0,0 1,0 0,0 0,0 0,0
LEAF 6,1 0,0 0,0 0,0 0,0 1,0 0,0 0,0 0,0 0,0
LEAF 6,1 0,0 0,0 0,0 1,0 0,0 0,0 0,0 0,0 0,0
LEAF 6,1 0,0 0,0 1,0 0,0 0,0 0,0 0,0 0,0 0,0
LEAF 6,1 0,0 1,0 0,0 0,0 0,0 0,0 0,0 0,0 0,0
LEAF 6,1 1,0 0,0 0,0 0,0 0,0 0,0 0,0 0,0 0,0
LEAF 7,1 0,0 0,0 0,0 0,0 0,0 0,0 0,0 0,0 4,9
LEAF 7,1 0,0 0,0 0,0 0,0 0,0 0,0 0,0 1,0 6,7
LEAF 7,1 0,0 0,0 0,0 0,0 0,0 0,0 1,0 0,0 6,7
LEAF 7,1 0,0 0,0 0,0 0,0 0,0 1,0 0,0 0,0 6,7
LEAF 7,1 0,0 0,0 0,0 0,0 1,0 0,0 0,0 0,0 6,7
LEAF 7,1 0,0 0,0 0,0 1,0 0,0 0,0 0,0 0,0 6,7
LEAF 7,1 0,0 0,0 1,0 0,0 0,0 0,0 0,0 0,0 6,7
LEAF 7,1 0,0 1,0 0,0 0,0 0,0 0,0 0,0 0,0 6,7
LEAF 7,1 0,0 6,7 0,0 0,0 0,0 0,0 0,0 0,0 1,0
LEAF 7,1 0,0 6,7 0,0 0,0 0,0 0,0 0,0 1,0 0,0
LEAF 7,1 0,0 6,7 0,0 0,0 0,0 0,0 1,0 0,0 0,0
LEAF 7,1 0,0 6,7 0,0 0,0 0,0 1,0 0,0 0,0 0,0
LEAF 7,1 0,0 6,7 0,0 0,0 1,0 0,0 0,0 0,0 0,0
LEAF 7,1 0,0 6,7 0,0 1,0 0,0 0,0 0,0 0,0 0,0
LEAF 7,1 0,0 6,7 1,0 0,0 0,0 0,0 0,0 0,0 0,0
LEAF 7,1 0,0 4,9 0,0 0,0 0,0 0,0 0,0 0,0 0,0
LEAF 7,1 1,0 0,0 0,0 0,0 0,0 0,0 0,0 0,0 6,7
LEAF 10,1 0,0 0,0 0,0 0,0 0,0 0,0 0,0 0,0 8,3
LEAF 10,1 0,0 0,0 0,0 0,0 0,0 0,0 0,0 0,0 7,6
LEAF 10,1 0,0 0,0 0,0 0,0 0,0 0,0 0,0 1,0 10,1
LEAF 10,1 0,0 0,0 0,0 0,0 0,0 0,0 0,0 1,0 9,4
LEAF 10,1 0,0 0,0 0,0 0,0 0,0 0,0 1,0 0,0 10,1
LEAF 10,1 0,0 0,0 0,0 0,0 0,0 0,0 1,0 0,0 9,4
LEAF 10,1 0,0 0,0 0,0 0,0 0,0 1,0 0,0 0,0 10,1
LEAF 10,1 0,0 0,0 0,0 0,0 0,0 1,0 0,0 0,0 9,4
LEAF 10,1 0,0 0,0 0,0 0,0 1,0 0,0 0,0 0,0 10,1
LEAF 10,1 0,0 0,0 0,0 0,0 1,0 0,0 0,0 0,0 9,4
LEAF 10,1 0,0 0,0 0,0 1,0 0,0 0,0 0,0 0,0 10,1
LEAF 10,1 0,0 0,0 0,0 1,0 0,0 0,0 0,0 0,0 9,4
LEAF 10,1 0,0 0,0 1,0 0,0 0,0 0,0 0,0 0,0 10,1
LEAF 10,1 0,0 0,0 1,0 0,0 0,0 0,0 0,0 0,0 9,4
LEAF 10,1 0,0 1,0 0,0 0,0 0,0 0,0 0,0 0,0 10,1
LEAF 10,1 0,0 1,0 0,0 0,0 0,0 0,0 0,0 0,0 9,4
LEAF 10,1 1,0 0,0 0,0 0,0 0,0 0,0 0,0 0,0 10,1
LEAF 10,1 1,0 0,0 0,0 0,0 0,0 0,0 0,0 0,0 9,4
LEAF 10,1 10,1 0,0 0,0 0,0 0,0 0,0 0,0 0,0 1,0
LEAF 10,1 10,1 0,0 0,0 0,0 0,0 0,0 0,0 1,0 0,0
LEAF 10,1 10,1 0,0 0,0 0,0 0,0 0,0 1,0 0,0 0,0
LEAF 10,1 10,1 0,0 0,0 0,0 0,0 1,0 0,0 0,0 0,0
LEAF 10,1 10,1 0,0 0,0 0,0 1,0 0,0 0,0 0,0 0,0
LEAF 10,1 10,1 0,0 0,0 1,0 0,0 0,0 0,0 0,0 0,0
LEAF 10,1 10,1 0,0 1,0 0,0 0,0 0,0 0,0 0,0 0,0
LEAF 10,1 10,1 1,0 0,0 0,0 0,0 0,0 0,0 0,0 0,0
LEAF 10,1 8,3 0,0 0,0 0,0 0,0 0,0 0,0 0,0 0,0
LEAF 11,1 0,0 0,0 0,0 0,0 0,0 0,0 0,0 0,0 11,1
LEAF 11,1 0,0 0,0 0,0 0,0 0,0 0,0 0,0 0,0 8,2
LEAF 11,1 0,0 0,0 0,0 0,0 0,0 0,0 0,0 1,0 10,0
LEAF 11,1 0,0 0,0 0,0 0,0 0,0 0,0 0,0 1,0 7,5
LEAF 11,1 0,0 0,0 0,0 0,0 0,0 0,0 0,0 2,0 10,2
LEAF 11,1 0,0 0,0 0,0 0,0 0,0 0,0 0,0 5,0 11,0
LEAF 11,1 0,0 0,0 0,0 0,0 0,0 0,0 0,0 0,1 8,4
LEAF 11,1 0,0 0,0 0,0 0,0 0,0 0,0 0,0 1,1 11,1
LEAF 11,1 0,0 0,0 0,0 0,0 0,0 0,0 1,0 0,0 10,0
LEAF 11,1 0,0 0,0 0,0 0,0 0,0 0,0 1,0 0,0 7,5
LEAF 11,1 0,0 0,0 0,0 0,0 0,0 0,0 1,0 1,0 9,3
LEAF 11,1 0,0 0,0 0,0 0,0 0,0 0,0 1,0 0,1 10,2
LEAF 11,1 0,0 0,0 0,0 0,0 0,0 0,0 2,0 0,0 10,2
LEAF 11,1 0,0 0,0 0,0 0,0 0,0 0,0 5,0 0,0 11,0
LEAF 11,1 0,0 0,0 0,0 0,0 0,0 0,0 0,1 0,0 8,4
LEAF 11,1 0,0 0,0 0,0 0,0 0,0 0,0 0,1 1,0 10,2
LEAF 11,1 0,0 0,0 0,0 0,0 0,0 0,0 1,1 0,0 11,1
LEAF 11,1 0,0 0,0 0,0 0,0 0,0 1,0 0,0 0,0 10,0
LEAF 11,1 0,0 0,0 0,0 0,0 0,0 1,0 0,0 0,0 7,5
LEAF 11,1 0,0 0,0 0,0 0,0 0,0 1,0 0,0 1,0 9,3
LEAF 11,1 0,0 0,0 0,0 0,0 0,0 1,0 0,0 0,1 10,2
LEAF 11,1 0,0 0,0 0,0 0,0 0,0 1,0 1,0 0,0 9,3
LEAF 11,1 0,0 0,0 0,0 0,0 0,0 1,0 1,0 1,0 11,1
LEAF 11,1 0,0 0,0 0,0 0,0 0,0 1,0 0,1 0,0 10,2
LEAF 11,1 0,0 0,0 0,0 0,0 0,0 2,0 0,0 0,0 10,2
LEAF 11,1 0,0 0,0 0,0 0,0 0,0 5,0 0,0 0,0 11,0
LEAF 11,1 0,0 0,0 0,0 0,0 0,0 0,1 0,0 0,0 8,4
LEAF 11,1 0,0 0,0 0,0 0,0 0,0 0,1 0,0 1,0 10,2
LEAF 11,1 0,0 0,0 0,0 0,0 0,0 0,1 0,0 0,1 11,1
LEAF 11,1 0,0 0,0 0,0 0,0 0,0 0,1 1,0 0,0 10,2
LEAF 11,1 0,0 0,0 0,0 0,0 0,0 0,1 0,1 0,0 11,1
LEAF 11,1 0,0 0,0 0,0 0,0 0,0 1,1 0,0 0,0 11,1
LEAF 11,1 0,0 0,0 0,0 0,0 1,0 0,0 0,0 0,0 10,0
LEAF 11,1 0,0 0,0 0,0 0,0 1,0 0,0 0,0 0,0 7,5
LEAF 11,1 0,0 0,0 0,0 0,0 1,0 0,0 0,0 1,0 9,3
LEAF 11,1 0,0 0,0 0,0 0,0 1,0 0,0 0,0 0,1 10,2
LEAF 11,1 0,0 0,0 0,0 0,0 1,0 0,0 1,0 0,0 9,3
LEAF 11,1 0,0 0,0 0,0 0,0 1,0 0,0 1,0 1,0 11,1
LEAF 11,1 0,0 0,0 0,0 0,0 1,0 0,0 0,1 0,0 10,2
LEAF 11,1 0,0 0,0 0,0 0,0 1,0 1,0 0,0 0,0 9,3
LEAF 11,1 0,0 0,0 0,0 0,0 1,0 1,0 0,0 1,0 11,1
LEAF 11,1 0,0 0,0 0,0 0,0 1,0 1,0 1,0 0,0 11,1
LEAF 11,1 0,0 0,0 0,0 0,0 1,0 0,1 0,0 0,0 10,2
LEAF 11,1 0,0 0,0 0,0 0,0 2,0 0,0 0,0 0,0 10,2
LEAF 11,1 0,0 0,0 0,0 0,0 5,0 0,0 0,0 0,0 11,0
LEAF 11,1 0,0 0,0 0,0 0,0 0,1 0,0 0,0 0,0 8,4
LEAF 11,1 0,0 0,0 0,0 0,0 0,1 0,0 0,0 1,0 10,2
LEAF 11,1 0,0 0,0 0,0 0,0 0,1 0,0 0,0 0,1 11,1
LEAF 11,1 0,0 0,0 0,0 0,0 0,1 0,0 1,0 0,0 10,2
LEAF 11,1 0,0 0,0 0,0 0,0 0,1 0,0 0,1 0,0 11,1
LEAF 11,1 0,0 0,0 0,0 0,0 0,1 1,0 0,0 0,0 10,2
LEAF 11,1 0,0 0,0 0,0 0,0 0,1 0,1 0,0 0,0 11,1
LEAF 11,1 0,0 0,0 0,0 0,0 1,1 0,0 0,0 0,0 11,1
LEAF 11,1 0,0 0,0 0,0 1,0 0,0 0,0 0,0 0,0 10,0
LEAF 11,1 0,0 0,0 0,0 1,0 0,0 0,0 0,0 0,0 7,5
LEAF 11,1 0,0 0,0 0,0 1,0 0,0 0,0 0,0 1,0 9,3
LEAF 11,1 0,0 0,0 0,0 1,0 0,0 0,0 0,0 0,1 10,2
LEAF 11,1 0,0 0,0 0,0 1,0 0,0 0,0 1,0 0,0 9,3
LEAF 11,1 0,0 0,0 0,0 1,0 0,0 0,0 1,0 1,0 11,1
LEAF 11,1 0,0 0,0 0,0 1,0 0,0 0,0 0,1 0,0 10,2
LEAF 11,1 0,0 0,0 0,0 1,0 0,0 1,0 0,0 0,0 9,3
LEAF 11,1 0,0 0,0 0,0 1,0 0,0 1,0 0,0 1,0 11,1
LEAF 11,1 0,0 0,0 0,0 1,0 0,0 1,0 1,0 0,0 11,1
LEAF 11,1 0,0 0,0 0,0 1,0 0,0 0,1 0,0 0,0 10,2
LEAF 11,1 0,0 0,0 0,0 1,0 1,0 0,0 0,0 0,0 9,3
LEAF 11,1 0,0 0,0 0,0 1,0 1,0 0,0 0,0 1,0 11,1
LEAF 11,1 0,0 0,0 0,0 1,0 1,0 0,0 1,0 0,0 11,1
LEAF 11,1 0,0 0,0 0,0 1,0 1,0 1,0 0,0 0,0 11,1
LEAF 11,1 0,0 0,0 0,0 1,0 0,1 0,0 0,0 0,0 10,2
LEAF 11,1 0,0 0,0 0,0 2,0 0,0 0,0 0,0 0,0 10,2
LEAF 11,1 0,0 0,0 0,0 5,0 0,0 0,0 0,0 0,0 11,0
LEAF 11,1 0,0 0,0 0,0 0,1 0,0 0,0 0,0 0,0 8,4
LEAF 11,1 0,0 0,0 0,0 0,1 0,0 0,0 0,0 1,0 10,2
LEAF 11,1 0,0 0,0 0,0 0,1 0,0 0,0 1,0 0,0 10,2
LEAF 11,1 0,0 0,0 0,0 0,1 0,0 0,0 0,1 0,0 11,1
LEAF 11,1 0,0 0,0 0,0 0,1 0,0 1,0 0,0 0,0 10,2
LEAF 11,1 0,0 0,0 0,0 0,1 0,0 0,1 0,0 0,0 11,1
LEAF 11,1 0,0 0,0 0,0 0,1 1,0 0,0 0,0 0,0 10,2
LEAF 11,1 0,0 0,0 0,0 1,1 0,0 0,0 0,0 0,0 11,1
LEAF 11,1 0,0 0,0 1,0 0,0 0,0 0,0 0,0 0,0 10,0
LEAF 11,1 0,0 0,0 1,0 0,0 0,0 0,0 0,0 0,0 7,5
LEAF 11,1 0,0 0,0 1,0 0,0 0,0 0,0 0,0 1,0 9,3
LEAF 11,1 0,0 0,0 1,0 0,0 0,0 0,0 0,0 0,1 10,2
LEAF 11,1 0,0 0,0 1,0 0,0 0,0 0,0 1,0 0,0 9,3
LEAF 11,1 0,0 0,0 1,0 0,0 0,0 0,0 1,0 1,0 11,1
LEAF 11,1 0,0 0,0 1,0 0,0 0,0 0,0 0,1 0,0 10,2
LEAF 11,1 0,0 0,0 1,0 0,0 0,0 1,0 0,0 0,0 9,3
LEAF 11,1 0,0 0,0 1,0 0,0 0,0 1,0 0,0 1,0 11,1
LEAF 11,1 0,0 0,0 1,0 0,0 0,0 1,0 1,0 0,0 11,1
LEAF 11,1 0,0 0,0 1,0 0,0 0,0 0,1 0,0 0,0 10,2
LEAF 11,1 0,0 0,0 1,0 0,0 1,0 0,0 0,0 0,0 9,3
LEAF 11,1 0,0 0,0 1,0 0,0 1,0 0,0 0,0 1,0 11,1
LEAF 11,1 0,0 0,0 1,0 0,0 1,0 0,0 1,0 0,0 11,1
LEAF 11,1 0,0 0,0 1,0 0,0 1,0 1,0 0,0 0,0 11,1
LEAF 11,1 0,0 0,0 1,0 0,0 0,1 0,0 0,0 0,0 10,2
LEAF 11,1 0,0 0,0 1,0 1,0 0,0 0,0 0,0 0,0 9,3
LEAF 11,1 0,0 0,0 1,0 1,0 0,0 0,0 0,0 1,0 11,1
LEAF 11,1 0,0 0,0 1,0 1,0 0,0 0,0 1,0 0,0 11,1
LEAF 11,1 0,0 0,0 1,0 1,0 0,0 1,0 0,0 0,0 11,1
LEAF 11,1 0,0 0,0 1,0 1,0 1,0 0,0 0,0 0,0 11,1
LEAF 11,1 0,0 0,0 1,0 0,1 0,0 0,0 0,0 0,0 10,2
LEAF 11,1 0,0 0,0 2,0 0,0 0,0 0,0 0,0 0,0 10,2
LEAF 11,1 0,0 0,0 5,0 0,0 0,0 0,0 0,0 0,0 11,0
LEAF 11,1 0,0 0,0 0,1 0,0 0,0 0,0 0,0 0,0 8,4
LEAF 11,1 0,0 0,0 0,1 0,0 0,0 0,0 0,0 1,0 10,2
LEAF 11,1 0,0 0,0 0,1 0,0 0,0 0,0 0,0 0,1 11,1
LEAF 11,1 0,0 0,0 0,1 0,0 0,0 0,0 1,0 0,0 10,2
LEAF 11,1 0,0 0,0 0,1 0,0 0,0 0,0 0,1 0,0 11,1
LEAF 11,1 0,0 0,0 0,1 0,0 0,0 1,0 0,0 0,0 10,2
LEAF 11,1 0,0 0,0 0,1 0,0 0,0 0,1 0,0 0,0 11,1
LEAF 11,1 0,0 0,0 0,1 0,0 1,0 0,0 0,0 0,0 10,2
LEAF 11,1 0,0 0,0 0,1 0,0 0,1 0,0 0,0 0,0 11,1
LEAF 11,1 0,0 0,0 0,1 1,0 0,0 0,0 0,0 0,0 10,2
LEAF 11,1 0,0 0,0 0,1 0,1 0,0 0,0 0,0 0,0 11,1
LEAF 11,1 0,0 0,0 1,1 0,0 0,0 0,0 0,0 0,0 11,1
LEAF 11,1 0,0 1,0 0,0 0,0 0,0 0,0 0,0 0,0 10,0
LEAF 11,1 0,0 1,0 0,0 0,0 0,0 0,0 0,0 0,0 7,5
LEAF 11,1 0,0 1,0 0,0 0,0 0,0 0,0 0,0 1,0 9,3
LEAF 11,1 0,0 1,0 0,0 0,0 0,0 0,0 0,0 0,1 10,2
LEAF 11,1 0,0 1,0 0,0 0,0 0,0 0,0 1,0 0,0 9,3
LEAF 11,1 0,0 1,0 0,0 0,0 0,0 0,0 1,0 1,0 11,1
LEAF 11,1 0,0 1,0 0,0 0,0 0,0 0,0 0,1 0,0 10,2
LEAF 11,1 0,0 1,0 0,0 0,0 0,0 1,0 0,0 0,0 9,3
LEAF 11,1 0,0 1,0 0,0 0,0 0,0 1,0 0,0 1,0 11,1
LEAF 11,1 0,0 1,0 0,0 0,0 0,0 1,0 1,0 0,0 11,1
LEAF 11,1 0,0 1,0 0,0 0,0 0,0 0,1 0,0 0,0 10,2
LEAF 11,1 0,0 1,0 0,0 0,0 1,0 0,0 0,0 0,0 9,3
LEAF 11,1 0,0 1,0 0,0 0,0 1,0 0,0 0,0 1,0 11,1
LEAF 11,1 0,0 1,0 0,0 0,0 1,0 0,0 1,0 0,0 11,1
LEAF 11,1 0,0 1,0 0,0 0,0 1,0 1,0 0,0 0,0 11,1
LEAF 11,1 0,0 1,0 0,0 0,0 0,1 0,0 0,0 0,0 10,2
LEAF 11,1 0,0 1,0 0,0 1,0 0,0 0,0 0,0 0,0 9,3
LEAF 11,1 0,0 1,0 0,0 1,0 0,0 0,0 0,0 1,0 11,1
LEAF 11,1 0,0 1,0 0,0 1,0 0,0 0,0 1,0 0,0 11,1
LEAF 11,1 0,0 1,0 0,0 1,0 0,0 1,0 0,0 0,0 11,1
LEAF 11,1 0,0 1,0 0,0 1,0 1,0 0,0 0,0 0,0 11,1
LEAF 11,1 0,0 1,0 0,0 0,1 0,0 0,0 0,0 0,0 10,2
LEAF 11,1 0,0 1,0 1,0 0,0 0,0 0,0 0,0 0,0 9,3
LEAF 11,1 0,0 1,0 1,0 0,0 0,0 0,0 0,0 1,0 11,1
LEAF 11,1 0,0 1,0 1,0 0,0 0,0 0,0 1,0 0,0 11,1
LEAF 11,1 0,0 1,0 1,0 0,0 0,0 1,0 0,0 0,0 11,1
LEAF 11,1 0,0 1,0 1,0 0,0 1,0 0,0 0,0 0,0 11,1
LEAF 11,1 0,0 1,0 1,0 1,0 0,0 0,0 0,0 0,0 11,1
LEAF 11,1 0,0 1,0 0,1 0,0 0,0 0,0 0,0 0,0 10,2
LEAF 11,1 0,0 2,0 0,0 0,0 0,0 0,0 0,0 0,0 10,2
LEAF 11,1 0,0 5,0 0,0 0,0 0,0 0,0 0,0 0,0 11,0
LEAF 11,1 0,0 0,1 0,0 0,0 0,0 0,0 0,0 0,0 8,4
LEAF 11,1 0,0 0,1 0,0 0,0 0,0 0,0 0,0 1,0 10,2
LEAF 11,1 0,0 0,1 0,0 0,0 0,0 0,0 0,0 0,1 11,1
LEAF 11,1 0,0 0,1 0,0 0,0 0,0 0,0 1,0 0,0 10,2
LEAF 11,1 0,0 0,1 0,0 0,0 0,0 0,0 0,1 0,0 11,1
LEAF 11,1 0,0 0,1 0,0 0,0 0,0 1,0 0,0 0,0 10,2
LEAF 11,1 0,0 0,1 0,0 0,0 0,0 0,1 0,0 0,0 11,1
LEAF 11,1 0,0 0,1 0,0 0,0 1,0 0,0 0,0 0,0 10,2
LEAF 11,1 0,0 0,1 0,0 0,0 0,1 0,0 0,0 0,0 11,1
LEAF 11,1 0,0 0,1 0,0 1,0 0,0 0,0 0,0 0,0 10,2
LEAF 11,1 0,0 0,1 0,0 0,1 0,0 0,0 0,0 0,0 11,1
LEAF 11,1 0,0 0,1 1,0 0,0 0,0 0,0 0,0 0,0 10,2
LEAF 11,1 0,0 0,1 0,1 0,0 0,0 0,0 0,0 0,0 11,1
LEAF 11,1 0,0 1,1 0,0 0,0 0,0 0,0 0,0 0,0 11,1
LEAF 11,1 1,0 0,0 0,0 0,0 0,0 0,0 0,0 0,0 10,0
LEAF 11,1 1,0 0,0 0,0 0,0 0,0 0,0 0,0 0,0 7,5
LEAF 11,1 1,0 0,0 0,0 0,0 0,0 0,0 0,0 1,0 9,3
LEAF 11,1 1,0 0,0 0,0 0,0 0,0 0,0 0,0 0,1 10,2
LEAF 11,1 1,0 0,0 0,0 0,0 0,0 0,0 1,0 0,0 9,3
LEAF 11,1 1,0 0,0 0,0 0,0 0,0 0,0 1,0 1,0 11,1
LEAF 11,1 1,0 0,0 0,0 0,0 0,0 0,0 0,1 0,0 10,2
LEAF 11,1 1,0 0,0 0,0 0,0 0,0 1,0 0,0 0,0 9,3
LEAF 11,1 1,0 0,0 0,0 0,0 0,0 1,0 0,0 1,0 11,1
LEAF 11,1 1,0 0,0 0,0 0,0 0,0 1,0 1,0 0,0 11,1
LEAF 11,1 1,0 0,0 0,0 0,0 0,0 0,1 0,0 0,0 10,2
LEAF 11,1 1,0 0,0 0,0 0,0 1,0 0,0 0,0 0,0 9,3
LEAF 11,1 1,0 0,0 0,0 0,0 1,0 0,0 0,0 1,0 11,1
LEAF 11,1 1,0 0,0 0,0 0,0 1,0 0,0 1,0 0,0 11,1
LEAF 11,1 1,0 0,0 0,0 0,0 1,0 1,0 0,0 0,0 11,1
LEAF 11,1 1,0 0,0 0,0 0,0 0,1 0,0 0,0 0,0 10,2
LEAF 11,1 1,0 0,0 0,0 1,0 0,0 0,0 0,0 0,0 9,3
LEAF 11,1 1,0 0,0 0,0 1,0 0,0 0,0 0,0 1,0 11,1
LEAF 11,1 1,0 0,0 0,0 1,0 0,0 0,0 1,0 0,0 11,1
LEAF 11,1 1,0 0,0 0,0 1,0 0,0 1,0 0,0 0,0 11,1
LEAF 11,1 1,0 0,0 0,0 1,0 1,0 0,0 0,0 0,0 11,1
LEAF 11,1 1,0 0,0 0,0 0,1 0,0 0,0 0,0 0,0 10,2
LEAF 11,1 1,0 0,0 1,0 0,0 0,0 0,0 0,0 0,0 9,3
LEAF 11,1 1,0 0,0 1,0 0,0 0,0 0,0 0,0 1,0 11,1
LEAF 11,1 1,0 0,0 1,0 0,0 0,0 0,0 1,0 0,0 11,1
LEAF 11,1 1,0 0,0 1,0 0,0 0,0 1,0 0,0 0,0 11,1
LEAF 11,1 1,0 0,0 1,0 0,0 1,0 0,0 0,0 0,0 11,1
LEAF 11,1 1,0 0,0 1,0 1,0 0,0 0,0 0,0 0,0 11,1
LEAF 11,1 1,0 0,0 0,1 0,0 0,0 0,0 0,0 0,0 10,2
LEAF 11,1 1,0 1,0 0,0 0,0 0,0 0,0 0,0 0,0 9,3
LEAF 11,1 1,0 1,0 0,0 0,0 0,0 0,0 0,0 1,0 11,1
LEAF 11,1 1,0 1,0 0,0 0,0 0,0 0,0 1,0 0,0 11,1
LEAF 11,1 1,0 1,0 0,0 0,0 0,0 1,0 0,0 0,0 11,1
LEAF 11,1 1,0 1,0 0,0 0,0 1,0 0,0 0,0 0,0 11,1
LEAF 11,1 1,0 1,0 0,0 1,0 0,0 0,0 0,0 0,0 11,1
LEAF 11,1 1,0 1,0 1,0 0,0 0,0 0,0 0,0 0,0 11,1
LEAF 11,1 1,0 0,1 0,0 0,0 0,0 0,0 0,0 0,0 10,2
LEAF 11,1 2,0 0,0 0,0 0,0 0,0 0,0 0,0 0,0 10,2
LEAF 11,1 5,0 0,0 0,0 0,0 0,0 0,0 0,0 0,0 11,0
LEAF 11,1 10,0 0,0 0,0 0,0 0,0 0,0 0,0 0,0 1,0
LEAF 11,1 10,0 0,0 0,0 0,0 0,0 0,0 0,0 1,0 0,0
LEAF 11,1 10,0 0,0 0,0 0,0 0,0 0,0 1,0 0,0 0,0
LEAF 11,1 10,0 0,0 0,0 0,0 0,0 1,0 0,0 0,0 0,0
LEAF 11,1 10,0 0,0 0,0 0,0 1,0 0,0 0,0 0,0 0,0
LEAF 11,1 10,0 0,0 0,0 1,0 0,0 0,0 0,0 0,0 0,0
LEAF 11,1 10,0 0,0 1,0 0,0 0,0 0,0 0,0 0,0 0,0
LEAF 11,1 10,0 1,0 0,0 0,0 0,0 0,0 0,0 0,0 0,0
LEAF 11,1 0,1 0,0 0,0 0,0 0,0 0,0 0,0 0,0 8,4
LEAF 11,1 0,1 0,0 0,0 0,0 0,0 0,0 0,0 1,0 10,2
LEAF 11,1 0,1 0,0 0,0 0,0 0,0 0,0 1,0 0,0 10,2
LEAF 11,1 0,1 0,0 0,0 0,0 0,0 0,0 0,1 0,0 11,1
LEAF 11,1 0,1 0,0 0,0 0,0 0,0 1,0 0,0 0,0 10,2
LEAF 11,1 0,1 0,0 0,0 0,0 0,0 0,1 0,0 0,0 11,1
LEAF 11,1 0,1 0,0 0,0 0,0 1,0 0,0 0,0 0,0 10,2
LEAF 11,1 0,1 0,0 0,0 1,0 0,0 0,0 0,0 0,0 10,2
LEAF 11,1 0,1 0,0 0,0 0,1 0,0 0,0 0,0 0,0 11,1
LEAF 11,1 0,1 0,0 1,0 0,0 0,0 0,0 0,0 0,0 10,2
LEAF 11,1 0,1 0,0 0,1 0,0 0,0 0,0 0,0 0,0 11,1
LEAF 11,1 0,1 1,0 0,0 0,0 0,0 0,0 0,0 0,0 10,2
LEAF 11,1 1,1 0,0 0,0 0,0 0,0 0,0 0,0 0,0 11,1
LEAF 11,1 8,2 0,0 0,0 0,0 0,0 0,0 0,0 0,0 0,0
LEAF 12,1 0,0 0,0 0,0 0,0 0,0 0,0 0,0 0,0 11,0
LEAF 12,1 0,0 0,0 0,0 0,0 0,0 0,0 0,0 0,0 5,6
LEAF 12,1 0,0 0,0 0,0 0,0 0,0 0,0 0,0 1,0 7,4
LEAF 12,1 0,0 0,0 0,0 0,0 0,0 0,0 0,0 1,0 1,7
LEAF 12,1 0,0 0,0 0,0 0,0 0,0 0,0 0,0 2,0 10,1
LEAF 12,1 0,0 0,0 0,0 0,0 0,0 0,0 0,0 2,0 4,4
LEAF 12,1 0,0 0,0 0,0 0,0 0,0 0,0 0,0 3,0 8,0
LEAF 12,1 0,0 0,0 0,0 0,0 0,0 0,0 0,0 6,0 7,2
LEAF 12,1 0,0 0,0 0,0 0,0 0,0 0,0 0,0 0,1 8,3
LEAF 12,1 0,0 0,0 0,0 0,0 0,0 0,0 0,0 0,1 2,6
LEAF 12,1 0,0 0,0 0,0 0,0 0,0 0,0 0,0 1,1 11,0
LEAF 12,1 0,0 0,0 0,0 0,0 0,0 0,0 0,0 1,1 5,3
LEAF 12,1 0,0 0,0 0,0 0,0 0,0 0,0 0,0 5,1 8,1
LEAF 12,1 0,0 0,0 0,0 0,0 0,0 0,0 0,0 0,2 6,2
LEAF 12,1 0,0 0,0 0,0 0,0 0,0 0,0 0,0 4,2 9,0
LEAF 12,1 0,0 0,0 0,0 0,0 0,0 0,0 1,0 0,0 7,4
LEAF 12,1 0,0 0,0 0,0 0,0 0,0 0,0 1,0 0,0 1,7
LEAF 12,1 0,0 0,0 0,0 0,0 0,0 0,0 1,0 1,0 9,2
LEAF 12,1 0,0 0,0 0,0 0,0 0,0 0,0 1,0 1,0 3,5
LEAF 12,1 0,0 0,0 0,0 0,0 0,0 0,0 1,0 4,0 8,2
LEAF 12,1 0,0 0,0 0,0 0,0 0,0 0,0 1,0 6,0 9,0
LEAF 12,1 0,0 0,0 0,0 0,0 0,0 0,0 1,0 0,1 10,1
LEAF 12,1 0,0 0,0 0,0 0,0 0,0 0,0 1,0 0,1 4,4
LEAF 12,1 0,0 0,0 0,0 0,0 0,0 0,0 1,0 3,1 9,1
LEAF 12,1 0,0 0,0 0,0 0,0 0,0 0,0 1,0 2,2 10,0
LEAF 12,1 0,0 0,0 0,0 0,0 0,0 0,0 2,0 0,0 10,1
LEAF 12,1 0,0 0,0 0,0 0,0 0,0 0,0 2,0 0,0 4,4
LEAF 12,1 0,0 0,0 0,0 0,0 0,0 0,0 3,0 0,0 8,0
LEAF 12,1 0,0 0,0 0,0 0,0 0,0 0,0 4,0 1,0 8,2
LEAF 12,1 0,0 0,0 0,0 0,0 0,0 0,0 6,0 0,0 7,2
LEAF 12,1 0,0 0,0 0,0 0,0 0,0 0,0 6,0 1,0 9,0
LEAF 12,1 0,0 0,0 0,0 0,0 0,0 0,0 0,1 0,0 8,3
LEAF 12,1 0,0 0,0 0,0 0,0 0,0 0,0 0,1 0,0 2,6
LEAF 12,1 0,0 0,0 0,0 0,0 0,0 0,0 0,1 1,0 10,1
LEAF 12,1 0,0 0,0 0,0 0,0 0,0 0,0 0,1 1,0 4,4
LEAF 12,1 0,0 0,0 0,0 0,0 0,0 0,0 1,1 0,0 11,0
LEAF 12,1 0,0 0,0 0,0 0,0 0,0 0,0 1,1 0,0 5,3
LEAF 12,1 0,0 0,0 0,0 0,0 0,0 0,0 3,1 1,0 9,1
LEAF 12,1 0,0 0,0 0,0 0,0 0,0 0,0 5,1 0,0 8,1
LEAF 12,1 0,0 0,0 0,0 0,0 0,0 0,0 0,2 0,0 6,2
LEAF 12,1 0,0 0,0 0,0 0,0 0,0 0,0 2,2 1,0 10,0
LEAF 12,1 0,0 0,0 0,0 0,0 0,0 0,0 4,2 0,0 9,0
LEAF 12,1 0,0 0,0 0,0 0,0 0,0 1,0 0,0 0,0 7,4
LEAF 12,1 0,0 0,0 0,0 0,0 0,0 1,0 0,0 0,0 1,7
LEAF 12,1 0,0 0,0 0,0 0,0 0,0 1,0 0,0 1,0 9,2
LEAF 12,1 0,0 0,0 0,0 0,0 0,0 1,0 0,0 1,0 3,5
LEAF 12,1 0,0 0,0 0,0 0,0 0,0 1,0 0,0 4,0 8,2
LEAF 12,1 0,0 0,0 0,0 0,0 0,0 1,0 0,0 6,0 9,0
LEAF 12,1 0,0 0,0 0,0 0,0 0,0 1,0 0,0 0,1 10,1
LEAF 12,1 0,0 0,0 0,0 0,0 0,0 1,0 0,0 0,1 4,4
LEAF 12,1 0,0 0,0 0,0 0,0 0,0 1,0 0,0 3,1 9,1
LEAF 12,1 0,0 0,0 0,0 0,0 0,0 1,0 0,0 2,2 10,0
LEAF 12,1 0,0 0,0 0,0 0,0 0,0 1,0 1,0 0,0 9,2
LEAF 12,1 0,0 0,0 0,0 0,0 0,0 1,0 1,0 0,0 3,5
LEAF 12,1 0,0 0,0 0,0 0,0 0,0 1,0 1,0 1,0 11,0
LEAF 12,1 0,0 0,0 0,0 0,0 0,0 1,0 1,0 4,0 10,0
LEAF 12,1 0,0 0,0 0,0 0,0 0,0 1,0 4,0 0,0 8,2
LEAF 12,1 0,0 0,0 0,0 0,0 0,0 1,0 4,0 1,0 10,0
LEAF 12,1 0,0 0,0 0,0 0,0 0,0 1,0 6,0 0,0 9,0
LEAF 12,1 0,0 0,0 0,0 0,0 0,0 1,0 0,1 0,0 10,1
LEAF 12,1 0,0 0,0 0,0 0,0 0,0 1,0 0,1 0,0 4,4
LEAF 12,1 0,0 0,0 0,0 0,0 0,0 1,0 3,1 0,0 9,1
LEAF 12,1 0,0 0,0 0,0 0,0 0,0 1,0 2,2 0,0 10,0
LEAF 12,1 0,0 0,0 0,0 0,0 0,0 2,0 0,0 0,0 10,1
LEAF 12,1 0,0 0,0 0,0 0,0 0,0 2,0 0,0 0,0 4,4
LEAF 12,1 0,0 0,0 0,0 0,0 0,0 3,0 0,0 0,0 8,0
LEAF 12,1 0,0 0,0 0,0 0,0 0,0 3,0 0,0 3,0 10,0
LEAF 12,1 0,0 0,0 0,0 0,0 0,0 3,0 3,0 0,0 10,0
LEAF 12,1 0,0 0,0 0,0 0,0 0,0 4,0 0,0 1,0 8,2
LEAF 12,1 0,0 0,0 0,0 0,0 0,0 4,0 0,0 0,1 9,1
LEAF 12,1 0,0 0,0 0,0 0,0 0,0 4,0 1,0 0,0 8,2
LEAF 12,1 0,0 0,0 0,0 0,0 0,0 4,0 1,0 1,0 10,0
LEAF 12,1 0,0 0,0 0,0 0,0 0,0 4,0 0,1 0,0 9,1
LEAF 12,1 0,0 0,0 0,0 0,0 0,0 6,0 0,0 0,0 7,2
LEAF 12,1 0,0 0,0 0,0 0,0 0,0 6,0 0,0 1,0 9,0
LEAF 12,1 0,0 0,0 0,0 0,0 0,0 6,0 1,0 0,0 9,0
LEAF 12,1 0,0 0,0 0,0 0,0 0,0 0,1 0,0 0,0 8,3
LEAF 12,1 0,0 0,0 0,0 0,0 0,0 0,1 0,0 0,0 2,6
LEAF 12,1 0,0 0,0 0,0 0,0 0,0 0,1 0,0 1,0 10,1
LEAF 12,1 0,0 0,0 0,0 0,0 0,0 0,1 0,0 1,0 4,4
LEAF 12,1 0,0 0,0 0,0 0,0 0,0 0,1 0,0 4,0 9,1
LEAF 12,1 0,0 0,0 0,0 0,0 0,0 0,1 0,0 0,1 11,0
LEAF 12,1 0,0 0,0 0,0 0,0 0,0 0,1 0,0 0,1 5,3
LEAF 12,1 0,0 0,0 0,0 0,0 0,0 0,1 0,0 3,1 10,0
LEAF 12,1 0,0 0,0 0,0 0,0 0,0 0,1 1,0 0,0 10,1
LEAF 12,1 0,0 0,0 0,0 0,0 0,0 0,1 1,0 0,0 4,4
LEAF 12,1 0,0 0,0 0,0 0,0 0,0 0,1 4,0 0,0 9,1
LEAF 12,1 0,0 0,0 0,0 0,0 0,0 0,1 0,1 0,0 11,0
LEAF 12,1 0,0 0,0 0,0 0,0 0,0 0,1 0,1 0,0 5,3
LEAF 12,1 0,0 0,0 0,0 0,0 0,0 0,1 3,1 0,0 10,0
LEAF 12,1 0,0 0,0 0,0 0,0 0,0 1,1 0,0 0,0 11,0
LEAF 12,1 0,0 0,0 0,0 0,0 0,0 1,1 0,0 0,0 5,3
LEAF 12,1 0,0 0,0 0,0 0,0 0,0 3,1 0,0 1,0 9,1
LEAF 12,1 0,0 0,0 0,0 0,0 0,0 3,1 0,0 0,1 10,0
LEAF 12,1 0,0 0,0 0,0 0,0 0,0 3,1 1,0 0,0 9,1
LEAF 12,1 0,0 0,0 0,0 0,0 0,0 3,1 0,1 0,0 10,0
LEAF 12,1 0,0 0,0 0,0 0,0 0,0 5,1 0,0 0,0 8,1
LEAF 12,1 0,0 0,0 0,0 0,0 0,0 0,2 0,0 0,0 6,2
LEAF 12,1 0,0 0,0 0,0 0,0 0,0 2,2 0,0 1,0 10,0
LEAF 12,1 0,0 0,0 0,0 0,0 0,0 2,2 1,0 0,0 10,0
LEAF 12,1 0,0 0,0 0,0 0,0 0,0 4,2 0,0 0,0 9,0
LEAF 12,1 0,0 0,0 0,0 0,0 1,0 0,0 0,0 0,0 7,4
LEAF 12,1 0,0 0,0 0,0 0,0 1,0 0,0 0,0 0,0 1,7
LEAF 12,1 0,0 0,0 0,0 0,0 1,0 0,0 0,0 1,0 9,2
LEAF 12,1 0,0 0,0 0,0 0,0 1,0 0,0 0,0 1,0 3,5
LEAF 12,1 0,0 0,0 0,0 0,0 1,0 0,0 0,0 4,0 8,2
LEAF 12,1 0,0 0,0 0,0 0,0 1,0 0,0 0,0 6,0 9,0
LEAF 12,1 0,0 0,0 0,0 0,0 1,0 0,0 0,0 0,1 10,1
LEAF 12,1 0,0 0,0 0,0 0,0 1,0 0,0 0,0 0,1 4,4
LEAF 12,1 0,0 0,0 0,0 0,0 1,0 0,0 0,0 3,1 9,1
LEAF 12,1 0,0 0,0 0,0 0,0 1,0 0,0 0,0 2,2 10,0
LEAF 12,1 0,0 0,0 0,0 0,0 1,0 0,0 1,0 0,0 9,2
LEAF 12,1 0,0 0,0 0,0 0,0 1,0 0,0 1,0 0,0 3,5
LEAF 12,1 0,0 0,0 0,0 0,0 1,0 0,0 1,0 1,0 11,0
LEAF 12,1 0,0 0,0 0,0 0,0 1,0 0,0 4,0 0,0 8,2
LEAF 12,1 0,0 0,0 0,0 0,0 1,0 0,0 4,0 1,0 10,0
LEAF 12,1 0,0 0,0 0,0 0,0 1,0 0,0 6,0 0,0 9,0
LEAF 12,1 0,0 0,0 0,0 0,0 1,0 0,0 0,1 0,0 10,1
LEAF 12,1 0,0 0,0 0,0 0,0 1,0 0,0 0,1 0,0 4,4
LEAF 12,1 0,0 0,0 0,0 0,0 1,0 0,0 3,1 0,0 9,1
LEAF 12,1 0,0 0,0 0,0 0,0 1,0 0,0 2,2 0,0 10,0
LEAF 12,1 0,0 0,0 0,0 0,0 1,0 1,0 0,0 0,0 9,2
LEAF 12,1 0,0 0,0 0,0 0,0 1,0 1,0 0,0 0,0 3,5
LEAF 12,1 0,0 0,0 0,0 0,0 1,0 1,0 0,0 1,0 11,0
LEAF 12,1 0,0 0,0 0,0 0,0 1,0 1,0 0,0 4,0 10,0
LEAF 12,1 0,0 0,0 0,0 0,0 1,0 1,0 1,0 0,0 11,0
LEAF 12,1 0,0 0,0 0,0 0,0 1,0 1,0 4,0 0,0 10,0
LEAF 12,1 0,0 0,0 0,0 0,0 1,0 4,0 0,0 0,0 8,2
LEAF 12,1 0,0 0,0 0,0 0,0 1,0 6,0 0,0 0,0 9,0
LEAF 12,1 0,0 0,0 0,0 0,0 1,0 0,1 0,0 0,0 10,1
LEAF 12,1 0,0 0,0 0,0 0,0 1,0 0,1 0,0 0,0 4,4
LEAF 12,1 0,0 0,0 0,0 0,0 1,0 3,1 0,0 0,0 9,1
LEAF 12,1 0,0 0,0 0,0 0,0 1,0 2,2 0,0 0,0 10,0
LEAF 12,1 0,0 0,0 0,0 0,0 2,0 0,0 0,0 0,0 10,1
LEAF 12,1 0,0 0,0 0,0 0,0 2,0 0,0 0,0 0,0 4,4
LEAF 12,1 0,0 0,0 0,0 0,0 3,0 0,0 0,0 0,0 8,0
LEAF 12,1 0,0 0,0 0,0 0,0 3,0 0,0 0,0 3,0 10,0
LEAF 12,1 0,0 0,0 0,0 0,0 3,0 0,0 3,0 0,0 10,0
LEAF 12,1 0,0 0,0 0,0 0,0 3,0 3,0 0,0 0,0 10,0
LEAF 12,1 0,0 0,0 0,0 0,0 4,0 0,0 0,0 1,0 8,2
LEAF 12,1 0,0 0,0 0,0 0,0 4,0 0,0 0,0 0,1 9,1
LEAF 12,1 0,0 0,0 0,0 0,0 4,0 0,0 1,0 0,0 8,2
LEAF 12,1 0,0 0,0 0,0 0,0 4,0 0,0 1,0 1,0 10,0
LEAF 12,1 0,0 0,0 0,0 0,0 4,0 0,0 0,1 0,0 9,1
LEAF 12,1 0,0 0,0 0,0 0,0 4,0 1,0 0,0 0,0 8,2
LEAF 12,1 0,0 0,0 0,0 0,0 4,0 1,0 0,0 1,0 10,0
LEAF 12,1 0,0 0,0 0,0 0,0 4,0 1,0 1,0 0,0 10,0
LEAF 12,1 0,0 0,0 0,0 0,0 4,0 0,1 0,0 0,0 9,1
LEAF 12,1 0,0 0,0 0,0 0,0 6,0 0,0 0,0 0,0 7,2
LEAF 12,1 0,0 0,0 0,0 0,0 6,0 0,0 0,0 1,0 9,0
LEAF 12,1 0,0 0,0 0,0 0,0 6,0 0,0 1,0 0,0 9,0
LEAF 12,1 0,0 0,0 0,0 0,0 6,0 1,0 0,0 0,0 9,0
LEAF 12,1 0,0 0,0 0,0 0,0 0,1 0,0 0,0 0,0 8,3
LEAF 12,1 0,0 0,0 0,0 0,0 0,1 0,0 0,0 0,0 2,6
LEAF 12,1 0,0 0,0 0,0 0,0 0,1 0,0 0,0 1,0 10,1
LEAF 12,1 0,0 0,0 0,0 0,0 0,1 0,0 0,0 1,0 4,4
LEAF 12,1 0,0 0,0 0,0 0,0 0,1 0,0 0,0 4,0 9,1
LEAF 12,1 0,0 0,0 0,0 0,0 0,1 0,0 0,0 0,1 11,0
LEAF 12,1 0,0 0,0 0,0 0,0 0,1 0,0 0,0 0,1 5,3
LEAF 12,1 0,0 0,0 0,0 0,0 0,1 0,0 0,0 3,1 10,0
LEAF 12,1 0,0 0,0 0,0 0,0 0,1 0,0 1,0 0,0 10,1
LEAF 12,1 0,0 0,0 0,0 0,0 0,1 0,0 1,0 0,0 4,4
LEAF 12,1 0,0 0,0 0,0 0,0 0,1 0,0 4,0 0,0 9,1
LEAF 12,1 0,0 0,0 0,0 0,0 0,1 0,0 0,1 0,0 11,0
LEAF 12,1 0,0 0,0 0,0 0,0 0,1 0,0 0,1 0,0 5,3
LEAF 12,1 0,0 0,0 0,0 0,0 0,1 0,0 3,1 0,0 10,0
LEAF 12,1 0,0 0,0 0,0 0,0 0,1 1,0 0,0 0,0 10,1
LEAF 12,1 0,0 0,0 0,0 0,0 0,1 1,0 0,0 0,0 4,4
LEAF 12,1 0,0 0,0 0,0 0,0 0,1 4,0 0,0 0,0 9,1
LEAF 12,1 0,0 0,0 0,0 0,0 0,1 0,1 0,0 0,0 11,0
LEAF 12,1 0,0 0,0 0,0 0,0 0,1 0,1 0,0 0,0 5,3
LEAF 12,1 0,0 0,0 0,0 0,0 0,1 3,1 0,0 0,0 10,0
LEAF 12,1 0,0 0,0 0,0 0,0 1,1 0,0 0,0 0,0 11,0
LEAF 12,1 0,0 0,0 0,0 0,0 1,1 0,0 0,0 0,0 5,3
LEAF 12,1 0,0 0,0 0,0 0,0 3,1 0,0 0,0 1,0 9,1
LEAF 12,1 0,0 0,0 0,0 0,0 3,1 0,0 0,0 0,1 10,0
LEAF 12,1 0,0 0,0 0,0 0,0 3,1 0,0 1,0 0,0 9,1
LEAF 12,1 0,0 0,0 0,0 0,0 3,1 0,0 0,1 0,0 10,0
LEAF 12,1 0,0 0,0 0,0 0,0 3,1 1,0 0,0 0,0 9,1
LEAF 12,1 0,0 0,0 0,0 0,0 3,1 0,1 0,0 0,0 10,0
LEAF 12,1 0,0 0,0 0,0 0,0 5,1 0,0 0,0 0,0 8,1
LEAF 12,1 0,0 0,0 0,0 0,0 0,2 0,0 0,0 0,0 6,2
LEAF 12,1 0,0 0,0 0,0 0,0 2,2 0,0 0,0 1,0 10,0
LEAF 12,1 0,0 0,0 0,0 0,0 2,2 0,0 1,0 0,0 10,0
LEAF 12,1 0,0 0,0 0,0 0,0 2,2 1,0 0,0 0,0 10,0
LEAF 12,1 0,0 0,0 0,0 0,0 4,2 0,0 0,0 0,0 9,0
LEAF 12,1 0,0 0,0 0,0 1,0 0,0 0,0 0,0 0,0 7,4
LEAF 12,1 0,0 0,0 0,0 1,0 0,0 0,0 0,0 0,0 1,7
LEAF 12,1 0,0 0,0 0,0 1,0 0,0 0,0 0,0 1,0 9,2
LEAF 12,1 0,0 0,0 0,0 1,0 0,0 0,0 0,0 1,0 3,5
LEAF 12,1 0,0 0,0 0,0 1,0 0,0 0,0 0,0 4,0 8,2
LEAF 12,1 0,0 0,0 0,0 1,0 0,0 0,0 0,0 6,0 9,0
LEAF 12,1 0,0 0,0 0,0 1,0 0,0 0,0 0,0 0,1 10,1
LEAF 12,1 0,0 0,0 0,0 1,0 0,0 0,0 0,0 0,1 4,4
LEAF 12,1 0,0 0,0 0,0 1,0 0,0 0,0 0,0 3,1 9,1
LEAF 12,1 0,0 0,0 0,0 1,0 0,0 0,0 0,0 2,2 10,0
LEAF 12,1 0,0 0,0 0,0 1,0 0,0 0,0 1,0 0,0 9,2
LEAF 12,1 0,0 0,0 0,0 1,0 0,0 0,0 1,0 0,0 3,5
LEAF 12,1 0,0 0,0 0,0 1,0 0,0 0,0 1,0 1,0 11,0
LEAF 12,1 0,0 0,0 0,0 1,0 0,0 0,0 4,0 0,0 8,2
LEAF 12,1 0,0 0,0 0,0 1,0 0,0 0,0 4,0 1,0 10,0
LEAF 12,1 0,0 0,0 0,0 1,0 0,0 0,0 6,0 0,0 9,0
LEAF 12,1 0,0 0,0 0,0 1,0 0,0 0,0 0,1 0,0 10,1
LEAF 12,1 0,0 0,0 0,0 1,0 0,0 0,0 0,1 0,0 4,4
LEAF 12,1 0,0 0,0 0,0 1,0 0,0 0,0 3,1 0,0 9,1
LEAF 12,1 0,0 0,0 0,0 1,0 0,0 0,0 2,2 0,0 10,0
LEAF 12,1 0,0 0,0 0,0 1,0 0,0 1,0 0,0 0,0 9,2
LEAF 12,1 0,0 0,0 0,0 1,0 0,0 1,0 0,0 0,0 3,5
LEAF 12,1 0,0 0,0 0,0 1,0 0,0 1,0 0,0 1,0 11,0
LEAF 12,1 0,0 0,0 0,0 1,0 0,0 1,0 1,0 0,0 11,0
LEAF 12,1 0,0 0,0 0,0 1,0 0,0 1,0 4,0 0,0 10,0
LEAF 12,1 0,0 0,0 0,0 1,0 0,0 4,0 0,0 0,0 8,2
LEAF 12,1 0,0 0,0 0,0 1,0 0,0 6,0 0,0 0,0 9,0
LEAF 12,1 0,0 0,0 0,0 1,0 0,0 0,1 0,0 0,0 10,1
LEAF 12,1 0,0 0,0 0,0 1,0 0,0 0,1 0,0 0,0 4,4
LEAF 12,1 0,0 0,0 0,0 1,0 0,0 3,1 0,0 0,0 9,1
LEAF 12,1 0,0 0,0 0,0 1,0 0,0 2,2 0,0 0,0 10,0
LEAF 12,1 0,0 0,0 0,0 1,0 1,0 0,0 0,0 0,0 9,2
LEAF 12,1 0,0 0,0 0,0 1,0 1,0 0,0 0,0 0,0 3,5
LEAF 12,1 0,0 0,0 0,0 1,0 1,0 0,0 0,0 1,0 11,0
LEAF 12,1 0,0 0,0 0,0 1,0 1,0 0,0 0,0 4,0 10,0
LEAF 12,1 0,0 0,0 0,0 1,0 1,0 0,0 1,0 0,0 11,0
LEAF 12,1 0,0 0,0 0,0 1,0 1,0 0,0 4,0 0,0 10,0
LEAF 12,1 0,0 0,0 0,0 1,0 1,0 1,0 0,0 0,0 11,0
LEAF 12,1 0,0 0,0 0,0 1,0 1,0 4,0 0,0 0,0 10,0
LEAF 12,1 0,0 0,0 0,0 1,0 4,0 0,0 0,0 0,0 8,2
LEAF 12,1 0,0 0,0 0,0 1,0 4,0 0,0 0,0 1,0 10,0
LEAF 12,1 0,0 0,0 0,0 1,0 4,0 0,0 1,0 0,0 10,0
LEAF 12,1 0,0 0,0 0,0 1,0 4,0 1,0 0,0 0,0 10,0
LEAF 12,1 0,0 0,0 0,0 1,0 6,0 0,0 0,0 0,0 9,0
LEAF 12,1 0,0 0,0 0,0 1,0 0,1 0,0 0,0 0,0 10,1
LEAF 12,1 0,0 0,0 0,0 1,0 0,1 0,0 0,0 0,0 4,4
LEAF 12,1 0,0 0,0 0,0 1,0 3,1 0,0 0,0 0,0 9,1
LEAF 12,1 0,0 0,0 0,0 1,0 2,2 0,0 0,0 0,0 10,0
LEAF 12,1 0,0 0,0 0,0 2,0 0,0 0,0 0,0 0,0 10,1
LEAF 12,1 0,0 0,0 0,0 2,0 0,0 0,0 0,0 0,0 4,4
LEAF 12,1 0,0 0,0 0,0 3,0 0,0 0,0 0,0 0,0 8,0
LEAF 12,1 0,0 0,0 0,0 3,0 0,0 0,0 3,0 0,0 10,0
LEAF 12,1 0,0 0,0 0,0 3,0 0,0 3,0 0,0 0,0 10,0
LEAF 12,1 0,0 0,0 0,0 4,0 0,0 0,0 0,0 1,0 8,2
LEAF 12,1 0,0 0,0 0,0 4,0 0,0 0,0 1,0 0,0 8,2
LEAF 12,1 0,0 0,0 0,0 4,0 0,0 0,0 1,0 1,0 10,0
LEAF 12,1 0,0 0,0 0,0 4,0 0,0 0,0 0,1 0,0 9,1
LEAF 12,1 0,0 0,0 0,0 4,0 0,0 1,0 0,0 0,0 8,2
LEAF 12,1 0,0 0,0 0,0 4,0 0,0 1,0 1,0 0,0 10,0
LEAF 12,1 0,0 0,0 0,0 4,0 0,0 0,1 0,0 0,0 9,1
LEAF 12,1 0,0 0,0 0,0 4,0 1,0 0,0 0,0 0,0 8,2
LEAF 12,1 0,0 0,0 0,0 4,0 1,0 1,0 0,0 0,0 10,0
LEAF 12,1 0,0 0,0 0,0 6,0 0,0 0,0 0,0 0,0 7,2
LEAF 12,1 0,0 0,0 0,0 6,0 0,0 0,0 0,0 1,0 9,0
LEAF 12,1 0,0 0,0 0,0 6,0 0,0 0,0 1,0 0,0 9,0
LEAF 12,1 0,0 0,0 0,0 6,0 0,0 1,0 0,0 0,0 9,0
LEAF 12,1 0,0 0,0 0,0 6,0 1,0 0,0 0,0 0,0 9,0
LEAF 12,1 0,0 0,0 0,0 0,1 0,0 0,0 0,0 0,0 8,3
LEAF 12,1 0,0 0,0 0,0 0,1 0,0 0,0 0,0 0,0 2,6
LEAF 12,1 0,0 0,0 0,0 0,1 0,0 0,0 0,0 1,0 10,1
LEAF 12,1 0,0 0,0 0,0 0,1 0,0 0,0 0,0 1,0 4,4
LEAF 12,1 0,0 0,0 0,0 0,1 0,0 0,0 1,0 0,0 10,1
LEAF 12,1 0,0 0,0 0,0 0,1 0,0 0,0 1,0 0,0 4,4
LEAF 12,1 0,0 0,0 0,0 0,1 0,0 0,0 4,0 0,0 9,1
LEAF 12,1 0,0 0,0 0,0 0,1 0,0 0,0 0,1 0,0 11,0
LEAF 12,1 0,0 0,0 0,0 0,1 0,0 0,0 0,1 0,0 5,3
LEAF 12,1 0,0 0,0 0,0 0,1 0,0 0,0 3,1 0,0 10,0
LEAF 12,1 0,0 0,0 0,0 0,1 0,0 1,0 0,0 0,0 10,1
LEAF 12,1 0,0 0,0 0,0 0,1 0,0 1,0 0,0 0,0 4,4
LEAF 12,1 0,0 0,0 0,0 0,1 0,0 4,0 0,0 0,0 9,1
LEAF 12,1 0,0 0,0 0,0 0,1 0,0 0,1 0,0 0,0 11,0
LEAF 12,1 0,0 0,0 0,0 0,1 0,0 0,1 0,0 0,0 5,3
LEAF 12,1 0,0 0,0 0,0 0,1 0,0 3,1 0,0 0,0 10,0
LEAF 12,1 0,0 0,0 0,0 0,1 1,0 0,0 0,0 0,0 10,1
LEAF 12,1 0,0 0,0 0,0 0,1 1,0 0,0 0,0 0,0 4,4
LEAF 12,1 0,0 0,0 0,0 1,1 0,0 0,0 0,0 0,0 11,0
LEAF 12,1 0,0 0,0 0,0 1,1 0,0 0,0 0,0 0,0 5,3
LEAF 12,1 0,0 0,0 0,0 3,1 0,0 0,0 0,0 1,0 9,1
LEAF 12,1 0,0 0,0 0,0 3,1 0,0 0,0 1,0 0,0 9,1
LEAF 12,1 0,0 0,0 0,0 3,1 0,0 0,0 0,1 0,0 10,0
LEAF 12,1 0,0 0,0 0,0 3,1 0,0 1,0 0,0 0,0 9,1
LEAF 12,1 0,0 0,0 0,0 3,1 0,0 0,1 0,0 0,0 10,0
LEAF 12,1 0,0 0,0 0,0 3,1 1,0 0,0 0,0 0,0 9,1
LEAF 12,1 0,0 0,0 0,0 5,1 0,0 0,0 0,0 0,0 8,1
LEAF 12,1 0,0 0,0 0,0 0,2 0,0 0,0 0,0 0,0 6,2
LEAF 12,1 0,0 0,0 0,0 2,2 0,0 0,0 0,0 1,0 10,0
LEAF 12,1 0,0 0,0 0,0 2,2 0,0 0,0 1,0 0,0 10,0
LEAF 12,1 0,0 0,0 0,0 2,2 0,0 1,0 0,0 0,0 10,0
LEAF 12,1 0,0 0,0 0,0 2,2 1,0 0,0 0,0 0,0 10,0
LEAF 12,1 0,0 0,0 0,0 4,2 0,0 0,0 0,0 0,0 9,0
LEAF 12,1 0,0 0,0 1,0 0,0 0,0 0,0 0,0 0,0 7,4
LEAF 12,1 0,0 0,0 1,0 0,0 0,0 0,0 0,0 0,0 1,7
LEAF 12,1 0,0 0,0 1,0 0,0 0,0 0,0 0,0 1,0 9,2
LEAF 12,1 0,0 0,0 1,0 0,0 0,0 0,0 0,0 1,0 3,5
LEAF 12,1 0,0 0,0 1,0 0,0 0,0 0,0 0,0 4,0 8,2
LEAF 12,1 0,0 0,0 1,0 0,0 0,0 0,0 0,0 6,0 9,0
LEAF 12,1 0,0 0,0 1,0 0,0 0,0 0,0 0,0 0,1 10,1
LEAF 12,1 0,0 0,0 1,0 0,0 0,0 0,0 0,0 0,1 4,4
LEAF 12,1 0,0 0,0 1,0 0,0 0,0 0,0 0,0 3,1 9,1
LEAF 12,1 0,0 0,0 1,0 0,0 0,0 0,0 0,0 2,2 10,0
LEAF 12,1 0,0 0,0 1,0 0,0 0,0 0,0 1,0 0,0 9,2
LEAF 12,1 0,0 0,0 1,0 0,0 0,0 0,0 1,0 0,0 3,5
LEAF 12,1 0,0 0,0 1,0 0,0 0,0 0,0 1,0 1,0 11,0
LEAF 12,1 0,0 0,0 1,0 0,0 0,0 0,0 1,0 4,0 10,0
LEAF 12,1 0,0 0,0 1,0 0,0 0,0 0,0 4,0 0,0 8,2
LEAF 12,1 0,0 0,0 1,0 0,0 0,0 0,0 4,0 1,0 10,0
LEAF 12,1 0,0 0,0 1,0 0,0 0,0 0,0 6,0 0,0 9,0
LEAF 12,1 0,0 0,0 1,0 0,0 0,0 0,0 0,1 0,0 10,1
LEAF 12,1 0,0 0,0 1,0 0,0 0,0 0,0 0,1 0,0 4,4
LEAF 12,1 0,0 0,0 1,0 0,0 0,0 0,0 3,1 0,0 9,1
LEAF 12,1 0,0 0,0 1,0 0,0 0,0 0,0 2,2 0,0 10,0
LEAF 12,1 0,0 0,0 1,0 0,0 0,0 1,0 0,0 0,0 9,2
LEAF 12,1 0,0 0,0 1,0 0,0 0,0 1,0 0,0 0,0 3,5
LEAF 12,1 0,0 0,0 1,0 0,0 0,0 1,0 0,0 1,0 11,0
LEAF 12,1 0,0 0,0 1,0 0,0 0,0 1,0 0,0 4,0 10,0
LEAF 12,1 0,0 0,0 1,0 0,0 0,0 1,0 1,0 0,0 11,0
LEAF 12,1 0,0 0,0 1,0 0,0 0,0 1,0 4,0 0,0 10,0
LEAF 12,1 0,0 0,0 1,0 0,0 0,0 4,0 0,0 0,0 8,2
LEAF 12,1 0,0 0,0 1,0 0,0 0,0 4,0 0,0 1,0 10,0
LEAF 12,1 0,0 0,0 1,0 0,0 0,0 4,0 1,0 0,0 10,0
LEAF 12,1 0,0 0,0 1,0 0,0 0,0 6,0 0,0 0,0 9,0
LEAF 12,1 0,0 0,0 1,0 0,0 0,0 0,1 0,0 0,0 10,1
LEAF 12,1 0,0 0,0 1,0 0,0 0,0 0,1 0,0 0,0 4,4
LEAF 12,1 0,0 0,0 1,0 0,0 0,0 3,1 0,0 0,0 9,1
LEAF 12,1 0,0 0,0 1,0 0,0 0,0 2,2 0,0 0,0 10,0
LEAF 12,1 0,0 0,0 1,0 0,0 1,0 0,0 0,0 0,0 9,2
LEAF 12,1 0,0 0,0 1,0 0,0 1,0 0,0 0,0 0,0 3,5
LEAF 12,1 0,0 0,0 1,0 0,0 1,0 0,0 0,0 1,0 11,0
LEAF 12,1 0,0 0,0 1,0 0,0 1,0 0,0 0,0 4,0 10,0
LEAF 12,1 0,0 0,0 1,0 0,0 1,0 0,0 1,0 0,0 11,0
LEAF 12,1 0,0 0,0 1,0 0,0 1,0 0,0 4,0 0,0 10,0
LEAF 12,1 0,0 0,0 1,0 0,0 1,0 1,0 0,0 0,0 11,0
LEAF 12,1 0,0 0,0 1,0 0,0 1,0 4,0 0,0 0,0 10,0
LEAF 12,1 0,0 0,0 1,0 0,0 4,0 0,0 0,0 0,0 8,2
LEAF 12,1 0,0 0,0 1,0 0,0 4,0 0,0 0,0 1,0 10,0
LEAF 12,1 0,0 0,0 1,0 0,0 4,0 0,0 1,0 0,0 10,0
LEAF 12,1 0,0 0,0 1,0 0,0 4,0 1,0 0,0 0,0 10,0
LEAF 12,1 0,0 0,0 1,0 0,0 6,0 0,0 0,0 0,0 9,0
LEAF 12,1 0,0 0,0 1,0 0,0 0,1 0,0 0,0 0,0 10,1
LEAF 12,1 0,0 0,0 1,0 0,0 0,1 0,0 0,0 0,0 4,4
LEAF 12,1 0,0 0,0 1,0 0,0 3,1 0,0 0,0 0,0 9,1
LEAF 12,1 0,0 0,0 1,0 0,0 2,2 0,0 0,0 0,0 10,0
LEAF 12,1 0,0 0,0 1,0 1,0 0,0 0,0 0,0 0,0 9,2
LEAF 12,1 0,0 0,0 1,0 1,0 0,0 0,0 0,0 0,0 3,5
LEAF 12,1 0,0 0,0 1,0 1,0 0,0 0,0 0,0 1,0 11,0
LEAF 12,1 0,0 0,0 1,0 1,0 0,0 0,0 0,0 4,0 10,0
LEAF 12,1 0,0 0,0 1,0 1,0 0,0 0,0 1,0 0,0 11,0
LEAF 12,1 0,0 0,0 1,0 1,0 0,0 0,0 4,0 0,0 10,0
LEAF 12,1 0,0 0,0 1,0 1,0 0,0 1,0 0,0 0,0 11,0
LEAF 12,1 0,0 0,0 1,0 1,0 0,0 4,0 0,0 0,0 10,0
LEAF 12,1 0,0 0,0 1,0 1,0 1,0 0,0 0,0 0,0 11,0
LEAF 12,1 0,0 0,0 1,0 1,0 4,0 0,0 0,0 0,0 10,0
LEAF 12,1 0,0 0,0 1,0 4,0 0,0 0,0 0,0 0,0 8,2
LEAF 12,1 0,0 0,0 1,0 4,0 0,0 0,0 0,0 1,0 10,0
LEAF 12,1 0,0 0,0 1,0 4,0 0,0 0,0 1,0 0,0 10,0
LEAF 12,1 0,0 0,0 1,0 4,0 0,0 1,0 0,0 0,0 10,0
LEAF 12,1 0,0 0,0 1,0 4,0 1,0 0,0 0,0 0,0 10,0
LEAF 12,1 0,0 0,0 1,0 6,0 0,0 0,0 0,0 0,0 9,0
LEAF 12,1 0,0 0,0 1,0 0,1 0,0 0,0 0,0 0,0 10,1
LEAF 12,1 0,0 0,0 1,0 0,1 0,0 0,0 0,0 0,0 4,4
LEAF 12,1 0,0 0,0 1,0 3,1 0,0 0,0 0,0 0,0 9,1
LEAF 12,1 0,0 0,0 1,0 2,2 0,0 0,0 0,0 0,0 10,0
LEAF 12,1 0,0 0,0 2,0 0,0 0,0 0,0 0,0 0,0 10,1
LEAF 12,1 0,0 0,0 2,0 0,0 0,0 0,0 0,0 0,0 4,4
LEAF 12,1 0,0 0,0 3,0 0,0 0,0 0,0 0,0 0,0 8,0
LEAF 12,1 0,0 0,0 3,0 0,0 0,0 0,0 0,0 3,0 10,0
LEAF 12,1 0,0 0,0 3,0 0,0 0,0 0,0 3,0 0,0 10,0
LEAF 12,1 0,0 0,0 3,0 0,0 0,0 3,0 0,0 0,0 10,0
LEAF 12,1 0,0 0,0 3,0 0,0 3,0 0,0 0,0 0,0 10,0
LEAF 12,1 0,0 0,0 3,0 3,0 0,0 0,0 0,0 0,0 10,0
LEAF 12,1 0,0 0,0 4,0 0,0 0,0 0,0 0,0 1,0 8,2
LEAF 12,1 0,0 0,0 4,0 0,0 0,0 0,0 0,0 0,1 9,1
LEAF 12,1 0,0 0,0 4,0 0,0 0,0 0,0 1,0 0,0 8,2
LEAF 12,1 0,0 0,0 4,0 0,0 0,0 0,0 1,0 1,0 10,0
LEAF 12,1 0,0 0,0 4,0 0,0 0,0 0,0 0,1 0,0 9,1
LEAF 12,1 0,0 0,0 4,0 0,0 0,0 1,0 0,0 0,0 8,2
LEAF 12,1 0,0 0,0 4,0 0,0 0,0 1,0 0,0 1,0 10,0
LEAF 12,1 0,0 0,0 4,0 0,0 0,0 1,0 1,0 0,0 10,0
LEAF 12,1 0,0 0,0 4,0 0,0 0,0 0,1 0,0 0,0 9,1
LEAF 12,1 0,0 0,0 4,0 0,0 1,0 0,0 0,0 0,0 8,2
LEAF 12,1 0,0 0,0 4,0 0,0 1,0 0,0 0,0 1,0 10,0
LEAF 12,1 0,0 0,0 4,0 0,0 1,0 0,0 1,0 0,0 10,0
LEAF 12,1 0,0 0,0 4,0 0,0 1,0 1,0 0,0 0,0 10,0
LEAF 12,1 0,0 0,0 4,0 0,0 0,1 0,0 0,0 0,0 9,1
LEAF 12,1 0,0 0,0 4,0 1,0 0,0 0,0 0,0 0,0 8,2
LEAF 12,1 0,0 0,0 4,0 1,0 0,0 0,0 0,0 1,0 10,0
LEAF 12,1 0,0 0,0 4,0 1,0 0,0 0,0 1,0 0,0 10,0
LEAF 12,1 0,0 0,0 4,0 1,0 0,0 1,0 0,0 0,0 10,0
LEAF 12,1 0,0 0,0 4,0 1,0 1,0 0,0 0,0 0,0 10,0
LEAF 12,1 0,0 0,0 4,0 0,1 0,0 0,0 0,0 0,0 9,1
LEAF 12,1 0,0 0,0 6,0 0,0 0,0 0,0 0,0 0,0 7,2
LEAF 12,1 0,0 0,0 6,0 0,0 0,0 0,0 0,0 1,0 9,0
LEAF 12,1 0,0 0,0 6,0 0,0 0,0 0,0 1,0 0,0 9,0
LEAF 12,1 0,0 0,0 6,0 0,0 0,0 1,0 0,0 0,0 9,0
LEAF 12,1 0,0 0,0 6,0 0,0 1,0 0,0 0,0 0,0 9,0
LEAF 12,1 0,0 0,0 6,0 1,0 0,0 0,0 0,0 0,0 9,0
LEAF 12,1 0,0 0,0 0,1 0,0 0,0 0,0 0,0 0,0 8,3
LEAF 12,1 0,0 0,0 0,1 0,0 0,0 0,0 0,0 0,0 2,6
LEAF 12,1 0,0 0,0 0,1 0,0 0,0 0,0 0,0 1,0 10,1
LEAF 12,1 0,0 0,0 0,1 0,0 0,0 0,0 0,0 1,0 4,4
LEAF 12,1 0,0 0,0 0,1 0,0 0,0 0,0 0,0 4,0 9,1
LEAF 12,1 0,0 0,0 0,1 0,0 0,0 0,0 0,0 0,1 11,0
LEAF 12,1 0,0 0,0 0,1 0,0 0,0 0,0 0,0 0,1 5,3
LEAF 12,1 0,0 0,0 0,1 0,0 0,0 0,0 0,0 3,1 10,0
LEAF 12,1 0,0 0,0 0,1 0,0 0,0 0,0 1,0 0,0 10,1
LEAF 12,1 0,0 0,0 0,1 0,0 0,0 0,0 1,0 0,0 4,4
LEAF 12,1 0,0 0,0 0,1 0,0 0,0 0,0 4,0 0,0 9,1
LEAF 12,1 0,0 0,0 0,1 0,0 0,0 0,0 0,1 0,0 11,0
LEAF 12,1 0,0 0,0 0,1 0,0 0,0 0,0 0,1 0,0 5,3
LEAF 12,1 0,0 0,0 0,1 0,0 0,0 0,0 3,1 0,0 10,0
LEAF 12,1 0,0 0,0 0,1 0,0 0,0 1,0 0,0 0,0 10,1
LEAF 12,1 0,0 0,0 0,1 0,0 0,0 1,0 0,0 0,0 4,4
LEAF 12,1 0,0 0,0 0,1 0,0 0,0 4,0 0,0 0,0 9,1
LEAF 12,1 0,0 0,0 0,1 0,0 0,0 0,1 0,0 0,0 11,0
LEAF 12,1 0,0 0,0 0,1 0,0 0,0 0,1 0,0 0,0 5,3
LEAF 12,1 0,0 0,0 0,1 0,0 0,0 3,1 0,0 0,0 10,0
LEAF 12,1 0,0 0,0 0,1 0,0 1,0 0,0 0,0 0,0 10,1
LEAF 12,1 0,0 0,0 0,1 0,0 1,0 0,0 0,0 0,0 4,4
LEAF 12,1 0,0 0,0 0,1 0,0 4,0 0,0 0,0 0,0 9,1
LEAF 12,1 0,0 0,0 0,1 0,0 0,1 0,0 0,0 0,0 11,0
LEAF 12,1 0,0 0,0 0,1 0,0 0,1 0,0 0,0 0,0 5,3
LEAF 12,1 0,0 0,0 0,1 0,0 3,1 0,0 0,0 0,0 10,0
LEAF 12,1 0,0 0,0 0,1 1,0 0,0 0,0 0,0 0,0 10,1
LEAF 12,1 0,0 0,0 0,1 1,0 0,0 0,0 0,0 0,0 4,4
LEAF 12,1 0,0 0,0 0,1 4,0 0,0 0,0 0,0 0,0 9,1
LEAF 12,1 0,0 0,0 0,1 0,1 0,0 0,0 0,0 0,0 11,0
LEAF 12,1 0,0 0,0 0,1 0,1 0,0 0,0 0,0 0,0 5,3
LEAF 12,1 0,0 0,0 0,1 3,1 0,0 0,0 0,0 0,0 10,0
LEAF 12,1 0,0 0,0 1,1 0,0 0,0 0,0 0,0 0,0 11,0
LEAF 12,1 0,0 0,0 1,1 0,0 0,0 0,0 0,0 0,0 5,3
LEAF 12,1 0,0 0,0 3,1 0,0 0,0 0,0 0,0 1,0 9,1
LEAF 12,1 0,0 0,0 3,1 0,0 0,0 0,0 0,0 0,1 10,0
LEAF 12,1 0,0 0,0 3,1 0,0 0,0 0,0 1,0 0,0 9,1
LEAF 12,1 0,0 0,0 3,1 0,0 0,0 0,0 0,1 0,0 10,0
LEAF 12,1 0,0 0,0 3,1 0,0 0,0 1,0 0,0 0,0 9,1
LEAF 12,1 0,0 0,0 3,1 0,0 0,0 0,1 0,0 0,0 10,0
LEAF 12,1 0,0 0,0 3,1 0,0 1,0 0,0 0,0 0,0 9,1
LEAF 12,1 0,0 0,0 3,1 0,0 0,1 0,0 0,0 0,0 10,0
LEAF 12,1 0,0 0,0 3,1 1,0 0,0 0,0 0,0 0,0 9,1
LEAF 12,1 0,0 0,0 3,1 0,1 0,0 0,0 0,0 0,0 10,0
LEAF 12,1 0,0 0,0 5,1 0,0 0,0 0,0 0,0 0,0 8,1
LEAF 12,1 0,0 0,0 0,2 0,0 0,0 0,0 0,0 0,0 6,2
LEAF 12,1 0,0 0,0 2,2 0,0 0,0 0,0 0,0 1,0 10,0
LEAF 12,1 0,0 0,0 2,2 0,0 0,0 0,0 1,0 0,0 10,0
LEAF 12,1 0,0 0,0 2,2 0,0 0,0 1,0 0,0 0,0 10,0
LEAF 12,1 0,0 0,0 2,2 0,0 1,0 0,0 0,0 0,0 10,0
LEAF 12,1 0,0 0,0 2,2 1,0 0,0 0,0 0,0 0,0 10,0
LEAF 12,1 0,0 0,0 4,2 0,0 0,0 0,0 0,0 0,0 9,0
LEAF 12,1 0,0 1,0 0,0 0,0 0,0 0,0 0,0 0,0 7,4
LEAF 12,1 0,0 1,0 0,0 0,0 0,0 0,0 0,0 0,0 1,7
LEAF 12,1 0,0 1,0 0,0 0,0 0,0 0,0 0,0 1,0 9,2
LEAF 12,1 0,0 1,0 0,0 0,0 0,0 0,0 0,0 1,0 3,5
LEAF 12,1 0,0 1,0 0,0 0,0 0,0 0,0 0,0 4,0 8,2
LEAF 12,1 0,0 1,0 0,0 0,0 0,0 0,0 0,0 6,0 9,0
LEAF 12,1 0,0 1,0 0,0 0,0 0,0 0,0 0,0 0,1 10,1
LEAF 12,1 0,0 1,0 0,0 0,0 0,0 0,0 0,0 0,1 4,4
LEAF 12,1 0,0 1,0 0,0 0,0 0,0 0,0 0,0 3,1 9,1
LEAF 12,1 0,0 1,0 0,0 0,0 0,0 0,0 0,0 2,2 10,0
LEAF 12,1 0,0 1,0 0,0 0,0 0,0 0,0 1,0 0,0 9,2
LEAF 12,1 0,0 1,0 0,0 0,0 0,0 0,0 1,0 0,0 3,5
LEAF 12,1 0,0 1,0 0,0 0,0 0,0 0,0 1,0 1,0 11,0
LEAF 12,1 0,0 1,0 0,0 0,0 0,0 0,0 4,0 0,0 8,2
LEAF 12,1 0,0 1,0 0,0 0,0 0,0 0,0 4,0 1,0 10,0
LEAF 12,1 0,0 1,0 0,0 0,0 0,0 0,0 6,0 0,0 9,0
LEAF 12,1 0,0 1,0 0,0 0,0 0,0 0,0 0,1 0,0 10,1
LEAF 12,1 0,0 1,0 0,0 0,0 0,0 0,0 0,1 0,0 4,4
LEAF 12,1 0,0 1,0 0,0 0,0 0,0 0,0 3,1 0,0 9,1
LEAF 12,1 0,0 1,0 0,0 0,0 0,0 0,0 2,2 0,0 10,0
LEAF 12,1 0,0 1,0 0,0 0,0 0,0 1,0 0,0 0,0 9,2
LEAF 12,1 0,0 1,0 0,0 0,0 0,0 1,0 0,0 0,0 3,5
LEAF 12,1 0,0 1,0 0,0 0,0 0,0 1,0 0,0 1,0 11,0
LEAF 12,1 0,0 1,0 0,0 0,0 0,0 1,0 0,0 4,0 10,0
LEAF 12,1 0,0 1,0 0,0 0,0 0,0 1,0 1,0 0,0 11,0
LEAF 12,1 0,0 1,0 0,0 0,0 0,0 1,0 4,0 0,0 10,0
LEAF 12,1 0,0 1,0 0,0 0,0 0,0 4,0 0,0 0,0 8,2
LEAF 12,1 0,0 1,0 0,0 0,0 0,0 6,0 0,0 0,0 9,0
LEAF 12,1 0,0 1,0 0,0 0,0 0,0 0,1 0,0 0,0 10,1
LEAF 12,1 0,0 1,0 0,0 0,0 0,0 0,1 0,0 0,0 4,4
LEAF 12,1 0,0 1,0 0,0 0,0 0,0 3,1 0,0 0,0 9,1
LEAF 12,1 0,0 1,0 0,0 0,0 0,0 2,2 0,0 0,0 10,0
LEAF 12,1 0,0 1,0 0,0 0,0 1,0 0,0 0,0 0,0 9,2
LEAF 12,1 0,0 1,0 0,0 0,0 1,0 0,0 0,0 0,0 3,5
LEAF 12,1 0,0 1,0 0,0 0,0 1,0 0,0 0,0 1,0 11,0
LEAF 12,1 0,0 1,0 0,0 0,0 1,0 0,0 0,0 4,0 10,0
LEAF 12,1 0,0 1,0 0,0 0,0 1,0 0,0 1,0 0,0 11,0
LEAF 12,1 0,0 1,0 0,0 0,0 1,0 0,0 4,0 0,0 10,0
LEAF 12,1 0,0 1,0 0,0 0,0 1,0 1,0 0,0 0,0 11,0
LEAF 12,1 0,0 1,0 0,0 0,0 1,0 4,0 0,0 0,0 10,0
LEAF 12,1 0,0 1,0 0,0 0,0 4,0 0,0 0,0 0,0 8,2
LEAF 12,1 0,0 1,0 0,0 0,0 4,0 0,0 0,0 1,0 10,0
LEAF 12,1 0,0 1,0 0,0 0,0 4,0 0,0 1,0 0,0 10,0
LEAF 12,1 0,0 1,0 0,0 0,0 4,0 1,0 0,0 0,0 10,0
LEAF 12,1 0,0 1,0 0,0 0,0 6,0 0,0 0,0 0,0 9,0
LEAF 12,1 0,0 1,0 0,0 0,0 0,1 0,0 0,0 0,0 10,1
LEAF 12,1 0,0 1,0 0,0 0,0 0,1 0,0 0,0 0,0 4,4
LEAF 12,1 0,0 1,0 0,0 0,0 3,1 0,0 0,0 0,0 9,1
LEAF 12,1 0,0 1,0 0,0 0,0 2,2 0,0 0,0 0,0 10,0
LEAF 12,1 0,0 1,0 0,0 1,0 0,0 0,0 0,0 0,0 9,2
LEAF 12,1 0,0 1,0 0,0 1,0 0,0 0,0 0,0 0,0 3,5
LEAF 12,1 0,0 1,0 0,0 1,0 0,0 0,0 0,0 1,0 11,0
LEAF 12,1 0,0 1,0 0,0 1,0 0,0 0,0 1,0 0,0 11,0
LEAF 12,1 0,0 1,0 0,0 1,0 0,0 0,0 4,0 0,0 10,0
LEAF 12,1 0,0 1,0 0,0 1,0 0,0 1,0 0,0 0,0 11,0
LEAF 12,1 0,0 1,0 0,0 1,0 0,0 4,0 0,0 0,0 10,0
LEAF 12,1 0,0 1,0 0,0 1,0 1,0 0,0 0,0 0,0 11,0
LEAF 12,1 0,0 1,0 0,0 4,0 0,0 0,0 0,0 0,0 8,2
LEAF 12,1 0,0 1,0 0,0 4,0 0,0 0,0 0,0 1,0 10,0
LEAF 12,1 0,0 1,0 0,0 4,0 0,0 0,0 1,0 0,0 10,0
LEAF 12,1 0,0 1,0 0,0 4,0 0,0 1,0 0,0 0,0 10,0
LEAF 12,1 0,0 1,0 0,0 4,0 1,0 0,0 0,0 0,0 10,0
LEAF 12,1 0,0 1,0 0,0 6,0 0,0 0,0 0,0 0,0 9,0
LEAF 12,1 0,0 1,0 0,0 0,1 0,0 0,0 0,0 0,0 10,1
LEAF 12,1 0,0 1,0 0,0 0,1 0,0 0,0 0,0 0,0 4,4
LEAF 12,1 0,0 1,0 0,0 3,1 0,0 0,0 0,0 0,0 9,1
LEAF 12,1 0,0 1,0 0,0 2,2 0,0 0,0 0,0 0,0 10,0
LEAF 12,1 0,0 1,0 1,0 0,0 0,0 0,0 0,0 0,0 9,2
LEAF 12,1 0,0 1,0 1,0 0,0 0,0 0,0 0,0 0,0 3,5
LEAF 12,1 0,0 1,0 1,0 0,0 0,0 0,0 0,0 1,0 11,0
LEAF 12,1 0,0 1,0 1,0 0,0 0,0 0,0 0,0 4,0 10,0
LEAF 12,1 0,0 1,0 1,0 0,0 0,0 0,0 1,0 0,0 11,0
LEAF 12,1 0,0 1,0 1,0 0,0 0,0 0,0 4,0 0,0 10,0
LEAF 12,1 0,0 1,0 1,0 0,0 0,0 1,0 0,0 0,0 11,0
LEAF 12,1 0,0 1,0 1,0 0,0 0,0 4,0 0,0 0,0 10,0
LEAF 12,1 0,0 1,0 1,0 0,0 1,0 0,0 0,0 0,0 11,0
LEAF 12,1 0,0 1,0 1,0 0,0 4,0 0,0 0,0 0,0 10,0
LEAF 12,1 0,0 1,0 1,0 1,0 0,0 0,0 0,0 0,0 11,0
LEAF 12,1 0,0 1,0 1,0 4,0 0,0 0,0 0,0 0,0 10,0
LEAF 12,1 0,0 1,0 4,0 0,0 0,0 0,0 0,0 0,0 8,2
LEAF 12,1 0,0 1,0 4,0 0,0 0,0 1,0 0,0 0,0 10,0
LEAF 12,1 0,0 1,0 6,0 0,0 0,0 0,0 0,0 0,0 9,0
LEAF 12,1 0,0 1,0 0,1 0,0 0,0 0,0 0,0 0,0 10,1
LEAF 12,1 0,0 1,0 0,1 0,0 0,0 0,0 0,0 0,0 4,4
LEAF 12,1 0,0 1,0 3,1 0,0 0,0 0,0 0,0 0,0 9,1
LEAF 12,1 0,0 1,0 2,2 0,0 0,0 0,0 0,0 0,0 10,0
LEAF 12,1 0,0 2,0 0,0 0,0 0,0 0,0 0,0 0,0 10,1
LEAF 12,1 0,0 2,0 0,0 0,0 0,0 0,0 0,0 0,0 4,4
LEAF 12,1 0,0 3,0 0,0 0,0 0,0 0,0 0,0 0,0 8,0
LEAF 12,1 0,0 3,0 0,0 0,0 0,0 0,0 0,0 3,0 10,0
LEAF 12,1 0,0 3,0 0,0 0,0 0,0 0,0 3,0 0,0 10,0
LEAF 12,1 0,0 3,0 0,0 0,0 0,0 3,0 0,0 0,0 10,0
LEAF 12,1 0,0 3,0 0,0 0,0 3,0 0,0 0,0 0,0 10,0
LEAF 12,1 0,0 3,0 0,0 3,0 0,0 0,0 0,0 0,0 10,0
LEAF 12,1 0,0 3,0 3,0 0,0 0,0 0,0 0,0 0,0 10,0
LEAF 12,1 0,0 4,0 0,0 0,0 0,0 0,0 0,0 1,0 8,2
LEAF 12,1 0,0 4,0 0,0 0,0 0,0 0,0 0,0 0,1 9,1
LEAF 12,1 0,0 4,0 0,0 0,0 0,0 0,0 1,0 0,0 8,2
LEAF 12,1 0,0 4,0 0,0 0,0 0,0 0,0 1,0 1,0 10,0
LEAF 12,1 0,0 4,0 0,0 0,0 0,0 0,0 0,1 0,0 9,1
LEAF 12,1 0,0 4,0 0,0 0,0 0,0 1,0 0,0 0,0 8,2
LEAF 12,1 0,0 4,0 0,0 0,0 0,0 1,0 0,0 1,0 10,0
LEAF 12,1 0,0 4,0 0,0 0,0 0,0 1,0 1,0 0,0 10,0
LEAF 12,1 0,0 4,0 0,0 0,0 0,0 0,1 0,0 0,0 9,1
LEAF 12,1 0,0 4,0 0,0 0,0 1,0 0,0 0,0 0,0 8,2
LEAF 12,1 0,0 4,0 0,0 0,0 1,0 0,0 0,0 1,0 10,0
LEAF 12,1 0,0 4,0 0,0 0,0 1,0 0,0 1,0 0,0 10,0
LEAF 12,1 0,0 4,0 0,0 0,0 1,0 1,0 0,0 0,0 10,0
LEAF 12,1 0,0 4,0 0,0 0,0 0,1 0,0 0,0 0,0 9,1
LEAF 12,1 0,0 4,0 0,0 1,0 0,0 0,0 0,0 0,0 8,2
LEAF 12,1 0,0 4,0 0,0 1,0 0,0 0,0 0,0 1,0 10,0
LEAF 12,1 0,0 4,0 0,0 1,0 0,0 0,0 1,0 0,0 10,0
LEAF 12,1 0,0 4,0 0,0 1,0 0,0 1,0 0,0 0,0 10,0
LEAF 12,1 0,0 4,0 0,0 1,0 1,0 0,0 0,0 0,0 10,0
LEAF 12,1 0,0 4,0 0,0 0,1 0,0 0,0 0,0 0,0 9,1
LEAF 12,1 0,0 4,0 1,0 0,0 0,0 0,0 0,0 0,0 8,2
LEAF 12,1 0,0 4,0 1,0 0,0 0,0 0,0 0,0 1,0 10,0
LEAF 12,1 0,0 4,0 1,0 0,0 0,0 0,0 1,0 0,0 10,0
LEAF 12,1 0,0 4,0 1,0 0,0 0,0 1,0 0,0 0,0 10,0
LEAF 12,1 0,0 4,0 1,0 0,0 1,0 0,0 0,0 0,0 10,0
LEAF 12,1 0,0 4,0 1,0 1,0 0,0 0,0 0,0 0,0 10,0
LEAF 12,1 0,0 4,0 0,1 0,0 0,0 0,0 0,0 0,0 9,1
LEAF 12,1 0,0 6,0 0,0 0,0 0,0 0,0 0,0 0,0 7,2
LEAF 12,1 0,0 6,0 0,0 0,0 0,0 0,0 0,0 1,0 9,0
LEAF 12,1 0,0 6,0 0,0 0,0 0,0 0,0 1,0 0,0 9,0
LEAF 12,1 0,0 6,0 0,0 0,0 0,0 1,0 0,0 0,0 9,0
LEAF 12,1 0,0 6,0 0,0 0,0 1,0 0,0 0,0 0,0 9,0
LEAF 12,1 0,0 6,0 0,0 1,0 0,0 0,0 0,0 0,0 9,0
LEAF 12,1 0,0 6,0 1,0 0,0 0,0 0,0 0,0 0,0 9,0
LEAF 12,1 0,0 0,1 0,0 0,0 0,0 0,0 0,0 0,0 8,3
LEAF 12,1 0,0 0,1 0,0 0,0 0,0 0,0 0,0 0,0 2,6
LEAF 12,1 0,0 0,1 0,0 0,0 0,0 0,0 0,0 1,0 10,1
LEAF 12,1 0,0 0,1 0,0 0,0 0,0 0,0 0,0 1,0 4,4
LEAF 12,1 0,0 0,1 0,0 0,0 0,0 0,0 0,0 4,0 9,1
LEAF 12,1 0,0 0,1 0,0 0,0 0,0 0,0 0,0 0,1 11,0
LEAF 12,1 0,0 0,1 0,0 0,0 0,0 0,0 0,0 0,1 5,3
LEAF 12,1 0,0 0,1 0,0 0,0 0,0 0,0 0,0 3,1 10,0
LEAF 12,1 0,0 0,1 0,0 0,0 0,0 0,0 1,0 0,0 10,1
LEAF 12,1 0,0 0,1 0,0 0,0 0,0 0,0 1,0 0,0 4,4
LEAF 12,1 0,0 0,1 0,0 0,0 0,0 0,0 4,0 0,0 9,1
LEAF 12,1 0,0 0,1 0,0 0,0 0,0 0,0 0,1 0,0 11,0
LEAF 12,1 0,0 0,1 0,0 0,0 0,0 0,0 0,1 0,0 5,3
LEAF 12,1 0,0 0,1 0,0 0,0 0,0 0,0 3,1 0,0 10,0
LEAF 12,1 0,0 0,1 0,0 0,0 0,0 1,0 0,0 0,0 10,1
LEAF 12,1 0,0 0,1 0,0 0,0 0,0 1,0 0,0 0,0 4,4
LEAF 12,1 0,0 0,1 0,0 0,0 0,0 4,0 0,0 0,0 9,1
LEAF 12,1 0,0 0,1 0,0 0,0 0,0 0,1 0,0 0,0 11,0
LEAF 12,1 0,0 0,1 0,0 0,0 0,0 0,1 0,0 0,0 5,3
LEAF 12,1 0,0 0,1 0,0 0,0 0,0 3,1 0,0 0,0 10,0
LEAF 12,1 0,0 0,1 0,0 0,0 1,0 0,0 0,0 0,0 10,1
LEAF 12,1 0,0 0,1 0,0 0,0 1,0 0,0 0,0 0,0 4,4
LEAF 12,1 0,0 0,1 0,0 0,0 4,0 0,0 0,0 0,0 9,1
LEAF 12,1 0,0 0,1 0,0 0,0 0,1 0,0 0,0 0,0 11,0
LEAF 12,1 0,0 0,1 0,0 0,0 0,1 0,0 0,0 0,0 5,3
LEAF 12,1 0,0 0,1 0,0 0,0 3,1 0,0 0,0 0,0 10,0
LEAF 12,1 0,0 0,1 0,0 1,0 0,0 0,0 0,0 0,0 10,1
LEAF 12,1 0,0 0,1 0,0 1,0 0,0 0,0 0,0 0,0 4,4
LEAF 12,1 0,0 0,1 0,0 4,0 0,0 0,0 0,0 0,0 9,1
LEAF 12,1 0,0 0,1 0,0 0,1 0,0 0,0 0,0 0,0 11,0
LEAF 12,1 0,0 0,1 0,0 0,1 0,0 0,0 0,0 0,0 5,3
LEAF 12,1 0,0 0,1 0,0 3,1 0,0 0,0 0,0 0,0 10,0
LEAF 12,1 0,0 0,1 1,0 0,0 0,0 0,0 0,0 0,0 10,1
LEAF 12,1 0,0 0,1 1,0 0,0 0,0 0,0 0,0 0,0 4,4
LEAF 12,1 0,0 0,1 4,0 0,0 0,0 0,0 0,0 0,0 9,1
LEAF 12,1 0,0 0,1 0,1 0,0 0,0 0,0 0,0 0,0 11,0
LEAF 12,1 0,0 0,1 0,1 0,0 0,0 0,0 0,0 0,0 5,3
LEAF 12,1 0,0 0,1 3,1 0,0 0,0 0,0 0,0 0,0 10,0
LEAF 12,1 0,0 1,1 0,0 0,0 0,0 0,0 0,0 0,0 11,0
LEAF 12,1 0,0 1,1 0,0 0,0 0,0 0,0 0,0 0,0 5,3
LEAF 12,1 0,0 3,1 0,0 0,0 0,0 0,0 0,0 1,0 9,1
LEAF 12,1 0,0 3,1 0,0 0,0 0,0 0,0 0,0 0,1 10,0
LEAF 12,1 0,0 3,1 0,0 0,0 0,0 0,0 1,0 0,0 9,1
LEAF 12,1 0,0 3,1 0,0 0,0 0,0 0,0 0,1 0,0 10,0
LEAF 12,1 0,0 3,1 0,0 0,0 0,0 1,0 0,0 0,0 9,1
LEAF 12,1 0,0 3,1 0,0 0,0 0,0 0,1 0,0 0,0 10,0
LEAF 12,1 0,0 3,1 0,0 0,0 1,0 0,0 0,0 0,0 9,1
LEAF 12,1 0,0 3,1 0,0 0,0 0,1 0,0 0,0 0,0 10,0
LEAF 12,1 0,0 3,1 0,0 1,0 0,0 0,0 0,0 0,0 9,1
LEAF 12,1 0,0 3,1 0,0 0,1 0,0 0,0 0,0 0,0 10,0
LEAF 12,1 0,0 3,1 1,0 0,0 0,0 0,0 0,0 0,0 9,1
LEAF 12,1 0,0 3,1 0,1 0,0 0,0 0,0 0,0 0,0 10,0
LEAF 12,1 0,0 5,1 0,0 0,0 0,0 0,0 0,0 0,0 8,1
LEAF 12,1 0,0 0,2 0,0 0,0 0,0 0,0 0,0 0,0 6,2
LEAF 12,1 0,0 2,2 0,0 0,0 0,0 0,0 0,0 1,0 10,0
LEAF 12,1 0,0 2,2 0,0 0,0 0,0 0,0 1,0 0,0 10,0
LEAF 12,1 0,0 2,2 0,0 0,0 0,0 1,0 0,0 0,0 10,0
LEAF 12,1 0,0 2,2 0,0 0,0 1,0 0,0 0,0 0,0 10,0
LEAF 12,1 0,0 2,2 0,0 1,0 0,0 0,0 0,0 0,0 10,0
LEAF 12,1 0,0 2,2 1,0 0,0 0,0 0,0 0,0 0,0 10,0
LEAF 12,1 0,0 4,2 0,0 0,0 0,0 0,0 0,0 0,0 9,0
LEAF 12,1 1,0 0,0 0,0 0,0 0,0 0,0 0,0 0,0 7,4
LEAF 12,1 1,0 0,0 0,0 0,0 0,0 0,0 0,0 0,0 1,7
LEAF 12,1 1,0 0,0 0,0 0,0 0,0 0,0 0,0 1,0 9,2
LEAF 12,1 1,0 0,0 0,0 0,0 0,0 0,0 0,0 1,0 3,5
LEAF 12,1 1,0 0,0 0,0 0,0 0,0 0,0 0,0 4,0 8,2
LEAF 12,1 1,0 0,0 0,0 0,0 0,0 0,0 0,0 6,0 9,0
LEAF 12,1 1,0 0,0 0,0 0,0 0,0 0,0 0,0 0,1 10,1
LEAF 12,1 1,0 0,0 0,0 0,0 0,0 0,0 0,0 0,1 4,4
LEAF 12,1 1,0 0,0 0,0 0,0 0,0 0,0 0,0 3,1 9,1
LEAF 12,1 1,0 0,0 0,0 0,0 0,0 0,0 0,0 2,2 10,0
LEAF 12,1 1,0 0,0 0,0 0,0 0,0 0,0 1,0 0,0 9,2
LEAF 12,1 1,0 0,0 0,0 0,0 0,0 0,0 1,0 0,0 3,5
LEAF 12,1 1,0 0,0 0,0 0,0 0,0 0,0 1,0 1,0 11,0
LEAF 12,1 1,0 0,0 0,0 0,0 0,0 0,0 4,0 0,0 8,2
LEAF 12,1 1,0 0,0 0,0 0,0 0,0 0,0 4,0 1,0 10,0
LEAF 12,1 1,0 0,0 0,0 0,0 0,0 0,0 6,0 0,0 9,0
LEAF 12,1 1,0 0,0 0,0 0,0 0,0 0,0 0,1 0,0 10,1
LEAF 12,1 1,0 0,0 0,0 0,0 0,0 0,0 0,1 0,0 4,4
LEAF 12,1 1,0 0,0 0,0 0,0 0,0 0,0 3,1 0,0 9,1
LEAF 12,1 1,0 0,0 0,0 0,0 0,0 0,0 2,2 0,0 10,0
LEAF 12,1 1,0 0,0 0,0 0,0 0,0 1,0 0,0 0,0 9,2
LEAF 12,1 1,0 0,0 0,0 0,0 0,0 1,0 0,0 0,0 3,5
LEAF 12,1 1,0 0,0 0,0 0,0 0,0 1,0 0,0 1,0 11,0
LEAF 12,1 1,0 0,0 0,0 0,0 0,0 1,0 1,0 0,0 11,0
LEAF 12,1 1,0 0,0 0,0 0,0 0,0 1,0 4,0 0,0 10,0
LEAF 12,1 1,0 0,0 0,0 0,0 0,0 4,0 0,0 0,0 8,2
LEAF 12,1 1,0 0,0 0,0 0,0 0,0 6,0 0,0 0,0 9,0
LEAF 12,1 1,0 0,0 0,0 0,0 0,0 0,1 0,0 0,0 10,1
LEAF 12,1 1,0 0,0 0,0 0,0 0,0 0,1 0,0 0,0 4,4
LEAF 12,1 1,0 0,0 0,0 0,0 0,0 3,1 0,0 0,0 9,1
LEAF 12,1 1,0 0,0 0,0 0,0 0,0 2,2 0,0 0,0 10,0
LEAF 12,1 1,0 0,0 0,0 0,0 1,0 0,0 0,0 0,0 9,2
LEAF 12,1 1,0 0,0 0,0 0,0 1,0 0,0 0,0 0,0 3,5
LEAF 12,1 1,0 0,0 0,0 0,0 1,0 0,0 0,0 1,0 11,0
LEAF 12,1 1,0 0,0 0,0 0,0 1,0 0,0 0,0 4,0 10,0
LEAF 12,1 1,0 0,0 0,0 0,0 1,0 0,0 1,0 0,0 11,0
LEAF 12,1 1,0 0,0 0,0 0,0 1,0 0,0 4,0 0,0 10,0
LEAF 12,1 1,0 0,0 0,0 0,0 1,0 1,0 0,0 0,0 11,0
LEAF 12,1 1,0 0,0 0,0 0,0 1,0 4,0 0,0 0,0 10,0
LEAF 12,1 1,0 0,0 0,0 0,0 4,0 0,0 0,0 0,0 8,2
LEAF 12,1 1,0 0,0 0,0 0,0 4,0 0,0 0,0 1,0 10,0
LEAF 12,1 1,0 0,0 0,0 0,0 4,0 0,0 1,0 0,0 10,0
LEAF 12,1 1,0 0,0 0,0 0,0 4,0 1,0 0,0 0,0 10,0
LEAF 12,1 1,0 0,0 0,0 0,0 6,0 0,0 0,0 0,0 9,0
LEAF 12,1 1,0 0,0 0,0 0,0 0,1 0,0 0,0 0,0 10,1
LEAF 12,1 1,0 0,0 0,0 0,0 0,1 0,0 0,0 0,0 4,4
LEAF 12,1 1,0 0,0 0,0 0,0 3,1 0,0 0,0 0,0 9,1
LEAF 12,1 1,0 0,0 0,0 0,0 2,2 0,0 0,0 0,0 10,0
LEAF 12,1 1,0 0,0 0,0 1,0 0,0 0,0 0,0 0,0 9,2
LEAF 12,1 1,0 0,0 0,0 1,0 0,0 0,0 0,0 0,0 3,5
LEAF 12,1 1,0 0,0 0,0 1,0 0,0 0,0 0,0 1,0 11,0
LEAF 12,1 1,0 0,0 0,0 1,0 0,0 0,0 1,0 0,0 11,0
LEAF 12,1 1,0 0,0 0,0 1,0 0,0 0,0 4,0 0,0 10,0
LEAF 12,1 1,0 0,0 0,0 1,0 0,0 1,0 0,0 0,0 11,0
LEAF 12,1 1,0 0,0 0,0 1,0 0,0 4,0 0,0 0,0 10,0
LEAF 12,1 1,0 0,0 0,0 1,0 1,0 0,0 0,0 0,0 11,0
LEAF 12,1 1,0 0,0 0,0 4,0 0,0 0,0 0,0 0,0 8,2
LEAF 12,1 1,0 0,0 0,0 4,0 0,0 0,0 0,0 1,0 10,0
LEAF 12,1 1,0 0,0 0,0 4,0 0,0 0,0 1,0 0,0 10,0
LEAF 12,1 1,0 0,0 0,0 4,0 0,0 1,0 0,0 0,0 10,0
LEAF 12,1 1,0 0,0 0,0 4,0 1,0 0,0 0,0 0,0 10,0
LEAF 12,1 1,0 0,0 0,0 6,0 0,0 0,0 0,0 0,0 9,0
LEAF 12,1 1,0 0,0 0,0 0,1 0,0 0,0 0,0 0,0 10,1
LEAF 12,1 1,0 0,0 0,0 0,1 0,0 0,0 0,0 0,0 4,4
LEAF 12,1 1,0 0,0 0,0 3,1 0,0 0,0 0,0 0,0 9,1
LEAF 12,1 1,0 0,0 0,0 2,2 0,0 0,0 0,0 0,0 10,0
LEAF 12,1 1,0 0,0 1,0 0,0 0,0 0,0 0,0 0,0 9,2
LEAF 12,1 1,0 0,0 1,0 0,0 0,0 0,0 0,0 0,0 3,5
LEAF 12,1 1,0 0,0 1,0 0,0 0,0 0,0 0,0 1,0 11,0
LEAF 12,1 1,0 0,0 1,0 0,0 0,0 0,0 1,0 0,0 11,0
LEAF 12,1 1,0 0,0 1,0 0,0 0,0 0,0 4,0 0,0 10,0
LEAF 12,1 1,0 0,0 1,0 0,0 0,0 1,0 0,0 0,0 11,0
LEAF 12,1 1,0 0,0 1,0 0,0 0,0 4,0 0,0 0,0 10,0
LEAF 12,1 1,0 0,0 1,0 0,0 1,0 0,0 0,0 0,0 11,0
LEAF 12,1 1,0 0,0 1,0 1,0 0,0 0,0 0,0 0,0 11,0
LEAF 12,1 1,0 0,0 1,0 4,0 0,0 0,0 0,0 0,0 10,0
LEAF 12,1 1,0 0,0 4,0 0,0 0,0 0,0 0,0 0,0 8,2
LEAF 12,1 1,0 0,0 4,0 0,0 0,0 1,0 0,0 0,0 10,0
LEAF 12,1 1,0 0,0 6,0 0,0 0,0 0,0 0,0 0,0 9,0
LEAF 12,1 1,0 0,0 0,1 0,0 0,0 0,0 0,0 0,0 10,1
LEAF 12,1 1,0 0,0 0,1 0,0 0,0 0,0 0,0 0,0 4,4
LEAF 12,1 1,0 0,0 3,1 0,0 0,0 0,0 0,0 0,0 9,1
LEAF 12,1 1,0 0,0 2,2 0,0 0,0 0,0 0,0 0,0 10,0
LEAF 12,1 1,0 1,0 0,0 0,0 0,0 0,0 0,0 0,0 9,2
LEAF 12,1 1,0 1,0 0,0 0,0 0,0 0,0 0,0 0,0 3,5
LEAF 12,1 1,0 1,0 0,0 0,0 0,0 0,0 0,0 1,0 11,0
LEAF 12,1 1,0 1,0 0,0 0,0 0,0 0,0 0,0 4,0 10,0
LEAF 12,1 1,0 1,0 0,0 0,0 0,0 0,0 1,0 0,0 11,0
LEAF 12,1 1,0 1,0 0,0 0,0 0,0 0,0 4,0 0,0 10,0
LEAF 12,1 1,0 1,0 0,0 0,0 0,0 1,0 0,0 0,0 11,0
LEAF 12,1 1,0 1,0 0,0 0,0 0,0 4,0 0,0 0,0 10,0
LEAF 12,1 1,0 1,0 0,0 0,0 1,0 0,0 0,0 0,0 11,0
LEAF 12,1 1,0 1,0 0,0 0,0 4,0 0,0 0,0 0,0 10,0
LEAF 12,1 1,0 1,0 0,0 1,0 0,0 0,0 0,0 0,0 11,0
LEAF 12,1 1,0 1,0 0,0 4,0 0,0 0,0 0,0 0,0 10,0
LEAF 12,1 1,0 1,0 1,0 0,0 0,0 0,0 0,0 0,0 11,0
LEAF 12,1 1,0 1,0 4,0 0,0 0,0 0,0 0,0 0,0 10,0
LEAF 12,1 1,0 4,0 0,0 0,0 0,0 0,0 0,0 0,0 8,2
LEAF 12,1 1,0 4,0 0,0 0,0 0,0 0,0 0,0 1,0 10,0
LEAF 12,1 1,0 4,0 0,0 0,0 0,0 0,0 1,0 0,0 10,0
LEAF 12,1 1,0 4,0 0,0 0,0 0,0 1,0 0,0 0,0 10,0
LEAF 12,1 1,0 4,0 0,0 0,0 1,0 0,0 0,0 0,0 10,0
LEAF 12,1 1,0 4,0 0,0 1,0 0,0 0,0 0,0 0,0 10,0
LEAF 12,1 1,0 4,0 1,0 0,0 0,0 0,0 0,0 0,0 10,0
LEAF 12,1 1,0 6,0 0,0 0,0 0,0 0,0 0,0 0,0 9,0
LEAF 12,1 1,0 0,1 0,0 0,0 0,0 0,0 0,0 0,0 10,1
LEAF 12,1 1,0 0,1 0,0 0,0 0,0 0,0 0,0 0,0 4,4
LEAF 12,1 1,0 3,1 0,0 0,0 0,0 0,0 0,0 0,0 9,1
LEAF 12,1 1,0 2,2 0,0 0,0 0,0 0,0 0,0 0,0 10,0
LEAF 12,1 2,0 0,0 0,0 0,0 0,0 0,0 0,0 0,0 10,1
LEAF 12,1 2,0 0,0 0,0 0,0 0,0 0,0 0,0 0,0 4,4
LEAF 12,1 3,0 0,0 0,0 0,0 0,0 0,0 0,0 0,0 8,0
LEAF 12,1 3,0 0,0 0,0 0,0 0,0 0,0 3,0 0,0 10,0
LEAF 12,1 3,0 0,0 0,0 0,0 0,0 3,0 0,0 0,0 10,0
LEAF 12,1 3,0 0,0 0,0 3,0 0,0 0,0 0,0 0,0 10,0
LEAF 12,1 3,0 0,0 3,0 0,0 0,0 0,0 0,0 0,0 10,0
LEAF 12,1 4,0 0,0 0,0 0,0 0,0 0,0 0,0 1,0 8,2
LEAF 12,1 4,0 0,0 0,0 0,0 0,0 0,0 1,0 0,0 8,2
LEAF 12,1 4,0 0,0 0,0 0,0 0,0 0,0 1,0 1,0 10,0
LEAF 12,1 4,0 0,0 0,0 0,0 0,0 0,0 0,1 0,0 9,1
LEAF 12,1 4,0 0,0 0,0 0,0 0,0 1,0 0,0 0,0 8,2
LEAF 12,1 4,0 0,0 0,0 0,0 0,0 1,0 1,0 0,0 10,0
LEAF 12,1 4,0 0,0 0,0 0,0 0,0 0,1 0,0 0,0 9,1
LEAF 12,1 4,0 0,0 0,0 0,0 1,0 0,0 0,0 0,0 8,2
LEAF 12,1 4,0 0,0 0,0 0,0 1,0 1,0 0,0 0,0 10,0
LEAF 12,1 4,0 0,0 0,0 1,0 0,0 0,0 0,0 0,0 8,2
LEAF 12,1 4,0 0,0 0,0 1,0 0,0 0,0 0,0 1,0 10,0
LEAF 12,1 4,0 0,0 0,0 1,0 0,0 0,0 1,0 0,0 10,0
LEAF 12,1 4,0 0,0 0,0 1,0 0,0 1,0 0,0 0,0 10,0
LEAF 12,1 4,0 0,0 0,0 1,0 1,0 0,0 0,0 0,0 10,0
LEAF 12,1 4,0 0,0 0,0 0,1 0,0 0,0 0,0 0,0 9,1
LEAF 12,1 4,0 0,0 1,0 0,0 0,0 0,0 0,0 0,0 8,2
LEAF 12,1 4,0 0,0 1,0 0,0 0,0 0,0 1,0 0,0 10,0
LEAF 12,1 4,0 0,0 1,0 0,0 0,0 1,0 0,0 0,0 10,0
LEAF 12,1 4,0 0,0 1,0 1,0 0,0 0,0 0,0 0,0 10,0
LEAF 12,1 4,0 0,0 0,1 0,0 0,0 0,0 0,0 0,0 9,1
LEAF 12,1 4,0 1,0 0,0 0,0 0,0 0,0 0,0 0,0 8,2
LEAF 12,1 4,0 1,0 0,0 0,0 0,0 1,0 0,0 0,0 10,0
LEAF 12,1 4,0 1,0 1,0 0,0 0,0 0,0 0,0 0,0 10,0
LEAF 12,1 6,0 0,0 0,0 0,0 0,0 0,0 0,0 0,0 7,2
LEAF 12,1 6,0 0,0 0,0 0,0 0,0 0,0 0,0 1,0 9,0
LEAF 12,1 6,0 0,0 0,0 0,0 0,0 0,0 1,0 0,0 9,0
LEAF 12,1 6,0 0,0 0,0 0,0 0,0 1,0 0,0 0,0 9,0
LEAF 12,1 6,0 0,0 0,0 0,0 1,0 0,0 0,0 0,0 9,0
LEAF 12,1 6,0 0,0 0,0 1,0 0,0 0,0 0,0 0,0 9,0
LEAF 12,1 6,0 0,0 1,0 0,0 0,0 0,0 0,0 0,0 9,0
LEAF 12,1 6,0 1,0 0,0 0,0 0,0 0,0 0,0 0,0 9,0
LEAF 12,1 8,0 0,0 0,0 0,0 0,0 0,0 0,0 0,0 3,0
LEAF 12,1 8,0 0,0 0,0 0,0 0,0 0,0 3,0 0,0 0,0
LEAF 12,1 8,0 0,0 0,0 0,0 0,0 3,0 0,0 0,0 0,0
LEAF 12,1 8,0 0,0 0,0 3,0 0,0 0,0 0,0 0,0 0,0
LEAF 12,1 8,0 0,0 3,0 0,0 0,0 0,0 0,0 0,0 0,0
LEAF 12,1 9,0 0,0 0,0 0,0 0,0 0,0 0,0 0,0 4,2
LEAF 12,1 9,0 0,0 0,0 0,0 0,0 0,0 0,0 1,0 6,0
LEAF 12,1 9,0 0,0 0,0 0,0 0,0 0,0 1,0 0,0 6,0
LEAF 12,1 9,0 0,0 0,0 0,0 0,0 0,0 6,0 0,0 1,0
LEAF 12,1 9,0 0,0 0,0 0,0 0,0 0,0 6,0 1,0 0,0
LEAF 12,1 9,0 0,0 0,0 0,0 0,0 0,0 4,2 0,0 0,0
LEAF 12,1 9,0 0,0 0,0 0,0 0,0 1,0 0,0 0,0 6,0
LEAF 12,1 9,0 0,0 0,0 0,0 0,0 6,0 0,0 0,0 1,0
LEAF 12,1 9,0 0,0 0,0 0,0 0,0 4,2 0,0 0,0 0,0
LEAF 12,1 9,0 0,0 0,0 0,0 1,0 0,0 0,0 0,0 6,0
LEAF 12,1 9,0 0,0 0,0 0,0 1,0 6,0 0,0 0,0 0,0
LEAF 12,1 9,0 0,0 0,0 1,0 0,0 0,0 0,0 0,0 6,0
LEAF 12,1 9,0 0,0 0,0 1,0 0,0 0,0 6,0 0,0 0,0
LEAF 12,1 9,0 0,0 0,0 1,0 0,0 6,0 0,0 0,0 0,0
LEAF 12,1 9,0 0,0 0,0 6,0 0,0 0,0 0,0 0,0 1,0
LEAF 12,1 9,0 0,0 0,0 6,0 0,0 0,0 0,0 1,0 0,0
LEAF 12,1 9,0 0,0 0,0 6,0 0,0 0,0 1,0 0,0 0,0
LEAF 12,1 9,0 0,0 0,0 6,0 0,0 1,0 0,0 0,0 0,0
LEAF 12,1 9,0 0,0 0,0 6,0 1,0 0,0 0,0 0,0 0,0
LEAF 12,1 9,0 0,0 0,0 4,2 0,0 0,0 0,0 0,0 0,0
LEAF 12,1 9,0 0,0 1,0 0,0 0,0 0,0 0,0 0,0 6,0
LEAF 12,1 9,0 0,0 1,0 0,0 0,0 6,0 0,0 0,0 0,0
LEAF 12,1 9,0 0,0 6,0 0,0 0,0 0,0 0,0 0,0 1,0
LEAF 12,1 9,0 0,0 6,0 0,0 0,0 1,0 0,0 0,0 0,0
LEAF 12,1 9,0 1,0 0,0 0,0 0,0 0,0 0,0 0,0 6,0
LEAF 12,1 9,0 1,0 0,0 0,0 0,0 6,0 0,0 0,0 0,0
LEAF 12,1 0,1 0,0 0,0 0,0 0,0 0,0 0,0 0,0 8,3
LEAF 12,1 0,1 0,0 0,0 0,0 0,0 0,0 0,0 0,0 2,6
LEAF 12,1 0,1 0,0 0,0 0,0 0,0 0,0 0,0 1,0 10,1
LEAF 12,1 0,1 0,0 0,0 0,0 0,0 0,0 0,0 1,0 4,4
LEAF 12,1 0,1 0,0 0,0 0,0 0,0 0,0 1,0 0,0 10,1
LEAF 12,1 0,1 0,0 0,0 0,0 0,0 0,0 1,0 0,0 4,4
LEAF 12,1 0,1 0,0 0,0 0,0 0,0 0,0 4,0 0,0 9,1
LEAF 12,1 0,1 0,0 0,0 0,0 0,0 0,0 0,1 0,0 11,0
LEAF 12,1 0,1 0,0 0,0 0,0 0,0 0,0 0,1 0,0 5,3
LEAF 12,1 0,1 0,0 0,0 0,0 0,0 0,0 3,1 0,0 10,0
LEAF 12,1 0,1 0,0 0,0 0,0 0,0 1,0 0,0 0,0 10,1
LEAF 12,1 0,1 0,0 0,0 0,0 0,0 1,0 0,0 0,0 4,4
LEAF 12,1 0,1 0,0 0,0 0,0 0,0 4,0 0,0 0,0 9,1
LEAF 12,1 0,1 0,0 0,0 0,0 0,0 0,1 0,0 0,0 11,0
LEAF 12,1 0,1 0,0 0,0 0,0 0,0 0,1 0,0 0,0 5,3
LEAF 12,1 0,1 0,0 0,0 0,0 0,0 3,1 0,0 0,0 10,0
LEAF 12,1 0,1 0,0 0,0 0,0 1,0 0,0 0,0 0,0 10,1
LEAF 12,1 0,1 0,0 0,0 0,0 1,0 0,0 0,0 0,0 4,4
LEAF 12,1 0,1 0,0 0,0 1,0 0,0 0,0 0,0 0,0 10,1
LEAF 12,1 0,1 0,0 0,0 1,0 0,0 0,0 0,0 0,0 4,4
LEAF 12,1 0,1 0,0 0,0 4,0 0,0 0,0 0,0 0,0 9,1
LEAF 12,1 0,1 0,0 0,0 0,1 0,0 0,0 0,0 0,0 11,0
LEAF 12,1 0,1 0,0 0,0 0,1 0,0 0,0 0,0 0,0 5,3
LEAF 12,1 0,1 0,0 0,0 3,1 0,0 0,0 0,0 0,0 10,0
LEAF 12,1 0,1 0,0 1,0 0,0 0,0 0,0 0,0 0,0 10,1
LEAF 12,1 0,1 0,0 1,0 0,0 0,0 0,0 0,0 0,0 4,4
LEAF 12,1 0,1 0,0 4,0 0,0 0,0 0,0 0,0 0,0 9,1
LEAF 12,1 0,1 0,0 0,1 0,0 0,0 0,0 0,0 0,0 11,0
LEAF 12,1 0,1 0,0 0,1 0,0 0,0 0,0 0,0 0,0 5,3
LEAF 12,1 0,1 0,0 3,1 0,0 0,0 0,0 0,0 0,0 10,0
LEAF 12,1 0,1 1,0 0,0 0,0 0,0 0,0 0,0 0,0 10,1
LEAF 12,1 0,1 1,0 0,0 0,0 0,0 0,0 0,0 0,0 4,4
LEAF 12,1 1,1 0,0 0,0 0,0 0,0 0,0 0,0 0,0 11,0
LEAF 12,1 1,1 0,0 0,0 0,0 0,0 0,0 0,0 0,0 5,3
LEAF 12,1 3,1 0,0 0,0 0,0 0,0 0,0 0,0 1,0 9,1
LEAF 12,1 3,1 0,0 0,0 0,0 0,0 0,0 1,0 0,0 9,1
LEAF 12,1 3,1 0,0 0,0 0,0 0,0 0,0 0,1 0,0 10,0
LEAF 12,1 3,1 0,0 0,0 0,0 0,0 1,0 0,0 0,0 9,1
LEAF 12,1 3,1 0,0 0,0 0,0 0,0 0,1 0,0 0,0 10,0
LEAF 12,1 3,1 0,0 0,0 0,0 1,0 0,0 0,0 0,0 9,1
LEAF 12,1 3,1 0,0 0,0 1,0 0,0 0,0 0,0 0,0 9,1
LEAF 12,1 3,1 0,0 0,0 0,1 0,0 0,0 0,0 0,0 10,0
LEAF 12,1 3,1 0,0 1,0 0,0 0,0 0,0 0,0 0,0 9,1
LEAF 12,1 3,1 0,0 0,1 0,0 0,0 0,0 0,0 0,0 10,0
LEAF 12,1 3,1 1,0 0,0 0,0 0,0 0,0 0,0 0,0 9,1
LEAF 12,1 5,1 0,0 0,0 0,0 0,0 0,0 0,0 0,0 8,1
LEAF 12,1 8,1 0,0 0,0 0,0 0,0 0,0 0,0 0,0 5,1
LEAF 12,1 8,1 0,0 0,0 0,0 0,0 0,0 5,1 0,0 0,0
LEAF 12,1 8,1 0,0 0,0 0,0 0,0 5,1 0,0 0,0 0,0
LEAF 12,1 8,1 0,0 0,0 5,1 0,0 0,0 0,0 0,0 0,0
LEAF 12,1 0,2 0,0 0,0 0,0 0,0 0,0 0,0 0,0 6,2
LEAF 12,1 2,2 0,0 0,0 0,0 0,0 0,0 0,0 1,0 10,0
LEAF 12,1 2,2 0,0 0,0 0,0 0,0 0,0 1,0 0,0 10,0
LEAF 12,1 2,2 0,0 0,0 0,0 0,0 1,0 0,0 0,0 10,0
LEAF 12,1 2,2 0,0 0,0 0,0 1,0 0,0 0,0 0,0 10,0
LEAF 12,1 2,2 0,0 0,0 1,0 0,0 0,0 0,0 0,0 10,0
LEAF 12,1 2,2 0,0 1,0 0,0 0,0 0,0 0,0 0,0 10,0
LEAF 12,1 2,2 1,0 0,0 0,0 0,0 0,0 0,0 0,0 10,0
LEAF 12,1 4,2 0,0 0,0 0,0 0,0 0,0 0,0 0,0 9,0
LEAF 12,1 6,2 0,0 0,0 0,0 0,0 0,0 0,0 0,0 0,2
LEAF 12,1 6,2 0,0 0,0 0,0 0,0 0,0 0,2 0,0 0,0
LEAF 12,1 6,2 0,0 0,0 0,0 0,0 0,2 0,0 0,0 0,0
LEAF 12,1 6,2 0,0 0,0 0,2 0,0 0,0 0,0 0,0 0,0
LEAF 12,1 6,2 0,0 0,2 0,0 0,0 0,0 0,0 0,0 0,0
LEAF 12,1 7,2 0,0 0,0 0,0 0,0 0,0 0,0 0,0 6,0
LEAF 12,1 7,2 0,0 0,0 0,0 0,0 0,0 6,0 0,0 0,0
LEAF 12,1 7,2 0,0 0,0 0,0 0,0 6,0 0,0 0,0 0,0
LEAF 12,1 7,2 0,0 0,0 6,0 0,0 0,0 0,0 0,0 0,0
LEAF 12,1 5,3 0,0 0,0 0,0 0,0 0,0 0,0 0,0 1,1
LEAF 12,1 5,3 0,0 0,0 0,0 0,0 0,0 0,1 0,0 0,1
LEAF 12,1 5,3 0,0 0,0 0,0 0,0 0,0 1,1 0,0 0,0
LEAF 12,1 5,3 0,0 0,0 0,0 0,0 0,1 0,0 0,0 0,1
LEAF 12,1 5,3 0,0 0,0 0,0 0,0 1,1 0,0 0,0 0,0
LEAF 12,1 5,3 0,0 0,0 0,1 0,0 0,0 0,0 0,0 0,1
LEAF 12,1 5,3 0,0 0,0 0,1 0,0 0,0 0,1 0,0 0,0
LEAF 12,1 5,3 0,0 0,0 0,1 0,0 0,1 0,0 0,0 0,0
LEAF 12,1 5,3 0,0 0,0 1,1 0,0 0,0 0,0 0,0 0,0
LEAF 12,1 5,3 0,0 0,1 0,0 0,0 0,0 0,0 0,0 0,1
LEAF 12,1 5,3 0,0 0,1 0,0 0,0 0,1 0,0 0,0 0,0
LEAF 12,1 5,3 0,0 1,1 0,0 0,0 0,0 0,0 0,0 0,0
LEAF 12,1 4,4 0,0 0,0 0,0 0,0 0,0 0,0 0,0 2,0
LEAF 12,1 4,4 0,0 0,0 0,0 0,0 0,0 0,0 1,0 0,1
LEAF 12,1 4,4 0,0 0,0 0,0 0,0 0,0 1,0 0,0 0,1
LEAF 12,1 4,4 0,0 0,0 0,0 0,0 0,0 2,0 0,0 0,0
LEAF 12,1 4,4 0,0 0,0 0,0 0,0 0,0 0,1 0,0 1,0
LEAF 12,1 4,4 0,0 0,0 0,0 0,0 0,0 0,1 1,0 0,0
LEAF 12,1 4,4 0,0 0,0 0,0 0,0 1,0 0,0 0,0 0,1
LEAF 12,1 4,4 0,0 0,0 0,0 0,0 2,0 0,0 0,0 0,0
LEAF 12,1 4,4 0,0 0,0 0,0 0,0 0,1 0,0 0,0 1,0
LEAF 12,1 4,4 0,0 0,0 0,0 1,0 0,0 0,0 0,0 0,1
LEAF 12,1 4,4 0,0 0,0 0,0 1,0 0,1 0,0 0,0 0,0
LEAF 12,1 4,4 0,0 0,0 1,0 0,0 0,0 0,0 0,0 0,1
LEAF 12,1 4,4 0,0 0,0 1,0 0,0 0,0 0,1 0,0 0,0
LEAF 12,1 4,4 0,0 0,0 1,0 0,0 0,1 0,0 0,0 0,0
LEAF 12,1 4,4 0,0 0,0 2,0 0,0 0,0 0,0 0,0 0,0
LEAF 12,1 4,4 0,0 0,0 0,1 0,0 0,0 0,0 0,0 1,0
LEAF 12,1 4,4 0,0 0,0 0,1 0,0 0,0 0,0 1,0 0,0
LEAF 12,1 4,4 0,0 0,0 0,1 0,0 0,0 1,0 0,0 0,0
LEAF 12,1 4,4 0,0 0,0 0,1 0,0 1,0 0,0 0,0 0,0
LEAF 12,1 4,4 0,0 0,0 0,1 1,0 0,0 0,0 0,0 0,0
LEAF 12,1 4,4 0,0 1,0 0,0 0,0 0,0 0,0 0,0 0,1
LEAF 12,1 4,4 0,0 1,0 0,0 0,0 0,1 0,0 0,0 0,0
LEAF 12,1 4,4 0,0 2,0 0,0 0,0 0,0 0,0 0,0 0,0
LEAF 12,1 4,4 0,0 0,1 0,0 0,0 0,0 0,0 0,0 1,0
LEAF 12,1 4,4 0,0 0,1 0,0 0,0 1,0 0,0 0,0 0,0
LEAF 12,1 4,4 1,0 0,0 0,0 0,0 0,0 0,0 0,0 0,1
LEAF 12,1 4,4 1,0 0,0 0,0 0,0 0,1 0,0 0,0 0,0
LEAF 12,1 4,4 1,0 0,1 0,0 0,0 0,0 0,0 0,0 0,0
LEAF 12,1 3,5 0,0 0,0 0,0 0,0 0,0 0,0 1,0 1,0
LEAF 12,1 3,5 0,0 0,0 0,0 0,0 0,0 1,0 0,0 1,0
LEAF 12,1 3,5 0,0 0,0 0,0 0,0 0,0 1,0 1,0 0,0
LEAF 12,1 3,5 0,0 0,0 0,0 0,0 1,0 0,0 0,0 1,0
LEAF 12,1 3,5 0,0 0,0 0,0 0,0 1,0 1,0 0,0 0,0
LEAF 12,1 3,5 0,0 0,0 0,0 1,0 0,0 0,0 0,0 1,0
LEAF 12,1 3,5 0,0 0,0 0,0 1,0 1,0 0,0 0,0 0,0
LEAF 12,1 3,5 0,0 0,0 1,0 0,0 0,0 0,0 0,0 1,0
LEAF 12,1 3,5 0,0 0,0 1,0 0,0 0,0 0,0 1,0 0,0
LEAF 12,1 3,5 0,0 0,0 1,0 0,0 0,0 1,0 0,0 0,0
LEAF 12,1 3,5 0,0 0,0 1,0 0,0 1,0 0,0 0,0 0,0
LEAF 12,1 3,5 0,0 0,0 1,0 1,0 0,0 0,0 0,0 0,0
LEAF 12,1 3,5 0,0 1,0 0,0 0,0 0,0 0,0 0,0 1,0
LEAF 12,1 3,5 0,0 1,0 0,0 0,0 0,0 1,0 0,0 0,0
LEAF 12,1 3,5 0,0 1,0 0,0 0,0 1,0 0,0 0,0 0,0
LEAF 12,1 3,5 0,0 1,0 1,0 0,0 0,0 0,0 0,0 0,0
LEAF 12,1 3,5 1,0 0,0 0,0 0,0 0,0 0,0 0,0 1,0
LEAF 12,1 3,5 1,0 0,0 0,0 0,0 1,0 0,0 0,0 0,0
LEAF 12,1 3,5 1,0 1,0 0,0 0,0 0,0 0,0 0,0 0,0
LEAF 12,1 2,6 0,0 0,0 0,0 0,0 0,0 0,0 0,0 0,1
LEAF 12,1 2,6 0,0 0,0 0,0 0,0 0,0 0,1 0,0 0,0
LEAF 12,1 2,6 0,0 0,0 0,0 0,0 0,1 0,0 0,0 0,0
LEAF 12,1 2,6 0,0 0,0 0,1 0,0 0,0 0,0 0,0 0,0
LEAF 12,1 2,6 0,0 0,1 0,0 0,0 0,0 0,0 0,0 0,0
LEAF 12,1 1,7 0,0 0,0 0,0 0,0 0,0 0,0 0,0 1,0
LEAF 12,1 1,7 0,0 0,0 0,0 0,0 0,0 0,0 1,0 0,0
LEAF 12,1 1,7 0,0 0,0 0,0 0,0 0,0 1,0 0,0 0,0
LEAF 12,1 1,7 0,0 0,0 0,0 0,0 1,0 0,0 0,0 0,0
LEAF 12,1 1,7 0,0 0,0 0,0 1,0 0,0 0,0 0,0 0,0
LEAF 12,1 1,7 0,0 0,0 1,0 0,0 0,0 0,0 0,0 0,0
LEAF 12,1 1,7 0,0 1,0 0,0 0,0 0,0 0,0 0,0 0,0
LEAF 12,1 1,7 1,0 0,0 0,0 0,0 0,0 0,0 0,0 0,0
LEAF 13,1 0,0 0,0 0,0 0,0 0,0 0,0 0,0 0,0 1,0
LEAF 13,1 0,0 0,0 0,0 0,0 0,0 0,0 0,0 0,0 4,3
LEAF 13,1 0,0 0,0 0,0 0,0 0,0 0,0 0,0 0,0 7,3
LEAF 13,1 0,0 0,0 0,0 0,0 0,0 0,0 0,0 1,0 0,0
LEAF 13,1 0,0 0,0 0,0 0,0 0,0 0,0 0,0 1,0 6,1
LEAF 13,1 0,0 0,0 0,0 0,0 0,0 0,0 0,0 1,0 3,6
LEAF 13,1 0,0 0,0 0,0 0,0 0,0 0,0 0,0 2,0 0,6
LEAF 13,1 0,0 0,0 0,0 0,0 0,0 0,0 0,0 3,0 4,2
LEAF 13,1 0,0 0,0 0,0 0,0 0,0 0,0 0,0 4,0 9,0
LEAF 13,1 0,0 0,0 0,0 0,0 0,0 0,0 0,0 4,0 1,4
LEAF 13,1 0,0 0,0 0,0 0,0 0,0 0,0 0,0 5,0 0,4
LEAF 13,1 0,0 0,0 0,0 0,0 0,0 0,0 0,0 6,0 1,2
LEAF 13,1 0,0 0,0 0,0 0,0 0,0 0,0 0,0 7,0 0,1
LEAF 13,1 0,0 0,0 0,0 0,0 0,0 0,0 0,0 0,1 7,0
LEAF 13,1 0,0 0,0 0,0 0,0 0,0 0,0 0,0 0,1 4,5
LEAF 13,1 0,0 0,0 0,0 0,0 0,0 0,0 0,0 1,1 1,5
LEAF 13,1 0,0 0,0 0,0 0,0 0,0 0,0 0,0 2,1 5,1
LEAF 13,1 0,0 0,0 0,0 0,0 0,0 0,0 0,0 3,1 2,3
LEAF 13,1 0,0 0,0 0,0 0,0 0,0 0,0 0,0 4,1 1,3
LEAF 13,1 0,0 0,0 0,0 0,0 0,0 0,0 0,0 5,1 2,1
LEAF 13,1 0,0 0,0 0,0 0,0 0,0 0,0 0,0 6,1 1,0
LEAF 13,1 0,0 0,0 0,0 0,0 0,0 0,0 0,0 0,2 2,4
LEAF 13,1 0,0 0,0 0,0 0,0 0,0 0,0 0,0 1,2 6,0
LEAF 13,1 0,0 0,0 0,0 0,0 0,0 0,0 0,0 2,2 3,2
LEAF 13,1 0,0 0,0 0,0 0,0 0,0 0,0 0,0 3,2 2,2
LEAF 13,1 0,0 0,0 0,0 0,0 0,0 0,0 0,0 4,2 3,0
LEAF 13,1 0,0 0,0 0,0 0,0 0,0 0,0 0,0 1,3 4,1
LEAF 13,1 0,0 0,0 0,0 0,0 0,0 0,0 0,0 2,3 3,1
LEAF 13,1 0,0 0,0 0,0 0,0 0,0 0,0 0,0 4,3 0,0
LEAF 13,1 0,0 0,0 0,0 0,0 0,0 0,0 0,0 0,4 5,0
LEAF 13,1 0,0 0,0 0,0 0,0 0,0 0,0 0,0 1,4 4,0
LEAF 13,1 0,0 0,0 0,0 0,0 0,0 0,0 0,0 2,4 0,2
LEAF 13,1 0,0 0,0 0,0 0,0 0,0 0,0 0,0 1,5 1,1
LEAF 13,1 0,0 0,0 0,0 0,0 0,0 0,0 0,0 0,6 2,0
LEAF 13,1 0,0 0,0 0,0 0,0 0,0 0,0 1,0 0,0 0,0
LEAF 13,1 0,0 0,0 0,0 0,0 0,0 0,0 1,0 0,0 6,1
LEAF 13,1 0,0 0,0 0,0 0,0 0,0 0,0 1,0 0,0 3,6
LEAF 13,1 0,0 0,0 0,0 0,0 0,0 0,0 1,0 2,0 2,4
LEAF 13,1 0,0 0,0 0,0 0,0 0,0 0,0 1,0 3,0 6,0
LEAF 13,1 0,0 0,0 0,0 0,0 0,0 0,0 1,0 3,0 6,3
LEAF 13,1 0,0 0,0 0,0 0,0 0,0 0,0 1,0 5,0 6,2
LEAF 13,1 0,0 0,0 0,0 0,0 0,0 0,0 1,0 6,0 3,0
LEAF 13,1 0,0 0,0 0,0 0,0 0,0 0,0 1,0 0,1 0,6
LEAF 13,1 0,0 0,0 0,0 0,0 0,0 0,0 1,0 1,1 3,3
LEAF 13,1 0,0 0,0 0,0 0,0 0,0 0,0 1,0 2,1 7,2
LEAF 13,1 0,0 0,0 0,0 0,0 0,0 0,0 1,0 4,1 7,1
LEAF 13,1 0,0 0,0 0,0 0,0 0,0 0,0 1,0 6,1 0,0
LEAF 13,1 0,0 0,0 0,0 0,0 0,0 0,0 1,0 0,2 4,2
LEAF 13,1 0,0 0,0 0,0 0,0 0,0 0,0 1,0 1,2 8,1
LEAF 13,1 0,0 0,0 0,0 0,0 0,0 0,0 1,0 1,2 0,5
LEAF 13,1 0,0 0,0 0,0 0,0 0,0 0,0 1,0 3,2 8,0
LEAF 13,1 0,0 0,0 0,0 0,0 0,0 0,0 1,0 4,2 0,2
LEAF 13,1 0,0 0,0 0,0 0,0 0,0 0,0 1,0 0,3 9,0
LEAF 13,1 0,0 0,0 0,0 0,0 0,0 0,0 1,0 0,3 1,4
LEAF 13,1 0,0 0,0 0,0 0,0 0,0 0,0 1,0 3,3 1,1
LEAF 13,1 0,0 0,0 0,0 0,0 0,0 0,0 1,0 1,4 0,3
LEAF 13,1 0,0 0,0 0,0 0,0 0,0 0,0 1,0 2,4 2,0
LEAF 13,1 0,0 0,0 0,0 0,0 0,0 0,0 1,0 0,5 1,2
LEAF 13,1 0,0 0,0 0,0 0,0 0,0 0,0 1,0 0,6 0,1
LEAF 13,1 0,0 0,0 0,0 0,0 0,0 0,0 2,0 0,0 0,6
LEAF 13,1 0,0 0,0 0,0 0,0 0,0 0,0 2,0 1,0 2,4
LEAF 13,1 0,0 0,0 0,0 0,0 0,0 0,0 3,0 0,0 4,2
LEAF 13,1 0,0 0,0 0,0 0,0 0,0 0,0 3,0 1,0 6,0
LEAF 13,1 0,0 0,0 0,0 0,0 0,0 0,0 3,0 1,0 6,3
LEAF 13,1 0,0 0,0 0,0 0,0 0,0 0,0 4,0 0,0 9,0
LEAF 13,1 0,0 0,0 0,0 0,0 0,0 0,0 4,0 0,0 1,4
LEAF 13,1 0,0 0,0 0,0 0,0 0,0 0,0 5,0 0,0 0,4
LEAF 13,1 0,0 0,0 0,0 0,0 0,0 0,0 5,0 1,0 6,2
LEAF 13,1 0,0 0,0 0,0 0,0 0,0 0,0 6,0 0,0 1,2
LEAF 13,1 0,0 0,0 0,0 0,0 0,0 0,0 6,0 1,0 3,0
LEAF 13,1 0,0 0,0 0,0 0,0 0,0 0,0 0,1 0,0 7,0
LEAF 13,1 0,0 0,0 0,0 0,0 0,0 0,0 0,1 0,0 4,5
LEAF 13,1 0,0 0,0 0,0 0,0 0,0 0,0 0,1 1,0 0,6
LEAF 13,1 0,0 0,0 0,0 0,0 0,0 0,0 1,1 0,0 1,5
LEAF 13,1 0,0 0,0 0,0 0,0 0,0 0,0 1,1 1,0 3,3
LEAF 13,1 0,0 0,0 0,0 0,0 0,0 0,0 2,1 0,0 5,1
LEAF 13,1 0,0 0,0 0,0 0,0 0,0 0,0 2,1 1,0 7,2
LEAF 13,1 0,0 0,0 0,0 0,0 0,0 0,0 3,1 0,0 2,3
LEAF 13,1 0,0 0,0 0,0 0,0 0,0 0,0 4,1 0,0 1,3
LEAF 13,1 0,0 0,0 0,0 0,0 0,0 0,0 4,1 1,0 7,1
LEAF 13,1 0,0 0,0 0,0 0,0 0,0 0,0 5,1 0,0 2,1
LEAF 13,1 0,0 0,0 0,0 0,0 0,0 0,0 0,2 0,0 2,4
LEAF 13,1 0,0 0,0 0,0 0,0 0,0 0,0 0,2 1,0 4,2
LEAF 13,1 0,0 0,0 0,0 0,0 0,0 0,0 1,2 0,0 6,0
LEAF 13,1 0,0 0,0 0,0 0,0 0,0 0,0 1,2 1,0 8,1
LEAF 13,1 0,0 0,0 0,0 0,0 0,0 0,0 1,2 1,0 0,5
LEAF 13,1 0,0 0,0 0,0 0,0 0,0 0,0 2,2 0,0 3,2
LEAF 13,1 0,0 0,0 0,0 0,0 0,0 0,0 3,2 0,0 2,2
LEAF 13,1 0,0 0,0 0,0 0,0 0,0 0,0 3,2 1,0 8,0
LEAF 13,1 0,0 0,0 0,0 0,0 0,0 0,0 4,2 0,0 3,0
LEAF 13,1 0,0 0,0 0,0 0,0 0,0 0,0 4,2 1,0 0,2
LEAF 13,1 0,0 0,0 0,0 0,0 0,0 0,0 0,3 1,0 9,0
LEAF 13,1 0,0 0,0 0,0 0,0 0,0 0,0 0,3 1,0 1,4
LEAF 13,1 0,0 0,0 0,0 0,0 0,0 0,0 1,3 0,0 4,1
LEAF 13,1 0,0 0,0 0,0 0,0 0,0 0,0 2,3 0,0 3,1
LEAF 13,1 0,0 0,0 0,0 0,0 0,0 0,0 3,3 1,0 1,1
LEAF 13,1 0,0 0,0 0,0 0,0 0,0 0,0 0,4 0,0 5,0
LEAF 13,1 0,0 0,0 0,0 0,0 0,0 0,0 1,4 0,0 4,0
LEAF 13,1 0,0 0,0 0,0 0,0 0,0 0,0 1,4 1,0 0,3
LEAF 13,1 0,0 0,0 0,0 0,0 0,0 0,0 2,4 0,0 0,2
LEAF 13,1 0,0 0,0 0,0 0,0 0,0 0,0 2,4 1,0 2,0
LEAF 13,1 0,0 0,0 0,0 0,0 0,0 0,0 0,5 1,0 1,2
LEAF 13,1 0,0 0,0 0,0 0,0 0,0 0,0 1,5 0,0 1,1
LEAF 13,1 0,0 0,0 0,0 0,0 0,0 0,0 0,6 0,0 2,0
LEAF 13,1 0,0 0,0 0,0 0,0 0,0 1,0 0,0 0,0 0,0
LEAF 13,1 0,0 0,0 0,0 0,0 0,0 1,0 0,0 0,0 6,1
LEAF 13,1 0,0 0,0 0,0 0,0 0,0 1,0 0,0 0,0 3,6
LEAF 13,1 0,0 0,0 0,0 0,0 0,0 1,0 0,0 2,0 2,4
LEAF 13,1 0,0 0,0 0,0 0,0 0,0 1,0 0,0 3,0 6,0
LEAF 13,1 0,0 0,0 0,0 0,0 0,0 1,0 0,0 3,0 6,3
LEAF 13,1 0,0 0,0 0,0 0,0 0,0 1,0 0,0 5,0 6,2
LEAF 13,1 0,0 0,0 0,0 0,0 0,0 1,0 0,0 6,0 3,0
LEAF 13,1 0,0 0,0 0,0 0,0 0,0 1,0 0,0 0,1 0,6
LEAF 13,1 0,0 0,0 0,0 0,0 0,0 1,0 0,0 1,1 3,3
LEAF 13,1 0,0 0,0 0,0 0,0 0,0 1,0 0,0 2,1 7,2
LEAF 13,1 0,0 0,0 0,0 0,0 0,0 1,0 0,0 4,1 7,1
LEAF 13,1 0,0 0,0 0,0 0,0 0,0 1,0 0,0 6,1 0,0
LEAF 13,1 0,0 0,0 0,0 0,0 0,0 1,0 0,0 0,2 4,2
LEAF 13,1 0,0 0,0 0,0 0,0 0,0 1,0 0,0 1,2 8,1
LEAF 13,1 0,0 0,0 0,0 0,0 0,0 1,0 0,0 1,2 0,5
LEAF 13,1 0,0 0,0 0,0 0,0 0,0 1,0 0,0 3,2 8,0
LEAF 13,1 0,0 0,0 0,0 0,0 0,0 1,0 0,0 4,2 0,2
LEAF 13,1 0,0 0,0 0,0 0,0 0,0 1,0 0,0 0,3 9,0
LEAF 13,1 0,0 0,0 0,0 0,0 0,0 1,0 0,0 0,3 1,4
LEAF 13,1 0,0 0,0 0,0 0,0 0,0 1,0 0,0 3,3 1,1
LEAF 13,1 0,0 0,0 0,0 0,0 0,0 1,0 0,0 1,4 0,3
LEAF 13,1 0,0 0,0 0,0 0,0 0,0 1,0 0,0 2,4 2,0
LEAF 13,1 0,0 0,0 0,0 0,0 0,0 1,0 0,0 0,5 1,2
LEAF 13,1 0,0 0,0 0,0 0,0 0,0 1,0 0,0 0,6 0,1
LEAF 13,1 0,0 0,0 0,0 0,0 0,0 1,0 1,0 1,0 1,5
LEAF 13,1 0,0 0,0 0,0 0,0 0,0 1,0 1,0 3,0 8,1
LEAF 13,1 0,0 0,0 0,0 0,0 0,0 1,0 1,0 5,0 8,0
LEAF 13,1 0,0 0,0 0,0 0,0 0,0 1,0 1,0 0,1 2,4
LEAF 13,1 0,0 0,0 0,0 0,0 0,0 1,0 1,0 2,1 9,0
LEAF 13,1 0,0 0,0 0,0 0,0 0,0 1,0 1,0 2,4 0,1
LEAF 13,1 0,0 0,0 0,0 0,0 0,0 1,0 1,0 1,5 1,0
LEAF 13,1 0,0 0,0 0,0 0,0 0,0 1,0 2,0 0,0 2,4
LEAF 13,1 0,0 0,0 0,0 0,0 0,0 1,0 2,0 2,0 7,2
LEAF 13,1 0,0 0,0 0,0 0,0 0,0 1,0 3,0 0,0 6,0
LEAF 13,1 0,0 0,0 0,0 0,0 0,0 1,0 3,0 0,0 6,3
LEAF 13,1 0,0 0,0 0,0 0,0 0,0 1,0 3,0 1,0 8,1
LEAF 13,1 0,0 0,0 0,0 0,0 0,0 1,0 5,0 0,0 6,2
LEAF 13,1 0,0 0,0 0,0 0,0 0,0 1,0 5,0 1,0 8,0
LEAF 13,1 0,0 0,0 0,0 0,0 0,0 1,0 6,0 0,0 3,0
LEAF 13,1 0,0 0,0 0,0 0,0 0,0 1,0 0,1 0,0 0,6
LEAF 13,1 0,0 0,0 0,0 0,0 0,0 1,0 0,1 1,0 2,4
LEAF 13,1 0,0 0,0 0,0 0,0 0,0 1,0 1,1 0,0 3,3
LEAF 13,1 0,0 0,0 0,0 0,0 0,0 1,0 2,1 0,0 7,2
LEAF 13,1 0,0 0,0 0,0 0,0 0,0 1,0 2,1 1,0 9,0
LEAF 13,1 0,0 0,0 0,0 0,0 0,0 1,0 4,1 0,0 7,1
LEAF 13,1 0,0 0,0 0,0 0,0 0,0 1,0 0,2 0,0 4,2
LEAF 13,1 0,0 0,0 0,0 0,0 0,0 1,0 1,2 0,0 8,1
LEAF 13,1 0,0 0,0 0,0 0,0 0,0 1,0 1,2 0,0 0,5
LEAF 13,1 0,0 0,0 0,0 0,0 0,0 1,0 3,2 0,0 8,0
LEAF 13,1 0,0 0,0 0,0 0,0 0,0 1,0 4,2 0,0 0,2
LEAF 13,1 0,0 0,0 0,0 0,0 0,0 1,0 0,3 0,0 9,0
LEAF 13,1 0,0 0,0 0,0 0,0 0,0 1,0 0,3 0,0 1,4
LEAF 13,1 0,0 0,0 0,0 0,0 0,0 1,0 3,3 0,0 1,1
LEAF 13,1 0,0 0,0 0,0 0,0 0,0 1,0 1,4 0,0 0,3
LEAF 13,1 0,0 0,0 0,0 0,0 0,0 1,0 2,4 0,0 2,0
LEAF 13,1 0,0 0,0 0,0 0,0 0,0 1,0 2,4 1,0 0,1
LEAF 13,1 0,0 0,0 0,0 0,0 0,0 1,0 0,5 0,0 1,2
LEAF 13,1 0,0 0,0 0,0 0,0 0,0 2,0 0,0 0,0 0,6
LEAF 13,1 0,0 0,0 0,0 0,0 0,0 2,0 0,0 1,0 2,4
LEAF 13,1 0,0 0,0 0,0 0,0 0,0 2,0 0,0 3,0 9,0
LEAF 13,1 0,0 0,0 0,0 0,0 0,0 2,0 0,0 0,1 3,3
LEAF 13,1 0,0 0,0 0,0 0,0 0,0 2,0 0,0 3,3 0,1
LEAF 13,1 0,0 0,0 0,0 0,0 0,0 2,0 0,0 2,4 1,0
LEAF 13,1 0,0 0,0 0,0 0,0 0,0 2,0 0,0 0,6 0,0
LEAF 13,1 0,0 0,0 0,0 0,0 0,0 2,0 1,0 0,0 2,4
LEAF 13,1 0,0 0,0 0,0 0,0 0,0 2,0 1,0 2,0 7,2
LEAF 13,1 0,0 0,0 0,0 0,0 0,0 2,0 1,0 1,1 8,1
LEAF 13,1 0,0 0,0 0,0 0,0 0,0 2,0 1,0 0,2 9,0
LEAF 13,1 0,0 0,0 0,0 0,0 0,0 2,0 1,0 2,4 0,0
LEAF 13,1 0,0 0,0 0,0 0,0 0,0 2,0 2,0 1,0 7,2
LEAF 13,1 0,0 0,0 0,0 0,0 0,0 2,0 3,0 0,0 9,0
LEAF 13,1 0,0 0,0 0,0 0,0 0,0 2,0 0,1 0,0 3,3
LEAF 13,1 0,0 0,0 0,0 0,0 0,0 2,0 1,1 1,0 8,1
LEAF 13,1 0,0 0,0 0,0 0,0 0,0 2,0 0,2 1,0 9,0
LEAF 13,1 0,0 0,0 0,0 0,0 0,0 2,0 3,3 0,0 0,1
LEAF 13,1 0,0 0,0 0,0 0,0 0,0 3,0 0,0 0,0 4,2
LEAF 13,1 0,0 0,0 0,0 0,0 0,0 3,0 0,0 1,0 6,0
LEAF 13,1 0,0 0,0 0,0 0,0 0,0 3,0 0,0 1,0 6,3
LEAF 13,1 0,0 0,0 0,0 0,0 0,0 3,0 0,0 2,0 9,0
LEAF 13,1 0,0 0,0 0,0 0,0 0,0 3,0 0,0 6,0 1,0
LEAF 13,1 0,0 0,0 0,0 0,0 0,0 3,0 0,0 0,1 7,2
LEAF 13,1 0,0 0,0 0,0 0,0 0,0 3,0 0,0 4,2 0,0
LEAF 13,1 0,0 0,0 0,0 0,0 0,0 3,0 1,0 0,0 6,0
LEAF 13,1 0,0 0,0 0,0 0,0 0,0 3,0 1,0 0,0 6,3
LEAF 13,1 0,0 0,0 0,0 0,0 0,0 3,0 1,0 1,0 8,1
LEAF 13,1 0,0 0,0 0,0 0,0 0,0 3,0 1,0 6,0 0,0
LEAF 13,1 0,0 0,0 0,0 0,0 0,0 3,0 1,0 0,1 9,0
LEAF 13,1 0,0 0,0 0,0 0,0 0,0 3,0 2,0 0,0 9,0
LEAF 13,1 0,0 0,0 0,0 0,0 0,0 3,0 6,0 0,0 1,0
LEAF 13,1 0,0 0,0 0,0 0,0 0,0 3,0 6,0 1,0 0,0
LEAF 13,1 0,0 0,0 0,0 0,0 0,0 3,0 0,1 0,0 7,2
LEAF 13,1 0,0 0,0 0,0 0,0 0,0 3,0 0,1 1,0 9,0
LEAF 13,1 0,0 0,0 0,0 0,0 0,0 4,0 0,0 0,0 9,0
LEAF 13,1 0,0 0,0 0,0 0,0 0,0 4,0 0,0 0,0 1,4
LEAF 13,1 0,0 0,0 0,0 0,0 0,0 4,0 0,0 1,4 0,0
LEAF 13,1 0,0 0,0 0,0 0,0 0,0 4,0 1,4 0,0 0,0
LEAF 13,1 0,0 0,0 0,0 0,0 0,0 5,0 0,0 0,0 0,4
LEAF 13,1 0,0 0,0 0,0 0,0 0,0 5,0 0,0 1,0 6,2
LEAF 13,1 0,0 0,0 0,0 0,0 0,0 5,0 0,0 0,1 7,1
LEAF 13,1 0,0 0,0 0,0 0,0 0,0 5,0 0,0 0,4 0,0
LEAF 13,1 0,0 0,0 0,0 0,0 0,0 5,0 1,0 0,0 6,2
LEAF 13,1 0,0 0,0 0,0 0,0 0,0 5,0 1,0 1,0 8,0
LEAF 13,1 0,0 0,0 0,0 0,0 0,0 5,0 0,1 0,0 7,1
LEAF 13,1 0,0 0,0 0,0 0,0 0,0 5,0 0,4 0,0 0,0
LEAF 13,1 0,0 0,0 0,0 0,0 0,0 6,0 0,0 0,0 1,2
LEAF 13,1 0,0 0,0 0,0 0,0 0,0 6,0 0,0 1,0 3,0
LEAF 13,1 0,0 0,0 0,0 0,0 0,0 6,0 0,0 3,0 1,0
LEAF 13,1 0,0 0,0 0,0 0,0 0,0 6,0 0,0 1,2 0,0
LEAF 13,1 0,0 0,0 0,0 0,0 0,0 6,0 1,0 0,0 3,0
LEAF 13,1 0,0 0,0 0,0 0,0 0,0 6,0 1,0 3,0 0,0
LEAF 13,1 0,0 0,0 0,0 0,0 0,0 6,0 3,0 0,0 1,0
LEAF 13,1 0,0 0,0 0,0 0,0 0,0 6,0 3,0 1,0 0,0
LEAF 13,1 0,0 0,0 0,0 0,0 0,0 0,1 0,0 0,0 7,0
LEAF 13,1 0,0 0,0 0,0 0,0 0,0 0,1 0,0 0,0 4,5
LEAF 13,1 0,0 0,0 0,0 0,0 0,0 0,1 0,0 1,0 0,6
LEAF 13,1 0,0 0,0 0,0 0,0 0,0 0,1 0,0 2,0 3,3
LEAF 13,1 0,0 0,0 0,0 0,0 0,0 0,1 0,0 3,0 7,2
LEAF 13,1 0,0 0,0 0,0 0,0 0,0 0,1 0,0 5,0 7,1
LEAF 13,1 0,0 0,0 0,0 0,0 0,0 0,1 0,0 7,0 0,0
LEAF 13,1 0,0 0,0 0,0 0,0 0,0 0,1 0,0 0,1 1,5
LEAF 13,1 0,0 0,0 0,0 0,0 0,0 0,1 0,0 1,1 4,2
LEAF 13,1 0,0 0,0 0,0 0,0 0,0 0,1 0,0 2,1 8,1
LEAF 13,1 0,0 0,0 0,0 0,0 0,0 0,1 0,0 2,1 0,5
LEAF 13,1 0,0 0,0 0,0 0,0 0,0 0,1 0,0 4,1 8,0
LEAF 13,1 0,0 0,0 0,0 0,0 0,0 0,1 0,0 5,1 0,2
LEAF 13,1 0,0 0,0 0,0 0,0 0,0 0,1 0,0 0,2 5,1
LEAF 13,1 0,0 0,0 0,0 0,0 0,0 0,1 0,0 1,2 9,0
LEAF 13,1 0,0 0,0 0,0 0,0 0,0 0,1 0,0 1,2 1,4
LEAF 13,1 0,0 0,0 0,0 0,0 0,0 0,1 0,0 4,2 1,1
LEAF 13,1 0,0 0,0 0,0 0,0 0,0 0,1 0,0 0,3 2,3
LEAF 13,1 0,0 0,0 0,0 0,0 0,0 0,1 0,0 2,3 0,3
LEAF 13,1 0,0 0,0 0,0 0,0 0,0 0,1 0,0 3,3 2,0
LEAF 13,1 0,0 0,0 0,0 0,0 0,0 0,1 0,0 1,4 1,2
LEAF 13,1 0,0 0,0 0,0 0,0 0,0 0,1 0,0 0,5 2,1
LEAF 13,1 0,0 0,0 0,0 0,0 0,0 0,1 0,0 1,5 0,1
LEAF 13,1 0,0 0,0 0,0 0,0 0,0 0,1 0,0 0,6 1,0
LEAF 13,1 0,0 0,0 0,0 0,0 0,0 0,1 1,0 0,0 0,6
LEAF 13,1 0,0 0,0 0,0 0,0 0,0 0,1 1,0 1,0 2,4
LEAF 13,1 0,0 0,0 0,0 0,0 0,0 0,1 1,0 3,0 9,0
LEAF 13,1 0,0 0,0 0,0 0,0 0,0 0,1 1,0 0,1 3,3
LEAF 13,1 0,0 0,0 0,0 0,0 0,0 0,1 1,0 3,3 0,1
LEAF 13,1 0,0 0,0 0,0 0,0 0,0 0,1 1,0 2,4 1,0
LEAF 13,1 0,0 0,0 0,0 0,0 0,0 0,1 1,0 0,6 0,0
LEAF 13,1 0,0 0,0 0,0 0,0 0,0 0,1 2,0 0,0 3,3
LEAF 13,1 0,0 0,0 0,0 0,0 0,0 0,1 2,0 2,0 8,1
LEAF 13,1 0,0 0,0 0,0 0,0 0,0 0,1 3,0 0,0 7,2
LEAF 13,1 0,0 0,0 0,0 0,0 0,0 0,1 3,0 1,0 9,0
LEAF 13,1 0,0 0,0 0,0 0,0 0,0 0,1 5,0 0,0 7,1
LEAF 13,1 0,0 0,0 0,0 0,0 0,0 0,1 0,1 0,0 1,5
LEAF 13,1 0,0 0,0 0,0 0,0 0,0 0,1 0,1 1,0 3,3
LEAF 13,1 0,0 0,0 0,0 0,0 0,0 0,1 1,1 0,0 4,2
LEAF 13,1 0,0 0,0 0,0 0,0 0,0 0,1 2,1 0,0 8,1
LEAF 13,1 0,0 0,0 0,0 0,0 0,0 0,1 2,1 0,0 0,5
LEAF 13,1 0,0 0,0 0,0 0,0 0,0 0,1 4,1 0,0 8,0
LEAF 13,1 0,0 0,0 0,0 0,0 0,0 0,1 5,1 0,0 0,2
LEAF 13,1 0,0 0,0 0,0 0,0 0,0 0,1 0,2 0,0 5,1
LEAF 13,1 0,0 0,0 0,0 0,0 0,0 0,1 1,2 0,0 9,0
LEAF 13,1 0,0 0,0 0,0 0,0 0,0 0,1 1,2 0,0 1,4
LEAF 13,1 0,0 0,0 0,0 0,0 0,0 0,1 4,2 0,0 1,1
LEAF 13,1 0,0 0,0 0,0 0,0 0,0 0,1 0,3 0,0 2,3
LEAF 13,1 0,0 0,0 0,0 0,0 0,0 0,1 2,3 0,0 0,3
LEAF 13,1 0,0 0,0 0,0 0,0 0,0 0,1 3,3 0,0 2,0
LEAF 13,1 0,0 0,0 0,0 0,0 0,0 0,1 3,3 1,0 0,1
LEAF 13,1 0,0 0,0 0,0 0,0 0,0 0,1 1,4 0,0 1,2
LEAF 13,1 0,0 0,0 0,0 0,0 0,0 0,1 2,4 1,0 1,0
LEAF 13,1 0,0 0,0 0,0 0,0 0,0 0,1 0,5 0,0 2,1
LEAF 13,1 0,0 0,0 0,0 0,0 0,0 0,1 1,5 0,0 0,1
LEAF 13,1 0,0 0,0 0,0 0,0 0,0 1,1 0,0 0,0 1,5
LEAF 13,1 0,0 0,0 0,0 0,0 0,0 1,1 0,0 1,0 3,3
LEAF 13,1 0,0 0,0 0,0 0,0 0,0 1,1 0,0 0,1 4,2
LEAF 13,1 0,0 0,0 0,0 0,0 0,0 1,1 0,0 4,2 0,1
LEAF 13,1 0,0 0,0 0,0 0,0 0,0 1,1 0,0 3,3 1,0
LEAF 13,1 0,0 0,0 0,0 0,0 0,0 1,1 0,0 1,5 0,0
LEAF 13,1 0,0 0,0 0,0 0,0 0,0 1,1 1,0 0,0 3,3
LEAF 13,1 0,0 0,0 0,0 0,0 0,0 1,1 1,0 2,0 8,1
LEAF 13,1 0,0 0,0 0,0 0,0 0,0 1,1 1,0 1,1 9,0
LEAF 13,1 0,0 0,0 0,0 0,0 0,0 1,1 1,0 3,3 0,0
LEAF 13,1 0,0 0,0 0,0 0,0 0,0 1,1 2,0 1,0 8,1
LEAF 13,1 0,0 0,0 0,0 0,0 0,0 1,1 0,1 0,0 4,2
LEAF 13,1 0,0 0,0 0,0 0,0 0,0 1,1 1,1 1,0 9,0
LEAF 13,1 0,0 0,0 0,0 0,0 0,0 1,1 4,2 0,0 0,1
LEAF 13,1 0,0 0,0 0,0 0,0 0,0 1,1 3,3 0,0 1,0
LEAF 13,1 0,0 0,0 0,0 0,0 0,0 2,1 0,0 0,0 5,1
LEAF 13,1 0,0 0,0 0,0 0,0 0,0 2,1 0,0 1,0 7,2
LEAF 13,1 0,0 0,0 0,0 0,0 0,0 2,1 0,0 0,1 8,1
LEAF 13,1 0,0 0,0 0,0 0,0 0,0 2,1 0,0 0,1 0,5
LEAF 13,1 0,0 0,0 0,0 0,0 0,0 2,1 0,0 5,1 0,0
LEAF 13,1 0,0 0,0 0,0 0,0 0,0 2,1 0,0 0,5 0,1
LEAF 13,1 0,0 0,0 0,0 0,0 0,0 2,1 1,0 0,0 7,2
LEAF 13,1 0,0 0,0 0,0 0,0 0,0 2,1 1,0 1,0 9,0
LEAF 13,1 0,0 0,0 0,0 0,0 0,0 2,1 0,1 0,0 8,1
LEAF 13,1 0,0 0,0 0,0 0,0 0,0 2,1 0,1 0,0 0,5
LEAF 13,1 0,0 0,0 0,0 0,0 0,0 2,1 0,5 0,0 0,1
LEAF 13,1 0,0 0,0 0,0 0,0 0,0 3,1 0,0 0,0 2,3
LEAF 13,1 0,0 0,0 0,0 0,0 0,0 3,1 0,0 2,3 0,0
LEAF 13,1 0,0 0,0 0,0 0,0 0,0 3,1 2,3 0,0 0,0
LEAF 13,1 0,0 0,0 0,0 0,0 0,0 4,1 0,0 0,0 1,3
LEAF 13,1 0,0 0,0 0,0 0,0 0,0 4,1 0,0 1,0 7,1
LEAF 13,1 0,0 0,0 0,0 0,0 0,0 4,1 0,0 0,1 8,0
LEAF 13,1 0,0 0,0 0,0 0,0 0,0 4,1 0,0 1,3 0,0
LEAF 13,1 0,0 0,0 0,0 0,0 0,0 4,1 1,0 0,0 7,1
LEAF 13,1 0,0 0,0 0,0 0,0 0,0 4,1 0,1 0,0 8,0
LEAF 13,1 0,0 0,0 0,0 0,0 0,0 4,1 1,3 0,0 0,0
LEAF 13,1 0,0 0,0 0,0 0,0 0,0 5,1 0,0 0,0 2,1
LEAF 13,1 0,0 0,0 0,0 0,0 0,0 5,1 0,0 0,1 0,2
LEAF 13,1 0,0 0,0 0,0 0,0 0,0 5,1 0,0 2,1 0,0
LEAF 13,1 0,0 0,0 0,0 0,0 0,0 5,1 0,0 0,2 0,1
LEAF 13,1 0,0 0,0 0,0 0,0 0,0 5,1 0,1 0,0 0,2
LEAF 13,1 0,0 0,0 0,0 0,0 0,0 5,1 0,2 0,0 0,1
LEAF 13,1 0,0 0,0 0,0 0,0 0,0 0,2 0,0 0,0 2,4
LEAF 13,1 0,0 0,0 0,0 0,0 0,0 0,2 0,0 1,0 4,2
LEAF 13,1 0,0 0,0 0,0 0,0 0,0 0,2 0,0 0,1 5,1
LEAF 13,1 0,0 0,0 0,0 0,0 0,0 0,2 0,0 5,1 0,1
LEAF 13,1 0,0 0,0 0,0 0,0 0,0 0,2 0,0 4,2 1,0
LEAF 13,1 0,0 0,0 0,0 0,0 0,0 0,2 0,0 2,4 0,0
LEAF 13,1 0,0 0,0 0,0 0,0 0,0 0,2 1,0 0,0 4,2
LEAF 13,1 0,0 0,0 0,0 0,0 0,0 0,2 1,0 2,0 9,0
LEAF 13,1 0,0 0,0 0,0 0,0 0,0 0,2 1,0 4,2 0,0
LEAF 13,1 0,0 0,0 0,0 0,0 0,0 0,2 2,0 1,0 9,0
LEAF 13,1 0,0 0,0 0,0 0,0 0,0 0,2 0,1 0,0 5,1
LEAF 13,1 0,0 0,0 0,0 0,0 0,0 0,2 5,1 0,0 0,1
LEAF 13,1 0,0 0,0 0,0 0,0 0,0 0,2 4,2 0,0 1,0
LEAF 13,1 0,0 0,0 0,0 0,0 0,0 0,2 4,2 1,0 0,0
LEAF 13,1 0,0 0,0 0,0 0,0 0,0 1,2 0,0 0,0 6,0
LEAF 13,1 0,0 0,0 0,0 0,0 0,0 1,2 0,0 1,0 8,1
LEAF 13,1 0,0 0,0 0,0 0,0 0,0 1,2 0,0 1,0 0,5
LEAF 13,1 0,0 0,0 0,0 0,0 0,0 1,2 0,0 6,0 0,0
LEAF 13,1 0,0 0,0 0,0 0,0 0,0 1,2 0,0 0,1 9,0
LEAF 13,1 0,0 0,0 0,0 0,0 0,0 1,2 0,0 0,1 1,4
LEAF 13,1 0,0 0,0 0,0 0,0 0,0 1,2 0,0 1,4 0,1
LEAF 13,1 0,0 0,0 0,0 0,0 0,0 1,2 0,0 0,5 1,0
LEAF 13,1 0,0 0,0 0,0 0,0 0,0 1,2 1,0 0,0 8,1
LEAF 13,1 0,0 0,0 0,0 0,0 0,0 1,2 1,0 0,0 0,5
LEAF 13,1 0,0 0,0 0,0 0,0 0,0 1,2 1,0 0,5 0,0
LEAF 13,1 0,0 0,0 0,0 0,0 0,0 1,2 6,0 0,0 0,0
LEAF 13,1 0,0 0,0 0,0 0,0 0,0 1,2 0,1 0,0 9,0
LEAF 13,1 0,0 0,0 0,0 0,0 0,0 1,2 0,1 0,0 1,4
LEAF 13,1 0,0 0,0 0,0 0,0 0,0 1,2 1,4 0,0 0,1
LEAF 13,1 0,0 0,0 0,0 0,0 0,0 1,2 0,5 0,0 1,0
LEAF 13,1 0,0 0,0 0,0 0,0 0,0 1,2 0,5 1,0 0,0
LEAF 13,1 0,0 0,0 0,0 0,0 0,0 2,2 0,0 0,0 3,2
LEAF 13,1 0,0 0,0 0,0 0,0 0,0 2,2 0,0 3,2 0,0
LEAF 13,1 0,0 0,0 0,0 0,0 0,0 2,2 3,2 0,0 0,0
LEAF 13,1 0,0 0,0 0,0 0,0 0,0 3,2 0,0 0,0 2,2
LEAF 13,1 0,0 0,0 0,0 0,0 0,0 3,2 0,0 1,0 8,0
LEAF 13,1 0,0 0,0 0,0 0,0 0,0 3,2 0,0 2,2 0,0
LEAF 13,1 0,0 0,0 0,0 0,0 0,0 3,2 1,0 0,0 8,0
LEAF 13,1 0,0 0,0 0,0 0,0 0,0 3,2 2,2 0,0 0,0
LEAF 13,1 0,0 0,0 0,0 0,0 0,0 4,2 0,0 0,0 3,0
LEAF 13,1 0,0 0,0 0,0 0,0 0,0 4,2 0,0 1,0 0,2
LEAF 13,1 0,0 0,0 0,0 0,0 0,0 4,2 0,0 3,0 0,0
LEAF 13,1 0,0 0,0 0,0 0,0 0,0 4,2 0,0 0,1 1,1
LEAF 13,1 0,0 0,0 0,0 0,0 0,0 4,2 0,0 1,1 0,1
LEAF 13,1 0,0 0,0 0,0 0,0 0,0 4,2 0,0 0,2 1,0
LEAF 13,1 0,0 0,0 0,0 0,0 0,0 4,2 1,0 0,0 0,2
LEAF 13,1 0,0 0,0 0,0 0,0 0,0 4,2 1,0 0,2 0,0
LEAF 13,1 0,0 0,0 0,0 0,0 0,0 4,2 0,1 0,0 1,1
LEAF 13,1 0,0 0,0 0,0 0,0 0,0 4,2 1,1 0,0 0,1
LEAF 13,1 0,0 0,0 0,0 0,0 0,0 4,2 0,2 0,0 1,0
LEAF 13,1 0,0 0,0 0,0 0,0 0,0 4,2 0,2 1,0 0,0
LEAF 13,1 0,0 0,0 0,0 0,0 0,0 0,3 0,0 1,0 9,0
LEAF 13,1 0,0 0,0 0,0 0,0 0,0 0,3 0,0 1,0 1,4
LEAF 13,1 0,0 0,0 0,0 0,0 0,0 0,3 0,0 0,1 2,3
LEAF 13,1 0,0 0,0 0,0 0,0 0,0 0,3 0,0 2,3 0,1
LEAF 13,1 0,0 0,0 0,0 0,0 0,0 0,3 0,0 1,4 1,0
LEAF 13,1 0,0 0,0 0,0 0,0 0,0 0,3 1,0 0,0 9,0
LEAF 13,1 0,0 0,0 0,0 0,0 0,0 0,3 1,0 0,0 1,4
LEAF 13,1 0,0 0,0 0,0 0,0 0,0 0,3 1,0 1,4 0,0
LEAF 13,1 0,0 0,0 0,0 0,0 0,0 0,3 0,1 0,0 2,3
LEAF 13,1 0,0 0,0 0,0 0,0 0,0 0,3 2,3 0,0 0,1
LEAF 13,1 0,0 0,0 0,0 0,0 0,0 0,3 1,4 0,0 1,0
LEAF 13,1 0,0 0,0 0,0 0,0 0,0 0,3 1,4 1,0 0,0
LEAF 13,1 0,0 0,0 0,0 0,0 0,0 1,3 0,0 0,0 4,1
LEAF 13,1 0,0 0,0 0,0 0,0 0,0 1,3 0,0 4,1 0,0
LEAF 13,1 0,0 0,0 0,0 0,0 0,0 1,3 4,1 0,0 0,0
LEAF 13,1 0,0 0,0 0,0 0,0 0,0 2,3 0,0 0,0 3,1
LEAF 13,1 0,0 0,0 0,0 0,0 0,0 2,3 0,0 0,1 0,3
LEAF 13,1 0,0 0,0 0,0 0,0 0,0 2,3 0,0 3,1 0,0
LEAF 13,1 0,0 0,0 0,0 0,0 0,0 2,3 0,0 0,3 0,1
LEAF 13,1 0,0 0,0 0,0 0,0 0,0 2,3 0,1 0,0 0,3
LEAF 13,1 0,0 0,0 0,0 0,0 0,0 2,3 3,1 0,0 0,0
LEAF 13,1 0,0 0,0 0,0 0,0 0,0 2,3 0,3 0,0 0,1
LEAF 13,1 0,0 0,0 0,0 0,0 0,0 3,3 0,0 1,0 1,1
LEAF 13,1 0,0 0,0 0,0 0,0 0,0 3,3 0,0 2,0 0,1
LEAF 13,1 0,0 0,0 0,0 0,0 0,0 3,3 0,0 0,1 2,0
LEAF 13,1 0,0 0,0 0,0 0,0 0,0 3,3 0,0 1,1 1,0
LEAF 13,1 0,0 0,0 0,0 0,0 0,0 3,3 1,0 0,0 1,1
LEAF 13,1 0,0 0,0 0,0 0,0 0,0 3,3 1,0 0,1 0,1
LEAF 13,1 0,0 0,0 0,0 0,0 0,0 3,3 1,0 1,1 0,0
LEAF 13,1 0,0 0,0 0,0 0,0 0,0 3,3 0,1 0,0 2,0
LEAF 13,1 0,0 0,0 0,0 0,0 0,0 3,3 0,1 1,0 0,1
LEAF 13,1 0,0 0,0 0,0 0,0 0,0 0,4 0,0 0,0 5,0
LEAF 13,1 0,0 0,0 0,0 0,0 0,0 0,4 0,0 5,0 0,0
LEAF 13,1 0,0 0,0 0,0 0,0 0,0 0,4 5,0 0,0 0,0
LEAF 13,1 0,0 0,0 0,0 0,0 0,0 1,4 0,0 0,0 4,0
LEAF 13,1 0,0 0,0 0,0 0,0 0,0 1,4 0,0 1,0 0,3
LEAF 13,1 0,0 0,0 0,0 0,0 0,0 1,4 0,0 4,0 0,0
LEAF 13,1 0,0 0,0 0,0 0,0 0,0 1,4 0,0 0,1 1,2
LEAF 13,1 0,0 0,0 0,0 0,0 0,0 1,4 0,0 1,2 0,1
LEAF 13,1 0,0 0,0 0,0 0,0 0,0 1,4 0,0 0,3 1,0
LEAF 13,1 0,0 0,0 0,0 0,0 0,0 1,4 1,0 0,0 0,3
LEAF 13,1 0,0 0,0 0,0 0,0 0,0 1,4 1,0 0,3 0,0
LEAF 13,1 0,0 0,0 0,0 0,0 0,0 1,4 4,0 0,0 0,0
LEAF 13,1 0,0 0,0 0,0 0,0 0,0 1,4 0,1 0,0 1,2
LEAF 13,1 0,0 0,0 0,0 0,0 0,0 1,4 1,2 0,0 0,1
LEAF 13,1 0,0 0,0 0,0 0,0 0,0 1,4 0,3 0,0 1,0
LEAF 13,1 0,0 0,0 0,0 0,0 0,0 1,4 0,3 1,0 0,0
LEAF 13,1 0,0 0,0 0,0 0,0 0,0 2,4 0,0 0,0 0,2
LEAF 13,1 0,0 0,0 0,0 0,0 0,0 2,4 0,0 1,0 2,0
LEAF 13,1 0,0 0,0 0,0 0,0 0,0 2,4 0,0 2,0 1,0
LEAF 13,1 0,0 0,0 0,0 0,0 0,0 2,4 0,0 0,2 0,0
LEAF 13,1 0,0 0,0 0,0 0,0 0,0 2,4 1,0 0,0 2,0
LEAF 13,1 0,0 0,0 0,0 0,0 0,0 2,4 1,0 1,0 0,1
LEAF 13,1 0,0 0,0 0,0 0,0 0,0 2,4 1,0 2,0 0,0
LEAF 13,1 0,0 0,0 0,0 0,0 0,0 2,4 1,0 0,1 1,0
LEAF 13,1 0,0 0,0 0,0 0,0 0,0 2,4 0,1 1,0 1,0
LEAF 13,1 0,0 0,0 0,0 0,0 0,0 0,5 0,0 1,0 1,2
LEAF 13,1 0,0 0,0 0,0 0,0 0,0 0,5 0,0 0,1 2,1
LEAF 13,1 0,0 0,0 0,0 0,0 0,0 0,5 0,0 2,1 0,1
LEAF 13,1 0,0 0,0 0,0 0,0 0,0 0,5 0,0 1,2 1,0
LEAF 13,1 0,0 0,0 0,0 0,0 0,0 0,5 1,0 0,0 1,2
LEAF 13,1 0,0 0,0 0,0 0,0 0,0 0,5 1,0 1,2 0,0
LEAF 13,1 0,0 0,0 0,0 0,0 0,0 0,5 0,1 0,0 2,1
LEAF 13,1 0,0 0,0 0,0 0,0 0,0 0,5 2,1 0,0 0,1
LEAF 13,1 0,0 0,0 0,0 0,0 0,0 0,5 1,2 0,0 1,0
LEAF 13,1 0,0 0,0 0,0 0,0 0,0 0,5 1,2 1,0 0,0
LEAF 13,1 0,0 0,0 0,0 0,0 0,0 1,5 0,0 0,0 1,1
LEAF 13,1 0,0 0,0 0,0 0,0 0,0 1,5 0,0 0,1 0,1
LEAF 13,1 0,0 0,0 0,0 0,0 0,0 1,5 0,0 1,1 0,0
LEAF 13,1 0,0 0,0 0,0 0,0 1,0 0,0 0,0 0,0 0,0
LEAF 13,1 0,0 0,0 0,0 0,0 1,0 0,0 0,0 0,0 6,1
LEAF 13,1 0,0 0,0 0,0 0,0 1,0 0,0 0,0 0,0 3,6
LEAF 13,1 0,0 0,0 0,0 0,0 1,0 0,0 0,0 2,0 2,4
LEAF 13,1 0,0 0,0 0,0 0,0 1,0 0,0 0,0 3,0 6,0
LEAF 13,1 0,0 0,0 0,0 0,0 1,0 0,0 0,0 3,0 6,3
LEAF 13,1 0,0 0,0 0,0 0,0 1,0 0,0 0,0 5,0 6,2
LEAF 13,1 0,0 0,0 0,0 0,0 1,0 0,0 0,0 6,0 3,0
LEAF 13,1 0,0 0,0 0,0 0,0 1,0 0,0 0,0 0,1 0,6
LEAF 13,1 0,0 0,0 0,0 0,0 1,0 0,0 0,0 1,1 3,3
LEAF 13,1 0,0 0,0 0,0 0,0 1,0 0,0 0,0 2,1 7,2
LEAF 13,1 0,0 0,0 0,0 0,0 1,0 0,0 0,0 4,1 7,1
LEAF 13,1 0,0 0,0 0,0 0,0 1,0 0,0 0,0 6,1 0,0
LEAF 13,1 0,0 0,0 0,0 0,0 1,0 0,0 0,0 0,2 4,2
LEAF 13,1 0,0 0,0 0,0 0,0 1,0 0,0 0,0 1,2 8,1
LEAF 13,1 0,0 0,0 0,0 0,0 1,0 0,0 0,0 1,2 0,5
LEAF 13,1 0,0 0,0 0,0 0,0 1,0 0,0 0,0 3,2 8,0
LEAF 13,1 0,0 0,0 0,0 0,0 1,0 0,0 0,0 4,2 0,2
LEAF 13,1 0,0 0,0 0,0 0,0 1,0 0,0 0,0 0,3 9,0
LEAF 13,1 0,0 0,0 0,0 0,0 1,0 0,0 0,0 0,3 1,4
LEAF 13,1 0,0 0,0 0,0 0,0 1,0 0,0 0,0 3,3 1,1
LEAF 13,1 0,0 0,0 0,0 0,0 1,0 0,0 0,0 1,4 0,3
LEAF 13,1 0,0 0,0 0,0 0,0 1,0 0,0 0,0 2,4 2,0
LEAF 13,1 0,0 0,0 0,0 0,0 1,0 0,0 0,0 0,5 1,2
LEAF 13,1 0,0 0,0 0,0 0,0 1,0 0,0 0,0 0,6 0,1
LEAF 13,1 0,0 0,0 0,0 0,0 1,0 0,0 1,0 1,0 1,5
LEAF 13,1 0,0 0,0 0,0 0,0 1,0 0,0 1,0 3,0 8,1
LEAF 13,1 0,0 0,0 0,0 0,0 1,0 0,0 2,0 0,0 2,4
LEAF 13,1 0,0 0,0 0,0 0,0 1,0 0,0 3,0 0,0 6,0
LEAF 13,1 0,0 0,0 0,0 0,0 1,0 0,0 3,0 0,0 6,3
LEAF 13,1 0,0 0,0 0,0 0,0 1,0 0,0 3,0 1,0 8,1
LEAF 13,1 0,0 0,0 0,0 0,0 1,0 0,0 5,0 0,0 6,2
LEAF 13,1 0,0 0,0 0,0 0,0 1,0 0,0 5,0 1,0 8,0
LEAF 13,1 0,0 0,0 0,0 0,0 1,0 0,0 6,0 0,0 3,0
LEAF 13,1 0,0 0,0 0,0 0,0 1,0 0,0 0,1 0,0 0,6
LEAF 13,1 0,0 0,0 0,0 0,0 1,0 0,0 0,1 1,0 2,4
LEAF 13,1 0,0 0,0 0,0 0,0 1,0 0,0 1,1 0,0 3,3
LEAF 13,1 0,0 0,0 0,0 0,0 1,0 0,0 2,1 0,0 7,2
LEAF 13,1 0,0 0,0 0,0 0,0 1,0 0,0 2,1 1,0 9,0
LEAF 13,1 0,0 0,0 0,0 0,0 1,0 0,0 4,1 0,0 7,1
LEAF 13,1 0,0 0,0 0,0 0,0 1,0 0,0 0,2 0,0 4,2
LEAF 13,1 0,0 0,0 0,0 0,0 1,0 0,0 1,2 0,0 8,1
LEAF 13,1 0,0 0,0 0,0 0,0 1,0 0,0 1,2 0,0 0,5
LEAF 13,1 0,0 0,0 0,0 0,0 1,0 0,0 3,2 0,0 8,0
LEAF 13,1 0,0 0,0 0,0 0,0 1,0 0,0 4,2 0,0 0,2
LEAF 13,1 0,0 0,0 0,0 0,0 1,0 0,0 0,3 0,0 9,0
LEAF 13,1 0,0 0,0 0,0 0,0 1,0 0,0 0,3 0,0 1,4
LEAF 13,1 0,0 0,0 0,0 0,0 1,0 0,0 3,3 0,0 1,1
LEAF 13,1 0,0 0,0 0,0 0,0 1,0 0,0 1,4 0,0 0,3
LEAF 13,1 0,0 0,0 0,0 0,0 1,0 0,0 2,4 0,0 2,0
LEAF 13,1 0,0 0,0 0,0 0,0 1,0 0,0 2,4 1,0 0,1
LEAF 13,1 0,0 0,0 0,0 0,0 1,0 0,0 0,5 0,0 1,2
LEAF 13,1 0,0 0,0 0,0 0,0 1,0 0,0 1,5 1,0 1,0
LEAF 13,1 0,0 0,0 0,0 0,0 1,0 0,0 0,6 0,0 0,1
LEAF 13,1 0,0 0,0 0,0 0,0 1,0 1,0 0,0 1,0 1,5
LEAF 13,1 0,0 0,0 0,0 0,0 1,0 1,0 0,0 3,0 8,1
LEAF 13,1 0,0 0,0 0,0 0,0 1,0 1,0 0,0 5,0 8,0
LEAF 13,1 0,0 0,0 0,0 0,0 1,0 1,0 0,0 0,1 2,4
LEAF 13,1 0,0 0,0 0,0 0,0 1,0 1,0 0,0 2,1 9,0
LEAF 13,1 0,0 0,0 0,0 0,0 1,0 1,0 0,0 2,4 0,1
LEAF 13,1 0,0 0,0 0,0 0,0 1,0 1,0 0,0 1,5 1,0
LEAF 13,1 0,0 0,0 0,0 0,0 1,0 1,0 1,0 0,0 1,5
LEAF 13,1 0,0 0,0 0,0 0,0 1,0 1,0 3,0 0,0 8,1
LEAF 13,1 0,0 0,0 0,0 0,0 1,0 1,0 5,0 0,0 8,0
LEAF 13,1 0,0 0,0 0,0 0,0 1,0 1,0 0,1 0,0 2,4
LEAF 13,1 0,0 0,0 0,0 0,0 1,0 1,0 2,1 0,0 9,0
LEAF 13,1 0,0 0,0 0,0 0,0 1,0 1,0 2,4 0,0 0,1
LEAF 13,1 0,0 0,0 0,0 0,0 1,0 1,0 1,5 0,0 1,0
LEAF 13,1 0,0 0,0 0,0 0,0 1,0 2,0 0,0 0,0 2,4
LEAF 13,1 0,0 0,0 0,0 0,0 1,0 2,0 2,0 0,0 7,2
LEAF 13,1 0,0 0,0 0,0 0,0 1,0 2,0 2,0 1,0 9,0
LEAF 13,1 0,0 0,0 0,0 0,0 1,0 2,0 1,1 0,0 8,1
LEAF 13,1 0,0 0,0 0,0 0,0 1,0 2,0 0,2 0,0 9,0
LEAF 13,1 0,0 0,0 0,0 0,0 1,0 3,0 0,0 0,0 6,0
LEAF 13,1 0,0 0,0 0,0 0,0 1,0 3,0 0,0 0,0 6,3
LEAF 13,1 0,0 0,0 0,0 0,0 1,0 3,0 1,0 0,0 8,1
LEAF 13,1 0,0 0,0 0,0 0,0 1,0 5,0 0,0 0,0 6,2
LEAF 13,1 0,0 0,0 0,0 0,0 1,0 6,0 0,0 0,0 3,0
LEAF 13,1 0,0 0,0 0,0 0,0 1,0 0,1 0,0 0,0 0,6
LEAF 13,1 0,0 0,0 0,0 0,0 1,0 1,1 0,0 0,0 3,3
LEAF 13,1 0,0 0,0 0,0 0,0 1,0 2,1 0,0 0,0 7,2
LEAF 13,1 0,0 0,0 0,0 0,0 1,0 4,1 0,0 0,0 7,1
LEAF 13,1 0,0 0,0 0,0 0,0 1,0 0,2 0,0 0,0 4,2
LEAF 13,1 0,0 0,0 0,0 0,0 1,0 1,2 0,0 0,0 8,1
LEAF 13,1 0,0 0,0 0,0 0,0 1,0 1,2 0,0 0,0 0,5
LEAF 13,1 0,0 0,0 0,0 0,0 1,0 3,2 0,0 0,0 8,0
LEAF 13,1 0,0 0,0 0,0 0,0 1,0 4,2 0,0 0,0 0,2
LEAF 13,1 0,0 0,0 0,0 0,0 1,0 0,3 0,0 0,0 9,0
LEAF 13,1 0,0 0,0 0,0 0,0 1,0 0,3 0,0 0,0 1,4
LEAF 13,1 0,0 0,0 0,0 0,0 1,0 3,3 0,0 0,0 1,1
LEAF 13,1 0,0 0,0 0,0 0,0 1,0 1,4 0,0 0,0 0,3
LEAF 13,1 0,0 0,0 0,0 0,0 1,0 2,4 0,0 0,0 2,0
LEAF 13,1 0,0 0,0 0,0 0,0 1,0 0,5 0,0 0,0 1,2
LEAF 13,1 0,0 0,0 0,0 0,0 2,0 0,0 0,0 0,0 0,6
LEAF 13,1 0,0 0,0 0,0 0,0 2,0 0,0 0,0 1,0 2,4
LEAF 13,1 0,0 0,0 0,0 0,0 2,0 0,0 0,0 3,0 9,0
LEAF 13,1 0,0 0,0 0,0 0,0 2,0 0,0 0,0 0,1 3,3
LEAF 13,1 0,0 0,0 0,0 0,0 2,0 0,0 0,0 3,3 0,1
LEAF 13,1 0,0 0,0 0,0 0,0 2,0 0,0 0,0 2,4 1,0
LEAF 13,1 0,0 0,0 0,0 0,0 2,0 0,0 0,0 0,6 0,0
LEAF 13,1 0,0 0,0 0,0 0,0 2,0 0,0 1,0 0,0 2,4
LEAF 13,1 0,0 0,0 0,0 0,0 2,0 0,0 1,0 2,0 7,2
LEAF 13,1 0,0 0,0 0,0 0,0 2,0 0,0 2,0 1,0 7,2
LEAF 13,1 0,0 0,0 0,0 0,0 2,0 0,0 3,0 0,0 9,0
LEAF 13,1 0,0 0,0 0,0 0,0 2,0 0,0 0,1 0,0 3,3
LEAF 13,1 0,0 0,0 0,0 0,0 2,0 0,0 1,1 1,0 8,1
LEAF 13,1 0,0 0,0 0,0 0,0 2,0 0,0 0,2 1,0 9,0
LEAF 13,1 0,0 0,0 0,0 0,0 2,0 0,0 3,3 0,0 0,1
LEAF 13,1 0,0 0,0 0,0 0,0 2,0 0,0 2,4 0,0 1,0
LEAF 13,1 0,0 0,0 0,0 0,0 2,0 0,0 2,4 1,0 0,0
LEAF 13,1 0,0 0,0 0,0 0,0 2,0 0,0 0,6 0,0 0,0
LEAF 13,1 0,0 0,0 0,0 0,0 2,0 1,0 0,0 0,0 2,4
LEAF 13,1 0,0 0,0 0,0 0,0 2,0 1,0 0,0 2,0 7,2
LEAF 13,1 0,0 0,0 0,0 0,0 2,0 1,0 2,0 0,0 7,2
LEAF 13,1 0,0 0,0 0,0 0,0 2,0 1,0 2,0 1,0 9,0
LEAF 13,1 0,0 0,0 0,0 0,0 2,0 1,0 1,1 0,0 8,1
LEAF 13,1 0,0 0,0 0,0 0,0 2,0 1,0 0,2 0,0 9,0
LEAF 13,1 0,0 0,0 0,0 0,0 2,0 1,0 2,4 0,0 0,0
LEAF 13,1 0,0 0,0 0,0 0,0 2,0 2,0 1,0 0,0 7,2
LEAF 13,1 0,0 0,0 0,0 0,0 2,0 3,0 0,0 0,0 9,0
LEAF 13,1 0,0 0,0 0,0 0,0 2,0 0,1 0,0 0,0 3,3
LEAF 13,1 0,0 0,0 0,0 0,0 3,0 0,0 0,0 0,0 4,2
LEAF 13,1 0,0 0,0 0,0 0,0 3,0 0,0 0,0 1,0 6,0
LEAF 13,1 0,0 0,0 0,0 0,0 3,0 0,0 0,0 1,0 6,3
LEAF 13,1 0,0 0,0 0,0 0,0 3,0 0,0 0,0 2,0 9,0
LEAF 13,1 0,0 0,0 0,0 0,0 3,0 0,0 0,0 6,0 1,0
LEAF 13,1 0,0 0,0 0,0 0,0 3,0 0,0 0,0 0,1 7,2
LEAF 13,1 0,0 0,0 0,0 0,0 3,0 0,0 0,0 4,2 0,0
LEAF 13,1 0,0 0,0 0,0 0,0 3,0 0,0 1,0 0,0 6,0
LEAF 13,1 0,0 0,0 0,0 0,0 3,0 0,0 1,0 0,0 6,3
LEAF 13,1 0,0 0,0 0,0 0,0 3,0 0,0 1,0 1,0 8,1
LEAF 13,1 0,0 0,0 0,0 0,0 3,0 0,0 2,0 0,0 9,0
LEAF 13,1 0,0 0,0 0,0 0,0 3,0 0,0 6,0 0,0 1,0
LEAF 13,1 0,0 0,0 0,0 0,0 3,0 0,0 6,0 1,0 0,0
LEAF 13,1 0,0 0,0 0,0 0,0 3,0 0,0 0,1 0,0 7,2
LEAF 13,1 0,0 0,0 0,0 0,0 3,0 0,0 0,1 1,0 9,0
LEAF 13,1 0,0 0,0 0,0 0,0 3,0 0,0 4,2 0,0 0,0
LEAF 13,1 0,0 0,0 0,0 0,0 3,0 1,0 0,0 0,0 6,0
LEAF 13,1 0,0 0,0 0,0 0,0 3,0 1,0 0,0 0,0 6,3
LEAF 13,1 0,0 0,0 0,0 0,0 3,0 1,0 0,0 1,0 8,1
LEAF 13,1 0,0 0,0 0,0 0,0 3,0 1,0 1,0 0,0 8,1
LEAF 13,1 0,0 0,0 0,0 0,0 3,0 1,0 6,0 0,0 0,0
LEAF 13,1 0,0 0,0 0,0 0,0 3,0 1,0 0,1 0,0 9,0
LEAF 13,1 0,0 0,0 0,0 0,0 3,0 2,0 0,0 0,0 9,0
LEAF 13,1 0,0 0,0 0,0 0,0 3,0 6,0 0,0 0,0 1,0
LEAF 13,1 0,0 0,0 0,0 0,0 3,0 0,1 0,0 0,0 7,2
LEAF 13,1 0,0 0,0 0,0 0,0 4,0 0,0 0,0 0,0 9,0
LEAF 13,1 0,0 0,0 0,0 0,0 4,0 0,0 0,0 0,0 1,4
LEAF 13,1 0,0 0,0 0,0 0,0 4,0 0,0 0,0 1,4 0,0
LEAF 13,1 0,0 0,0 0,0 0,0 4,0 0,0 1,4 0,0 0,0
LEAF 13,1 0,0 0,0 0,0 0,0 4,0 1,4 0,0 0,0 0,0
LEAF 13,1 0,0 0,0 0,0 0,0 5,0 0,0 0,0 0,0 0,4
LEAF 13,1 0,0 0,0 0,0 0,0 5,0 0,0 0,0 1,0 6,2
LEAF 13,1 0,0 0,0 0,0 0,0 5,0 0,0 0,0 0,1 7,1
LEAF 13,1 0,0 0,0 0,0 0,0 5,0 0,0 0,0 0,4 0,0
LEAF 13,1 0,0 0,0 0,0 0,0 5,0 0,0 1,0 0,0 6,2
LEAF 13,1 0,0 0,0 0,0 0,0 5,0 0,0 1,0 1,0 8,0
LEAF 13,1 0,0 0,0 0,0 0,0 5,0 0,0 0,1 0,0 7,1
LEAF 13,1 0,0 0,0 0,0 0,0 5,0 0,0 0,4 0,0 0,0
LEAF 13,1 0,0 0,0 0,0 0,0 5,0 1,0 0,0 0,0 6,2
LEAF 13,1 0,0 0,0 0,0 0,0 5,0 1,0 0,0 1,0 8,0
LEAF 13,1 0,0 0,0 0,0 0,0 5,0 1,0 1,0 0,0 8,0
LEAF 13,1 0,0 0,0 0,0 0,0 5,0 0,1 0,0 0,0 7,1
LEAF 13,1 0,0 0,0 0,0 0,0 5,0 0,4 0,0 0,0 0,0
LEAF 13,1 0,0 0,0 0,0 0,0 6,0 0,0 0,0 0,0 1,2
LEAF 13,1 0,0 0,0 0,0 0,0 6,0 0,0 0,0 1,0 3,0
LEAF 13,1 0,0 0,0 0,0 0,0 6,0 0,0 0,0 3,0 1,0
LEAF 13,1 0,0 0,0 0,0 0,0 6,0 0,0 0,0 1,2 0,0
LEAF 13,1 0,0 0,0 0,0 0,0 6,0 0,0 1,0 0,0 3,0
LEAF 13,1 0,0 0,0 0,0 0,0 6,0 0,0 3,0 0,0 1,0
LEAF 13,1 0,0 0,0 0,0 0,0 6,0 0,0 3,0 1,0 0,0
LEAF 13,1 0,0 0,0 0,0 0,0 6,0 0,0 1,2 0,0 0,0
LEAF 13,1 0,0 0,0 0,0 0,0 6,0 1,0 0,0 0,0 3,0
LEAF 13,1 0,0 0,0 0,0 0,0 6,0 1,0 3,0 0,0 0,0
LEAF 13,1 0,0 0,0 0,0 0,0 6,0 3,0 0,0 0,0 1,0
LEAF 13,1 0,0 0,0 0,0 0,0 0,1 0,0 0,0 0,0 7,0
LEAF 13,1 0,0 0,0 0,0 0,0 0,1 0,0 0,0 0,0 4,5
LEAF 13,1 0,0 0,0 0,0 0,0 0,1 0,0 0,0 1,0 0,6
LEAF 13,1 0,0 0,0 0,0 0,0 0,1 0,0 0,0 2,0 3,3
LEAF 13,1 0,0 0,0 0,0 0,0 0,1 0,0 0,0 3,0 7,2
LEAF 13,1 0,0 0,0 0,0 0,0 0,1 0,0 0,0 5,0 7,1
LEAF 13,1 0,0 0,0 0,0 0,0 0,1 0,0 0,0 7,0 0,0
LEAF 13,1 0,0 0,0 0,0 0,0 0,1 0,0 0,0 0,1 1,5
LEAF 13,1 0,0 0,0 0,0 0,0 0,1 0,0 0,0 1,1 4,2
LEAF 13,1 0,0 0,0 0,0 0,0 0,1 0,0 0,0 2,1 8,1
LEAF 13,1 0,0 0,0 0,0 0,0 0,1 0,0 0,0 2,1 0,5
LEAF 13,1 0,0 0,0 0,0 0,0 0,1 0,0 0,0 4,1 8,0
LEAF 13,1 0,0 0,0 0,0 0,0 0,1 0,0 0,0 5,1 0,2
LEAF 13,1 0,0 0,0 0,0 0,0 0,1 0,0 0,0 0,2 5,1
LEAF 13,1 0,0 0,0 0,0 0,0 0,1 0,0 0,0 1,2 9,0
LEAF 13,1 0,0 0,0 0,0 0,0 0,1 0,0 0,0 1,2 1,4
LEAF 13,1 0,0 0,0 0,0 0,0 0,1 0,0 0,0 4,2 1,1
LEAF 13,1 0,0 0,0 0,0 0,0 0,1 0,0 0,0 0,3 2,3
LEAF 13,1 0,0 0,0 0,0 0,0 0,1 0,0 0,0 2,3 0,3
LEAF 13,1 0,0 0,0 0,0 0,0 0,1 0,0 0,0 3,3 2,0
LEAF 13,1 0,0 0,0 0,0 0,0 0,1 0,0 0,0 1,4 1,2
LEAF 13,1 0,0 0,0 0,0 0,0 0,1 0,0 0,0 0,5 2,1
LEAF 13,1 0,0 0,0 0,0 0,0 0,1 0,0 0,0 1,5 0,1
LEAF 13,1 0,0 0,0 0,0 0,0 0,1 0,0 0,0 0,6 1,0
LEAF 13,1 0,0 0,0 0,0 0,0 0,1 0,0 1,0 0,0 0,6
LEAF 13,1 0,0 0,0 0,0 0,0 0,1 0,0 1,0 1,0 2,4
LEAF 13,1 0,0 0,0 0,0 0,0 0,1 0,0 2,0 0,0 3,3
LEAF 13,1 0,0 0,0 0,0 0,0 0,1 0,0 3,0 0,0 7,2
LEAF 13,1 0,0 0,0 0,0 0,0 0,1 0,0 3,0 1,0 9,0
LEAF 13,1 0,0 0,0 0,0 0,0 0,1 0,0 5,0 0,0 7,1
LEAF 13,1 0,0 0,0 0,0 0,0 0,1 0,0 0,1 0,0 1,5
LEAF 13,1 0,0 0,0 0,0 0,0 0,1 0,0 0,1 1,0 3,3
LEAF 13,1 0,0 0,0 0,0 0,0 0,1 0,0 1,1 0,0 4,2
LEAF 13,1 0,0 0,0 0,0 0,0 0,1 0,0 2,1 0,0 8,1
LEAF 13,1 0,0 0,0 0,0 0,0 0,1 0,0 2,1 0,0 0,5
LEAF 13,1 0,0 0,0 0,0 0,0 0,1 0,0 4,1 0,0 8,0
LEAF 13,1 0,0 0,0 0,0 0,0 0,1 0,0 5,1 0,0 0,2
LEAF 13,1 0,0 0,0 0,0 0,0 0,1 0,0 0,2 0,0 5,1
LEAF 13,1 0,0 0,0 0,0 0,0 0,1 0,0 1,2 0,0 9,0
LEAF 13,1 0,0 0,0 0,0 0,0 0,1 0,0 1,2 0,0 1,4
LEAF 13,1 0,0 0,0 0,0 0,0 0,1 0,0 4,2 0,0 1,1
LEAF 13,1 0,0 0,0 0,0 0,0 0,1 0,0 0,3 0,0 2,3
LEAF 13,1 0,0 0,0 0,0 0,0 0,1 0,0 2,3 0,0 0,3
LEAF 13,1 0,0 0,0 0,0 0,0 0,1 0,0 3,3 0,0 2,0
LEAF 13,1 0,0 0,0 0,0 0,0 0,1 0,0 3,3 1,0 0,1
LEAF 13,1 0,0 0,0 0,0 0,0 0,1 0,0 1,4 0,0 1,2
LEAF 13,1 0,0 0,0 0,0 0,0 0,1 0,0 2,4 1,0 1,0
LEAF 13,1 0,0 0,0 0,0 0,0 0,1 0,0 0,5 0,0 2,1
LEAF 13,1 0,0 0,0 0,0 0,0 0,1 0,0 1,5 0,0 0,1
LEAF 13,1 0,0 0,0 0,0 0,0 0,1 0,0 0,6 0,0 1,0
LEAF 13,1 0,0 0,0 0,0 0,0 0,1 1,0 0,0 0,0 0,6
LEAF 13,1 0,0 0,0 0,0 0,0 0,1 1,0 0,0 1,0 2,4
LEAF 13,1 0,0 0,0 0,0 0,0 0,1 1,0 1,0 0,0 2,4
LEAF 13,1 0,0 0,0 0,0 0,0 0,1 1,0 3,0 0,0 9,0
LEAF 13,1 0,0 0,0 0,0 0,0 0,1 1,0 0,1 0,0 3,3
LEAF 13,1 0,0 0,0 0,0 0,0 0,1 1,0 3,3 0,0 0,1
LEAF 13,1 0,0 0,0 0,0 0,0 0,1 1,0 2,4 0,0 1,0
LEAF 13,1 0,0 0,0 0,0 0,0 0,1 1,0 2,4 1,0 0,0
LEAF 13,1 0,0 0,0 0,0 0,0 0,1 2,0 0,0 0,0 3,3
LEAF 13,1 0,0 0,0 0,0 0,0 0,1 3,0 0,0 0,0 7,2
LEAF 13,1 0,0 0,0 0,0 0,0 0,1 5,0 0,0 0,0 7,1
LEAF 13,1 0,0 0,0 0,0 0,0 0,1 0,1 0,0 0,0 1,5
LEAF 13,1 0,0 0,0 0,0 0,0 0,1 1,1 0,0 0,0 4,2
LEAF 13,1 0,0 0,0 0,0 0,0 0,1 2,1 0,0 0,0 8,1
LEAF 13,1 0,0 0,0 0,0 0,0 0,1 2,1 0,0 0,0 0,5
LEAF 13,1 0,0 0,0 0,0 0,0 0,1 4,1 0,0 0,0 8,0
LEAF 13,1 0,0 0,0 0,0 0,0 0,1 5,1 0,0 0,0 0,2
LEAF 13,1 0,0 0,0 0,0 0,0 0,1 0,2 0,0 0,0 5,1
LEAF 13,1 0,0 0,0 0,0 0,0 0,1 1,2 0,0 0,0 9,0
LEAF 13,1 0,0 0,0 0,0 0,0 0,1 1,2 0,0 0,0 1,4
LEAF 13,1 0,0 0,0 0,0 0,0 0,1 4,2 0,0 0,0 1,1
LEAF 13,1 0,0 0,0 0,0 0,0 0,1 0,3 0,0 0,0 2,3
LEAF 13,1 0,0 0,0 0,0 0,0 0,1 2,3 0,0 0,0 0,3
LEAF 13,1 0,0 0,0 0,0 0,0 0,1 3,3 0,0 0,0 2,0
LEAF 13,1 0,0 0,0 0,0 0,0 0,1 1,4 0,0 0,0 1,2
LEAF 13,1 0,0 0,0 0,0 0,0 0,1 0,5 0,0 0,0 2,1
LEAF 13,1 0,0 0,0 0,0 0,0 1,1 0,0 0,0 0,0 1,5
LEAF 13,1 0,0 0,0 0,0 0,0 1,1 0,0 0,0 1,0 3,3
LEAF 13,1 0,0 0,0 0,0 0,0 1,1 0,0 0,0 0,1 4,2
LEAF 13,1 0,0 0,0 0,0 0,0 1,1 0,0 0,0 4,2 0,1
LEAF 13,1 0,0 0,0 0,0 0,0 1,1 0,0 0,0 3,3 1,0
LEAF 13,1 0,0 0,0 0,0 0,0 1,1 0,0 0,0 1,5 0,0
LEAF 13,1 0,0 0,0 0,0 0,0 1,1 0,0 1,0 0,0 3,3
LEAF 13,1 0,0 0,0 0,0 0,0 1,1 0,0 1,0 2,0 8,1
LEAF 13,1 0,0 0,0 0,0 0,0 1,1 0,0 2,0 1,0 8,1
LEAF 13,1 0,0 0,0 0,0 0,0 1,1 0,0 0,1 0,0 4,2
LEAF 13,1 0,0 0,0 0,0 0,0 1,1 0,0 1,1 1,0 9,0
LEAF 13,1 0,0 0,0 0,0 0,0 1,1 0,0 4,2 0,0 0,1
LEAF 13,1 0,0 0,0 0,0 0,0 1,1 0,0 3,3 0,0 1,0
LEAF 13,1 0,0 0,0 0,0 0,0 1,1 0,0 3,3 1,0 0,0
LEAF 13,1 0,0 0,0 0,0 0,0 1,1 0,0 1,5 0,0 0,0
LEAF 13,1 0,0 0,0 0,0 0,0 1,1 1,0 0,0 0,0 3,3
LEAF 13,1 0,0 0,0 0,0 0,0 1,1 1,0 2,0 0,0 8,1
LEAF 13,1 0,0 0,0 0,0 0,0 1,1 1,0 1,1 0,0 9,0
LEAF 13,1 0,0 0,0 0,0 0,0 1,1 1,0 3,3 0,0 0,0
LEAF 13,1 0,0 0,0 0,0 0,0 1,1 2,0 1,0 0,0 8,1
LEAF 13,1 0,0 0,0 0,0 0,0 1,1 0,1 0,0 0,0 4,2
LEAF 13,1 0,0 0,0 0,0 0,0 1,1 4,2 0,0 0,0 0,1
LEAF 13,1 0,0 0,0 0,0 0,0 2,1 0,0 0,0 0,0 5,1
LEAF 13,1 0,0 0,0 0,0 0,0 2,1 0,0 0,0 1,0 7,2
LEAF 13,1 0,0 0,0 0,0 0,0 2,1 0,0 0,0 0,1 8,1
LEAF 13,1 0,0 0,0 0,0 0,0 2,1 0,0 0,0 0,1 0,5
LEAF 13,1 0,0 0,0 0,0 0,0 2,1 0,0 0,0 5,1 0,0
LEAF 13,1 0,0 0,0 0,0 0,0 2,1 0,0 0,0 0,5 0,1
LEAF 13,1 0,0 0,0 0,0 0,0 2,1 0,0 1,0 0,0 7,2
LEAF 13,1 0,0 0,0 0,0 0,0 2,1 0,0 1,0 1,0 9,0
LEAF 13,1 0,0 0,0 0,0 0,0 2,1 0,0 0,1 0,0 8,1
LEAF 13,1 0,0 0,0 0,0 0,0 2,1 0,0 0,1 0,0 0,5
LEAF 13,1 0,0 0,0 0,0 0,0 2,1 0,0 5,1 0,0 0,0
LEAF 13,1 0,0 0,0 0,0 0,0 2,1 0,0 0,5 0,0 0,1
LEAF 13,1 0,0 0,0 0,0 0,0 2,1 1,0 0,0 0,0 7,2
LEAF 13,1 0,0 0,0 0,0 0,0 2,1 1,0 0,0 1,0 9,0
LEAF 13,1 0,0 0,0 0,0 0,0 2,1 1,0 1,0 0,0 9,0
LEAF 13,1 0,0 0,0 0,0 0,0 2,1 0,1 0,0 0,0 8,1
LEAF 13,1 0,0 0,0 0,0 0,0 2,1 0,1 0,0 0,0 0,5
LEAF 13,1 0,0 0,0 0,0 0,0 2,1 0,5 0,0 0,0 0,1
LEAF 13,1 0,0 0,0 0,0 0,0 3,1 0,0 0,0 0,0 2,3
LEAF 13,1 0,0 0,0 0,0 0,0 3,1 0,0 0,0 2,3 0,0
LEAF 13,1 0,0 0,0 0,0 0,0 3,1 0,0 2,3 0,0 0,0
LEAF 13,1 0,0 0,0 0,0 0,0 3,1 2,3 0,0 0,0 0,0
LEAF 13,1 0,0 0,0 0,0 0,0 4,1 0,0 0,0 0,0 1,3
LEAF 13,1 0,0 0,0 0,0 0,0 4,1 0,0 0,0 1,0 7,1
LEAF 13,1 0,0 0,0 0,0 0,0 4,1 0,0 0,0 0,1 8,0
LEAF 13,1 0,0 0,0 0,0 0,0 4,1 0,0 0,0 1,3 0,0
LEAF 13,1 0,0 0,0 0,0 0,0 4,1 0,0 1,0 0,0 7,1
LEAF 13,1 0,0 0,0 0,0 0,0 4,1 0,0 0,1 0,0 8,0
LEAF 13,1 0,0 0,0 0,0 0,0 4,1 0,0 1,3 0,0 0,0
LEAF 13,1 0,0 0,0 0,0 0,0 4,1 1,0 0,0 0,0 7,1
LEAF 13,1 0,0 0,0 0,0 0,0 4,1 0,1 0,0 0,0 8,0
LEAF 13,1 0,0 0,0 0,0 0,0 4,1 1,3 0,0 0,0 0,0
LEAF 13,1 0,0 0,0 0,0 0,0 5,1 0,0 0,0 0,0 2,1
LEAF 13,1 0,0 0,0 0,0 0,0 5,1 0,0 0,0 0,1 0,2
LEAF 13,1 0,0 0,0 0,0 0,0 5,1 0,0 0,0 2,1 0,0
LEAF 13,1 0,0 0,0 0,0 0,0 5,1 0,0 0,0 0,2 0,1
LEAF 13,1 0,0 0,0 0,0 0,0 5,1 0,0 0,1 0,0 0,2
LEAF 13,1 0,0 0,0 0,0 0,0 5,1 0,0 2,1 0,0 0,0
LEAF 13,1 0,0 0,0 0,0 0,0 5,1 0,0 0,2 0,0 0,1
LEAF 13,1 0,0 0,0 0,0 0,0 5,1 0,1 0,0 0,0 0,2
LEAF 13,1 0,0 0,0 0,0 0,0 5,1 0,2 0,0 0,0 0,1
LEAF 13,1 0,0 0,0 0,0 0,0 0,2 0,0 0,0 0,0 2,4
LEAF 13,1 0,0 0,0 0,0 0,0 0,2 0,0 0,0 1,0 4,2
LEAF 13,1 0,0 0,0 0,0 0,0 0,2 0,0 0,0 0,1 5,1
LEAF 13,1 0,0 0,0 0,0 0,0 0,2 0,0 0,0 5,1 0,1
LEAF 13,1 0,0 0,0 0,0 0,0 0,2 0,0 0,0 4,2 1,0
LEAF 13,1 0,0 0,0 0,0 0,0 0,2 0,0 0,0 2,4 0,0
LEAF 13,1 0,0 0,0 0,0 0,0 0,2 0,0 1,0 0,0 4,2
LEAF 13,1 0,0 0,0 0,0 0,0 0,2 0,0 1,0 2,0 9,0
LEAF 13,1 0,0 0,0 0,0 0,0 0,2 0,0 2,0 1,0 9,0
LEAF 13,1 0,0 0,0 0,0 0,0 0,2 0,0 0,1 0,0 5,1
LEAF 13,1 0,0 0,0 0,0 0,0 0,2 0,0 5,1 0,0 0,1
LEAF 13,1 0,0 0,0 0,0 0,0 0,2 0,0 4,2 0,0 1,0
LEAF 13,1 0,0 0,0 0,0 0,0 0,2 0,0 4,2 1,0 0,0
LEAF 13,1 0,0 0,0 0,0 0,0 0,2 0,0 2,4 0,0 0,0
LEAF 13,1 0,0 0,0 0,0 0,0 0,2 1,0 0,0 0,0 4,2
LEAF 13,1 0,0 0,0 0,0 0,0 0,2 1,0 2,0 0,0 9,0
LEAF 13,1 0,0 0,0 0,0 0,0 0,2 1,0 4,2 0,0 0,0
LEAF 13,1 0,0 0,0 0,0 0,0 0,2 2,0 1,0 0,0 9,0
LEAF 13,1 0,0 0,0 0,0 0,0 0,2 0,1 0,0 0,0 5,1
LEAF 13,1 0,0 0,0 0,0 0,0 0,2 5,1 0,0 0,0 0,1
LEAF 13,1 0,0 0,0 0,0 0,0 0,2 4,2 0,0 0,0 1,0
LEAF 13,1 0,0 0,0 0,0 0,0 1,2 0,0 0,0 0,0 6,0
LEAF 13,1 0,0 0,0 0,0 0,0 1,2 0,0 0,0 1,0 8,1
LEAF 13,1 0,0 0,0 0,0 0,0 1,2 0,0 0,0 1,0 0,5
LEAF 13,1 0,0 0,0 0,0 0,0 1,2 0,0 0,0 6,0 0,0
LEAF 13,1 0,0 0,0 0,0 0,0 1,2 0,0 0,0 0,1 9,0
LEAF 13,1 0,0 0,0 0,0 0,0 1,2 0,0 0,0 0,1 1,4
LEAF 13,1 0,0 0,0 0,0 0,0 1,2 0,0 0,0 1,4 0,1
LEAF 13,1 0,0 0,0 0,0 0,0 1,2 0,0 0,0 0,5 1,0
LEAF 13,1 0,0 0,0 0,0 0,0 1,2 0,0 1,0 0,0 8,1
LEAF 13,1 0,0 0,0 0,0 0,0 1,2 0,0 1,0 0,0 0,5
LEAF 13,1 0,0 0,0 0,0 0,0 1,2 0,0 6,0 0,0 0,0
LEAF 13,1 0,0 0,0 0,0 0,0 1,2 0,0 0,1 0,0 9,0
LEAF 13,1 0,0 0,0 0,0 0,0 1,2 0,0 0,1 0,0 1,4
LEAF 13,1 0,0 0,0 0,0 0,0 1,2 0,0 1,4 0,0 0,1
LEAF 13,1 0,0 0,0 0,0 0,0 1,2 0,0 0,5 0,0 1,0
LEAF 13,1 0,0 0,0 0,0 0,0 1,2 0,0 0,5 1,0 0,0
LEAF 13,1 0,0 0,0 0,0 0,0 1,2 1,0 0,0 0,0 8,1
LEAF 13,1 0,0 0,0 0,0 0,0 1,2 1,0 0,0 0,0 0,5
LEAF 13,1 0,0 0,0 0,0 0,0 1,2 1,0 0,5 0,0 0,0
LEAF 13,1 0,0 0,0 0,0 0,0 1,2 0,1 0,0 0,0 9,0
LEAF 13,1 0,0 0,0 0,0 0,0 1,2 0,1 0,0 0,0 1,4
LEAF 13,1 0,0 0,0 0,0 0,0 1,2 1,4 0,0 0,0 0,1
LEAF 13,1 0,0 0,0 0,0 0,0 1,2 0,5 0,0 0,0 1,0
LEAF 13,1 0,0 0,0 0,0 0,0 2,2 0,0 0,0 0,0 3,2
LEAF 13,1 0,0 0,0 0,0 0,0 2,2 0,0 0,0 3,2 0,0
LEAF 13,1 0,0 0,0 0,0 0,0 2,2 0,0 3,2 0,0 0,0
LEAF 13,1 0,0 0,0 0,0 0,0 2,2 3,2 0,0 0,0 0,0
LEAF 13,1 0,0 0,0 0,0 0,0 3,2 0,0 0,0 0,0 2,2
LEAF 13,1 0,0 0,0 0,0 0,0 3,2 0,0 0,0 1,0 8,0
LEAF 13,1 0,0 0,0 0,0 0,0 3,2 0,0 0,0 2,2 0,0
LEAF 13,1 0,0 0,0 0,0 0,0 3,2 0,0 1,0 0,0 8,0
LEAF 13,1 0,0 0,0 0,0 0,0 3,2 0,0 2,2 0,0 0,0
LEAF 13,1 0,0 0,0 0,0 0,0 3,2 1,0 0,0 0,0 8,0
LEAF 13,1 0,0 0,0 0,0 0,0 3,2 2,2 0,0 0,0 0,0
LEAF 13,1 0,0 0,0 0,0 0,0 4,2 0,0 0,0 0,0 3,0
LEAF 13,1 0,0 0,0 0,0 0,0 4,2 0,0 0,0 1,0 0,2
LEAF 13,1 0,0 0,0 0,0 0,0 4,2 0,0 0,0 3,0 0,0
LEAF 13,1 0,0 0,0 0,0 0,0 4,2 0,0 0,0 0,1 1,1
LEAF 13,1 0,0 0,0 0,0 0,0 4,2 0,0 0,0 1,1 0,1
LEAF 13,1 0,0 0,0 0,0 0,0 4,2 0,0 0,0 0,2 1,0
LEAF 13,1 0,0 0,0 0,0 0,0 4,2 0,0 1,0 0,0 0,2
LEAF 13,1 0,0 0,0 0,0 0,0 4,2 0,0 3,0 0,0 0,0
LEAF 13,1 0,0 0,0 0,0 0,0 4,2 0,0 0,1 0,0 1,1
LEAF 13,1 0,0 0,0 0,0 0,0 4,2 0,0 1,1 0,0 0,1
LEAF 13,1 0,0 0,0 0,0 0,0 4,2 0,0 0,2 0,0 1,0
LEAF 13,1 0,0 0,0 0,0 0,0 4,2 0,0 0,2 1,0 0,0
LEAF 13,1 0,0 0,0 0,0 0,0 4,2 1,0 0,0 0,0 0,2
LEAF 13,1 0,0 0,0 0,0 0,0 4,2 1,0 0,2 0,0 0,0
LEAF 13,1 0,0 0,0 0,0 0,0 4,2 0,1 0,0 0,0 1,1
LEAF 13,1 0,0 0,0 0,0 0,0 4,2 1,1 0,0 0,0 0,1
LEAF 13,1 0,0 0,0 0,0 0,0 4,2 0,2 0,0 0,0 1,0
LEAF 13,1 0,0 0,0 0,0 0,0 0,3 0,0 0,0 1,0 9,0
LEAF 13,1 0,0 0,0 0,0 0,0 0,3 0,0 0,0 1,0 1,4
LEAF 13,1 0,0 0,0 0,0 0,0 0,3 0,0 0,0 0,1 2,3
LEAF 13,1 0,0 0,0 0,0 0,0 0,3 0,0 0,0 2,3 0,1
LEAF 13,1 0,0 0,0 0,0 0,0 0,3 0,0 0,0 1,4 1,0
LEAF 13,1 0,0 0,0 0,0 0,0 0,3 0,0 1,0 0,0 9,0
LEAF 13,1 0,0 0,0 0,0 0,0 0,3 0,0 1,0 0,0 1,4
LEAF 13,1 0,0 0,0 0,0 0,0 0,3 0,0 0,1 0,0 2,3
LEAF 13,1 0,0 0,0 0,0 0,0 0,3 0,0 2,3 0,0 0,1
LEAF 13,1 0,0 0,0 0,0 0,0 0,3 0,0 1,4 0,0 1,0
LEAF 13,1 0,0 0,0 0,0 0,0 0,3 0,0 1,4 1,0 0,0
LEAF 13,1 0,0 0,0 0,0 0,0 0,3 1,0 0,0 0,0 9,0
LEAF 13,1 0,0 0,0 0,0 0,0 0,3 1,0 0,0 0,0 1,4
LEAF 13,1 0,0 0,0 0,0 0,0 0,3 1,0 1,4 0,0 0,0
LEAF 13,1 0,0 0,0 0,0 0,0 0,3 0,1 0,0 0,0 2,3
LEAF 13,1 0,0 0,0 0,0 0,0 0,3 2,3 0,0 0,0 0,1
LEAF 13,1 0,0 0,0 0,0 0,0 0,3 1,4 0,0 0,0 1,0
LEAF 13,1 0,0 0,0 0,0 0,0 1,3 0,0 0,0 0,0 4,1
LEAF 13,1 0,0 0,0 0,0 0,0 1,3 0,0 0,0 4,1 0,0
LEAF 13,1 0,0 0,0 0,0 0,0 1,3 0,0 4,1 0,0 0,0
LEAF 13,1 0,0 0,0 0,0 0,0 1,3 4,1 0,0 0,0 0,0
LEAF 13,1 0,0 0,0 0,0 0,0 2,3 0,0 0,0 0,0 3,1
LEAF 13,1 0,0 0,0 0,0 0,0 2,3 0,0 0,0 0,1 0,3
LEAF 13,1 0,0 0,0 0,0 0,0 2,3 0,0 0,0 3,1 0,0
LEAF 13,1 0,0 0,0 0,0 0,0 2,3 0,0 0,0 0,3 0,1
LEAF 13,1 0,0 0,0 0,0 0,0 2,3 0,0 0,1 0,0 0,3
LEAF 13,1 0,0 0,0 0,0 0,0 2,3 0,0 3,1 0,0 0,0
LEAF 13,1 0,0 0,0 0,0 0,0 2,3 0,0 0,3 0,0 0,1
LEAF 13,1 0,0 0,0 0,0 0,0 2,3 0,1 0,0 0,0 0,3
LEAF 13,1 0,0 0,0 0,0 0,0 2,3 3,1 0,0 0,0 0,0
LEAF 13,1 0,0 0,0 0,0 0,0 2,3 0,3 0,0 0,0 0,1
LEAF 13,1 0,0 0,0 0,0 0,0 3,3 0,0 0,0 1,0 1,1
LEAF 13,1 0,0 0,0 0,0 0,0 3,3 0,0 0,0 2,0 0,1
LEAF 13,1 0,0 0,0 0,0 0,0 3,3 0,0 0,0 0,1 2,0
LEAF 13,1 0,0 0,0 0,0 0,0 3,3 0,0 0,0 1,1 1,0
LEAF 13,1 0,0 0,0 0,0 0,0 3,3 0,0 1,0 0,0 1,1
LEAF 13,1 0,0 0,0 0,0 0,0 3,3 0,0 2,0 0,0 0,1
LEAF 13,1 0,0 0,0 0,0 0,0 3,3 0,0 0,1 0,0 2,0
LEAF 13,1 0,0 0,0 0,0 0,0 3,3 0,0 0,1 1,0 0,1
LEAF 13,1 0,0 0,0 0,0 0,0 3,3 0,0 1,1 0,0 1,0
LEAF 13,1 0,0 0,0 0,0 0,0 3,3 0,0 1,1 1,0 0,0
LEAF 13,1 0,0 0,0 0,0 0,0 3,3 1,0 0,0 0,0 1,1
LEAF 13,1 0,0 0,0 0,0 0,0 3,3 1,0 0,1 0,0 0,1
LEAF 13,1 0,0 0,0 0,0 0,0 3,3 1,0 1,1 0,0 0,0
LEAF 13,1 0,0 0,0 0,0 0,0 3,3 0,1 0,0 0,0 2,0
LEAF 13,1 0,0 0,0 0,0 0,0 0,4 0,0 0,0 0,0 5,0
LEAF 13,1 0,0 0,0 0,0 0,0 0,4 0,0 0,0 5,0 0,0
LEAF 13,1 0,0 0,0 0,0 0,0 0,4 0,0 5,0 0,0 0,0
LEAF 13,1 0,0 0,0 0,0 0,0 0,4 5,0 0,0 0,0 0,0
LEAF 13,1 0,0 0,0 0,0 0,0 1,4 0,0 0,0 0,0 4,0
LEAF 13,1 0,0 0,0 0,0 0,0 1,4 0,0 0,0 1,0 0,3
LEAF 13,1 0,0 0,0 0,0 0,0 1,4 0,0 0,0 4,0 0,0
LEAF 13,1 0,0 0,0 0,0 0,0 1,4 0,0 0,0 0,1 1,2
LEAF 13,1 0,0 0,0 0,0 0,0 1,4 0,0 0,0 1,2 0,1
LEAF 13,1 0,0 0,0 0,0 0,0 1,4 0,0 0,0 0,3 1,0
LEAF 13,1 0,0 0,0 0,0 0,0 1,4 0,0 1,0 0,0 0,3
LEAF 13,1 0,0 0,0 0,0 0,0 1,4 0,0 4,0 0,0 0,0
LEAF 13,1 0,0 0,0 0,0 0,0 1,4 0,0 0,1 0,0 1,2
LEAF 13,1 0,0 0,0 0,0 0,0 1,4 0,0 1,2 0,0 0,1
LEAF 13,1 0,0 0,0 0,0 0,0 1,4 0,0 0,3 0,0 1,0
LEAF 13,1 0,0 0,0 0,0 0,0 1,4 0,0 0,3 1,0 0,0
LEAF 13,1 0,0 0,0 0,0 0,0 1,4 1,0 0,0 0,0 0,3
LEAF 13,1 0,0 0,0 0,0 0,0 1,4 1,0 0,3 0,0 0,0
LEAF 13,1 0,0 0,0 0,0 0,0 1,4 4,0 0,0 0,0 0,0
LEAF 13,1 0,0 0,0 0,0 0,0 1,4 0,1 0,0 0,0 1,2
LEAF 13,1 0,0 0,0 0,0 0,0 1,4 1,2 0,0 0,0 0,1
LEAF 13,1 0,0 0,0 0,0 0,0 1,4 0,3 0,0 0,0 1,0
LEAF 13,1 0,0 0,0 0,0 0,0 2,4 0,0 0,0 0,0 0,2
LEAF 13,1 0,0 0,0 0,0 0,0 2,4 0,0 0,0 1,0 2,0
LEAF 13,1 0,0 0,0 0,0 0,0 2,4 0,0 0,0 2,0 1,0
LEAF 13,1 0,0 0,0 0,0 0,0 2,4 0,0 0,0 0,2 0,0
LEAF 13,1 0,0 0,0 0,0 0,0 2,4 0,0 1,0 0,0 2,0
LEAF 13,1 0,0 0,0 0,0 0,0 2,4 0,0 1,0 1,0 0,1
LEAF 13,1 0,0 0,0 0,0 0,0 2,4 0,0 1,0 2,0 0,0
LEAF 13,1 0,0 0,0 0,0 0,0 2,4 0,0 2,0 0,0 1,0
LEAF 13,1 0,0 0,0 0,0 0,0 2,4 0,0 2,0 1,0 0,0
LEAF 13,1 0,0 0,0 0,0 0,0 2,4 0,0 0,1 1,0 1,0
LEAF 13,1 0,0 0,0 0,0 0,0 2,4 0,0 0,2 0,0 0,0
LEAF 13,1 0,0 0,0 0,0 0,0 2,4 1,0 0,0 0,0 2,0
LEAF 13,1 0,0 0,0 0,0 0,0 2,4 1,0 0,0 1,0 0,1
LEAF 13,1 0,0 0,0 0,0 0,0 2,4 1,0 1,0 0,0 0,1
LEAF 13,1 0,0 0,0 0,0 0,0 2,4 1,0 0,1 0,0 1,0
LEAF 13,1 0,0 0,0 0,0 0,0 2,4 1,0 0,1 1,0 0,0
LEAF 13,1 0,0 0,0 0,0 0,0 0,5 0,0 0,0 1,0 1,2
LEAF 13,1 0,0 0,0 0,0 0,0 0,5 0,0 0,0 0,1 2,1
LEAF 13,1 0,0 0,0 0,0 0,0 0,5 0,0 0,0 2,1 0,1
LEAF 13,1 0,0 0,0 0,0 0,0 0,5 0,0 0,0 1,2 1,0
LEAF 13,1 0,0 0,0 0,0 0,0 0,5 0,0 1,0 0,0 1,2
LEAF 13,1 0,0 0,0 0,0 0,0 0,5 0,0 0,1 0,0 2,1
LEAF 13,1 0,0 0,0 0,0 0,0 0,5 0,0 2,1 0,0 0,1
LEAF 13,1 0,0 0,0 0,0 0,0 0,5 0,0 1,2 0,0 1,0
LEAF 13,1 0,0 0,0 0,0 0,0 0,5 0,0 1,2 1,0 0,0
LEAF 13,1 0,0 0,0 0,0 0,0 0,5 1,0 0,0 0,0 1,2
LEAF 13,1 0,0 0,0 0,0 0,0 0,5 1,0 1,2 0,0 0,0
LEAF 13,1 0,0 0,0 0,0 0,0 0,5 0,1 0,0 0,0 2,1
LEAF 13,1 0,0 0,0 0,0 0,0 0,5 2,1 0,0 0,0 0,1
LEAF 13,1 0,0 0,0 0,0 0,0 0,5 1,2 0,0 0,0 1,0
LEAF 13,1 0,0 0,0 0,0 0,0 1,5 0,0 0,0 0,0 1,1
LEAF 13,1 0,0 0,0 0,0 0,0 1,5 0,0 0,0 0,1 0,1
LEAF 13,1 0,0 0,0 0,0 0,0 1,5 0,0 0,0 1,1 0,0
LEAF 13,1 0,0 0,0 0,0 0,0 1,5 0,0 1,0 1,0 1,0
LEAF 13,1 0,0 0,0 0,0 0,0 1,5 0,0 0,1 0,0 0,1
LEAF 13,1 0,0 0,0 0,0 0,0 1,5 0,0 1,1 0,0 0,0
LEAF 13,1 0,0 0,0 0,0 1,0 0,0 0,0 0,0 0,0 0,0
LEAF 13,1 0,0 0,0 0,0 1,0 0,0 0,0 0,0 0,0 6,1
LEAF 13,1 0,0 0,0 0,0 1,0 0,0 0,0 0,0 0,0 3,6
LEAF 13,1 0,0 0,0 0,0 1,0 0,0 0,0 0,0 2,0 2,4
LEAF 13,1 0,0 0,0 0,0 1,0 0,0 0,0 0,0 3,0 6,0
LEAF 13,1 0,0 0,0 0,0 1,0 0,0 0,0 0,0 3,0 6,3
LEAF 13,1 0,0 0,0 0,0 1,0 0,0 0,0 0,0 5,0 6,2
LEAF 13,1 0,0 0,0 0,0 1,0 0,0 0,0 0,0 6,0 3,0
LEAF 13,1 0,0 0,0 0,0 1,0 0,0 0,0 0,0 0,1 0,6
LEAF 13,1 0,0 0,0 0,0 1,0 0,0 0,0 0,0 1,1 3,3
LEAF 13,1 0,0 0,0 0,0 1,0 0,0 0,0 0,0 2,1 7,2
LEAF 13,1 0,0 0,0 0,0 1,0 0,0 0,0 0,0 4,1 7,1
LEAF 13,1 0,0 0,0 0,0 1,0 0,0 0,0 0,0 6,1 0,0
LEAF 13,1 0,0 0,0 0,0 1,0 0,0 0,0 0,0 0,2 4,2
LEAF 13,1 0,0 0,0 0,0 1,0 0,0 0,0 0,0 1,2 8,1
LEAF 13,1 0,0 0,0 0,0 1,0 0,0 0,0 0,0 1,2 0,5
LEAF 13,1 0,0 0,0 0,0 1,0 0,0 0,0 0,0 3,2 8,0
LEAF 13,1 0,0 0,0 0,0 1,0 0,0 0,0 0,0 4,2 0,2
LEAF 13,1 0,0 0,0 0,0 1,0 0,0 0,0 0,0 0,3 9,0
LEAF 13,1 0,0 0,0 0,0 1,0 0,0 0,0 0,0 0,3 1,4
LEAF 13,1 0,0 0,0 0,0 1,0 0,0 0,0 0,0 3,3 1,1
LEAF 13,1 0,0 0,0 0,0 1,0 0,0 0,0 0,0 1,4 0,3
LEAF 13,1 0,0 0,0 0,0 1,0 0,0 0,0 0,0 2,4 2,0
LEAF 13,1 0,0 0,0 0,0 1,0 0,0 0,0 0,0 0,5 1,2
LEAF 13,1 0,0 0,0 0,0 1,0 0,0 0,0 0,0 0,6 0,1
LEAF 13,1 0,0 0,0 0,0 1,0 0,0 0,0 1,0 1,0 1,5
LEAF 13,1 0,0 0,0 0,0 1,0 0,0 0,0 2,0 0,0 2,4
LEAF 13,1 0,0 0,0 0,0 1,0 0,0 0,0 3,0 0,0 6,0
LEAF 13,1 0,0 0,0 0,0 1,0 0,0 0,0 3,0 0,0 6,3
LEAF 13,1 0,0 0,0 0,0 1,0 0,0 0,0 3,0 1,0 8,1
LEAF 13,1 0,0 0,0 0,0 1,0 0,0 0,0 5,0 0,0 6,2
LEAF 13,1 0,0 0,0 0,0 1,0 0,0 0,0 5,0 1,0 8,0
LEAF 13,1 0,0 0,0 0,0 1,0 0,0 0,0 6,0 0,0 3,0
LEAF 13,1 0,0 0,0 0,0 1,0 0,0 0,0 0,1 0,0 0,6
LEAF 13,1 0,0 0,0 0,0 1,0 0,0 0,0 0,1 1,0 2,4
LEAF 13,1 0,0 0,0 0,0 1,0 0,0 0,0 1,1 0,0 3,3
LEAF 13,1 0,0 0,0 0,0 1,0 0,0 0,0 2,1 0,0 7,2
LEAF 13,1 0,0 0,0 0,0 1,0 0,0 0,0 2,1 1,0 9,0
LEAF 13,1 0,0 0,0 0,0 1,0 0,0 0,0 4,1 0,0 7,1
LEAF 13,1 0,0 0,0 0,0 1,0 0,0 0,0 0,2 0,0 4,2
LEAF 13,1 0,0 0,0 0,0 1,0 0,0 0,0 1,2 0,0 8,1
LEAF 13,1 0,0 0,0 0,0 1,0 0,0 0,0 1,2 0,0 0,5
LEAF 13,1 0,0 0,0 0,0 1,0 0,0 0,0 3,2 0,0 8,0
LEAF 13,1 0,0 0,0 0,0 1,0 0,0 0,0 4,2 0,0 0,2
LEAF 13,1 0,0 0,0 0,0 1,0 0,0 0,0 0,3 0,0 9,0
LEAF 13,1 0,0 0,0 0,0 1,0 0,0 0,0 0,3 0,0 1,4
LEAF 13,1 0,0 0,0 0,0 1,0 0,0 0,0 3,3 0,0 1,1
LEAF 13,1 0,0 0,0 0,0 1,0 0,0 0,0 1,4 0,0 0,3
LEAF 13,1 0,0 0,0 0,0 1,0 0,0 0,0 2,4 0,0 2,0
LEAF 13,1 0,0 0,0 0,0 1,0 0,0 0,0 2,4 1,0 0,1
LEAF 13,1 0,0 0,0 0,0 1,0 0,0 0,0 0,5 0,0 1,2
LEAF 13,1 0,0 0,0 0,0 1,0 0,0 0,0 1,5 1,0 1,0
LEAF 13,1 0,0 0,0 0,0 1,0 0,0 0,0 0,6 0,0 0,1
LEAF 13,1 0,0 0,0 0,0 1,0 0,0 1,0 0,0 1,0 1,5
LEAF 13,1 0,0 0,0 0,0 1,0 0,0 1,0 1,0 0,0 1,5
LEAF 13,1 0,0 0,0 0,0 1,0 0,0 1,0 3,0 0,0 8,1
LEAF 13,1 0,0 0,0 0,0 1,0 0,0 1,0 5,0 0,0 8,0
LEAF 13,1 0,0 0,0 0,0 1,0 0,0 1,0 0,1 0,0 2,4
LEAF 13,1 0,0 0,0 0,0 1,0 0,0 1,0 2,1 0,0 9,0
LEAF 13,1 0,0 0,0 0,0 1,0 0,0 1,0 2,4 0,0 0,1
LEAF 13,1 0,0 0,0 0,0 1,0 0,0 1,0 1,5 0,0 1,0
LEAF 13,1 0,0 0,0 0,0 1,0 0,0 2,0 0,0 0,0 2,4
LEAF 13,1 0,0 0,0 0,0 1,0 0,0 3,0 0,0 0,0 6,0
LEAF 13,1 0,0 0,0 0,0 1,0 0,0 3,0 0,0 0,0 6,3
LEAF 13,1 0,0 0,0 0,0 1,0 0,0 5,0 0,0 0,0 6,2
LEAF 13,1 0,0 0,0 0,0 1,0 0,0 6,0 0,0 0,0 3,0
LEAF 13,1 0,0 0,0 0,0 1,0 0,0 0,1 0,0 0,0 0,6
LEAF 13,1 0,0 0,0 0,0 1,0 0,0 1,1 0,0 0,0 3,3
LEAF 13,1 0,0 0,0 0,0 1,0 0,0 2,1 0,0 0,0 7,2
LEAF 13,1 0,0 0,0 0,0 1,0 0,0 4,1 0,0 0,0 7,1
LEAF 13,1 0,0 0,0 0,0 1,0 0,0 0,2 0,0 0,0 4,2
LEAF 13,1 0,0 0,0 0,0 1,0 0,0 1,2 0,0 0,0 8,1
LEAF 13,1 0,0 0,0 0,0 1,0 0,0 1,2 0,0 0,0 0,5
LEAF 13,1 0,0 0,0 0,0 1,0 0,0 3,2 0,0 0,0 8,0
LEAF 13,1 0,0 0,0 0,0 1,0 0,0 4,2 0,0 0,0 0,2
LEAF 13,1 0,0 0,0 0,0 1,0 0,0 0,3 0,0 0,0 9,0
LEAF 13,1 0,0 0,0 0,0 1,0 0,0 0,3 0,0 0,0 1,4
LEAF 13,1 0,0 0,0 0,0 1,0 0,0 3,3 0,0 0,0 1,1
LEAF 13,1 0,0 0,0 0,0 1,0 0,0 1,4 0,0 0,0 0,3
LEAF 13,1 0,0 0,0 0,0 1,0 0,0 2,4 0,0 0,0 2,0
LEAF 13,1 0,0 0,0 0,0 1,0 0,0 0,5 0,0 0,0 1,2
LEAF 13,1 0,0 0,0 0,0 1,0 1,0 0,0 0,0 1,0 1,5
LEAF 13,1 0,0 0,0 0,0 1,0 1,0 0,0 0,0 3,0 8,1
LEAF 13,1 0,0 0,0 0,0 1,0 1,0 0,0 0,0 5,0 8,0
LEAF 13,1 0,0 0,0 0,0 1,0 1,0 0,0 0,0 0,1 2,4
LEAF 13,1 0,0 0,0 0,0 1,0 1,0 0,0 0,0 2,1 9,0
LEAF 13,1 0,0 0,0 0,0 1,0 1,0 0,0 0,0 2,4 0,1
LEAF 13,1 0,0 0,0 0,0 1,0 1,0 0,0 0,0 1,5 1,0
LEAF 13,1 0,0 0,0 0,0 1,0 1,0 0,0 1,0 0,0 1,5
LEAF 13,1 0,0 0,0 0,0 1,0 1,0 0,0 3,0 0,0 8,1
LEAF 13,1 0,0 0,0 0,0 1,0 1,0 0,0 5,0 0,0 8,0
LEAF 13,1 0,0 0,0 0,0 1,0 1,0 0,0 0,1 0,0 2,4
LEAF 13,1 0,0 0,0 0,0 1,0 1,0 0,0 2,1 0,0 9,0
LEAF 13,1 0,0 0,0 0,0 1,0 1,0 0,0 2,4 0,0 0,1
LEAF 13,1 0,0 0,0 0,0 1,0 1,0 0,0 1,5 0,0 1,0
LEAF 13,1 0,0 0,0 0,0 1,0 1,0 0,0 1,5 1,0 0,0
LEAF 13,1 0,0 0,0 0,0 1,0 1,0 1,0 0,0 0,0 1,5
LEAF 13,1 0,0 0,0 0,0 1,0 1,0 1,0 1,5 0,0 0,0
LEAF 13,1 0,0 0,0 0,0 1,0 1,0 3,0 0,0 0,0 8,1
LEAF 13,1 0,0 0,0 0,0 1,0 1,0 5,0 0,0 0,0 8,0
LEAF 13,1 0,0 0,0 0,0 1,0 1,0 0,1 0,0 0,0 2,4
LEAF 13,1 0,0 0,0 0,0 1,0 1,0 2,1 0,0 0,0 9,0
LEAF 13,1 0,0 0,0 0,0 1,0 1,0 2,4 0,0 0,0 0,1
LEAF 13,1 0,0 0,0 0,0 1,0 2,0 0,0 0,0 0,0 2,4
LEAF 13,1 0,0 0,0 0,0 1,0 2,0 0,0 0,0 2,0 7,2
LEAF 13,1 0,0 0,0 0,0 1,0 2,0 0,0 0,0 1,1 8,1
LEAF 13,1 0,0 0,0 0,0 1,0 2,0 0,0 0,0 0,2 9,0
LEAF 13,1 0,0 0,0 0,0 1,0 2,0 0,0 0,0 2,4 0,0
LEAF 13,1 0,0 0,0 0,0 1,0 2,0 0,0 1,0 2,0 9,0
LEAF 13,1 0,0 0,0 0,0 1,0 2,0 0,0 2,0 0,0 7,2
LEAF 13,1 0,0 0,0 0,0 1,0 2,0 0,0 2,0 1,0 9,0
LEAF 13,1 0,0 0,0 0,0 1,0 2,0 0,0 1,1 0,0 8,1
LEAF 13,1 0,0 0,0 0,0 1,0 2,0 0,0 0,2 0,0 9,0
LEAF 13,1 0,0 0,0 0,0 1,0 2,0 0,0 2,4 0,0 0,0
LEAF 13,1 0,0 0,0 0,0 1,0 2,0 1,0 2,0 0,0 9,0
LEAF 13,1 0,0 0,0 0,0 1,0 2,0 2,0 0,0 0,0 7,2
LEAF 13,1 0,0 0,0 0,0 1,0 2,0 2,0 1,0 0,0 9,0
LEAF 13,1 0,0 0,0 0,0 1,0 2,0 1,1 0,0 0,0 8,1
LEAF 13,1 0,0 0,0 0,0 1,0 2,0 0,2 0,0 0,0 9,0
LEAF 13,1 0,0 0,0 0,0 1,0 3,0 0,0 0,0 0,0 6,0
LEAF 13,1 0,0 0,0 0,0 1,0 3,0 0,0 0,0 0,0 6,3
LEAF 13,1 0,0 0,0 0,0 1,0 3,0 0,0 0,0 1,0 8,1
LEAF 13,1 0,0 0,0 0,0 1,0 3,0 0,0 0,0 6,0 0,0
LEAF 13,1 0,0 0,0 0,0 1,0 3,0 0,0 0,0 0,1 9,0
LEAF 13,1 0,0 0,0 0,0 1,0 3,0 0,0 1,0 0,0 8,1
LEAF 13,1 0,0 0,0 0,0 1,0 3,0 0,0 6,0 0,0 0,0
LEAF 13,1 0,0 0,0 0,0 1,0 3,0 0,0 0,1 0,0 9,0
LEAF 13,1 0,0 0,0 0,0 1,0 3,0 1,0 0,0 0,0 8,1
LEAF 13,1 0,0 0,0 0,0 1,0 3,0 0,1 0,0 0,0 9,0
LEAF 13,1 0,0 0,0 0,0 1,0 5,0 0,0 0,0 0,0 6,2
LEAF 13,1 0,0 0,0 0,0 1,0 5,0 0,0 0,0 1,0 8,0
LEAF 13,1 0,0 0,0 0,0 1,0 5,0 0,0 1,0 0,0 8,0
LEAF 13,1 0,0 0,0 0,0 1,0 5,0 1,0 0,0 0,0 8,0
LEAF 13,1 0,0 0,0 0,0 1,0 6,0 0,0 0,0 0,0 3,0
LEAF 13,1 0,0 0,0 0,0 1,0 6,0 0,0 0,0 3,0 0,0
LEAF 13,1 0,0 0,0 0,0 1,0 6,0 0,0 3,0 0,0 0,0
LEAF 13,1 0,0 0,0 0,0 1,0 0,1 0,0 0,0 0,0 0,6
LEAF 13,1 0,0 0,0 0,0 1,0 0,1 0,0 0,0 1,0 2,4
LEAF 13,1 0,0 0,0 0,0 1,0 0,1 0,0 0,0 3,0 9,0
LEAF 13,1 0,0 0,0 0,0 1,0 0,1 0,0 0,0 0,1 3,3
LEAF 13,1 0,0 0,0 0,0 1,0 0,1 0,0 0,0 3,3 0,1
LEAF 13,1 0,0 0,0 0,0 1,0 0,1 0,0 0,0 2,4 1,0
LEAF 13,1 0,0 0,0 0,0 1,0 0,1 0,0 0,0 0,6 0,0
LEAF 13,1 0,0 0,0 0,0 1,0 0,1 0,0 1,0 0,0 2,4
LEAF 13,1 0,0 0,0 0,0 1,0 0,1 0,0 3,0 0,0 9,0
LEAF 13,1 0,0 0,0 0,0 1,0 0,1 0,0 0,1 0,0 3,3
LEAF 13,1 0,0 0,0 0,0 1,0 0,1 0,0 3,3 0,0 0,1
LEAF 13,1 0,0 0,0 0,0 1,0 0,1 0,0 2,4 0,0 1,0
LEAF 13,1 0,0 0,0 0,0 1,0 0,1 0,0 2,4 1,0 0,0
LEAF 13,1 0,0 0,0 0,0 1,0 0,1 0,0 0,6 0,0 0,0
LEAF 13,1 0,0 0,0 0,0 1,0 0,1 1,0 0,0 0,0 2,4
LEAF 13,1 0,0 0,0 0,0 1,0 0,1 1,0 2,4 0,0 0,0
LEAF 13,1 0,0 0,0 0,0 1,0 0,1 3,0 0,0 0,0 9,0
LEAF 13,1 0,0 0,0 0,0 1,0 0,1 0,1 0,0 0,0 3,3
LEAF 13,1 0,0 0,0 0,0 1,0 0,1 3,3 0,0 0,0 0,1
LEAF 13,1 0,0 0,0 0,0 1,0 0,1 2,4 0,0 0,0 1,0
LEAF 13,1 0,0 0,0 0,0 1,0 1,1 0,0 0,0 0,0 3,3
LEAF 13,1 0,0 0,0 0,0 1,0 1,1 0,0 0,0 2,0 8,1
LEAF 13,1 0,0 0,0 0,0 1,0 1,1 0,0 0,0 1,1 9,0
LEAF 13,1 0,0 0,0 0,0 1,0 1,1 0,0 0,0 3,3 0,0
LEAF 13,1 0,0 0,0 0,0 1,0 1,1 0,0 2,0 0,0 8,1
LEAF 13,1 0,0 0,0 0,0 1,0 1,1 0,0 1,1 0,0 9,0
LEAF 13,1 0,0 0,0 0,0 1,0 1,1 0,0 3,3 0,0 0,0
LEAF 13,1 0,0 0,0 0,0 1,0 1,1 2,0 0,0 0,0 8,1
LEAF 13,1 0,0 0,0 0,0 1,0 1,1 1,1 0,0 0,0 9,0
LEAF 13,1 0,0 0,0 0,0 1,0 2,1 0,0 0,0 0,0 7,2
LEAF 13,1 0,0 0,0 0,0 1,0 2,1 0,0 0,0 1,0 9,0
LEAF 13,1 0,0 0,0 0,0 1,0 2,1 0,0 1,0 0,0 9,0
LEAF 13,1 0,0 0,0 0,0 1,0 2,1 1,0 0,0 0,0 9,0
LEAF 13,1 0,0 0,0 0,0 1,0 4,1 0,0 0,0 0,0 7,1
LEAF 13,1 0,0 0,0 0,0 1,0 0,2 0,0 0,0 0,0 4,2
LEAF 13,1 0,0 0,0 0,0 1,0 0,2 0,0 0,0 2,0 9,0
LEAF 13,1 0,0 0,0 0,0 1,0 0,2 0,0 0,0 4,2 0,0
LEAF 13,1 0,0 0,0 0,0 1,0 0,2 0,0 2,0 0,0 9,0
LEAF 13,1 0,0 0,0 0,0 1,0 0,2 0,0 4,2 0,0 0,0
LEAF 13,1 0,0 0,0 0,0 1,0 0,2 2,0 0,0 0,0 9,0
LEAF 13,1 0,0 0,0 0,0 1,0 1,2 0,0 0,0 0,0 8,1
LEAF 13,1 0,0 0,0 0,0 1,0 1,2 0,0 0,0 0,0 0,5
LEAF 13,1 0,0 0,0 0,0 1,0 1,2 0,0 0,0 0,5 0,0
LEAF 13,1 0,0 0,0 0,0 1,0 1,2 0,0 0,5 0,0 0,0
LEAF 13,1 0,0 0,0 0,0 1,0 1,2 0,5 0,0 0,0 0,0
LEAF 13,1 0,0 0,0 0,0 1,0 3,2 0,0 0,0 0,0 8,0
LEAF 13,1 0,0 0,0 0,0 1,0 4,2 0,0 0,0 0,0 0,2
LEAF 13,1 0,0 0,0 0,0 1,0 4,2 0,0 0,0 0,2 0,0
LEAF 13,1 0,0 0,0 0,0 1,0 4,2 0,0 0,2 0,0 0,0
LEAF 13,1 0,0 0,0 0,0 1,0 0,3 0,0 0,0 0,0 9,0
LEAF 13,1 0,0 0,0 0,0 1,0 0,3 0,0 0,0 0,0 1,4
LEAF 13,1 0,0 0,0 0,0 1,0 0,3 0,0 0,0 1,4 0,0
LEAF 13,1 0,0 0,0 0,0 1,0 0,3 0,0 1,4 0,0 0,0
LEAF 13,1 0,0 0,0 0,0 1,0 0,3 1,4 0,0 0,0 0,0
LEAF 13,1 0,0 0,0 0,0 1,0 3,3 0,0 0,0 0,0 1,1
LEAF 13,1 0,0 0,0 0,0 1,0 3,3 0,0 0,0 0,1 0,1
LEAF 13,1 0,0 0,0 0,0 1,0 3,3 0,0 0,0 1,1 0,0
LEAF 13,1 0,0 0,0 0,0 1,0 3,3 0,0 0,1 0,0 0,1
LEAF 13,1 0,0 0,0 0,0 1,0 3,3 0,0 1,1 0,0 0,0
LEAF 13,1 0,0 0,0 0,0 1,0 1,4 0,0 0,0 0,0 0,3
LEAF 13,1 0,0 0,0 0,0 1,0 1,4 0,0 0,0 0,3 0,0
LEAF 13,1 0,0 0,0 0,0 1,0 1,4 0,0 0,3 0,0 0,0
LEAF 13,1 0,0 0,0 0,0 1,0 1,4 0,3 0,0 0,0 0,0
LEAF 13,1 0,0 0,0 0,0 1,0 2,4 0,0 0,0 0,0 2,0
LEAF 13,1 0,0 0,0 0,0 1,0 2,4 0,0 0,0 1,0 0,1
LEAF 13,1 0,0 0,0 0,0 1,0 2,4 0,0 0,0 2,0 0,0
LEAF 13,1 0,0 0,0 0,0 1,0 2,4 0,0 0,0 0,1 1,0
LEAF 13,1 0,0 0,0 0,0 1,0 2,4 0,0 1,0 0,0 0,1
LEAF 13,1 0,0 0,0 0,0 1,0 2,4 0,0 0,1 0,0 1,0
LEAF 13,1 0,0 0,0 0,0 1,0 2,4 0,0 0,1 1,0 0,0
LEAF 13,1 0,0 0,0 0,0 1,0 0,5 0,0 0,0 0,0 1,2
LEAF 13,1 0,0 0,0 0,0 1,0 0,5 0,0 0,0 1,2 0,0
LEAF 13,1 0,0 0,0 0,0 1,0 0,5 0,0 1,2 0,0 0,0
LEAF 13,1 0,0 0,0 0,0 1,0 0,5 1,2 0,0 0,0 0,0
LEAF 13,1 0,0 0,0 0,0 2,0 0,0 0,0 0,0 0,0 0,6
LEAF 13,1 0,0 0,0 0,0 2,0 0,0 0,0 0,0 1,0 2,4
LEAF 13,1 0,0 0,0 0,0 2,0 0,0 0,0 1,0 0,0 2,4
LEAF 13,1 0,0 0,0 0,0 2,0 0,0 0,0 2,0 1,0 7,2
LEAF 13,1 0,0 0,0 0,0 2,0 0,0 0,0 3,0 0,0 9,0
LEAF 13,1 0,0 0,0 0,0 2,0 0,0 0,0 0,1 0,0 3,3
LEAF 13,1 0,0 0,0 0,0 2,0 0,0 0,0 1,1 1,0 8,1
LEAF 13,1 0,0 0,0 0,0 2,0 0,0 0,0 0,2 1,0 9,0
LEAF 13,1 0,0 0,0 0,0 2,0 0,0 0,0 3,3 0,0 0,1
LEAF 13,1 0,0 0,0 0,0 2,0 0,0 0,0 2,4 0,0 1,0
LEAF 13,1 0,0 0,0 0,0 2,0 0,0 0,0 2,4 1,0 0,0
LEAF 13,1 0,0 0,0 0,0 2,0 0,0 0,0 0,6 0,0 0,0
LEAF 13,1 0,0 0,0 0,0 2,0 0,0 1,0 0,0 0,0 2,4
LEAF 13,1 0,0 0,0 0,0 2,0 0,0 1,0 2,0 0,0 7,2
LEAF 13,1 0,0 0,0 0,0 2,0 0,0 3,0 0,0 0,0 9,0
LEAF 13,1 0,0 0,0 0,0 2,0 0,0 0,1 0,0 0,0 3,3
LEAF 13,1 0,0 0,0 0,0 2,0 0,0 3,3 0,0 0,0 0,1
LEAF 13,1 0,0 0,0 0,0 2,0 0,0 2,4 0,0 0,0 1,0
LEAF 13,1 0,0 0,0 0,0 2,0 1,0 0,0 0,0 0,0 2,4
LEAF 13,1 0,0 0,0 0,0 2,0 1,0 0,0 2,0 0,0 7,2
LEAF 13,1 0,0 0,0 0,0 2,0 1,0 0,0 2,0 1,0 9,0
LEAF 13,1 0,0 0,0 0,0 2,0 1,0 0,0 1,1 0,0 8,1
LEAF 13,1 0,0 0,0 0,0 2,0 1,0 0,0 0,2 0,0 9,0
LEAF 13,1 0,0 0,0 0,0 2,0 1,0 0,0 2,4 0,0 0,0
LEAF 13,1 0,0 0,0 0,0 2,0 1,0 2,0 0,0 0,0 7,2
LEAF 13,1 0,0 0,0 0,0 2,0 1,0 1,1 0,0 0,0 8,1
LEAF 13,1 0,0 0,0 0,0 2,0 1,0 0,2 0,0 0,0 9,0
LEAF 13,1 0,0 0,0 0,0 2,0 2,0 1,0 0,0 0,0 7,2
LEAF 13,1 0,0 0,0 0,0 2,0 2,0 0,1 0,0 0,0 8,1
LEAF 13,1 0,0 0,0 0,0 3,0 0,0 0,0 0,0 0,0 4,2
LEAF 13,1 0,0 0,0 0,0 3,0 0,0 0,0 0,0 1,0 6,0
LEAF 13,1 0,0 0,0 0,0 3,0 0,0 0,0 0,0 1,0 6,3
LEAF 13,1 0,0 0,0 0,0 3,0 0,0 0,0 1,0 0,0 6,0
LEAF 13,1 0,0 0,0 0,0 3,0 0,0 0,0 1,0 0,0 6,3
LEAF 13,1 0,0 0,0 0,0 3,0 0,0 0,0 1,0 1,0 8,1
LEAF 13,1 0,0 0,0 0,0 3,0 0,0 0,0 2,0 0,0 9,0
LEAF 13,1 0,0 0,0 0,0 3,0 0,0 0,0 6,0 0,0 1,0
LEAF 13,1 0,0 0,0 0,0 3,0 0,0 0,0 6,0 1,0 0,0
LEAF 13,1 0,0 0,0 0,0 3,0 0,0 0,0 0,1 0,0 7,2
LEAF 13,1 0,0 0,0 0,0 3,0 0,0 0,0 0,1 1,0 9,0
LEAF 13,1 0,0 0,0 0,0 3,0 0,0 0,0 4,2 0,0 0,0
LEAF 13,1 0,0 0,0 0,0 3,0 0,0 1,0 0,0 0,0 6,0
LEAF 13,1 0,0 0,0 0,0 3,0 0,0 1,0 0,0 0,0 6,3
LEAF 13,1 0,0 0,0 0,0 3,0 0,0 1,0 1,0 0,0 8,1
LEAF 13,1 0,0 0,0 0,0 3,0 0,0 2,0 0,0 0,0 9,0
LEAF 13,1 0,0 0,0 0,0 3,0 0,0 6,0 0,0 0,0 1,0
LEAF 13,1 0,0 0,0 0,0 3,0 0,0 0,1 0,0 0,0 7,2
LEAF 13,1 0,0 0,0 0,0 3,0 0,0 4,2 0,0 0,0 0,0
LEAF 13,1 0,0 0,0 0,0 3,0 1,0 0,0 0,0 0,0 6,0
LEAF 13,1 0,0 0,0 0,0 3,0 1,0 0,0 0,0 0,0 6,3
LEAF 13,1 0,0 0,0 0,0 3,0 1,0 0,0 1,0 0,0 8,1
LEAF 13,1 0,0 0,0 0,0 3,0 1,0 1,0 0,0 0,0 8,1
LEAF 13,1 0,0 0,0 0,0 3,0 1,0 6,0 0,0 0,0 0,0
LEAF 13,1 0,0 0,0 0,0 3,0 1,0 0,1 0,0 0,0 9,0
LEAF 13,1 0,0 0,0 0,0 4,0 0,0 0,0 0,0 0,0 9,0
LEAF 13,1 0,0 0,0 0,0 4,0 0,0 0,0 0,0 0,0 1,4
LEAF 13,1 0,0 0,0 0,0 4,0 0,0 0,0 1,4 0,0 0,0
LEAF 13,1 0,0 0,0 0,0 4,0 0,0 1,4 0,0 0,0 0,0
LEAF 13,1 0,0 0,0 0,0 5,0 0,0 0,0 0,0 0,0 0,4
LEAF 13,1 0,0 0,0 0,0 5,0 0,0 0,0 0,0 1,0 6,2
LEAF 13,1 0,0 0,0 0,0 5,0 0,0 0,0 1,0 0,0 6,2
LEAF 13,1 0,0 0,0 0,0 5,0 0,0 0,0 1,0 1,0 8,0
LEAF 13,1 0,0 0,0 0,0 5,0 0,0 0,0 0,1 0,0 7,1
LEAF 13,1 0,0 0,0 0,0 5,0 0,0 0,0 0,4 0,0 0,0
LEAF 13,1 0,0 0,0 0,0 5,0 0,0 1,0 0,0 0,0 6,2
LEAF 13,1 0,0 0,0 0,0 5,0 0,0 1,0 1,0 0,0 8,0
LEAF 13,1 0,0 0,0 0,0 5,0 0,0 0,1 0,0 0,0 7,1
LEAF 13,1 0,0 0,0 0,0 5,0 0,0 0,4 0,0 0,0 0,0
LEAF 13,1 0,0 0,0 0,0 5,0 1,0 0,0 0,0 0,0 6,2
LEAF 13,1 0,0 0,0 0,0 5,0 1,0 1,0 0,0 0,0 8,0
LEAF 13,1 0,0 0,0 0,0 6,0 0,0 0,0 0,0 0,0 1,2
LEAF 13,1 0,0 0,0 0,0 6,0 0,0 0,0 0,0 1,0 3,0
LEAF 13,1 0,0 0,0 0,0 6,0 0,0 0,0 1,0 0,0 3,0
LEAF 13,1 0,0 0,0 0,0 6,0 0,0 0,0 3,0 0,0 1,0
LEAF 13,1 0,0 0,0 0,0 6,0 0,0 0,0 3,0 1,0 0,0
LEAF 13,1 0,0 0,0 0,0 6,0 0,0 0,0 1,2 0,0 0,0
LEAF 13,1 0,0 0,0 0,0 6,0 0,0 1,0 0,0 0,0 3,0
LEAF 13,1 0,0 0,0 0,0 6,0 0,0 3,0 0,0 0,0 1,0
LEAF 13,1 0,0 0,0 0,0 6,0 0,0 1,2 0,0 0,0 0,0
LEAF 13,1 0,0 0,0 0,0 6,0 1,0 0,0 0,0 0,0 3,0
LEAF 13,1 0,0 0,0 0,0 6,0 1,0 3,0 0,0 0,0 0,0
LEAF 13,1 0,0 0,0 0,0 0,1 0,0 0,0 0,0 0,0 7,0
LEAF 13,1 0,0 0,0 0,0 0,1 0,0 0,0 0,0 0,0 4,5
LEAF 13,1 0,0 0,0 0,0 0,1 0,0 0,0 0,0 1,0 0,6
LEAF 13,1 0,0 0,0 0,0 0,1 0,0 0,0 1,0 0,0 0,6
LEAF 13,1 0,0 0,0 0,0 0,1 0,0 0,0 1,0 1,0 2,4
LEAF 13,1 0,0 0,0 0,0 0,1 0,0 0,0 2,0 0,0 3,3
LEAF 13,1 0,0 0,0 0,0 0,1 0,0 0,0 3,0 0,0 7,2
LEAF 13,1 0,0 0,0 0,0 0,1 0,0 0,0 3,0 1,0 9,0
LEAF 13,1 0,0 0,0 0,0 0,1 0,0 0,0 5,0 0,0 7,1
LEAF 13,1 0,0 0,0 0,0 0,1 0,0 0,0 0,1 0,0 1,5
LEAF 13,1 0,0 0,0 0,0 0,1 0,0 0,0 0,1 1,0 3,3
LEAF 13,1 0,0 0,0 0,0 0,1 0,0 0,0 1,1 0,0 4,2
LEAF 13,1 0,0 0,0 0,0 0,1 0,0 0,0 2,1 0,0 8,1
LEAF 13,1 0,0 0,0 0,0 0,1 0,0 0,0 2,1 0,0 0,5
LEAF 13,1 0,0 0,0 0,0 0,1 0,0 0,0 4,1 0,0 8,0
LEAF 13,1 0,0 0,0 0,0 0,1 0,0 0,0 5,1 0,0 0,2
LEAF 13,1 0,0 0,0 0,0 0,1 0,0 0,0 0,2 0,0 5,1
LEAF 13,1 0,0 0,0 0,0 0,1 0,0 0,0 1,2 0,0 9,0
LEAF 13,1 0,0 0,0 0,0 0,1 0,0 0,0 1,2 0,0 1,4
LEAF 13,1 0,0 0,0 0,0 0,1 0,0 0,0 4,2 0,0 1,1
LEAF 13,1 0,0 0,0 0,0 0,1 0,0 0,0 0,3 0,0 2,3
LEAF 13,1 0,0 0,0 0,0 0,1 0,0 0,0 2,3 0,0 0,3
LEAF 13,1 0,0 0,0 0,0 0,1 0,0 0,0 3,3 0,0 2,0
LEAF 13,1 0,0 0,0 0,0 0,1 0,0 0,0 3,3 1,0 0,1
LEAF 13,1 0,0 0,0 0,0 0,1 0,0 0,0 1,4 0,0 1,2
LEAF 13,1 0,0 0,0 0,0 0,1 0,0 0,0 2,4 1,0 1,0
LEAF 13,1 0,0 0,0 0,0 0,1 0,0 0,0 0,5 0,0 2,1
LEAF 13,1 0,0 0,0 0,0 0,1 0,0 0,0 1,5 0,0 0,1
LEAF 13,1 0,0 0,0 0,0 0,1 0,0 0,0 0,6 0,0 1,0
LEAF 13,1 0,0 0,0 0,0 0,1 0,0 1,0 0,0 0,0 0,6
LEAF 13,1 0,0 0,0 0,0 0,1 0,0 1,0 1,0 0,0 2,4
LEAF 13,1 0,0 0,0 0,0 0,1 0,0 2,0 0,0 0,0 3,3
LEAF 13,1 0,0 0,0 0,0 0,1 0,0 3,0 0,0 0,0 7,2
LEAF 13,1 0,0 0,0 0,0 0,1 0,0 5,0 0,0 0,0 7,1
LEAF 13,1 0,0 0,0 0,0 0,1 0,0 0,1 0,0 0,0 1,5
LEAF 13,1 0,0 0,0 0,0 0,1 0,0 1,1 0,0 0,0 4,2
LEAF 13,1 0,0 0,0 0,0 0,1 0,0 2,1 0,0 0,0 8,1
LEAF 13,1 0,0 0,0 0,0 0,1 0,0 2,1 0,0 0,0 0,5
LEAF 13,1 0,0 0,0 0,0 0,1 0,0 4,1 0,0 0,0 8,0
LEAF 13,1 0,0 0,0 0,0 0,1 0,0 5,1 0,0 0,0 0,2
LEAF 13,1 0,0 0,0 0,0 0,1 0,0 0,2 0,0 0,0 5,1
LEAF 13,1 0,0 0,0 0,0 0,1 0,0 1,2 0,0 0,0 9,0
LEAF 13,1 0,0 0,0 0,0 0,1 0,0 1,2 0,0 0,0 1,4
LEAF 13,1 0,0 0,0 0,0 0,1 0,0 4,2 0,0 0,0 1,1
LEAF 13,1 0,0 0,0 0,0 0,1 0,0 0,3 0,0 0,0 2,3
LEAF 13,1 0,0 0,0 0,0 0,1 0,0 2,3 0,0 0,0 0,3
LEAF 13,1 0,0 0,0 0,0 0,1 0,0 3,3 0,0 0,0 2,0
LEAF 13,1 0,0 0,0 0,0 0,1 0,0 1,4 0,0 0,0 1,2
LEAF 13,1 0,0 0,0 0,0 0,1 0,0 0,5 0,0 0,0 2,1
LEAF 13,1 0,0 0,0 0,0 0,1 0,0 1,5 0,0 0,0 0,1
LEAF 13,1 0,0 0,0 0,0 0,1 1,0 0,0 0,0 0,0 0,6
LEAF 13,1 0,0 0,0 0,0 0,1 1,0 1,0 0,0 0,0 2,4
LEAF 13,1 0,0 0,0 0,0 0,1 1,0 3,0 0,0 0,0 9,0
LEAF 13,1 0,0 0,0 0,0 0,1 1,0 0,1 0,0 0,0 3,3
LEAF 13,1 0,0 0,0 0,0 0,1 1,0 3,3 0,0 0,0 0,1
LEAF 13,1 0,0 0,0 0,0 0,1 1,0 2,4 0,0 0,0 1,0
LEAF 13,1 0,0 0,0 0,0 1,1 0,0 0,0 0,0 0,0 1,5
LEAF 13,1 0,0 0,0 0,0 1,1 0,0 0,0 0,0 1,0 3,3
LEAF 13,1 0,0 0,0 0,0 1,1 0,0 0,0 1,0 0,0 3,3
LEAF 13,1 0,0 0,0 0,0 1,1 0,0 0,0 2,0 1,0 8,1
LEAF 13,1 0,0 0,0 0,0 1,1 0,0 0,0 0,1 0,0 4,2
LEAF 13,1 0,0 0,0 0,0 1,1 0,0 0,0 1,1 1,0 9,0
LEAF 13,1 0,0 0,0 0,0 1,1 0,0 0,0 4,2 0,0 0,1
LEAF 13,1 0,0 0,0 0,0 1,1 0,0 0,0 3,3 0,0 1,0
LEAF 13,1 0,0 0,0 0,0 1,1 0,0 0,0 3,3 1,0 0,0
LEAF 13,1 0,0 0,0 0,0 1,1 0,0 0,0 1,5 0,0 0,0
LEAF 13,1 0,0 0,0 0,0 1,1 0,0 1,0 0,0 0,0 3,3
LEAF 13,1 0,0 0,0 0,0 1,1 0,0 0,1 0,0 0,0 4,2
LEAF 13,1 0,0 0,0 0,0 1,1 0,0 4,2 0,0 0,0 0,1
LEAF 13,1 0,0 0,0 0,0 1,1 0,0 3,3 0,0 0,0 1,0
LEAF 13,1 0,0 0,0 0,0 1,1 0,0 1,5 0,0 0,0 0,0
LEAF 13,1 0,0 0,0 0,0 1,1 1,0 0,0 0,0 0,0 3,3
LEAF 13,1 0,0 0,0 0,0 1,1 1,0 2,0 0,0 0,0 8,1
LEAF 13,1 0,0 0,0 0,0 1,1 1,0 1,1 0,0 0,0 9,0
LEAF 13,1 0,0 0,0 0,0 1,1 1,0 3,3 0,0 0,0 0,0
LEAF 13,1 0,0 0,0 0,0 2,1 0,0 0,0 0,0 0,0 5,1
LEAF 13,1 0,0 0,0 0,0 2,1 0,0 0,0 0,0 1,0 7,2
LEAF 13,1 0,0 0,0 0,0 2,1 0,0 0,0 1,0 0,0 7,2
LEAF 13,1 0,0 0,0 0,0 2,1 0,0 0,0 1,0 1,0 9,0
LEAF 13,1 0,0 0,0 0,0 2,1 0,0 0,0 0,1 0,0 8,1
LEAF 13,1 0,0 0,0 0,0 2,1 0,0 0,0 0,1 0,0 0,5
LEAF 13,1 0,0 0,0 0,0 2,1 0,0 0,0 5,1 0,0 0,0
LEAF 13,1 0,0 0,0 0,0 2,1 0,0 0,0 0,5 0,0 0,1
LEAF 13,1 0,0 0,0 0,0 2,1 0,0 1,0 0,0 0,0 7,2
LEAF 13,1 0,0 0,0 0,0 2,1 0,0 1,0 1,0 0,0 9,0
LEAF 13,1 0,0 0,0 0,0 2,1 0,0 0,1 0,0 0,0 8,1
LEAF 13,1 0,0 0,0 0,0 2,1 0,0 0,1 0,0 0,0 0,5
LEAF 13,1 0,0 0,0 0,0 2,1 0,0 5,1 0,0 0,0 0,0
LEAF 13,1 0,0 0,0 0,0 2,1 0,0 0,5 0,0 0,0 0,1
LEAF 13,1 0,0 0,0 0,0 2,1 1,0 0,0 0,0 0,0 7,2
LEAF 13,1 0,0 0,0 0,0 2,1 1,0 1,0 0,0 0,0 9,0
LEAF 13,1 0,0 0,0 0,0 3,1 0,0 0,0 0,0 0,0 2,3
LEAF 13,1 0,0 0,0 0,0 3,1 0,0 0,0 2,3 0,0 0,0
LEAF 13,1 0,0 0,0 0,0 3,1 0,0 2,3 0,0 0,0 0,0
LEAF 13,1 0,0 0,0 0,0 4,1 0,0 0,0 0,0 0,0 1,3
LEAF 13,1 0,0 0,0 0,0 4,1 0,0 0,0 0,0 1,0 7,1
LEAF 13,1 0,0 0,0 0,0 4,1 0,0 0,0 1,0 0,0 7,1
LEAF 13,1 0,0 0,0 0,0 4,1 0,0 0,0 0,1 0,0 8,0
LEAF 13,1 0,0 0,0 0,0 4,1 0,0 0,0 1,3 0,0 0,0
LEAF 13,1 0,0 0,0 0,0 4,1 0,0 1,0 0,0 0,0 7,1
LEAF 13,1 0,0 0,0 0,0 4,1 0,0 0,1 0,0 0,0 8,0
LEAF 13,1 0,0 0,0 0,0 4,1 0,0 1,3 0,0 0,0 0,0
LEAF 13,1 0,0 0,0 0,0 4,1 1,0 0,0 0,0 0,0 7,1
LEAF 13,1 0,0 0,0 0,0 5,1 0,0 0,0 0,0 0,0 2,1
LEAF 13,1 0,0 0,0 0,0 5,1 0,0 0,0 0,1 0,0 0,2
LEAF 13,1 0,0 0,0 0,0 5,1 0,0 0,0 2,1 0,0 0,0
LEAF 13,1 0,0 0,0 0,0 5,1 0,0 0,0 0,2 0,0 0,1
LEAF 13,1 0,0 0,0 0,0 5,1 0,0 0,1 0,0 0,0 0,2
LEAF 13,1 0,0 0,0 0,0 5,1 0,0 2,1 0,0 0,0 0,0
LEAF 13,1 0,0 0,0 0,0 5,1 0,0 0,2 0,0 0,0 0,1
LEAF 13,1 0,0 0,0 0,0 0,2 0,0 0,0 0,0 0,0 2,4
LEAF 13,1 0,0 0,0 0,0 0,2 0,0 0,0 0,0 1,0 4,2
LEAF 13,1 0,0 0,0 0,0 0,2 0,0 0,0 1,0 0,0 4,2
LEAF 13,1 0,0 0,0 0,0 0,2 0,0 0,0 2,0 1,0 9,0
LEAF 13,1 0,0 0,0 0,0 0,2 0,0 0,0 0,1 0,0 5,1
LEAF 13,1 0,0 0,0 0,0 0,2 0,0 0,0 5,1 0,0 0,1
LEAF 13,1 0,0 0,0 0,0 0,2 0,0 0,0 4,2 0,0 1,0
LEAF 13,1 0,0 0,0 0,0 0,2 0,0 0,0 4,2 1,0 0,0
LEAF 13,1 0,0 0,0 0,0 0,2 0,0 0,0 2,4 0,0 0,0
LEAF 13,1 0,0 0,0 0,0 0,2 0,0 1,0 0,0 0,0 4,2
LEAF 13,1 0,0 0,0 0,0 0,2 0,0 0,1 0,0 0,0 5,1
LEAF 13,1 0,0 0,0 0,0 0,2 0,0 5,1 0,0 0,0 0,1
LEAF 13,1 0,0 0,0 0,0 0,2 0,0 4,2 0,0 0,0 1,0
LEAF 13,1 0,0 0,0 0,0 0,2 0,0 2,4 0,0 0,0 0,0
LEAF 13,1 0,0 0,0 0,0 0,2 1,0 0,0 0,0 0,0 4,2
LEAF 13,1 0,0 0,0 0,0 0,2 1,0 2,0 0,0 0,0 9,0
LEAF 13,1 0,0 0,0 0,0 0,2 1,0 4,2 0,0 0,0 0,0
LEAF 13,1 0,0 0,0 0,0 1,2 0,0 0,0 0,0 0,0 6,0
LEAF 13,1 0,0 0,0 0,0 1,2 0,0 0,0 0,0 1,0 8,1
LEAF 13,1 0,0 0,0 0,0 1,2 0,0 0,0 0,0 1,0 0,5
LEAF 13,1 0,0 0,0 0,0 1,2 0,0 0,0 1,0 0,0 8,1
LEAF 13,1 0,0 0,0 0,0 1,2 0,0 0,0 1,0 0,0 0,5
LEAF 13,1 0,0 0,0 0,0 1,2 0,0 0,0 6,0 0,0 0,0
LEAF 13,1 0,0 0,0 0,0 1,2 0,0 0,0 0,1 0,0 9,0
LEAF 13,1 0,0 0,0 0,0 1,2 0,0 0,0 0,1 0,0 1,4
LEAF 13,1 0,0 0,0 0,0 1,2 0,0 0,0 1,4 0,0 0,1
LEAF 13,1 0,0 0,0 0,0 1,2 0,0 0,0 0,5 0,0 1,0
LEAF 13,1 0,0 0,0 0,0 1,2 0,0 0,0 0,5 1,0 0,0
LEAF 13,1 0,0 0,0 0,0 1,2 0,0 1,0 0,0 0,0 8,1
LEAF 13,1 0,0 0,0 0,0 1,2 0,0 1,0 0,0 0,0 0,5
LEAF 13,1 0,0 0,0 0,0 1,2 0,0 6,0 0,0 0,0 0,0
LEAF 13,1 0,0 0,0 0,0 1,2 0,0 0,1 0,0 0,0 9,0
LEAF 13,1 0,0 0,0 0,0 1,2 0,0 0,1 0,0 0,0 1,4
LEAF 13,1 0,0 0,0 0,0 1,2 0,0 1,4 0,0 0,0 0,1
LEAF 13,1 0,0 0,0 0,0 1,2 0,0 0,5 0,0 0,0 1,0
LEAF 13,1 0,0 0,0 0,0 1,2 1,0 0,0 0,0 0,0 8,1
LEAF 13,1 0,0 0,0 0,0 1,2 1,0 0,0 0,0 0,0 0,5
LEAF 13,1 0,0 0,0 0,0 1,2 1,0 0,5 0,0 0,0 0,0
LEAF 13,1 0,0 0,0 0,0 2,2 0,0 0,0 0,0 0,0 3,2
LEAF 13,1 0,0 0,0 0,0 2,2 0,0 0,0 3,2 0,0 0,0
LEAF 13,1 0,0 0,0 0,0 2,2 0,0 3,2 0,0 0,0 0,0
LEAF 13,1 0,0 0,0 0,0 3,2 0,0 0,0 0,0 0,0 2,2
LEAF 13,1 0,0 0,0 0,0 3,2 0,0 0,0 0,0 1,0 8,0
LEAF 13,1 0,0 0,0 0,0 3,2 0,0 0,0 1,0 0,0 8,0
LEAF 13,1 0,0 0,0 0,0 3,2 0,0 0,0 2,2 0,0 0,0
LEAF 13,1 0,0 0,0 0,0 3,2 0,0 1,0 0,0 0,0 8,0
LEAF 13,1 0,0 0,0 0,0 3,2 0,0 2,2 0,0 0,0 0,0
LEAF 13,1 0,0 0,0 0,0 3,2 1,0 0,0 0,0 0,0 8,0
LEAF 13,1 0,0 0,0 0,0 4,2 0,0 0,0 0,0 0,0 3,0
LEAF 13,1 0,0 0,0 0,0 4,2 0,0 0,0 0,0 1,0 0,2
LEAF 13,1 0,0 0,0 0,0 4,2 0,0 0,0 1,0 0,0 0,2
LEAF 13,1 0,0 0,0 0,0 4,2 0,0 0,0 3,0 0,0 0,0
LEAF 13,1 0,0 0,0 0,0 4,2 0,0 0,0 0,1 0,0 1,1
LEAF 13,1 0,0 0,0 0,0 4,2 0,0 0,0 1,1 0,0 0,1
LEAF 13,1 0,0 0,0 0,0 4,2 0,0 0,0 0,2 0,0 1,0
LEAF 13,1 0,0 0,0 0,0 4,2 0,0 0,0 0,2 1,0 0,0
LEAF 13,1 0,0 0,0 0,0 4,2 0,0 1,0 0,0 0,0 0,2
LEAF 13,1 0,0 0,0 0,0 4,2 0,0 3,0 0,0 0,0 0,0
LEAF 13,1 0,0 0,0 0,0 4,2 0,0 0,1 0,0 0,0 1,1
LEAF 13,1 0,0 0,0 0,0 4,2 0,0 1,1 0,0 0,0 0,1
LEAF 13,1 0,0 0,0 0,0 4,2 0,0 0,2 0,0 0,0 1,0
LEAF 13,1 0,0 0,0 0,0 4,2 1,0 0,0 0,0 0,0 0,2
LEAF 13,1 0,0 0,0 0,0 4,2 1,0 0,2 0,0 0,0 0,0
LEAF 13,1 0,0 0,0 0,0 0,3 0,0 0,0 0,0 1,0 9,0
LEAF 13,1 0,0 0,0 0,0 0,3 0,0 0,0 0,0 1,0 1,4
LEAF 13,1 0,0 0,0 0,0 0,3 0,0 0,0 1,0 0,0 9,0
LEAF 13,1 0,0 0,0 0,0 0,3 0,0 0,0 1,0 0,0 1,4
LEAF 13,1 0,0 0,0 0,0 0,3 0,0 0,0 0,1 0,0 2,3
LEAF 13,1 0,0 0,0 0,0 0,3 0,0 0,0 2,3 0,0 0,1
LEAF 13,1 0,0 0,0 0,0 0,3 0,0 0,0 1,4 0,0 1,0
LEAF 13,1 0,0 0,0 0,0 0,3 0,0 0,0 1,4 1,0 0,0
LEAF 13,1 0,0 0,0 0,0 0,3 0,0 1,0 0,0 0,0 9,0
LEAF 13,1 0,0 0,0 0,0 0,3 0,0 1,0 0,0 0,0 1,4
LEAF 13,1 0,0 0,0 0,0 0,3 0,0 0,1 0,0 0,0 2,3
LEAF 13,1 0,0 0,0 0,0 0,3 0,0 2,3 0,0 0,0 0,1
LEAF 13,1 0,0 0,0 0,0 0,3 0,0 1,4 0,0 0,0 1,0
LEAF 13,1 0,0 0,0 0,0 0,3 1,0 0,0 0,0 0,0 9,0
LEAF 13,1 0,0 0,0 0,0 0,3 1,0 0,0 0,0 0,0 1,4
LEAF 13,1 0,0 0,0 0,0 0,3 1,0 1,4 0,0 0,0 0,0
LEAF 13,1 0,0 0,0 0,0 1,3 0,0 0,0 0,0 0,0 4,1
LEAF 13,1 0,0 0,0 0,0 1,3 0,0 0,0 4,1 0,0 0,0
LEAF 13,1 0,0 0,0 0,0 1,3 0,0 4,1 0,0 0,0 0,0
LEAF 13,1 0,0 0,0 0,0 2,3 0,0 0,0 0,0 0,0 3,1
LEAF 13,1 0,0 0,0 0,0 2,3 0,0 0,0 0,1 0,0 0,3
LEAF 13,1 0,0 0,0 0,0 2,3 0,0 0,0 3,1 0,0 0,0
LEAF 13,1 0,0 0,0 0,0 2,3 0,0 0,0 0,3 0,0 0,1
LEAF 13,1 0,0 0,0 0,0 2,3 0,0 0,1 0,0 0,0 0,3
LEAF 13,1 0,0 0,0 0,0 2,3 0,0 3,1 0,0 0,0 0,0
LEAF 13,1 0,0 0,0 0,0 2,3 0,0 0,3 0,0 0,0 0,1
LEAF 13,1 0,0 0,0 0,0 3,3 0,0 0,0 0,0 1,0 1,1
LEAF 13,1 0,0 0,0 0,0 3,3 0,0 0,0 1,0 0,0 1,1
LEAF 13,1 0,0 0,0 0,0 3,3 0,0 0,0 2,0 0,0 0,1
LEAF 13,1 0,0 0,0 0,0 3,3 0,0 0,0 0,1 0,0 2,0
LEAF 13,1 0,0 0,0 0,0 3,3 0,0 0,0 0,1 1,0 0,1
LEAF 13,1 0,0 0,0 0,0 3,3 0,0 0,0 1,1 0,0 1,0
LEAF 13,1 0,0 0,0 0,0 3,3 0,0 0,0 1,1 1,0 0,0
LEAF 13,1 0,0 0,0 0,0 3,3 0,0 1,0 0,0 0,0 1,1
LEAF 13,1 0,0 0,0 0,0 3,3 0,0 2,0 0,0 0,0 0,1
LEAF 13,1 0,0 0,0 0,0 3,3 0,0 0,1 0,0 0,0 2,0
LEAF 13,1 0,0 0,0 0,0 3,3 0,0 1,1 0,0 0,0 1,0
LEAF 13,1 0,0 0,0 0,0 3,3 1,0 0,0 0,0 0,0 1,1
LEAF 13,1 0,0 0,0 0,0 3,3 1,0 0,1 0,0 0,0 0,1
LEAF 13,1 0,0 0,0 0,0 3,3 1,0 1,1 0,0 0,0 0,0
LEAF 13,1 0,0 0,0 0,0 0,4 0,0 0,0 0,0 0,0 5,0
LEAF 13,1 0,0 0,0 0,0 0,4 0,0 0,0 5,0 0,0 0,0
LEAF 13,1 0,0 0,0 0,0 0,4 0,0 5,0 0,0 0,0 0,0
LEAF 13,1 0,0 0,0 0,0 1,4 0,0 0,0 0,0 0,0 4,0
LEAF 13,1 0,0 0,0 0,0 1,4 0,0 0,0 0,0 1,0 0,3
LEAF 13,1 0,0 0,0 0,0 1,4 0,0 0,0 1,0 0,0 0,3
LEAF 13,1 0,0 0,0 0,0 1,4 0,0 0,0 4,0 0,0 0,0
LEAF 13,1 0,0 0,0 0,0 1,4 0,0 0,0 0,1 0,0 1,2
LEAF 13,1 0,0 0,0 0,0 1,4 0,0 0,0 1,2 0,0 0,1
LEAF 13,1 0,0 0,0 0,0 1,4 0,0 0,0 0,3 0,0 1,0
LEAF 13,1 0,0 0,0 0,0 1,4 0,0 0,0 0,3 1,0 0,0
LEAF 13,1 0,0 0,0 0,0 1,4 0,0 1,0 0,0 0,0 0,3
LEAF 13,1 0,0 0,0 0,0 1,4 0,0 4,0 0,0 0,0 0,0
LEAF 13,1 0,0 0,0 0,0 1,4 0,0 0,1 0,0 0,0 1,2
LEAF 13,1 0,0 0,0 0,0 1,4 0,0 1,2 0,0 0,0 0,1
LEAF 13,1 0,0 0,0 0,0 1,4 0,0 0,3 0,0 0,0 1,0
LEAF 13,1 0,0 0,0 0,0 1,4 1,0 0,0 0,0 0,0 0,3
LEAF 13,1 0,0 0,0 0,0 1,4 1,0 0,3 0,0 0,0 0,0
LEAF 13,1 0,0 0,0 0,0 2,4 0,0 0,0 0,0 0,0 0,2
LEAF 13,1 0,0 0,0 0,0 2,4 0,0 0,0 0,0 1,0 2,0
LEAF 13,1 0,0 0,0 0,0 2,4 0,0 0,0 1,0 0,0 2,0
LEAF 13,1 0,0 0,0 0,0 2,4 0,0 0,0 1,0 1,0 0,1
LEAF 13,1 0,0 0,0 0,0 2,4 0,0 0,0 2,0 0,0 1,0
LEAF 13,1 0,0 0,0 0,0 2,4 0,0 0,0 2,0 1,0 0,0
LEAF 13,1 0,0 0,0 0,0 2,4 0,0 0,0 0,1 1,0 1,0
LEAF 13,1 0,0 0,0 0,0 2,4 0,0 0,0 0,2 0,0 0,0
LEAF 13,1 0,0 0,0 0,0 2,4 0,0 1,0 0,0 0,0 2,0
LEAF 13,1 0,0 0,0 0,0 2,4 0,0 1,0 1,0 0,0 0,1
LEAF 13,1 0,0 0,0 0,0 2,4 0,0 2,0 0,0 0,0 1,0
LEAF 13,1 0,0 0,0 0,0 2,4 0,0 0,2 0,0 0,0 0,0
LEAF 13,1 0,0 0,0 0,0 2,4 1,0 0,0 0,0 0,0 2,0
LEAF 13,1 0,0 0,0 0,0 2,4 1,0 1,0 0,0 0,0 0,1
LEAF 13,1 0,0 0,0 0,0 2,4 1,0 0,1 0,0 0,0 1,0
LEAF 13,1 0,0 0,0 0,0 0,5 0,0 0,0 0,0 1,0 1,2
LEAF 13,1 0,0 0,0 0,0 0,5 0,0 0,0 1,0 0,0 1,2
LEAF 13,1 0,0 0,0 0,0 0,5 0,0 0,0 0,1 0,0 2,1
LEAF 13,1 0,0 0,0 0,0 0,5 0,0 0,0 2,1 0,0 0,1
LEAF 13,1 0,0 0,0 0,0 0,5 0,0 0,0 1,2 0,0 1,0
LEAF 13,1 0,0 0,0 0,0 0,5 0,0 0,0 1,2 1,0 0,0
LEAF 13,1 0,0 0,0 0,0 0,5 0,0 1,0 0,0 0,0 1,2
LEAF 13,1 0,0 0,0 0,0 0,5 0,0 0,1 0,0 0,0 2,1
LEAF 13,1 0,0 0,0 0,0 0,5 0,0 2,1 0,0 0,0 0,1
LEAF 13,1 0,0 0,0 0,0 0,5 0,0 1,2 0,0 0,0 1,0
LEAF 13,1 0,0 0,0 0,0 0,5 1,0 0,0 0,0 0,0 1,2
LEAF 13,1 0,0 0,0 0,0 0,5 1,0 1,2 0,0 0,0 0,0
LEAF 13,1 0,0 0,0 0,0 1,5 0,0 0,0 0,0 0,0 1,1
LEAF 13,1 0,0 0,0 0,0 1,5 0,0 0,0 1,0 1,0 1,0
LEAF 13,1 0,0 0,0 0,0 1,5 0,0 0,0 0,1 0,0 0,1
LEAF 13,1 0,0 0,0 0,0 1,5 0,0 0,0 1,1 0,0 0,0
LEAF 13,1 0,0 0,0 0,0 1,5 0,0 1,0 1,0 0,0 1,0
LEAF 13,1 0,0 0,0 0,0 1,5 0,0 0,1 0,0 0,0 0,1
LEAF 13,1 0,0 0,0 0,0 1,5 0,0 1,1 0,0 0,0 0,0
LEAF 13,1 0,0 0,0 1,0 0,0 0,0 0,0 0,0 0,0 0,0
LEAF 13,1 0,0 0,0 1,0 0,0 0,0 0,0 0,0 0,0 6,1
LEAF 13,1 0,0 0,0 1,0 0,0 0,0 0,0 0,0 0,0 3,6
LEAF 13,1 0,0 0,0 1,0 0,0 0,0 0,0 0,0 2,0 2,4
LEAF 13,1 0,0 0,0 1,0 0,0 0,0 0,0 0,0 3,0 6,0
LEAF 13,1 0,0 0,0 1,0 0,0 0,0 0,0 0,0 3,0 6,3
LEAF 13,1 0,0 0,0 1,0 0,0 0,0 0,0 0,0 5,0 6,2
LEAF 13,1 0,0 0,0 1,0 0,0 0,0 0,0 0,0 6,0 3,0
LEAF 13,1 0,0 0,0 1,0 0,0 0,0 0,0 0,0 0,1 0,6
LEAF 13,1 0,0 0,0 1,0 0,0 0,0 0,0 0,0 1,1 3,3
LEAF 13,1 0,0 0,0 1,0 0,0 0,0 0,0 0,0 2,1 7,2
LEAF 13,1 0,0 0,0 1,0 0,0 0,0 0,0 0,0 4,1 7,1
LEAF 13,1 0,0 0,0 1,0 0,0 0,0 0,0 0,0 6,1 0,0
LEAF 13,1 0,0 0,0 1,0 0,0 0,0 0,0 0,0 0,2 4,2
LEAF 13,1 0,0 0,0 1,0 0,0 0,0 0,0 0,0 1,2 8,1
LEAF 13,1 0,0 0,0 1,0 0,0 0,0 0,0 0,0 1,2 0,5
LEAF 13,1 0,0 0,0 1,0 0,0 0,0 0,0 0,0 3,2 8,0
LEAF 13,1 0,0 0,0 1,0 0,0 0,0 0,0 0,0 4,2 0,2
LEAF 13,1 0,0 0,0 1,0 0,0 0,0 0,0 0,0 0,3 9,0
LEAF 13,1 0,0 0,0 1,0 0,0 0,0 0,0 0,0 0,3 1,4
LEAF 13,1 0,0 0,0 1,0 0,0 0,0 0,0 0,0 3,3 1,1
LEAF 13,1 0,0 0,0 1,0 0,0 0,0 0,0 0,0 1,4 0,3
LEAF 13,1 0,0 0,0 1,0 0,0 0,0 0,0 0,0 2,4 2,0
LEAF 13,1 0,0 0,0 1,0 0,0 0,0 0,0 0,0 0,5 1,2
LEAF 13,1 0,0 0,0 1,0 0,0 0,0 0,0 0,0 0,6 0,1
LEAF 13,1 0,0 0,0 1,0 0,0 0,0 0,0 1,0 1,0 1,5
LEAF 13,1 0,0 0,0 1,0 0,0 0,0 0,0 1,0 3,0 8,1
LEAF 13,1 0,0 0,0 1,0 0,0 0,0 0,0 1,0 5,0 8,0
LEAF 13,1 0,0 0,0 1,0 0,0 0,0 0,0 1,0 0,1 2,4
LEAF 13,1 0,0 0,0 1,0 0,0 0,0 0,0 1,0 2,1 9,0
LEAF 13,1 0,0 0,0 1,0 0,0 0,0 0,0 1,0 2,4 0,1
LEAF 13,1 0,0 0,0 1,0 0,0 0,0 0,0 1,0 1,5 1,0
LEAF 13,1 0,0 0,0 1,0 0,0 0,0 0,0 2,0 0,0 2,4
LEAF 13,1 0,0 0,0 1,0 0,0 0,0 0,0 2,0 2,0 7,2
LEAF 13,1 0,0 0,0 1,0 0,0 0,0 0,0 3,0 0,0 6,0
LEAF 13,1 0,0 0,0 1,0 0,0 0,0 0,0 3,0 0,0 6,3
LEAF 13,1 0,0 0,0 1,0 0,0 0,0 0,0 3,0 1,0 8,1
LEAF 13,1 0,0 0,0 1,0 0,0 0,0 0,0 5,0 0,0 6,2
LEAF 13,1 0,0 0,0 1,0 0,0 0,0 0,0 5,0 1,0 8,0
LEAF 13,1 0,0 0,0 1,0 0,0 0,0 0,0 6,0 0,0 3,0
LEAF 13,1 0,0 0,0 1,0 0,0 0,0 0,0 0,1 0,0 0,6
LEAF 13,1 0,0 0,0 1,0 0,0 0,0 0,0 0,1 1,0 2,4
LEAF 13,1 0,0 0,0 1,0 0,0 0,0 0,0 1,1 0,0 3,3
LEAF 13,1 0,0 0,0 1,0 0,0 0,0 0,0 2,1 0,0 7,2
LEAF 13,1 0,0 0,0 1,0 0,0 0,0 0,0 2,1 1,0 9,0
LEAF 13,1 0,0 0,0 1,0 0,0 0,0 0,0 4,1 0,0 7,1
LEAF 13,1 0,0 0,0 1,0 0,0 0,0 0,0 0,2 0,0 4,2
LEAF 13,1 0,0 0,0 1,0 0,0 0,0 0,0 1,2 0,0 8,1
LEAF 13,1 0,0 0,0 1,0 0,0 0,0 0,0 1,2 0,0 0,5
LEAF 13,1 0,0 0,0 1,0 0,0 0,0 0,0 3,2 0,0 8,0
LEAF 13,1 0,0 0,0 1,0 0,0 0,0 0,0 4,2 0,0 0,2
LEAF 13,1 0,0 0,0 1,0 0,0 0,0 0,0 0,3 0,0 9,0
LEAF 13,1 0,0 0,0 1,0 0,0 0,0 0,0 0,3 0,0 1,4
LEAF 13,1 0,0 0,0 1,0 0,0 0,0 0,0 3,3 0,0 1,1
LEAF 13,1 0,0 0,0 1,0 0,0 0,0 0,0 1,4 0,0 0,3
LEAF 13,1 0,0 0,0 1,0 0,0 0,0 0,0 2,4 0,0 2,0
LEAF 13,1 0,0 0,0 1,0 0,0 0,0 0,0 2,4 1,0 0,1
LEAF 13,1 0,0 0,0 1,0 0,0 0,0 0,0 0,5 0,0 1,2
LEAF 13,1 0,0 0,0 1,0 0,0 0,0 0,0 1,5 1,0 1,0
LEAF 13,1 0,0 0,0 1,0 0,0 0,0 0,0 0,6 0,0 0,1
LEAF 13,1 0,0 0,0 1,0 0,0 0,0 1,0 0,0 1,0 1,5
LEAF 13,1 0,0 0,0 1,0 0,0 0,0 1,0 0,0 3,0 8,1
LEAF 13,1 0,0 0,0 1,0 0,0 0,0 1,0 0,0 5,0 8,0
LEAF 13,1 0,0 0,0 1,0 0,0 0,0 1,0 0,0 0,1 2,4
LEAF 13,1 0,0 0,0 1,0 0,0 0,0 1,0 0,0 2,1 9,0
LEAF 13,1 0,0 0,0 1,0 0,0 0,0 1,0 0,0 2,4 0,1
LEAF 13,1 0,0 0,0 1,0 0,0 0,0 1,0 0,0 1,5 1,0
LEAF 13,1 0,0 0,0 1,0 0,0 0,0 1,0 1,0 0,0 1,5
LEAF 13,1 0,0 0,0 1,0 0,0 0,0 1,0 1,0 1,5 0,0
LEAF 13,1 0,0 0,0 1,0 0,0 0,0 1,0 2,0 2,0 9,0
LEAF 13,1 0,0 0,0 1,0 0,0 0,0 1,0 3,0 0,0 8,1
LEAF 13,1 0,0 0,0 1,0 0,0 0,0 1,0 5,0 0,0 8,0
LEAF 13,1 0,0 0,0 1,0 0,0 0,0 1,0 0,1 0,0 2,4
LEAF 13,1 0,0 0,0 1,0 0,0 0,0 1,0 2,1 0,0 9,0
LEAF 13,1 0,0 0,0 1,0 0,0 0,0 1,0 2,4 0,0 0,1
LEAF 13,1 0,0 0,0 1,0 0,0 0,0 1,0 1,5 0,0 1,0
LEAF 13,1 0,0 0,0 1,0 0,0 0,0 2,0 0,0 0,0 2,4
LEAF 13,1 0,0 0,0 1,0 0,0 0,0 2,0 0,0 2,0 7,2
LEAF 13,1 0,0 0,0 1,0 0,0 0,0 2,0 0,0 1,1 8,1
LEAF 13,1 0,0 0,0 1,0 0,0 0,0 2,0 0,0 0,2 9,0
LEAF 13,1 0,0 0,0 1,0 0,0 0,0 2,0 0,0 2,4 0,0
LEAF 13,1 0,0 0,0 1,0 0,0 0,0 2,0 1,0 2,0 9,0
LEAF 13,1 0,0 0,0 1,0 0,0 0,0 2,0 2,0 0,0 7,2
LEAF 13,1 0,0 0,0 1,0 0,0 0,0 2,0 2,0 1,0 9,0
LEAF 13,1 0,0 0,0 1,0 0,0 0,0 2,0 1,1 0,0 8,1
LEAF 13,1 0,0 0,0 1,0 0,0 0,0 2,0 0,2 0,0 9,0
LEAF 13,1 0,0 0,0 1,0 0,0 0,0 3,0 0,0 0,0 6,0
LEAF 13,1 0,0 0,0 1,0 0,0 0,0 3,0 0,0 0,0 6,3
LEAF 13,1 0,0 0,0 1,0 0,0 0,0 3,0 0,0 1,0 8,1
LEAF 13,1 0,0 0,0 1,0 0,0 0,0 3,0 0,0 6,0 0,0
LEAF 13,1 0,0 0,0 1,0 0,0 0,0 3,0 0,0 0,1 9,0
LEAF 13,1 0,0 0,0 1,0 0,0 0,0 3,0 1,0 0,0 8,1
LEAF 13,1 0,0 0,0 1,0 0,0 0,0 3,0 6,0 0,0 0,0
LEAF 13,1 0,0 0,0 1,0 0,0 0,0 3,0 0,1 0,0 9,0
LEAF 13,1 0,0 0,0 1,0 0,0 0,0 5,0 0,0 0,0 6,2
LEAF 13,1 0,0 0,0 1,0 0,0 0,0 5,0 0,0 1,0 8,0
LEAF 13,1 0,0 0,0 1,0 0,0 0,0 5,0 1,0 0,0 8,0
LEAF 13,1 0,0 0,0 1,0 0,0 0,0 6,0 0,0 0,0 3,0
LEAF 13,1 0,0 0,0 1,0 0,0 0,0 6,0 0,0 3,0 0,0
LEAF 13,1 0,0 0,0 1,0 0,0 0,0 6,0 3,0 0,0 0,0
LEAF 13,1 0,0 0,0 1,0 0,0 0,0 0,1 0,0 0,0 0,6
LEAF 13,1 0,0 0,0 1,0 0,0 0,0 0,1 0,0 1,0 2,4
LEAF 13,1 0,0 0,0 1,0 0,0 0,0 0,1 0,0 3,0 9,0
LEAF 13,1 0,0 0,0 1,0 0,0 0,0 0,1 0,0 0,1 3,3
LEAF 13,1 0,0 0,0 1,0 0,0 0,0 0,1 0,0 3,3 0,1
LEAF 13,1 0,0 0,0 1,0 0,0 0,0 0,1 0,0 2,4 1,0
LEAF 13,1 0,0 0,0 1,0 0,0 0,0 0,1 0,0 0,6 0,0
LEAF 13,1 0,0 0,0 1,0 0,0 0,0 0,1 1,0 0,0 2,4
LEAF 13,1 0,0 0,0 1,0 0,0 0,0 0,1 1,0 2,4 0,0
LEAF 13,1 0,0 0,0 1,0 0,0 0,0 0,1 3,0 0,0 9,0
LEAF 13,1 0,0 0,0 1,0 0,0 0,0 0,1 0,1 0,0 3,3
LEAF 13,1 0,0 0,0 1,0 0,0 0,0 0,1 3,3 0,0 0,1
LEAF 13,1 0,0 0,0 1,0 0,0 0,0 0,1 2,4 0,0 1,0
LEAF 13,1 0,0 0,0 1,0 0,0 0,0 0,1 2,4 1,0 0,0
LEAF 13,1 0,0 0,0 1,0 0,0 0,0 1,1 0,0 0,0 3,3
LEAF 13,1 0,0 0,0 1,0 0,0 0,0 1,1 0,0 2,0 8,1
LEAF 13,1 0,0 0,0 1,0 0,0 0,0 1,1 0,0 1,1 9,0
LEAF 13,1 0,0 0,0 1,0 0,0 0,0 1,1 0,0 3,3 0,0
LEAF 13,1 0,0 0,0 1,0 0,0 0,0 1,1 2,0 0,0 8,1
LEAF 13,1 0,0 0,0 1,0 0,0 0,0 1,1 1,1 0,0 9,0
LEAF 13,1 0,0 0,0 1,0 0,0 0,0 1,1 3,3 0,0 0,0
LEAF 13,1 0,0 0,0 1,0 0,0 0,0 2,1 0,0 0,0 7,2
LEAF 13,1 0,0 0,0 1,0 0,0 0,0 2,1 0,0 1,0 9,0
LEAF 13,1 0,0 0,0 1,0 0,0 0,0 2,1 1,0 0,0 9,0
LEAF 13,1 0,0 0,0 1,0 0,0 0,0 4,1 0,0 0,0 7,1
LEAF 13,1 0,0 0,0 1,0 0,0 0,0 0,2 0,0 0,0 4,2
LEAF 13,1 0,0 0,0 1,0 0,0 0,0 0,2 0,0 2,0 9,0
LEAF 13,1 0,0 0,0 1,0 0,0 0,0 0,2 0,0 4,2 0,0
LEAF 13,1 0,0 0,0 1,0 0,0 0,0 0,2 2,0 0,0 9,0
LEAF 13,1 0,0 0,0 1,0 0,0 0,0 0,2 4,2 0,0 0,0
LEAF 13,1 0,0 0,0 1,0 0,0 0,0 1,2 0,0 0,0 8,1
LEAF 13,1 0,0 0,0 1,0 0,0 0,0 1,2 0,0 0,0 0,5
LEAF 13,1 0,0 0,0 1,0 0,0 0,0 1,2 0,0 0,5 0,0
LEAF 13,1 0,0 0,0 1,0 0,0 0,0 1,2 0,5 0,0 0,0
LEAF 13,1 0,0 0,0 1,0 0,0 0,0 3,2 0,0 0,0 8,0
LEAF 13,1 0,0 0,0 1,0 0,0 0,0 4,2 0,0 0,0 0,2
LEAF 13,1 0,0 0,0 1,0 0,0 0,0 4,2 0,0 0,2 0,0
LEAF 13,1 0,0 0,0 1,0 0,0 0,0 4,2 0,2 0,0 0,0
LEAF 13,1 0,0 0,0 1,0 0,0 0,0 0,3 0,0 0,0 9,0
LEAF 13,1 0,0 0,0 1,0 0,0 0,0 0,3 0,0 0,0 1,4
LEAF 13,1 0,0 0,0 1,0 0,0 0,0 0,3 0,0 1,4 0,0
LEAF 13,1 0,0 0,0 1,0 0,0 0,0 0,3 1,4 0,0 0,0
LEAF 13,1 0,0 0,0 1,0 0,0 0,0 3,3 0,0 0,0 1,1
LEAF 13,1 0,0 0,0 1,0 0,0 0,0 3,3 0,0 0,1 0,1
LEAF 13,1 0,0 0,0 1,0 0,0 0,0 3,3 0,0 1,1 0,0
LEAF 13,1 0,0 0,0 1,0 0,0 0,0 3,3 0,1 0,0 0,1
LEAF 13,1 0,0 0,0 1,0 0,0 0,0 1,4 0,0 0,0 0,3
LEAF 13,1 0,0 0,0 1,0 0,0 0,0 1,4 0,0 0,3 0,0
LEAF 13,1 0,0 0,0 1,0 0,0 0,0 1,4 0,3 0,0 0,0
LEAF 13,1 0,0 0,0 1,0 0,0 0,0 2,4 0,0 0,0 2,0
LEAF 13,1 0,0 0,0 1,0 0,0 0,0 2,4 0,0 1,0 0,1
LEAF 13,1 0,0 0,0 1,0 0,0 0,0 2,4 0,0 2,0 0,0
LEAF 13,1 0,0 0,0 1,0 0,0 0,0 2,4 0,0 0,1 1,0
LEAF 13,1 0,0 0,0 1,0 0,0 0,0 2,4 1,0 0,0 0,1
LEAF 13,1 0,0 0,0 1,0 0,0 0,0 2,4 1,0 0,1 0,0
LEAF 13,1 0,0 0,0 1,0 0,0 0,0 2,4 0,1 0,0 1,0
LEAF 13,1 0,0 0,0 1,0 0,0 0,0 2,4 0,1 1,0 0,0
LEAF 13,1 0,0 0,0 1,0 0,0 0,0 0,5 0,0 0,0 1,2
LEAF 13,1 0,0 0,0 1,0 0,0 0,0 0,5 0,0 1,2 0,0
LEAF 13,1 0,0 0,0 1,0 0,0 0,0 0,5 1,2 0,0 0,0
LEAF 13,1 0,0 0,0 1,0 0,0 0,0 1,5 0,0 1,0 1,0
LEAF 13,1 0,0 0,0 1,0 0,0 1,0 0,0 0,0 1,0 1,5
LEAF 13,1 0,0 0,0 1,0 0,0 1,0 0,0 0,0 3,0 8,1
LEAF 13,1 0,0 0,0 1,0 0,0 1,0 0,0 0,0 5,0 8,0
LEAF 13,1 0,0 0,0 1,0 0,0 1,0 0,0 0,0 0,1 2,4
LEAF 13,1 0,0 0,0 1,0 0,0 1,0 0,0 0,0 2,1 9,0
LEAF 13,1 0,0 0,0 1,0 0,0 1,0 0,0 0,0 2,4 0,1
LEAF 13,1 0,0 0,0 1,0 0,0 1,0 0,0 0,0 1,5 1,0
LEAF 13,1 0,0 0,0 1,0 0,0 1,0 0,0 1,0 0,0 1,5
LEAF 13,1 0,0 0,0 1,0 0,0 1,0 0,0 3,0 0,0 8,1
LEAF 13,1 0,0 0,0 1,0 0,0 1,0 0,0 5,0 0,0 8,0
LEAF 13,1 0,0 0,0 1,0 0,0 1,0 0,0 0,1 0,0 2,4
LEAF 13,1 0,0 0,0 1,0 0,0 1,0 0,0 2,1 0,0 9,0
LEAF 13,1 0,0 0,0 1,0 0,0 1,0 0,0 2,4 0,0 0,1
LEAF 13,1 0,0 0,0 1,0 0,0 1,0 0,0 1,5 0,0 1,0
LEAF 13,1 0,0 0,0 1,0 0,0 1,0 0,0 1,5 1,0 0,0
LEAF 13,1 0,0 0,0 1,0 0,0 1,0 1,0 0,0 0,0 1,5
LEAF 13,1 0,0 0,0 1,0 0,0 1,0 1,0 0,0 1,5 0,0
LEAF 13,1 0,0 0,0 1,0 0,0 1,0 1,0 1,5 0,0 0,0
LEAF 13,1 0,0 0,0 1,0 0,0 1,0 2,0 2,0 0,0 9,0
LEAF 13,1 0,0 0,0 1,0 0,0 1,0 3,0 0,0 0,0 8,1
LEAF 13,1 0,0 0,0 1,0 0,0 1,0 5,0 0,0 0,0 8,0
LEAF 13,1 0,0 0,0 1,0 0,0 1,0 0,1 0,0 0,0 2,4
LEAF 13,1 0,0 0,0 1,0 0,0 1,0 2,1 0,0 0,0 9,0
LEAF 13,1 0,0 0,0 1,0 0,0 1,0 2,4 0,0 0,0 0,1
LEAF 13,1 0,0 0,0 1,0 0,0 2,0 0,0 0,0 0,0 2,4
LEAF 13,1 0,0 0,0 1,0 0,0 2,0 0,0 0,0 2,0 7,2
LEAF 13,1 0,0 0,0 1,0 0,0 2,0 0,0 0,0 1,1 8,1
LEAF 13,1 0,0 0,0 1,0 0,0 2,0 0,0 0,0 0,2 9,0
LEAF 13,1 0,0 0,0 1,0 0,0 2,0 0,0 0,0 2,4 0,0
LEAF 13,1 0,0 0,0 1,0 0,0 2,0 0,0 1,0 2,0 9,0
LEAF 13,1 0,0 0,0 1,0 0,0 2,0 0,0 2,0 0,0 7,2
LEAF 13,1 0,0 0,0 1,0 0,0 2,0 0,0 2,0 1,0 9,0
LEAF 13,1 0,0 0,0 1,0 0,0 2,0 0,0 1,1 0,0 8,1
LEAF 13,1 0,0 0,0 1,0 0,0 2,0 0,0 0,2 0,0 9,0
LEAF 13,1 0,0 0,0 1,0 0,0 2,0 0,0 2,4 0,0 0,0
LEAF 13,1 0,0 0,0 1,0 0,0 2,0 1,0 0,0 2,0 9,0
LEAF 13,1 0,0 0,0 1,0 0,0 2,0 1,0 2,0 0,0 9,0
LEAF 13,1 0,0 0,0 1,0 0,0 2,0 2,0 0,0 0,0 7,2
LEAF 13,1 0,0 0,0 1,0 0,0 2,0 2,0 1,0 0,0 9,0
LEAF 13,1 0,0 0,0 1,0 0,0 2,0 1,1 0,0 0,0 8,1
LEAF 13,1 0,0 0,0 1,0 0,0 2,0 0,2 0,0 0,0 9,0
LEAF 13,1 0,0 0,0 1,0 0,0 3,0 0,0 0,0 0,0 6,0
LEAF 13,1 0,0 0,0 1,0 0,0 3,0 0,0 0,0 0,0 6,3
LEAF 13,1 0,0 0,0 1,0 0,0 3,0 0,0 0,0 1,0 8,1
LEAF 13,1 0,0 0,0 1,0 0,0 3,0 0,0 0,0 6,0 0,0
LEAF 13,1 0,0 0,0 1,0 0,0 3,0 0,0 0,0 0,1 9,0
LEAF 13,1 0,0 0,0 1,0 0,0 3,0 0,0 1,0 0,0 8,1
LEAF 13,1 0,0 0,0 1,0 0,0 3,0 0,0 6,0 0,0 0,0
LEAF 13,1 0,0 0,0 1,0 0,0 3,0 0,0 0,1 0,0 9,0
LEAF 13,1 0,0 0,0 1,0 0,0 3,0 1,0 0,0 0,0 8,1
LEAF 13,1 0,0 0,0 1,0 0,0 3,0 6,0 0,0 0,0 0,0
LEAF 13,1 0,0 0,0 1,0 0,0 3,0 0,1 0,0 0,0 9,0
LEAF 13,1 0,0 0,0 1,0 0,0 5,0 0,0 0,0 0,0 6,2
LEAF 13,1 0,0 0,0 1,0 0,0 5,0 0,0 0,0 1,0 8,0
LEAF 13,1 0,0 0,0 1,0 0,0 5,0 0,0 1,0 0,0 8,0
LEAF 13,1 0,0 0,0 1,0 0,0 5,0 1,0 0,0 0,0 8,0
LEAF 13,1 0,0 0,0 1,0 0,0 6,0 0,0 0,0 0,0 3,0
LEAF 13,1 0,0 0,0 1,0 0,0 6,0 0,0 0,0 3,0 0,0
LEAF 13,1 0,0 0,0 1,0 0,0 6,0 0,0 3,0 0,0 0,0
LEAF 13,1 0,0 0,0 1,0 0,0 0,1 0,0 0,0 0,0 0,6
LEAF 13,1 0,0 0,0 1,0 0,0 0,1 0,0 0,0 1,0 2,4
LEAF 13,1 0,0 0,0 1,0 0,0 0,1 0,0 0,0 3,0 9,0
LEAF 13,1 0,0 0,0 1,0 0,0 0,1 0,0 0,0 0,1 3,3
LEAF 13,1 0,0 0,0 1,0 0,0 0,1 0,0 0,0 3,3 0,1
LEAF 13,1 0,0 0,0 1,0 0,0 0,1 0,0 0,0 2,4 1,0
LEAF 13,1 0,0 0,0 1,0 0,0 0,1 0,0 0,0 0,6 0,0
LEAF 13,1 0,0 0,0 1,0 0,0 0,1 0,0 1,0 0,0 2,4
LEAF 13,1 0,0 0,0 1,0 0,0 0,1 0,0 3,0 0,0 9,0
LEAF 13,1 0,0 0,0 1,0 0,0 0,1 0,0 0,1 0,0 3,3
LEAF 13,1 0,0 0,0 1,0 0,0 0,1 0,0 3,3 0,0 0,1
LEAF 13,1 0,0 0,0 1,0 0,0 0,1 0,0 2,4 0,0 1,0
LEAF 13,1 0,0 0,0 1,0 0,0 0,1 0,0 2,4 1,0 0,0
LEAF 13,1 0,0 0,0 1,0 0,0 0,1 0,0 0,6 0,0 0,0
LEAF 13,1 0,0 0,0 1,0 0,0 0,1 1,0 0,0 0,0 2,4
LEAF 13,1 0,0 0,0 1,0 0,0 0,1 1,0 2,4 0,0 0,0
LEAF 13,1 0,0 0,0 1,0 0,0 0,1 3,0 0,0 0,0 9,0
LEAF 13,1 0,0 0,0 1,0 0,0 0,1 0,1 0,0 0,0 3,3
LEAF 13,1 0,0 0,0 1,0 0,0 0,1 3,3 0,0 0,0 0,1
LEAF 13,1 0,0 0,0 1,0 0,0 0,1 2,4 0,0 0,0 1,0
LEAF 13,1 0,0 0,0 1,0 0,0 1,1 0,0 0,0 0,0 3,3
LEAF 13,1 0,0 0,0 1,0 0,0 1,1 0,0 0,0 2,0 8,1
LEAF 13,1 0,0 0,0 1,0 0,0 1,1 0,0 0,0 1,1 9,0
LEAF 13,1 0,0 0,0 1,0 0,0 1,1 0,0 0,0 3,3 0,0
LEAF 13,1 0,0 0,0 1,0 0,0 1,1 0,0 2,0 0,0 8,1
LEAF 13,1 0,0 0,0 1,0 0,0 1,1 0,0 1,1 0,0 9,0
LEAF 13,1 0,0 0,0 1,0 0,0 1,1 0,0 3,3 0,0 0,0
LEAF 13,1 0,0 0,0 1,0 0,0 1,1 2,0 0,0 0,0 8,1
LEAF 13,1 0,0 0,0 1,0 0,0 1,1 1,1 0,0 0,0 9,0
LEAF 13,1 0,0 0,0 1,0 0,0 2,1 0,0 0,0 0,0 7,2
LEAF 13,1 0,0 0,0 1,0 0,0 2,1 0,0 0,0 1,0 9,0
LEAF 13,1 0,0 0,0 1,0 0,0 2,1 0,0 1,0 0,0 9,0
LEAF 13,1 0,0 0,0 1,0 0,0 2,1 1,0 0,0 0,0 9,0
LEAF 13,1 0,0 0,0 1,0 0,0 4,1 0,0 0,0 0,0 7,1
LEAF 13,1 0,0 0,0 1,0 0,0 0,2 0,0 0,0 0,0 4,2
LEAF 13,1 0,0 0,0 1,0 0,0 0,2 0,0 0,0 2,0 9,0
LEAF 13,1 0,0 0,0 1,0 0,0 0,2 0,0 0,0 4,2 0,0
LEAF 13,1 0,0 0,0 1,0 0,0 0,2 0,0 2,0 0,0 9,0
LEAF 13,1 0,0 0,0 1,0 0,0 0,2 0,0 4,2 0,0 0,0
LEAF 13,1 0,0 0,0 1,0 0,0 0,2 2,0 0,0 0,0 9,0
LEAF 13,1 0,0 0,0 1,0 0,0 0,2 4,2 0,0 0,0 0,0
LEAF 13,1 0,0 0,0 1,0 0,0 1,2 0,0 0,0 0,0 8,1
LEAF 13,1 0,0 0,0 1,0 0,0 1,2 0,0 0,0 0,0 0,5
LEAF 13,1 0,0 0,0 1,0 0,0 1,2 0,0 0,0 0,5 0,0
LEAF 13,1 0,0 0,0 1,0 0,0 1,2 0,0 0,5 0,0 0,0
LEAF 13,1 0,0 0,0 1,0 0,0 1,2 0,5 0,0 0,0 0,0
LEAF 13,1 0,0 0,0 1,0 0,0 3,2 0,0 0,0 0,0 8,0
LEAF 13,1 0,0 0,0 1,0 0,0 4,2 0,0 0,0 0,0 0,2
LEAF 13,1 0,0 0,0 1,0 0,0 4,2 0,0 0,0 0,2 0,0
LEAF 13,1 0,0 0,0 1,0 0,0 4,2 0,0 0,2 0,0 0,0
LEAF 13,1 0,0 0,0 1,0 0,0 0,3 0,0 0,0 0,0 9,0
LEAF 13,1 0,0 0,0 1,0 0,0 0,3 0,0 0,0 0,0 1,4
LEAF 13,1 0,0 0,0 1,0 0,0 0,3 0,0 0,0 1,4 0,0
LEAF 13,1 0,0 0,0 1,0 0,0 0,3 0,0 1,4 0,0 0,0
LEAF 13,1 0,0 0,0 1,0 0,0 0,3 1,4 0,0 0,0 0,0
LEAF 13,1 0,0 0,0 1,0 0,0 3,3 0,0 0,0 0,0 1,1
LEAF 13,1 0,0 0,0 1,0 0,0 3,3 0,0 0,0 0,1 0,1
LEAF 13,1 0,0 0,0 1,0 0,0 3,3 0,0 0,0 1,1 0,0
LEAF 13,1 0,0 0,0 1,0 0,0 3,3 0,0 0,1 0,0 0,1
LEAF 13,1 0,0 0,0 1,0 0,0 3,3 0,0 1,1 0,0 0,0
LEAF 13,1 0,0 0,0 1,0 0,0 3,3 0,1 0,0 0,0 0,1
LEAF 13,1 0,0 0,0 1,0 0,0 1,4 0,0 0,0 0,0 0,3
LEAF 13,1 0,0 0,0 1,0 0,0 1,4 0,0 0,0 0,3 0,0
LEAF 13,1 0,0 0,0 1,0 0,0 1,4 0,0 0,3 0,0 0,0
LEAF 13,1 0,0 0,0 1,0 0,0 1,4 0,3 0,0 0,0 0,0
LEAF 13,1 0,0 0,0 1,0 0,0 2,4 0,0 0,0 0,0 2,0
LEAF 13,1 0,0 0,0 1,0 0,0 2,4 0,0 0,0 1,0 0,1
LEAF 13,1 0,0 0,0 1,0 0,0 2,4 0,0 0,0 2,0 0,0
LEAF 13,1 0,0 0,0 1,0 0,0 2,4 0,0 0,0 0,1 1,0
LEAF 13,1 0,0 0,0 1,0 0,0 2,4 0,0 1,0 0,0 0,1
LEAF 13,1 0,0 0,0 1,0 0,0 2,4 0,0 2,0 0,0 0,0
LEAF 13,1 0,0 0,0 1,0 0,0 2,4 0,0 0,1 0,0 1,0
LEAF 13,1 0,0 0,0 1,0 0,0 2,4 0,0 0,1 1,0 0,0
LEAF 13,1 0,0 0,0 1,0 0,0 2,4 1,0 0,0 0,0 0,1
LEAF 13,1 0,0 0,0 1,0 0,0 0,5 0,0 0,0 0,0 1,2
LEAF 13,1 0,0 0,0 1,0 0,0 0,5 0,0 0,0 1,2 0,0
LEAF 13,1 0,0 0,0 1,0 0,0 0,5 0,0 1,2 0,0 0,0
LEAF 13,1 0,0 0,0 1,0 0,0 0,5 1,2 0,0 0,0 0,0
LEAF 13,1 0,0 0,0 1,0 0,0 1,5 0,0 0,0 1,0 1,0
LEAF 13,1 0,0 0,0 1,0 0,0 1,5 0,0 1,0 0,0 1,0
LEAF 13,1 0,0 0,0 1,0 0,0 1,5 0,0 1,0 1,0 0,0
LEAF 13,1 0,0 0,0 1,0 1,0 0,0 0,0 0,0 1,0 1,5
LEAF 13,1 0,0 0,0 1,0 1,0 0,0 0,0 0,0 3,0 8,1
LEAF 13,1 0,0 0,0 1,0 1,0 0,0 0,0 0,0 5,0 8,0
LEAF 13,1 0,0 0,0 1,0 1,0 0,0 0,0 0,0 0,1 2,4
LEAF 13,1 0,0 0,0 1,0 1,0 0,0 0,0 0,0 2,1 9,0
LEAF 13,1 0,0 0,0 1,0 1,0 0,0 0,0 0,0 2,4 0,1
LEAF 13,1 0,0 0,0 1,0 1,0 0,0 0,0 0,0 1,5 1,0
LEAF 13,1 0,0 0,0 1,0 1,0 0,0 0,0 1,0 0,0 1,5
LEAF 13,1 0,0 0,0 1,0 1,0 0,0 0,0 3,0 0,0 8,1
LEAF 13,1 0,0 0,0 1,0 1,0 0,0 0,0 5,0 0,0 8,0
LEAF 13,1 0,0 0,0 1,0 1,0 0,0 0,0 0,1 0,0 2,4
LEAF 13,1 0,0 0,0 1,0 1,0 0,0 0,0 2,1 0,0 9,0
LEAF 13,1 0,0 0,0 1,0 1,0 0,0 0,0 2,4 0,0 0,1
LEAF 13,1 0,0 0,0 1,0 1,0 0,0 0,0 1,5 0,0 1,0
LEAF 13,1 0,0 0,0 1,0 1,0 0,0 0,0 1,5 1,0 0,0
LEAF 13,1 0,0 0,0 1,0 1,0 0,0 1,0 0,0 0,0 1,5
LEAF 13,1 0,0 0,0 1,0 1,0 0,0 1,0 1,5 0,0 0,0
LEAF 13,1 0,0 0,0 1,0 1,0 0,0 3,0 0,0 0,0 8,1
LEAF 13,1 0,0 0,0 1,0 1,0 0,0 5,0 0,0 0,0 8,0
LEAF 13,1 0,0 0,0 1,0 1,0 0,0 0,1 0,0 0,0 2,4
LEAF 13,1 0,0 0,0 1,0 1,0 0,0 2,1 0,0 0,0 9,0
LEAF 13,1 0,0 0,0 1,0 1,0 0,0 2,4 0,0 0,0 0,1
LEAF 13,1 0,0 0,0 1,0 1,0 0,0 1,5 0,0 0,0 1,0
LEAF 13,1 0,0 0,0 1,0 1,0 1,0 0,0 0,0 0,0 1,5
LEAF 13,1 0,0 0,0 1,0 1,0 1,0 0,0 0,0 1,5 0,0
LEAF 13,1 0,0 0,0 1,0 1,0 1,0 0,0 1,5 0,0 0,0
LEAF 13,1 0,0 0,0 1,0 1,0 2,0 0,0 0,0 2,0 9,0
LEAF 13,1 0,0 0,0 1,0 1,0 2,0 0,0 2,0 0,0 9,0
LEAF 13,1 0,0 0,0 1,0 1,0 2,0 2,0 0,0 0,0 9,0
LEAF 13,1 0,0 0,0 1,0 1,0 3,0 0,0 0,0 0,0 8,1
LEAF 13,1 0,0 0,0 1,0 1,0 5,0 0,0 0,0 0,0 8,0
LEAF 13,1 0,0 0,0 1,0 1,0 0,1 0,0 0,0 0,0 2,4
LEAF 13,1 0,0 0,0 1,0 1,0 0,1 0,0 0,0 2,4 0,0
LEAF 13,1 0,0 0,0 1,0 1,0 0,1 0,0 2,4 0,0 0,0
LEAF 13,1 0,0 0,0 1,0 1,0 2,1 0,0 0,0 0,0 9,0
LEAF 13,1 0,0 0,0 1,0 1,0 2,4 0,0 0,0 0,0 0,1
LEAF 13,1 0,0 0,0 1,0 1,0 2,4 0,0 0,0 0,1 0,0
LEAF 13,1 0,0 0,0 1,0 2,0 0,0 0,0 0,0 0,0 2,4
LEAF 13,1 0,0 0,0 1,0 2,0 0,0 0,0 0,0 2,0 7,2
LEAF 13,1 0,0 0,0 1,0 2,0 0,0 0,0 2,0 0,0 7,2
LEAF 13,1 0,0 0,0 1,0 2,0 0,0 0,0 2,0 1,0 9,0
LEAF 13,1 0,0 0,0 1,0 2,0 0,0 0,0 1,1 0,0 8,1
LEAF 13,1 0,0 0,0 1,0 2,0 0,0 0,0 0,2 0,0 9,0
LEAF 13,1 0,0 0,0 1,0 2,0 0,0 0,0 2,4 0,0 0,0
LEAF 13,1 0,0 0,0 1,0 2,0 0,0 1,0 2,0 0,0 9,0
LEAF 13,1 0,0 0,0 1,0 2,0 0,0 2,0 0,0 0,0 7,2
LEAF 13,1 0,0 0,0 1,0 2,0 0,0 1,1 0,0 0,0 8,1
LEAF 13,1 0,0 0,0 1,0 2,0 0,0 0,2 0,0 0,0 9,0
LEAF 13,1 0,0 0,0 1,0 2,0 0,0 2,4 0,0 0,0 0,0
LEAF 13,1 0,0 0,0 1,0 2,0 1,0 0,0 2,0 0,0 9,0
LEAF 13,1 0,0 0,0 1,0 2,0 1,0 2,0 0,0 0,0 9,0
LEAF 13,1 0,0 0,0 1,0 2,0 2,0 0,0 0,0 0,0 7,2
LEAF 13,1 0,0 0,0 1,0 2,0 2,0 1,0 0,0 0,0 9,0
LEAF 13,1 0,0 0,0 1,0 3,0 0,0 0,0 0,0 0,0 6,0
LEAF 13,1 0,0 0,0 1,0 3,0 0,0 0,0 0,0 0,0 6,3
LEAF 13,1 0,0 0,0 1,0 3,0 0,0 0,0 0,0 1,0 8,1
LEAF 13,1 0,0 0,0 1,0 3,0 0,0 0,0 1,0 0,0 8,1
LEAF 13,1 0,0 0,0 1,0 3,0 0,0 0,0 6,0 0,0 0,0
LEAF 13,1 0,0 0,0 1,0 3,0 0,0 0,0 0,1 0,0 9,0
LEAF 13,1 0,0 0,0 1,0 3,0 0,0 1,0 0,0 0,0 8,1
LEAF 13,1 0,0 0,0 1,0 3,0 0,0 6,0 0,0 0,0 0,0
LEAF 13,1 0,0 0,0 1,0 3,0 0,0 0,1 0,0 0,0 9,0
LEAF 13,1 0,0 0,0 1,0 3,0 1,0 0,0 0,0 0,0 8,1
LEAF 13,1 0,0 0,0 1,0 5,0 0,0 0,0 0,0 0,0 6,2
LEAF 13,1 0,0 0,0 1,0 5,0 0,0 0,0 0,0 1,0 8,0
LEAF 13,1 0,0 0,0 1,0 5,0 0,0 0,0 1,0 0,0 8,0
LEAF 13,1 0,0 0,0 1,0 5,0 0,0 1,0 0,0 0,0 8,0
LEAF 13,1 0,0 0,0 1,0 5,0 1,0 0,0 0,0 0,0 8,0
LEAF 13,1 0,0 0,0 1,0 6,0 0,0 0,0 0,0 0,0 3,0
LEAF 13,1 0,0 0,0 1,0 6,0 0,0 0,0 3,0 0,0 0,0
LEAF 13,1 0,0 0,0 1,0 6,0 0,0 3,0 0,0 0,0 0,0
LEAF 13,1 0,0 0,0 1,0 0,1 0,0 0,0 0,0 0,0 0,6
LEAF 13,1 0,0 0,0 1,0 0,1 0,0 0,0 0,0 1,0 2,4
LEAF 13,1 0,0 0,0 1,0 0,1 0,0 0,0 1,0 0,0 2,4
LEAF 13,1 0,0 0,0 1,0 0,1 0,0 0,0 3,0 0,0 9,0
LEAF 13,1 0,0 0,0 1,0 0,1 0,0 0,0 0,1 0,0 3,3
LEAF 13,1 0,0 0,0 1,0 0,1 0,0 0,0 3,3 0,0 0,1
LEAF 13,1 0,0 0,0 1,0 0,1 0,0 0,0 2,4 0,0 1,0
LEAF 13,1 0,0 0,0 1,0 0,1 0,0 0,0 2,4 1,0 0,0
LEAF 13,1 0,0 0,0 1,0 0,1 0,0 0,0 0,6 0,0 0,0
LEAF 13,1 0,0 0,0 1,0 0,1 0,0 1,0 0,0 0,0 2,4
LEAF 13,1 0,0 0,0 1,0 0,1 0,0 3,0 0,0 0,0 9,0
LEAF 13,1 0,0 0,0 1,0 0,1 0,0 0,1 0,0 0,0 3,3
LEAF 13,1 0,0 0,0 1,0 0,1 0,0 3,3 0,0 0,0 0,1
LEAF 13,1 0,0 0,0 1,0 0,1 0,0 2,4 0,0 0,0 1,0
LEAF 13,1 0,0 0,0 1,0 0,1 1,0 0,0 0,0 0,0 2,4
LEAF 13,1 0,0 0,0 1,0 0,1 1,0 2,4 0,0 0,0 0,0
LEAF 13,1 0,0 0,0 1,0 1,1 0,0 0,0 0,0 0,0 3,3
LEAF 13,1 0,0 0,0 1,0 1,1 0,0 0,0 2,0 0,0 8,1
LEAF 13,1 0,0 0,0 1,0 1,1 0,0 0,0 1,1 0,0 9,0
LEAF 13,1 0,0 0,0 1,0 1,1 0,0 0,0 3,3 0,0 0,0
LEAF 13,1 0,0 0,0 1,0 1,1 0,0 2,0 0,0 0,0 8,1
LEAF 13,1 0,0 0,0 1,0 1,1 0,0 1,1 0,0 0,0 9,0
LEAF 13,1 0,0 0,0 1,0 1,1 0,0 3,3 0,0 0,0 0,0
LEAF 13,1 0,0 0,0 1,0 2,1 0,0 0,0 0,0 0,0 7,2
LEAF 13,1 0,0 0,0 1,0 2,1 0,0 0,0 0,0 1,0 9,0
LEAF 13,1 0,0 0,0 1,0 2,1 0,0 0,0 1,0 0,0 9,0
LEAF 13,1 0,0 0,0 1,0 2,1 0,0 1,0 0,0 0,0 9,0
LEAF 13,1 0,0 0,0 1,0 2,1 1,0 0,0 0,0 0,0 9,0
LEAF 13,1 0,0 0,0 1,0 4,1 0,0 0,0 0,0 0,0 7,1
LEAF 13,1 0,0 0,0 1,0 0,2 0,0 0,0 0,0 0,0 4,2
LEAF 13,1 0,0 0,0 1,0 0,2 0,0 0,0 2,0 0,0 9,0
LEAF 13,1 0,0 0,0 1,0 0,2 0,0 0,0 4,2 0,0 0,0
LEAF 13,1 0,0 0,0 1,0 0,2 0,0 2,0 0,0 0,0 9,0
LEAF 13,1 0,0 0,0 1,0 0,2 0,0 4,2 0,0 0,0 0,0
LEAF 13,1 0,0 0,0 1,0 1,2 0,0 0,0 0,0 0,0 8,1
LEAF 13,1 0,0 0,0 1,0 1,2 0,0 0,0 0,0 0,0 0,5
LEAF 13,1 0,0 0,0 1,0 1,2 0,0 0,0 0,5 0,0 0,0
LEAF 13,1 0,0 0,0 1,0 1,2 0,0 0,5 0,0 0,0 0,0
LEAF 13,1 0,0 0,0 1,0 3,2 0,0 0,0 0,0 0,0 8,0
LEAF 13,1 0,0 0,0 1,0 4,2 0,0 0,0 0,0 0,0 0,2
LEAF 13,1 0,0 0,0 1,0 4,2 0,0 0,0 0,2 0,0 0,0
LEAF 13,1 0,0 0,0 1,0 4,2 0,0 0,2 0,0 0,0 0,0
LEAF 13,1 0,0 0,0 1,0 0,3 0,0 0,0 0,0 0,0 9,0
LEAF 13,1 0,0 0,0 1,0 0,3 0,0 0,0 0,0 0,0 1,4
LEAF 13,1 0,0 0,0 1,0 0,3 0,0 0,0 1,4 0,0 0,0
LEAF 13,1 0,0 0,0 1,0 0,3 0,0 1,4 0,0 0,0 0,0
LEAF 13,1 0,0 0,0 1,0 3,3 0,0 0,0 0,0 0,0 1,1
LEAF 13,1 0,0 0,0 1,0 3,3 0,0 0,0 0,1 0,0 0,1
LEAF 13,1 0,0 0,0 1,0 3,3 0,0 0,0 1,1 0,0 0,0
LEAF 13,1 0,0 0,0 1,0 3,3 0,0 0,1 0,0 0,0 0,1
LEAF 13,1 0,0 0,0 1,0 3,3 0,0 1,1 0,0 0,0 0,0
LEAF 13,1 0,0 0,0 1,0 1,4 0,0 0,0 0,0 0,0 0,3
LEAF 13,1 0,0 0,0 1,0 1,4 0,0 0,0 0,3 0,0 0,0
LEAF 13,1 0,0 0,0 1,0 1,4 0,0 0,3 0,0 0,0 0,0
LEAF 13,1 0,0 0,0 1,0 2,4 0,0 0,0 0,0 0,0 2,0
LEAF 13,1 0,0 0,0 1,0 2,4 0,0 0,0 0,0 1,0 0,1
LEAF 13,1 0,0 0,0 1,0 2,4 0,0 0,0 1,0 0,0 0,1
LEAF 13,1 0,0 0,0 1,0 2,4 0,0 0,0 2,0 0,0 0,0
LEAF 13,1 0,0 0,0 1,0 2,4 0,0 0,0 0,1 0,0 1,0
LEAF 13,1 0,0 0,0 1,0 2,4 0,0 0,0 0,1 1,0 0,0
LEAF 13,1 0,0 0,0 1,0 2,4 0,0 1,0 0,0 0,0 0,1
LEAF 13,1 0,0 0,0 1,0 2,4 0,0 0,1 0,0 0,0 1,0
LEAF 13,1 0,0 0,0 1,0 0,5 0,0 0,0 0,0 0,0 1,2
LEAF 13,1 0,0 0,0 1,0 0,5 0,0 0,0 1,2 0,0 0,0
LEAF 13,1 0,0 0,0 1,0 0,5 0,0 1,2 0,0 0,0 0,0
LEAF 13,1 0,0 0,0 2,0 0,0 0,0 0,0 0,0 0,0 0,6
LEAF 13,1 0,0 0,0 2,0 0,0 0,0 0,0 0,0 1,0 2,4
LEAF 13,1 0,0 0,0 2,0 0,0 0,0 0,0 0,0 3,0 9,0
LEAF 13,1 0,0 0,0 2,0 0,0 0,0 0,0 0,0 0,1 3,3
LEAF 13,1 0,0 0,0 2,0 0,0 0,0 0,0 0,0 3,3 0,1
LEAF 13,1 0,0 0,0 2,0 0,0 0,0 0,0 0,0 2,4 1,0
LEAF 13,1 0,0 0,0 2,0 0,0 0,0 0,0 0,0 0,6 0,0
LEAF 13,1 0,0 0,0 2,0 0,0 0,0 0,0 1,0 0,0 2,4
LEAF 13,1 0,0 0,0 2,0 0,0 0,0 0,0 1,0 2,0 7,2
LEAF 13,1 0,0 0,0 2,0 0,0 0,0 0,0 1,0 1,1 8,1
LEAF 13,1 0,0 0,0 2,0 0,0 0,0 0,0 1,0 0,2 9,0
LEAF 13,1 0,0 0,0 2,0 0,0 0,0 0,0 1,0 2,4 0,0
LEAF 13,1 0,0 0,0 2,0 0,0 0,0 0,0 2,0 1,0 7,2
LEAF 13,1 0,0 0,0 2,0 0,0 0,0 0,0 3,0 0,0 9,0
LEAF 13,1 0,0 0,0 2,0 0,0 0,0 0,0 0,1 0,0 3,3
LEAF 13,1 0,0 0,0 2,0 0,0 0,0 0,0 1,1 1,0 8,1
LEAF 13,1 0,0 0,0 2,0 0,0 0,0 0,0 0,2 1,0 9,0
LEAF 13,1 0,0 0,0 2,0 0,0 0,0 0,0 3,3 0,0 0,1
LEAF 13,1 0,0 0,0 2,0 0,0 0,0 0,0 2,4 0,0 1,0
LEAF 13,1 0,0 0,0 2,0 0,0 0,0 0,0 2,4 1,0 0,0
LEAF 13,1 0,0 0,0 2,0 0,0 0,0 0,0 0,6 0,0 0,0
LEAF 13,1 0,0 0,0 2,0 0,0 0,0 1,0 0,0 0,0 2,4
LEAF 13,1 0,0 0,0 2,0 0,0 0,0 1,0 0,0 2,0 7,2
LEAF 13,1 0,0 0,0 2,0 0,0 0,0 1,0 0,0 1,1 8,1
LEAF 13,1 0,0 0,0 2,0 0,0 0,0 1,0 0,0 0,2 9,0
LEAF 13,1 0,0 0,0 2,0 0,0 0,0 1,0 0,0 2,4 0,0
LEAF 13,1 0,0 0,0 2,0 0,0 0,0 1,0 1,0 2,0 9,0
LEAF 13,1 0,0 0,0 2,0 0,0 0,0 1,0 2,0 0,0 7,2
LEAF 13,1 0,0 0,0 2,0 0,0 0,0 1,0 2,0 1,0 9,0
LEAF 13,1 0,0 0,0 2,0 0,0 0,0 1,0 1,1 0,0 8,1
LEAF 13,1 0,0 0,0 2,0 0,0 0,0 1,0 0,2 0,0 9,0
LEAF 13,1 0,0 0,0 2,0 0,0 0,0 1,0 2,4 0,0 0,0
LEAF 13,1 0,0 0,0 2,0 0,0 0,0 2,0 0,0 1,0 7,2
LEAF 13,1 0,0 0,0 2,0 0,0 0,0 2,0 0,0 0,1 8,1
LEAF 13,1 0,0 0,0 2,0 0,0 0,0 2,0 1,0 0,0 7,2
LEAF 13,1 0,0 0,0 2,0 0,0 0,0 2,0 1,0 1,0 9,0
LEAF 13,1 0,0 0,0 2,0 0,0 0,0 2,0 0,1 0,0 8,1
LEAF 13,1 0,0 0,0 2,0 0,0 0,0 3,0 0,0 0,0 9,0
LEAF 13,1 0,0 0,0 2,0 0,0 0,0 0,1 0,0 0,0 3,3
LEAF 13,1 0,0 0,0 2,0 0,0 0,0 0,1 0,0 2,0 8,1
LEAF 13,1 0,0 0,0 2,0 0,0 0,0 0,1 0,0 1,1 9,0
LEAF 13,1 0,0 0,0 2,0 0,0 0,0 0,1 0,0 3,3 0,0
LEAF 13,1 0,0 0,0 2,0 0,0 0,0 0,1 2,0 0,0 8,1
LEAF 13,1 0,0 0,0 2,0 0,0 0,0 0,1 1,1 0,0 9,0
LEAF 13,1 0,0 0,0 2,0 0,0 0,0 0,1 3,3 0,0 0,0
LEAF 13,1 0,0 0,0 2,0 0,0 0,0 1,1 0,0 1,0 8,1
LEAF 13,1 0,0 0,0 2,0 0,0 0,0 1,1 0,0 0,1 9,0
LEAF 13,1 0,0 0,0 2,0 0,0 0,0 1,1 1,0 0,0 8,1
LEAF 13,1 0,0 0,0 2,0 0,0 0,0 1,1 0,1 0,0 9,0
LEAF 13,1 0,0 0,0 2,0 0,0 0,0 0,2 0,0 1,0 9,0
LEAF 13,1 0,0 0,0 2,0 0,0 0,0 0,2 1,0 0,0 9,0
LEAF 13,1 0,0 0,0 2,0 0,0 0,0 3,3 0,0 0,0 0,1
LEAF 13,1 0,0 0,0 2,0 0,0 0,0 3,3 0,0 0,1 0,0
LEAF 13,1 0,0 0,0 2,0 0,0 0,0 3,3 0,1 0,0 0,0
LEAF 13,1 0,0 0,0 2,0 0,0 0,0 2,4 0,0 0,0 1,0
LEAF 13,1 0,0 0,0 2,0 0,0 0,0 2,4 0,0 1,0 0,0
LEAF 13,1 0,0 0,0 2,0 0,0 0,0 2,4 1,0 0,0 0,0
LEAF 13,1 0,0 0,0 2,0 0,0 1,0 0,0 0,0 0,0 2,4
LEAF 13,1 0,0 0,0 2,0 0,0 1,0 0,0 0,0 2,0 7,2
LEAF 13,1 0,0 0,0 2,0 0,0 1,0 0,0 0,0 1,1 8,1
LEAF 13,1 0,0 0,0 2,0 0,0 1,0 0,0 0,0 0,2 9,0
LEAF 13,1 0,0 0,0 2,0 0,0 1,0 0,0 0,0 2,4 0,0
LEAF 13,1 0,0 0,0 2,0 0,0 1,0 0,0 1,0 2,0 9,0
LEAF 13,1 0,0 0,0 2,0 0,0 1,0 0,0 2,0 0,0 7,2
LEAF 13,1 0,0 0,0 2,0 0,0 1,0 0,0 2,0 1,0 9,0
LEAF 13,1 0,0 0,0 2,0 0,0 1,0 0,0 1,1 0,0 8,1
LEAF 13,1 0,0 0,0 2,0 0,0 1,0 0,0 0,2 0,0 9,0
LEAF 13,1 0,0 0,0 2,0 0,0 1,0 0,0 2,4 0,0 0,0
LEAF 13,1 0,0 0,0 2,0 0,0 1,0 1,0 0,0 2,0 9,0
LEAF 13,1 0,0 0,0 2,0 0,0 1,0 1,0 2,0 0,0 9,0
LEAF 13,1 0,0 0,0 2,0 0,0 1,0 2,0 0,0 0,0 7,2
LEAF 13,1 0,0 0,0 2,0 0,0 1,0 2,0 0,0 1,0 9,0
LEAF 13,1 0,0 0,0 2,0 0,0 1,0 2,0 1,0 0,0 9,0
LEAF 13,1 0,0 0,0 2,0 0,0 1,0 1,1 0,0 0,0 8,1
LEAF 13,1 0,0 0,0 2,0 0,0 1,0 0,2 0,0 0,0 9,0
LEAF 13,1 0,0 0,0 2,0 0,0 1,0 2,4 0,0 0,0 0,0
LEAF 13,1 0,0 0,0 2,0 0,0 2,0 0,0 0,0 1,0 7,2
LEAF 13,1 0,0 0,0 2,0 0,0 2,0 0,0 0,0 0,1 8,1
LEAF 13,1 0,0 0,0 2,0 0,0 2,0 0,0 1,0 0,0 7,2
LEAF 13,1 0,0 0,0 2,0 0,0 2,0 0,0 1,0 1,0 9,0
LEAF 13,1 0,0 0,0 2,0 0,0 2,0 0,0 0,1 0,0 8,1
LEAF 13,1 0,0 0,0 2,0 0,0 2,0 1,0 0,0 0,0 7,2
LEAF 13,1 0,0 0,0 2,0 0,0 2,0 1,0 0,0 1,0 9,0
LEAF 13,1 0,0 0,0 2,0 0,0 2,0 1,0 1,0 0,0 9,0
LEAF 13,1 0,0 0,0 2,0 0,0 2,0 0,1 0,0 0,0 8,1
LEAF 13,1 0,0 0,0 2,0 0,0 3,0 0,0 0,0 0,0 9,0
LEAF 13,1 0,0 0,0 2,0 0,0 0,1 0,0 0,0 0,0 3,3
LEAF 13,1 0,0 0,0 2,0 0,0 0,1 0,0 0,0 2,0 8,1
LEAF 13,1 0,0 0,0 2,0 0,0 0,1 0,0 0,0 1,1 9,0
LEAF 13,1 0,0 0,0 2,0 0,0 0,1 0,0 0,0 3,3 0,0
LEAF 13,1 0,0 0,0 2,0 0,0 0,1 0,0 2,0 0,0 8,1
LEAF 13,1 0,0 0,0 2,0 0,0 0,1 0,0 1,1 0,0 9,0
LEAF 13,1 0,0 0,0 2,0 0,0 0,1 0,0 3,3 0,0 0,0
LEAF 13,1 0,0 0,0 2,0 0,0 0,1 2,0 0,0 0,0 8,1
LEAF 13,1 0,0 0,0 2,0 0,0 0,1 1,1 0,0 0,0 9,0
LEAF 13,1 0,0 0,0 2,0 0,0 0,1 3,3 0,0 0,0 0,0
LEAF 13,1 0,0 0,0 2,0 0,0 1,1 0,0 0,0 1,0 8,1
LEAF 13,1 0,0 0,0 2,0 0,0 1,1 0,0 0,0 0,1 9,0
LEAF 13,1 0,0 0,0 2,0 0,0 1,1 0,0 1,0 0,0 8,1
LEAF 13,1 0,0 0,0 2,0 0,0 1,1 0,0 0,1 0,0 9,0
LEAF 13,1 0,0 0,0 2,0 0,0 1,1 1,0 0,0 0,0 8,1
LEAF 13,1 0,0 0,0 2,0 0,0 1,1 0,1 0,0 0,0 9,0
LEAF 13,1 0,0 0,0 2,0 0,0 0,2 0,0 0,0 1,0 9,0
LEAF 13,1 0,0 0,0 2,0 0,0 0,2 0,0 1,0 0,0 9,0
LEAF 13,1 0,0 0,0 2,0 0,0 0,2 1,0 0,0 0,0 9,0
LEAF 13,1 0,0 0,0 2,0 0,0 3,3 0,0 0,0 0,0 0,1
LEAF 13,1 0,0 0,0 2,0 0,0 3,3 0,0 0,0 0,1 0,0
LEAF 13,1 0,0 0,0 2,0 0,0 3,3 0,0 0,1 0,0 0,0
LEAF 13,1 0,0 0,0 2,0 0,0 3,3 0,1 0,0 0,0 0,0
LEAF 13,1 0,0 0,0 2,0 0,0 2,4 0,0 0,0 0,0 1,0
LEAF 13,1 0,0 0,0 2,0 0,0 2,4 0,0 0,0 1,0 0,0
LEAF 13,1 0,0 0,0 2,0 0,0 2,4 0,0 1,0 0,0 0,0
LEAF 13,1 0,0 0,0 2,0 1,0 0,0 0,0 0,0 0,0 2,4
LEAF 13,1 0,0 0,0 2,0 1,0 0,0 0,0 0,0 2,0 7,2
LEAF 13,1 0,0 0,0 2,0 1,0 0,0 0,0 0,0 1,1 8,1
LEAF 13,1 0,0 0,0 2,0 1,0 0,0 0,0 0,0 0,2 9,0
LEAF 13,1 0,0 0,0 2,0 1,0 0,0 0,0 0,0 2,4 0,0
LEAF 13,1 0,0 0,0 2,0 1,0 0,0 0,0 1,0 2,0 9,0
LEAF 13,1 0,0 0,0 2,0 1,0 0,0 0,0 2,0 0,0 7,2
LEAF 13,1 0,0 0,0 2,0 1,0 0,0 0,0 2,0 1,0 9,0
LEAF 13,1 0,0 0,0 2,0 1,0 0,0 0,0 1,1 0,0 8,1
LEAF 13,1 0,0 0,0 2,0 1,0 0,0 0,0 0,2 0,0 9,0
LEAF 13,1 0,0 0,0 2,0 1,0 0,0 0,0 2,4 0,0 0,0
LEAF 13,1 0,0 0,0 2,0 1,0 0,0 1,0 2,0 0,0 9,0
LEAF 13,1 0,0 0,0 2,0 1,0 0,0 2,0 0,0 0,0 7,2
LEAF 13,1 0,0 0,0 2,0 1,0 0,0 2,0 1,0 0,0 9,0
LEAF 13,1 0,0 0,0 2,0 1,0 0,0 1,1 0,0 0,0 8,1
LEAF 13,1 0,0 0,0 2,0 1,0 0,0 0,2 0,0 0,0 9,0
LEAF 13,1 0,0 0,0 2,0 1,0 0,0 2,4 0,0 0,0 0,0
LEAF 13,1 0,0 0,0 2,0 1,0 1,0 0,0 0,0 2,0 9,0
LEAF 13,1 0,0 0,0 2,0 1,0 1,0 0,0 2,0 0,0 9,0
LEAF 13,1 0,0 0,0 2,0 1,0 1,0 2,0 0,0 0,0 9,0
LEAF 13,1 0,0 0,0 2,0 1,0 2,0 0,0 0,0 0,0 7,2
LEAF 13,1 0,0 0,0 2,0 1,0 2,0 0,0 0,0 1,0 9,0
LEAF 13,1 0,0 0,0 2,0 1,0 2,0 0,0 1,0 0,0 9,0
LEAF 13,1 0,0 0,0 2,0 1,0 2,0 1,0 0,0 0,0 9,0
LEAF 13,1 0,0 0,0 2,0 1,0 1,1 0,0 0,0 0,0 8,1
LEAF 13,1 0,0 0,0 2,0 1,0 0,2 0,0 0,0 0,0 9,0
LEAF 13,1 0,0 0,0 2,0 2,0 0,0 0,0 0,0 1,0 7,2
LEAF 13,1 0,0 0,0 2,0 2,0 0,0 0,0 1,0 0,0 7,2
LEAF 13,1 0,0 0,0 2,0 2,0 0,0 0,0 1,0 1,0 9,0
LEAF 13,1 0,0 0,0 2,0 2,0 0,0 0,0 0,1 0,0 8,1
LEAF 13,1 0,0 0,0 2,0 2,0 0,0 1,0 0,0 0,0 7,2
LEAF 13,1 0,0 0,0 2,0 2,0 0,0 1,0 1,0 0,0 9,0
LEAF 13,1 0,0 0,0 2,0 2,0 0,0 0,1 0,0 0,0 8,1
LEAF 13,1 0,0 0,0 2,0 2,0 1,0 0,0 0,0 0,0 7,2
LEAF 13,1 0,0 0,0 2,0 2,0 1,0 0,0 0,0 1,0 9,0
LEAF 13,1 0,0 0,0 2,0 2,0 1,0 0,0 1,0 0,0 9,0
LEAF 13,1 0,0 0,0 2,0 2,0 1,0 1,0 0,0 0,0 9,0
LEAF 13,1 0,0 0,0 2,0 3,0 0,0 0,0 0,0 0,0 9,0
LEAF 13,1 0,0 0,0 2,0 0,1 0,0 0,0 0,0 0,0 3,3
LEAF 13,1 0,0 0,0 2,0 0,1 0,0 0,0 2,0 0,0 8,1
LEAF 13,1 0,0 0,0 2,0 0,1 0,0 0,0 1,1 0,0 9,0
LEAF 13,1 0,0 0,0 2,0 0,1 0,0 0,0 3,3 0,0 0,0
LEAF 13,1 0,0 0,0 2,0 0,1 0,0 2,0 0,0 0,0 8,1
LEAF 13,1 0,0 0,0 2,0 0,1 0,0 1,1 0,0 0,0 9,0
LEAF 13,1 0,0 0,0 2,0 0,1 0,0 3,3 0,0 0,0 0,0
LEAF 13,1 0,0 0,0 2,0 1,1 0,0 0,0 0,0 1,0 8,1
LEAF 13,1 0,0 0,0 2,0 1,1 0,0 0,0 1,0 0,0 8,1
LEAF 13,1 0,0 0,0 2,0 1,1 0,0 0,0 0,1 0,0 9,0
LEAF 13,1 0,0 0,0 2,0 1,1 0,0 1,0 0,0 0,0 8,1
LEAF 13,1 0,0 0,0 2,0 1,1 0,0 0,1 0,0 0,0 9,0
LEAF 13,1 0,0 0,0 2,0 1,1 1,0 0,0 0,0 0,0 8,1
LEAF 13,1 0,0 0,0 2,0 0,2 0,0 0,0 0,0 1,0 9,0
LEAF 13,1 0,0 0,0 2,0 0,2 0,0 0,0 1,0 0,0 9,0
LEAF 13,1 0,0 0,0 2,0 0,2 0,0 1,0 0,0 0,0 9,0
LEAF 13,1 0,0 0,0 2,0 0,2 1,0 0,0 0,0 0,0 9,0
LEAF 13,1 0,0 0,0 3,0 0,0 0,0 0,0 0,0 0,0 4,2
LEAF 13,1 0,0 0,0 3,0 0,0 0,0 0,0 0,0 1,0 6,0
LEAF 13,1 0,0 0,0 3,0 0,0 0,0 0,0 0,0 1,0 6,3
LEAF 13,1 0,0 0,0 3,0 0,0 0,0 0,0 0,0 2,0 9,0
LEAF 13,1 0,0 0,0 3,0 0,0 0,0 0,0 0,0 6,0 1,0
LEAF 13,1 0,0 0,0 3,0 0,0 0,0 0,0 0,0 0,1 7,2
LEAF 13,1 0,0 0,0 3,0 0,0 0,0 0,0 0,0 4,2 0,0
LEAF 13,1 0,0 0,0 3,0 0,0 0,0 0,0 1,0 0,0 6,0
LEAF 13,1 0,0 0,0 3,0 0,0 0,0 0,0 1,0 0,0 6,3
LEAF 13,1 0,0 0,0 3,0 0,0 0,0 0,0 1,0 1,0 8,1
LEAF 13,1 0,0 0,0 3,0 0,0 0,0 0,0 1,0 6,0 0,0
LEAF 13,1 0,0 0,0 3,0 0,0 0,0 0,0 1,0 0,1 9,0
LEAF 13,1 0,0 0,0 3,0 0,0 0,0 0,0 2,0 0,0 9,0
LEAF 13,1 0,0 0,0 3,0 0,0 0,0 0,0 6,0 0,0 1,0
LEAF 13,1 0,0 0,0 3,0 0,0 0,0 0,0 6,0 1,0 0,0
LEAF 13,1 0,0 0,0 3,0 0,0 0,0 0,0 0,1 0,0 7,2
LEAF 13,1 0,0 0,0 3,0 0,0 0,0 0,0 0,1 1,0 9,0
LEAF 13,1 0,0 0,0 3,0 0,0 0,0 0,0 4,2 0,0 0,0
LEAF 13,1 0,0 0,0 3,0 0,0 0,0 1,0 0,0 0,0 6,0
LEAF 13,1 0,0 0,0 3,0 0,0 0,0 1,0 0,0 0,0 6,3
LEAF 13,1 0,0 0,0 3,0 0,0 0,0 1,0 0,0 1,0 8,1
LEAF 13,1 0,0 0,0 3,0 0,0 0,0 1,0 0,0 6,0 0,0
LEAF 13,1 0,0 0,0 3,0 0,0 0,0 1,0 0,0 0,1 9,0
LEAF 13,1 0,0 0,0 3,0 0,0 0,0 1,0 1,0 0,0 8,1
LEAF 13,1 0,0 0,0 3,0 0,0 0,0 1,0 6,0 0,0 0,0
LEAF 13,1 0,0 0,0 3,0 0,0 0,0 1,0 0,1 0,0 9,0
LEAF 13,1 0,0 0,0 3,0 0,0 0,0 2,0 0,0 0,0 9,0
LEAF 13,1 0,0 0,0 3,0 0,0 0,0 6,0 0,0 0,0 1,0
LEAF 13,1 0,0 0,0 3,0 0,0 0,0 6,0 0,0 1,0 0,0
LEAF 13,1 0,0 0,0 3,0 0,0 0,0 6,0 1,0 0,0 0,0
LEAF 13,1 0,0 0,0 3,0 0,0 0,0 0,1 0,0 0,0 7,2
LEAF 13,1 0,0 0,0 3,0 0,0 0,0 0,1 0,0 1,0 9,0
LEAF 13,1 0,0 0,0 3,0 0,0 0,0 0,1 1,0 0,0 9,0
LEAF 13,1 0,0 0,0 3,0 0,0 0,0 4,2 0,0 0,0 0,0
LEAF 13,1 0,0 0,0 3,0 0,0 1,0 0,0 0,0 0,0 6,0
LEAF 13,1 0,0 0,0 3,0 0,0 1,0 0,0 0,0 0,0 6,3
LEAF 13,1 0,0 0,0 3,0 0,0 1,0 0,0 0,0 1,0 8,1
LEAF 13,1 0,0 0,0 3,0 0,0 1,0 0,0 0,0 6,0 0,0
LEAF 13,1 0,0 0,0 3,0 0,0 1,0 0,0 0,0 0,1 9,0
LEAF 13,1 0,0 0,0 3,0 0,0 1,0 0,0 1,0 0,0 8,1
LEAF 13,1 0,0 0,0 3,0 0,0 1,0 0,0 6,0 0,0 0,0
LEAF 13,1 0,0 0,0 3,0 0,0 1,0 0,0 0,1 0,0 9,0
LEAF 13,1 0,0 0,0 3,0 0,0 1,0 1,0 0,0 0,0 8,1
LEAF 13,1 0,0 0,0 3,0 0,0 1,0 6,0 0,0 0,0 0,0
LEAF 13,1 0,0 0,0 3,0 0,0 1,0 0,1 0,0 0,0 9,0
LEAF 13,1 0,0 0,0 3,0 0,0 2,0 0,0 0,0 0,0 9,0
LEAF 13,1 0,0 0,0 3,0 0,0 6,0 0,0 0,0 0,0 1,0
LEAF 13,1 0,0 0,0 3,0 0,0 6,0 0,0 0,0 1,0 0,0
LEAF 13,1 0,0 0,0 3,0 0,0 6,0 0,0 1,0 0,0 0,0
LEAF 13,1 0,0 0,0 3,0 0,0 6,0 1,0 0,0 0,0 0,0
LEAF 13,1 0,0 0,0 3,0 0,0 0,1 0,0 0,0 0,0 7,2
LEAF 13,1 0,0 0,0 3,0 0,0 0,1 0,0 0,0 1,0 9,0
LEAF 13,1 0,0 0,0 3,0 0,0 0,1 0,0 1,0 0,0 9,0
LEAF 13,1 0,0 0,0 3,0 0,0 0,1 1,0 0,0 0,0 9,0
LEAF 13,1 0,0 0,0 3,0 0,0 4,2 0,0 0,0 0,0 0,0
LEAF 13,1 0,0 0,0 3,0 1,0 0,0 0,0 0,0 0,0 6,0
LEAF 13,1 0,0 0,0 3,0 1,0 0,0 0,0 0,0 0,0 6,3
LEAF 13,1 0,0 0,0 3,0 1,0 0,0 0,0 0,0 1,0 8,1
LEAF 13,1 0,0 0,0 3,0 1,0 0,0 0,0 0,0 6,0 0,0
LEAF 13,1 0,0 0,0 3,0 1,0 0,0 0,0 0,0 0,1 9,0
LEAF 13,1 0,0 0,0 3,0 1,0 0,0 0,0 1,0 0,0 8,1
LEAF 13,1 0,0 0,0 3,0 1,0 0,0 0,0 6,0 0,0 0,0
LEAF 13,1 0,0 0,0 3,0 1,0 0,0 0,0 0,1 0,0 9,0
LEAF 13,1 0,0 0,0 3,0 1,0 0,0 1,0 0,0 0,0 8,1
LEAF 13,1 0,0 0,0 3,0 1,0 0,0 6,0 0,0 0,0 0,0
LEAF 13,1 0,0 0,0 3,0 1,0 0,0 0,1 0,0 0,0 9,0
LEAF 13,1 0,0 0,0 3,0 1,0 1,0 0,0 0,0 0,0 8,1
LEAF 13,1 0,0 0,0 3,0 1,0 6,0 0,0 0,0 0,0 0,0
LEAF 13,1 0,0 0,0 3,0 1,0 0,1 0,0 0,0 0,0 9,0
LEAF 13,1 0,0 0,0 3,0 2,0 0,0 0,0 0,0 0,0 9,0
LEAF 13,1 0,0 0,0 3,0 6,0 0,0 0,0 0,0 0,0 1,0
LEAF 13,1 0,0 0,0 3,0 6,0 0,0 0,0 0,0 1,0 0,0
LEAF 13,1 0,0 0,0 3,0 6,0 0,0 0,0 1,0 0,0 0,0
LEAF 13,1 0,0 0,0 3,0 0,1 0,0 0,0 0,0 0,0 7,2
LEAF 13,1 0,0 0,0 3,0 0,1 0,0 0,0 0,0 1,0 9,0
LEAF 13,1 0,0 0,0 3,0 0,1 0,0 0,0 1,0 0,0 9,0
LEAF 13,1 0,0 0,0 3,0 0,1 0,0 1,0 0,0 0,0 9,0
LEAF 13,1 0,0 0,0 3,0 0,1 1,0 0,0 0,0 0,0 9,0
LEAF 13,1 0,0 0,0 4,0 0,0 0,0 0,0 0,0 0,0 9,0
LEAF 13,1 0,0 0,0 4,0 0,0 0,0 0,0 0,0 0,0 1,4
LEAF 13,1 0,0 0,0 4,0 0,0 0,0 0,0 0,0 1,4 0,0
LEAF 13,1 0,0 0,0 4,0 0,0 0,0 0,0 1,4 0,0 0,0
LEAF 13,1 0,0 0,0 4,0 0,0 0,0 1,4 0,0 0,0 0,0
LEAF 13,1 0,0 0,0 4,0 0,0 1,4 0,0 0,0 0,0 0,0
LEAF 13,1 0,0 0,0 4,0 1,4 0,0 0,0 0,0 0,0 0,0
LEAF 13,1 0,0 0,0 5,0 0,0 0,0 0,0 0,0 0,0 0,4
LEAF 13,1 0,0 0,0 5,0 0,0 0,0 0,0 0,0 1,0 6,2
LEAF 13,1 0,0 0,0 5,0 0,0 0,0 0,0 0,0 0,1 7,1
LEAF 13,1 0,0 0,0 5,0 0,0 0,0 0,0 0,0 0,4 0,0
LEAF 13,1 0,0 0,0 5,0 0,0 0,0 0,0 1,0 0,0 6,2
LEAF 13,1 0,0 0,0 5,0 0,0 0,0 0,0 1,0 1,0 8,0
LEAF 13,1 0,0 0,0 5,0 0,0 0,0 0,0 0,1 0,0 7,1
LEAF 13,1 0,0 0,0 5,0 0,0 0,0 0,0 0,4 0,0 0,0
LEAF 13,1 0,0 0,0 5,0 0,0 0,0 1,0 0,0 0,0 6,2
LEAF 13,1 0,0 0,0 5,0 0,0 0,0 1,0 0,0 1,0 8,0
LEAF 13,1 0,0 0,0 5,0 0,0 0,0 1,0 1,0 0,0 8,0
LEAF 13,1 0,0 0,0 5,0 0,0 0,0 0,1 0,0 0,0 7,1
LEAF 13,1 0,0 0,0 5,0 0,0 0,0 0,4 0,0 0,0 0,0
LEAF 13,1 0,0 0,0 5,0 0,0 1,0 0,0 0,0 0,0 6,2
LEAF 13,1 0,0 0,0 5,0 0,0 1,0 0,0 0,0 1,0 8,0
LEAF 13,1 0,0 0,0 5,0 0,0 1,0 0,0 1,0 0,0 8,0
LEAF 13,1 0,0 0,0 5,0 0,0 1,0 1,0 0,0 0,0 8,0
LEAF 13,1 0,0 0,0 5,0 0,0 0,1 0,0 0,0 0,0 7,1
LEAF 13,1 0,0 0,0 5,0 0,0 0,4 0,0 0,0 0,0 0,0
LEAF 13,1 0,0 0,0 5,0 1,0 0,0 0,0 0,0 0,0 6,2
LEAF 13,1 0,0 0,0 5,0 1,0 0,0 0,0 0,0 1,0 8,0
LEAF 13,1 0,0 0,0 5,0 1,0 0,0 0,0 1,0 0,0 8,0
LEAF 13,1 0,0 0,0 5,0 1,0 0,0 1,0 0,0 0,0 8,0
LEAF 13,1 0,0 0,0 5,0 1,0 1,0 0,0 0,0 0,0 8,0
LEAF 13,1 0,0 0,0 5,0 0,1 0,0 0,0 0,0 0,0 7,1
LEAF 13,1 0,0 0,0 5,0 0,4 0,0 0,0 0,0 0,0 0,0
LEAF 13,1 0,0 0,0 6,0 0,0 0,0 0,0 0,0 0,0 1,2
LEAF 13,1 0,0 0,0 6,0 0,0 0,0 0,0 0,0 1,0 3,0
LEAF 13,1 0,0 0,0 6,0 0,0 0,0 0,0 0,0 3,0 1,0
LEAF 13,1 0,0 0,0 6,0 0,0 0,0 0,0 0,0 1,2 0,0
LEAF 13,1 0,0 0,0 6,0 0,0 0,0 0,0 1,0 0,0 3,0
LEAF 13,1 0,0 0,0 6,0 0,0 0,0 0,0 1,0 3,0 0,0
LEAF 13,1 0,0 0,0 6,0 0,0 0,0 0,0 3,0 0,0 1,0
LEAF 13,1 0,0 0,0 6,0 0,0 0,0 0,0 3,0 1,0 0,0
LEAF 13,1 0,0 0,0 6,0 0,0 0,0 0,0 1,2 0,0 0,0
LEAF 13,1 0,0 0,0 6,0 0,0 0,0 1,0 0,0 0,0 3,0
LEAF 13,1 0,0 0,0 6,0 0,0 0,0 1,0 0,0 3,0 0,0
LEAF 13,1 0,0 0,0 6,0 0,0 0,0 1,0 3,0 0,0 0,0
LEAF 13,1 0,0 0,0 6,0 0,0 0,0 3,0 0,0 0,0 1,0
LEAF 13,1 0,0 0,0 6,0 0,0 0,0 3,0 0,0 1,0 0,0
LEAF 13,1 0,0 0,0 6,0 0,0 0,0 3,0 1,0 0,0 0,0
LEAF 13,1 0,0 0,0 6,0 0,0 0,0 1,2 0,0 0,0 0,0
LEAF 13,1 0,0 0,0 6,0 0,0 1,0 0,0 0,0 0,0 3,0
LEAF 13,1 0,0 0,0 6,0 0,0 1,0 0,0 0,0 3,0 0,0
LEAF 13,1 0,0 0,0 6,0 0,0 1,0 0,0 3,0 0,0 0,0
LEAF 13,1 0,0 0,0 6,0 0,0 1,0 3,0 0,0 0,0 0,0
LEAF 13,1 0,0 0,0 6,0 0,0 3,0 0,0 0,0 0,0 1,0
LEAF 13,1 0,0 0,0 6,0 0,0 3,0 0,0 0,0 1,0 0,0
LEAF 13,1 0,0 0,0 6,0 0,0 3,0 0,0 1,0 0,0 0,0
LEAF 13,1 0,0 0,0 6,0 0,0 3,0 1,0 0,0 0,0 0,0
LEAF 13,1 0,0 0,0 6,0 0,0 1,2 0,0 0,0 0,0 0,0
LEAF 13,1 0,0 0,0 6,0 1,0 0,0 0,0 0,0 0,0 3,0
LEAF 13,1 0,0 0,0 6,0 1,0 0,0 0,0 0,0 3,0 0,0
LEAF 13,1 0,0 0,0 6,0 1,0 0,0 0,0 3,0 0,0 0,0
LEAF 13,1 0,0 0,0 6,0 1,0 0,0 3,0 0,0 0,0 0,0
LEAF 13,1 0,0 0,0 6,0 1,0 3,0 0,0 0,0 0,0 0,0
LEAF 13,1 0,0 0,0 6,0 3,0 0,0 0,0 0,0 0,0 1,0
LEAF 13,1 0,0 0,0 6,0 3,0 0,0 0,0 0,0 1,0 0,0
LEAF 13,1 0,0 0,0 6,0 3,0 0,0 0,0 1,0 0,0 0,0
LEAF 13,1 0,0 0,0 6,0 3,0 0,0 1,0 0,0 0,0 0,0
LEAF 13,1 0,0 0,0 0,1 0,0 0,0 0,0 0,0 0,0 7,0
LEAF 13,1 0,0 0,0 0,1 0,0 0,0 0,0 0,0 0,0 4,5
LEAF 13,1 0,0 0,0 0,1 0,0 0,0 0,0 0,0 1,0 0,6
LEAF 13,1 0,0 0,0 0,1 0,0 0,0 0,0 0,0 2,0 3,3
LEAF 13,1 0,0 0,0 0,1 0,0 0,0 0,0 0,0 3,0 7,2
LEAF 13,1 0,0 0,0 0,1 0,0 0,0 0,0 0,0 5,0 7,1
LEAF 13,1 0,0 0,0 0,1 0,0 0,0 0,0 0,0 7,0 0,0
LEAF 13,1 0,0 0,0 0,1 0,0 0,0 0,0 0,0 0,1 1,5
LEAF 13,1 0,0 0,0 0,1 0,0 0,0 0,0 0,0 1,1 4,2
LEAF 13,1 0,0 0,0 0,1 0,0 0,0 0,0 0,0 2,1 8,1
LEAF 13,1 0,0 0,0 0,1 0,0 0,0 0,0 0,0 2,1 0,5
LEAF 13,1 0,0 0,0 0,1 0,0 0,0 0,0 0,0 4,1 8,0
LEAF 13,1 0,0 0,0 0,1 0,0 0,0 0,0 0,0 5,1 0,2
LEAF 13,1 0,0 0,0 0,1 0,0 0,0 0,0 0,0 0,2 5,1
LEAF 13,1 0,0 0,0 0,1 0,0 0,0 0,0 0,0 1,2 9,0
LEAF 13,1 0,0 0,0 0,1 0,0 0,0 0,0 0,0 1,2 1,4
LEAF 13,1 0,0 0,0 0,1 0,0 0,0 0,0 0,0 4,2 1,1
LEAF 13,1 0,0 0,0 0,1 0,0 0,0 0,0 0,0 0,3 2,3
LEAF 13,1 0,0 0,0 0,1 0,0 0,0 0,0 0,0 2,3 0,3
LEAF 13,1 0,0 0,0 0,1 0,0 0,0 0,0 0,0 3,3 2,0
LEAF 13,1 0,0 0,0 0,1 0,0 0,0 0,0 0,0 1,4 1,2
LEAF 13,1 0,0 0,0 0,1 0,0 0,0 0,0 0,0 0,5 2,1
LEAF 13,1 0,0 0,0 0,1 0,0 0,0 0,0 0,0 1,5 0,1
LEAF 13,1 0,0 0,0 0,1 0,0 0,0 0,0 0,0 0,6 1,0
LEAF 13,1 0,0 0,0 0,1 0,0 0,0 0,0 1,0 0,0 0,6
LEAF 13,1 0,0 0,0 0,1 0,0 0,0 0,0 1,0 1,0 2,4
LEAF 13,1 0,0 0,0 0,1 0,0 0,0 0,0 1,0 3,0 9,0
LEAF 13,1 0,0 0,0 0,1 0,0 0,0 0,0 1,0 0,1 3,3
LEAF 13,1 0,0 0,0 0,1 0,0 0,0 0,0 1,0 3,3 0,1
LEAF 13,1 0,0 0,0 0,1 0,0 0,0 0,0 1,0 2,4 1,0
LEAF 13,1 0,0 0,0 0,1 0,0 0,0 0,0 1,0 0,6 0,0
LEAF 13,1 0,0 0,0 0,1 0,0 0,0 0,0 2,0 0,0 3,3
LEAF 13,1 0,0 0,0 0,1 0,0 0,0 0,0 2,0 2,0 8,1
LEAF 13,1 0,0 0,0 0,1 0,0 0,0 0,0 3,0 0,0 7,2
LEAF 13,1 0,0 0,0 0,1 0,0 0,0 0,0 3,0 1,0 9,0
LEAF 13,1 0,0 0,0 0,1 0,0 0,0 0,0 5,0 0,0 7,1
LEAF 13,1 0,0 0,0 0,1 0,0 0,0 0,0 0,1 0,0 1,5
LEAF 13,1 0,0 0,0 0,1 0,0 0,0 0,0 0,1 1,0 3,3
LEAF 13,1 0,0 0,0 0,1 0,0 0,0 0,0 1,1 0,0 4,2
LEAF 13,1 0,0 0,0 0,1 0,0 0,0 0,0 2,1 0,0 8,1
LEAF 13,1 0,0 0,0 0,1 0,0 0,0 0,0 2,1 0,0 0,5
LEAF 13,1 0,0 0,0 0,1 0,0 0,0 0,0 4,1 0,0 8,0
LEAF 13,1 0,0 0,0 0,1 0,0 0,0 0,0 5,1 0,0 0,2
LEAF 13,1 0,0 0,0 0,1 0,0 0,0 0,0 0,2 0,0 5,1
LEAF 13,1 0,0 0,0 0,1 0,0 0,0 0,0 1,2 0,0 9,0
LEAF 13,1 0,0 0,0 0,1 0,0 0,0 0,0 1,2 0,0 1,4
LEAF 13,1 0,0 0,0 0,1 0,0 0,0 0,0 4,2 0,0 1,1
LEAF 13,1 0,0 0,0 0,1 0,0 0,0 0,0 0,3 0,0 2,3
LEAF 13,1 0,0 0,0 0,1 0,0 0,0 0,0 2,3 0,0 0,3
LEAF 13,1 0,0 0,0 0,1 0,0 0,0 0,0 3,3 0,0 2,0
LEAF 13,1 0,0 0,0 0,1 0,0 0,0 0,0 3,3 1,0 0,1
LEAF 13,1 0,0 0,0 0,1 0,0 0,0 0,0 1,4 0,0 1,2
LEAF 13,1 0,0 0,0 0,1 0,0 0,0 0,0 2,4 1,0 1,0
LEAF 13,1 0,0 0,0 0,1 0,0 0,0 0,0 0,5 0,0 2,1
LEAF 13,1 0,0 0,0 0,1 0,0 0,0 0,0 1,5 0,0 0,1
LEAF 13,1 0,0 0,0 0,1 0,0 0,0 0,0 0,6 0,0 1,0
LEAF 13,1 0,0 0,0 0,1 0,0 0,0 1,0 0,0 0,0 0,6
LEAF 13,1 0,0 0,0 0,1 0,0 0,0 1,0 0,0 1,0 2,4
LEAF 13,1 0,0 0,0 0,1 0,0 0,0 1,0 0,0 3,0 9,0
LEAF 13,1 0,0 0,0 0,1 0,0 0,0 1,0 0,0 0,1 3,3
LEAF 13,1 0,0 0,0 0,1 0,0 0,0 1,0 0,0 3,3 0,1
LEAF 13,1 0,0 0,0 0,1 0,0 0,0 1,0 0,0 2,4 1,0
LEAF 13,1 0,0 0,0 0,1 0,0 0,0 1,0 0,0 0,6 0,0
LEAF 13,1 0,0 0,0 0,1 0,0 0,0 1,0 1,0 0,0 2,4
LEAF 13,1 0,0 0,0 0,1 0,0 0,0 1,0 1,0 2,4 0,0
LEAF 13,1 0,0 0,0 0,1 0,0 0,0 1,0 3,0 0,0 9,0
LEAF 13,1 0,0 0,0 0,1 0,0 0,0 1,0 0,1 0,0 3,3
LEAF 13,1 0,0 0,0 0,1 0,0 0,0 1,0 3,3 0,0 0,1
LEAF 13,1 0,0 0,0 0,1 0,0 0,0 1,0 2,4 0,0 1,0
LEAF 13,1 0,0 0,0 0,1 0,0 0,0 1,0 2,4 1,0 0,0
LEAF 13,1 0,0 0,0 0,1 0,0 0,0 2,0 0,0 0,0 3,3
LEAF 13,1 0,0 0,0 0,1 0,0 0,0 2,0 0,0 2,0 8,1
LEAF 13,1 0,0 0,0 0,1 0,0 0,0 2,0 0,0 1,1 9,0
LEAF 13,1 0,0 0,0 0,1 0,0 0,0 2,0 0,0 3,3 0,0
LEAF 13,1 0,0 0,0 0,1 0,0 0,0 2,0 2,0 0,0 8,1
LEAF 13,1 0,0 0,0 0,1 0,0 0,0 2,0 1,1 0,0 9,0
LEAF 13,1 0,0 0,0 0,1 0,0 0,0 2,0 3,3 0,0 0,0
LEAF 13,1 0,0 0,0 0,1 0,0 0,0 3,0 0,0 0,0 7,2
LEAF 13,1 0,0 0,0 0,1 0,0 0,0 3,0 0,0 1,0 9,0
LEAF 13,1 0,0 0,0 0,1 0,0 0,0 3,0 1,0 0,0 9,0
LEAF 13,1 0,0 0,0 0,1 0,0 0,0 5,0 0,0 0,0 7,1
LEAF 13,1 0,0 0,0 0,1 0,0 0,0 0,1 0,0 0,0 1,5
LEAF 13,1 0,0 0,0 0,1 0,0 0,0 0,1 0,0 1,0 3,3
LEAF 13,1 0,0 0,0 0,1 0,0 0,0 0,1 0,0 0,1 4,2
LEAF 13,1 0,0 0,0 0,1 0,0 0,0 0,1 0,0 4,2 0,1
LEAF 13,1 0,0 0,0 0,1 0,0 0,0 0,1 0,0 3,3 1,0
LEAF 13,1 0,0 0,0 0,1 0,0 0,0 0,1 0,0 1,5 0,0
LEAF 13,1 0,0 0,0 0,1 0,0 0,0 0,1 1,0 0,0 3,3
LEAF 13,1 0,0 0,0 0,1 0,0 0,0 0,1 1,0 3,3 0,0
LEAF 13,1 0,0 0,0 0,1 0,0 0,0 0,1 0,1 0,0 4,2
LEAF 13,1 0,0 0,0 0,1 0,0 0,0 0,1 4,2 0,0 0,1
LEAF 13,1 0,0 0,0 0,1 0,0 0,0 0,1 3,3 0,0 1,0
LEAF 13,1 0,0 0,0 0,1 0,0 0,0 0,1 3,3 1,0 0,0
LEAF 13,1 0,0 0,0 0,1 0,0 0,0 0,1 1,5 0,0 0,0
LEAF 13,1 0,0 0,0 0,1 0,0 0,0 1,1 0,0 0,0 4,2
LEAF 13,1 0,0 0,0 0,1 0,0 0,0 1,1 0,0 2,0 9,0
LEAF 13,1 0,0 0,0 0,1 0,0 0,0 1,1 0,0 4,2 0,0
LEAF 13,1 0,0 0,0 0,1 0,0 0,0 1,1 2,0 0,0 9,0
LEAF 13,1 0,0 0,0 0,1 0,0 0,0 1,1 4,2 0,0 0,0
LEAF 13,1 0,0 0,0 0,1 0,0 0,0 2,1 0,0 0,0 8,1
LEAF 13,1 0,0 0,0 0,1 0,0 0,0 2,1 0,0 0,0 0,5
LEAF 13,1 0,0 0,0 0,1 0,0 0,0 2,1 0,0 0,5 0,0
LEAF 13,1 0,0 0,0 0,1 0,0 0,0 2,1 0,5 0,0 0,0
LEAF 13,1 0,0 0,0 0,1 0,0 0,0 4,1 0,0 0,0 8,0
LEAF 13,1 0,0 0,0 0,1 0,0 0,0 5,1 0,0 0,0 0,2
LEAF 13,1 0,0 0,0 0,1 0,0 0,0 5,1 0,0 0,2 0,0
LEAF 13,1 0,0 0,0 0,1 0,0 0,0 5,1 0,2 0,0 0,0
LEAF 13,1 0,0 0,0 0,1 0,0 0,0 0,2 0,0 0,0 5,1
LEAF 13,1 0,0 0,0 0,1 0,0 0,0 0,2 0,0 5,1 0,0
LEAF 13,1 0,0 0,0 0,1 0,0 0,0 0,2 5,1 0,0 0,0
LEAF 13,1 0,0 0,0 0,1 0,0 0,0 1,2 0,0 0,0 9,0
LEAF 13,1 0,0 0,0 0,1 0,0 0,0 1,2 0,0 0,0 1,4
LEAF 13,1 0,0 0,0 0,1 0,0 0,0 1,2 0,0 1,4 0,0
LEAF 13,1 0,0 0,0 0,1 0,0 0,0 1,2 1,4 0,0 0,0
LEAF 13,1 0,0 0,0 0,1 0,0 0,0 4,2 0,0 0,0 1,1
LEAF 13,1 0,0 0,0 0,1 0,0 0,0 4,2 0,0 0,1 0,1
LEAF 13,1 0,0 0,0 0,1 0,0 0,0 4,2 0,0 1,1 0,0
LEAF 13,1 0,0 0,0 0,1 0,0 0,0 4,2 0,1 0,0 0,1
LEAF 13,1 0,0 0,0 0,1 0,0 0,0 4,2 1,1 0,0 0,0
LEAF 13,1 0,0 0,0 0,1 0,0 0,0 0,3 0,0 0,0 2,3
LEAF 13,1 0,0 0,0 0,1 0,0 0,0 0,3 0,0 2,3 0,0
LEAF 13,1 0,0 0,0 0,1 0,0 0,0 0,3 2,3 0,0 0,0
LEAF 13,1 0,0 0,0 0,1 0,0 0,0 2,3 0,0 0,0 0,3
LEAF 13,1 0,0 0,0 0,1 0,0 0,0 2,3 0,0 0,3 0,0
LEAF 13,1 0,0 0,0 0,1 0,0 0,0 2,3 0,3 0,0 0,0
LEAF 13,1 0,0 0,0 0,1 0,0 0,0 3,3 0,0 0,0 2,0
LEAF 13,1 0,0 0,0 0,1 0,0 0,0 3,3 0,0 1,0 0,1
LEAF 13,1 0,0 0,0 0,1 0,0 0,0 3,3 0,0 2,0 0,0
LEAF 13,1 0,0 0,0 0,1 0,0 0,0 3,3 0,0 0,1 1,0
LEAF 13,1 0,0 0,0 0,1 0,0 0,0 3,3 1,0 0,0 0,1
LEAF 13,1 0,0 0,0 0,1 0,0 0,0 3,3 1,0 0,1 0,0
LEAF 13,1 0,0 0,0 0,1 0,0 0,0 3,3 0,1 0,0 1,0
LEAF 13,1 0,0 0,0 0,1 0,0 0,0 3,3 0,1 1,0 0,0
LEAF 13,1 0,0 0,0 0,1 0,0 0,0 1,4 0,0 0,0 1,2
LEAF 13,1 0,0 0,0 0,1 0,0 0,0 1,4 0,0 1,2 0,0
LEAF 13,1 0,0 0,0 0,1 0,0 0,0 1,4 1,2 0,0 0,0
LEAF 13,1 0,0 0,0 0,1 0,0 0,0 2,4 0,0 1,0 1,0
LEAF 13,1 0,0 0,0 0,1 0,0 0,0 2,4 1,0 0,0 1,0
LEAF 13,1 0,0 0,0 0,1 0,0 0,0 2,4 1,0 1,0 0,0
LEAF 13,1 0,0 0,0 0,1 0,0 0,0 0,5 0,0 0,0 2,1
LEAF 13,1 0,0 0,0 0,1 0,0 0,0 0,5 0,0 2,1 0,0
LEAF 13,1 0,0 0,0 0,1 0,0 0,0 0,5 2,1 0,0 0,0
LEAF 13,1 0,0 0,0 0,1 0,0 0,0 1,5 0,0 0,0 0,1
LEAF 13,1 0,0 0,0 0,1 0,0 0,0 1,5 0,0 0,1 0,0
LEAF 13,1 0,0 0,0 0,1 0,0 1,0 0,0 0,0 0,0 0,6
LEAF 13,1 0,0 0,0 0,1 0,0 1,0 0,0 0,0 1,0 2,4
LEAF 13,1 0,0 0,0 0,1 0,0 1,0 0,0 0,0 3,0 9,0
LEAF 13,1 0,0 0,0 0,1 0,0 1,0 0,0 0,0 0,1 3,3
LEAF 13,1 0,0 0,0 0,1 0,0 1,0 0,0 0,0 3,3 0,1
LEAF 13,1 0,0 0,0 0,1 0,0 1,0 0,0 0,0 2,4 1,0
LEAF 13,1 0,0 0,0 0,1 0,0 1,0 0,0 0,0 0,6 0,0
LEAF 13,1 0,0 0,0 0,1 0,0 1,0 0,0 1,0 0,0 2,4
LEAF 13,1 0,0 0,0 0,1 0,0 1,0 0,0 3,0 0,0 9,0
LEAF 13,1 0,0 0,0 0,1 0,0 1,0 0,0 0,1 0,0 3,3
LEAF 13,1 0,0 0,0 0,1 0,0 1,0 0,0 3,3 0,0 0,1
LEAF 13,1 0,0 0,0 0,1 0,0 1,0 0,0 2,4 0,0 1,0
LEAF 13,1 0,0 0,0 0,1 0,0 1,0 0,0 2,4 1,0 0,0
LEAF 13,1 0,0 0,0 0,1 0,0 1,0 0,0 0,6 0,0 0,0
LEAF 13,1 0,0 0,0 0,1 0,0 1,0 1,0 0,0 0,0 2,4
LEAF 13,1 0,0 0,0 0,1 0,0 1,0 1,0 0,0 2,4 0,0
LEAF 13,1 0,0 0,0 0,1 0,0 1,0 1,0 2,4 0,0 0,0
LEAF 13,1 0,0 0,0 0,1 0,0 1,0 3,0 0,0 0,0 9,0
LEAF 13,1 0,0 0,0 0,1 0,0 1,0 0,1 0,0 0,0 3,3
LEAF 13,1 0,0 0,0 0,1 0,0 1,0 3,3 0,0 0,0 0,1
LEAF 13,1 0,0 0,0 0,1 0,0 1,0 2,4 0,0 0,0 1,0
LEAF 13,1 0,0 0,0 0,1 0,0 2,0 0,0 0,0 0,0 3,3
LEAF 13,1 0,0 0,0 0,1 0,0 2,0 0,0 0,0 2,0 8,1
LEAF 13,1 0,0 0,0 0,1 0,0 2,0 0,0 0,0 1,1 9,0
LEAF 13,1 0,0 0,0 0,1 0,0 2,0 0,0 0,0 3,3 0,0
LEAF 13,1 0,0 0,0 0,1 0,0 2,0 0,0 2,0 0,0 8,1
LEAF 13,1 0,0 0,0 0,1 0,0 2,0 0,0 1,1 0,0 9,0
LEAF 13,1 0,0 0,0 0,1 0,0 2,0 0,0 3,3 0,0 0,0
LEAF 13,1 0,0 0,0 0,1 0,0 2,0 2,0 0,0 0,0 8,1
LEAF 13,1 0,0 0,0 0,1 0,0 2,0 1,1 0,0 0,0 9,0
LEAF 13,1 0,0 0,0 0,1 0,0 3,0 0,0 0,0 0,0 7,2
LEAF 13,1 0,0 0,0 0,1 0,0 3,0 0,0 0,0 1,0 9,0
LEAF 13,1 0,0 0,0 0,1 0,0 3,0 0,0 1,0 0,0 9,0
LEAF 13,1 0,0 0,0 0,1 0,0 3,0 1,0 0,0 0,0 9,0
LEAF 13,1 0,0 0,0 0,1 0,0 5,0 0,0 0,0 0,0 7,1
LEAF 13,1 0,0 0,0 0,1 0,0 0,1 0,0 0,0 0,0 1,5
LEAF 13,1 0,0 0,0 0,1 0,0 0,1 0,0 0,0 1,0 3,3
LEAF 13,1 0,0 0,0 0,1 0,0 0,1 0,0 0,0 0,1 4,2
LEAF 13,1 0,0 0,0 0,1 0,0 0,1 0,0 0,0 4,2 0,1
LEAF 13,1 0,0 0,0 0,1 0,0 0,1 0,0 0,0 3,3 1,0
LEAF 13,1 0,0 0,0 0,1 0,0 0,1 0,0 0,0 1,5 0,0
LEAF 13,1 0,0 0,0 0,1 0,0 0,1 0,0 1,0 0,0 3,3
LEAF 13,1 0,0 0,0 0,1 0,0 0,1 0,0 0,1 0,0 4,2
LEAF 13,1 0,0 0,0 0,1 0,0 0,1 0,0 4,2 0,0 0,1
LEAF 13,1 0,0 0,0 0,1 0,0 0,1 0,0 3,3 0,0 1,0
LEAF 13,1 0,0 0,0 0,1 0,0 0,1 0,0 3,3 1,0 0,0
LEAF 13,1 0,0 0,0 0,1 0,0 0,1 0,0 1,5 0,0 0,0
LEAF 13,1 0,0 0,0 0,1 0,0 0,1 1,0 0,0 0,0 3,3
LEAF 13,1 0,0 0,0 0,1 0,0 0,1 1,0 3,3 0,0 0,0
LEAF 13,1 0,0 0,0 0,1 0,0 0,1 0,1 0,0 0,0 4,2
LEAF 13,1 0,0 0,0 0,1 0,0 0,1 4,2 0,0 0,0 0,1
LEAF 13,1 0,0 0,0 0,1 0,0 0,1 3,3 0,0 0,0 1,0
LEAF 13,1 0,0 0,0 0,1 0,0 1,1 0,0 0,0 0,0 4,2
LEAF 13,1 0,0 0,0 0,1 0,0 1,1 0,0 0,0 2,0 9,0
LEAF 13,1 0,0 0,0 0,1 0,0 1,1 0,0 0,0 4,2 0,0
LEAF 13,1 0,0 0,0 0,1 0,0 1,1 0,0 2,0 0,0 9,0
LEAF 13,1 0,0 0,0 0,1 0,0 1,1 0,0 4,2 0,0 0,0
LEAF 13,1 0,0 0,0 0,1 0,0 1,1 2,0 0,0 0,0 9,0
LEAF 13,1 0,0 0,0 0,1 0,0 1,1 4,2 0,0 0,0 0,0
LEAF 13,1 0,0 0,0 0,1 0,0 2,1 0,0 0,0 0,0 8,1
LEAF 13,1 0,0 0,0 0,1 0,0 2,1 0,0 0,0 0,0 0,5
LEAF 13,1 0,0 0,0 0,1 0,0 2,1 0,0 0,0 0,5 0,0
LEAF 13,1 0,0 0,0 0,1 0,0 2,1 0,0 0,5 0,0 0,0
LEAF 13,1 0,0 0,0 0,1 0,0 2,1 0,5 0,0 0,0 0,0
LEAF 13,1 0,0 0,0 0,1 0,0 4,1 0,0 0,0 0,0 8,0
LEAF 13,1 0,0 0,0 0,1 0,0 5,1 0,0 0,0 0,0 0,2
LEAF 13,1 0,0 0,0 0,1 0,0 5,1 0,0 0,0 0,2 0,0
LEAF 13,1 0,0 0,0 0,1 0,0 5,1 0,0 0,2 0,0 0,0
LEAF 13,1 0,0 0,0 0,1 0,0 5,1 0,2 0,0 0,0 0,0
LEAF 13,1 0,0 0,0 0,1 0,0 0,2 0,0 0,0 0,0 5,1
LEAF 13,1 0,0 0,0 0,1 0,0 0,2 0,0 0,0 5,1 0,0
LEAF 13,1 0,0 0,0 0,1 0,0 0,2 0,0 5,1 0,0 0,0
LEAF 13,1 0,0 0,0 0,1 0,0 0,2 5,1 0,0 0,0 0,0
LEAF 13,1 0,0 0,0 0,1 0,0 1,2 0,0 0,0 0,0 9,0
LEAF 13,1 0,0 0,0 0,1 0,0 1,2 0,0 0,0 0,0 1,4
LEAF 13,1 0,0 0,0 0,1 0,0 1,2 0,0 0,0 1,4 0,0
LEAF 13,1 0,0 0,0 0,1 0,0 1,2 0,0 1,4 0,0 0,0
LEAF 13,1 0,0 0,0 0,1 0,0 1,2 1,4 0,0 0,0 0,0
LEAF 13,1 0,0 0,0 0,1 0,0 4,2 0,0 0,0 0,0 1,1
LEAF 13,1 0,0 0,0 0,1 0,0 4,2 0,0 0,0 0,1 0,1
LEAF 13,1 0,0 0,0 0,1 0,0 4,2 0,0 0,0 1,1 0,0
LEAF 13,1 0,0 0,0 0,1 0,0 4,2 0,0 0,1 0,0 0,1
LEAF 13,1 0,0 0,0 0,1 0,0 4,2 0,0 1,1 0,0 0,0
LEAF 13,1 0,0 0,0 0,1 0,0 4,2 0,1 0,0 0,0 0,1
LEAF 13,1 0,0 0,0 0,1 0,0 4,2 1,1 0,0 0,0 0,0
LEAF 13,1 0,0 0,0 0,1 0,0 0,3 0,0 0,0 0,0 2,3
LEAF 13,1 0,0 0,0 0,1 0,0 0,3 0,0 0,0 2,3 0,0
LEAF 13,1 0,0 0,0 0,1 0,0 0,3 0,0 2,3 0,0 0,0
LEAF 13,1 0,0 0,0 0,1 0,0 0,3 2,3 0,0 0,0 0,0
LEAF 13,1 0,0 0,0 0,1 0,0 2,3 0,0 0,0 0,0 0,3
LEAF 13,1 0,0 0,0 0,1 0,0 2,3 0,0 0,0 0,3 0,0
LEAF 13,1 0,0 0,0 0,1 0,0 2,3 0,0 0,3 0,0 0,0
LEAF 13,1 0,0 0,0 0,1 0,0 2,3 0,3 0,0 0,0 0,0
LEAF 13,1 0,0 0,0 0,1 0,0 3,3 0,0 0,0 0,0 2,0
LEAF 13,1 0,0 0,0 0,1 0,0 3,3 0,0 0,0 1,0 0,1
LEAF 13,1 0,0 0,0 0,1 0,0 3,3 0,0 0,0 2,0 0,0
LEAF 13,1 0,0 0,0 0,1 0,0 3,3 0,0 0,0 0,1 1,0
LEAF 13,1 0,0 0,0 0,1 0,0 3,3 0,0 1,0 0,0 0,1
LEAF 13,1 0,0 0,0 0,1 0,0 3,3 0,0 2,0 0,0 0,0
LEAF 13,1 0,0 0,0 0,1 0,0 3,3 0,0 0,1 0,0 1,0
LEAF 13,1 0,0 0,0 0,1 0,0 3,3 0,0 0,1 1,0 0,0
LEAF 13,1 0,0 0,0 0,1 0,0 3,3 1,0 0,0 0,0 0,1
LEAF 13,1 0,0 0,0 0,1 0,0 3,3 1,0 0,1 0,0 0,0
LEAF 13,1 0,0 0,0 0,1 0,0 3,3 0,1 0,0 0,0 1,0
LEAF 13,1 0,0 0,0 0,1 0,0 1,4 0,0 0,0 0,0 1,2
LEAF 13,1 0,0 0,0 0,1 0,0 1,4 0,0 0,0 1,2 0,0
LEAF 13,1 0,0 0,0 0,1 0,0 1,4 0,0 1,2 0,0 0,0
LEAF 13,1 0,0 0,0 0,1 0,0 1,4 1,2 0,0 0,0 0,0
LEAF 13,1 0,0 0,0 0,1 0,0 2,4 0,0 0,0 1,0 1,0
LEAF 13,1 0,0 0,0 0,1 0,0 2,4 0,0 1,0 0,0 1,0
LEAF 13,1 0,0 0,0 0,1 0,0 2,4 0,0 1,0 1,0 0,0
LEAF 13,1 0,0 0,0 0,1 0,0 2,4 1,0 0,0 0,0 1,0
LEAF 13,1 0,0 0,0 0,1 0,0 2,4 1,0 0,0 1,0 0,0
LEAF 13,1 0,0 0,0 0,1 0,0 0,5 0,0 0,0 0,0 2,1
LEAF 13,1 0,0 0,0 0,1 0,0 0,5 0,0 0,0 2,1 0,0
LEAF 13,1 0,0 0,0 0,1 0,0 0,5 0,0 2,1 0,0 0,0
LEAF 13,1 0,0 0,0 0,1 0,0 0,5 2,1 0,0 0,0 0,0
LEAF 13,1 0,0 0,0 0,1 0,0 1,5 0,0 0,0 0,0 0,1
LEAF 13,1 0,0 0,0 0,1 0,0 1,5 0,0 0,0 0,1 0,0
LEAF 13,1 0,0 0,0 0,1 0,0 1,5 0,0 0,1 0,0 0,0
LEAF 13,1 0,0 0,0 0,1 1,0 0,0 0,0 0,0 0,0 0,6
LEAF 13,1 0,0 0,0 0,1 1,0 0,0 0,0 0,0 1,0 2,4
LEAF 13,1 0,0 0,0 0,1 1,0 0,0 0,0 0,0 3,0 9,0
LEAF 13,1 0,0 0,0 0,1 1,0 0,0 0,0 0,0 0,1 3,3
LEAF 13,1 0,0 0,0 0,1 1,0 0,0 0,0 0,0 3,3 0,1
LEAF 13,1 0,0 0,0 0,1 1,0 0,0 0,0 0,0 2,4 1,0
LEAF 13,1 0,0 0,0 0,1 1,0 0,0 0,0 0,0 0,6 0,0
LEAF 13,1 0,0 0,0 0,1 1,0 0,0 0,0 1,0 0,0 2,4
LEAF 13,1 0,0 0,0 0,1 1,0 0,0 0,0 3,0 0,0 9,0
LEAF 13,1 0,0 0,0 0,1 1,0 0,0 0,0 0,1 0,0 3,3
LEAF 13,1 0,0 0,0 0,1 1,0 0,0 0,0 3,3 0,0 0,1
LEAF 13,1 0,0 0,0 0,1 1,0 0,0 0,0 2,4 0,0 1,0
LEAF 13,1 0,0 0,0 0,1 1,0 0,0 0,0 2,4 1,0 0,0
LEAF 13,1 0,0 0,0 0,1 1,0 0,0 0,0 0,6 0,0 0,0
LEAF 13,1 0,0 0,0 0,1 1,0 0,0 1,0 0,0 0,0 2,4
LEAF 13,1 0,0 0,0 0,1 1,0 0,0 1,0 2,4 0,0 0,0
LEAF 13,1 0,0 0,0 0,1 1,0 0,0 3,0 0,0 0,0 9,0
LEAF 13,1 0,0 0,0 0,1 1,0 0,0 0,1 0,0 0,0 3,3
LEAF 13,1 0,0 0,0 0,1 1,0 0,0 3,3 0,0 0,0 0,1
LEAF 13,1 0,0 0,0 0,1 1,0 0,0 2,4 0,0 0,0 1,0
LEAF 13,1 0,0 0,0 0,1 1,0 1,0 0,0 0,0 0,0 2,4
LEAF 13,1 0,0 0,0 0,1 1,0 1,0 0,0 0,0 2,4 0,0
LEAF 13,1 0,0 0,0 0,1 1,0 1,0 0,0 2,4 0,0 0,0
LEAF 13,1 0,0 0,0 0,1 1,0 1,0 2,4 0,0 0,0 0,0
LEAF 13,1 0,0 0,0 0,1 1,0 3,0 0,0 0,0 0,0 9,0
LEAF 13,1 0,0 0,0 0,1 1,0 0,1 0,0 0,0 0,0 3,3
LEAF 13,1 0,0 0,0 0,1 1,0 0,1 0,0 0,0 3,3 0,0
LEAF 13,1 0,0 0,0 0,1 1,0 0,1 0,0 3,3 0,0 0,0
LEAF 13,1 0,0 0,0 0,1 1,0 0,1 3,3 0,0 0,0 0,0
LEAF 13,1 0,0 0,0 0,1 1,0 3,3 0,0 0,0 0,0 0,1
LEAF 13,1 0,0 0,0 0,1 1,0 3,3 0,0 0,0 0,1 0,0
LEAF 13,1 0,0 0,0 0,1 1,0 3,3 0,0 0,1 0,0 0,0
LEAF 13,1 0,0 0,0 0,1 1,0 2,4 0,0 0,0 0,0 1,0
LEAF 13,1 0,0 0,0 0,1 1,0 2,4 0,0 0,0 1,0 0,0
LEAF 13,1 0,0 0,0 0,1 2,0 0,0 0,0 0,0 0,0 3,3
LEAF 13,1 0,0 0,0 0,1 2,0 0,0 0,0 0,0 2,0 8,1
LEAF 13,1 0,0 0,0 0,1 2,0 0,0 0,0 2,0 0,0 8,1
LEAF 13,1 0,0 0,0 0,1 2,0 0,0 0,0 1,1 0,0 9,0
LEAF 13,1 0,0 0,0 0,1 2,0 0,0 0,0 3,3 0,0 0,0
LEAF 13,1 0,0 0,0 0,1 2,0 0,0 2,0 0,0 0,0 8,1
LEAF 13,1 0,0 0,0 0,1 2,0 0,0 1,1 0,0 0,0 9,0
LEAF 13,1 0,0 0,0 0,1 2,0 0,0 3,3 0,0 0,0 0,0
LEAF 13,1 0,0 0,0 0,1 2,0 2,0 0,0 0,0 0,0 8,1
LEAF 13,1 0,0 0,0 0,1 3,0 0,0 0,0 0,0 0,0 7,2
LEAF 13,1 0,0 0,0 0,1 3,0 0,0 0,0 0,0 1,0 9,0
LEAF 13,1 0,0 0,0 0,1 3,0 0,0 0,0 1,0 0,0 9,0
LEAF 13,1 0,0 0,0 0,1 3,0 0,0 1,0 0,0 0,0 9,0
LEAF 13,1 0,0 0,0 0,1 3,0 1,0 0,0 0,0 0,0 9,0
LEAF 13,1 0,0 0,0 0,1 5,0 0,0 0,0 0,0 0,0 7,1
LEAF 13,1 0,0 0,0 0,1 0,1 0,0 0,0 0,0 0,0 1,5
LEAF 13,1 0,0 0,0 0,1 0,1 0,0 0,0 0,0 1,0 3,3
LEAF 13,1 0,0 0,0 0,1 0,1 0,0 0,0 1,0 0,0 3,3
LEAF 13,1 0,0 0,0 0,1 0,1 0,0 0,0 0,1 0,0 4,2
LEAF 13,1 0,0 0,0 0,1 0,1 0,0 0,0 4,2 0,0 0,1
LEAF 13,1 0,0 0,0 0,1 0,1 0,0 0,0 3,3 0,0 1,0
LEAF 13,1 0,0 0,0 0,1 0,1 0,0 0,0 3,3 1,0 0,0
LEAF 13,1 0,0 0,0 0,1 0,1 0,0 0,0 1,5 0,0 0,0
LEAF 13,1 0,0 0,0 0,1 0,1 0,0 1,0 0,0 0,0 3,3
LEAF 13,1 0,0 0,0 0,1 0,1 0,0 0,1 0,0 0,0 4,2
LEAF 13,1 0,0 0,0 0,1 0,1 0,0 4,2 0,0 0,0 0,1
LEAF 13,1 0,0 0,0 0,1 0,1 0,0 3,3 0,0 0,0 1,0
LEAF 13,1 0,0 0,0 0,1 0,1 0,0 1,5 0,0 0,0 0,0
LEAF 13,1 0,0 0,0 0,1 0,1 1,0 0,0 0,0 0,0 3,3
LEAF 13,1 0,0 0,0 0,1 0,1 1,0 3,3 0,0 0,0 0,0
LEAF 13,1 0,0 0,0 0,1 1,1 0,0 0,0 0,0 0,0 4,2
LEAF 13,1 0,0 0,0 0,1 1,1 0,0 0,0 2,0 0,0 9,0
LEAF 13,1 0,0 0,0 0,1 1,1 0,0 0,0 4,2 0,0 0,0
LEAF 13,1 0,0 0,0 0,1 1,1 0,0 2,0 0,0 0,0 9,0
LEAF 13,1 0,0 0,0 0,1 1,1 0,0 4,2 0,0 0,0 0,0
LEAF 13,1 0,0 0,0 0,1 2,1 0,0 0,0 0,0 0,0 8,1
LEAF 13,1 0,0 0,0 0,1 2,1 0,0 0,0 0,0 0,0 0,5
LEAF 13,1 0,0 0,0 0,1 2,1 0,0 0,0 0,5 0,0 0,0
LEAF 13,1 0,0 0,0 0,1 2,1 0,0 0,5 0,0 0,0 0,0
LEAF 13,1 0,0 0,0 0,1 4,1 0,0 0,0 0,0 0,0 8,0
LEAF 13,1 0,0 0,0 0,1 5,1 0,0 0,0 0,0 0,0 0,2
LEAF 13,1 0,0 0,0 0,1 5,1 0,0 0,0 0,2 0,0 0,0
LEAF 13,1 0,0 0,0 0,1 5,1 0,0 0,2 0,0 0,0 0,0
LEAF 13,1 0,0 0,0 0,1 0,2 0,0 0,0 0,0 0,0 5,1
LEAF 13,1 0,0 0,0 0,1 0,2 0,0 0,0 5,1 0,0 0,0
LEAF 13,1 0,0 0,0 0,1 0,2 0,0 5,1 0,0 0,0 0,0
LEAF 13,1 0,0 0,0 0,1 1,2 0,0 0,0 0,0 0,0 9,0
LEAF 13,1 0,0 0,0 0,1 1,2 0,0 0,0 0,0 0,0 1,4
LEAF 13,1 0,0 0,0 0,1 1,2 0,0 0,0 1,4 0,0 0,0
LEAF 13,1 0,0 0,0 0,1 1,2 0,0 1,4 0,0 0,0 0,0
LEAF 13,1 0,0 0,0 0,1 4,2 0,0 0,0 0,0 0,0 1,1
LEAF 13,1 0,0 0,0 0,1 4,2 0,0 0,0 0,1 0,0 0,1
LEAF 13,1 0,0 0,0 0,1 4,2 0,0 0,0 1,1 0,0 0,0
LEAF 13,1 0,0 0,0 0,1 4,2 0,0 0,1 0,0 0,0 0,1
LEAF 13,1 0,0 0,0 0,1 4,2 0,0 1,1 0,0 0,0 0,0
LEAF 13,1 0,0 0,0 0,1 0,3 0,0 0,0 0,0 0,0 2,3
LEAF 13,1 0,0 0,0 0,1 0,3 0,0 0,0 2,3 0,0 0,0
LEAF 13,1 0,0 0,0 0,1 0,3 0,0 2,3 0,0 0,0 0,0
LEAF 13,1 0,0 0,0 0,1 2,3 0,0 0,0 0,0 0,0 0,3
LEAF 13,1 0,0 0,0 0,1 2,3 0,0 0,0 0,3 0,0 0,0
LEAF 13,1 0,0 0,0 0,1 2,3 0,0 0,3 0,0 0,0 0,0
LEAF 13,1 0,0 0,0 0,1 3,3 0,0 0,0 0,0 0,0 2,0
LEAF 13,1 0,0 0,0 0,1 3,3 0,0 0,0 0,0 1,0 0,1
LEAF 13,1 0,0 0,0 0,1 3,3 0,0 0,0 1,0 0,0 0,1
LEAF 13,1 0,0 0,0 0,1 3,3 0,0 0,0 2,0 0,0 0,0
LEAF 13,1 0,0 0,0 0,1 3,3 0,0 0,0 0,1 0,0 1,0
LEAF 13,1 0,0 0,0 0,1 3,3 0,0 0,0 0,1 1,0 0,0
LEAF 13,1 0,0 0,0 0,1 3,3 0,0 1,0 0,0 0,0 0,1
LEAF 13,1 0,0 0,0 0,1 3,3 0,0 2,0 0,0 0,0 0,0
LEAF 13,1 0,0 0,0 0,1 3,3 0,0 0,1 0,0 0,0 1,0
LEAF 13,1 0,0 0,0 0,1 1,4 0,0 0,0 0,0 0,0 1,2
LEAF 13,1 0,0 0,0 0,1 1,4 0,0 0,0 1,2 0,0 0,0
LEAF 13,1 0,0 0,0 0,1 1,4 0,0 1,2 0,0 0,0 0,0
LEAF 13,1 0,0 0,0 0,1 2,4 0,0 0,0 0,0 1,0 1,0
LEAF 13,1 0,0 0,0 0,1 2,4 0,0 0,0 1,0 0,0 1,0
LEAF 13,1 0,0 0,0 0,1 2,4 0,0 0,0 1,0 1,0 0,0
LEAF 13,1 0,0 0,0 0,1 2,4 0,0 1,0 0,0 0,0 1,0
LEAF 13,1 0,0 0,0 0,1 0,5 0,0 0,0 0,0 0,0 2,1
LEAF 13,1 0,0 0,0 0,1 0,5 0,0 0,0 2,1 0,0 0,0
LEAF 13,1 0,0 0,0 0,1 0,5 0,0 2,1 0,0 0,0 0,0
LEAF 13,1 0,0 0,0 1,1 0,0 0,0 0,0 0,0 0,0 1,5
LEAF 13,1 0,0 0,0 1,1 0,0 0,0 0,0 0,0 1,0 3,3
LEAF 13,1 0,0 0,0 1,1 0,0 0,0 0,0 0,0 0,1 4,2
LEAF 13,1 0,0 0,0 1,1 0,0 0,0 0,0 0,0 4,2 0,1
LEAF 13,1 0,0 0,0 1,1 0,0 0,0 0,0 0,0 3,3 1,0
LEAF 13,1 0,0 0,0 1,1 0,0 0,0 0,0 0,0 1,5 0,0
LEAF 13,1 0,0 0,0 1,1 0,0 0,0 0,0 1,0 0,0 3,3
LEAF 13,1 0,0 0,0 1,1 0,0 0,0 0,0 1,0 2,0 8,1
LEAF 13,1 0,0 0,0 1,1 0,0 0,0 0,0 1,0 1,1 9,0
LEAF 13,1 0,0 0,0 1,1 0,0 0,0 0,0 1,0 3,3 0,0
LEAF 13,1 0,0 0,0 1,1 0,0 0,0 0,0 2,0 1,0 8,1
LEAF 13,1 0,0 0,0 1,1 0,0 0,0 0,0 0,1 0,0 4,2
LEAF 13,1 0,0 0,0 1,1 0,0 0,0 0,0 1,1 1,0 9,0
LEAF 13,1 0,0 0,0 1,1 0,0 0,0 0,0 4,2 0,0 0,1
LEAF 13,1 0,0 0,0 1,1 0,0 0,0 0,0 3,3 0,0 1,0
LEAF 13,1 0,0 0,0 1,1 0,0 0,0 0,0 3,3 1,0 0,0
LEAF 13,1 0,0 0,0 1,1 0,0 0,0 0,0 1,5 0,0 0,0
LEAF 13,1 0,0 0,0 1,1 0,0 0,0 1,0 0,0 0,0 3,3
LEAF 13,1 0,0 0,0 1,1 0,0 0,0 1,0 0,0 2,0 8,1
LEAF 13,1 0,0 0,0 1,1 0,0 0,0 1,0 0,0 1,1 9,0
LEAF 13,1 0,0 0,0 1,1 0,0 0,0 1,0 0,0 3,3 0,0
LEAF 13,1 0,0 0,0 1,1 0,0 0,0 1,0 2,0 0,0 8,1
LEAF 13,1 0,0 0,0 1,1 0,0 0,0 1,0 1,1 0,0 9,0
LEAF 13,1 0,0 0,0 1,1 0,0 0,0 1,0 3,3 0,0 0,0
LEAF 13,1 0,0 0,0 1,1 0,0 0,0 2,0 0,0 1,0 8,1
LEAF 13,1 0,0 0,0 1,1 0,0 0,0 2,0 0,0 0,1 9,0
LEAF 13,1 0,0 0,0 1,1 0,0 0,0 2,0 1,0 0,0 8,1
LEAF 13,1 0,0 0,0 1,1 0,0 0,0 2,0 0,1 0,0 9,0
LEAF 13,1 0,0 0,0 1,1 0,0 0,0 0,1 0,0 0,0 4,2
LEAF 13,1 0,0 0,0 1,1 0,0 0,0 0,1 0,0 2,0 9,0
LEAF 13,1 0,0 0,0 1,1 0,0 0,0 0,1 0,0 4,2 0,0
LEAF 13,1 0,0 0,0 1,1 0,0 0,0 0,1 2,0 0,0 9,0
LEAF 13,1 0,0 0,0 1,1 0,0 0,0 0,1 4,2 0,0 0,0
LEAF 13,1 0,0 0,0 1,1 0,0 0,0 1,1 0,0 1,0 9,0
LEAF 13,1 0,0 0,0 1,1 0,0 0,0 1,1 1,0 0,0 9,0
LEAF 13,1 0,0 0,0 1,1 0,0 0,0 4,2 0,0 0,0 0,1
LEAF 13,1 0,0 0,0 1,1 0,0 0,0 4,2 0,0 0,1 0,0
LEAF 13,1 0,0 0,0 1,1 0,0 0,0 4,2 0,1 0,0 0,0
LEAF 13,1 0,0 0,0 1,1 0,0 0,0 3,3 0,0 0,0 1,0
LEAF 13,1 0,0 0,0 1,1 0,0 0,0 3,3 0,0 1,0 0,0
LEAF 13,1 0,0 0,0 1,1 0,0 0,0 3,3 1,0 0,0 0,0
LEAF 13,1 0,0 0,0 1,1 0,0 0,0 1,5 0,0 0,0 0,0
LEAF 13,1 0,0 0,0 1,1 0,0 1,0 0,0 0,0 0,0 3,3
LEAF 13,1 0,0 0,0 1,1 0,0 1,0 0,0 0,0 2,0 8,1
LEAF 13,1 0,0 0,0 1,1 0,0 1,0 0,0 0,0 1,1 9,0
LEAF 13,1 0,0 0,0 1,1 0,0 1,0 0,0 0,0 3,3 0,0
LEAF 13,1 0,0 0,0 1,1 0,0 1,0 0,0 2,0 0,0 8,1
LEAF 13,1 0,0 0,0 1,1 0,0 1,0 0,0 1,1 0,0 9,0
LEAF 13,1 0,0 0,0 1,1 0,0 1,0 0,0 3,3 0,0 0,0
LEAF 13,1 0,0 0,0 1,1 0,0 1,0 2,0 0,0 0,0 8,1
LEAF 13,1 0,0 0,0 1,1 0,0 1,0 1,1 0,0 0,0 9,0
LEAF 13,1 0,0 0,0 1,1 0,0 1,0 3,3 0,0 0,0 0,0
LEAF 13,1 0,0 0,0 1,1 0,0 2,0 0,0 0,0 1,0 8,1
LEAF 13,1 0,0 0,0 1,1 0,0 2,0 0,0 0,0 0,1 9,0
LEAF 13,1 0,0 0,0 1,1 0,0 2,0 0,0 1,0 0,0 8,1
LEAF 13,1 0,0 0,0 1,1 0,0 2,0 0,0 0,1 0,0 9,0
LEAF 13,1 0,0 0,0 1,1 0,0 2,0 1,0 0,0 0,0 8,1
LEAF 13,1 0,0 0,0 1,1 0,0 2,0 0,1 0,0 0,0 9,0
LEAF 13,1 0,0 0,0 1,1 0,0 0,1 0,0 0,0 0,0 4,2
LEAF 13,1 0,0 0,0 1,1 0,0 0,1 0,0 0,0 2,0 9,0
LEAF 13,1 0,0 0,0 1,1 0,0 0,1 0,0 0,0 4,2 0,0
LEAF 13,1 0,0 0,0 1,1 0,0 0,1 0,0 2,0 0,0 9,0
LEAF 13,1 0,0 0,0 1,1 0,0 0,1 0,0 4,2 0,0 0,0
LEAF 13,1 0,0 0,0 1,1 0,0 0,1 2,0 0,0 0,0 9,0
LEAF 13,1 0,0 0,0 1,1 0,0 0,1 4,2 0,0 0,0 0,0
LEAF 13,1 0,0 0,0 1,1 0,0 1,1 0,0 0,0 1,0 9,0
LEAF 13,1 0,0 0,0 1,1 0,0 1,1 0,0 1,0 0,0 9,0
LEAF 13,1 0,0 0,0 1,1 0,0 1,1 1,0 0,0 0,0 9,0
LEAF 13,1 0,0 0,0 1,1 0,0 4,2 0,0 0,0 0,0 0,1
LEAF 13,1 0,0 0,0 1,1 0,0 4,2 0,0 0,0 0,1 0,0
LEAF 13,1 0,0 0,0 1,1 0,0 4,2 0,0 0,1 0,0 0,0
LEAF 13,1 0,0 0,0 1,1 0,0 4,2 0,1 0,0 0,0 0,0
LEAF 13,1 0,0 0,0 1,1 0,0 3,3 0,0 0,0 0,0 1,0
LEAF 13,1 0,0 0,0 1,1 0,0 3,3 0,0 0,0 1,0 0,0
LEAF 13,1 0,0 0,0 1,1 0,0 3,3 0,0 1,0 0,0 0,0
LEAF 13,1 0,0 0,0 1,1 0,0 3,3 1,0 0,0 0,0 0,0
LEAF 13,1 0,0 0,0 1,1 0,0 1,5 0,0 0,0 0,0 0,0
LEAF 13,1 0,0 0,0 1,1 1,0 0,0 0,0 0,0 0,0 3,3
LEAF 13,1 0,0 0,0 1,1 1,0 0,0 0,0 0,0 2,0 8,1
LEAF 13,1 0,0 0,0 1,1 1,0 0,0 0,0 0,0 1,1 9,0
LEAF 13,1 0,0 0,0 1,1 1,0 0,0 0,0 0,0 3,3 0,0
LEAF 13,1 0,0 0,0 1,1 1,0 0,0 0,0 2,0 0,0 8,1
LEAF 13,1 0,0 0,0 1,1 1,0 0,0 0,0 1,1 0,0 9,0
LEAF 13,1 0,0 0,0 1,1 1,0 0,0 0,0 3,3 0,0 0,0
LEAF 13,1 0,0 0,0 1,1 1,0 0,0 2,0 0,0 0,0 8,1
LEAF 13,1 0,0 0,0 1,1 1,0 0,0 1,1 0,0 0,0 9,0
LEAF 13,1 0,0 0,0 1,1 1,0 0,0 3,3 0,0 0,0 0,0
LEAF 13,1 0,0 0,0 1,1 1,0 2,0 0,0 0,0 0,0 8,1
LEAF 13,1 0,0 0,0 1,1 1,0 1,1 0,0 0,0 0,0 9,0
LEAF 13,1 0,0 0,0 1,1 1,0 3,3 0,0 0,0 0,0 0,0
LEAF 13,1 0,0 0,0 1,1 2,0 0,0 0,0 0,0 1,0 8,1
LEAF 13,1 0,0 0,0 1,1 2,0 0,0 0,0 1,0 0,0 8,1
LEAF 13,1 0,0 0,0 1,1 2,0 0,0 0,0 0,1 0,0 9,0
LEAF 13,1 0,0 0,0 1,1 2,0 0,0 1,0 0,0 0,0 8,1
LEAF 13,1 0,0 0,0 1,1 2,0 0,0 0,1 0,0 0,0 9,0
LEAF 13,1 0,0 0,0 1,1 2,0 1,0 0,0 0,0 0,0 8,1
LEAF 13,1 0,0 0,0 1,1 0,1 0,0 0,0 0,0 0,0 4,2
LEAF 13,1 0,0 0,0 1,1 0,1 0,0 0,0 2,0 0,0 9,0
LEAF 13,1 0,0 0,0 1,1 0,1 0,0 0,0 4,2 0,0 0,0
LEAF 13,1 0,0 0,0 1,1 0,1 0,0 2,0 0,0 0,0 9,0
LEAF 13,1 0,0 0,0 1,1 0,1 0,0 4,2 0,0 0,0 0,0
LEAF 13,1 0,0 0,0 1,1 1,1 0,0 0,0 0,0 1,0 9,0
LEAF 13,1 0,0 0,0 1,1 1,1 0,0 0,0 1,0 0,0 9,0
LEAF 13,1 0,0 0,0 1,1 1,1 0,0 1,0 0,0 0,0 9,0
LEAF 13,1 0,0 0,0 1,1 1,1 1,0 0,0 0,0 0,0 9,0
LEAF 13,1 0,0 0,0 1,1 4,2 0,0 0,0 0,0 0,0 0,1
LEAF 13,1 0,0 0,0 1,1 4,2 0,0 0,0 0,1 0,0 0,0
LEAF 13,1 0,0 0,0 1,1 4,2 0,0 0,1 0,0 0,0 0,0
LEAF 13,1 0,0 0,0 2,1 0,0 0,0 0,0 0,0 0,0 5,1
LEAF 13,1 0,0 0,0 2,1 0,0 0,0 0,0 0,0 1,0 7,2
LEAF 13,1 0,0 0,0 2,1 0,0 0,0 0,0 0,0 0,1 8,1
LEAF 13,1 0,0 0,0 2,1 0,0 0,0 0,0 0,0 0,1 0,5
LEAF 13,1 0,0 0,0 2,1 0,0 0,0 0,0 0,0 5,1 0,0
LEAF 13,1 0,0 0,0 2,1 0,0 0,0 0,0 0,0 0,5 0,1
LEAF 13,1 0,0 0,0 2,1 0,0 0,0 0,0 1,0 0,0 7,2
LEAF 13,1 0,0 0,0 2,1 0,0 0,0 0,0 1,0 1,0 9,0
LEAF 13,1 0,0 0,0 2,1 0,0 0,0 0,0 0,1 0,0 8,1
LEAF 13,1 0,0 0,0 2,1 0,0 0,0 0,0 0,1 0,0 0,5
LEAF 13,1 0,0 0,0 2,1 0,0 0,0 0,0 5,1 0,0 0,0
LEAF 13,1 0,0 0,0 2,1 0,0 0,0 0,0 0,5 0,0 0,1
LEAF 13,1 0,0 0,0 2,1 0,0 0,0 1,0 0,0 0,0 7,2
LEAF 13,1 0,0 0,0 2,1 0,0 0,0 1,0 0,0 1,0 9,0
LEAF 13,1 0,0 0,0 2,1 0,0 0,0 1,0 1,0 0,0 9,0
LEAF 13,1 0,0 0,0 2,1 0,0 0,0 0,1 0,0 0,0 8,1
LEAF 13,1 0,0 0,0 2,1 0,0 0,0 0,1 0,0 0,0 0,5
LEAF 13,1 0,0 0,0 2,1 0,0 0,0 0,1 0,0 0,5 0,0
LEAF 13,1 0,0 0,0 2,1 0,0 0,0 0,1 0,5 0,0 0,0
LEAF 13,1 0,0 0,0 2,1 0,0 0,0 5,1 0,0 0,0 0,0
LEAF 13,1 0,0 0,0 2,1 0,0 0,0 0,5 0,0 0,0 0,1
LEAF 13,1 0,0 0,0 2,1 0,0 0,0 0,5 0,0 0,1 0,0
LEAF 13,1 0,0 0,0 2,1 0,0 0,0 0,5 0,1 0,0 0,0
LEAF 13,1 0,0 0,0 2,1 0,0 1,0 0,0 0,0 0,0 7,2
LEAF 13,1 0,0 0,0 2,1 0,0 1,0 0,0 0,0 1,0 9,0
LEAF 13,1 0,0 0,0 2,1 0,0 1,0 0,0 1,0 0,0 9,0
LEAF 13,1 0,0 0,0 2,1 0,0 1,0 1,0 0,0 0,0 9,0
LEAF 13,1 0,0 0,0 2,1 0,0 0,1 0,0 0,0 0,0 8,1
LEAF 13,1 0,0 0,0 2,1 0,0 0,1 0,0 0,0 0,0 0,5
LEAF 13,1 0,0 0,0 2,1 0,0 0,1 0,0 0,0 0,5 0,0
LEAF 13,1 0,0 0,0 2,1 0,0 0,1 0,0 0,5 0,0 0,0
LEAF 13,1 0,0 0,0 2,1 0,0 0,1 0,5 0,0 0,0 0,0
LEAF 13,1 0,0 0,0 2,1 0,0 5,1 0,0 0,0 0,0 0,0
LEAF 13,1 0,0 0,0 2,1 0,0 0,5 0,0 0,0 0,0 0,1
LEAF 13,1 0,0 0,0 2,1 0,0 0,5 0,0 0,0 0,1 0,0
LEAF 13,1 0,0 0,0 2,1 0,0 0,5 0,0 0,1 0,0 0,0
LEAF 13,1 0,0 0,0 2,1 0,0 0,5 0,1 0,0 0,0 0,0
LEAF 13,1 0,0 0,0 2,1 1,0 0,0 0,0 0,0 0,0 7,2
LEAF 13,1 0,0 0,0 2,1 1,0 0,0 0,0 0,0 1,0 9,0
LEAF 13,1 0,0 0,0 2,1 1,0 0,0 0,0 1,0 0,0 9,0
LEAF 13,1 0,0 0,0 2,1 1,0 0,0 1,0 0,0 0,0 9,0
LEAF 13,1 0,0 0,0 2,1 1,0 1,0 0,0 0,0 0,0 9,0
LEAF 13,1 0,0 0,0 2,1 0,1 0,0 0,0 0,0 0,0 8,1
LEAF 13,1 0,0 0,0 2,1 0,1 0,0 0,0 0,0 0,0 0,5
LEAF 13,1 0,0 0,0 2,1 0,1 0,0 0,0 0,5 0,0 0,0
LEAF 13,1 0,0 0,0 2,1 0,1 0,0 0,5 0,0 0,0 0,0
LEAF 13,1 0,0 0,0 2,1 0,5 0,0 0,0 0,0 0,0 0,1
LEAF 13,1 0,0 0,0 2,1 0,5 0,0 0,0 0,1 0,0 0,0
LEAF 13,1 0,0 0,0 2,1 0,5 0,0 0,1 0,0 0,0 0,0
LEAF 13,1 0,0 0,0 3,1 0,0 0,0 0,0 0,0 0,0 2,3
LEAF 13,1 0,0 0,0 3,1 0,0 0,0 0,0 0,0 2,3 0,0
LEAF 13,1 0,0 0,0 3,1 0,0 0,0 0,0 2,3 0,0 0,0
LEAF 13,1 0,0 0,0 3,1 0,0 0,0 2,3 0,0 0,0 0,0
LEAF 13,1 0,0 0,0 3,1 0,0 2,3 0,0 0,0 0,0 0,0
LEAF 13,1 0,0 0,0 3,1 2,3 0,0 0,0 0,0 0,0 0,0
LEAF 13,1 0,0 0,0 4,1 0,0 0,0 0,0 0,0 0,0 1,3
LEAF 13,1 0,0 0,0 4,1 0,0 0,0 0,0 0,0 1,0 7,1
LEAF 13,1 0,0 0,0 4,1 0,0 0,0 0,0 0,0 0,1 8,0
LEAF 13,1 0,0 0,0 4,1 0,0 0,0 0,0 0,0 1,3 0,0
LEAF 13,1 0,0 0,0 4,1 0,0 0,0 0,0 1,0 0,0 7,1
LEAF 13,1 0,0 0,0 4,1 0,0 0,0 0,0 0,1 0,0 8,0
LEAF 13,1 0,0 0,0 4,1 0,0 0,0 0,0 1,3 0,0 0,0
LEAF 13,1 0,0 0,0 4,1 0,0 0,0 1,0 0,0 0,0 7,1
LEAF 13,1 0,0 0,0 4,1 0,0 0,0 0,1 0,0 0,0 8,0
LEAF 13,1 0,0 0,0 4,1 0,0 0,0 1,3 0,0 0,0 0,0
LEAF 13,1 0,0 0,0 4,1 0,0 1,0 0,0 0,0 0,0 7,1
LEAF 13,1 0,0 0,0 4,1 0,0 0,1 0,0 0,0 0,0 8,0
LEAF 13,1 0,0 0,0 4,1 0,0 1,3 0,0 0,0 0,0 0,0
LEAF 13,1 0,0 0,0 4,1 1,0 0,0 0,0 0,0 0,0 7,1
LEAF 13,1 0,0 0,0 4,1 0,1 0,0 0,0 0,0 0,0 8,0
LEAF 13,1 0,0 0,0 4,1 1,3 0,0 0,0 0,0 0,0 0,0
LEAF 13,1 0,0 0,0 5,1 0,0 0,0 0,0 0,0 0,0 2,1
LEAF 13,1 0,0 0,0 5,1 0,0 0,0 0,0 0,0 0,1 0,2
LEAF 13,1 0,0 0,0 5,1 0,0 0,0 0,0 0,0 2,1 0,0
LEAF 13,1 0,0 0,0 5,1 0,0 0,0 0,0 0,0 0,2 0,1
LEAF 13,1 0,0 0,0 5,1 0,0 0,0 0,0 0,1 0,0 0,2
LEAF 13,1 0,0 0,0 5,1 0,0 0,0 0,0 2,1 0,0 0,0
LEAF 13,1 0,0 0,0 5,1 0,0 0,0 0,0 0,2 0,0 0,1
LEAF 13,1 0,0 0,0 5,1 0,0 0,0 0,1 0,0 0,0 0,2
LEAF 13,1 0,0 0,0 5,1 0,0 0,0 0,1 0,0 0,2 0,0
LEAF 13,1 0,0 0,0 5,1 0,0 0,0 0,1 0,2 0,0 0,0
LEAF 13,1 0,0 0,0 5,1 0,0 0,0 2,1 0,0 0,0 0,0
LEAF 13,1 0,0 0,0 5,1 0,0 0,0 0,2 0,0 0,0 0,1
LEAF 13,1 0,0 0,0 5,1 0,0 0,0 0,2 0,0 0,1 0,0
LEAF 13,1 0,0 0,0 5,1 0,0 0,0 0,2 0,1 0,0 0,0
LEAF 13,1 0,0 0,0 5,1 0,0 0,1 0,0 0,0 0,0 0,2
LEAF 13,1 0,0 0,0 5,1 0,0 0,1 0,0 0,0 0,2 0,0
LEAF 13,1 0,0 0,0 5,1 0,0 0,1 0,0 0,2 0,0 0,0
LEAF 13,1 0,0 0,0 5,1 0,0 0,1 0,2 0,0 0,0 0,0
LEAF 13,1 0,0 0,0 5,1 0,0 2,1 0,0 0,0 0,0 0,0
LEAF 13,1 0,0 0,0 5,1 0,0 0,2 0,0 0,0 0,0 0,1
LEAF 13,1 0,0 0,0 5,1 0,0 0,2 0,0 0,0 0,1 0,0
LEAF 13,1 0,0 0,0 5,1 0,0 0,2 0,0 0,1 0,0 0,0
LEAF 13,1 0,0 0,0 5,1 0,0 0,2 0,1 0,0 0,0 0,0
LEAF 13,1 0,0 0,0 5,1 0,1 0,0 0,0 0,0 0,0 0,2
LEAF 13,1 0,0 0,0 5,1 0,1 0,0 0,0 0,2 0,0 0,0
LEAF 13,1 0,0 0,0 5,1 0,1 0,0 0,2 0,0 0,0 0,0
LEAF 13,1 0,0 0,0 5,1 0,2 0,0 0,0 0,0 0,0 0,1
LEAF 13,1 0,0 0,0 5,1 0,2 0,0 0,0 0,1 0,0 0,0
LEAF 13,1 0,0 0,0 5,1 0,2 0,0 0,1 0,0 0,0 0,0
LEAF 13,1 0,0 0,0 0,2 0,0 0,0 0,0 0,0 0,0 2,4
LEAF 13,1 0,0 0,0 0,2 0,0 0,0 0,0 0,0 1,0 4,2
LEAF 13,1 0,0 0,0 0,2 0,0 0,0 0,0 0,0 0,1 5,1
LEAF 13,1 0,0 0,0 0,2 0,0 0,0 0,0 0,0 5,1 0,1
LEAF 13,1 0,0 0,0 0,2 0,0 0,0 0,0 0,0 4,2 1,0
LEAF 13,1 0,0 0,0 0,2 0,0 0,0 0,0 0,0 2,4 0,0
LEAF 13,1 0,0 0,0 0,2 0,0 0,0 0,0 1,0 0,0 4,2
LEAF 13,1 0,0 0,0 0,2 0,0 0,0 0,0 1,0 2,0 9,0
LEAF 13,1 0,0 0,0 0,2 0,0 0,0 0,0 1,0 4,2 0,0
LEAF 13,1 0,0 0,0 0,2 0,0 0,0 0,0 2,0 1,0 9,0
LEAF 13,1 0,0 0,0 0,2 0,0 0,0 0,0 0,1 0,0 5,1
LEAF 13,1 0,0 0,0 0,2 0,0 0,0 0,0 5,1 0,0 0,1
LEAF 13,1 0,0 0,0 0,2 0,0 0,0 0,0 4,2 0,0 1,0
LEAF 13,1 0,0 0,0 0,2 0,0 0,0 0,0 4,2 1,0 0,0
LEAF 13,1 0,0 0,0 0,2 0,0 0,0 0,0 2,4 0,0 0,0
LEAF 13,1 0,0 0,0 0,2 0,0 0,0 1,0 0,0 0,0 4,2
LEAF 13,1 0,0 0,0 0,2 0,0 0,0 1,0 0,0 2,0 9,0
LEAF 13,1 0,0 0,0 0,2 0,0 0,0 1,0 0,0 4,2 0,0
LEAF 13,1 0,0 0,0 0,2 0,0 0,0 1,0 2,0 0,0 9,0
LEAF 13,1 0,0 0,0 0,2 0,0 0,0 1,0 4,2 0,0 0,0
LEAF 13,1 0,0 0,0 0,2 0,0 0,0 2,0 0,0 1,0 9,0
LEAF 13,1 0,0 0,0 0,2 0,0 0,0 2,0 1,0 0,0 9,0
LEAF 13,1 0,0 0,0 0,2 0,0 0,0 0,1 0,0 0,0 5,1
LEAF 13,1 0,0 0,0 0,2 0,0 0,0 0,1 0,0 5,1 0,0
LEAF 13,1 0,0 0,0 0,2 0,0 0,0 0,1 5,1 0,0 0,0
LEAF 13,1 0,0 0,0 0,2 0,0 0,0 5,1 0,0 0,0 0,1
LEAF 13,1 0,0 0,0 0,2 0,0 0,0 5,1 0,0 0,1 0,0
LEAF 13,1 0,0 0,0 0,2 0,0 0,0 5,1 0,1 0,0 0,0
LEAF 13,1 0,0 0,0 0,2 0,0 0,0 4,2 0,0 0,0 1,0
LEAF 13,1 0,0 0,0 0,2 0,0 0,0 4,2 0,0 1,0 0,0
LEAF 13,1 0,0 0,0 0,2 0,0 0,0 4,2 1,0 0,0 0,0
LEAF 13,1 0,0 0,0 0,2 0,0 0,0 2,4 0,0 0,0 0,0
LEAF 13,1 0,0 0,0 0,2 0,0 1,0 0,0 0,0 0,0 4,2
LEAF 13,1 0,0 0,0 0,2 0,0 1,0 0,0 0,0 2,0 9,0
LEAF 13,1 0,0 0,0 0,2 0,0 1,0 0,0 0,0 4,2 0,0
LEAF 13,1 0,0 0,0 0,2 0,0 1,0 0,0 2,0 0,0 9,0
LEAF 13,1 0,0 0,0 0,2 0,0 1,0 0,0 4,2 0,0 0,0
LEAF 13,1 0,0 0,0 0,2 0,0 1,0 2,0 0,0 0,0 9,0
LEAF 13,1 0,0 0,0 0,2 0,0 1,0 4,2 0,0 0,0 0,0
LEAF 13,1 0,0 0,0 0,2 0,0 2,0 0,0 0,0 1,0 9,0
LEAF 13,1 0,0 0,0 0,2 0,0 2,0 0,0 1,0 0,0 9,0
LEAF 13,1 0,0 0,0 0,2 0,0 2,0 1,0 0,0 0,0 9,0
LEAF 13,1 0,0 0,0 0,2 0,0 0,1 0,0 0,0 0,0 5,1
LEAF 13,1 0,0 0,0 0,2 0,0 0,1 0,0 0,0 5,1 0,0
LEAF 13,1 0,0 0,0 0,2 0,0 0,1 0,0 5,1 0,0 0,0
LEAF 13,1 0,0 0,0 0,2 0,0 0,1 5,1 0,0 0,0 0,0
LEAF 13,1 0,0 0,0 0,2 0,0 5,1 0,0 0,0 0,0 0,1
LEAF 13,1 0,0 0,0 0,2 0,0 5,1 0,0 0,0 0,1 0,0
LEAF 13,1 0,0 0,0 0,2 0,0 5,1 0,0 0,1 0,0 0,0
LEAF 13,1 0,0 0,0 0,2 0,0 5,1 0,1 0,0 0,0 0,0
LEAF 13,1 0,0 0,0 0,2 0,0 4,2 0,0 0,0 0,0 1,0
LEAF 13,1 0,0 0,0 0,2 0,0 4,2 0,0 0,0 1,0 0,0
LEAF 13,1 0,0 0,0 0,2 0,0 4,2 0,0 1,0 0,0 0,0
LEAF 13,1 0,0 0,0 0,2 0,0 4,2 1,0 0,0 0,0 0,0
LEAF 13,1 0,0 0,0 0,2 0,0 2,4 0,0 0,0 0,0 0,0
LEAF 13,1 0,0 0,0 0,2 1,0 0,0 0,0 0,0 0,0 4,2
LEAF 13,1 0,0 0,0 0,2 1,0 0,0 0,0 0,0 2,0 9,0
LEAF 13,1 0,0 0,0 0,2 1,0 0,0 0,0 0,0 4,2 0,0
LEAF 13,1 0,0 0,0 0,2 1,0 0,0 0,0 2,0 0,0 9,0
LEAF 13,1 0,0 0,0 0,2 1,0 0,0 0,0 4,2 0,0 0,0
LEAF 13,1 0,0 0,0 0,2 1,0 0,0 2,0 0,0 0,0 9,0
LEAF 13,1 0,0 0,0 0,2 1,0 0,0 4,2 0,0 0,0 0,0
LEAF 13,1 0,0 0,0 0,2 1,0 2,0 0,0 0,0 0,0 9,0
LEAF 13,1 0,0 0,0 0,2 1,0 4,2 0,0 0,0 0,0 0,0
LEAF 13,1 0,0 0,0 0,2 2,0 0,0 0,0 0,0 1,0 9,0
LEAF 13,1 0,0 0,0 0,2 2,0 0,0 0,0 1,0 0,0 9,0
LEAF 13,1 0,0 0,0 0,2 2,0 0,0 1,0 0,0 0,0 9,0
LEAF 13,1 0,0 0,0 0,2 2,0 1,0 0,0 0,0 0,0 9,0
LEAF 13,1 0,0 0,0 0,2 0,1 0,0 0,0 0,0 0,0 5,1
LEAF 13,1 0,0 0,0 0,2 0,1 0,0 0,0 5,1 0,0 0,0
LEAF 13,1 0,0 0,0 0,2 0,1 0,0 5,1 0,0 0,0 0,0
LEAF 13,1 0,0 0,0 0,2 5,1 0,0 0,0 0,0 0,0 0,1
LEAF 13,1 0,0 0,0 0,2 5,1 0,0 0,0 0,1 0,0 0,0
LEAF 13,1 0,0 0,0 0,2 5,1 0,0 0,1 0,0 0,0 0,0
LEAF 13,1 0,0 0,0 0,2 4,2 0,0 0,0 0,0 0,0 1,0
LEAF 13,1 0,0 0,0 0,2 4,2 0,0 0,0 0,0 1,0 0,0
LEAF 13,1 0,0 0,0 0,2 4,2 0,0 0,0 1,0 0,0 0,0
LEAF 13,1 0,0 0,0 1,2 0,0 0,0 0,0 0,0 0,0 6,0
LEAF 13,1 0,0 0,0 1,2 0,0 0,0 0,0 0,0 1,0 8,1
LEAF 13,1 0,0 0,0 1,2 0,0 0,0 0,0 0,0 1,0 0,5
LEAF 13,1 0,0 0,0 1,2 0,0 0,0 0,0 0,0 6,0 0,0
LEAF 13,1 0,0 0,0 1,2 0,0 0,0 0,0 0,0 0,1 9,0
LEAF 13,1 0,0 0,0 1,2 0,0 0,0 0,0 0,0 0,1 1,4
LEAF 13,1 0,0 0,0 1,2 0,0 0,0 0,0 0,0 1,4 0,1
LEAF 13,1 0,0 0,0 1,2 0,0 0,0 0,0 0,0 0,5 1,0
LEAF 13,1 0,0 0,0 1,2 0,0 0,0 0,0 1,0 0,0 8,1
LEAF 13,1 0,0 0,0 1,2 0,0 0,0 0,0 1,0 0,0 0,5
LEAF 13,1 0,0 0,0 1,2 0,0 0,0 0,0 1,0 0,5 0,0
LEAF 13,1 0,0 0,0 1,2 0,0 0,0 0,0 6,0 0,0 0,0
LEAF 13,1 0,0 0,0 1,2 0,0 0,0 0,0 0,1 0,0 9,0
LEAF 13,1 0,0 0,0 1,2 0,0 0,0 0,0 0,1 0,0 1,4
LEAF 13,1 0,0 0,0 1,2 0,0 0,0 0,0 1,4 0,0 0,1
LEAF 13,1 0,0 0,0 1,2 0,0 0,0 0,0 0,5 0,0 1,0
LEAF 13,1 0,0 0,0 1,2 0,0 0,0 0,0 0,5 1,0 0,0
LEAF 13,1 0,0 0,0 1,2 0,0 0,0 1,0 0,0 0,0 8,1
LEAF 13,1 0,0 0,0 1,2 0,0 0,0 1,0 0,0 0,0 0,5
LEAF 13,1 0,0 0,0 1,2 0,0 0,0 1,0 0,0 0,5 0,0
LEAF 13,1 0,0 0,0 1,2 0,0 0,0 1,0 0,5 0,0 0,0
LEAF 13,1 0,0 0,0 1,2 0,0 0,0 6,0 0,0 0,0 0,0
LEAF 13,1 0,0 0,0 1,2 0,0 0,0 0,1 0,0 0,0 9,0
LEAF 13,1 0,0 0,0 1,2 0,0 0,0 0,1 0,0 0,0 1,4
LEAF 13,1 0,0 0,0 1,2 0,0 0,0 0,1 0,0 1,4 0,0
LEAF 13,1 0,0 0,0 1,2 0,0 0,0 0,1 1,4 0,0 0,0
LEAF 13,1 0,0 0,0 1,2 0,0 0,0 1,4 0,0 0,0 0,1
LEAF 13,1 0,0 0,0 1,2 0,0 0,0 1,4 0,0 0,1 0,0
LEAF 13,1 0,0 0,0 1,2 0,0 0,0 1,4 0,1 0,0 0,0
LEAF 13,1 0,0 0,0 1,2 0,0 0,0 0,5 0,0 0,0 1,0
LEAF 13,1 0,0 0,0 1,2 0,0 0,0 0,5 0,0 1,0 0,0
LEAF 13,1 0,0 0,0 1,2 0,0 0,0 0,5 1,0 0,0 0,0
LEAF 13,1 0,0 0,0 1,2 0,0 1,0 0,0 0,0 0,0 8,1
LEAF 13,1 0,0 0,0 1,2 0,0 1,0 0,0 0,0 0,0 0,5
LEAF 13,1 0,0 0,0 1,2 0,0 1,0 0,0 0,0 0,5 0,0
LEAF 13,1 0,0 0,0 1,2 0,0 1,0 0,0 0,5 0,0 0,0
LEAF 13,1 0,0 0,0 1,2 0,0 1,0 0,5 0,0 0,0 0,0
LEAF 13,1 0,0 0,0 1,2 0,0 6,0 0,0 0,0 0,0 0,0
LEAF 13,1 0,0 0,0 1,2 0,0 0,1 0,0 0,0 0,0 9,0
LEAF 13,1 0,0 0,0 1,2 0,0 0,1 0,0 0,0 0,0 1,4
LEAF 13,1 0,0 0,0 1,2 0,0 0,1 0,0 0,0 1,4 0,0
LEAF 13,1 0,0 0,0 1,2 0,0 0,1 0,0 1,4 0,0 0,0
LEAF 13,1 0,0 0,0 1,2 0,0 0,1 1,4 0,0 0,0 0,0
LEAF 13,1 0,0 0,0 1,2 0,0 1,4 0,0 0,0 0,0 0,1
LEAF 13,1 0,0 0,0 1,2 0,0 1,4 0,0 0,0 0,1 0,0
LEAF 13,1 0,0 0,0 1,2 0,0 1,4 0,0 0,1 0,0 0,0
LEAF 13,1 0,0 0,0 1,2 0,0 1,4 0,1 0,0 0,0 0,0
LEAF 13,1 0,0 0,0 1,2 0,0 0,5 0,0 0,0 0,0 1,0
LEAF 13,1 0,0 0,0 1,2 0,0 0,5 0,0 0,0 1,0 0,0
LEAF 13,1 0,0 0,0 1,2 0,0 0,5 0,0 1,0 0,0 0,0
LEAF 13,1 0,0 0,0 1,2 0,0 0,5 1,0 0,0 0,0 0,0
LEAF 13,1 0,0 0,0 1,2 1,0 0,0 0,0 0,0 0,0 8,1
LEAF 13,1 0,0 0,0 1,2 1,0 0,0 0,0 0,0 0,0 0,5
LEAF 13,1 0,0 0,0 1,2 1,0 0,0 0,0 0,0 0,5 0,0
LEAF 13,1 0,0 0,0 1,2 1,0 0,0 0,0 0,5 0,0 0,0
LEAF 13,1 0,0 0,0 1,2 1,0 0,0 0,5 0,0 0,0 0,0
LEAF 13,1 0,0 0,0 1,2 1,0 0,5 0,0 0,0 0,0 0,0
LEAF 13,1 0,0 0,0 1,2 0,1 0,0 0,0 0,0 0,0 9,0
LEAF 13,1 0,0 0,0 1,2 0,1 0,0 0,0 0,0 0,0 1,4
LEAF 13,1 0,0 0,0 1,2 0,1 0,0 0,0 1,4 0,0 0,0
LEAF 13,1 0,0 0,0 1,2 0,1 0,0 1,4 0,0 0,0 0,0
LEAF 13,1 0,0 0,0 1,2 1,4 0,0 0,0 0,0 0,0 0,1
LEAF 13,1 0,0 0,0 1,2 1,4 0,0 0,0 0,1 0,0 0,0
LEAF 13,1 0,0 0,0 1,2 1,4 0,0 0,1 0,0 0,0 0,0
LEAF 13,1 0,0 0,0 1,2 0,5 0,0 0,0 0,0 0,0 1,0
LEAF 13,1 0,0 0,0 1,2 0,5 0,0 0,0 0,0 1,0 0,0
LEAF 13,1 0,0 0,0 1,2 0,5 0,0 0,0 1,0 0,0 0,0
LEAF 13,1 0,0 0,0 1,2 0,5 0,0 1,0 0,0 0,0 0,0
LEAF 13,1 0,0 0,0 1,2 0,5 1,0 0,0 0,0 0,0 0,0
LEAF 13,1 0,0 0,0 2,2 0,0 0,0 0,0 0,0 0,0 3,2
LEAF 13,1 0,0 0,0 2,2 0,0 0,0 0,0 0,0 3,2 0,0
LEAF 13,1 0,0 0,0 2,2 0,0 0,0 0,0 3,2 0,0 0,0
LEAF 13,1 0,0 0,0 2,2 0,0 0,0 3,2 0,0 0,0 0,0
LEAF 13,1 0,0 0,0 2,2 0,0 3,2 0,0 0,0 0,0 0,0
LEAF 13,1 0,0 0,0 2,2 3,2 0,0 0,0 0,0 0,0 0,0
LEAF 13,1 0,0 0,0 3,2 0,0 0,0 0,0 0,0 0,0 2,2
LEAF 13,1 0,0 0,0 3,2 0,0 0,0 0,0 0,0 1,0 8,0
LEAF 13,1 0,0 0,0 3,2 0,0 0,0 0,0 0,0 2,2 0,0
LEAF 13,1 0,0 0,0 3,2 0,0 0,0 0,0 1,0 0,0 8,0
LEAF 13,1 0,0 0,0 3,2 0,0 0,0 0,0 2,2 0,0 0,0
LEAF 13,1 0,0 0,0 3,2 0,0 0,0 1,0 0,0 0,0 8,0
LEAF 13,1 0,0 0,0 3,2 0,0 0,0 2,2 0,0 0,0 0,0
LEAF 13,1 0,0 0,0 3,2 0,0 1,0 0,0 0,0 0,0 8,0
LEAF 13,1 0,0 0,0 3,2 0,0 2,2 0,0 0,0 0,0 0,0
LEAF 13,1 0,0 0,0 3,2 1,0 0,0 0,0 0,0 0,0 8,0
LEAF 13,1 0,0 0,0 3,2 2,2 0,0 0,0 0,0 0,0 0,0
LEAF 13,1 0,0 0,0 4,2 0,0 0,0 0,0 0,0 0,0 3,0
LEAF 13,1 0,0 0,0 4,2 0,0 0,0 0,0 0,0 1,0 0,2
LEAF 13,1 0,0 0,0 4,2 0,0 0,0 0,0 0,0 3,0 0,0
LEAF 13,1 0,0 0,0 4,2 0,0 0,0 0,0 0,0 0,1 1,1
LEAF 13,1 0,0 0,0 4,2 0,0 0,0 0,0 0,0 1,1 0,1
LEAF 13,1 0,0 0,0 4,2 0,0 0,0 0,0 0,0 0,2 1,0
LEAF 13,1 0,0 0,0 4,2 0,0 0,0 0,0 1,0 0,0 0,2
LEAF 13,1 0,0 0,0 4,2 0,0 0,0 0,0 1,0 0,2 0,0
LEAF 13,1 0,0 0,0 4,2 0,0 0,0 0,0 3,0 0,0 0,0
LEAF 13,1 0,0 0,0 4,2 0,0 0,0 0,0 0,1 0,0 1,1
LEAF 13,1 0,0 0,0 4,2 0,0 0,0 0,0 1,1 0,0 0,1
LEAF 13,1 0,0 0,0 4,2 0,0 0,0 0,0 0,2 0,0 1,0
LEAF 13,1 0,0 0,0 4,2 0,0 0,0 0,0 0,2 1,0 0,0
LEAF 13,1 0,0 0,0 4,2 0,0 0,0 1,0 0,0 0,0 0,2
LEAF 13,1 0,0 0,0 4,2 0,0 0,0 1,0 0,0 0,2 0,0
LEAF 13,1 0,0 0,0 4,2 0,0 0,0 1,0 0,2 0,0 0,0
LEAF 13,1 0,0 0,0 4,2 0,0 0,0 3,0 0,0 0,0 0,0
LEAF 13,1 0,0 0,0 4,2 0,0 0,0 0,1 0,0 0,0 1,1
LEAF 13,1 0,0 0,0 4,2 0,0 0,0 0,1 0,0 0,1 0,1
LEAF 13,1 0,0 0,0 4,2 0,0 0,0 0,1 0,0 1,1 0,0
LEAF 13,1 0,0 0,0 4,2 0,0 0,0 0,1 0,1 0,0 0,1
LEAF 13,1 0,0 0,0 4,2 0,0 0,0 0,1 1,1 0,0 0,0
LEAF 13,1 0,0 0,0 4,2 0,0 0,0 1,1 0,0 0,0 0,1
LEAF 13,1 0,0 0,0 4,2 0,0 0,0 1,1 0,0 0,1 0,0
LEAF 13,1 0,0 0,0 4,2 0,0 0,0 1,1 0,1 0,0 0,0
LEAF 13,1 0,0 0,0 4,2 0,0 0,0 0,2 0,0 0,0 1,0
LEAF 13,1 0,0 0,0 4,2 0,0 0,0 0,2 0,0 1,0 0,0
LEAF 13,1 0,0 0,0 4,2 0,0 0,0 0,2 1,0 0,0 0,0
LEAF 13,1 0,0 0,0 4,2 0,0 1,0 0,0 0,0 0,0 0,2
LEAF 13,1 0,0 0,0 4,2 0,0 1,0 0,0 0,0 0,2 0,0
LEAF 13,1 0,0 0,0 4,2 0,0 1,0 0,0 0,2 0,0 0,0
LEAF 13,1 0,0 0,0 4,2 0,0 1,0 0,2 0,0 0,0 0,0
LEAF 13,1 0,0 0,0 4,2 0,0 3,0 0,0 0,0 0,0 0,0
LEAF 13,1 0,0 0,0 4,2 0,0 0,1 0,0 0,0 0,0 1,1
LEAF 13,1 0,0 0,0 4,2 0,0 0,1 0,0 0,0 0,1 0,1
LEAF 13,1 0,0 0,0 4,2 0,0 0,1 0,0 0,0 1,1 0,0
LEAF 13,1 0,0 0,0 4,2 0,0 0,1 0,0 0,1 0,0 0,1
LEAF 13,1 0,0 0,0 4,2 0,0 0,1 0,0 1,1 0,0 0,0
LEAF 13,1 0,0 0,0 4,2 0,0 0,1 0,1 0,0 0,0 0,1
LEAF 13,1 0,0 0,0 4,2 0,0 0,1 1,1 0,0 0,0 0,0
LEAF 13,1 0,0 0,0 4,2 0,0 1,1 0,0 0,0 0,0 0,1
LEAF 13,1 0,0 0,0 4,2 0,0 1,1 0,0 0,0 0,1 0,0
LEAF 13,1 0,0 0,0 4,2 0,0 1,1 0,0 0,1 0,0 0,0
LEAF 13,1 0,0 0,0 4,2 0,0 1,1 0,1 0,0 0,0 0,0
LEAF 13,1 0,0 0,0 4,2 0,0 0,2 0,0 0,0 0,0 1,0
LEAF 13,1 0,0 0,0 4,2 0,0 0,2 0,0 0,0 1,0 0,0
LEAF 13,1 0,0 0,0 4,2 0,0 0,2 0,0 1,0 0,0 0,0
LEAF 13,1 0,0 0,0 4,2 0,0 0,2 1,0 0,0 0,0 0,0
LEAF 13,1 0,0 0,0 4,2 1,0 0,0 0,0 0,0 0,0 0,2
LEAF 13,1 0,0 0,0 4,2 1,0 0,0 0,0 0,0 0,2 0,0
LEAF 13,1 0,0 0,0 4,2 1,0 0,0 0,0 0,2 0,0 0,0
LEAF 13,1 0,0 0,0 4,2 1,0 0,0 0,2 0,0 0,0 0,0
LEAF 13,1 0,0 0,0 4,2 1,0 0,2 0,0 0,0 0,0 0,0
LEAF 13,1 0,0 0,0 4,2 0,1 0,0 0,0 0,0 0,0 1,1
LEAF 13,1 0,0 0,0 4,2 0,1 0,0 0,0 0,1 0,0 0,1
LEAF 13,1 0,0 0,0 4,2 0,1 0,0 0,0 1,1 0,0 0,0
LEAF 13,1 0,0 0,0 4,2 0,1 0,0 0,1 0,0 0,0 0,1
LEAF 13,1 0,0 0,0 4,2 0,1 0,0 1,1 0,0 0,0 0,0
LEAF 13,1 0,0 0,0 4,2 1,1 0,0 0,0 0,0 0,0 0,1
LEAF 13,1 0,0 0,0 4,2 1,1 0,0 0,0 0,1 0,0 0,0
LEAF 13,1 0,0 0,0 4,2 1,1 0,0 0,1 0,0 0,0 0,0
LEAF 13,1 0,0 0,0 4,2 0,2 0,0 0,0 0,0 0,0 1,0
LEAF 13,1 0,0 0,0 4,2 0,2 0,0 0,0 0,0 1,0 0,0
LEAF 13,1 0,0 0,0 4,2 0,2 0,0 0,0 1,0 0,0 0,0
LEAF 13,1 0,0 0,0 4,2 0,2 0,0 1,0 0,0 0,0 0,0
LEAF 13,1 0,0 0,0 0,3 0,0 0,0 0,0 0,0 1,0 9,0
LEAF 13,1 0,0 0,0 0,3 0,0 0,0 0,0 0,0 1,0 1,4
LEAF 13,1 0,0 0,0 0,3 0,0 0,0 0,0 0,0 0,1 2,3
LEAF 13,1 0,0 0,0 0,3 0,0 0,0 0,0 0,0 2,3 0,1
LEAF 13,1 0,0 0,0 0,3 0,0 0,0 0,0 0,0 1,4 1,0
LEAF 13,1 0,0 0,0 0,3 0,0 0,0 0,0 1,0 0,0 9,0
LEAF 13,1 0,0 0,0 0,3 0,0 0,0 0,0 1,0 0,0 1,4
LEAF 13,1 0,0 0,0 0,3 0,0 0,0 0,0 1,0 1,4 0,0
LEAF 13,1 0,0 0,0 0,3 0,0 0,0 0,0 0,1 0,0 2,3
LEAF 13,1 0,0 0,0 0,3 0,0 0,0 0,0 2,3 0,0 0,1
LEAF 13,1 0,0 0,0 0,3 0,0 0,0 0,0 1,4 0,0 1,0
LEAF 13,1 0,0 0,0 0,3 0,0 0,0 0,0 1,4 1,0 0,0
LEAF 13,1 0,0 0,0 0,3 0,0 0,0 1,0 0,0 0,0 9,0
LEAF 13,1 0,0 0,0 0,3 0,0 0,0 1,0 0,0 0,0 1,4
LEAF 13,1 0,0 0,0 0,3 0,0 0,0 1,0 0,0 1,4 0,0
LEAF 13,1 0,0 0,0 0,3 0,0 0,0 1,0 1,4 0,0 0,0
LEAF 13,1 0,0 0,0 0,3 0,0 0,0 0,1 0,0 0,0 2,3
LEAF 13,1 0,0 0,0 0,3 0,0 0,0 0,1 0,0 2,3 0,0
LEAF 13,1 0,0 0,0 0,3 0,0 0,0 0,1 2,3 0,0 0,0
LEAF 13,1 0,0 0,0 0,3 0,0 0,0 2,3 0,0 0,0 0,1
LEAF 13,1 0,0 0,0 0,3 0,0 0,0 2,3 0,0 0,1 0,0
LEAF 13,1 0,0 0,0 0,3 0,0 0,0 2,3 0,1 0,0 0,0
LEAF 13,1 0,0 0,0 0,3 0,0 0,0 1,4 0,0 0,0 1,0
LEAF 13,1 0,0 0,0 0,3 0,0 0,0 1,4 0,0 1,0 0,0
LEAF 13,1 0,0 0,0 0,3 0,0 0,0 1,4 1,0 0,0 0,0
LEAF 13,1 0,0 0,0 0,3 0,0 1,0 0,0 0,0 0,0 9,0
LEAF 13,1 0,0 0,0 0,3 0,0 1,0 0,0 0,0 0,0 1,4
LEAF 13,1 0,0 0,0 0,3 0,0 1,0 0,0 0,0 1,4 0,0
LEAF 13,1 0,0 0,0 0,3 0,0 1,0 0,0 1,4 0,0 0,0
LEAF 13,1 0,0 0,0 0,3 0,0 1,0 1,4 0,0 0,0 0,0
LEAF 13,1 0,0 0,0 0,3 0,0 0,1 0,0 0,0 0,0 2,3
LEAF 13,1 0,0 0,0 0,3 0,0 0,1 0,0 0,0 2,3 0,0
LEAF 13,1 0,0 0,0 0,3 0,0 0,1 0,0 2,3 0,0 0,0
LEAF 13,1 0,0 0,0 0,3 0,0 0,1 2,3 0,0 0,0 0,0
LEAF 13,1 0,0 0,0 0,3 0,0 2,3 0,0 0,0 0,0 0,1
LEAF 13,1 0,0 0,0 0,3 0,0 2,3 0,0 0,0 0,1 0,0
LEAF 13,1 0,0 0,0 0,3 0,0 2,3 0,0 0,1 0,0 0,0
LEAF 13,1 0,0 0,0 0,3 0,0 2,3 0,1 0,0 0,0 0,0
LEAF 13,1 0,0 0,0 0,3 0,0 1,4 0,0 0,0 0,0 1,0
LEAF 13,1 0,0 0,0 0,3 0,0 1,4 0,0 0,0 1,0 0,0
LEAF 13,1 0,0 0,0 0,3 0,0 1,4 0,0 1,0 0,0 0,0
LEAF 13,1 0,0 0,0 0,3 0,0 1,4 1,0 0,0 0,0 0,0
LEAF 13,1 0,0 0,0 0,3 1,0 0,0 0,0 0,0 0,0 9,0
LEAF 13,1 0,0 0,0 0,3 1,0 0,0 0,0 0,0 0,0 1,4
LEAF 13,1 0,0 0,0 0,3 1,0 0,0 0,0 0,0 1,4 0,0
LEAF 13,1 0,0 0,0 0,3 1,0 0,0 0,0 1,4 0,0 0,0
LEAF 13,1 0,0 0,0 0,3 1,0 0,0 1,4 0,0 0,0 0,0
LEAF 13,1 0,0 0,0 0,3 1,0 1,4 0,0 0,0 0,0 0,0
LEAF 13,1 0,0 0,0 0,3 0,1 0,0 0,0 0,0 0,0 2,3
LEAF 13,1 0,0 0,0 0,3 0,1 0,0 0,0 2,3 0,0 0,0
LEAF 13,1 0,0 0,0 0,3 0,1 0,0 2,3 0,0 0,0 0,0
LEAF 13,1 0,0 0,0 0,3 2,3 0,0 0,0 0,0 0,0 0,1
LEAF 13,1 0,0 0,0 0,3 2,3 0,0 0,0 0,1 0,0 0,0
LEAF 13,1 0,0 0,0 0,3 2,3 0,0 0,1 0,0 0,0 0,0
LEAF 13,1 0,0 0,0 0,3 1,4 0,0 0,0 0,0 0,0 1,0
LEAF 13,1 0,0 0,0 0,3 1,4 0,0 0,0 0,0 1,0 0,0
LEAF 13,1 0,0 0,0 0,3 1,4 0,0 0,0 1,0 0,0 0,0
LEAF 13,1 0,0 0,0 0,3 1,4 0,0 1,0 0,0 0,0 0,0
LEAF 13,1 0,0 0,0 0,3 1,4 1,0 0,0 0,0 0,0 0,0
LEAF 13,1 0,0 0,0 1,3 0,0 0,0 0,0 0,0 0,0 4,1
LEAF 13,1 0,0 0,0 1,3 0,0 0,0 0,0 0,0 4,1 0,0
LEAF 13,1 0,0 0,0 1,3 0,0 0,0 0,0 4,1 0,0 0,0
LEAF 13,1 0,0 0,0 1,3 0,0 0,0 4,1 0,0 0,0 0,0
LEAF 13,1 0,0 0,0 1,3 0,0 4,1 0,0 0,0 0,0 0,0
LEAF 13,1 0,0 0,0 1,3 4,1 0,0 0,0 0,0 0,0 0,0
LEAF 13,1 0,0 0,0 2,3 0,0 0,0 0,0 0,0 0,0 3,1
LEAF 13,1 0,0 0,0 2,3 0,0 0,0 0,0 0,0 0,1 0,3
LEAF 13,1 0,0 0,0 2,3 0,0 0,0 0,0 0,0 3,1 0,0
LEAF 13,1 0,0 0,0 2,3 0,0 0,0 0,0 0,0 0,3 0,1
LEAF 13,1 0,0 0,0 2,3 0,0 0,0 0,0 0,1 0,0 0,3
LEAF 13,1 0,0 0,0 2,3 0,0 0,0 0,0 3,1 0,0 0,0
LEAF 13,1 0,0 0,0 2,3 0,0 0,0 0,0 0,3 0,0 0,1
LEAF 13,1 0,0 0,0 2,3 0,0 0,0 0,1 0,0 0,0 0,3
LEAF 13,1 0,0 0,0 2,3 0,0 0,0 0,1 0,0 0,3 0,0
LEAF 13,1 0,0 0,0 2,3 0,0 0,0 0,1 0,3 0,0 0,0
LEAF 13,1 0,0 0,0 2,3 0,0 0,0 3,1 0,0 0,0 0,0
LEAF 13,1 0,0 0,0 2,3 0,0 0,0 0,3 0,0 0,0 0,1
LEAF 13,1 0,0 0,0 2,3 0,0 0,0 0,3 0,0 0,1 0,0
LEAF 13,1 0,0 0,0 2,3 0,0 0,0 0,3 0,1 0,0 0,0
LEAF 13,1 0,0 0,0 2,3 0,0 0,1 0,0 0,0 0,0 0,3
LEAF 13,1 0,0 0,0 2,3 0,0 0,1 0,0 0,0 0,3 0,0
LEAF 13,1 0,0 0,0 2,3 0,0 0,1 0,0 0,3 0,0 0,0
LEAF 13,1 0,0 0,0 2,3 0,0 0,1 0,3 0,0 0,0 0,0
LEAF 13,1 0,0 0,0 2,3 0,0 3,1 0,0 0,0 0,0 0,0
LEAF 13,1 0,0 0,0 2,3 0,0 0,3 0,0 0,0 0,0 0,1
LEAF 13,1 0,0 0,0 2,3 0,0 0,3 0,0 0,0 0,1 0,0
LEAF 13,1 0,0 0,0 2,3 0,0 0,3 0,0 0,1 0,0 0,0
LEAF 13,1 0,0 0,0 2,3 0,0 0,3 0,1 0,0 0,0 0,0
LEAF 13,1 0,0 0,0 2,3 0,1 0,0 0,0 0,0 0,0 0,3
LEAF 13,1 0,0 0,0 2,3 0,1 0,0 0,0 0,3 0,0 0,0
LEAF 13,1 0,0 0,0 2,3 0,1 0,0 0,3 0,0 0,0 0,0
LEAF 13,1 0,0 0,0 2,3 3,1 0,0 0,0 0,0 0,0 0,0
LEAF 13,1 0,0 0,0 2,3 0,3 0,0 0,0 0,0 0,0 0,1
LEAF 13,1 0,0 0,0 2,3 0,3 0,0 0,0 0,1 0,0 0,0
LEAF 13,1 0,0 0,0 2,3 0,3 0,0 0,1 0,0 0,0 0,0
LEAF 13,1 0,0 0,0 3,3 0,0 0,0 0,0 0,0 1,0 1,1
LEAF 13,1 0,0 0,0 3,3 0,0 0,0 0,0 0,0 2,0 0,1
LEAF 13,1 0,0 0,0 3,3 0,0 0,0 0,0 0,0 0,1 2,0
LEAF 13,1 0,0 0,0 3,3 0,0 0,0 0,0 0,0 1,1 1,0
LEAF 13,1 0,0 0,0 3,3 0,0 0,0 0,0 1,0 0,0 1,1
LEAF 13,1 0,0 0,0 3,3 0,0 0,0 0,0 1,0 0,1 0,1
LEAF 13,1 0,0 0,0 3,3 0,0 0,0 0,0 1,0 1,1 0,0
LEAF 13,1 0,0 0,0 3,3 0,0 0,0 0,0 2,0 0,0 0,1
LEAF 13,1 0,0 0,0 3,3 0,0 0,0 0,0 0,1 0,0 2,0
LEAF 13,1 0,0 0,0 3,3 0,0 0,0 0,0 0,1 1,0 0,1
LEAF 13,1 0,0 0,0 3,3 0,0 0,0 0,0 1,1 0,0 1,0
LEAF 13,1 0,0 0,0 3,3 0,0 0,0 0,0 1,1 1,0 0,0
LEAF 13,1 0,0 0,0 3,3 0,0 0,0 1,0 0,0 0,0 1,1
LEAF 13,1 0,0 0,0 3,3 0,0 0,0 1,0 0,0 0,1 0,1
LEAF 13,1 0,0 0,0 3,3 0,0 0,0 1,0 0,0 1,1 0,0
LEAF 13,1 0,0 0,0 3,3 0,0 0,0 1,0 0,1 0,0 0,1
LEAF 13,1 0,0 0,0 3,3 0,0 0,0 1,0 1,1 0,0 0,0
LEAF 13,1 0,0 0,0 3,3 0,0 0,0 2,0 0,0 0,0 0,1
LEAF 13,1 0,0 0,0 3,3 0,0 0,0 2,0 0,0 0,1 0,0
LEAF 13,1 0,0 0,0 3,3 0,0 0,0 2,0 0,1 0,0 0,0
LEAF 13,1 0,0 0,0 3,3 0,0 0,0 0,1 0,0 0,0 2,0
LEAF 13,1 0,0 0,0 3,3 0,0 0,0 0,1 0,0 1,0 0,1
LEAF 13,1 0,0 0,0 3,3 0,0 0,0 0,1 0,0 2,0 0,0
LEAF 13,1 0,0 0,0 3,3 0,0 0,0 0,1 0,0 0,1 1,0
LEAF 13,1 0,0 0,0 3,3 0,0 0,0 0,1 1,0 0,0 0,1
LEAF 13,1 0,0 0,0 3,3 0,0 0,0 0,1 1,0 0,1 0,0
LEAF 13,1 0,0 0,0 3,3 0,0 0,0 0,1 2,0 0,0 0,0
LEAF 13,1 0,0 0,0 3,3 0,0 0,0 0,1 0,1 0,0 1,0
LEAF 13,1 0,0 0,0 3,3 0,0 0,0 0,1 0,1 1,0 0,0
LEAF 13,1 0,0 0,0 3,3 0,0 0,0 1,1 0,0 0,0 1,0
LEAF 13,1 0,0 0,0 3,3 0,0 0,0 1,1 0,0 1,0 0,0
LEAF 13,1 0,0 0,0 3,3 0,0 0,0 1,1 1,0 0,0 0,0
LEAF 13,1 0,0 0,0 3,3 0,0 1,0 0,0 0,0 0,0 1,1
LEAF 13,1 0,0 0,0 3,3 0,0 1,0 0,0 0,0 0,1 0,1
LEAF 13,1 0,0 0,0 3,3 0,0 1,0 0,0 0,0 1,1 0,0
LEAF 13,1 0,0 0,0 3,3 0,0 1,0 0,0 0,1 0,0 0,1
LEAF 13,1 0,0 0,0 3,3 0,0 1,0 0,0 1,1 0,0 0,0
LEAF 13,1 0,0 0,0 3,3 0,0 1,0 0,1 0,0 0,0 0,1
LEAF 13,1 0,0 0,0 3,3 0,0 1,0 1,1 0,0 0,0 0,0
LEAF 13,1 0,0 0,0 3,3 0,0 2,0 0,0 0,0 0,0 0,1
LEAF 13,1 0,0 0,0 3,3 0,0 2,0 0,0 0,0 0,1 0,0
LEAF 13,1 0,0 0,0 3,3 0,0 2,0 0,0 0,1 0,0 0,0
LEAF 13,1 0,0 0,0 3,3 0,0 2,0 0,1 0,0 0,0 0,0
LEAF 13,1 0,0 0,0 3,3 0,0 0,1 0,0 0,0 0,0 2,0
LEAF 13,1 0,0 0,0 3,3 0,0 0,1 0,0 0,0 1,0 0,1
LEAF 13,1 0,0 0,0 3,3 0,0 0,1 0,0 0,0 2,0 0,0
LEAF 13,1 0,0 0,0 3,3 0,0 0,1 0,0 0,0 0,1 1,0
LEAF 13,1 0,0 0,0 3,3 0,0 0,1 0,0 1,0 0,0 0,1
LEAF 13,1 0,0 0,0 3,3 0,0 0,1 0,0 2,0 0,0 0,0
LEAF 13,1 0,0 0,0 3,3 0,0 0,1 0,0 0,1 0,0 1,0
LEAF 13,1 0,0 0,0 3,3 0,0 0,1 0,0 0,1 1,0 0,0
LEAF 13,1 0,0 0,0 3,3 0,0 0,1 1,0 0,0 0,0 0,1
LEAF 13,1 0,0 0,0 3,3 0,0 0,1 1,0 0,1 0,0 0,0
LEAF 13,1 0,0 0,0 3,3 0,0 0,1 2,0 0,0 0,0 0,0
LEAF 13,1 0,0 0,0 3,3 0,0 0,1 0,1 0,0 0,0 1,0
LEAF 13,1 0,0 0,0 3,3 0,0 1,1 0,0 0,0 0,0 1,0
LEAF 13,1 0,0 0,0 3,3 0,0 1,1 0,0 0,0 1,0 0,0
LEAF 13,1 0,0 0,0 3,3 0,0 1,1 0,0 1,0 0,0 0,0
LEAF 13,1 0,0 0,0 3,3 0,0 1,1 1,0 0,0 0,0 0,0
LEAF 13,1 0,0 0,0 3,3 1,0 0,0 0,0 0,0 0,0 1,1
LEAF 13,1 0,0 0,0 3,3 1,0 0,0 0,0 0,0 0,1 0,1
LEAF 13,1 0,0 0,0 3,3 1,0 0,0 0,0 0,0 1,1 0,0
LEAF 13,1 0,0 0,0 3,3 1,0 0,0 0,0 0,1 0,0 0,1
LEAF 13,1 0,0 0,0 3,3 1,0 0,0 0,0 1,1 0,0 0,0
LEAF 13,1 0,0 0,0 3,3 1,0 0,0 0,1 0,0 0,0 0,1
LEAF 13,1 0,0 0,0 3,3 1,0 0,0 1,1 0,0 0,0 0,0
LEAF 13,1 0,0 0,0 3,3 1,0 0,1 0,0 0,0 0,0 0,1
LEAF 13,1 0,0 0,0 3,3 1,0 0,1 0,0 0,0 0,1 0,0
LEAF 13,1 0,0 0,0 3,3 1,0 0,1 0,0 0,1 0,0 0,0
LEAF 13,1 0,0 0,0 3,3 1,0 0,1 0,1 0,0 0,0 0,0
LEAF 13,1 0,0 0,0 3,3 1,0 1,1 0,0 0,0 0,0 0,0
LEAF 13,1 0,0 0,0 3,3 0,1 0,0 0,0 0,0 0,0 2,0
LEAF 13,1 0,0 0,0 3,3 0,1 0,0 0,0 0,0 1,0 0,1
LEAF 13,1 0,0 0,0 3,3 0,1 0,0 0,0 1,0 0,0 0,1
LEAF 13,1 0,0 0,0 3,3 0,1 0,0 0,0 2,0 0,0 0,0
LEAF 13,1 0,0 0,0 3,3 0,1 0,0 0,0 0,1 0,0 1,0
LEAF 13,1 0,0 0,0 3,3 0,1 0,0 0,0 0,1 1,0 0,0
LEAF 13,1 0,0 0,0 3,3 0,1 0,0 1,0 0,0 0,0 0,1
LEAF 13,1 0,0 0,0 3,3 0,1 0,0 2,0 0,0 0,0 0,0
LEAF 13,1 0,0 0,0 3,3 0,1 0,0 0,1 0,0 0,0 1,0
LEAF 13,1 0,0 0,0 3,3 0,1 1,0 0,0 0,0 0,0 0,1
LEAF 13,1 0,0 0,0 3,3 0,1 1,0 0,1 0,0 0,0 0,0
LEAF 13,1 0,0 0,0 0,4 0,0 0,0 0,0 0,0 0,0 5,0
LEAF 13,1 0,0 0,0 0,4 0,0 0,0 0,0 0,0 5,0 0,0
LEAF 13,1 0,0 0,0 0,4 0,0 0,0 0,0 5,0 0,0 0,0
LEAF 13,1 0,0 0,0 0,4 0,0 0,0 5,0 0,0 0,0 0,0
LEAF 13,1 0,0 0,0 0,4 0,0 5,0 0,0 0,0 0,0 0,0
LEAF 13,1 0,0 0,0 0,4 5,0 0,0 0,0 0,0 0,0 0,0
LEAF 13,1 0,0 0,0 1,4 0,0 0,0 0,0 0,0 0,0 4,0
LEAF 13,1 0,0 0,0 1,4 0,0 0,0 0,0 0,0 1,0 0,3
LEAF 13,1 0,0 0,0 1,4 0,0 0,0 0,0 0,0 4,0 0,0
LEAF 13,1 0,0 0,0 1,4 0,0 0,0 0,0 0,0 0,1 1,2
LEAF 13,1 0,0 0,0 1,4 0,0 0,0 0,0 0,0 1,2 0,1
LEAF 13,1 0,0 0,0 1,4 0,0 0,0 0,0 0,0 0,3 1,0
LEAF 13,1 0,0 0,0 1,4 0,0 0,0 0,0 1,0 0,0 0,3
LEAF 13,1 0,0 0,0 1,4 0,0 0,0 0,0 1,0 0,3 0,0
LEAF 13,1 0,0 0,0 1,4 0,0 0,0 0,0 4,0 0,0 0,0
LEAF 13,1 0,0 0,0 1,4 0,0 0,0 0,0 0,1 0,0 1,2
LEAF 13,1 0,0 0,0 1,4 0,0 0,0 0,0 1,2 0,0 0,1
LEAF 13,1 0,0 0,0 1,4 0,0 0,0 0,0 0,3 0,0 1,0
LEAF 13,1 0,0 0,0 1,4 0,0 0,0 0,0 0,3 1,0 0,0
LEAF 13,1 0,0 0,0 1,4 0,0 0,0 1,0 0,0 0,0 0,3
LEAF 13,1 0,0 0,0 1,4 0,0 0,0 1,0 0,0 0,3 0,0
LEAF 13,1 0,0 0,0 1,4 0,0 0,0 1,0 0,3 0,0 0,0
LEAF 13,1 0,0 0,0 1,4 0,0 0,0 4,0 0,0 0,0 0,0
LEAF 13,1 0,0 0,0 1,4 0,0 0,0 0,1 0,0 0,0 1,2
LEAF 13,1 0,0 0,0 1,4 0,0 0,0 0,1 0,0 1,2 0,0
LEAF 13,1 0,0 0,0 1,4 0,0 0,0 0,1 1,2 0,0 0,0
LEAF 13,1 0,0 0,0 1,4 0,0 0,0 1,2 0,0 0,0 0,1
LEAF 13,1 0,0 0,0 1,4 0,0 0,0 1,2 0,0 0,1 0,0
LEAF 13,1 0,0 0,0 1,4 0,0 0,0 1,2 0,1 0,0 0,0
LEAF 13,1 0,0 0,0 1,4 0,0 0,0 0,3 0,0 0,0 1,0
LEAF 13,1 0,0 0,0 1,4 0,0 0,0 0,3 0,0 1,0 0,0
LEAF 13,1 0,0 0,0 1,4 0,0 0,0 0,3 1,0 0,0 0,0
LEAF 13,1 0,0 0,0 1,4 0,0 1,0 0,0 0,0 0,0 0,3
LEAF 13,1 0,0 0,0 1,4 0,0 1,0 0,0 0,0 0,3 0,0
LEAF 13,1 0,0 0,0 1,4 0,0 1,0 0,0 0,3 0,0 0,0
LEAF 13,1 0,0 0,0 1,4 0,0 1,0 0,3 0,0 0,0 0,0
LEAF 13,1 0,0 0,0 1,4 0,0 4,0 0,0 0,0 0,0 0,0
LEAF 13,1 0,0 0,0 1,4 0,0 0,1 0,0 0,0 0,0 1,2
LEAF 13,1 0,0 0,0 1,4 0,0 0,1 0,0 0,0 1,2 0,0
LEAF 13,1 0,0 0,0 1,4 0,0 0,1 0,0 1,2 0,0 0,0
LEAF 13,1 0,0 0,0 1,4 0,0 0,1 1,2 0,0 0,0 0,0
LEAF 13,1 0,0 0,0 1,4 0,0 1,2 0,0 0,0 0,0 0,1
LEAF 13,1 0,0 0,0 1,4 0,0 1,2 0,0 0,0 0,1 0,0
LEAF 13,1 0,0 0,0 1,4 0,0 1,2 0,0 0,1 0,0 0,0
LEAF 13,1 0,0 0,0 1,4 0,0 1,2 0,1 0,0 0,0 0,0
LEAF 13,1 0,0 0,0 1,4 0,0 0,3 0,0 0,0 0,0 1,0
LEAF 13,1 0,0 0,0 1,4 0,0 0,3 0,0 0,0 1,0 0,0
LEAF 13,1 0,0 0,0 1,4 0,0 0,3 0,0 1,0 0,0 0,0
LEAF 13,1 0,0 0,0 1,4 0,0 0,3 1,0 0,0 0,0 0,0
LEAF 13,1 0,0 0,0 1,4 1,0 0,0 0,0 0,0 0,0 0,3
LEAF 13,1 0,0 0,0 1,4 1,0 0,0 0,0 0,0 0,3 0,0
LEAF 13,1 0,0 0,0 1,4 1,0 0,0 0,0 0,3 0,0 0,0
LEAF 13,1 0,0 0,0 1,4 1,0 0,0 0,3 0,0 0,0 0,0
LEAF 13,1 0,0 0,0 1,4 1,0 0,3 0,0 0,0 0,0 0,0
LEAF 13,1 0,0 0,0 1,4 4,0 0,0 0,0 0,0 0,0 0,0
LEAF 13,1 0,0 0,0 1,4 0,1 0,0 0,0 0,0 0,0 1,2
LEAF 13,1 0,0 0,0 1,4 0,1 0,0 0,0 1,2 0,0 0,0
LEAF 13,1 0,0 0,0 1,4 0,1 0,0 1,2 0,0 0,0 0,0
LEAF 13,1 0,0 0,0 1,4 1,2 0,0 0,0 0,0 0,0 0,1
LEAF 13,1 0,0 0,0 1,4 1,2 0,0 0,0 0,1 0,0 0,0
LEAF 13,1 0,0 0,0 1,4 1,2 0,0 0,1 0,0 0,0 0,0
LEAF 13,1 0,0 0,0 1,4 0,3 0,0 0,0 0,0 0,0 1,0
LEAF 13,1 0,0 0,0 1,4 0,3 0,0 0,0 0,0 1,0 0,0
LEAF 13,1 0,0 0,0 1,4 0,3 0,0 0,0 1,0 0,0 0,0
LEAF 13,1 0,0 0,0 1,4 0,3 0,0 1,0 0,0 0,0 0,0
LEAF 13,1 0,0 0,0 1,4 0,3 1,0 0,0 0,0 0,0 0,0
LEAF 13,1 0,0 0,0 2,4 0,0 0,0 0,0 0,0 0,0 0,2
LEAF 13,1 0,0 0,0 2,4 0,0 0,0 0,0 0,0 1,0 2,0
LEAF 13,1 0,0 0,0 2,4 0,0 0,0 0,0 0,0 2,0 1,0
LEAF 13,1 0,0 0,0 2,4 0,0 0,0 0,0 0,0 0,2 0,0
LEAF 13,1 0,0 0,0 2,4 0,0 0,0 0,0 1,0 0,0 2,0
LEAF 13,1 0,0 0,0 2,4 0,0 0,0 0,0 1,0 1,0 0,1
LEAF 13,1 0,0 0,0 2,4 0,0 0,0 0,0 1,0 2,0 0,0
LEAF 13,1 0,0 0,0 2,4 0,0 0,0 0,0 1,0 0,1 1,0
LEAF 13,1 0,0 0,0 2,4 0,0 0,0 0,0 2,0 0,0 1,0
LEAF 13,1 0,0 0,0 2,4 0,0 0,0 0,0 2,0 1,0 0,0
LEAF 13,1 0,0 0,0 2,4 0,0 0,0 0,0 0,1 1,0 1,0
LEAF 13,1 0,0 0,0 2,4 0,0 0,0 0,0 0,2 0,0 0,0
LEAF 13,1 0,0 0,0 2,4 0,0 0,0 1,0 0,0 0,0 2,0
LEAF 13,1 0,0 0,0 2,4 0,0 0,0 1,0 0,0 1,0 0,1
LEAF 13,1 0,0 0,0 2,4 0,0 0,0 1,0 0,0 2,0 0,0
LEAF 13,1 0,0 0,0 2,4 0,0 0,0 1,0 0,0 0,1 1,0
LEAF 13,1 0,0 0,0 2,4 0,0 0,0 1,0 1,0 0,0 0,1
LEAF 13,1 0,0 0,0 2,4 0,0 0,0 1,0 1,0 0,1 0,0
LEAF 13,1 0,0 0,0 2,4 0,0 0,0 1,0 2,0 0,0 0,0
LEAF 13,1 0,0 0,0 2,4 0,0 0,0 1,0 0,1 0,0 1,0
LEAF 13,1 0,0 0,0 2,4 0,0 0,0 1,0 0,1 1,0 0,0
LEAF 13,1 0,0 0,0 2,4 0,0 0,0 2,0 0,0 0,0 1,0
LEAF 13,1 0,0 0,0 2,4 0,0 0,0 2,0 0,0 1,0 0,0
LEAF 13,1 0,0 0,0 2,4 0,0 0,0 2,0 1,0 0,0 0,0
LEAF 13,1 0,0 0,0 2,4 0,0 0,0 0,1 0,0 1,0 1,0
LEAF 13,1 0,0 0,0 2,4 0,0 0,0 0,1 1,0 0,0 1,0
LEAF 13,1 0,0 0,0 2,4 0,0 0,0 0,1 1,0 1,0 0,0
LEAF 13,1 0,0 0,0 2,4 0,0 0,0 0,2 0,0 0,0 0,0
LEAF 13,1 0,0 0,0 2,4 0,0 1,0 0,0 0,0 0,0 2,0
LEAF 13,1 0,0 0,0 2,4 0,0 1,0 0,0 0,0 1,0 0,1
LEAF 13,1 0,0 0,0 2,4 0,0 1,0 0,0 0,0 2,0 0,0
LEAF 13,1 0,0 0,0 2,4 0,0 1,0 0,0 0,0 0,1 1,0
LEAF 13,1 0,0 0,0 2,4 0,0 1,0 0,0 1,0 0,0 0,1
LEAF 13,1 0,0 0,0 2,4 0,0 1,0 0,0 2,0 0,0 0,0
LEAF 13,1 0,0 0,0 2,4 0,0 1,0 0,0 0,1 0,0 1,0
LEAF 13,1 0,0 0,0 2,4 0,0 1,0 0,0 0,1 1,0 0,0
LEAF 13,1 0,0 0,0 2,4 0,0 1,0 1,0 0,0 0,0 0,1
LEAF 13,1 0,0 0,0 2,4 0,0 1,0 1,0 0,0 0,1 0,0
LEAF 13,1 0,0 0,0 2,4 0,0 1,0 1,0 0,1 0,0 0,0
LEAF 13,1 0,0 0,0 2,4 0,0 1,0 2,0 0,0 0,0 0,0
LEAF 13,1 0,0 0,0 2,4 0,0 1,0 0,1 0,0 0,0 1,0
LEAF 13,1 0,0 0,0 2,4 0,0 2,0 0,0 0,0 0,0 1,0
LEAF 13,1 0,0 0,0 2,4 0,0 2,0 0,0 0,0 1,0 0,0
LEAF 13,1 0,0 0,0 2,4 0,0 2,0 0,0 1,0 0,0 0,0
LEAF 13,1 0,0 0,0 2,4 0,0 2,0 1,0 0,0 0,0 0,0
LEAF 13,1 0,0 0,0 2,4 0,0 0,1 0,0 0,0 1,0 1,0
LEAF 13,1 0,0 0,0 2,4 0,0 0,1 0,0 1,0 0,0 1,0
LEAF 13,1 0,0 0,0 2,4 0,0 0,1 0,0 1,0 1,0 0,0
LEAF 13,1 0,0 0,0 2,4 0,0 0,1 1,0 0,0 0,0 1,0
LEAF 13,1 0,0 0,0 2,4 0,0 0,1 1,0 0,0 1,0 0,0
LEAF 13,1 0,0 0,0 2,4 0,0 0,1 1,0 1,0 0,0 0,0
LEAF 13,1 0,0 0,0 2,4 0,0 0,2 0,0 0,0 0,0 0,0
LEAF 13,1 0,0 0,0 2,4 1,0 0,0 0,0 0,0 0,0 2,0
LEAF 13,1 0,0 0,0 2,4 1,0 0,0 0,0 0,0 1,0 0,1
LEAF 13,1 0,0 0,0 2,4 1,0 0,0 0,0 0,0 2,0 0,0
LEAF 13,1 0,0 0,0 2,4 1,0 0,0 0,0 0,0 0,1 1,0
LEAF 13,1 0,0 0,0 2,4 1,0 0,0 0,0 1,0 0,0 0,1
LEAF 13,1 0,0 0,0 2,4 1,0 0,0 0,0 2,0 0,0 0,0
LEAF 13,1 0,0 0,0 2,4 1,0 0,0 0,0 0,1 0,0 1,0
LEAF 13,1 0,0 0,0 2,4 1,0 0,0 0,0 0,1 1,0 0,0
LEAF 13,1 0,0 0,0 2,4 1,0 0,0 1,0 0,0 0,0 0,1
LEAF 13,1 0,0 0,0 2,4 1,0 0,0 1,0 0,1 0,0 0,0
LEAF 13,1 0,0 0,0 2,4 1,0 0,0 2,0 0,0 0,0 0,0
LEAF 13,1 0,0 0,0 2,4 1,0 0,0 0,1 0,0 0,0 1,0
LEAF 13,1 0,0 0,0 2,4 1,0 1,0 0,0 0,0 0,0 0,1
LEAF 13,1 0,0 0,0 2,4 1,0 1,0 0,0 0,0 0,1 0,0
LEAF 13,1 0,0 0,0 2,4 1,0 1,0 0,0 0,1 0,0 0,0
LEAF 13,1 0,0 0,0 2,4 1,0 1,0 0,1 0,0 0,0 0,0
LEAF 13,1 0,0 0,0 2,4 1,0 2,0 0,0 0,0 0,0 0,0
LEAF 13,1 0,0 0,0 2,4 1,0 0,1 0,0 0,0 0,0 1,0
LEAF 13,1 0,0 0,0 2,4 1,0 0,1 0,0 0,0 1,0 0,0
LEAF 13,1 0,0 0,0 2,4 1,0 0,1 0,0 1,0 0,0 0,0
LEAF 13,1 0,0 0,0 2,4 1,0 0,1 1,0 0,0 0,0 0,0
LEAF 13,1 0,0 0,0 2,4 0,1 0,0 0,0 0,0 1,0 1,0
LEAF 13,1 0,0 0,0 2,4 0,1 0,0 0,0 1,0 0,0 1,0
LEAF 13,1 0,0 0,0 2,4 0,1 0,0 0,0 1,0 1,0 0,0
LEAF 13,1 0,0 0,0 2,4 0,1 0,0 1,0 0,0 0,0 1,0
LEAF 13,1 0,0 0,0 2,4 0,1 0,0 1,0 1,0 0,0 0,0
LEAF 13,1 0,0 0,0 2,4 0,1 1,0 0,0 0,0 0,0 1,0
LEAF 13,1 0,0 0,0 2,4 0,1 1,0 1,0 0,0 0,0 0,0
LEAF 13,1 0,0 0,0 0,5 0,0 0,0 0,0 0,0 1,0 1,2
LEAF 13,1 0,0 0,0 0,5 0,0 0,0 0,0 0,0 0,1 2,1
LEAF 13,1 0,0 0,0 0,5 0,0 0,0 0,0 0,0 2,1 0,1
LEAF 13,1 0,0 0,0 0,5 0,0 0,0 0,0 0,0 1,2 1,0
LEAF 13,1 0,0 0,0 0,5 0,0 0,0 0,0 1,0 0,0 1,2
LEAF 13,1 0,0 0,0 0,5 0,0 0,0 0,0 1,0 1,2 0,0
LEAF 13,1 0,0 0,0 0,5 0,0 0,0 0,0 0,1 0,0 2,1
LEAF 13,1 0,0 0,0 0,5 0,0 0,0 0,0 2,1 0,0 0,1
LEAF 13,1 0,0 0,0 0,5 0,0 0,0 0,0 1,2 0,0 1,0
LEAF 13,1 0,0 0,0 0,5 0,0 0,0 0,0 1,2 1,0 0,0
LEAF 13,1 0,0 0,0 0,5 0,0 0,0 1,0 0,0 0,0 1,2
LEAF 13,1 0,0 0,0 0,5 0,0 0,0 1,0 0,0 1,2 0,0
LEAF 13,1 0,0 0,0 0,5 0,0 0,0 1,0 1,2 0,0 0,0
LEAF 13,1 0,0 0,0 0,5 0,0 0,0 0,1 0,0 0,0 2,1
LEAF 13,1 0,0 0,0 0,5 0,0 0,0 0,1 0,0 2,1 0,0
LEAF 13,1 0,0 0,0 0,5 0,0 0,0 0,1 2,1 0,0 0,0
LEAF 13,1 0,0 0,0 0,5 0,0 0,0 2,1 0,0 0,0 0,1
LEAF 13,1 0,0 0,0 0,5 0,0 0,0 2,1 0,0 0,1 0,0
LEAF 13,1 0,0 0,0 0,5 0,0 0,0 2,1 0,1 0,0 0,0
LEAF 13,1 0,0 0,0 0,5 0,0 0,0 1,2 0,0 0,0 1,0
LEAF 13,1 0,0 0,0 0,5 0,0 0,0 1,2 0,0 1,0 0,0
LEAF 13,1 0,0 0,0 0,5 0,0 0,0 1,2 1,0 0,0 0,0
LEAF 13,1 0,0 0,0 0,5 0,0 1,0 0,0 0,0 0,0 1,2
LEAF 13,1 0,0 0,0 0,5 0,0 1,0 0,0 0,0 1,2 0,0
LEAF 13,1 0,0 0,0 0,5 0,0 1,0 0,0 1,2 0,0 0,0
LEAF 13,1 0,0 0,0 0,5 0,0 1,0 1,2 0,0 0,0 0,0
LEAF 13,1 0,0 0,0 0,5 0,0 0,1 0,0 0,0 0,0 2,1
LEAF 13,1 0,0 0,0 0,5 0,0 0,1 0,0 0,0 2,1 0,0
LEAF 13,1 0,0 0,0 0,5 0,0 0,1 0,0 2,1 0,0 0,0
LEAF 13,1 0,0 0,0 0,5 0,0 0,1 2,1 0,0 0,0 0,0
LEAF 13,1 0,0 0,0 0,5 0,0 2,1 0,0 0,0 0,0 0,1
LEAF 13,1 0,0 0,0 0,5 0,0 2,1 0,0 0,0 0,1 0,0
LEAF 13,1 0,0 0,0 0,5 0,0 2,1 0,0 0,1 0,0 0,0
LEAF 13,1 0,0 0,0 0,5 0,0 2,1 0,1 0,0 0,0 0,0
LEAF 13,1 0,0 0,0 0,5 0,0 1,2 0,0 0,0 0,0 1,0
LEAF 13,1 0,0 0,0 0,5 0,0 1,2 0,0 0,0 1,0 0,0
LEAF 13,1 0,0 0,0 0,5 0,0 1,2 0,0 1,0 0,0 0,0
LEAF 13,1 0,0 0,0 0,5 0,0 1,2 1,0 0,0 0,0 0,0
LEAF 13,1 0,0 0,0 0,5 1,0 0,0 0,0 0,0 0,0 1,2
LEAF 13,1 0,0 0,0 0,5 1,0 0,0 0,0 0,0 1,2 0,0
LEAF 13,1 0,0 0,0 0,5 1,0 0,0 0,0 1,2 0,0 0,0
LEAF 13,1 0,0 0,0 0,5 1,0 0,0 1,2 0,0 0,0 0,0
LEAF 13,1 0,0 0,0 0,5 1,0 1,2 0,0 0,0 0,0 0,0
LEAF 13,1 0,0 0,0 0,5 0,1 0,0 0,0 0,0 0,0 2,1
LEAF 13,1 0,0 0,0 0,5 0,1 0,0 0,0 2,1 0,0 0,0
LEAF 13,1 0,0 0,0 0,5 0,1 0,0 2,1 0,0 0,0 0,0
LEAF 13,1 0,0 0,0 0,5 2,1 0,0 0,0 0,0 0,0 0,1
LEAF 13,1 0,0 0,0 0,5 2,1 0,0 0,0 0,1 0,0 0,0
LEAF 13,1 0,0 0,0 0,5 2,1 0,0 0,1 0,0 0,0 0,0
LEAF 13,1 0,0 0,0 0,5 1,2 0,0 0,0 0,0 0,0 1,0
LEAF 13,1 0,0 0,0 0,5 1,2 0,0 0,0 0,0 1,0 0,0
LEAF 13,1 0,0 0,0 0,5 1,2 0,0 0,0 1,0 0,0 0,0
LEAF 13,1 0,0 0,0 0,5 1,2 0,0 1,0 0,0 0,0 0,0
LEAF 13,1 0,0 0,0 0,5 1,2 1,0 0,0 0,0 0,0 0,0
LEAF 13,1 0,0 0,0 1,5 0,0 0,0 0,0 0,0 0,0 1,1
LEAF 13,1 0,0 0,0 1,5 0,0 0,0 0,0 0,0 0,1 0,1
LEAF 13,1 0,0 0,0 1,5 0,0 0,0 0,0 0,0 1,1 0,0
LEAF 13,1 0,0 0,0 1,5 0,0 0,0 0,0 1,0 1,0 1,0
LEAF 13,1 0,0 0,0 1,5 0,0 0,0 0,0 0,1 0,0 0,1
LEAF 13,1 0,0 0,0 1,5 0,0 0,0 0,0 1,1 0,0 0,0
LEAF 13,1 0,0 0,0 1,5 0,0 0,0 1,0 0,0 1,0 1,0
LEAF 13,1 0,0 0,0 1,5 0,0 0,0 1,0 1,0 0,0 1,0
LEAF 13,1 0,0 0,0 1,5 0,0 0,0 1,0 1,0 1,0 0,0
LEAF 13,1 0,0 0,0 1,5 0,0 0,0 0,1 0,0 0,0 0,1
LEAF 13,1 0,0 0,0 1,5 0,0 0,0 0,1 0,0 0,1 0,0
LEAF 13,1 0,0 0,0 1,5 0,0 0,0 0,1 0,1 0,0 0,0
LEAF 13,1 0,0 0,0 1,5 0,0 0,0 1,1 0,0 0,0 0,0
LEAF 13,1 0,0 0,0 1,5 0,0 1,0 0,0 0,0 1,0 1,0
LEAF 13,1 0,0 0,0 1,5 0,0 1,0 0,0 1,0 0,0 1,0
LEAF 13,1 0,0 0,0 1,5 0,0 1,0 0,0 1,0 1,0 0,0
LEAF 13,1 0,0 0,0 1,5 0,0 1,0 1,0 0,0 0,0 1,0
LEAF 13,1 0,0 0,0 1,5 0,0 1,0 1,0 0,0 1,0 0,0
LEAF 13,1 0,0 0,0 1,5 0,0 1,0 1,0 1,0 0,0 0,0
LEAF 13,1 0,0 0,0 1,5 0,0 0,1 0,0 0,0 0,0 0,1
LEAF 13,1 0,0 0,0 1,5 0,0 0,1 0,0 0,0 0,1 0,0
LEAF 13,1 0,0 0,0 1,5 0,0 0,1 0,0 0,1 0,0 0,0
LEAF 13,1 0,0 0,0 1,5 0,0 0,1 0,1 0,0 0,0 0,0
LEAF 13,1 0,0 0,0 1,5 0,0 1,1 0,0 0,0 0,0 0,0
LEAF 13,1 0,0 0,0 0,6 0,0 0,0 0,0 0,0 0,0 2,0
LEAF 13,1 0,0 0,0 0,6 0,0 0,0 0,0 0,0 1,0 0,1
LEAF 13,1 0,0 0,0 0,6 0,0 0,0 0,0 0,0 2,0 0,0
LEAF 13,1 0,0 0,0 0,6 0,0 0,0 0,0 0,0 0,1 1,0
LEAF 13,1 0,0 0,0 0,6 0,0 0,0 0,0 1,0 0,0 0,1
LEAF 13,1 0,0 0,0 0,6 0,0 0,0 0,0 1,0 0,1 0,0
LEAF 13,1 0,0 0,0 0,6 0,0 0,0 0,0 2,0 0,0 0,0
LEAF 13,1 0,0 0,0 0,6 0,0 0,0 0,0 0,1 0,0 1,0
LEAF 13,1 0,0 0,0 0,6 0,0 0,0 0,0 0,1 1,0 0,0
LEAF 13,1 0,0 1,0 0,0 0,0 0,0 0,0 0,0 0,0 0,0
LEAF 13,1 0,0 1,0 0,0 0,0 0,0 0,0 0,0 0,0 6,1
LEAF 13,1 0,0 1,0 0,0 0,0 0,0 0,0 0,0 0,0 3,6
LEAF 13,1 0,0 1,0 0,0 0,0 0,0 0,0 0,0 2,0 2,4
LEAF 13,1 0,0 1,0 0,0 0,0 0,0 0,0 0,0 3,0 6,0
LEAF 13,1 0,0 1,0 0,0 0,0 0,0 0,0 0,0 3,0 6,3
LEAF 13,1 0,0 1,0 0,0 0,0 0,0 0,0 0,0 5,0 6,2
LEAF 13,1 0,0 1,0 0,0 0,0 0,0 0,0 0,0 6,0 3,0
LEAF 13,1 0,0 1,0 0,0 0,0 0,0 0,0 0,0 0,1 0,6
LEAF 13,1 0,0 1,0 0,0 0,0 0,0 0,0 0,0 1,1 3,3
LEAF 13,1 0,0 1,0 0,0 0,0 0,0 0,0 0,0 2,1 7,2
LEAF 13,1 0,0 1,0 0,0 0,0 0,0 0,0 0,0 4,1 7,1
LEAF 13,1 0,0 1,0 0,0 0,0 0,0 0,0 0,0 6,1 0,0
LEAF 13,1 0,0 1,0 0,0 0,0 0,0 0,0 0,0 0,2 4,2
LEAF 13,1 0,0 1,0 0,0 0,0 0,0 0,0 0,0 1,2 8,1
LEAF 13,1 0,0 1,0 0,0 0,0 0,0 0,0 0,0 1,2 0,5
LEAF 13,1 0,0 1,0 0,0 0,0 0,0 0,0 0,0 3,2 8,0
LEAF 13,1 0,0 1,0 0,0 0,0 0,0 0,0 0,0 4,2 0,2
LEAF 13,1 0,0 1,0 0,0 0,0 0,0 0,0 0,0 0,3 9,0
LEAF 13,1 0,0 1,0 0,0 0,0 0,0 0,0 0,0 0,3 1,4
LEAF 13,1 0,0 1,0 0,0 0,0 0,0 0,0 0,0 3,3 1,1
LEAF 13,1 0,0 1,0 0,0 0,0 0,0 0,0 0,0 1,4 0,3
LEAF 13,1 0,0 1,0 0,0 0,0 0,0 0,0 0,0 2,4 2,0
LEAF 13,1 0,0 1,0 0,0 0,0 0,0 0,0 0,0 0,5 1,2
LEAF 13,1 0,0 1,0 0,0 0,0 0,0 0,0 0,0 0,6 0,1
LEAF 13,1 0,0 1,0 0,0 0,0 0,0 0,0 1,0 1,0 1,5
LEAF 13,1 0,0 1,0 0,0 0,0 0,0 0,0 1,0 3,0 8,1
LEAF 13,1 0,0 1,0 0,0 0,0 0,0 0,0 2,0 0,0 2,4
LEAF 13,1 0,0 1,0 0,0 0,0 0,0 0,0 3,0 0,0 6,0
LEAF 13,1 0,0 1,0 0,0 0,0 0,0 0,0 3,0 0,0 6,3
LEAF 13,1 0,0 1,0 0,0 0,0 0,0 0,0 3,0 1,0 8,1
LEAF 13,1 0,0 1,0 0,0 0,0 0,0 0,0 5,0 0,0 6,2
LEAF 13,1 0,0 1,0 0,0 0,0 0,0 0,0 5,0 1,0 8,0
LEAF 13,1 0,0 1,0 0,0 0,0 0,0 0,0 6,0 0,0 3,0
LEAF 13,1 0,0 1,0 0,0 0,0 0,0 0,0 0,1 0,0 0,6
LEAF 13,1 0,0 1,0 0,0 0,0 0,0 0,0 0,1 1,0 2,4
LEAF 13,1 0,0 1,0 0,0 0,0 0,0 0,0 1,1 0,0 3,3
LEAF 13,1 0,0 1,0 0,0 0,0 0,0 0,0 2,1 0,0 7,2
LEAF 13,1 0,0 1,0 0,0 0,0 0,0 0,0 2,1 1,0 9,0
LEAF 13,1 0,0 1,0 0,0 0,0 0,0 0,0 4,1 0,0 7,1
LEAF 13,1 0,0 1,0 0,0 0,0 0,0 0,0 0,2 0,0 4,2
LEAF 13,1 0,0 1,0 0,0 0,0 0,0 0,0 1,2 0,0 8,1
LEAF 13,1 0,0 1,0 0,0 0,0 0,0 0,0 1,2 0,0 0,5
LEAF 13,1 0,0 1,0 0,0 0,0 0,0 0,0 3,2 0,0 8,0
LEAF 13,1 0,0 1,0 0,0 0,0 0,0 0,0 4,2 0,0 0,2
LEAF 13,1 0,0 1,0 0,0 0,0 0,0 0,0 0,3 0,0 9,0
LEAF 13,1 0,0 1,0 0,0 0,0 0,0 0,0 0,3 0,0 1,4
LEAF 13,1 0,0 1,0 0,0 0,0 0,0 0,0 3,3 0,0 1,1
LEAF 13,1 0,0 1,0 0,0 0,0 0,0 0,0 1,4 0,0 0,3
LEAF 13,1 0,0 1,0 0,0 0,0 0,0 0,0 2,4 0,0 2,0
LEAF 13,1 0,0 1,0 0,0 0,0 0,0 0,0 2,4 1,0 0,1
LEAF 13,1 0,0 1,0 0,0 0,0 0,0 0,0 0,5 0,0 1,2
LEAF 13,1 0,0 1,0 0,0 0,0 0,0 0,0 1,5 1,0 1,0
LEAF 13,1 0,0 1,0 0,0 0,0 0,0 0,0 0,6 0,0 0,1
LEAF 13,1 0,0 1,0 0,0 0,0 0,0 1,0 0,0 1,0 1,5
LEAF 13,1 0,0 1,0 0,0 0,0 0,0 1,0 0,0 3,0 8,1
LEAF 13,1 0,0 1,0 0,0 0,0 0,0 1,0 0,0 5,0 8,0
LEAF 13,1 0,0 1,0 0,0 0,0 0,0 1,0 0,0 0,1 2,4
LEAF 13,1 0,0 1,0 0,0 0,0 0,0 1,0 0,0 2,1 9,0
LEAF 13,1 0,0 1,0 0,0 0,0 0,0 1,0 0,0 2,4 0,1
LEAF 13,1 0,0 1,0 0,0 0,0 0,0 1,0 0,0 1,5 1,0
LEAF 13,1 0,0 1,0 0,0 0,0 0,0 1,0 1,0 0,0 1,5
LEAF 13,1 0,0 1,0 0,0 0,0 0,0 1,0 3,0 0,0 8,1
LEAF 13,1 0,0 1,0 0,0 0,0 0,0 1,0 5,0 0,0 8,0
LEAF 13,1 0,0 1,0 0,0 0,0 0,0 1,0 0,1 0,0 2,4
LEAF 13,1 0,0 1,0 0,0 0,0 0,0 1,0 2,1 0,0 9,0
LEAF 13,1 0,0 1,0 0,0 0,0 0,0 1,0 2,4 0,0 0,1
LEAF 13,1 0,0 1,0 0,0 0,0 0,0 1,0 1,5 0,0 1,0
LEAF 13,1 0,0 1,0 0,0 0,0 0,0 2,0 0,0 0,0 2,4
LEAF 13,1 0,0 1,0 0,0 0,0 0,0 2,0 2,0 0,0 7,2
LEAF 13,1 0,0 1,0 0,0 0,0 0,0 2,0 2,0 1,0 9,0
LEAF 13,1 0,0 1,0 0,0 0,0 0,0 2,0 1,1 0,0 8,1
LEAF 13,1 0,0 1,0 0,0 0,0 0,0 2,0 0,2 0,0 9,0
LEAF 13,1 0,0 1,0 0,0 0,0 0,0 3,0 0,0 0,0 6,0
LEAF 13,1 0,0 1,0 0,0 0,0 0,0 3,0 0,0 0,0 6,3
LEAF 13,1 0,0 1,0 0,0 0,0 0,0 3,0 1,0 0,0 8,1
LEAF 13,1 0,0 1,0 0,0 0,0 0,0 5,0 0,0 0,0 6,2
LEAF 13,1 0,0 1,0 0,0 0,0 0,0 6,0 0,0 0,0 3,0
LEAF 13,1 0,0 1,0 0,0 0,0 0,0 0,1 0,0 0,0 0,6
LEAF 13,1 0,0 1,0 0,0 0,0 0,0 1,1 0,0 0,0 3,3
LEAF 13,1 0,0 1,0 0,0 0,0 0,0 2,1 0,0 0,0 7,2
LEAF 13,1 0,0 1,0 0,0 0,0 0,0 4,1 0,0 0,0 7,1
LEAF 13,1 0,0 1,0 0,0 0,0 0,0 0,2 0,0 0,0 4,2
LEAF 13,1 0,0 1,0 0,0 0,0 0,0 1,2 0,0 0,0 8,1
LEAF 13,1 0,0 1,0 0,0 0,0 0,0 1,2 0,0 0,0 0,5
LEAF 13,1 0,0 1,0 0,0 0,0 0,0 3,2 0,0 0,0 8,0
LEAF 13,1 0,0 1,0 0,0 0,0 0,0 4,2 0,0 0,0 0,2
LEAF 13,1 0,0 1,0 0,0 0,0 0,0 0,3 0,0 0,0 9,0
LEAF 13,1 0,0 1,0 0,0 0,0 0,0 0,3 0,0 0,0 1,4
LEAF 13,1 0,0 1,0 0,0 0,0 0,0 3,3 0,0 0,0 1,1
LEAF 13,1 0,0 1,0 0,0 0,0 0,0 1,4 0,0 0,0 0,3
LEAF 13,1 0,0 1,0 0,0 0,0 0,0 2,4 0,0 0,0 2,0
LEAF 13,1 0,0 1,0 0,0 0,0 0,0 0,5 0,0 0,0 1,2
LEAF 13,1 0,0 1,0 0,0 0,0 1,0 0,0 0,0 1,0 1,5
LEAF 13,1 0,0 1,0 0,0 0,0 1,0 0,0 0,0 3,0 8,1
LEAF 13,1 0,0 1,0 0,0 0,0 1,0 0,0 0,0 5,0 8,0
LEAF 13,1 0,0 1,0 0,0 0,0 1,0 0,0 0,0 0,1 2,4
LEAF 13,1 0,0 1,0 0,0 0,0 1,0 0,0 0,0 2,1 9,0
LEAF 13,1 0,0 1,0 0,0 0,0 1,0 0,0 0,0 2,4 0,1
LEAF 13,1 0,0 1,0 0,0 0,0 1,0 0,0 0,0 1,5 1,0
LEAF 13,1 0,0 1,0 0,0 0,0 1,0 0,0 1,0 0,0 1,5
LEAF 13,1 0,0 1,0 0,0 0,0 1,0 0,0 3,0 0,0 8,1
LEAF 13,1 0,0 1,0 0,0 0,0 1,0 0,0 5,0 0,0 8,0
LEAF 13,1 0,0 1,0 0,0 0,0 1,0 0,0 0,1 0,0 2,4
LEAF 13,1 0,0 1,0 0,0 0,0 1,0 0,0 2,1 0,0 9,0
LEAF 13,1 0,0 1,0 0,0 0,0 1,0 0,0 2,4 0,0 0,1
LEAF 13,1 0,0 1,0 0,0 0,0 1,0 0,0 1,5 0,0 1,0
LEAF 13,1 0,0 1,0 0,0 0,0 1,0 0,0 1,5 1,0 0,0
LEAF 13,1 0,0 1,0 0,0 0,0 1,0 1,0 0,0 0,0 1,5
LEAF 13,1 0,0 1,0 0,0 0,0 1,0 1,0 1,5 0,0 0,0
LEAF 13,1 0,0 1,0 0,0 0,0 1,0 2,0 2,0 0,0 9,0
LEAF 13,1 0,0 1,0 0,0 0,0 1,0 3,0 0,0 0,0 8,1
LEAF 13,1 0,0 1,0 0,0 0,0 1,0 5,0 0,0 0,0 8,0
LEAF 13,1 0,0 1,0 0,0 0,0 1,0 0,1 0,0 0,0 2,4
LEAF 13,1 0,0 1,0 0,0 0,0 1,0 2,1 0,0 0,0 9,0
LEAF 13,1 0,0 1,0 0,0 0,0 1,0 2,4 0,0 0,0 0,1
LEAF 13,1 0,0 1,0 0,0 0,0 2,0 0,0 0,0 0,0 2,4
LEAF 13,1 0,0 1,0 0,0 0,0 2,0 0,0 0,0 2,0 7,2
LEAF 13,1 0,0 1,0 0,0 0,0 2,0 0,0 0,0 1,1 8,1
LEAF 13,1 0,0 1,0 0,0 0,0 2,0 0,0 0,0 0,2 9,0
LEAF 13,1 0,0 1,0 0,0 0,0 2,0 0,0 0,0 2,4 0,0
LEAF 13,1 0,0 1,0 0,0 0,0 2,0 0,0 1,0 2,0 9,0
LEAF 13,1 0,0 1,0 0,0 0,0 2,0 0,0 2,0 0,0 7,2
LEAF 13,1 0,0 1,0 0,0 0,0 2,0 0,0 2,0 1,0 9,0
LEAF 13,1 0,0 1,0 0,0 0,0 2,0 0,0 1,1 0,0 8,1
LEAF 13,1 0,0 1,0 0,0 0,0 2,0 0,0 0,2 0,0 9,0
LEAF 13,1 0,0 1,0 0,0 0,0 2,0 0,0 2,4 0,0 0,0
LEAF 13,1 0,0 1,0 0,0 0,0 2,0 1,0 2,0 0,0 9,0
LEAF 13,1 0,0 1,0 0,0 0,0 2,0 2,0 0,0 0,0 7,2
LEAF 13,1 0,0 1,0 0,0 0,0 2,0 2,0 1,0 0,0 9,0
LEAF 13,1 0,0 1,0 0,0 0,0 2,0 1,1 0,0 0,0 8,1
LEAF 13,1 0,0 1,0 0,0 0,0 2,0 0,2 0,0 0,0 9,0
LEAF 13,1 0,0 1,0 0,0 0,0 3,0 0,0 0,0 0,0 6,0
LEAF 13,1 0,0 1,0 0,0 0,0 3,0 0,0 0,0 0,0 6,3
LEAF 13,1 0,0 1,0 0,0 0,0 3,0 0,0 0,0 1,0 8,1
LEAF 13,1 0,0 1,0 0,0 0,0 3,0 0,0 0,0 6,0 0,0
LEAF 13,1 0,0 1,0 0,0 0,0 3,0 0,0 0,0 0,1 9,0
LEAF 13,1 0,0 1,0 0,0 0,0 3,0 0,0 1,0 0,0 8,1
LEAF 13,1 0,0 1,0 0,0 0,0 3,0 0,0 6,0 0,0 0,0
LEAF 13,1 0,0 1,0 0,0 0,0 3,0 0,0 0,1 0,0 9,0
LEAF 13,1 0,0 1,0 0,0 0,0 3,0 1,0 0,0 0,0 8,1
LEAF 13,1 0,0 1,0 0,0 0,0 3,0 6,0 0,0 0,0 0,0
LEAF 13,1 0,0 1,0 0,0 0,0 3,0 0,1 0,0 0,0 9,0
LEAF 13,1 0,0 1,0 0,0 0,0 5,0 0,0 0,0 0,0 6,2
LEAF 13,1 0,0 1,0 0,0 0,0 5,0 0,0 0,0 1,0 8,0
LEAF 13,1 0,0 1,0 0,0 0,0 5,0 0,0 1,0 0,0 8,0
LEAF 13,1 0,0 1,0 0,0 0,0 5,0 1,0 0,0 0,0 8,0
LEAF 13,1 0,0 1,0 0,0 0,0 6,0 0,0 0,0 0,0 3,0
LEAF 13,1 0,0 1,0 0,0 0,0 6,0 0,0 0,0 3,0 0,0
LEAF 13,1 0,0 1,0 0,0 0,0 6,0 0,0 3,0 0,0 0,0
LEAF 13,1 0,0 1,0 0,0 0,0 6,0 3,0 0,0 0,0 0,0
LEAF 13,1 0,0 1,0 0,0 0,0 0,1 0,0 0,0 0,0 0,6
LEAF 13,1 0,0 1,0 0,0 0,0 0,1 0,0 0,0 1,0 2,4
LEAF 13,1 0,0 1,0 0,0 0,0 0,1 0,0 0,0 3,0 9,0
LEAF 13,1 0,0 1,0 0,0 0,0 0,1 0,0 0,0 0,1 3,3
LEAF 13,1 0,0 1,0 0,0 0,0 0,1 0,0 0,0 3,3 0,1
LEAF 13,1 0,0 1,0 0,0 0,0 0,1 0,0 0,0 2,4 1,0
LEAF 13,1 0,0 1,0 0,0 0,0 0,1 0,0 0,0 0,6 0,0
LEAF 13,1 0,0 1,0 0,0 0,0 0,1 0,0 1,0 0,0 2,4
LEAF 13,1 0,0 1,0 0,0 0,0 0,1 0,0 3,0 0,0 9,0
LEAF 13,1 0,0 1,0 0,0 0,0 0,1 0,0 0,1 0,0 3,3
LEAF 13,1 0,0 1,0 0,0 0,0 0,1 0,0 3,3 0,0 0,1
LEAF 13,1 0,0 1,0 0,0 0,0 0,1 0,0 2,4 0,0 1,0
LEAF 13,1 0,0 1,0 0,0 0,0 0,1 0,0 2,4 1,0 0,0
LEAF 13,1 0,0 1,0 0,0 0,0 0,1 0,0 0,6 0,0 0,0
LEAF 13,1 0,0 1,0 0,0 0,0 0,1 1,0 0,0 0,0 2,4
LEAF 13,1 0,0 1,0 0,0 0,0 0,1 1,0 2,4 0,0 0,0
LEAF 13,1 0,0 1,0 0,0 0,0 0,1 3,0 0,0 0,0 9,0
LEAF 13,1 0,0 1,0 0,0 0,0 0,1 0,1 0,0 0,0 3,3
LEAF 13,1 0,0 1,0 0,0 0,0 0,1 3,3 0,0 0,0 0,1
LEAF 13,1 0,0 1,0 0,0 0,0 0,1 2,4 0,0 0,0 1,0
LEAF 13,1 0,0 1,0 0,0 0,0 1,1 0,0 0,0 0,0 3,3
LEAF 13,1 0,0 1,0 0,0 0,0 1,1 0,0 0,0 2,0 8,1
LEAF 13,1 0,0 1,0 0,0 0,0 1,1 0,0 0,0 1,1 9,0
LEAF 13,1 0,0 1,0 0,0 0,0 1,1 0,0 0,0 3,3 0,0
LEAF 13,1 0,0 1,0 0,0 0,0 1,1 0,0 2,0 0,0 8,1
LEAF 13,1 0,0 1,0 0,0 0,0 1,1 0,0 1,1 0,0 9,0
LEAF 13,1 0,0 1,0 0,0 0,0 1,1 0,0 3,3 0,0 0,0
LEAF 13,1 0,0 1,0 0,0 0,0 1,1 2,0 0,0 0,0 8,1
LEAF 13,1 0,0 1,0 0,0 0,0 1,1 1,1 0,0 0,0 9,0
LEAF 13,1 0,0 1,0 0,0 0,0 2,1 0,0 0,0 0,0 7,2
LEAF 13,1 0,0 1,0 0,0 0,0 2,1 0,0 0,0 1,0 9,0
LEAF 13,1 0,0 1,0 0,0 0,0 2,1 0,0 1,0 0,0 9,0
LEAF 13,1 0,0 1,0 0,0 0,0 2,1 1,0 0,0 0,0 9,0
LEAF 13,1 0,0 1,0 0,0 0,0 4,1 0,0 0,0 0,0 7,1
LEAF 13,1 0,0 1,0 0,0 0,0 0,2 0,0 0,0 0,0 4,2
LEAF 13,1 0,0 1,0 0,0 0,0 0,2 0,0 0,0 2,0 9,0
LEAF 13,1 0,0 1,0 0,0 0,0 0,2 0,0 0,0 4,2 0,0
LEAF 13,1 0,0 1,0 0,0 0,0 0,2 0,0 2,0 0,0 9,0
LEAF 13,1 0,0 1,0 0,0 0,0 0,2 0,0 4,2 0,0 0,0
LEAF 13,1 0,0 1,0 0,0 0,0 0,2 2,0 0,0 0,0 9,0
LEAF 13,1 0,0 1,0 0,0 0,0 0,2 4,2 0,0 0,0 0,0
LEAF 13,1 0,0 1,0 0,0 0,0 1,2 0,0 0,0 0,0 8,1
LEAF 13,1 0,0 1,0 0,0 0,0 1,2 0,0 0,0 0,0 0,5
LEAF 13,1 0,0 1,0 0,0 0,0 1,2 0,0 0,0 0,5 0,0
LEAF 13,1 0,0 1,0 0,0 0,0 1,2 0,0 0,5 0,0 0,0
LEAF 13,1 0,0 1,0 0,0 0,0 1,2 0,5 0,0 0,0 0,0
LEAF 13,1 0,0 1,0 0,0 0,0 3,2 0,0 0,0 0,0 8,0
LEAF 13,1 0,0 1,0 0,0 0,0 4,2 0,0 0,0 0,0 0,2
LEAF 13,1 0,0 1,0 0,0 0,0 4,2 0,0 0,0 0,2 0,0
LEAF 13,1 0,0 1,0 0,0 0,0 4,2 0,0 0,2 0,0 0,0
LEAF 13,1 0,0 1,0 0,0 0,0 4,2 0,2 0,0 0,0 0,0
LEAF 13,1 0,0 1,0 0,0 0,0 0,3 0,0 0,0 0,0 9,0
LEAF 13,1 0,0 1,0 0,0 0,0 0,3 0,0 0,0 0,0 1,4
LEAF 13,1 0,0 1,0 0,0 0,0 0,3 0,0 0,0 1,4 0,0
LEAF 13,1 0,0 1,0 0,0 0,0 0,3 0,0 1,4 0,0 0,0
LEAF 13,1 0,0 1,0 0,0 0,0 0,3 1,4 0,0 0,0 0,0
LEAF 13,1 0,0 1,0 0,0 0,0 3,3 0,0 0,0 0,0 1,1
LEAF 13,1 0,0 1,0 0,0 0,0 3,3 0,0 0,0 0,1 0,1
LEAF 13,1 0,0 1,0 0,0 0,0 3,3 0,0 0,0 1,1 0,0
LEAF 13,1 0,0 1,0 0,0 0,0 3,3 0,0 0,1 0,0 0,1
LEAF 13,1 0,0 1,0 0,0 0,0 3,3 0,0 1,1 0,0 0,0
LEAF 13,1 0,0 1,0 0,0 0,0 3,3 0,1 0,0 0,0 0,1
LEAF 13,1 0,0 1,0 0,0 0,0 1,4 0,0 0,0 0,0 0,3
LEAF 13,1 0,0 1,0 0,0 0,0 1,4 0,0 0,0 0,3 0,0
LEAF 13,1 0,0 1,0 0,0 0,0 1,4 0,0 0,3 0,0 0,0
LEAF 13,1 0,0 1,0 0,0 0,0 1,4 0,3 0,0 0,0 0,0
LEAF 13,1 0,0 1,0 0,0 0,0 2,4 0,0 0,0 0,0 2,0
LEAF 13,1 0,0 1,0 0,0 0,0 2,4 0,0 0,0 1,0 0,1
LEAF 13,1 0,0 1,0 0,0 0,0 2,4 0,0 0,0 2,0 0,0
LEAF 13,1 0,0 1,0 0,0 0,0 2,4 0,0 0,0 0,1 1,0
LEAF 13,1 0,0 1,0 0,0 0,0 2,4 0,0 1,0 0,0 0,1
LEAF 13,1 0,0 1,0 0,0 0,0 2,4 0,0 2,0 0,0 0,0
LEAF 13,1 0,0 1,0 0,0 0,0 2,4 0,0 0,1 0,0 1,0
LEAF 13,1 0,0 1,0 0,0 0,0 2,4 0,0 0,1 1,0 0,0
LEAF 13,1 0,0 1,0 0,0 0,0 2,4 1,0 0,0 0,0 0,1
LEAF 13,1 0,0 1,0 0,0 0,0 2,4 1,0 0,1 0,0 0,0
LEAF 13,1 0,0 1,0 0,0 0,0 2,4 0,1 0,0 0,0 1,0
LEAF 13,1 0,0 1,0 0,0 0,0 0,5 0,0 0,0 0,0 1,2
LEAF 13,1 0,0 1,0 0,0 0,0 0,5 0,0 0,0 1,2 0,0
LEAF 13,1 0,0 1,0 0,0 0,0 0,5 0,0 1,2 0,0 0,0
LEAF 13,1 0,0 1,0 0,0 0,0 0,5 1,2 0,0 0,0 0,0
LEAF 13,1 0,0 1,0 0,0 0,0 1,5 0,0 0,0 1,0 1,0
LEAF 13,1 0,0 1,0 0,0 0,0 1,5 0,0 1,0 0,0 1,0
LEAF 13,1 0,0 1,0 0,0 0,0 1,5 0,0 1,0 1,0 0,0
LEAF 13,1 0,0 1,0 0,0 1,0 0,0 0,0 0,0 1,0 1,5
LEAF 13,1 0,0 1,0 0,0 1,0 0,0 0,0 0,0 3,0 8,1
LEAF 13,1 0,0 1,0 0,0 1,0 0,0 0,0 1,0 0,0 1,5
LEAF 13,1 0,0 1,0 0,0 1,0 0,0 0,0 3,0 0,0 8,1
LEAF 13,1 0,0 1,0 0,0 1,0 0,0 0,0 5,0 0,0 8,0
LEAF 13,1 0,0 1,0 0,0 1,0 0,0 0,0 0,1 0,0 2,4
LEAF 13,1 0,0 1,0 0,0 1,0 0,0 0,0 2,1 0,0 9,0
LEAF 13,1 0,0 1,0 0,0 1,0 0,0 0,0 2,4 0,0 0,1
LEAF 13,1 0,0 1,0 0,0 1,0 0,0 0,0 1,5 0,0 1,0
LEAF 13,1 0,0 1,0 0,0 1,0 0,0 0,0 1,5 1,0 0,0
LEAF 13,1 0,0 1,0 0,0 1,0 0,0 1,0 0,0 0,0 1,5
LEAF 13,1 0,0 1,0 0,0 1,0 0,0 3,0 0,0 0,0 8,1
LEAF 13,1 0,0 1,0 0,0 1,0 0,0 5,0 0,0 0,0 8,0
LEAF 13,1 0,0 1,0 0,0 1,0 0,0 0,1 0,0 0,0 2,4
LEAF 13,1 0,0 1,0 0,0 1,0 0,0 2,1 0,0 0,0 9,0
LEAF 13,1 0,0 1,0 0,0 1,0 0,0 2,4 0,0 0,0 0,1
LEAF 13,1 0,0 1,0 0,0 1,0 0,0 1,5 0,0 0,0 1,0
LEAF 13,1 0,0 1,0 0,0 1,0 1,0 0,0 0,0 0,0 1,5
LEAF 13,1 0,0 1,0 0,0 1,0 1,0 0,0 1,5 0,0 0,0
LEAF 13,1 0,0 1,0 0,0 1,0 2,0 0,0 2,0 0,0 9,0
LEAF 13,1 0,0 1,0 0,0 1,0 2,0 2,0 0,0 0,0 9,0
LEAF 13,1 0,0 1,0 0,0 1,0 3,0 0,0 0,0 0,0 8,1
LEAF 13,1 0,0 1,0 0,0 2,0 0,0 0,0 0,0 0,0 2,4
LEAF 13,1 0,0 1,0 0,0 2,0 0,0 0,0 2,0 0,0 7,2
LEAF 13,1 0,0 1,0 0,0 2,0 0,0 0,0 2,0 1,0 9,0
LEAF 13,1 0,0 1,0 0,0 2,0 0,0 0,0 1,1 0,0 8,1
LEAF 13,1 0,0 1,0 0,0 2,0 0,0 0,0 0,2 0,0 9,0
LEAF 13,1 0,0 1,0 0,0 2,0 0,0 0,0 2,4 0,0 0,0
LEAF 13,1 0,0 1,0 0,0 2,0 0,0 2,0 0,0 0,0 7,2
LEAF 13,1 0,0 1,0 0,0 2,0 0,0 1,1 0,0 0,0 8,1
LEAF 13,1 0,0 1,0 0,0 2,0 0,0 0,2 0,0 0,0 9,0
LEAF 13,1 0,0 1,0 0,0 2,0 0,0 2,4 0,0 0,0 0,0
LEAF 13,1 0,0 1,0 0,0 2,0 1,0 0,0 2,0 0,0 9,0
LEAF 13,1 0,0 1,0 0,0 2,0 1,0 2,0 0,0 0,0 9,0
LEAF 13,1 0,0 1,0 0,0 3,0 0,0 0,0 0,0 0,0 6,0
LEAF 13,1 0,0 1,0 0,0 3,0 0,0 0,0 0,0 0,0 6,3
LEAF 13,1 0,0 1,0 0,0 3,0 0,0 0,0 0,0 1,0 8,1
LEAF 13,1 0,0 1,0 0,0 3,0 0,0 0,0 1,0 0,0 8,1
LEAF 13,1 0,0 1,0 0,0 3,0 0,0 0,0 6,0 0,0 0,0
LEAF 13,1 0,0 1,0 0,0 3,0 0,0 0,0 0,1 0,0 9,0
LEAF 13,1 0,0 1,0 0,0 3,0 0,0 1,0 0,0 0,0 8,1
LEAF 13,1 0,0 1,0 0,0 3,0 0,0 6,0 0,0 0,0 0,0
LEAF 13,1 0,0 1,0 0,0 3,0 0,0 0,1 0,0 0,0 9,0
LEAF 13,1 0,0 1,0 0,0 3,0 1,0 0,0 0,0 0,0 8,1
LEAF 13,1 0,0 1,0 0,0 5,0 0,0 0,0 0,0 0,0 6,2
LEAF 13,1 0,0 1,0 0,0 5,0 0,0 0,0 0,0 1,0 8,0
LEAF 13,1 0,0 1,0 0,0 5,0 0,0 0,0 1,0 0,0 8,0
LEAF 13,1 0,0 1,0 0,0 5,0 0,0 1,0 0,0 0,0 8,0
LEAF 13,1 0,0 1,0 0,0 5,0 1,0 0,0 0,0 0,0 8,0
LEAF 13,1 0,0 1,0 0,0 6,0 0,0 0,0 0,0 0,0 3,0
LEAF 13,1 0,0 1,0 0,0 6,0 0,0 0,0 3,0 0,0 0,0
LEAF 13,1 0,0 1,0 0,0 6,0 0,0 3,0 0,0 0,0 0,0
LEAF 13,1 0,0 1,0 0,0 0,1 0,0 0,0 0,0 0,0 0,6
LEAF 13,1 0,0 1,0 0,0 0,1 0,0 0,0 0,0 1,0 2,4
LEAF 13,1 0,0 1,0 0,0 0,1 0,0 0,0 1,0 0,0 2,4
LEAF 13,1 0,0 1,0 0,0 0,1 0,0 0,0 3,0 0,0 9,0
LEAF 13,1 0,0 1,0 0,0 0,1 0,0 0,0 0,1 0,0 3,3
LEAF 13,1 0,0 1,0 0,0 0,1 0,0 0,0 3,3 0,0 0,1
LEAF 13,1 0,0 1,0 0,0 0,1 0,0 0,0 2,4 0,0 1,0
LEAF 13,1 0,0 1,0 0,0 0,1 0,0 0,0 2,4 1,0 0,0
LEAF 13,1 0,0 1,0 0,0 0,1 0,0 0,0 0,6 0,0 0,0
LEAF 13,1 0,0 1,0 0,0 0,1 0,0 1,0 0,0 0,0 2,4
LEAF 13,1 0,0 1,0 0,0 0,1 0,0 3,0 0,0 0,0 9,0
LEAF 13,1 0,0 1,0 0,0 0,1 0,0 0,1 0,0 0,0 3,3
LEAF 13,1 0,0 1,0 0,0 0,1 0,0 3,3 0,0 0,0 0,1
LEAF 13,1 0,0 1,0 0,0 0,1 0,0 2,4 0,0 0,0 1,0
LEAF 13,1 0,0 1,0 0,0 0,1 1,0 0,0 0,0 0,0 2,4
LEAF 13,1 0,0 1,0 0,0 0,1 1,0 2,4 0,0 0,0 0,0
LEAF 13,1 0,0 1,0 0,0 1,1 0,0 0,0 0,0 0,0 3,3
LEAF 13,1 0,0 1,0 0,0 1,1 0,0 0,0 2,0 0,0 8,1
LEAF 13,1 0,0 1,0 0,0 1,1 0,0 0,0 1,1 0,0 9,0
LEAF 13,1 0,0 1,0 0,0 1,1 0,0 0,0 3,3 0,0 0,0
LEAF 13,1 0,0 1,0 0,0 1,1 0,0 2,0 0,0 0,0 8,1
LEAF 13,1 0,0 1,0 0,0 1,1 0,0 1,1 0,0 0,0 9,0
LEAF 13,1 0,0 1,0 0,0 1,1 0,0 3,3 0,0 0,0 0,0
LEAF 13,1 0,0 1,0 0,0 2,1 0,0 0,0 0,0 0,0 7,2
LEAF 13,1 0,0 1,0 0,0 2,1 0,0 0,0 0,0 1,0 9,0
LEAF 13,1 0,0 1,0 0,0 2,1 0,0 0,0 1,0 0,0 9,0
LEAF 13,1 0,0 1,0 0,0 2,1 0,0 1,0 0,0 0,0 9,0
LEAF 13,1 0,0 1,0 0,0 2,1 1,0 0,0 0,0 0,0 9,0
LEAF 13,1 0,0 1,0 0,0 4,1 0,0 0,0 0,0 0,0 7,1
LEAF 13,1 0,0 1,0 0,0 0,2 0,0 0,0 0,0 0,0 4,2
LEAF 13,1 0,0 1,0 0,0 0,2 0,0 0,0 2,0 0,0 9,0
LEAF 13,1 0,0 1,0 0,0 0,2 0,0 0,0 4,2 0,0 0,0
LEAF 13,1 0,0 1,0 0,0 0,2 0,0 2,0 0,0 0,0 9,0
LEAF 13,1 0,0 1,0 0,0 0,2 0,0 4,2 0,0 0,0 0,0
LEAF 13,1 0,0 1,0 0,0 1,2 0,0 0,0 0,0 0,0 8,1
LEAF 13,1 0,0 1,0 0,0 1,2 0,0 0,0 0,0 0,0 0,5
LEAF 13,1 0,0 1,0 0,0 1,2 0,0 0,0 0,5 0,0 0,0
LEAF 13,1 0,0 1,0 0,0 1,2 0,0 0,5 0,0 0,0 0,0
LEAF 13,1 0,0 1,0 0,0 3,2 0,0 0,0 0,0 0,0 8,0
LEAF 13,1 0,0 1,0 0,0 4,2 0,0 0,0 0,0 0,0 0,2
LEAF 13,1 0,0 1,0 0,0 4,2 0,0 0,0 0,2 0,0 0,0
LEAF 13,1 0,0 1,0 0,0 4,2 0,0 0,2 0,0 0,0 0,0
LEAF 13,1 0,0 1,0 0,0 0,3 0,0 0,0 0,0 0,0 9,0
LEAF 13,1 0,0 1,0 0,0 0,3 0,0 0,0 0,0 0,0 1,4
LEAF 13,1 0,0 1,0 0,0 0,3 0,0 0,0 1,4 0,0 0,0
LEAF 13,1 0,0 1,0 0,0 0,3 0,0 1,4 0,0 0,0 0,0
LEAF 13,1 0,0 1,0 0,0 3,3 0,0 0,0 0,0 0,0 1,1
LEAF 13,1 0,0 1,0 0,0 3,3 0,0 0,0 0,1 0,0 0,1
LEAF 13,1 0,0 1,0 0,0 3,3 0,0 0,0 1,1 0,0 0,0
LEAF 13,1 0,0 1,0 0,0 3,3 0,0 0,1 0,0 0,0 0,1
LEAF 13,1 0,0 1,0 0,0 3,3 0,0 1,1 0,0 0,0 0,0
LEAF 13,1 0,0 1,0 0,0 1,4 0,0 0,0 0,0 0,0 0,3
LEAF 13,1 0,0 1,0 0,0 1,4 0,0 0,0 0,3 0,0 0,0
LEAF 13,1 0,0 1,0 0,0 1,4 0,0 0,3 0,0 0,0 0,0
LEAF 13,1 0,0 1,0 0,0 2,4 0,0 0,0 0,0 0,0 2,0
LEAF 13,1 0,0 1,0 0,0 2,4 0,0 0,0 0,0 1,0 0,1
LEAF 13,1 0,0 1,0 0,0 2,4 0,0 0,0 1,0 0,0 0,1
LEAF 13,1 0,0 1,0 0,0 2,4 0,0 0,0 2,0 0,0 0,0
LEAF 13,1 0,0 1,0 0,0 2,4 0,0 0,0 0,1 0,0 1,0
LEAF 13,1 0,0 1,0 0,0 2,4 0,0 0,0 0,1 1,0 0,0
LEAF 13,1 0,0 1,0 0,0 2,4 0,0 1,0 0,0 0,0 0,1
LEAF 13,1 0,0 1,0 0,0 2,4 0,0 2,0 0,0 0,0 0,0
LEAF 13,1 0,0 1,0 0,0 2,4 0,0 0,1 0,0 0,0 1,0
LEAF 13,1 0,0 1,0 0,0 2,4 1,0 0,0 0,0 0,0 0,1
LEAF 13,1 0,0 1,0 0,0 0,5 0,0 0,0 0,0 0,0 1,2
LEAF 13,1 0,0 1,0 0,0 0,5 0,0 0,0 1,2 0,0 0,0
LEAF 13,1 0,0 1,0 0,0 0,5 0,0 1,2 0,0 0,0 0,0
LEAF 13,1 0,0 1,0 0,0 1,5 0,0 0,0 0,0 1,0 1,0
LEAF 13,1 0,0 1,0 0,0 1,5 0,0 0,0 1,0 0,0 1,0
LEAF 13,1 0,0 1,0 0,0 1,5 0,0 0,0 1,0 1,0 0,0
LEAF 13,1 0,0 1,0 0,0 1,5 0,0 1,0 0,0 0,0 1,0
LEAF 13,1 0,0 1,0 0,0 1,5 0,0 1,0 1,0 0,0 0,0
LEAF 13,1 0,0 1,0 1,0 0,0 0,0 0,0 0,0 1,0 1,5
LEAF 13,1 0,0 1,0 1,0 0,0 0,0 0,0 0,0 3,0 8,1
LEAF 13,1 0,0 1,0 1,0 0,0 0,0 0,0 0,0 5,0 8,0
LEAF 13,1 0,0 1,0 1,0 0,0 0,0 0,0 0,0 0,1 2,4
LEAF 13,1 0,0 1,0 1,0 0,0 0,0 0,0 0,0 2,1 9,0
LEAF 13,1 0,0 1,0 1,0 0,0 0,0 0,0 0,0 2,4 0,1
LEAF 13,1 0,0 1,0 1,0 0,0 0,0 0,0 0,0 1,5 1,0
LEAF 13,1 0,0 1,0 1,0 0,0 0,0 0,0 1,0 0,0 1,5
LEAF 13,1 0,0 1,0 1,0 0,0 0,0 0,0 3,0 0,0 8,1
LEAF 13,1 0,0 1,0 1,0 0,0 0,0 0,0 5,0 0,0 8,0
LEAF 13,1 0,0 1,0 1,0 0,0 0,0 0,0 0,1 0,0 2,4
LEAF 13,1 0,0 1,0 1,0 0,0 0,0 0,0 2,1 0,0 9,0
LEAF 13,1 0,0 1,0 1,0 0,0 0,0 0,0 2,4 0,0 0,1
LEAF 13,1 0,0 1,0 1,0 0,0 0,0 0,0 1,5 0,0 1,0
LEAF 13,1 0,0 1,0 1,0 0,0 0,0 0,0 1,5 1,0 0,0
LEAF 13,1 0,0 1,0 1,0 0,0 0,0 1,0 0,0 0,0 1,5
LEAF 13,1 0,0 1,0 1,0 0,0 0,0 1,0 1,5 0,0 0,0
LEAF 13,1 0,0 1,0 1,0 0,0 0,0 3,0 0,0 0,0 8,1
LEAF 13,1 0,0 1,0 1,0 0,0 0,0 5,0 0,0 0,0 8,0
LEAF 13,1 0,0 1,0 1,0 0,0 0,0 0,1 0,0 0,0 2,4
LEAF 13,1 0,0 1,0 1,0 0,0 0,0 2,1 0,0 0,0 9,0
LEAF 13,1 0,0 1,0 1,0 0,0 0,0 2,4 0,0 0,0 0,1
LEAF 13,1 0,0 1,0 1,0 0,0 0,0 1,5 0,0 0,0 1,0
LEAF 13,1 0,0 1,0 1,0 0,0 1,0 0,0 0,0 0,0 1,5
LEAF 13,1 0,0 1,0 1,0 0,0 1,0 0,0 0,0 1,5 0,0
LEAF 13,1 0,0 1,0 1,0 0,0 1,0 0,0 1,5 0,0 0,0
LEAF 13,1 0,0 1,0 1,0 0,0 2,0 0,0 0,0 2,0 9,0
LEAF 13,1 0,0 1,0 1,0 0,0 2,0 0,0 2,0 0,0 9,0
LEAF 13,1 0,0 1,0 1,0 0,0 2,0 2,0 0,0 0,0 9,0
LEAF 13,1 0,0 1,0 1,0 0,0 3,0 0,0 0,0 0,0 8,1
LEAF 13,1 0,0 1,0 1,0 0,0 5,0 0,0 0,0 0,0 8,0
LEAF 13,1 0,0 1,0 1,0 0,0 0,1 0,0 0,0 0,0 2,4
LEAF 13,1 0,0 1,0 1,0 0,0 0,1 0,0 0,0 2,4 0,0
LEAF 13,1 0,0 1,0 1,0 0,0 0,1 0,0 2,4 0,0 0,0
LEAF 13,1 0,0 1,0 1,0 0,0 0,1 2,4 0,0 0,0 0,0
LEAF 13,1 0,0 1,0 1,0 0,0 2,1 0,0 0,0 0,0 9,0
LEAF 13,1 0,0 1,0 1,0 0,0 2,4 0,0 0,0 0,0 0,1
LEAF 13,1 0,0 1,0 1,0 0,0 2,4 0,0 0,0 0,1 0,0
LEAF 13,1 0,0 1,0 1,0 0,0 2,4 0,0 0,1 0,0 0,0
LEAF 13,1 0,0 1,0 1,0 0,0 1,5 0,0 0,0 0,0 1,0
LEAF 13,1 0,0 1,0 1,0 0,0 1,5 0,0 0,0 1,0 0,0
LEAF 13,1 0,0 1,0 1,0 0,0 1,5 0,0 1,0 0,0 0,0
LEAF 13,1 0,0 1,0 1,0 1,0 0,0 0,0 0,0 0,0 1,5
LEAF 13,1 0,0 1,0 1,0 1,0 0,0 0,0 1,5 0,0 0,0
LEAF 13,1 0,0 1,0 1,0 1,0 0,0 1,5 0,0 0,0 0,0
LEAF 13,1 0,0 1,0 1,0 2,0 0,0 0,0 2,0 0,0 9,0
LEAF 13,1 0,0 1,0 1,0 2,0 0,0 2,0 0,0 0,0 9,0
LEAF 13,1 0,0 1,0 1,0 3,0 0,0 0,0 0,0 0,0 8,1
LEAF 13,1 0,0 1,0 1,0 5,0 0,0 0,0 0,0 0,0 8,0
LEAF 13,1 0,0 1,0 1,0 0,1 0,0 0,0 0,0 0,0 2,4
LEAF 13,1 0,0 1,0 1,0 0,1 0,0 0,0 2,4 0,0 0,0
LEAF 13,1 0,0 1,0 1,0 0,1 0,0 2,4 0,0 0,0 0,0
LEAF 13,1 0,0 1,0 1,0 2,1 0,0 0,0 0,0 0,0 9,0
LEAF 13,1 0,0 1,0 1,0 2,4 0,0 0,0 0,0 0,0 0,1
LEAF 13,1 0,0 1,0 1,0 2,4 0,0 0,0 0,1 0,0 0,0
LEAF 13,1 0,0 1,0 2,0 0,0 0,0 0,0 0,0 0,0 2,4
LEAF 13,1 0,0 1,0 2,0 0,0 0,0 0,0 2,0 0,0 7,2
LEAF 13,1 0,0 1,0 2,0 0,0 0,0 0,0 2,0 1,0 9,0
LEAF 13,1 0,0 1,0 2,0 0,0 0,0 0,0 1,1 0,0 8,1
LEAF 13,1 0,0 1,0 2,0 0,0 0,0 0,0 0,2 0,0 9,0
LEAF 13,1 0,0 1,0 2,0 0,0 0,0 0,0 2,4 0,0 0,0
LEAF 13,1 0,0 1,0 2,0 0,0 0,0 2,0 0,0 0,0 7,2
LEAF 13,1 0,0 1,0 2,0 0,0 0,0 1,1 0,0 0,0 8,1
LEAF 13,1 0,0 1,0 2,0 0,0 0,0 0,2 0,0 0,0 9,0
LEAF 13,1 0,0 1,0 2,0 0,0 0,0 2,4 0,0 0,0 0,0
LEAF 13,1 0,0 1,0 2,0 0,0 1,0 2,0 0,0 0,0 9,0
LEAF 13,1 0,0 1,0 2,0 1,0 0,0 0,0 2,0 0,0 9,0
LEAF 13,1 0,0 1,0 2,0 1,0 0,0 2,0 0,0 0,0 9,0
LEAF 13,1 0,0 1,0 2,0 2,0 0,0 0,0 0,0 0,0 7,2
LEAF 13,1 0,0 1,0 2,0 2,0 0,0 0,0 0,0 1,0 9,0
LEAF 13,1 0,0 1,0 2,0 2,0 0,0 0,0 1,0 0,0 9,0
LEAF 13,1 0,0 1,0 2,0 2,0 0,0 1,0 0,0 0,0 9,0
LEAF 13,1 0,0 1,0 2,0 2,0 1,0 0,0 0,0 0,0 9,0
LEAF 13,1 0,0 1,0 2,0 1,1 0,0 0,0 0,0 0,0 8,1
LEAF 13,1 0,0 1,0 2,0 0,2 0,0 0,0 0,0 0,0 9,0
LEAF 13,1 0,0 1,0 3,0 0,0 0,0 0,0 0,0 0,0 6,0
LEAF 13,1 0,0 1,0 3,0 0,0 0,0 0,0 0,0 0,0 6,3
LEAF 13,1 0,0 1,0 3,0 0,0 0,0 0,0 1,0 0,0 8,1
LEAF 13,1 0,0 1,0 3,0 0,0 0,0 1,0 0,0 0,0 8,1
LEAF 13,1 0,0 1,0 3,0 0,0 0,0 6,0 0,0 0,0 0,0
LEAF 13,1 0,0 1,0 3,0 0,0 0,0 0,1 0,0 0,0 9,0
LEAF 13,1 0,0 1,0 3,0 1,0 0,0 0,0 0,0 0,0 8,1
LEAF 13,1 0,0 1,0 5,0 0,0 0,0 0,0 0,0 0,0 6,2
LEAF 13,1 0,0 1,0 5,0 0,0 0,0 1,0 0,0 0,0 8,0
LEAF 13,1 0,0 1,0 6,0 0,0 0,0 0,0 0,0 0,0 3,0
LEAF 13,1 0,0 1,0 6,0 0,0 0,0 3,0 0,0 0,0 0,0
LEAF 13,1 0,0 1,0 0,1 0,0 0,0 0,0 0,0 0,0 0,6
LEAF 13,1 0,0 1,0 0,1 0,0 0,0 1,0 0,0 0,0 2,4
LEAF 13,1 0,0 1,0 0,1 0,0 0,0 3,0 0,0 0,0 9,0
LEAF 13,1 0,0 1,0 0,1 0,0 0,0 0,1 0,0 0,0 3,3
LEAF 13,1 0,0 1,0 0,1 0,0 0,0 3,3 0,0 0,0 0,1
LEAF 13,1 0,0 1,0 0,1 0,0 0,0 2,4 0,0 0,0 1,0
LEAF 13,1 0,0 1,0 1,1 0,0 0,0 0,0 0,0 0,0 3,3
LEAF 13,1 0,0 1,0 1,1 0,0 0,0 2,0 0,0 0,0 8,1
LEAF 13,1 0,0 1,0 1,1 0,0 0,0 1,1 0,0 0,0 9,0
LEAF 13,1 0,0 1,0 1,1 0,0 0,0 3,3 0,0 0,0 0,0
LEAF 13,1 0,0 1,0 2,1 0,0 0,0 0,0 0,0 0,0 7,2
LEAF 13,1 0,0 1,0 2,1 0,0 0,0 1,0 0,0 0,0 9,0
LEAF 13,1 0,0 1,0 4,1 0,0 0,0 0,0 0,0 0,0 7,1
LEAF 13,1 0,0 1,0 0,2 0,0 0,0 0,0 0,0 0,0 4,2
LEAF 13,1 0,0 1,0 0,2 0,0 0,0 2,0 0,0 0,0 9,0
LEAF 13,1 0,0 1,0 0,2 0,0 0,0 4,2 0,0 0,0 0,0
LEAF 13,1 0,0 1,0 1,2 0,0 0,0 0,0 0,0 0,0 8,1
LEAF 13,1 0,0 1,0 1,2 0,0 0,0 0,0 0,0 0,0 0,5
LEAF 13,1 0,0 1,0 1,2 0,0 0,0 0,5 0,0 0,0 0,0
LEAF 13,1 0,0 1,0 3,2 0,0 0,0 0,0 0,0 0,0 8,0
LEAF 13,1 0,0 1,0 4,2 0,0 0,0 0,0 0,0 0,0 0,2
LEAF 13,1 0,0 1,0 4,2 0,0 0,0 0,2 0,0 0,0 0,0
LEAF 13,1 0,0 1,0 0,3 0,0 0,0 0,0 0,0 0,0 9,0
LEAF 13,1 0,0 1,0 0,3 0,0 0,0 0,0 0,0 0,0 1,4
LEAF 13,1 0,0 1,0 0,3 0,0 0,0 1,4 0,0 0,0 0,0
LEAF 13,1 0,0 1,0 3,3 0,0 0,0 0,0 0,0 0,0 1,1
LEAF 13,1 0,0 1,0 3,3 0,0 0,0 0,1 0,0 0,0 0,1
LEAF 13,1 0,0 1,0 3,3 0,0 0,0 1,1 0,0 0,0 0,0
LEAF 13,1 0,0 1,0 1,4 0,0 0,0 0,0 0,0 0,0 0,3
LEAF 13,1 0,0 1,0 1,4 0,0 0,0 0,3 0,0 0,0 0,0
LEAF 13,1 0,0 1,0 2,4 0,0 0,0 0,0 0,0 0,0 2,0
LEAF 13,1 0,0 1,0 2,4 0,0 0,0 1,0 0,0 0,0 0,1
LEAF 13,1 0,0 1,0 2,4 0,0 0,0 2,0 0,0 0,0 0,0
LEAF 13,1 0,0 1,0 2,4 0,0 0,0 0,1 0,0 0,0 1,0
LEAF 13,1 0,0 1,0 0,5 0,0 0,0 0,0 0,0 0,0 1,2
LEAF 13,1 0,0 1,0 0,5 0,0 0,0 1,2 0,0 0,0 0,0
LEAF 13,1 0,0 2,0 0,0 0,0 0,0 0,0 0,0 0,0 0,6
LEAF 13,1 0,0 2,0 0,0 0,0 0,0 0,0 0,0 1,0 2,4
LEAF 13,1 0,0 2,0 0,0 0,0 0,0 0,0 0,0 3,0 9,0
LEAF 13,1 0,0 2,0 0,0 0,0 0,0 0,0 0,0 0,1 3,3
LEAF 13,1 0,0 2,0 0,0 0,0 0,0 0,0 0,0 3,3 0,1
LEAF 13,1 0,0 2,0 0,0 0,0 0,0 0,0 0,0 2,4 1,0
LEAF 13,1 0,0 2,0 0,0 0,0 0,0 0,0 0,0 0,6 0,0
LEAF 13,1 0,0 2,0 0,0 0,0 0,0 0,0 1,0 0,0 2,4
LEAF 13,1 0,0 2,0 0,0 0,0 0,0 0,0 1,0 2,0 7,2
LEAF 13,1 0,0 2,0 0,0 0,0 0,0 0,0 2,0 1,0 7,2
LEAF 13,1 0,0 2,0 0,0 0,0 0,0 0,0 3,0 0,0 9,0
LEAF 13,1 0,0 2,0 0,0 0,0 0,0 0,0 0,1 0,0 3,3
LEAF 13,1 0,0 2,0 0,0 0,0 0,0 0,0 1,1 1,0 8,1
LEAF 13,1 0,0 2,0 0,0 0,0 0,0 0,0 0,2 1,0 9,0
LEAF 13,1 0,0 2,0 0,0 0,0 0,0 0,0 3,3 0,0 0,1
LEAF 13,1 0,0 2,0 0,0 0,0 0,0 0,0 2,4 0,0 1,0
LEAF 13,1 0,0 2,0 0,0 0,0 0,0 0,0 2,4 1,0 0,0
LEAF 13,1 0,0 2,0 0,0 0,0 0,0 0,0 0,6 0,0 0,0
LEAF 13,1 0,0 2,0 0,0 0,0 0,0 1,0 0,0 0,0 2,4
LEAF 13,1 0,0 2,0 0,0 0,0 0,0 1,0 0,0 2,0 7,2
LEAF 13,1 0,0 2,0 0,0 0,0 0,0 1,0 2,0 0,0 7,2
LEAF 13,1 0,0 2,0 0,0 0,0 0,0 1,0 2,0 1,0 9,0
LEAF 13,1 0,0 2,0 0,0 0,0 0,0 1,0 1,1 0,0 8,1
LEAF 13,1 0,0 2,0 0,0 0,0 0,0 1,0 0,2 0,0 9,0
LEAF 13,1 0,0 2,0 0,0 0,0 0,0 1,0 2,4 0,0 0,0
LEAF 13,1 0,0 2,0 0,0 0,0 0,0 2,0 1,0 0,0 7,2
LEAF 13,1 0,0 2,0 0,0 0,0 0,0 3,0 0,0 0,0 9,0
LEAF 13,1 0,0 2,0 0,0 0,0 0,0 0,1 0,0 0,0 3,3
LEAF 13,1 0,0 2,0 0,0 0,0 0,0 3,3 0,0 0,0 0,1
LEAF 13,1 0,0 2,0 0,0 0,0 0,0 2,4 0,0 0,0 1,0
LEAF 13,1 0,0 2,0 0,0 0,0 1,0 0,0 0,0 0,0 2,4
LEAF 13,1 0,0 2,0 0,0 0,0 1,0 0,0 0,0 2,0 7,2
LEAF 13,1 0,0 2,0 0,0 0,0 1,0 0,0 0,0 1,1 8,1
LEAF 13,1 0,0 2,0 0,0 0,0 1,0 0,0 0,0 0,2 9,0
LEAF 13,1 0,0 2,0 0,0 0,0 1,0 0,0 0,0 2,4 0,0
LEAF 13,1 0,0 2,0 0,0 0,0 1,0 0,0 1,0 2,0 9,0
LEAF 13,1 0,0 2,0 0,0 0,0 1,0 0,0 2,0 0,0 7,2
LEAF 13,1 0,0 2,0 0,0 0,0 1,0 0,0 2,0 1,0 9,0
LEAF 13,1 0,0 2,0 0,0 0,0 1,0 0,0 1,1 0,0 8,1
LEAF 13,1 0,0 2,0 0,0 0,0 1,0 0,0 0,2 0,0 9,0
LEAF 13,1 0,0 2,0 0,0 0,0 1,0 0,0 2,4 0,0 0,0
LEAF 13,1 0,0 2,0 0,0 0,0 1,0 1,0 2,0 0,0 9,0
LEAF 13,1 0,0 2,0 0,0 0,0 1,0 2,0 0,0 0,0 7,2
LEAF 13,1 0,0 2,0 0,0 0,0 1,0 2,0 1,0 0,0 9,0
LEAF 13,1 0,0 2,0 0,0 0,0 1,0 1,1 0,0 0,0 8,1
LEAF 13,1 0,0 2,0 0,0 0,0 1,0 0,2 0,0 0,0 9,0
LEAF 13,1 0,0 2,0 0,0 0,0 1,0 2,4 0,0 0,0 0,0
LEAF 13,1 0,0 2,0 0,0 0,0 2,0 0,0 0,0 1,0 7,2
LEAF 13,1 0,0 2,0 0,0 0,0 2,0 0,0 0,0 0,1 8,1
LEAF 13,1 0,0 2,0 0,0 0,0 2,0 0,0 1,0 0,0 7,2
LEAF 13,1 0,0 2,0 0,0 0,0 2,0 0,0 1,0 1,0 9,0
LEAF 13,1 0,0 2,0 0,0 0,0 2,0 0,0 0,1 0,0 8,1
LEAF 13,1 0,0 2,0 0,0 0,0 2,0 1,0 0,0 0,0 7,2
LEAF 13,1 0,0 2,0 0,0 0,0 2,0 1,0 0,0 1,0 9,0
LEAF 13,1 0,0 2,0 0,0 0,0 2,0 1,0 1,0 0,0 9,0
LEAF 13,1 0,0 2,0 0,0 0,0 2,0 0,1 0,0 0,0 8,1
LEAF 13,1 0,0 2,0 0,0 0,0 3,0 0,0 0,0 0,0 9,0
LEAF 13,1 0,0 2,0 0,0 0,0 0,1 0,0 0,0 0,0 3,3
LEAF 13,1 0,0 2,0 0,0 0,0 0,1 0,0 0,0 2,0 8,1
LEAF 13,1 0,0 2,0 0,0 0,0 0,1 0,0 0,0 1,1 9,0
LEAF 13,1 0,0 2,0 0,0 0,0 0,1 0,0 0,0 3,3 0,0
LEAF 13,1 0,0 2,0 0,0 0,0 0,1 0,0 2,0 0,0 8,1
LEAF 13,1 0,0 2,0 0,0 0,0 0,1 0,0 1,1 0,0 9,0
LEAF 13,1 0,0 2,0 0,0 0,0 0,1 0,0 3,3 0,0 0,0
LEAF 13,1 0,0 2,0 0,0 0,0 0,1 2,0 0,0 0,0 8,1
LEAF 13,1 0,0 2,0 0,0 0,0 0,1 1,1 0,0 0,0 9,0
LEAF 13,1 0,0 2,0 0,0 0,0 0,1 3,3 0,0 0,0 0,0
LEAF 13,1 0,0 2,0 0,0 0,0 1,1 0,0 0,0 1,0 8,1
LEAF 13,1 0,0 2,0 0,0 0,0 1,1 0,0 0,0 0,1 9,0
LEAF 13,1 0,0 2,0 0,0 0,0 1,1 0,0 1,0 0,0 8,1
LEAF 13,1 0,0 2,0 0,0 0,0 1,1 0,0 0,1 0,0 9,0
LEAF 13,1 0,0 2,0 0,0 0,0 1,1 1,0 0,0 0,0 8,1
LEAF 13,1 0,0 2,0 0,0 0,0 1,1 0,1 0,0 0,0 9,0
LEAF 13,1 0,0 2,0 0,0 0,0 0,2 0,0 0,0 1,0 9,0
LEAF 13,1 0,0 2,0 0,0 0,0 0,2 0,0 1,0 0,0 9,0
LEAF 13,1 0,0 2,0 0,0 0,0 0,2 1,0 0,0 0,0 9,0
LEAF 13,1 0,0 2,0 0,0 0,0 3,3 0,0 0,0 0,0 0,1
LEAF 13,1 0,0 2,0 0,0 0,0 3,3 0,0 0,0 0,1 0,0
LEAF 13,1 0,0 2,0 0,0 0,0 3,3 0,0 0,1 0,0 0,0
LEAF 13,1 0,0 2,0 0,0 0,0 3,3 0,1 0,0 0,0 0,0
LEAF 13,1 0,0 2,0 0,0 0,0 2,4 0,0 0,0 0,0 1,0
LEAF 13,1 0,0 2,0 0,0 0,0 2,4 0,0 0,0 1,0 0,0
LEAF 13,1 0,0 2,0 0,0 0,0 2,4 0,0 1,0 0,0 0,0
LEAF 13,1 0,0 2,0 0,0 0,0 2,4 1,0 0,0 0,0 0,0
LEAF 13,1 0,0 2,0 0,0 1,0 0,0 0,0 0,0 0,0 2,4
LEAF 13,1 0,0 2,0 0,0 1,0 0,0 0,0 0,0 2,0 7,2
LEAF 13,1 0,0 2,0 0,0 1,0 0,0 0,0 2,0 0,0 7,2
LEAF 13,1 0,0 2,0 0,0 1,0 0,0 0,0 2,0 1,0 9,0
LEAF 13,1 0,0 2,0 0,0 1,0 0,0 0,0 1,1 0,0 8,1
LEAF 13,1 0,0 2,0 0,0 1,0 0,0 0,0 0,2 0,0 9,0
LEAF 13,1 0,0 2,0 0,0 1,0 0,0 0,0 2,4 0,0 0,0
LEAF 13,1 0,0 2,0 0,0 1,0 0,0 1,0 2,0 0,0 9,0
LEAF 13,1 0,0 2,0 0,0 1,0 0,0 2,0 0,0 0,0 7,2
LEAF 13,1 0,0 2,0 0,0 1,0 0,0 1,1 0,0 0,0 8,1
LEAF 13,1 0,0 2,0 0,0 1,0 0,0 0,2 0,0 0,0 9,0
LEAF 13,1 0,0 2,0 0,0 1,0 0,0 2,4 0,0 0,0 0,0
LEAF 13,1 0,0 2,0 0,0 1,0 1,0 0,0 2,0 0,0 9,0
LEAF 13,1 0,0 2,0 0,0 1,0 1,0 2,0 0,0 0,0 9,0
LEAF 13,1 0,0 2,0 0,0 1,0 2,0 0,0 0,0 0,0 7,2
LEAF 13,1 0,0 2,0 0,0 1,0 2,0 0,0 1,0 0,0 9,0
LEAF 13,1 0,0 2,0 0,0 1,0 2,0 1,0 0,0 0,0 9,0
LEAF 13,1 0,0 2,0 0,0 2,0 0,0 0,0 0,0 1,0 7,2
LEAF 13,1 0,0 2,0 0,0 2,0 0,0 0,0 1,0 0,0 7,2
LEAF 13,1 0,0 2,0 0,0 2,0 0,0 0,0 1,0 1,0 9,0
LEAF 13,1 0,0 2,0 0,0 2,0 0,0 0,0 0,1 0,0 8,1
LEAF 13,1 0,0 2,0 0,0 2,0 0,0 1,0 0,0 0,0 7,2
LEAF 13,1 0,0 2,0 0,0 2,0 0,0 1,0 1,0 0,0 9,0
LEAF 13,1 0,0 2,0 0,0 2,0 0,0 0,1 0,0 0,0 8,1
LEAF 13,1 0,0 2,0 0,0 2,0 1,0 0,0 0,0 0,0 7,2
LEAF 13,1 0,0 2,0 0,0 2,0 1,0 0,0 1,0 0,0 9,0
LEAF 13,1 0,0 2,0 0,0 2,0 1,0 1,0 0,0 0,0 9,0
LEAF 13,1 0,0 2,0 0,0 3,0 0,0 0,0 0,0 0,0 9,0
LEAF 13,1 0,0 2,0 0,0 0,1 0,0 0,0 0,0 0,0 3,3
LEAF 13,1 0,0 2,0 0,0 0,1 0,0 0,0 2,0 0,0 8,1
LEAF 13,1 0,0 2,0 0,0 0,1 0,0 0,0 1,1 0,0 9,0
LEAF 13,1 0,0 2,0 0,0 0,1 0,0 0,0 3,3 0,0 0,0
LEAF 13,1 0,0 2,0 0,0 0,1 0,0 2,0 0,0 0,0 8,1
LEAF 13,1 0,0 2,0 0,0 0,1 0,0 1,1 0,0 0,0 9,0
LEAF 13,1 0,0 2,0 0,0 0,1 0,0 3,3 0,0 0,0 0,0
LEAF 13,1 0,0 2,0 0,0 1,1 0,0 0,0 0,0 1,0 8,1
LEAF 13,1 0,0 2,0 0,0 1,1 0,0 0,0 1,0 0,0 8,1
LEAF 13,1 0,0 2,0 0,0 1,1 0,0 0,0 0,1 0,0 9,0
LEAF 13,1 0,0 2,0 0,0 1,1 0,0 1,0 0,0 0,0 8,1
LEAF 13,1 0,0 2,0 0,0 1,1 0,0 0,1 0,0 0,0 9,0
LEAF 13,1 0,0 2,0 0,0 1,1 1,0 0,0 0,0 0,0 8,1
LEAF 13,1 0,0 2,0 0,0 0,2 0,0 0,0 0,0 1,0 9,0
LEAF 13,1 0,0 2,0 0,0 0,2 0,0 0,0 1,0 0,0 9,0
LEAF 13,1 0,0 2,0 0,0 0,2 0,0 1,0 0,0 0,0 9,0
LEAF 13,1 0,0 2,0 0,0 0,2 1,0 0,0 0,0 0,0 9,0
LEAF 13,1 0,0 2,0 0,0 3,3 0,0 0,0 0,0 0,0 0,1
LEAF 13,1 0,0 2,0 0,0 3,3 0,0 0,0 0,1 0,0 0,0
LEAF 13,1 0,0 2,0 0,0 3,3 0,0 0,1 0,0 0,0 0,0
LEAF 13,1 0,0 2,0 0,0 2,4 0,0 0,0 0,0 0,0 1,0
LEAF 13,1 0,0 2,0 0,0 2,4 0,0 0,0 0,0 1,0 0,0
LEAF 13,1 0,0 2,0 0,0 2,4 0,0 0,0 1,0 0,0 0,0
LEAF 13,1 0,0 2,0 0,0 2,4 0,0 1,0 0,0 0,0 0,0
LEAF 13,1 0,0 2,0 1,0 0,0 0,0 0,0 0,0 0,0 2,4
LEAF 13,1 0,0 2,0 1,0 0,0 0,0 0,0 0,0 2,0 7,2
LEAF 13,1 0,0 2,0 1,0 0,0 0,0 0,0 2,0 0,0 7,2
LEAF 13,1 0,0 2,0 1,0 0,0 0,0 0,0 2,0 1,0 9,0
LEAF 13,1 0,0 2,0 1,0 0,0 0,0 0,0 1,1 0,0 8,1
LEAF 13,1 0,0 2,0 1,0 0,0 0,0 0,0 0,2 0,0 9,0
LEAF 13,1 0,0 2,0 1,0 0,0 0,0 0,0 2,4 0,0 0,0
LEAF 13,1 0,0 2,0 1,0 0,0 0,0 1,0 2,0 0,0 9,0
LEAF 13,1 0,0 2,0 1,0 0,0 0,0 2,0 0,0 0,0 7,2
LEAF 13,1 0,0 2,0 1,0 0,0 0,0 1,1 0,0 0,0 8,1
LEAF 13,1 0,0 2,0 1,0 0,0 0,0 0,2 0,0 0,0 9,0
LEAF 13,1 0,0 2,0 1,0 0,0 0,0 2,4 0,0 0,0 0,0
LEAF 13,1 0,0 2,0 1,0 0,0 1,0 0,0 2,0 0,0 9,0
LEAF 13,1 0,0 2,0 1,0 0,0 1,0 2,0 0,0 0,0 9,0
LEAF 13,1 0,0 2,0 1,0 0,0 2,0 0,0 0,0 0,0 7,2
LEAF 13,1 0,0 2,0 1,0 0,0 2,0 1,0 0,0 0,0 9,0
LEAF 13,1 0,0 2,0 1,0 1,0 0,0 0,0 2,0 0,0 9,0
LEAF 13,1 0,0 2,0 1,0 1,0 0,0 2,0 0,0 0,0 9,0
LEAF 13,1 0,0 2,0 1,0 2,0 0,0 0,0 0,0 0,0 7,2
LEAF 13,1 0,0 2,0 1,0 2,0 0,0 0,0 0,0 1,0 9,0
LEAF 13,1 0,0 2,0 1,0 2,0 0,0 0,0 1,0 0,0 9,0
LEAF 13,1 0,0 2,0 1,0 2,0 0,0 1,0 0,0 0,0 9,0
LEAF 13,1 0,0 2,0 1,0 2,0 1,0 0,0 0,0 0,0 9,0
LEAF 13,1 0,0 2,0 1,0 1,1 0,0 0,0 0,0 0,0 8,1
LEAF 13,1 0,0 2,0 1,0 0,2 0,0 0,0 0,0 0,0 9,0
LEAF 13,1 0,0 2,0 2,0 0,0 0,0 0,0 1,0 0,0 7,2
LEAF 13,1 0,0 2,0 2,0 0,0 0,0 1,0 0,0 0,0 7,2
LEAF 13,1 0,0 2,0 2,0 0,0 0,0 0,1 0,0 0,0 8,1
LEAF 13,1 0,0 2,0 2,0 1,0 0,0 0,0 0,0 0,0 7,2
LEAF 13,1 0,0 2,0 2,0 1,0 0,0 0,0 1,0 0,0 9,0
LEAF 13,1 0,0 2,0 2,0 1,0 0,0 1,0 0,0 0,0 9,0
LEAF 13,1 0,0 2,0 3,0 0,0 0,0 0,0 0,0 0,0 9,0
LEAF 13,1 0,0 2,0 0,1 0,0 0,0 0,0 0,0 0,0 3,3
LEAF 13,1 0,0 2,0 0,1 0,0 0,0 2,0 0,0 0,0 8,1
LEAF 13,1 0,0 2,0 0,1 0,0 0,0 1,1 0,0 0,0 9,0
LEAF 13,1 0,0 2,0 0,1 0,0 0,0 3,3 0,0 0,0 0,0
LEAF 13,1 0,0 2,0 1,1 0,0 0,0 1,0 0,0 0,0 8,1
LEAF 13,1 0,0 2,0 1,1 0,0 0,0 0,1 0,0 0,0 9,0
LEAF 13,1 0,0 2,0 0,2 0,0 0,0 1,0 0,0 0,0 9,0
LEAF 13,1 0,0 2,0 3,3 0,0 0,0 0,0 0,0 0,0 0,1
LEAF 13,1 0,0 2,0 3,3 0,0 0,0 0,1 0,0 0,0 0,0
LEAF 13,1 0,0 3,0 0,0 0,0 0,0 0,0 0,0 0,0 4,2
LEAF 13,1 0,0 3,0 0,0 0,0 0,0 0,0 0,0 1,0 6,0
LEAF 13,1 0,0 3,0 0,0 0,0 0,0 0,0 0,0 1,0 6,3
LEAF 13,1 0,0 3,0 0,0 0,0 0,0 0,0 0,0 2,0 9,0
LEAF 13,1 0,0 3,0 0,0 0,0 0,0 0,0 0,0 6,0 1,0
LEAF 13,1 0,0 3,0 0,0 0,0 0,0 0,0 0,0 0,1 7,2
LEAF 13,1 0,0 3,0 0,0 0,0 0,0 0,0 0,0 4,2 0,0
LEAF 13,1 0,0 3,0 0,0 0,0 0,0 0,0 1,0 0,0 6,0
LEAF 13,1 0,0 3,0 0,0 0,0 0,0 0,0 1,0 0,0 6,3
LEAF 13,1 0,0 3,0 0,0 0,0 0,0 0,0 1,0 1,0 8,1
LEAF 13,1 0,0 3,0 0,0 0,0 0,0 0,0 2,0 0,0 9,0
LEAF 13,1 0,0 3,0 0,0 0,0 0,0 0,0 6,0 0,0 1,0
LEAF 13,1 0,0 3,0 0,0 0,0 0,0 0,0 6,0 1,0 0,0
LEAF 13,1 0,0 3,0 0,0 0,0 0,0 0,0 0,1 0,0 7,2
LEAF 13,1 0,0 3,0 0,0 0,0 0,0 0,0 0,1 1,0 9,0
LEAF 13,1 0,0 3,0 0,0 0,0 0,0 0,0 4,2 0,0 0,0
LEAF 13,1 0,0 3,0 0,0 0,0 0,0 1,0 0,0 0,0 6,0
LEAF 13,1 0,0 3,0 0,0 0,0 0,0 1,0 0,0 0,0 6,3
LEAF 13,1 0,0 3,0 0,0 0,0 0,0 1,0 0,0 1,0 8,1
LEAF 13,1 0,0 3,0 0,0 0,0 0,0 1,0 1,0 0,0 8,1
LEAF 13,1 0,0 3,0 0,0 0,0 0,0 1,0 6,0 0,0 0,0
LEAF 13,1 0,0 3,0 0,0 0,0 0,0 1,0 0,1 0,0 9,0
LEAF 13,1 0,0 3,0 0,0 0,0 0,0 2,0 0,0 0,0 9,0
LEAF 13,1 0,0 3,0 0,0 0,0 0,0 6,0 0,0 0,0 1,0
LEAF 13,1 0,0 3,0 0,0 0,0 0,0 0,1 0,0 0,0 7,2
LEAF 13,1 0,0 3,0 0,0 0,0 0,0 4,2 0,0 0,0 0,0
LEAF 13,1 0,0 3,0 0,0 0,0 1,0 0,0 0,0 0,0 6,0
LEAF 13,1 0,0 3,0 0,0 0,0 1,0 0,0 0,0 0,0 6,3
LEAF 13,1 0,0 3,0 0,0 0,0 1,0 0,0 0,0 1,0 8,1
LEAF 13,1 0,0 3,0 0,0 0,0 1,0 0,0 0,0 6,0 0,0
LEAF 13,1 0,0 3,0 0,0 0,0 1,0 0,0 0,0 0,1 9,0
LEAF 13,1 0,0 3,0 0,0 0,0 1,0 0,0 1,0 0,0 8,1
LEAF 13,1 0,0 3,0 0,0 0,0 1,0 0,0 6,0 0,0 0,0
LEAF 13,1 0,0 3,0 0,0 0,0 1,0 0,0 0,1 0,0 9,0
LEAF 13,1 0,0 3,0 0,0 0,0 1,0 1,0 0,0 0,0 8,1
LEAF 13,1 0,0 3,0 0,0 0,0 1,0 6,0 0,0 0,0 0,0
LEAF 13,1 0,0 3,0 0,0 0,0 1,0 0,1 0,0 0,0 9,0
LEAF 13,1 0,0 3,0 0,0 0,0 2,0 0,0 0,0 0,0 9,0
LEAF 13,1 0,0 3,0 0,0 0,0 6,0 0,0 0,0 0,0 1,0
LEAF 13,1 0,0 3,0 0,0 0,0 6,0 0,0 0,0 1,0 0,0
LEAF 13,1 0,0 3,0 0,0 0,0 6,0 0,0 1,0 0,0 0,0
LEAF 13,1 0,0 3,0 0,0 0,0 6,0 1,0 0,0 0,0 0,0
LEAF 13,1 0,0 3,0 0,0 0,0 0,1 0,0 0,0 0,0 7,2
LEAF 13,1 0,0 3,0 0,0 0,0 0,1 0,0 0,0 1,0 9,0
LEAF 13,1 0,0 3,0 0,0 0,0 0,1 0,0 1,0 0,0 9,0
LEAF 13,1 0,0 3,0 0,0 0,0 0,1 1,0 0,0 0,0 9,0
LEAF 13,1 0,0 3,0 0,0 0,0 4,2 0,0 0,0 0,0 0,0
LEAF 13,1 0,0 3,0 0,0 1,0 0,0 0,0 0,0 0,0 6,0
LEAF 13,1 0,0 3,0 0,0 1,0 0,0 0,0 0,0 0,0 6,3
LEAF 13,1 0,0 3,0 0,0 1,0 0,0 0,0 0,0 1,0 8,1
LEAF 13,1 0,0 3,0 0,0 1,0 0,0 0,0 1,0 0,0 8,1
LEAF 13,1 0,0 3,0 0,0 1,0 0,0 0,0 6,0 0,0 0,0
LEAF 13,1 0,0 3,0 0,0 1,0 0,0 0,0 0,1 0,0 9,0
LEAF 13,1 0,0 3,0 0,0 1,0 0,0 1,0 0,0 0,0 8,1
LEAF 13,1 0,0 3,0 0,0 1,0 0,0 6,0 0,0 0,0 0,0
LEAF 13,1 0,0 3,0 0,0 1,0 0,0 0,1 0,0 0,0 9,0
LEAF 13,1 0,0 3,0 0,0 1,0 1,0 0,0 0,0 0,0 8,1
LEAF 13,1 0,0 3,0 0,0 2,0 0,0 0,0 0,0 0,0 9,0
LEAF 13,1 0,0 3,0 0,0 6,0 0,0 0,0 0,0 0,0 1,0
LEAF 13,1 0,0 3,0 0,0 6,0 0,0 0,0 0,0 1,0 0,0
LEAF 13,1 0,0 3,0 0,0 6,0 0,0 0,0 1,0 0,0 0,0
LEAF 13,1 0,0 3,0 0,0 6,0 0,0 1,0 0,0 0,0 0,0
LEAF 13,1 0,0 3,0 0,0 6,0 1,0 0,0 0,0 0,0 0,0
LEAF 13,1 0,0 3,0 0,0 0,1 0,0 0,0 0,0 0,0 7,2
LEAF 13,1 0,0 3,0 0,0 0,1 0,0 0,0 0,0 1,0 9,0
LEAF 13,1 0,0 3,0 0,0 0,1 0,0 0,0 1,0 0,0 9,0
LEAF 13,1 0,0 3,0 0,0 0,1 0,0 1,0 0,0 0,0 9,0
LEAF 13,1 0,0 3,0 0,0 0,1 1,0 0,0 0,0 0,0 9,0
LEAF 13,1 0,0 3,0 0,0 4,2 0,0 0,0 0,0 0,0 0,0
LEAF 13,1 0,0 3,0 1,0 0,0 0,0 0,0 0,0 0,0 6,0
LEAF 13,1 0,0 3,0 1,0 0,0 0,0 0,0 0,0 0,0 6,3
LEAF 13,1 0,0 3,0 1,0 0,0 0,0 0,0 0,0 1,0 8,1
LEAF 13,1 0,0 3,0 1,0 0,0 0,0 0,0 1,0 0,0 8,1
LEAF 13,1 0,0 3,0 1,0 0,0 0,0 0,0 6,0 0,0 0,0
LEAF 13,1 0,0 3,0 1,0 0,0 0,0 0,0 0,1 0,0 9,0
LEAF 13,1 0,0 3,0 1,0 0,0 0,0 1,0 0,0 0,0 8,1
LEAF 13,1 0,0 3,0 1,0 0,0 0,0 6,0 0,0 0,0 0,0
LEAF 13,1 0,0 3,0 1,0 0,0 0,0 0,1 0,0 0,0 9,0
LEAF 13,1 0,0 3,0 1,0 0,0 1,0 0,0 0,0 0,0 8,1
LEAF 13,1 0,0 3,0 1,0 1,0 0,0 0,0 0,0 0,0 8,1
LEAF 13,1 0,0 3,0 1,0 6,0 0,0 0,0 0,0 0,0 0,0
LEAF 13,1 0,0 3,0 1,0 0,1 0,0 0,0 0,0 0,0 9,0
LEAF 13,1 0,0 3,0 2,0 0,0 0,0 0,0 0,0 0,0 9,0
LEAF 13,1 0,0 3,0 6,0 0,0 0,0 0,0 0,0 0,0 1,0
LEAF 13,1 0,0 3,0 6,0 0,0 0,0 1,0 0,0 0,0 0,0
LEAF 13,1 0,0 3,0 0,1 0,0 0,0 0,0 0,0 0,0 7,2
LEAF 13,1 0,0 3,0 0,1 0,0 0,0 1,0 0,0 0,0 9,0
LEAF 13,1 0,0 4,0 0,0 0,0 0,0 0,0 0,0 0,0 9,0
LEAF 13,1 0,0 4,0 0,0 0,0 0,0 0,0 0,0 0,0 1,4
LEAF 13,1 0,0 4,0 0,0 0,0 0,0 0,0 0,0 1,4 0,0
LEAF 13,1 0,0 4,0 0,0 0,0 0,0 0,0 1,4 0,0 0,0
LEAF 13,1 0,0 4,0 0,0 0,0 0,0 1,4 0,0 0,0 0,0
LEAF 13,1 0,0 4,0 0,0 0,0 1,4 0,0 0,0 0,0 0,0
LEAF 13,1 0,0 4,0 0,0 1,4 0,0 0,0 0,0 0,0 0,0
LEAF 13,1 0,0 4,0 1,4 0,0 0,0 0,0 0,0 0,0 0,0
LEAF 13,1 0,0 5,0 0,0 0,0 0,0 0,0 0,0 0,0 0,4
LEAF 13,1 0,0 5,0 0,0 0,0 0,0 0,0 0,0 1,0 6,2
LEAF 13,1 0,0 5,0 0,0 0,0 0,0 0,0 0,0 0,1 7,1
LEAF 13,1 0,0 5,0 0,0 0,0 0,0 0,0 0,0 0,4 0,0
LEAF 13,1 0,0 5,0 0,0 0,0 0,0 0,0 1,0 0,0 6,2
LEAF 13,1 0,0 5,0 0,0 0,0 0,0 0,0 1,0 1,0 8,0
LEAF 13,1 0,0 5,0 0,0 0,0 0,0 0,0 0,1 0,0 7,1
LEAF 13,1 0,0 5,0 0,0 0,0 0,0 0,0 0,4 0,0 0,0
LEAF 13,1 0,0 5,0 0,0 0,0 0,0 1,0 0,0 0,0 6,2
LEAF 13,1 0,0 5,0 0,0 0,0 0,0 1,0 0,0 1,0 8,0
LEAF 13,1 0,0 5,0 0,0 0,0 0,0 1,0 1,0 0,0 8,0
LEAF 13,1 0,0 5,0 0,0 0,0 0,0 0,1 0,0 0,0 7,1
LEAF 13,1 0,0 5,0 0,0 0,0 0,0 0,4 0,0 0,0 0,0
LEAF 13,1 0,0 5,0 0,0 0,0 1,0 0,0 0,0 0,0 6,2
LEAF 13,1 0,0 5,0 0,0 0,0 1,0 0,0 0,0 1,0 8,0
LEAF 13,1 0,0 5,0 0,0 0,0 1,0 0,0 1,0 0,0 8,0
LEAF 13,1 0,0 5,0 0,0 0,0 1,0 1,0 0,0 0,0 8,0
LEAF 13,1 0,0 5,0 0,0 0,0 0,1 0,0 0,0 0,0 7,1
LEAF 13,1 0,0 5,0 0,0 0,0 0,4 0,0 0,0 0,0 0,0
LEAF 13,1 0,0 5,0 0,0 1,0 0,0 0,0 0,0 0,0 6,2
LEAF 13,1 0,0 5,0 0,0 1,0 0,0 0,0 0,0 1,0 8,0
LEAF 13,1 0,0 5,0 0,0 1,0 0,0 0,0 1,0 0,0 8,0
LEAF 13,1 0,0 5,0 0,0 1,0 0,0 1,0 0,0 0,0 8,0
LEAF 13,1 0,0 5,0 0,0 1,0 1,0 0,0 0,0 0,0 8,0
LEAF 13,1 0,0 5,0 0,0 0,1 0,0 0,0 0,0 0,0 7,1
LEAF 13,1 0,0 5,0 0,0 0,4 0,0 0,0 0,0 0,0 0,0
LEAF 13,1 0,0 5,0 1,0 0,0 0,0 0,0 0,0 0,0 6,2
LEAF 13,1 0,0 5,0 1,0 0,0 0,0 0,0 0,0 1,0 8,0
LEAF 13,1 0,0 5,0 1,0 0,0 0,0 0,0 1,0 0,0 8,0
LEAF 13,1 0,0 5,0 1,0 0,0 0,0 1,0 0,0 0,0 8,0
LEAF 13,1 0,0 5,0 1,0 0,0 1,0 0,0 0,0 0,0 8,0
LEAF 13,1 0,0 5,0 1,0 1,0 0,0 0,0 0,0 0,0 8,0
LEAF 13,1 0,0 5,0 0,1 0,0 0,0 0,0 0,0 0,0 7,1
LEAF 13,1 0,0 5,0 0,4 0,0 0,0 0,0 0,0 0,0 0,0
LEAF 13,1 0,0 6,0 0,0 0,0 0,0 0,0 0,0 0,0 1,2
LEAF 13,1 0,0 6,0 0,0 0,0 0,0 0,0 0,0 1,0 3,0
LEAF 13,1 0,0 6,0 0,0 0,0 0,0 0,0 0,0 3,0 1,0
LEAF 13,1 0,0 6,0 0,0 0,0 0,0 0,0 0,0 1,2 0,0
LEAF 13,1 0,0 6,0 0,0 0,0 0,0 0,0 1,0 0,0 3,0
LEAF 13,1 0,0 6,0 0,0 0,0 0,0 0,0 3,0 0,0 1,0
LEAF 13,1 0,0 6,0 0,0 0,0 0,0 0,0 3,0 1,0 0,0
LEAF 13,1 0,0 6,0 0,0 0,0 0,0 0,0 1,2 0,0 0,0
LEAF 13,1 0,0 6,0 0,0 0,0 0,0 1,0 0,0 0,0 3,0
LEAF 13,1 0,0 6,0 0,0 0,0 0,0 1,0 3,0 0,0 0,0
LEAF 13,1 0,0 6,0 0,0 0,0 0,0 3,0 0,0 0,0 1,0
LEAF 13,1 0,0 6,0 0,0 0,0 0,0 1,2 0,0 0,0 0,0
LEAF 13,1 0,0 6,0 0,0 0,0 1,0 0,0 0,0 0,0 3,0
LEAF 13,1 0,0 6,0 0,0 0,0 1,0 0,0 0,0 3,0 0,0
LEAF 13,1 0,0 6,0 0,0 0,0 1,0 0,0 3,0 0,0 0,0
LEAF 13,1 0,0 6,0 0,0 0,0 1,0 3,0 0,0 0,0 0,0
LEAF 13,1 0,0 6,0 0,0 0,0 3,0 0,0 0,0 0,0 1,0
LEAF 13,1 0,0 6,0 0,0 0,0 3,0 0,0 0,0 1,0 0,0
LEAF 13,1 0,0 6,0 0,0 0,0 3,0 0,0 1,0 0,0 0,0
LEAF 13,1 0,0 6,0 0,0 0,0 3,0 1,0 0,0 0,0 0,0
LEAF 13,1 0,0 6,0 0,0 0,0 1,2 0,0 0,0 0,0 0,0
LEAF 13,1 0,0 6,0 0,0 1,0 0,0 0,0 0,0 0,0 3,0
LEAF 13,1 0,0 6,0 0,0 1,0 0,0 0,0 3,0 0,0 0,0
LEAF 13,1 0,0 6,0 0,0 1,0 0,0 3,0 0,0 0,0 0,0
LEAF 13,1 0,0 6,0 0,0 3,0 0,0 0,0 0,0 0,0 1,0
LEAF 13,1 0,0 6,0 0,0 3,0 0,0 0,0 0,0 1,0 0,0
LEAF 13,1 0,0 6,0 0,0 3,0 0,0 0,0 1,0 0,0 0,0
LEAF 13,1 0,0 6,0 0,0 3,0 0,0 1,0 0,0 0,0 0,0
LEAF 13,1 0,0 6,0 0,0 3,0 1,0 0,0 0,0 0,0 0,0
LEAF 13,1 0,0 6,0 0,0 1,2 0,0 0,0 0,0 0,0 0,0
LEAF 13,1 0,0 6,0 1,0 0,0 0,0 0,0 0,0 0,0 3,0
LEAF 13,1 0,0 6,0 1,0 0,0 0,0 0,0 3,0 0,0 0,0
LEAF 13,1 0,0 6,0 1,0 0,0 0,0 3,0 0,0 0,0 0,0
LEAF 13,1 0,0 6,0 1,0 3,0 0,0 0,0 0,0 0,0 0,0
LEAF 13,1 0,0 6,0 3,0 0,0 0,0 0,0 0,0 0,0 1,0
LEAF 13,1 0,0 6,0 3,0 0,0 0,0 1,0 0,0 0,0 0,0
LEAF 13,1 0,0 6,0 1,2 0,0 0,0 0,0 0,0 0,0 0,0
LEAF 13,1 0,0 7,0 0,0 0,0 0,0 0,0 0,0 0,0 0,1
LEAF 13,1 0,0 7,0 0,0 0,0 0,0 0,0 0,0 0,1 0,0
LEAF 13,1 0,0 7,0 0,0 0,0 0,0 0,0 0,1 0,0 0,0
LEAF 13,1 0,0 7,0 0,0 0,0 0,0 0,1 0,0 0,0 0,0
LEAF 13,1 0,0 7,0 0,0 0,0 0,1 0,0 0,0 0,0 0,0
LEAF 13,1 0,0 0,1 0,0 0,0 0,0 0,0 0,0 0,0 7,0
LEAF 13,1 0,0 0,1 0,0 0,0 0,0 0,0 0,0 0,0 4,5
LEAF 13,1 0,0 0,1 0,0 0,0 0,0 0,0 0,0 1,0 0,6
LEAF 13,1 0,0 0,1 0,0 0,0 0,0 0,0 0,0 2,0 3,3
LEAF 13,1 0,0 0,1 0,0 0,0 0,0 0,0 0,0 3,0 7,2
LEAF 13,1 0,0 0,1 0,0 0,0 0,0 0,0 0,0 5,0 7,1
LEAF 13,1 0,0 0,1 0,0 0,0 0,0 0,0 0,0 7,0 0,0
LEAF 13,1 0,0 0,1 0,0 0,0 0,0 0,0 0,0 0,1 1,5
LEAF 13,1 0,0 0,1 0,0 0,0 0,0 0,0 0,0 1,1 4,2
LEAF 13,1 0,0 0,1 0,0 0,0 0,0 0,0 0,0 2,1 8,1
LEAF 13,1 0,0 0,1 0,0 0,0 0,0 0,0 0,0 2,1 0,5
LEAF 13,1 0,0 0,1 0,0 0,0 0,0 0,0 0,0 4,1 8,0
LEAF 13,1 0,0 0,1 0,0 0,0 0,0 0,0 0,0 5,1 0,2
LEAF 13,1 0,0 0,1 0,0 0,0 0,0 0,0 0,0 0,2 5,1
LEAF 13,1 0,0 0,1 0,0 0,0 0,0 0,0 0,0 1,2 9,0
LEAF 13,1 0,0 0,1 0,0 0,0 0,0 0,0 0,0 1,2 1,4
LEAF 13,1 0,0 0,1 0,0 0,0 0,0 0,0 0,0 4,2 1,1
LEAF 13,1 0,0 0,1 0,0 0,0 0,0 0,0 0,0 0,3 2,3
LEAF 13,1 0,0 0,1 0,0 0,0 0,0 0,0 0,0 2,3 0,3
LEAF 13,1 0,0 0,1 0,0 0,0 0,0 0,0 0,0 3,3 2,0
LEAF 13,1 0,0 0,1 0,0 0,0 0,0 0,0 0,0 1,4 1,2
LEAF 13,1 0,0 0,1 0,0 0,0 0,0 0,0 0,0 0,5 2,1
LEAF 13,1 0,0 0,1 0,0 0,0 0,0 0,0 0,0 1,5 0,1
LEAF 13,1 0,0 0,1 0,0 0,0 0,0 0,0 0,0 0,6 1,0
LEAF 13,1 0,0 0,1 0,0 0,0 0,0 0,0 1,0 0,0 0,6
LEAF 13,1 0,0 0,1 0,0 0,0 0,0 0,0 1,0 1,0 2,4
LEAF 13,1 0,0 0,1 0,0 0,0 0,0 0,0 2,0 0,0 3,3
LEAF 13,1 0,0 0,1 0,0 0,0 0,0 0,0 3,0 0,0 7,2
LEAF 13,1 0,0 0,1 0,0 0,0 0,0 0,0 3,0 1,0 9,0
LEAF 13,1 0,0 0,1 0,0 0,0 0,0 0,0 5,0 0,0 7,1
LEAF 13,1 0,0 0,1 0,0 0,0 0,0 0,0 0,1 0,0 1,5
LEAF 13,1 0,0 0,1 0,0 0,0 0,0 0,0 0,1 1,0 3,3
LEAF 13,1 0,0 0,1 0,0 0,0 0,0 0,0 1,1 0,0 4,2
LEAF 13,1 0,0 0,1 0,0 0,0 0,0 0,0 2,1 0,0 8,1
LEAF 13,1 0,0 0,1 0,0 0,0 0,0 0,0 2,1 0,0 0,5
LEAF 13,1 0,0 0,1 0,0 0,0 0,0 0,0 4,1 0,0 8,0
LEAF 13,1 0,0 0,1 0,0 0,0 0,0 0,0 5,1 0,0 0,2
LEAF 13,1 0,0 0,1 0,0 0,0 0,0 0,0 0,2 0,0 5,1
LEAF 13,1 0,0 0,1 0,0 0,0 0,0 0,0 1,2 0,0 9,0
LEAF 13,1 0,0 0,1 0,0 0,0 0,0 0,0 1,2 0,0 1,4
LEAF 13,1 0,0 0,1 0,0 0,0 0,0 0,0 4,2 0,0 1,1
LEAF 13,1 0,0 0,1 0,0 0,0 0,0 0,0 0,3 0,0 2,3
LEAF 13,1 0,0 0,1 0,0 0,0 0,0 0,0 2,3 0,0 0,3
LEAF 13,1 0,0 0,1 0,0 0,0 0,0 0,0 3,3 0,0 2,0
LEAF 13,1 0,0 0,1 0,0 0,0 0,0 0,0 3,3 1,0 0,1
LEAF 13,1 0,0 0,1 0,0 0,0 0,0 0,0 1,4 0,0 1,2
LEAF 13,1 0,0 0,1 0,0 0,0 0,0 0,0 2,4 1,0 1,0
LEAF 13,1 0,0 0,1 0,0 0,0 0,0 0,0 0,5 0,0 2,1
LEAF 13,1 0,0 0,1 0,0 0,0 0,0 0,0 1,5 0,0 0,1
LEAF 13,1 0,0 0,1 0,0 0,0 0,0 0,0 0,6 0,0 1,0
LEAF 13,1 0,0 0,1 0,0 0,0 0,0 1,0 0,0 0,0 0,6
LEAF 13,1 0,0 0,1 0,0 0,0 0,0 1,0 0,0 1,0 2,4
LEAF 13,1 0,0 0,1 0,0 0,0 0,0 1,0 1,0 0,0 2,4
LEAF 13,1 0,0 0,1 0,0 0,0 0,0 1,0 3,0 0,0 9,0
LEAF 13,1 0,0 0,1 0,0 0,0 0,0 1,0 0,1 0,0 3,3
LEAF 13,1 0,0 0,1 0,0 0,0 0,0 1,0 3,3 0,0 0,1
LEAF 13,1 0,0 0,1 0,0 0,0 0,0 1,0 2,4 0,0 1,0
LEAF 13,1 0,0 0,1 0,0 0,0 0,0 1,0 2,4 1,0 0,0
LEAF 13,1 0,0 0,1 0,0 0,0 0,0 2,0 0,0 0,0 3,3
LEAF 13,1 0,0 0,1 0,0 0,0 0,0 3,0 0,0 0,0 7,2
LEAF 13,1 0,0 0,1 0,0 0,0 0,0 5,0 0,0 0,0 7,1
LEAF 13,1 0,0 0,1 0,0 0,0 0,0 0,1 0,0 0,0 1,5
LEAF 13,1 0,0 0,1 0,0 0,0 0,0 1,1 0,0 0,0 4,2
LEAF 13,1 0,0 0,1 0,0 0,0 0,0 2,1 0,0 0,0 8,1
LEAF 13,1 0,0 0,1 0,0 0,0 0,0 2,1 0,0 0,0 0,5
LEAF 13,1 0,0 0,1 0,0 0,0 0,0 4,1 0,0 0,0 8,0
LEAF 13,1 0,0 0,1 0,0 0,0 0,0 5,1 0,0 0,0 0,2
LEAF 13,1 0,0 0,1 0,0 0,0 0,0 0,2 0,0 0,0 5,1
LEAF 13,1 0,0 0,1 0,0 0,0 0,0 1,2 0,0 0,0 9,0
LEAF 13,1 0,0 0,1 0,0 0,0 0,0 1,2 0,0 0,0 1,4
LEAF 13,1 0,0 0,1 0,0 0,0 0,0 4,2 0,0 0,0 1,1
LEAF 13,1 0,0 0,1 0,0 0,0 0,0 0,3 0,0 0,0 2,3
LEAF 13,1 0,0 0,1 0,0 0,0 0,0 2,3 0,0 0,0 0,3
LEAF 13,1 0,0 0,1 0,0 0,0 0,0 3,3 0,0 0,0 2,0
LEAF 13,1 0,0 0,1 0,0 0,0 0,0 1,4 0,0 0,0 1,2
LEAF 13,1 0,0 0,1 0,0 0,0 0,0 0,5 0,0 0,0 2,1
LEAF 13,1 0,0 0,1 0,0 0,0 0,0 1,5 0,0 0,0 0,1
LEAF 13,1 0,0 0,1 0,0 0,0 1,0 0,0 0,0 0,0 0,6
LEAF 13,1 0,0 0,1 0,0 0,0 1,0 0,0 0,0 1,0 2,4
LEAF 13,1 0,0 0,1 0,0 0,0 1,0 0,0 0,0 3,0 9,0
LEAF 13,1 0,0 0,1 0,0 0,0 1,0 0,0 0,0 0,1 3,3
LEAF 13,1 0,0 0,1 0,0 0,0 1,0 0,0 0,0 3,3 0,1
LEAF 13,1 0,0 0,1 0,0 0,0 1,0 0,0 0,0 2,4 1,0
LEAF 13,1 0,0 0,1 0,0 0,0 1,0 0,0 0,0 0,6 0,0
LEAF 13,1 0,0 0,1 0,0 0,0 1,0 0,0 1,0 0,0 2,4
LEAF 13,1 0,0 0,1 0,0 0,0 1,0 0,0 3,0 0,0 9,0
LEAF 13,1 0,0 0,1 0,0 0,0 1,0 0,0 0,1 0,0 3,3
LEAF 13,1 0,0 0,1 0,0 0,0 1,0 0,0 3,3 0,0 0,1
LEAF 13,1 0,0 0,1 0,0 0,0 1,0 0,0 2,4 0,0 1,0
LEAF 13,1 0,0 0,1 0,0 0,0 1,0 0,0 2,4 1,0 0,0
LEAF 13,1 0,0 0,1 0,0 0,0 1,0 0,0 0,6 0,0 0,0
LEAF 13,1 0,0 0,1 0,0 0,0 1,0 1,0 0,0 0,0 2,4
LEAF 13,1 0,0 0,1 0,0 0,0 1,0 1,0 2,4 0,0 0,0
LEAF 13,1 0,0 0,1 0,0 0,0 1,0 3,0 0,0 0,0 9,0
LEAF 13,1 0,0 0,1 0,0 0,0 1,0 0,1 0,0 0,0 3,3
LEAF 13,1 0,0 0,1 0,0 0,0 1,0 3,3 0,0 0,0 0,1
LEAF 13,1 0,0 0,1 0,0 0,0 1,0 2,4 0,0 0,0 1,0
LEAF 13,1 0,0 0,1 0,0 0,0 2,0 0,0 0,0 0,0 3,3
LEAF 13,1 0,0 0,1 0,0 0,0 2,0 0,0 0,0 2,0 8,1
LEAF 13,1 0,0 0,1 0,0 0,0 2,0 0,0 0,0 1,1 9,0
LEAF 13,1 0,0 0,1 0,0 0,0 2,0 0,0 0,0 3,3 0,0
LEAF 13,1 0,0 0,1 0,0 0,0 2,0 0,0 2,0 0,0 8,1
LEAF 13,1 0,0 0,1 0,0 0,0 2,0 0,0 1,1 0,0 9,0
LEAF 13,1 0,0 0,1 0,0 0,0 2,0 0,0 3,3 0,0 0,0
LEAF 13,1 0,0 0,1 0,0 0,0 2,0 2,0 0,0 0,0 8,1
LEAF 13,1 0,0 0,1 0,0 0,0 2,0 1,1 0,0 0,0 9,0
LEAF 13,1 0,0 0,1 0,0 0,0 3,0 0,0 0,0 0,0 7,2
LEAF 13,1 0,0 0,1 0,0 0,0 3,0 0,0 0,0 1,0 9,0
LEAF 13,1 0,0 0,1 0,0 0,0 3,0 0,0 1,0 0,0 9,0
LEAF 13,1 0,0 0,1 0,0 0,0 3,0 1,0 0,0 0,0 9,0
LEAF 13,1 0,0 0,1 0,0 0,0 5,0 0,0 0,0 0,0 7,1
LEAF 13,1 0,0 0,1 0,0 0,0 0,1 0,0 0,0 0,0 1,5
LEAF 13,1 0,0 0,1 0,0 0,0 0,1 0,0 0,0 1,0 3,3
LEAF 13,1 0,0 0,1 0,0 0,0 0,1 0,0 0,0 0,1 4,2
LEAF 13,1 0,0 0,1 0,0 0,0 0,1 0,0 0,0 4,2 0,1
LEAF 13,1 0,0 0,1 0,0 0,0 0,1 0,0 0,0 3,3 1,0
LEAF 13,1 0,0 0,1 0,0 0,0 0,1 0,0 0,0 1,5 0,0
LEAF 13,1 0,0 0,1 0,0 0,0 0,1 0,0 1,0 0,0 3,3
LEAF 13,1 0,0 0,1 0,0 0,0 0,1 0,0 0,1 0,0 4,2
LEAF 13,1 0,0 0,1 0,0 0,0 0,1 0,0 4,2 0,0 0,1
LEAF 13,1 0,0 0,1 0,0 0,0 0,1 0,0 3,3 0,0 1,0
LEAF 13,1 0,0 0,1 0,0 0,0 0,1 0,0 3,3 1,0 0,0
LEAF 13,1 0,0 0,1 0,0 0,0 0,1 0,0 1,5 0,0 0,0
LEAF 13,1 0,0 0,1 0,0 0,0 0,1 1,0 0,0 0,0 3,3
LEAF 13,1 0,0 0,1 0,0 0,0 0,1 1,0 3,3 0,0 0,0
LEAF 13,1 0,0 0,1 0,0 0,0 0,1 0,1 0,0 0,0 4,2
LEAF 13,1 0,0 0,1 0,0 0,0 0,1 4,2 0,0 0,0 0,1
LEAF 13,1 0,0 0,1 0,0 0,0 0,1 3,3 0,0 0,0 1,0
LEAF 13,1 0,0 0,1 0,0 0,0 1,1 0,0 0,0 0,0 4,2
LEAF 13,1 0,0 0,1 0,0 0,0 1,1 0,0 0,0 2,0 9,0
LEAF 13,1 0,0 0,1 0,0 0,0 1,1 0,0 0,0 4,2 0,0
LEAF 13,1 0,0 0,1 0,0 0,0 1,1 0,0 2,0 0,0 9,0
LEAF 13,1 0,0 0,1 0,0 0,0 1,1 0,0 4,2 0,0 0,0
LEAF 13,1 0,0 0,1 0,0 0,0 1,1 2,0 0,0 0,0 9,0
LEAF 13,1 0,0 0,1 0,0 0,0 1,1 4,2 0,0 0,0 0,0
LEAF 13,1 0,0 0,1 0,0 0,0 2,1 0,0 0,0 0,0 8,1
LEAF 13,1 0,0 0,1 0,0 0,0 2,1 0,0 0,0 0,0 0,5
LEAF 13,1 0,0 0,1 0,0 0,0 2,1 0,0 0,0 0,5 0,0
LEAF 13,1 0,0 0,1 0,0 0,0 2,1 0,0 0,5 0,0 0,0
LEAF 13,1 0,0 0,1 0,0 0,0 2,1 0,5 0,0 0,0 0,0
LEAF 13,1 0,0 0,1 0,0 0,0 4,1 0,0 0,0 0,0 8,0
LEAF 13,1 0,0 0,1 0,0 0,0 5,1 0,0 0,0 0,0 0,2
LEAF 13,1 0,0 0,1 0,0 0,0 5,1 0,0 0,0 0,2 0,0
LEAF 13,1 0,0 0,1 0,0 0,0 5,1 0,0 0,2 0,0 0,0
LEAF 13,1 0,0 0,1 0,0 0,0 5,1 0,2 0,0 0,0 0,0
LEAF 13,1 0,0 0,1 0,0 0,0 0,2 0,0 0,0 0,0 5,1
LEAF 13,1 0,0 0,1 0,0 0,0 0,2 0,0 0,0 5,1 0,0
LEAF 13,1 0,0 0,1 0,0 0,0 0,2 0,0 5,1 0,0 0,0
LEAF 13,1 0,0 0,1 0,0 0,0 0,2 5,1 0,0 0,0 0,0
LEAF 13,1 0,0 0,1 0,0 0,0 1,2 0,0 0,0 0,0 9,0
LEAF 13,1 0,0 0,1 0,0 0,0 1,2 0,0 0,0 0,0 1,4
LEAF 13,1 0,0 0,1 0,0 0,0 1,2 0,0 0,0 1,4 0,0
LEAF 13,1 0,0 0,1 0,0 0,0 1,2 0,0 1,4 0,0 0,0
LEAF 13,1 0,0 0,1 0,0 0,0 1,2 1,4 0,0 0,0 0,0
LEAF 13,1 0,0 0,1 0,0 0,0 4,2 0,0 0,0 0,0 1,1
LEAF 13,1 0,0 0,1 0,0 0,0 4,2 0,0 0,0 0,1 0,1
LEAF 13,1 0,0 0,1 0,0 0,0 4,2 0,0 0,0 1,1 0,0
LEAF 13,1 0,0 0,1 0,0 0,0 4,2 0,0 0,1 0,0 0,1
LEAF 13,1 0,0 0,1 0,0 0,0 4,2 0,0 1,1 0,0 0,0
LEAF 13,1 0,0 0,1 0,0 0,0 4,2 0,1 0,0 0,0 0,1
LEAF 13,1 0,0 0,1 0,0 0,0 4,2 1,1 0,0 0,0 0,0
LEAF 13,1 0,0 0,1 0,0 0,0 0,3 0,0 0,0 0,0 2,3
LEAF 13,1 0,0 0,1 0,0 0,0 0,3 0,0 0,0 2,3 0,0
LEAF 13,1 0,0 0,1 0,0 0,0 0,3 0,0 2,3 0,0 0,0
LEAF 13,1 0,0 0,1 0,0 0,0 0,3 2,3 0,0 0,0 0,0
LEAF 13,1 0,0 0,1 0,0 0,0 2,3 0,0 0,0 0,0 0,3
LEAF 13,1 0,0 0,1 0,0 0,0 2,3 0,0 0,0 0,3 0,0
LEAF 13,1 0,0 0,1 0,0 0,0 2,3 0,0 0,3 0,0 0,0
LEAF 13,1 0,0 0,1 0,0 0,0 2,3 0,3 0,0 0,0 0,0
LEAF 13,1 0,0 0,1 0,0 0,0 3,3 0,0 0,0 0,0 2,0
LEAF 13,1 0,0 0,1 0,0 0,0 3,3 0,0 0,0 1,0 0,1
LEAF 13,1 0,0 0,1 0,0 0,0 3,3 0,0 0,0 2,0 0,0
LEAF 13,1 0,0 0,1 0,0 0,0 3,3 0,0 0,0 0,1 1,0
LEAF 13,1 0,0 0,1 0,0 0,0 3,3 0,0 1,0 0,0 0,1
LEAF 13,1 0,0 0,1 0,0 0,0 3,3 0,0 2,0 0,0 0,0
LEAF 13,1 0,0 0,1 0,0 0,0 3,3 0,0 0,1 0,0 1,0
LEAF 13,1 0,0 0,1 0,0 0,0 3,3 0,0 0,1 1,0 0,0
LEAF 13,1 0,0 0,1 0,0 0,0 3,3 1,0 0,0 0,0 0,1
LEAF 13,1 0,0 0,1 0,0 0,0 3,3 1,0 0,1 0,0 0,0
LEAF 13,1 0,0 0,1 0,0 0,0 3,3 0,1 0,0 0,0 1,0
LEAF 13,1 0,0 0,1 0,0 0,0 1,4 0,0 0,0 0,0 1,2
LEAF 13,1 0,0 0,1 0,0 0,0 1,4 0,0 0,0 1,2 0,0
LEAF 13,1 0,0 0,1 0,0 0,0 1,4 0,0 1,2 0,0 0,0
LEAF 13,1 0,0 0,1 0,0 0,0 1,4 1,2 0,0 0,0 0,0
LEAF 13,1 0,0 0,1 0,0 0,0 2,4 0,0 0,0 1,0 1,0
LEAF 13,1 0,0 0,1 0,0 0,0 2,4 0,0 1,0 0,0 1,0
LEAF 13,1 0,0 0,1 0,0 0,0 2,4 0,0 1,0 1,0 0,0
LEAF 13,1 0,0 0,1 0,0 0,0 2,4 1,0 0,0 0,0 1,0
LEAF 13,1 0,0 0,1 0,0 0,0 2,4 1,0 0,0 1,0 0,0
LEAF 13,1 0,0 0,1 0,0 0,0 2,4 1,0 1,0 0,0 0,0
LEAF 13,1 0,0 0,1 0,0 0,0 0,5 0,0 0,0 0,0 2,1
LEAF 13,1 0,0 0,1 0,0 0,0 0,5 0,0 0,0 2,1 0,0
LEAF 13,1 0,0 0,1 0,0 0,0 0,5 0,0 2,1 0,0 0,0
LEAF 13,1 0,0 0,1 0,0 0,0 0,5 2,1 0,0 0,0 0,0
LEAF 13,1 0,0 0,1 0,0 0,0 1,5 0,0 0,0 0,0 0,1
LEAF 13,1 0,0 0,1 0,0 0,0 1,5 0,0 0,0 0,1 0,0
LEAF 13,1 0,0 0,1 0,0 0,0 1,5 0,0 0,1 0,0 0,0
LEAF 13,1 0,0 0,1 0,0 1,0 0,0 0,0 0,0 0,0 0,6
LEAF 13,1 0,0 0,1 0,0 1,0 0,0 0,0 0,0 1,0 2,4
LEAF 13,1 0,0 0,1 0,0 1,0 0,0 0,0 1,0 0,0 2,4
LEAF 13,1 0,0 0,1 0,0 1,0 0,0 0,0 3,0 0,0 9,0
LEAF 13,1 0,0 0,1 0,0 1,0 0,0 0,0 0,1 0,0 3,3
LEAF 13,1 0,0 0,1 0,0 1,0 0,0 0,0 3,3 0,0 0,1
LEAF 13,1 0,0 0,1 0,0 1,0 0,0 0,0 2,4 0,0 1,0
LEAF 13,1 0,0 0,1 0,0 1,0 0,0 0,0 2,4 1,0 0,0
LEAF 13,1 0,0 0,1 0,0 1,0 0,0 0,0 0,6 0,0 0,0
LEAF 13,1 0,0 0,1 0,0 1,0 0,0 1,0 0,0 0,0 2,4
LEAF 13,1 0,0 0,1 0,0 1,0 0,0 3,0 0,0 0,0 9,0
LEAF 13,1 0,0 0,1 0,0 1,0 0,0 0,1 0,0 0,0 3,3
LEAF 13,1 0,0 0,1 0,0 1,0 0,0 3,3 0,0 0,0 0,1
LEAF 13,1 0,0 0,1 0,0 1,0 0,0 2,4 0,0 0,0 1,0
LEAF 13,1 0,0 0,1 0,0 1,0 1,0 0,0 0,0 0,0 2,4
LEAF 13,1 0,0 0,1 0,0 1,0 1,0 0,0 2,4 0,0 0,0
LEAF 13,1 0,0 0,1 0,0 1,0 1,0 2,4 0,0 0,0 0,0
LEAF 13,1 0,0 0,1 0,0 2,0 0,0 0,0 0,0 0,0 3,3
LEAF 13,1 0,0 0,1 0,0 2,0 0,0 0,0 2,0 0,0 8,1
LEAF 13,1 0,0 0,1 0,0 2,0 0,0 0,0 1,1 0,0 9,0
LEAF 13,1 0,0 0,1 0,0 2,0 0,0 0,0 3,3 0,0 0,0
LEAF 13,1 0,0 0,1 0,0 2,0 0,0 2,0 0,0 0,0 8,1
LEAF 13,1 0,0 0,1 0,0 2,0 0,0 1,1 0,0 0,0 9,0
LEAF 13,1 0,0 0,1 0,0 2,0 0,0 3,3 0,0 0,0 0,0
LEAF 13,1 0,0 0,1 0,0 3,0 0,0 0,0 0,0 0,0 7,2
LEAF 13,1 0,0 0,1 0,0 3,0 0,0 0,0 0,0 1,0 9,0
LEAF 13,1 0,0 0,1 0,0 3,0 0,0 0,0 1,0 0,0 9,0
LEAF 13,1 0,0 0,1 0,0 3,0 0,0 1,0 0,0 0,0 9,0
LEAF 13,1 0,0 0,1 0,0 3,0 1,0 0,0 0,0 0,0 9,0
LEAF 13,1 0,0 0,1 0,0 5,0 0,0 0,0 0,0 0,0 7,1
LEAF 13,1 0,0 0,1 0,0 0,1 0,0 0,0 0,0 0,0 1,5
LEAF 13,1 0,0 0,1 0,0 0,1 0,0 0,0 0,0 1,0 3,3
LEAF 13,1 0,0 0,1 0,0 0,1 0,0 0,0 1,0 0,0 3,3
LEAF 13,1 0,0 0,1 0,0 0,1 0,0 0,0 0,1 0,0 4,2
LEAF 13,1 0,0 0,1 0,0 0,1 0,0 0,0 4,2 0,0 0,1
LEAF 13,1 0,0 0,1 0,0 0,1 0,0 0,0 3,3 0,0 1,0
LEAF 13,1 0,0 0,1 0,0 0,1 0,0 0,0 3,3 1,0 0,0
LEAF 13,1 0,0 0,1 0,0 0,1 0,0 0,0 1,5 0,0 0,0
LEAF 13,1 0,0 0,1 0,0 0,1 0,0 1,0 0,0 0,0 3,3
LEAF 13,1 0,0 0,1 0,0 0,1 0,0 0,1 0,0 0,0 4,2
LEAF 13,1 0,0 0,1 0,0 0,1 0,0 4,2 0,0 0,0 0,1
LEAF 13,1 0,0 0,1 0,0 0,1 0,0 3,3 0,0 0,0 1,0
LEAF 13,1 0,0 0,1 0,0 0,1 0,0 1,5 0,0 0,0 0,0
LEAF 13,1 0,0 0,1 0,0 0,1 1,0 0,0 0,0 0,0 3,3
LEAF 13,1 0,0 0,1 0,0 0,1 1,0 3,3 0,0 0,0 0,0
LEAF 13,1 0,0 0,1 0,0 1,1 0,0 0,0 0,0 0,0 4,2
LEAF 13,1 0,0 0,1 0,0 1,1 0,0 0,0 2,0 0,0 9,0
LEAF 13,1 0,0 0,1 0,0 1,1 0,0 0,0 4,2 0,0 0,0
LEAF 13,1 0,0 0,1 0,0 1,1 0,0 2,0 0,0 0,0 9,0
LEAF 13,1 0,0 0,1 0,0 1,1 0,0 4,2 0,0 0,0 0,0
LEAF 13,1 0,0 0,1 0,0 2,1 0,0 0,0 0,0 0,0 8,1
LEAF 13,1 0,0 0,1 0,0 2,1 0,0 0,0 0,0 0,0 0,5
LEAF 13,1 0,0 0,1 0,0 2,1 0,0 0,0 0,5 0,0 0,0
LEAF 13,1 0,0 0,1 0,0 2,1 0,0 0,5 0,0 0,0 0,0
LEAF 13,1 0,0 0,1 0,0 4,1 0,0 0,0 0,0 0,0 8,0
LEAF 13,1 0,0 0,1 0,0 5,1 0,0 0,0 0,0 0,0 0,2
LEAF 13,1 0,0 0,1 0,0 5,1 0,0 0,0 0,2 0,0 0,0
LEAF 13,1 0,0 0,1 0,0 5,1 0,0 0,2 0,0 0,0 0,0
LEAF 13,1 0,0 0,1 0,0 0,2 0,0 0,0 0,0 0,0 5,1
LEAF 13,1 0,0 0,1 0,0 0,2 0,0 0,0 5,1 0,0 0,0
LEAF 13,1 0,0 0,1 0,0 0,2 0,0 5,1 0,0 0,0 0,0
LEAF 13,1 0,0 0,1 0,0 1,2 0,0 0,0 0,0 0,0 9,0
LEAF 13,1 0,0 0,1 0,0 1,2 0,0 0,0 0,0 0,0 1,4
LEAF 13,1 0,0 0,1 0,0 1,2 0,0 0,0 1,4 0,0 0,0
LEAF 13,1 0,0 0,1 0,0 1,2 0,0 1,4 0,0 0,0 0,0
LEAF 13,1 0,0 0,1 0,0 4,2 0,0 0,0 0,0 0,0 1,1
LEAF 13,1 0,0 0,1 0,0 4,2 0,0 0,0 0,1 0,0 0,1
LEAF 13,1 0,0 0,1 0,0 4,2 0,0 0,0 1,1 0,0 0,0
LEAF 13,1 0,0 0,1 0,0 4,2 0,0 0,1 0,0 0,0 0,1
LEAF 13,1 0,0 0,1 0,0 4,2 0,0 1,1 0,0 0,0 0,0
LEAF 13,1 0,0 0,1 0,0 0,3 0,0 0,0 0,0 0,0 2,3
LEAF 13,1 0,0 0,1 0,0 0,3 0,0 0,0 2,3 0,0 0,0
LEAF 13,1 0,0 0,1 0,0 0,3 0,0 2,3 0,0 0,0 0,0
LEAF 13,1 0,0 0,1 0,0 2,3 0,0 0,0 0,0 0,0 0,3
LEAF 13,1 0,0 0,1 0,0 2,3 0,0 0,0 0,3 0,0 0,0
LEAF 13,1 0,0 0,1 0,0 2,3 0,0 0,3 0,0 0,0 0,0
LEAF 13,1 0,0 0,1 0,0 3,3 0,0 0,0 0,0 0,0 2,0
LEAF 13,1 0,0 0,1 0,0 3,3 0,0 0,0 0,0 1,0 0,1
LEAF 13,1 0,0 0,1 0,0 3,3 0,0 0,0 1,0 0,0 0,1
LEAF 13,1 0,0 0,1 0,0 3,3 0,0 0,0 2,0 0,0 0,0
LEAF 13,1 0,0 0,1 0,0 3,3 0,0 0,0 0,1 0,0 1,0
LEAF 13,1 0,0 0,1 0,0 3,3 0,0 0,0 0,1 1,0 0,0
LEAF 13,1 0,0 0,1 0,0 3,3 0,0 1,0 0,0 0,0 0,1
LEAF 13,1 0,0 0,1 0,0 3,3 0,0 2,0 0,0 0,0 0,0
LEAF 13,1 0,0 0,1 0,0 3,3 0,0 0,1 0,0 0,0 1,0
LEAF 13,1 0,0 0,1 0,0 3,3 1,0 0,0 0,0 0,0 0,1
LEAF 13,1 0,0 0,1 0,0 3,3 1,0 0,1 0,0 0,0 0,0
LEAF 13,1 0,0 0,1 0,0 1,4 0,0 0,0 0,0 0,0 1,2
LEAF 13,1 0,0 0,1 0,0 1,4 0,0 0,0 1,2 0,0 0,0
LEAF 13,1 0,0 0,1 0,0 1,4 0,0 1,2 0,0 0,0 0,0
LEAF 13,1 0,0 0,1 0,0 2,4 0,0 0,0 0,0 1,0 1,0
LEAF 13,1 0,0 0,1 0,0 2,4 0,0 0,0 1,0 0,0 1,0
LEAF 13,1 0,0 0,1 0,0 2,4 0,0 0,0 1,0 1,0 0,0
LEAF 13,1 0,0 0,1 0,0 2,4 0,0 1,0 0,0 0,0 1,0
LEAF 13,1 0,0 0,1 0,0 2,4 0,0 1,0 1,0 0,0 0,0
LEAF 13,1 0,0 0,1 0,0 2,4 1,0 0,0 0,0 0,0 1,0
LEAF 13,1 0,0 0,1 0,0 0,5 0,0 0,0 0,0 0,0 2,1
LEAF 13,1 0,0 0,1 0,0 0,5 0,0 0,0 2,1 0,0 0,0
LEAF 13,1 0,0 0,1 0,0 0,5 0,0 2,1 0,0 0,0 0,0
LEAF 13,1 0,0 0,1 0,0 1,5 0,0 0,0 0,0 0,0 0,1
LEAF 13,1 0,0 0,1 0,0 1,5 0,0 0,0 0,1 0,0 0,0
LEAF 13,1 0,0 0,1 0,0 1,5 0,0 0,1 0,0 0,0 0,0
LEAF 13,1 0,0 0,1 1,0 0,0 0,0 0,0 0,0 0,0 0,6
LEAF 13,1 0,0 0,1 1,0 0,0 0,0 0,0 0,0 1,0 2,4
LEAF 13,1 0,0 0,1 1,0 0,0 0,0 0,0 1,0 0,0 2,4
LEAF 13,1 0,0 0,1 1,0 0,0 0,0 0,0 3,0 0,0 9,0
LEAF 13,1 0,0 0,1 1,0 0,0 0,0 0,0 0,1 0,0 3,3
LEAF 13,1 0,0 0,1 1,0 0,0 0,0 0,0 3,3 0,0 0,1
LEAF 13,1 0,0 0,1 1,0 0,0 0,0 0,0 2,4 0,0 1,0
LEAF 13,1 0,0 0,1 1,0 0,0 0,0 0,0 2,4 1,0 0,0
LEAF 13,1 0,0 0,1 1,0 0,0 0,0 0,0 0,6 0,0 0,0
LEAF 13,1 0,0 0,1 1,0 0,0 0,0 1,0 0,0 0,0 2,4
LEAF 13,1 0,0 0,1 1,0 0,0 0,0 3,0 0,0 0,0 9,0
LEAF 13,1 0,0 0,1 1,0 0,0 0,0 0,1 0,0 0,0 3,3
LEAF 13,1 0,0 0,1 1,0 0,0 0,0 3,3 0,0 0,0 0,1
LEAF 13,1 0,0 0,1 1,0 0,0 0,0 2,4 0,0 0,0 1,0
LEAF 13,1 0,0 0,1 1,0 0,0 1,0 0,0 0,0 0,0 2,4
LEAF 13,1 0,0 0,1 1,0 0,0 1,0 2,4 0,0 0,0 0,0
LEAF 13,1 0,0 0,1 1,0 1,0 0,0 0,0 0,0 0,0 2,4
LEAF 13,1 0,0 0,1 1,0 1,0 0,0 0,0 2,4 0,0 0,0
LEAF 13,1 0,0 0,1 1,0 1,0 0,0 2,4 0,0 0,0 0,0
LEAF 13,1 0,0 0,1 1,0 3,0 0,0 0,0 0,0 0,0 9,0
LEAF 13,1 0,0 0,1 1,0 0,1 0,0 0,0 0,0 0,0 3,3
LEAF 13,1 0,0 0,1 1,0 0,1 0,0 0,0 3,3 0,0 0,0
LEAF 13,1 0,0 0,1 1,0 0,1 0,0 3,3 0,0 0,0 0,0
LEAF 13,1 0,0 0,1 1,0 3,3 0,0 0,0 0,0 0,0 0,1
LEAF 13,1 0,0 0,1 1,0 3,3 0,0 0,0 0,1 0,0 0,0
LEAF 13,1 0,0 0,1 1,0 3,3 0,0 0,1 0,0 0,0 0,0
LEAF 13,1 0,0 0,1 1,0 2,4 0,0 0,0 0,0 0,0 1,0
LEAF 13,1 0,0 0,1 1,0 2,4 0,0 0,0 0,0 1,0 0,0
LEAF 13,1 0,0 0,1 1,0 2,4 0,0 0,0 1,0 0,0 0,0
LEAF 13,1 0,0 0,1 2,0 0,0 0,0 0,0 0,0 0,0 3,3
LEAF 13,1 0,0 0,1 2,0 0,0 0,0 2,0 0,0 0,0 8,1
LEAF 13,1 0,0 0,1 2,0 0,0 0,0 1,1 0,0 0,0 9,0
LEAF 13,1 0,0 0,1 2,0 0,0 0,0 3,3 0,0 0,0 0,0
LEAF 13,1 0,0 0,1 3,0 0,0 0,0 0,0 0,0 0,0 7,2
LEAF 13,1 0,0 0,1 3,0 0,0 0,0 1,0 0,0 0,0 9,0
LEAF 13,1 0,0 0,1 5,0 0,0 0,0 0,0 0,0 0,0 7,1
LEAF 13,1 0,0 0,1 0,1 0,0 0,0 0,0 0,0 0,0 1,5
LEAF 13,1 0,0 0,1 0,1 0,0 0,0 1,0 0,0 0,0 3,3
LEAF 13,1 0,0 0,1 0,1 0,0 0,0 0,1 0,0 0,0 4,2
LEAF 13,1 0,0 0,1 0,1 0,0 0,0 4,2 0,0 0,0 0,1
LEAF 13,1 0,0 0,1 0,1 0,0 0,0 3,3 0,0 0,0 1,0
LEAF 13,1 0,0 0,1 0,1 0,0 0,0 1,5 0,0 0,0 0,0
LEAF 13,1 0,0 0,1 1,1 0,0 0,0 0,0 0,0 0,0 4,2
LEAF 13,1 0,0 0,1 1,1 0,0 0,0 2,0 0,0 0,0 9,0
LEAF 13,1 0,0 0,1 1,1 0,0 0,0 4,2 0,0 0,0 0,0
LEAF 13,1 0,0 0,1 2,1 0,0 0,0 0,0 0,0 0,0 8,1
LEAF 13,1 0,0 0,1 2,1 0,0 0,0 0,0 0,0 0,0 0,5
LEAF 13,1 0,0 0,1 2,1 0,0 0,0 0,5 0,0 0,0 0,0
LEAF 13,1 0,0 0,1 4,1 0,0 0,0 0,0 0,0 0,0 8,0
LEAF 13,1 0,0 0,1 5,1 0,0 0,0 0,0 0,0 0,0 0,2
LEAF 13,1 0,0 0,1 5,1 0,0 0,0 0,2 0,0 0,0 0,0
LEAF 13,1 0,0 0,1 0,2 0,0 0,0 0,0 0,0 0,0 5,1
LEAF 13,1 0,0 0,1 0,2 0,0 0,0 5,1 0,0 0,0 0,0
LEAF 13,1 0,0 0,1 1,2 0,0 0,0 0,0 0,0 0,0 9,0
LEAF 13,1 0,0 0,1 1,2 0,0 0,0 0,0 0,0 0,0 1,4
LEAF 13,1 0,0 0,1 1,2 0,0 0,0 1,4 0,0 0,0 0,0
LEAF 13,1 0,0 0,1 4,2 0,0 0,0 0,0 0,0 0,0 1,1
LEAF 13,1 0,0 0,1 4,2 0,0 0,0 0,1 0,0 0,0 0,1
LEAF 13,1 0,0 0,1 4,2 0,0 0,0 1,1 0,0 0,0 0,0
LEAF 13,1 0,0 0,1 0,3 0,0 0,0 0,0 0,0 0,0 2,3
LEAF 13,1 0,0 0,1 0,3 0,0 0,0 2,3 0,0 0,0 0,0
LEAF 13,1 0,0 0,1 2,3 0,0 0,0 0,0 0,0 0,0 0,3
LEAF 13,1 0,0 0,1 2,3 0,0 0,0 0,3 0,0 0,0 0,0
LEAF 13,1 0,0 0,1 3,3 0,0 0,0 0,0 0,0 0,0 2,0
LEAF 13,1 0,0 0,1 3,3 0,0 0,0 1,0 0,0 0,0 0,1
LEAF 13,1 0,0 0,1 3,3 0,0 0,0 2,0 0,0 0,0 0,0
LEAF 13,1 0,0 0,1 3,3 0,0 0,0 0,1 0,0 0,0 1,0
LEAF 13,1 0,0 0,1 1,4 0,0 0,0 0,0 0,0 0,0 1,2
LEAF 13,1 0,0 0,1 1,4 0,0 0,0 1,2 0,0 0,0 0,0
LEAF 13,1 0,0 0,1 2,4 0,0 0,0 1,0 0,0 0,0 1,0
LEAF 13,1 0,0 0,1 0,5 0,0 0,0 0,0 0,0 0,0 2,1
LEAF 13,1 0,0 0,1 0,5 0,0 0,0 2,1 0,0 0,0 0,0
LEAF 13,1 0,0 1,1 0,0 0,0 0,0 0,0 0,0 0,0 1,5
LEAF 13,1 0,0 1,1 0,0 0,0 0,0 0,0 0,0 1,0 3,3
LEAF 13,1 0,0 1,1 0,0 0,0 0,0 0,0 0,0 0,1 4,2
LEAF 13,1 0,0 1,1 0,0 0,0 0,0 0,0 0,0 4,2 0,1
LEAF 13,1 0,0 1,1 0,0 0,0 0,0 0,0 0,0 3,3 1,0
LEAF 13,1 0,0 1,1 0,0 0,0 0,0 0,0 0,0 1,5 0,0
LEAF 13,1 0,0 1,1 0,0 0,0 0,0 0,0 1,0 0,0 3,3
LEAF 13,1 0,0 1,1 0,0 0,0 0,0 0,0 1,0 2,0 8,1
LEAF 13,1 0,0 1,1 0,0 0,0 0,0 0,0 2,0 1,0 8,1
LEAF 13,1 0,0 1,1 0,0 0,0 0,0 0,0 0,1 0,0 4,2
LEAF 13,1 0,0 1,1 0,0 0,0 0,0 0,0 1,1 1,0 9,0
LEAF 13,1 0,0 1,1 0,0 0,0 0,0 0,0 4,2 0,0 0,1
LEAF 13,1 0,0 1,1 0,0 0,0 0,0 0,0 3,3 0,0 1,0
LEAF 13,1 0,0 1,1 0,0 0,0 0,0 0,0 3,3 1,0 0,0
LEAF 13,1 0,0 1,1 0,0 0,0 0,0 0,0 1,5 0,0 0,0
LEAF 13,1 0,0 1,1 0,0 0,0 0,0 1,0 0,0 0,0 3,3
LEAF 13,1 0,0 1,1 0,0 0,0 0,0 1,0 2,0 0,0 8,1
LEAF 13,1 0,0 1,1 0,0 0,0 0,0 1,0 1,1 0,0 9,0
LEAF 13,1 0,0 1,1 0,0 0,0 0,0 1,0 3,3 0,0 0,0
LEAF 13,1 0,0 1,1 0,0 0,0 0,0 2,0 1,0 0,0 8,1
LEAF 13,1 0,0 1,1 0,0 0,0 0,0 0,1 0,0 0,0 4,2
LEAF 13,1 0,0 1,1 0,0 0,0 0,0 4,2 0,0 0,0 0,1
LEAF 13,1 0,0 1,1 0,0 0,0 0,0 3,3 0,0 0,0 1,0
LEAF 13,1 0,0 1,1 0,0 0,0 0,0 1,5 0,0 0,0 0,0
LEAF 13,1 0,0 1,1 0,0 0,0 1,0 0,0 0,0 0,0 3,3
LEAF 13,1 0,0 1,1 0,0 0,0 1,0 0,0 0,0 2,0 8,1
LEAF 13,1 0,0 1,1 0,0 0,0 1,0 0,0 0,0 1,1 9,0
LEAF 13,1 0,0 1,1 0,0 0,0 1,0 0,0 0,0 3,3 0,0
LEAF 13,1 0,0 1,1 0,0 0,0 1,0 0,0 2,0 0,0 8,1
LEAF 13,1 0,0 1,1 0,0 0,0 1,0 0,0 1,1 0,0 9,0
LEAF 13,1 0,0 1,1 0,0 0,0 1,0 0,0 3,3 0,0 0,0
LEAF 13,1 0,0 1,1 0,0 0,0 1,0 2,0 0,0 0,0 8,1
LEAF 13,1 0,0 1,1 0,0 0,0 1,0 1,1 0,0 0,0 9,0
LEAF 13,1 0,0 1,1 0,0 0,0 1,0 3,3 0,0 0,0 0,0
LEAF 13,1 0,0 1,1 0,0 0,0 2,0 0,0 0,0 1,0 8,1
LEAF 13,1 0,0 1,1 0,0 0,0 2,0 0,0 0,0 0,1 9,0
LEAF 13,1 0,0 1,1 0,0 0,0 2,0 0,0 1,0 0,0 8,1
LEAF 13,1 0,0 1,1 0,0 0,0 2,0 0,0 0,1 0,0 9,0
LEAF 13,1 0,0 1,1 0,0 0,0 2,0 1,0 0,0 0,0 8,1
LEAF 13,1 0,0 1,1 0,0 0,0 2,0 0,1 0,0 0,0 9,0
LEAF 13,1 0,0 1,1 0,0 0,0 0,1 0,0 0,0 0,0 4,2
LEAF 13,1 0,0 1,1 0,0 0,0 0,1 0,0 0,0 2,0 9,0
LEAF 13,1 0,0 1,1 0,0 0,0 0,1 0,0 0,0 4,2 0,0
LEAF 13,1 0,0 1,1 0,0 0,0 0,1 0,0 2,0 0,0 9,0
LEAF 13,1 0,0 1,1 0,0 0,0 0,1 0,0 4,2 0,0 0,0
LEAF 13,1 0,0 1,1 0,0 0,0 0,1 2,0 0,0 0,0 9,0
LEAF 13,1 0,0 1,1 0,0 0,0 0,1 4,2 0,0 0,0 0,0
LEAF 13,1 0,0 1,1 0,0 0,0 1,1 0,0 0,0 1,0 9,0
LEAF 13,1 0,0 1,1 0,0 0,0 1,1 0,0 1,0 0,0 9,0
LEAF 13,1 0,0 1,1 0,0 0,0 1,1 1,0 0,0 0,0 9,0
LEAF 13,1 0,0 1,1 0,0 0,0 4,2 0,0 0,0 0,0 0,1
LEAF 13,1 0,0 1,1 0,0 0,0 4,2 0,0 0,0 0,1 0,0
LEAF 13,1 0,0 1,1 0,0 0,0 4,2 0,0 0,1 0,0 0,0
LEAF 13,1 0,0 1,1 0,0 0,0 4,2 0,1 0,0 0,0 0,0
LEAF 13,1 0,0 1,1 0,0 0,0 3,3 0,0 0,0 0,0 1,0
LEAF 13,1 0,0 1,1 0,0 0,0 3,3 0,0 0,0 1,0 0,0
LEAF 13,1 0,0 1,1 0,0 0,0 3,3 0,0 1,0 0,0 0,0
LEAF 13,1 0,0 1,1 0,0 0,0 3,3 1,0 0,0 0,0 0,0
LEAF 13,1 0,0 1,1 0,0 0,0 1,5 0,0 0,0 0,0 0,0
LEAF 13,1 0,0 1,1 0,0 1,0 0,0 0,0 0,0 0,0 3,3
LEAF 13,1 0,0 1,1 0,0 1,0 0,0 0,0 0,0 2,0 8,1
LEAF 13,1 0,0 1,1 0,0 1,0 0,0 0,0 2,0 0,0 8,1
LEAF 13,1 0,0 1,1 0,0 1,0 0,0 0,0 1,1 0,0 9,0
LEAF 13,1 0,0 1,1 0,0 1,0 0,0 0,0 3,3 0,0 0,0
LEAF 13,1 0,0 1,1 0,0 1,0 0,0 2,0 0,0 0,0 8,1
LEAF 13,1 0,0 1,1 0,0 1,0 0,0 1,1 0,0 0,0 9,0
LEAF 13,1 0,0 1,1 0,0 1,0 0,0 3,3 0,0 0,0 0,0
LEAF 13,1 0,0 1,1 0,0 1,0 2,0 0,0 0,0 0,0 8,1
LEAF 13,1 0,0 1,1 0,0 2,0 0,0 0,0 0,0 1,0 8,1
LEAF 13,1 0,0 1,1 0,0 2,0 0,0 0,0 1,0 0,0 8,1
LEAF 13,1 0,0 1,1 0,0 2,0 0,0 0,0 0,1 0,0 9,0
LEAF 13,1 0,0 1,1 0,0 2,0 0,0 1,0 0,0 0,0 8,1
LEAF 13,1 0,0 1,1 0,0 2,0 0,0 0,1 0,0 0,0 9,0
LEAF 13,1 0,0 1,1 0,0 2,0 1,0 0,0 0,0 0,0 8,1
LEAF 13,1 0,0 1,1 0,0 0,1 0,0 0,0 0,0 0,0 4,2
LEAF 13,1 0,0 1,1 0,0 0,1 0,0 0,0 2,0 0,0 9,0
LEAF 13,1 0,0 1,1 0,0 0,1 0,0 0,0 4,2 0,0 0,0
LEAF 13,1 0,0 1,1 0,0 0,1 0,0 2,0 0,0 0,0 9,0
LEAF 13,1 0,0 1,1 0,0 0,1 0,0 4,2 0,0 0,0 0,0
LEAF 13,1 0,0 1,1 0,0 1,1 0,0 0,0 0,0 1,0 9,0
LEAF 13,1 0,0 1,1 0,0 1,1 0,0 0,0 1,0 0,0 9,0
LEAF 13,1 0,0 1,1 0,0 1,1 0,0 1,0 0,0 0,0 9,0
LEAF 13,1 0,0 1,1 0,0 1,1 1,0 0,0 0,0 0,0 9,0
LEAF 13,1 0,0 1,1 0,0 4,2 0,0 0,0 0,0 0,0 0,1
LEAF 13,1 0,0 1,1 0,0 4,2 0,0 0,0 0,1 0,0 0,0
LEAF 13,1 0,0 1,1 0,0 4,2 0,0 0,1 0,0 0,0 0,0
LEAF 13,1 0,0 1,1 0,0 3,3 0,0 0,0 0,0 0,0 1,0
LEAF 13,1 0,0 1,1 0,0 3,3 0,0 0,0 0,0 1,0 0,0
LEAF 13,1 0,0 1,1 0,0 3,3 0,0 0,0 1,0 0,0 0,0
LEAF 13,1 0,0 1,1 0,0 3,3 0,0 1,0 0,0 0,0 0,0
LEAF 13,1 0,0 1,1 0,0 3,3 1,0 0,0 0,0 0,0 0,0
LEAF 13,1 0,0 1,1 0,0 1,5 0,0 0,0 0,0 0,0 0,0
LEAF 13,1 0,0 1,1 1,0 0,0 0,0 0,0 0,0 0,0 3,3
LEAF 13,1 0,0 1,1 1,0 0,0 0,0 0,0 2,0 0,0 8,1
LEAF 13,1 0,0 1,1 1,0 0,0 0,0 0,0 1,1 0,0 9,0
LEAF 13,1 0,0 1,1 1,0 0,0 0,0 0,0 3,3 0,0 0,0
LEAF 13,1 0,0 1,1 1,0 0,0 0,0 2,0 0,0 0,0 8,1
LEAF 13,1 0,0 1,1 1,0 0,0 0,0 1,1 0,0 0,0 9,0
LEAF 13,1 0,0 1,1 1,0 0,0 0,0 3,3 0,0 0,0 0,0
LEAF 13,1 0,0 1,1 1,0 2,0 0,0 0,0 0,0 0,0 8,1
LEAF 13,1 0,0 1,1 1,0 1,1 0,0 0,0 0,0 0,0 9,0
LEAF 13,1 0,0 1,1 1,0 3,3 0,0 0,0 0,0 0,0 0,0
LEAF 13,1 0,0 1,1 2,0 0,0 0,0 0,0 1,0 0,0 8,1
LEAF 13,1 0,0 1,1 2,0 0,0 0,0 1,0 0,0 0,0 8,1
LEAF 13,1 0,0 1,1 2,0 0,0 0,0 0,1 0,0 0,0 9,0
LEAF 13,1 0,0 1,1 2,0 1,0 0,0 0,0 0,0 0,0 8,1
LEAF 13,1 0,0 1,1 0,1 0,0 0,0 0,0 0,0 0,0 4,2
LEAF 13,1 0,0 1,1 0,1 0,0 0,0 2,0 0,0 0,0 9,0
LEAF 13,1 0,0 1,1 0,1 0,0 0,0 4,2 0,0 0,0 0,0
LEAF 13,1 0,0 1,1 1,1 0,0 0,0 1,0 0,0 0,0 9,0
LEAF 13,1 0,0 1,1 4,2 0,0 0,0 0,0 0,0 0,0 0,1
LEAF 13,1 0,0 1,1 4,2 0,0 0,0 0,1 0,0 0,0 0,0
LEAF 13,1 0,0 2,1 0,0 0,0 0,0 0,0 0,0 0,0 5,1
LEAF 13,1 0,0 2,1 0,0 0,0 0,0 0,0 0,0 1,0 7,2
LEAF 13,1 0,0 2,1 0,0 0,0 0,0 0,0 0,0 0,1 8,1
LEAF 13,1 0,0 2,1 0,0 0,0 0,0 0,0 0,0 0,1 0,5
LEAF 13,1 0,0 2,1 0,0 0,0 0,0 0,0 0,0 5,1 0,0
LEAF 13,1 0,0 2,1 0,0 0,0 0,0 0,0 0,0 0,5 0,1
LEAF 13,1 0,0 2,1 0,0 0,0 0,0 0,0 1,0 0,0 7,2
LEAF 13,1 0,0 2,1 0,0 0,0 0,0 0,0 1,0 1,0 9,0
LEAF 13,1 0,0 2,1 0,0 0,0 0,0 0,0 0,1 0,0 8,1
LEAF 13,1 0,0 2,1 0,0 0,0 0,0 0,0 0,1 0,0 0,5
LEAF 13,1 0,0 2,1 0,0 0,0 0,0 0,0 5,1 0,0 0,0
LEAF 13,1 0,0 2,1 0,0 0,0 0,0 0,0 0,5 0,0 0,1
LEAF 13,1 0,0 2,1 0,0 0,0 0,0 1,0 0,0 0,0 7,2
LEAF 13,1 0,0 2,1 0,0 0,0 0,0 1,0 0,0 1,0 9,0
LEAF 13,1 0,0 2,1 0,0 0,0 0,0 1,0 1,0 0,0 9,0
LEAF 13,1 0,0 2,1 0,0 0,0 0,0 0,1 0,0 0,0 8,1
LEAF 13,1 0,0 2,1 0,0 0,0 0,0 0,1 0,0 0,0 0,5
LEAF 13,1 0,0 2,1 0,0 0,0 0,0 5,1 0,0 0,0 0,0
LEAF 13,1 0,0 2,1 0,0 0,0 0,0 0,5 0,0 0,0 0,1
LEAF 13,1 0,0 2,1 0,0 0,0 1,0 0,0 0,0 0,0 7,2
LEAF 13,1 0,0 2,1 0,0 0,0 1,0 0,0 0,0 1,0 9,0
LEAF 13,1 0,0 2,1 0,0 0,0 1,0 0,0 1,0 0,0 9,0
LEAF 13,1 0,0 2,1 0,0 0,0 1,0 1,0 0,0 0,0 9,0
LEAF 13,1 0,0 2,1 0,0 0,0 0,1 0,0 0,0 0,0 8,1
LEAF 13,1 0,0 2,1 0,0 0,0 0,1 0,0 0,0 0,0 0,5
LEAF 13,1 0,0 2,1 0,0 0,0 0,1 0,0 0,0 0,5 0,0
LEAF 13,1 0,0 2,1 0,0 0,0 0,1 0,0 0,5 0,0 0,0
LEAF 13,1 0,0 2,1 0,0 0,0 0,1 0,5 0,0 0,0 0,0
LEAF 13,1 0,0 2,1 0,0 0,0 5,1 0,0 0,0 0,0 0,0
LEAF 13,1 0,0 2,1 0,0 0,0 0,5 0,0 0,0 0,0 0,1
LEAF 13,1 0,0 2,1 0,0 0,0 0,5 0,0 0,0 0,1 0,0
LEAF 13,1 0,0 2,1 0,0 0,0 0,5 0,0 0,1 0,0 0,0
LEAF 13,1 0,0 2,1 0,0 0,0 0,5 0,1 0,0 0,0 0,0
LEAF 13,1 0,0 2,1 0,0 1,0 0,0 0,0 0,0 0,0 7,2
LEAF 13,1 0,0 2,1 0,0 1,0 0,0 0,0 0,0 1,0 9,0
LEAF 13,1 0,0 2,1 0,0 1,0 0,0 0,0 1,0 0,0 9,0
LEAF 13,1 0,0 2,1 0,0 1,0 0,0 1,0 0,0 0,0 9,0
LEAF 13,1 0,0 2,1 0,0 1,0 1,0 0,0 0,0 0,0 9,0
LEAF 13,1 0,0 2,1 0,0 0,1 0,0 0,0 0,0 0,0 8,1
LEAF 13,1 0,0 2,1 0,0 0,1 0,0 0,0 0,0 0,0 0,5
LEAF 13,1 0,0 2,1 0,0 0,1 0,0 0,0 0,5 0,0 0,0
LEAF 13,1 0,0 2,1 0,0 0,1 0,0 0,5 0,0 0,0 0,0
LEAF 13,1 0,0 2,1 0,0 5,1 0,0 0,0 0,0 0,0 0,0
LEAF 13,1 0,0 2,1 0,0 0,5 0,0 0,0 0,0 0,0 0,1
LEAF 13,1 0,0 2,1 0,0 0,5 0,0 0,0 0,1 0,0 0,0
LEAF 13,1 0,0 2,1 0,0 0,5 0,0 0,1 0,0 0,0 0,0
LEAF 13,1 0,0 2,1 1,0 0,0 0,0 0,0 0,0 0,0 7,2
LEAF 13,1 0,0 2,1 1,0 0,0 0,0 0,0 0,0 1,0 9,0
LEAF 13,1 0,0 2,1 1,0 0,0 0,0 0,0 1,0 0,0 9,0
LEAF 13,1 0,0 2,1 1,0 0,0 0,0 1,0 0,0 0,0 9,0
LEAF 13,1 0,0 2,1 1,0 0,0 1,0 0,0 0,0 0,0 9,0
LEAF 13,1 0,0 2,1 1,0 1,0 0,0 0,0 0,0 0,0 9,0
LEAF 13,1 0,0 2,1 0,1 0,0 0,0 0,0 0,0 0,0 8,1
LEAF 13,1 0,0 2,1 0,1 0,0 0,0 0,0 0,0 0,0 0,5
LEAF 13,1 0,0 2,1 0,1 0,0 0,0 0,5 0,0 0,0 0,0
LEAF 13,1 0,0 2,1 0,5 0,0 0,0 0,0 0,0 0,0 0,1
LEAF 13,1 0,0 2,1 0,5 0,0 0,0 0,1 0,0 0,0 0,0
LEAF 13,1 0,0 3,1 0,0 0,0 0,0 0,0 0,0 0,0 2,3
LEAF 13,1 0,0 3,1 0,0 0,0 0,0 0,0 0,0 2,3 0,0
LEAF 13,1 0,0 3,1 0,0 0,0 0,0 0,0 2,3 0,0 0,0
LEAF 13,1 0,0 3,1 0,0 0,0 0,0 2,3 0,0 0,0 0,0
LEAF 13,1 0,0 3,1 0,0 0,0 2,3 0,0 0,0 0,0 0,0
LEAF 13,1 0,0 3,1 0,0 2,3 0,0 0,0 0,0 0,0 0,0
LEAF 13,1 0,0 3,1 2,3 0,0 0,0 0,0 0,0 0,0 0,0
LEAF 13,1 0,0 4,1 0,0 0,0 0,0 0,0 0,0 0,0 1,3
LEAF 13,1 0,0 4,1 0,0 0,0 0,0 0,0 0,0 1,0 7,1
LEAF 13,1 0,0 4,1 0,0 0,0 0,0 0,0 0,0 0,1 8,0
LEAF 13,1 0,0 4,1 0,0 0,0 0,0 0,0 0,0 1,3 0,0
LEAF 13,1 0,0 4,1 0,0 0,0 0,0 0,0 1,0 0,0 7,1
LEAF 13,1 0,0 4,1 0,0 0,0 0,0 0,0 0,1 0,0 8,0
LEAF 13,1 0,0 4,1 0,0 0,0 0,0 0,0 1,3 0,0 0,0
LEAF 13,1 0,0 4,1 0,0 0,0 0,0 1,0 0,0 0,0 7,1
LEAF 13,1 0,0 4,1 0,0 0,0 0,0 0,1 0,0 0,0 8,0
LEAF 13,1 0,0 4,1 0,0 0,0 0,0 1,3 0,0 0,0 0,0
LEAF 13,1 0,0 4,1 0,0 0,0 1,0 0,0 0,0 0,0 7,1
LEAF 13,1 0,0 4,1 0,0 0,0 0,1 0,0 0,0 0,0 8,0
LEAF 13,1 0,0 4,1 0,0 0,0 1,3 0,0 0,0 0,0 0,0
LEAF 13,1 0,0 4,1 0,0 1,0 0,0 0,0 0,0 0,0 7,1
LEAF 13,1 0,0 4,1 0,0 0,1 0,0 0,0 0,0 0,0 8,0
LEAF 13,1 0,0 4,1 0,0 1,3 0,0 0,0 0,0 0,0 0,0
LEAF 13,1 0,0 4,1 1,0 0,0 0,0 0,0 0,0 0,0 7,1
LEAF 13,1 0,0 4,1 0,1 0,0 0,0 0,0 0,0 0,0 8,0
LEAF 13,1 0,0 4,1 1,3 0,0 0,0 0,0 0,0 0,0 0,0
LEAF 13,1 0,0 5,1 0,0 0,0 0,0 0,0 0,0 0,0 2,1
LEAF 13,1 0,0 5,1 0,0 0,0 0,0 0,0 0,0 0,1 0,2
LEAF 13,1 0,0 5,1 0,0 0,0 0,0 0,0 0,0 2,1 0,0
LEAF 13,1 0,0 5,1 0,0 0,0 0,0 0,0 0,0 0,2 0,1
LEAF 13,1 0,0 5,1 0,0 0,0 0,0 0,0 0,1 0,0 0,2
LEAF 13,1 0,0 5,1 0,0 0,0 0,0 0,0 2,1 0,0 0,0
LEAF 13,1 0,0 5,1 0,0 0,0 0,0 0,0 0,2 0,0 0,1
LEAF 13,1 0,0 5,1 0,0 0,0 0,0 0,1 0,0 0,0 0,2
LEAF 13,1 0,0 5,1 0,0 0,0 0,0 2,1 0,0 0,0 0,0
LEAF 13,1 0,0 5,1 0,0 0,0 0,0 0,2 0,0 0,0 0,1
LEAF 13,1 0,0 5,1 0,0 0,0 0,1 0,0 0,0 0,0 0,2
LEAF 13,1 0,0 5,1 0,0 0,0 0,1 0,0 0,0 0,2 0,0
LEAF 13,1 0,0 5,1 0,0 0,0 0,1 0,0 0,2 0,0 0,0
LEAF 13,1 0,0 5,1 0,0 0,0 0,1 0,2 0,0 0,0 0,0
LEAF 13,1 0,0 5,1 0,0 0,0 2,1 0,0 0,0 0,0 0,0
LEAF 13,1 0,0 5,1 0,0 0,0 0,2 0,0 0,0 0,0 0,1
LEAF 13,1 0,0 5,1 0,0 0,0 0,2 0,0 0,0 0,1 0,0
LEAF 13,1 0,0 5,1 0,0 0,0 0,2 0,0 0,1 0,0 0,0
LEAF 13,1 0,0 5,1 0,0 0,0 0,2 0,1 0,0 0,0 0,0
LEAF 13,1 0,0 5,1 0,0 0,1 0,0 0,0 0,0 0,0 0,2
LEAF 13,1 0,0 5,1 0,0 0,1 0,0 0,0 0,2 0,0 0,0
LEAF 13,1 0,0 5,1 0,0 0,1 0,0 0,2 0,0 0,0 0,0
LEAF 13,1 0,0 5,1 0,0 2,1 0,0 0,0 0,0 0,0 0,0
LEAF 13,1 0,0 5,1 0,0 0,2 0,0 0,0 0,0 0,0 0,1
LEAF 13,1 0,0 5,1 0,0 0,2 0,0 0,0 0,1 0,0 0,0
LEAF 13,1 0,0 5,1 0,0 0,2 0,0 0,1 0,0 0,0 0,0
LEAF 13,1 0,0 5,1 0,1 0,0 0,0 0,0 0,0 0,0 0,2
LEAF 13,1 0,0 5,1 0,1 0,0 0,0 0,2 0,0 0,0 0,0
LEAF 13,1 0,0 5,1 2,1 0,0 0,0 0,0 0,0 0,0 0,0
LEAF 13,1 0,0 5,1 0,2 0,0 0,0 0,0 0,0 0,0 0,1
LEAF 13,1 0,0 5,1 0,2 0,0 0,0 0,1 0,0 0,0 0,0
LEAF 13,1 0,0 0,2 0,0 0,0 0,0 0,0 0,0 0,0 2,4
LEAF 13,1 0,0 0,2 0,0 0,0 0,0 0,0 0,0 1,0 4,2
LEAF 13,1 0,0 0,2 0,0 0,0 0,0 0,0 0,0 0,1 5,1
LEAF 13,1 0,0 0,2 0,0 0,0 0,0 0,0 0,0 5,1 0,1
LEAF 13,1 0,0 0,2 0,0 0,0 0,0 0,0 0,0 4,2 1,0
LEAF 13,1 0,0 0,2 0,0 0,0 0,0 0,0 0,0 2,4 0,0
LEAF 13,1 0,0 0,2 0,0 0,0 0,0 0,0 1,0 0,0 4,2
LEAF 13,1 0,0 0,2 0,0 0,0 0,0 0,0 1,0 2,0 9,0
LEAF 13,1 0,0 0,2 0,0 0,0 0,0 0,0 2,0 1,0 9,0
LEAF 13,1 0,0 0,2 0,0 0,0 0,0 0,0 0,1 0,0 5,1
LEAF 13,1 0,0 0,2 0,0 0,0 0,0 0,0 5,1 0,0 0,1
LEAF 13,1 0,0 0,2 0,0 0,0 0,0 0,0 4,2 0,0 1,0
LEAF 13,1 0,0 0,2 0,0 0,0 0,0 0,0 4,2 1,0 0,0
LEAF 13,1 0,0 0,2 0,0 0,0 0,0 0,0 2,4 0,0 0,0
LEAF 13,1 0,0 0,2 0,0 0,0 0,0 1,0 0,0 0,0 4,2
LEAF 13,1 0,0 0,2 0,0 0,0 0,0 1,0 2,0 0,0 9,0
LEAF 13,1 0,0 0,2 0,0 0,0 0,0 1,0 4,2 0,0 0,0
LEAF 13,1 0,0 0,2 0,0 0,0 0,0 2,0 1,0 0,0 9,0
LEAF 13,1 0,0 0,2 0,0 0,0 0,0 0,1 0,0 0,0 5,1
LEAF 13,1 0,0 0,2 0,0 0,0 0,0 5,1 0,0 0,0 0,1
LEAF 13,1 0,0 0,2 0,0 0,0 0,0 4,2 0,0 0,0 1,0
LEAF 13,1 0,0 0,2 0,0 0,0 0,0 2,4 0,0 0,0 0,0
LEAF 13,1 0,0 0,2 0,0 0,0 1,0 0,0 0,0 0,0 4,2
LEAF 13,1 0,0 0,2 0,0 0,0 1,0 0,0 0,0 2,0 9,0
LEAF 13,1 0,0 0,2 0,0 0,0 1,0 0,0 0,0 4,2 0,0
LEAF 13,1 0,0 0,2 0,0 0,0 1,0 0,0 2,0 0,0 9,0
LEAF 13,1 0,0 0,2 0,0 0,0 1,0 0,0 4,2 0,0 0,0
LEAF 13,1 0,0 0,2 0,0 0,0 1,0 2,0 0,0 0,0 9,0
LEAF 13,1 0,0 0,2 0,0 0,0 1,0 4,2 0,0 0,0 0,0
LEAF 13,1 0,0 0,2 0,0 0,0 2,0 0,0 0,0 1,0 9,0
LEAF 13,1 0,0 0,2 0,0 0,0 2,0 0,0 1,0 0,0 9,0
LEAF 13,1 0,0 0,2 0,0 0,0 2,0 1,0 0,0 0,0 9,0
LEAF 13,1 0,0 0,2 0,0 0,0 0,1 0,0 0,0 0,0 5,1
LEAF 13,1 0,0 0,2 0,0 0,0 0,1 0,0 0,0 5,1 0,0
LEAF 13,1 0,0 0,2 0,0 0,0 0,1 0,0 5,1 0,0 0,0
LEAF 13,1 0,0 0,2 0,0 0,0 0,1 5,1 0,0 0,0 0,0
LEAF 13,1 0,0 0,2 0,0 0,0 5,1 0,0 0,0 0,0 0,1
LEAF 13,1 0,0 0,2 0,0 0,0 5,1 0,0 0,0 0,1 0,0
LEAF 13,1 0,0 0,2 0,0 0,0 5,1 0,0 0,1 0,0 0,0
LEAF 13,1 0,0 0,2 0,0 0,0 5,1 0,1 0,0 0,0 0,0
LEAF 13,1 0,0 0,2 0,0 0,0 4,2 0,0 0,0 0,0 1,0
LEAF 13,1 0,0 0,2 0,0 0,0 4,2 0,0 0,0 1,0 0,0
LEAF 13,1 0,0 0,2 0,0 0,0 4,2 0,0 1,0 0,0 0,0
LEAF 13,1 0,0 0,2 0,0 0,0 4,2 1,0 0,0 0,0 0,0
LEAF 13,1 0,0 0,2 0,0 0,0 2,4 0,0 0,0 0,0 0,0
LEAF 13,1 0,0 0,2 0,0 1,0 0,0 0,0 0,0 0,0 4,2
LEAF 13,1 0,0 0,2 0,0 1,0 0,0 0,0 0,0 2,0 9,0
LEAF 13,1 0,0 0,2 0,0 1,0 0,0 0,0 2,0 0,0 9,0
LEAF 13,1 0,0 0,2 0,0 1,0 0,0 0,0 4,2 0,0 0,0
LEAF 13,1 0,0 0,2 0,0 1,0 0,0 2,0 0,0 0,0 9,0
LEAF 13,1 0,0 0,2 0,0 1,0 0,0 4,2 0,0 0,0 0,0
LEAF 13,1 0,0 0,2 0,0 1,0 2,0 0,0 0,0 0,0 9,0
LEAF 13,1 0,0 0,2 0,0 2,0 0,0 0,0 0,0 1,0 9,0
LEAF 13,1 0,0 0,2 0,0 2,0 0,0 0,0 1,0 0,0 9,0
LEAF 13,1 0,0 0,2 0,0 2,0 0,0 1,0 0,0 0,0 9,0
LEAF 13,1 0,0 0,2 0,0 2,0 1,0 0,0 0,0 0,0 9,0
LEAF 13,1 0,0 0,2 0,0 0,1 0,0 0,0 0,0 0,0 5,1
LEAF 13,1 0,0 0,2 0,0 0,1 0,0 0,0 5,1 0,0 0,0
LEAF 13,1 0,0 0,2 0,0 0,1 0,0 5,1 0,0 0,0 0,0
LEAF 13,1 0,0 0,2 0,0 5,1 0,0 0,0 0,0 0,0 0,1
LEAF 13,1 0,0 0,2 0,0 5,1 0,0 0,0 0,1 0,0 0,0
LEAF 13,1 0,0 0,2 0,0 5,1 0,0 0,1 0,0 0,0 0,0
LEAF 13,1 0,0 0,2 0,0 4,2 0,0 0,0 0,0 0,0 1,0
LEAF 13,1 0,0 0,2 0,0 4,2 0,0 0,0 0,0 1,0 0,0
LEAF 13,1 0,0 0,2 0,0 4,2 0,0 0,0 1,0 0,0 0,0
LEAF 13,1 0,0 0,2 0,0 4,2 0,0 1,0 0,0 0,0 0,0
LEAF 13,1 0,0 0,2 0,0 4,2 1,0 0,0 0,0 0,0 0,0
LEAF 13,1 0,0 0,2 0,0 2,4 0,0 0,0 0,0 0,0 0,0
LEAF 13,1 0,0 0,2 1,0 0,0 0,0 0,0 0,0 0,0 4,2
LEAF 13,1 0,0 0,2 1,0 0,0 0,0 0,0 2,0 0,0 9,0
LEAF 13,1 0,0 0,2 1,0 0,0 0,0 0,0 4,2 0,0 0,0
LEAF 13,1 0,0 0,2 1,0 0,0 0,0 2,0 0,0 0,0 9,0
LEAF 13,1 0,0 0,2 1,0 0,0 0,0 4,2 0,0 0,0 0,0
LEAF 13,1 0,0 0,2 1,0 2,0 0,0 0,0 0,0 0,0 9,0
LEAF 13,1 0,0 0,2 1,0 4,2 0,0 0,0 0,0 0,0 0,0
LEAF 13,1 0,0 0,2 2,0 0,0 0,0 0,0 1,0 0,0 9,0
LEAF 13,1 0,0 0,2 2,0 0,0 0,0 1,0 0,0 0,0 9,0
LEAF 13,1 0,0 0,2 2,0 1,0 0,0 0,0 0,0 0,0 9,0
LEAF 13,1 0,0 0,2 0,1 0,0 0,0 0,0 0,0 0,0 5,1
LEAF 13,1 0,0 0,2 0,1 0,0 0,0 5,1 0,0 0,0 0,0
LEAF 13,1 0,0 0,2 5,1 0,0 0,0 0,0 0,0 0,0 0,1
LEAF 13,1 0,0 0,2 5,1 0,0 0,0 0,1 0,0 0,0 0,0
LEAF 13,1 0,0 0,2 4,2 0,0 0,0 0,0 0,0 0,0 1,0
LEAF 13,1 0,0 0,2 4,2 0,0 0,0 1,0 0,0 0,0 0,0
LEAF 13,1 0,0 1,2 0,0 0,0 0,0 0,0 0,0 0,0 6,0
LEAF 13,1 0,0 1,2 0,0 0,0 0,0 0,0 0,0 1,0 8,1
LEAF 13,1 0,0 1,2 0,0 0,0 0,0 0,0 0,0 1,0 0,5
LEAF 13,1 0,0 1,2 0,0 0,0 0,0 0,0 0,0 6,0 0,0
LEAF 13,1 0,0 1,2 0,0 0,0 0,0 0,0 0,0 0,1 9,0
LEAF 13,1 0,0 1,2 0,0 0,0 0,0 0,0 0,0 0,1 1,4
LEAF 13,1 0,0 1,2 0,0 0,0 0,0 0,0 0,0 1,4 0,1
LEAF 13,1 0,0 1,2 0,0 0,0 0,0 0,0 0,0 0,5 1,0
LEAF 13,1 0,0 1,2 0,0 0,0 0,0 0,0 1,0 0,0 8,1
LEAF 13,1 0,0 1,2 0,0 0,0 0,0 0,0 1,0 0,0 0,5
LEAF 13,1 0,0 1,2 0,0 0,0 0,0 0,0 6,0 0,0 0,0
LEAF 13,1 0,0 1,2 0,0 0,0 0,0 0,0 0,1 0,0 9,0
LEAF 13,1 0,0 1,2 0,0 0,0 0,0 0,0 0,1 0,0 1,4
LEAF 13,1 0,0 1,2 0,0 0,0 0,0 0,0 1,4 0,0 0,1
LEAF 13,1 0,0 1,2 0,0 0,0 0,0 0,0 0,5 0,0 1,0
LEAF 13,1 0,0 1,2 0,0 0,0 0,0 0,0 0,5 1,0 0,0
LEAF 13,1 0,0 1,2 0,0 0,0 0,0 1,0 0,0 0,0 8,1
LEAF 13,1 0,0 1,2 0,0 0,0 0,0 1,0 0,0 0,0 0,5
LEAF 13,1 0,0 1,2 0,0 0,0 0,0 1,0 0,5 0,0 0,0
LEAF 13,1 0,0 1,2 0,0 0,0 0,0 6,0 0,0 0,0 0,0
LEAF 13,1 0,0 1,2 0,0 0,0 0,0 0,1 0,0 0,0 9,0
LEAF 13,1 0,0 1,2 0,0 0,0 0,0 0,1 0,0 0,0 1,4
LEAF 13,1 0,0 1,2 0,0 0,0 0,0 1,4 0,0 0,0 0,1
LEAF 13,1 0,0 1,2 0,0 0,0 0,0 0,5 0,0 0,0 1,0
LEAF 13,1 0,0 1,2 0,0 0,0 1,0 0,0 0,0 0,0 8,1
LEAF 13,1 0,0 1,2 0,0 0,0 1,0 0,0 0,0 0,0 0,5
LEAF 13,1 0,0 1,2 0,0 0,0 1,0 0,0 0,0 0,5 0,0
LEAF 13,1 0,0 1,2 0,0 0,0 1,0 0,0 0,5 0,0 0,0
LEAF 13,1 0,0 1,2 0,0 0,0 1,0 0,5 0,0 0,0 0,0
LEAF 13,1 0,0 1,2 0,0 0,0 6,0 0,0 0,0 0,0 0,0
LEAF 13,1 0,0 1,2 0,0 0,0 0,1 0,0 0,0 0,0 9,0
LEAF 13,1 0,0 1,2 0,0 0,0 0,1 0,0 0,0 0,0 1,4
LEAF 13,1 0,0 1,2 0,0 0,0 0,1 0,0 0,0 1,4 0,0
LEAF 13,1 0,0 1,2 0,0 0,0 0,1 0,0 1,4 0,0 0,0
LEAF 13,1 0,0 1,2 0,0 0,0 0,1 1,4 0,0 0,0 0,0
LEAF 13,1 0,0 1,2 0,0 0,0 1,4 0,0 0,0 0,0 0,1
LEAF 13,1 0,0 1,2 0,0 0,0 1,4 0,0 0,0 0,1 0,0
LEAF 13,1 0,0 1,2 0,0 0,0 1,4 0,0 0,1 0,0 0,0
LEAF 13,1 0,0 1,2 0,0 0,0 1,4 0,1 0,0 0,0 0,0
LEAF 13,1 0,0 1,2 0,0 0,0 0,5 0,0 0,0 0,0 1,0
LEAF 13,1 0,0 1,2 0,0 0,0 0,5 0,0 0,0 1,0 0,0
LEAF 13,1 0,0 1,2 0,0 0,0 0,5 0,0 1,0 0,0 0,0
LEAF 13,1 0,0 1,2 0,0 0,0 0,5 1,0 0,0 0,0 0,0
LEAF 13,1 0,0 1,2 0,0 1,0 0,0 0,0 0,0 0,0 8,1
LEAF 13,1 0,0 1,2 0,0 1,0 0,0 0,0 0,0 0,0 0,5
LEAF 13,1 0,0 1,2 0,0 1,0 0,0 0,0 0,5 0,0 0,0
LEAF 13,1 0,0 1,2 0,0 1,0 0,0 0,5 0,0 0,0 0,0
LEAF 13,1 0,0 1,2 0,0 6,0 0,0 0,0 0,0 0,0 0,0
LEAF 13,1 0,0 1,2 0,0 0,1 0,0 0,0 0,0 0,0 9,0
LEAF 13,1 0,0 1,2 0,0 0,1 0,0 0,0 0,0 0,0 1,4
LEAF 13,1 0,0 1,2 0,0 0,1 0,0 0,0 1,4 0,0 0,0
LEAF 13,1 0,0 1,2 0,0 0,1 0,0 1,4 0,0 0,0 0,0
LEAF 13,1 0,0 1,2 0,0 1,4 0,0 0,0 0,0 0,0 0,1
LEAF 13,1 0,0 1,2 0,0 1,4 0,0 0,0 0,1 0,0 0,0
LEAF 13,1 0,0 1,2 0,0 1,4 0,0 0,1 0,0 0,0 0,0
LEAF 13,1 0,0 1,2 0,0 0,5 0,0 0,0 0,0 0,0 1,0
LEAF 13,1 0,0 1,2 0,0 0,5 0,0 0,0 0,0 1,0 0,0
LEAF 13,1 0,0 1,2 0,0 0,5 0,0 0,0 1,0 0,0 0,0
LEAF 13,1 0,0 1,2 0,0 0,5 0,0 1,0 0,0 0,0 0,0
LEAF 13,1 0,0 1,2 0,0 0,5 1,0 0,0 0,0 0,0 0,0
LEAF 13,1 0,0 1,2 1,0 0,0 0,0 0,0 0,0 0,0 8,1
LEAF 13,1 0,0 1,2 1,0 0,0 0,0 0,0 0,0 0,0 0,5
LEAF 13,1 0,0 1,2 1,0 0,0 0,0 0,0 0,5 0,0 0,0
LEAF 13,1 0,0 1,2 1,0 0,0 0,0 0,5 0,0 0,0 0,0
LEAF 13,1 0,0 1,2 1,0 0,5 0,0 0,0 0,0 0,0 0,0
LEAF 13,1 0,0 1,2 6,0 0,0 0,0 0,0 0,0 0,0 0,0
LEAF 13,1 0,0 1,2 0,1 0,0 0,0 0,0 0,0 0,0 9,0
LEAF 13,1 0,0 1,2 0,1 0,0 0,0 0,0 0,0 0,0 1,4
LEAF 13,1 0,0 1,2 0,1 0,0 0,0 1,4 0,0 0,0 0,0
LEAF 13,1 0,0 1,2 1,4 0,0 0,0 0,0 0,0 0,0 0,1
LEAF 13,1 0,0 1,2 1,4 0,0 0,0 0,1 0,0 0,0 0,0
LEAF 13,1 0,0 1,2 0,5 0,0 0,0 0,0 0,0 0,0 1,0
LEAF 13,1 0,0 1,2 0,5 0,0 0,0 1,0 0,0 0,0 0,0
LEAF 13,1 0,0 2,2 0,0 0,0 0,0 0,0 0,0 0,0 3,2
LEAF 13,1 0,0 2,2 0,0 0,0 0,0 0,0 0,0 3,2 0,0
LEAF 13,1 0,0 2,2 0,0 0,0 0,0 0,0 3,2 0,0 0,0
LEAF 13,1 0,0 2,2 0,0 0,0 0,0 3,2 0,0 0,0 0,0
LEAF 13,1 0,0 2,2 0,0 0,0 3,2 0,0 0,0 0,0 0,0
LEAF 13,1 0,0 2,2 0,0 3,2 0,0 0,0 0,0 0,0 0,0
LEAF 13,1 0,0 2,2 3,2 0,0 0,0 0,0 0,0 0,0 0,0
LEAF 13,1 0,0 3,2 0,0 0,0 0,0 0,0 0,0 0,0 2,2
LEAF 13,1 0,0 3,2 0,0 0,0 0,0 0,0 0,0 1,0 8,0
LEAF 13,1 0,0 3,2 0,0 0,0 0,0 0,0 0,0 2,2 0,0
LEAF 13,1 0,0 3,2 0,0 0,0 0,0 0,0 1,0 0,0 8,0
LEAF 13,1 0,0 3,2 0,0 0,0 0,0 0,0 2,2 0,0 0,0
LEAF 13,1 0,0 3,2 0,0 0,0 0,0 1,0 0,0 0,0 8,0
LEAF 13,1 0,0 3,2 0,0 0,0 0,0 2,2 0,0 0,0 0,0
LEAF 13,1 0,0 3,2 0,0 0,0 1,0 0,0 0,0 0,0 8,0
LEAF 13,1 0,0 3,2 0,0 0,0 2,2 0,0 0,0 0,0 0,0
LEAF 13,1 0,0 3,2 0,0 1,0 0,0 0,0 0,0 0,0 8,0
LEAF 13,1 0,0 3,2 0,0 2,2 0,0 0,0 0,0 0,0 0,0
LEAF 13,1 0,0 3,2 1,0 0,0 0,0 0,0 0,0 0,0 8,0
LEAF 13,1 0,0 3,2 2,2 0,0 0,0 0,0 0,0 0,0 0,0
LEAF 13,1 0,0 4,2 0,0 0,0 0,0 0,0 0,0 0,0 3,0
LEAF 13,1 0,0 4,2 0,0 0,0 0,0 0,0 0,0 1,0 0,2
LEAF 13,1 0,0 4,2 0,0 0,0 0,0 0,0 0,0 3,0 0,0
LEAF 13,1 0,0 4,2 0,0 0,0 0,0 0,0 0,0 0,1 1,1
LEAF 13,1 0,0 4,2 0,0 0,0 0,0 0,0 0,0 1,1 0,1
LEAF 13,1 0,0 4,2 0,0 0,0 0,0 0,0 0,0 0,2 1,0
LEAF 13,1 0,0 4,2 0,0 0,0 0,0 0,0 1,0 0,0 0,2
LEAF 13,1 0,0 4,2 0,0 0,0 0,0 0,0 3,0 0,0 0,0
LEAF 13,1 0,0 4,2 0,0 0,0 0,0 0,0 0,1 0,0 1,1
LEAF 13,1 0,0 4,2 0,0 0,0 0,0 0,0 1,1 0,0 0,1
LEAF 13,1 0,0 4,2 0,0 0,0 0,0 0,0 0,2 0,0 1,0
LEAF 13,1 0,0 4,2 0,0 0,0 0,0 0,0 0,2 1,0 0,0
LEAF 13,1 0,0 4,2 0,0 0,0 0,0 1,0 0,0 0,0 0,2
LEAF 13,1 0,0 4,2 0,0 0,0 0,0 1,0 0,2 0,0 0,0
LEAF 13,1 0,0 4,2 0,0 0,0 0,0 3,0 0,0 0,0 0,0
LEAF 13,1 0,0 4,2 0,0 0,0 0,0 0,1 0,0 0,0 1,1
LEAF 13,1 0,0 4,2 0,0 0,0 0,0 1,1 0,0 0,0 0,1
LEAF 13,1 0,0 4,2 0,0 0,0 0,0 0,2 0,0 0,0 1,0
LEAF 13,1 0,0 4,2 0,0 0,0 1,0 0,0 0,0 0,0 0,2
LEAF 13,1 0,0 4,2 0,0 0,0 1,0 0,0 0,0 0,2 0,0
LEAF 13,1 0,0 4,2 0,0 0,0 1,0 0,0 0,2 0,0 0,0
LEAF 13,1 0,0 4,2 0,0 0,0 1,0 0,2 0,0 0,0 0,0
LEAF 13,1 0,0 4,2 0,0 0,0 3,0 0,0 0,0 0,0 0,0
LEAF 13,1 0,0 4,2 0,0 0,0 0,1 0,0 0,0 0,0 1,1
LEAF 13,1 0,0 4,2 0,0 0,0 0,1 0,0 0,0 0,1 0,1
LEAF 13,1 0,0 4,2 0,0 0,0 0,1 0,0 0,0 1,1 0,0
LEAF 13,1 0,0 4,2 0,0 0,0 0,1 0,0 0,1 0,0 0,1
LEAF 13,1 0,0 4,2 0,0 0,0 0,1 0,0 1,1 0,0 0,0
LEAF 13,1 0,0 4,2 0,0 0,0 0,1 0,1 0,0 0,0 0,1
LEAF 13,1 0,0 4,2 0,0 0,0 0,1 1,1 0,0 0,0 0,0
LEAF 13,1 0,0 4,2 0,0 0,0 1,1 0,0 0,0 0,0 0,1
LEAF 13,1 0,0 4,2 0,0 0,0 1,1 0,0 0,0 0,1 0,0
LEAF 13,1 0,0 4,2 0,0 0,0 1,1 0,0 0,1 0,0 0,0
LEAF 13,1 0,0 4,2 0,0 0,0 1,1 0,1 0,0 0,0 0,0
LEAF 13,1 0,0 4,2 0,0 0,0 0,2 0,0 0,0 0,0 1,0
LEAF 13,1 0,0 4,2 0,0 0,0 0,2 0,0 0,0 1,0 0,0
LEAF 13,1 0,0 4,2 0,0 0,0 0,2 0,0 1,0 0,0 0,0
LEAF 13,1 0,0 4,2 0,0 0,0 0,2 1,0 0,0 0,0 0,0
LEAF 13,1 0,0 4,2 0,0 1,0 0,0 0,0 0,0 0,0 0,2
LEAF 13,1 0,0 4,2 0,0 1,0 0,0 0,0 0,2 0,0 0,0
LEAF 13,1 0,0 4,2 0,0 1,0 0,0 0,2 0,0 0,0 0,0
LEAF 13,1 0,0 4,2 0,0 3,0 0,0 0,0 0,0 0,0 0,0
LEAF 13,1 0,0 4,2 0,0 0,1 0,0 0,0 0,0 0,0 1,1
LEAF 13,1 0,0 4,2 0,0 0,1 0,0 0,0 0,1 0,0 0,1
LEAF 13,1 0,0 4,2 0,0 0,1 0,0 0,0 1,1 0,0 0,0
LEAF 13,1 0,0 4,2 0,0 0,1 0,0 0,1 0,0 0,0 0,1
LEAF 13,1 0,0 4,2 0,0 0,1 0,0 1,1 0,0 0,0 0,0
LEAF 13,1 0,0 4,2 0,0 1,1 0,0 0,0 0,0 0,0 0,1
LEAF 13,1 0,0 4,2 0,0 1,1 0,0 0,0 0,1 0,0 0,0
LEAF 13,1 0,0 4,2 0,0 1,1 0,0 0,1 0,0 0,0 0,0
LEAF 13,1 0,0 4,2 0,0 0,2 0,0 0,0 0,0 0,0 1,0
LEAF 13,1 0,0 4,2 0,0 0,2 0,0 0,0 0,0 1,0 0,0
LEAF 13,1 0,0 4,2 0,0 0,2 0,0 0,0 1,0 0,0 0,0
LEAF 13,1 0,0 4,2 0,0 0,2 0,0 1,0 0,0 0,0 0,0
LEAF 13,1 0,0 4,2 0,0 0,2 1,0 0,0 0,0 0,0 0,0
LEAF 13,1 0,0 4,2 1,0 0,0 0,0 0,0 0,0 0,0 0,2
LEAF 13,1 0,0 4,2 1,0 0,0 0,0 0,0 0,2 0,0 0,0
LEAF 13,1 0,0 4,2 1,0 0,0 0,0 0,2 0,0 0,0 0,0
LEAF 13,1 0,0 4,2 1,0 0,2 0,0 0,0 0,0 0,0 0,0
LEAF 13,1 0,0 4,2 3,0 0,0 0,0 0,0 0,0 0,0 0,0
LEAF 13,1 0,0 4,2 0,1 0,0 0,0 0,0 0,0 0,0 1,1
LEAF 13,1 0,0 4,2 0,1 0,0 0,0 0,1 0,0 0,0 0,1
LEAF 13,1 0,0 4,2 0,1 0,0 0,0 1,1 0,0 0,0 0,0
LEAF 13,1 0,0 4,2 1,1 0,0 0,0 0,0 0,0 0,0 0,1
LEAF 13,1 0,0 4,2 1,1 0,0 0,0 0,1 0,0 0,0 0,0
LEAF 13,1 0,0 4,2 0,2 0,0 0,0 0,0 0,0 0,0 1,0
LEAF 13,1 0,0 4,2 0,2 0,0 0,0 1,0 0,0 0,0 0,0
LEAF 13,1 0,0 0,3 0,0 0,0 0,0 0,0 0,0 1,0 9,0
LEAF 13,1 0,0 0,3 0,0 0,0 0,0 0,0 0,0 1,0 1,4
LEAF 13,1 0,0 0,3 0,0 0,0 0,0 0,0 0,0 0,1 2,3
LEAF 13,1 0,0 0,3 0,0 0,0 0,0 0,0 0,0 2,3 0,1
LEAF 13,1 0,0 0,3 0,0 0,0 0,0 0,0 0,0 1,4 1,0
LEAF 13,1 0,0 0,3 0,0 0,0 0,0 0,0 1,0 0,0 9,0
LEAF 13,1 0,0 0,3 0,0 0,0 0,0 0,0 1,0 0,0 1,4
LEAF 13,1 0,0 0,3 0,0 0,0 0,0 0,0 0,1 0,0 2,3
LEAF 13,1 0,0 0,3 0,0 0,0 0,0 0,0 2,3 0,0 0,1
LEAF 13,1 0,0 0,3 0,0 0,0 0,0 0,0 1,4 0,0 1,0
LEAF 13,1 0,0 0,3 0,0 0,0 0,0 0,0 1,4 1,0 0,0
LEAF 13,1 0,0 0,3 0,0 0,0 0,0 1,0 0,0 0,0 9,0
LEAF 13,1 0,0 0,3 0,0 0,0 0,0 1,0 0,0 0,0 1,4
LEAF 13,1 0,0 0,3 0,0 0,0 0,0 1,0 1,4 0,0 0,0
LEAF 13,1 0,0 0,3 0,0 0,0 0,0 0,1 0,0 0,0 2,3
LEAF 13,1 0,0 0,3 0,0 0,0 0,0 2,3 0,0 0,0 0,1
LEAF 13,1 0,0 0,3 0,0 0,0 0,0 1,4 0,0 0,0 1,0
LEAF 13,1 0,0 0,3 0,0 0,0 1,0 0,0 0,0 0,0 9,0
LEAF 13,1 0,0 0,3 0,0 0,0 1,0 0,0 0,0 0,0 1,4
LEAF 13,1 0,0 0,3 0,0 0,0 1,0 0,0 0,0 1,4 0,0
LEAF 13,1 0,0 0,3 0,0 0,0 1,0 0,0 1,4 0,0 0,0
LEAF 13,1 0,0 0,3 0,0 0,0 1,0 1,4 0,0 0,0 0,0
LEAF 13,1 0,0 0,3 0,0 0,0 0,1 0,0 0,0 0,0 2,3
LEAF 13,1 0,0 0,3 0,0 0,0 0,1 0,0 0,0 2,3 0,0
LEAF 13,1 0,0 0,3 0,0 0,0 0,1 0,0 2,3 0,0 0,0
LEAF 13,1 0,0 0,3 0,0 0,0 0,1 2,3 0,0 0,0 0,0
LEAF 13,1 0,0 0,3 0,0 0,0 2,3 0,0 0,0 0,0 0,1
LEAF 13,1 0,0 0,3 0,0 0,0 2,3 0,0 0,0 0,1 0,0
LEAF 13,1 0,0 0,3 0,0 0,0 2,3 0,0 0,1 0,0 0,0
LEAF 13,1 0,0 0,3 0,0 0,0 2,3 0,1 0,0 0,0 0,0
LEAF 13,1 0,0 0,3 0,0 0,0 1,4 0,0 0,0 0,0 1,0
LEAF 13,1 0,0 0,3 0,0 0,0 1,4 0,0 0,0 1,0 0,0
LEAF 13,1 0,0 0,3 0,0 0,0 1,4 0,0 1,0 0,0 0,0
LEAF 13,1 0,0 0,3 0,0 0,0 1,4 1,0 0,0 0,0 0,0
LEAF 13,1 0,0 0,3 0,0 1,0 0,0 0,0 0,0 0,0 9,0
LEAF 13,1 0,0 0,3 0,0 1,0 0,0 0,0 0,0 0,0 1,4
LEAF 13,1 0,0 0,3 0,0 1,0 0,0 0,0 1,4 0,0 0,0
LEAF 13,1 0,0 0,3 0,0 1,0 0,0 1,4 0,0 0,0 0,0
LEAF 13,1 0,0 0,3 0,0 0,1 0,0 0,0 0,0 0,0 2,3
LEAF 13,1 0,0 0,3 0,0 0,1 0,0 0,0 2,3 0,0 0,0
LEAF 13,1 0,0 0,3 0,0 0,1 0,0 2,3 0,0 0,0 0,0
LEAF 13,1 0,0 0,3 0,0 2,3 0,0 0,0 0,0 0,0 0,1
LEAF 13,1 0,0 0,3 0,0 2,3 0,0 0,0 0,1 0,0 0,0
LEAF 13,1 0,0 0,3 0,0 2,3 0,0 0,1 0,0 0,0 0,0
LEAF 13,1 0,0 0,3 0,0 1,4 0,0 0,0 0,0 0,0 1,0
LEAF 13,1 0,0 0,3 0,0 1,4 0,0 0,0 0,0 1,0 0,0
LEAF 13,1 0,0 0,3 0,0 1,4 0,0 0,0 1,0 0,0 0,0
LEAF 13,1 0,0 0,3 0,0 1,4 0,0 1,0 0,0 0,0 0,0
LEAF 13,1 0,0 0,3 0,0 1,4 1,0 0,0 0,0 0,0 0,0
LEAF 13,1 0,0 0,3 1,0 0,0 0,0 0,0 0,0 0,0 9,0
LEAF 13,1 0,0 0,3 1,0 0,0 0,0 0,0 0,0 0,0 1,4
LEAF 13,1 0,0 0,3 1,0 0,0 0,0 0,0 1,4 0,0 0,0
LEAF 13,1 0,0 0,3 1,0 0,0 0,0 1,4 0,0 0,0 0,0
LEAF 13,1 0,0 0,3 1,0 1,4 0,0 0,0 0,0 0,0 0,0
LEAF 13,1 0,0 0,3 0,1 0,0 0,0 0,0 0,0 0,0 2,3
LEAF 13,1 0,0 0,3 0,1 0,0 0,0 2,3 0,0 0,0 0,0
LEAF 13,1 0,0 0,3 2,3 0,0 0,0 0,0 0,0 0,0 0,1
LEAF 13,1 0,0 0,3 2,3 0,0 0,0 0,1 0,0 0,0 0,0
LEAF 13,1 0,0 0,3 1,4 0,0 0,0 0,0 0,0 0,0 1,0
LEAF 13,1 0,0 0,3 1,4 0,0 0,0 1,0 0,0 0,0 0,0
LEAF 13,1 0,0 1,3 0,0 0,0 0,0 0,0 0,0 0,0 4,1
LEAF 13,1 0,0 1,3 0,0 0,0 0,0 0,0 0,0 4,1 0,0
LEAF 13,1 0,0 1,3 0,0 0,0 0,0 0,0 4,1 0,0 0,0
LEAF 13,1 0,0 1,3 0,0 0,0 0,0 4,1 0,0 0,0 0,0
LEAF 13,1 0,0 1,3 0,0 0,0 4,1 0,0 0,0 0,0 0,0
LEAF 13,1 0,0 1,3 0,0 4,1 0,0 0,0 0,0 0,0 0,0
LEAF 13,1 0,0 1,3 4,1 0,0 0,0 0,0 0,0 0,0 0,0
LEAF 13,1 0,0 2,3 0,0 0,0 0,0 0,0 0,0 0,0 3,1
LEAF 13,1 0,0 2,3 0,0 0,0 0,0 0,0 0,0 0,1 0,3
LEAF 13,1 0,0 2,3 0,0 0,0 0,0 0,0 0,0 3,1 0,0
LEAF 13,1 0,0 2,3 0,0 0,0 0,0 0,0 0,0 0,3 0,1
LEAF 13,1 0,0 2,3 0,0 0,0 0,0 0,0 0,1 0,0 0,3
LEAF 13,1 0,0 2,3 0,0 0,0 0,0 0,0 3,1 0,0 0,0
LEAF 13,1 0,0 2,3 0,0 0,0 0,0 0,0 0,3 0,0 0,1
LEAF 13,1 0,0 2,3 0,0 0,0 0,0 0,1 0,0 0,0 0,3
LEAF 13,1 0,0 2,3 0,0 0,0 0,0 3,1 0,0 0,0 0,0
LEAF 13,1 0,0 2,3 0,0 0,0 0,0 0,3 0,0 0,0 0,1
LEAF 13,1 0,0 2,3 0,0 0,0 0,1 0,0 0,0 0,0 0,3
LEAF 13,1 0,0 2,3 0,0 0,0 0,1 0,0 0,0 0,3 0,0
LEAF 13,1 0,0 2,3 0,0 0,0 0,1 0,0 0,3 0,0 0,0
LEAF 13,1 0,0 2,3 0,0 0,0 0,1 0,3 0,0 0,0 0,0
LEAF 13,1 0,0 2,3 0,0 0,0 3,1 0,0 0,0 0,0 0,0
LEAF 13,1 0,0 2,3 0,0 0,0 0,3 0,0 0,0 0,0 0,1
LEAF 13,1 0,0 2,3 0,0 0,0 0,3 0,0 0,0 0,1 0,0
LEAF 13,1 0,0 2,3 0,0 0,0 0,3 0,0 0,1 0,0 0,0
LEAF 13,1 0,0 2,3 0,0 0,0 0,3 0,1 0,0 0,0 0,0
LEAF 13,1 0,0 2,3 0,0 0,1 0,0 0,0 0,0 0,0 0,3
LEAF 13,1 0,0 2,3 0,0 0,1 0,0 0,0 0,3 0,0 0,0
LEAF 13,1 0,0 2,3 0,0 0,1 0,0 0,3 0,0 0,0 0,0
LEAF 13,1 0,0 2,3 0,0 3,1 0,0 0,0 0,0 0,0 0,0
LEAF 13,1 0,0 2,3 0,0 0,3 0,0 0,0 0,0 0,0 0,1
LEAF 13,1 0,0 2,3 0,0 0,3 0,0 0,0 0,1 0,0 0,0
LEAF 13,1 0,0 2,3 0,0 0,3 0,0 0,1 0,0 0,0 0,0
LEAF 13,1 0,0 2,3 0,1 0,0 0,0 0,0 0,0 0,0 0,3
LEAF 13,1 0,0 2,3 0,1 0,0 0,0 0,3 0,0 0,0 0,0
LEAF 13,1 0,0 2,3 3,1 0,0 0,0 0,0 0,0 0,0 0,0
LEAF 13,1 0,0 2,3 0,3 0,0 0,0 0,0 0,0 0,0 0,1
LEAF 13,1 0,0 2,3 0,3 0,0 0,0 0,1 0,0 0,0 0,0
LEAF 13,1 0,0 3,3 0,0 0,0 0,0 0,0 0,0 1,0 1,1
LEAF 13,1 0,0 3,3 0,0 0,0 0,0 0,0 0,0 2,0 0,1
LEAF 13,1 0,0 3,3 0,0 0,0 0,0 0,0 0,0 0,1 2,0
LEAF 13,1 0,0 3,3 0,0 0,0 0,0 0,0 0,0 1,1 1,0
LEAF 13,1 0,0 3,3 0,0 0,0 0,0 0,0 1,0 0,0 1,1
LEAF 13,1 0,0 3,3 0,0 0,0 0,0 0,0 2,0 0,0 0,1
LEAF 13,1 0,0 3,3 0,0 0,0 0,0 0,0 0,1 0,0 2,0
LEAF 13,1 0,0 3,3 0,0 0,0 0,0 0,0 0,1 1,0 0,1
LEAF 13,1 0,0 3,3 0,0 0,0 0,0 0,0 1,1 0,0 1,0
LEAF 13,1 0,0 3,3 0,0 0,0 0,0 0,0 1,1 1,0 0,0
LEAF 13,1 0,0 3,3 0,0 0,0 0,0 1,0 0,0 0,0 1,1
LEAF 13,1 0,0 3,3 0,0 0,0 0,0 1,0 0,1 0,0 0,1
LEAF 13,1 0,0 3,3 0,0 0,0 0,0 1,0 1,1 0,0 0,0
LEAF 13,1 0,0 3,3 0,0 0,0 0,0 2,0 0,0 0,0 0,1
LEAF 13,1 0,0 3,3 0,0 0,0 0,0 0,1 0,0 0,0 2,0
LEAF 13,1 0,0 3,3 0,0 0,0 0,0 1,1 0,0 0,0 1,0
LEAF 13,1 0,0 3,3 0,0 0,0 1,0 0,0 0,0 0,0 1,1
LEAF 13,1 0,0 3,3 0,0 0,0 1,0 0,0 0,0 0,1 0,1
LEAF 13,1 0,0 3,3 0,0 0,0 1,0 0,0 0,0 1,1 0,0
LEAF 13,1 0,0 3,3 0,0 0,0 1,0 0,0 0,1 0,0 0,1
LEAF 13,1 0,0 3,3 0,0 0,0 1,0 0,0 1,1 0,0 0,0
LEAF 13,1 0,0 3,3 0,0 0,0 1,0 0,1 0,0 0,0 0,1
LEAF 13,1 0,0 3,3 0,0 0,0 1,0 1,1 0,0 0,0 0,0
LEAF 13,1 0,0 3,3 0,0 0,0 2,0 0,0 0,0 0,0 0,1
LEAF 13,1 0,0 3,3 0,0 0,0 2,0 0,0 0,0 0,1 0,0
LEAF 13,1 0,0 3,3 0,0 0,0 2,0 0,0 0,1 0,0 0,0
LEAF 13,1 0,0 3,3 0,0 0,0 2,0 0,1 0,0 0,0 0,0
LEAF 13,1 0,0 3,3 0,0 0,0 0,1 0,0 0,0 0,0 2,0
LEAF 13,1 0,0 3,3 0,0 0,0 0,1 0,0 0,0 1,0 0,1
LEAF 13,1 0,0 3,3 0,0 0,0 0,1 0,0 0,0 2,0 0,0
LEAF 13,1 0,0 3,3 0,0 0,0 0,1 0,0 0,0 0,1 1,0
LEAF 13,1 0,0 3,3 0,0 0,0 0,1 0,0 1,0 0,0 0,1
LEAF 13,1 0,0 3,3 0,0 0,0 0,1 0,0 2,0 0,0 0,0
LEAF 13,1 0,0 3,3 0,0 0,0 0,1 0,0 0,1 0,0 1,0
LEAF 13,1 0,0 3,3 0,0 0,0 0,1 0,0 0,1 1,0 0,0
LEAF 13,1 0,0 3,3 0,0 0,0 0,1 1,0 0,0 0,0 0,1
LEAF 13,1 0,0 3,3 0,0 0,0 0,1 1,0 0,1 0,0 0,0
LEAF 13,1 0,0 3,3 0,0 0,0 0,1 2,0 0,0 0,0 0,0
LEAF 13,1 0,0 3,3 0,0 0,0 0,1 0,1 0,0 0,0 1,0
LEAF 13,1 0,0 3,3 0,0 0,0 1,1 0,0 0,0 0,0 1,0
LEAF 13,1 0,0 3,3 0,0 0,0 1,1 0,0 0,0 1,0 0,0
LEAF 13,1 0,0 3,3 0,0 0,0 1,1 0,0 1,0 0,0 0,0
LEAF 13,1 0,0 3,3 0,0 0,0 1,1 1,0 0,0 0,0 0,0
LEAF 13,1 0,0 3,3 0,0 1,0 0,0 0,0 0,0 0,0 1,1
LEAF 13,1 0,0 3,3 0,0 1,0 0,0 0,0 0,1 0,0 0,1
LEAF 13,1 0,0 3,3 0,0 1,0 0,0 0,0 1,1 0,0 0,0
LEAF 13,1 0,0 3,3 0,0 1,0 0,0 0,1 0,0 0,0 0,1
LEAF 13,1 0,0 3,3 0,0 1,0 0,0 1,1 0,0 0,0 0,0
LEAF 13,1 0,0 3,3 0,0 2,0 0,0 0,0 0,0 0,0 0,1
LEAF 13,1 0,0 3,3 0,0 2,0 0,0 0,0 0,1 0,0 0,0
LEAF 13,1 0,0 3,3 0,0 2,0 0,0 0,1 0,0 0,0 0,0
LEAF 13,1 0,0 3,3 0,0 0,1 0,0 0,0 0,0 0,0 2,0
LEAF 13,1 0,0 3,3 0,0 0,1 0,0 0,0 0,0 1,0 0,1
LEAF 13,1 0,0 3,3 0,0 0,1 0,0 0,0 1,0 0,0 0,1
LEAF 13,1 0,0 3,3 0,0 0,1 0,0 0,0 2,0 0,0 0,0
LEAF 13,1 0,0 3,3 0,0 0,1 0,0 0,0 0,1 0,0 1,0
LEAF 13,1 0,0 3,3 0,0 0,1 0,0 0,0 0,1 1,0 0,0
LEAF 13,1 0,0 3,3 0,0 0,1 0,0 1,0 0,0 0,0 0,1
LEAF 13,1 0,0 3,3 0,0 0,1 0,0 2,0 0,0 0,0 0,0
LEAF 13,1 0,0 3,3 0,0 0,1 0,0 0,1 0,0 0,0 1,0
LEAF 13,1 0,0 3,3 0,0 0,1 1,0 0,0 0,0 0,0 0,1
LEAF 13,1 0,0 3,3 0,0 0,1 1,0 0,1 0,0 0,0 0,0
LEAF 13,1 0,0 3,3 0,0 1,1 0,0 0,0 0,0 0,0 1,0
LEAF 13,1 0,0 3,3 0,0 1,1 0,0 0,0 0,0 1,0 0,0
LEAF 13,1 0,0 3,3 0,0 1,1 0,0 0,0 1,0 0,0 0,0
LEAF 13,1 0,0 3,3 0,0 1,1 0,0 1,0 0,0 0,0 0,0
LEAF 13,1 0,0 3,3 0,0 1,1 1,0 0,0 0,0 0,0 0,0
LEAF 13,1 0,0 3,3 1,0 0,0 0,0 0,0 0,0 0,0 1,1
LEAF 13,1 0,0 3,3 1,0 0,0 0,0 0,0 0,1 0,0 0,1
LEAF 13,1 0,0 3,3 1,0 0,0 0,0 0,0 1,1 0,0 0,0
LEAF 13,1 0,0 3,3 1,0 0,0 0,0 0,1 0,0 0,0 0,1
LEAF 13,1 0,0 3,3 1,0 0,0 0,0 1,1 0,0 0,0 0,0
LEAF 13,1 0,0 3,3 1,0 0,1 0,0 0,0 0,0 0,0 0,1
LEAF 13,1 0,0 3,3 1,0 0,1 0,0 0,0 0,1 0,0 0,0
LEAF 13,1 0,0 3,3 1,0 0,1 0,0 0,1 0,0 0,0 0,0
LEAF 13,1 0,0 3,3 1,0 1,1 0,0 0,0 0,0 0,0 0,0
LEAF 13,1 0,0 3,3 2,0 0,0 0,0 0,0 0,0 0,0 0,1
LEAF 13,1 0,0 3,3 2,0 0,0 0,0 0,1 0,0 0,0 0,0
LEAF 13,1 0,0 3,3 0,1 0,0 0,0 0,0 0,0 0,0 2,0
LEAF 13,1 0,0 3,3 0,1 0,0 0,0 1,0 0,0 0,0 0,1
LEAF 13,1 0,0 3,3 0,1 0,0 0,0 2,0 0,0 0,0 0,0
LEAF 13,1 0,0 3,3 0,1 0,0 0,0 0,1 0,0 0,0 1,0
LEAF 13,1 0,0 3,3 1,1 0,0 0,0 0,0 0,0 0,0 1,0
LEAF 13,1 0,0 3,3 1,1 0,0 0,0 1,0 0,0 0,0 0,0
LEAF 13,1 0,0 0,4 0,0 0,0 0,0 0,0 0,0 0,0 5,0
LEAF 13,1 0,0 0,4 0,0 0,0 0,0 0,0 0,0 5,0 0,0
LEAF 13,1 0,0 0,4 0,0 0,0 0,0 0,0 5,0 0,0 0,0
LEAF 13,1 0,0 0,4 0,0 0,0 0,0 5,0 0,0 0,0 0,0
LEAF 13,1 0,0 0,4 0,0 0,0 5,0 0,0 0,0 0,0 0,0
LEAF 13,1 0,0 0,4 0,0 5,0 0,0 0,0 0,0 0,0 0,0
LEAF 13,1 0,0 0,4 5,0 0,0 0,0 0,0 0,0 0,0 0,0
LEAF 13,1 0,0 1,4 0,0 0,0 0,0 0,0 0,0 0,0 4,0
LEAF 13,1 0,0 1,4 0,0 0,0 0,0 0,0 0,0 1,0 0,3
LEAF 13,1 0,0 1,4 0,0 0,0 0,0 0,0 0,0 4,0 0,0
LEAF 13,1 0,0 1,4 0,0 0,0 0,0 0,0 0,0 0,1 1,2
LEAF 13,1 0,0 1,4 0,0 0,0 0,0 0,0 0,0 1,2 0,1
LEAF 13,1 0,0 1,4 0,0 0,0 0,0 0,0 0,0 0,3 1,0
LEAF 13,1 0,0 1,4 0,0 0,0 0,0 0,0 1,0 0,0 0,3
LEAF 13,1 0,0 1,4 0,0 0,0 0,0 0,0 4,0 0,0 0,0
LEAF 13,1 0,0 1,4 0,0 0,0 0,0 0,0 0,1 0,0 1,2
LEAF 13,1 0,0 1,4 0,0 0,0 0,0 0,0 1,2 0,0 0,1
LEAF 13,1 0,0 1,4 0,0 0,0 0,0 0,0 0,3 0,0 1,0
LEAF 13,1 0,0 1,4 0,0 0,0 0,0 0,0 0,3 1,0 0,0
LEAF 13,1 0,0 1,4 0,0 0,0 0,0 1,0 0,0 0,0 0,3
LEAF 13,1 0,0 1,4 0,0 0,0 0,0 1,0 0,3 0,0 0,0
LEAF 13,1 0,0 1,4 0,0 0,0 0,0 4,0 0,0 0,0 0,0
LEAF 13,1 0,0 1,4 0,0 0,0 0,0 0,1 0,0 0,0 1,2
LEAF 13,1 0,0 1,4 0,0 0,0 0,0 1,2 0,0 0,0 0,1
LEAF 13,1 0,0 1,4 0,0 0,0 0,0 0,3 0,0 0,0 1,0
LEAF 13,1 0,0 1,4 0,0 0,0 1,0 0,0 0,0 0,0 0,3
LEAF 13,1 0,0 1,4 0,0 0,0 1,0 0,0 0,0 0,3 0,0
LEAF 13,1 0,0 1,4 0,0 0,0 1,0 0,0 0,3 0,0 0,0
LEAF 13,1 0,0 1,4 0,0 0,0 1,0 0,3 0,0 0,0 0,0
LEAF 13,1 0,0 1,4 0,0 0,0 4,0 0,0 0,0 0,0 0,0
LEAF 13,1 0,0 1,4 0,0 0,0 0,1 0,0 0,0 0,0 1,2
LEAF 13,1 0,0 1,4 0,0 0,0 0,1 0,0 0,0 1,2 0,0
LEAF 13,1 0,0 1,4 0,0 0,0 0,1 0,0 1,2 0,0 0,0
LEAF 13,1 0,0 1,4 0,0 0,0 0,1 1,2 0,0 0,0 0,0
LEAF 13,1 0,0 1,4 0,0 0,0 1,2 0,0 0,0 0,0 0,1
LEAF 13,1 0,0 1,4 0,0 0,0 1,2 0,0 0,0 0,1 0,0
LEAF 13,1 0,0 1,4 0,0 0,0 1,2 0,0 0,1 0,0 0,0
LEAF 13,1 0,0 1,4 0,0 0,0 1,2 0,1 0,0 0,0 0,0
LEAF 13,1 0,0 1,4 0,0 0,0 0,3 0,0 0,0 0,0 1,0
LEAF 13,1 0,0 1,4 0,0 0,0 0,3 0,0 0,0 1,0 0,0
LEAF 13,1 0,0 1,4 0,0 0,0 0,3 0,0 1,0 0,0 0,0
LEAF 13,1 0,0 1,4 0,0 0,0 0,3 1,0 0,0 0,0 0,0
LEAF 13,1 0,0 1,4 0,0 1,0 0,0 0,0 0,0 0,0 0,3
LEAF 13,1 0,0 1,4 0,0 1,0 0,0 0,0 0,3 0,0 0,0
LEAF 13,1 0,0 1,4 0,0 1,0 0,0 0,3 0,0 0,0 0,0
LEAF 13,1 0,0 1,4 0,0 4,0 0,0 0,0 0,0 0,0 0,0
LEAF 13,1 0,0 1,4 0,0 0,1 0,0 0,0 0,0 0,0 1,2
LEAF 13,1 0,0 1,4 0,0 0,1 0,0 0,0 1,2 0,0 0,0
LEAF 13,1 0,0 1,4 0,0 0,1 0,0 1,2 0,0 0,0 0,0
LEAF 13,1 0,0 1,4 0,0 1,2 0,0 0,0 0,0 0,0 0,1
LEAF 13,1 0,0 1,4 0,0 1,2 0,0 0,0 0,1 0,0 0,0
LEAF 13,1 0,0 1,4 0,0 1,2 0,0 0,1 0,0 0,0 0,0
LEAF 13,1 0,0 1,4 0,0 0,3 0,0 0,0 0,0 0,0 1,0
LEAF 13,1 0,0 1,4 0,0 0,3 0,0 0,0 0,0 1,0 0,0
LEAF 13,1 0,0 1,4 0,0 0,3 0,0 0,0 1,0 0,0 0,0
LEAF 13,1 0,0 1,4 0,0 0,3 0,0 1,0 0,0 0,0 0,0
LEAF 13,1 0,0 1,4 0,0 0,3 1,0 0,0 0,0 0,0 0,0
LEAF 13,1 0,0 1,4 1,0 0,0 0,0 0,0 0,0 0,0 0,3
LEAF 13,1 0,0 1,4 1,0 0,0 0,0 0,0 0,3 0,0 0,0
LEAF 13,1 0,0 1,4 1,0 0,0 0,0 0,3 0,0 0,0 0,0
LEAF 13,1 0,0 1,4 1,0 0,3 0,0 0,0 0,0 0,0 0,0
LEAF 13,1 0,0 1,4 4,0 0,0 0,0 0,0 0,0 0,0 0,0
LEAF 13,1 0,0 1,4 0,1 0,0 0,0 0,0 0,0 0,0 1,2
LEAF 13,1 0,0 1,4 0,1 0,0 0,0 1,2 0,0 0,0 0,0
LEAF 13,1 0,0 1,4 1,2 0,0 0,0 0,0 0,0 0,0 0,1
LEAF 13,1 0,0 1,4 1,2 0,0 0,0 0,1 0,0 0,0 0,0
LEAF 13,1 0,0 1,4 0,3 0,0 0,0 0,0 0,0 0,0 1,0
LEAF 13,1 0,0 1,4 0,3 0,0 0,0 1,0 0,0 0,0 0,0
LEAF 13,1 0,0 2,4 0,0 0,0 0,0 0,0 0,0 0,0 0,2
LEAF 13,1 0,0 2,4 0,0 0,0 0,0 0,0 0,0 1,0 2,0
LEAF 13,1 0,0 2,4 0,0 0,0 0,0 0,0 0,0 2,0 1,0
LEAF 13,1 0,0 2,4 0,0 0,0 0,0 0,0 0,0 0,2 0,0
LEAF 13,1 0,0 2,4 0,0 0,0 0,0 0,0 1,0 0,0 2,0
LEAF 13,1 0,0 2,4 0,0 0,0 0,0 0,0 1,0 1,0 0,1
LEAF 13,1 0,0 2,4 0,0 0,0 0,0 0,0 1,0 2,0 0,0
LEAF 13,1 0,0 2,4 0,0 0,0 0,0 0,0 2,0 0,0 1,0
LEAF 13,1 0,0 2,4 0,0 0,0 0,0 0,0 2,0 1,0 0,0
LEAF 13,1 0,0 2,4 0,0 0,0 0,0 0,0 0,1 1,0 1,0
LEAF 13,1 0,0 2,4 0,0 0,0 0,0 0,0 0,2 0,0 0,0
LEAF 13,1 0,0 2,4 0,0 0,0 0,0 1,0 0,0 0,0 2,0
LEAF 13,1 0,0 2,4 0,0 0,0 0,0 1,0 0,0 1,0 0,1
LEAF 13,1 0,0 2,4 0,0 0,0 0,0 1,0 1,0 0,0 0,1
LEAF 13,1 0,0 2,4 0,0 0,0 0,0 1,0 2,0 0,0 0,0
LEAF 13,1 0,0 2,4 0,0 0,0 0,0 1,0 0,1 0,0 1,0
LEAF 13,1 0,0 2,4 0,0 0,0 0,0 1,0 0,1 1,0 0,0
LEAF 13,1 0,0 2,4 0,0 0,0 0,0 2,0 0,0 0,0 1,0
LEAF 13,1 0,0 2,4 0,0 0,0 0,0 2,0 1,0 0,0 0,0
LEAF 13,1 0,0 2,4 0,0 0,0 0,0 0,2 0,0 0,0 0,0
LEAF 13,1 0,0 2,4 0,0 0,0 1,0 0,0 0,0 0,0 2,0
LEAF 13,1 0,0 2,4 0,0 0,0 1,0 0,0 0,0 1,0 0,1
LEAF 13,1 0,0 2,4 0,0 0,0 1,0 0,0 0,0 2,0 0,0
LEAF 13,1 0,0 2,4 0,0 0,0 1,0 0,0 0,0 0,1 1,0
LEAF 13,1 0,0 2,4 0,0 0,0 1,0 0,0 1,0 0,0 0,1
LEAF 13,1 0,0 2,4 0,0 0,0 1,0 0,0 2,0 0,0 0,0
LEAF 13,1 0,0 2,4 0,0 0,0 1,0 0,0 0,1 0,0 1,0
LEAF 13,1 0,0 2,4 0,0 0,0 1,0 0,0 0,1 1,0 0,0
LEAF 13,1 0,0 2,4 0,0 0,0 1,0 1,0 0,0 0,0 0,1
LEAF 13,1 0,0 2,4 0,0 0,0 1,0 1,0 0,1 0,0 0,0
LEAF 13,1 0,0 2,4 0,0 0,0 1,0 2,0 0,0 0,0 0,0
LEAF 13,1 0,0 2,4 0,0 0,0 1,0 0,1 0,0 0,0 1,0
LEAF 13,1 0,0 2,4 0,0 0,0 2,0 0,0 0,0 0,0 1,0
LEAF 13,1 0,0 2,4 0,0 0,0 2,0 0,0 0,0 1,0 0,0
LEAF 13,1 0,0 2,4 0,0 0,0 2,0 0,0 1,0 0,0 0,0
LEAF 13,1 0,0 2,4 0,0 0,0 2,0 1,0 0,0 0,0 0,0
LEAF 13,1 0,0 2,4 0,0 0,0 0,1 0,0 0,0 1,0 1,0
LEAF 13,1 0,0 2,4 0,0 0,0 0,1 0,0 1,0 0,0 1,0
LEAF 13,1 0,0 2,4 0,0 0,0 0,1 0,0 1,0 1,0 0,0
LEAF 13,1 0,0 2,4 0,0 0,0 0,1 1,0 0,0 0,0 1,0
LEAF 13,1 0,0 2,4 0,0 0,0 0,1 1,0 0,0 1,0 0,0
LEAF 13,1 0,0 2,4 0,0 0,0 0,1 1,0 1,0 0,0 0,0
LEAF 13,1 0,0 2,4 0,0 0,0 0,2 0,0 0,0 0,0 0,0
LEAF 13,1 0,0 2,4 0,0 1,0 0,0 0,0 0,0 0,0 2,0
LEAF 13,1 0,0 2,4 0,0 1,0 0,0 0,0 0,0 1,0 0,1
LEAF 13,1 0,0 2,4 0,0 1,0 0,0 0,0 0,0 2,0 0,0
LEAF 13,1 0,0 2,4 0,0 1,0 0,0 0,0 1,0 0,0 0,1
LEAF 13,1 0,0 2,4 0,0 1,0 0,0 0,0 2,0 0,0 0,0
LEAF 13,1 0,0 2,4 0,0 1,0 0,0 0,0 0,1 0,0 1,0
LEAF 13,1 0,0 2,4 0,0 1,0 0,0 0,0 0,1 1,0 0,0
LEAF 13,1 0,0 2,4 0,0 1,0 0,0 1,0 0,0 0,0 0,1
LEAF 13,1 0,0 2,4 0,0 1,0 0,0 2,0 0,0 0,0 0,0
LEAF 13,1 0,0 2,4 0,0 1,0 0,0 0,1 0,0 0,0 1,0
LEAF 13,1 0,0 2,4 0,0 1,0 1,0 0,0 0,0 0,0 0,1
LEAF 13,1 0,0 2,4 0,0 1,0 1,0 0,0 0,1 0,0 0,0
LEAF 13,1 0,0 2,4 0,0 1,0 1,0 0,1 0,0 0,0 0,0
LEAF 13,1 0,0 2,4 0,0 1,0 2,0 0,0 0,0 0,0 0,0
LEAF 13,1 0,0 2,4 0,0 2,0 0,0 0,0 0,0 0,0 1,0
LEAF 13,1 0,0 2,4 0,0 2,0 0,0 0,0 0,0 1,0 0,0
LEAF 13,1 0,0 2,4 0,0 2,0 0,0 0,0 1,0 0,0 0,0
LEAF 13,1 0,0 2,4 0,0 2,0 0,0 1,0 0,0 0,0 0,0
LEAF 13,1 0,0 2,4 0,0 2,0 1,0 0,0 0,0 0,0 0,0
LEAF 13,1 0,0 2,4 0,0 0,1 0,0 0,0 0,0 1,0 1,0
LEAF 13,1 0,0 2,4 0,0 0,1 0,0 0,0 1,0 0,0 1,0
LEAF 13,1 0,0 2,4 0,0 0,1 0,0 0,0 1,0 1,0 0,0
LEAF 13,1 0,0 2,4 0,0 0,1 0,0 1,0 0,0 0,0 1,0
LEAF 13,1 0,0 2,4 0,0 0,1 0,0 1,0 1,0 0,0 0,0
LEAF 13,1 0,0 2,4 0,0 0,1 1,0 0,0 0,0 0,0 1,0
LEAF 13,1 0,0 2,4 0,0 0,1 1,0 1,0 0,0 0,0 0,0
LEAF 13,1 0,0 2,4 0,0 0,2 0,0 0,0 0,0 0,0 0,0
LEAF 13,1 0,0 2,4 1,0 0,0 0,0 0,0 0,0 0,0 2,0
LEAF 13,1 0,0 2,4 1,0 0,0 0,0 0,0 0,0 1,0 0,1
LEAF 13,1 0,0 2,4 1,0 0,0 0,0 0,0 1,0 0,0 0,1
LEAF 13,1 0,0 2,4 1,0 0,0 0,0 0,0 2,0 0,0 0,0
LEAF 13,1 0,0 2,4 1,0 0,0 0,0 0,0 0,1 0,0 1,0
LEAF 13,1 0,0 2,4 1,0 0,0 0,0 0,0 0,1 1,0 0,0
LEAF 13,1 0,0 2,4 1,0 0,0 0,0 1,0 0,0 0,0 0,1
LEAF 13,1 0,0 2,4 1,0 0,0 0,0 2,0 0,0 0,0 0,0
LEAF 13,1 0,0 2,4 1,0 0,0 0,0 0,1 0,0 0,0 1,0
LEAF 13,1 0,0 2,4 1,0 0,0 1,0 0,0 0,0 0,0 0,1
LEAF 13,1 0,0 2,4 1,0 0,0 1,0 0,1 0,0 0,0 0,0
LEAF 13,1 0,0 2,4 1,0 1,0 0,0 0,0 0,0 0,0 0,1
LEAF 13,1 0,0 2,4 1,0 1,0 0,0 0,0 0,1 0,0 0,0
LEAF 13,1 0,0 2,4 1,0 1,0 0,0 0,1 0,0 0,0 0,0
LEAF 13,1 0,0 2,4 1,0 2,0 0,0 0,0 0,0 0,0 0,0
LEAF 13,1 0,0 2,4 1,0 0,1 0,0 0,0 0,0 0,0 1,0
LEAF 13,1 0,0 2,4 1,0 0,1 0,0 0,0 0,0 1,0 0,0
LEAF 13,1 0,0 2,4 1,0 0,1 0,0 0,0 1,0 0,0 0,0
LEAF 13,1 0,0 2,4 1,0 0,1 0,0 1,0 0,0 0,0 0,0
LEAF 13,1 0,0 2,4 1,0 0,1 1,0 0,0 0,0 0,0 0,0
LEAF 13,1 0,0 2,4 2,0 0,0 0,0 0,0 0,0 0,0 1,0
LEAF 13,1 0,0 2,4 2,0 0,0 0,0 0,0 1,0 0,0 0,0
LEAF 13,1 0,0 2,4 2,0 0,0 0,0 1,0 0,0 0,0 0,0
LEAF 13,1 0,0 2,4 2,0 1,0 0,0 0,0 0,0 0,0 0,0
LEAF 13,1 0,0 2,4 0,1 0,0 0,0 1,0 0,0 0,0 1,0
LEAF 13,1 0,0 2,4 0,2 0,0 0,0 0,0 0,0 0,0 0,0
LEAF 13,1 0,0 0,5 0,0 0,0 0,0 0,0 0,0 1,0 1,2
LEAF 13,1 0,0 0,5 0,0 0,0 0,0 0,0 0,0 0,1 2,1
LEAF 13,1 0,0 0,5 0,0 0,0 0,0 0,0 0,0 2,1 0,1
LEAF 13,1 0,0 0,5 0,0 0,0 0,0 0,0 0,0 1,2 1,0
LEAF 13,1 0,0 0,5 0,0 0,0 0,0 0,0 1,0 0,0 1,2
LEAF 13,1 0,0 0,5 0,0 0,0 0,0 0,0 0,1 0,0 2,1
LEAF 13,1 0,0 0,5 0,0 0,0 0,0 0,0 2,1 0,0 0,1
LEAF 13,1 0,0 0,5 0,0 0,0 0,0 0,0 1,2 0,0 1,0
LEAF 13,1 0,0 0,5 0,0 0,0 0,0 0,0 1,2 1,0 0,0
LEAF 13,1 0,0 0,5 0,0 0,0 0,0 1,0 0,0 0,0 1,2
LEAF 13,1 0,0 0,5 0,0 0,0 0,0 1,0 1,2 0,0 0,0
LEAF 13,1 0,0 0,5 0,0 0,0 0,0 0,1 0,0 0,0 2,1
LEAF 13,1 0,0 0,5 0,0 0,0 0,0 2,1 0,0 0,0 0,1
LEAF 13,1 0,0 0,5 0,0 0,0 0,0 1,2 0,0 0,0 1,0
LEAF 13,1 0,0 0,5 0,0 0,0 1,0 0,0 0,0 0,0 1,2
LEAF 13,1 0,0 0,5 0,0 0,0 1,0 0,0 0,0 1,2 0,0
LEAF 13,1 0,0 0,5 0,0 0,0 1,0 0,0 1,2 0,0 0,0
LEAF 13,1 0,0 0,5 0,0 0,0 1,0 1,2 0,0 0,0 0,0
LEAF 13,1 0,0 0,5 0,0 0,0 0,1 0,0 0,0 0,0 2,1
LEAF 13,1 0,0 0,5 0,0 0,0 0,1 0,0 0,0 2,1 0,0
LEAF 13,1 0,0 0,5 0,0 0,0 0,1 0,0 2,1 0,0 0,0
LEAF 13,1 0,0 0,5 0,0 0,0 0,1 2,1 0,0 0,0 0,0
LEAF 13,1 0,0 0,5 0,0 0,0 2,1 0,0 0,0 0,0 0,1
LEAF 13,1 0,0 0,5 0,0 0,0 2,1 0,0 0,0 0,1 0,0
LEAF 13,1 0,0 0,5 0,0 0,0 2,1 0,0 0,1 0,0 0,0
LEAF 13,1 0,0 0,5 0,0 0,0 2,1 0,1 0,0 0,0 0,0
LEAF 13,1 0,0 0,5 0,0 0,0 1,2 0,0 0,0 0,0 1,0
LEAF 13,1 0,0 0,5 0,0 0,0 1,2 0,0 0,0 1,0 0,0
LEAF 13,1 0,0 0,5 0,0 0,0 1,2 0,0 1,0 0,0 0,0
LEAF 13,1 0,0 0,5 0,0 0,0 1,2 1,0 0,0 0,0 0,0
LEAF 13,1 0,0 0,5 0,0 1,0 0,0 0,0 0,0 0,0 1,2
LEAF 13,1 0,0 0,5 0,0 1,0 0,0 0,0 1,2 0,0 0,0
LEAF 13,1 0,0 0,5 0,0 1,0 0,0 1,2 0,0 0,0 0,0
LEAF 13,1 0,0 0,5 0,0 0,1 0,0 0,0 0,0 0,0 2,1
LEAF 13,1 0,0 0,5 0,0 0,1 0,0 0,0 2,1 0,0 0,0
LEAF 13,1 0,0 0,5 0,0 0,1 0,0 2,1 0,0 0,0 0,0
LEAF 13,1 0,0 0,5 0,0 2,1 0,0 0,0 0,0 0,0 0,1
LEAF 13,1 0,0 0,5 0,0 2,1 0,0 0,0 0,1 0,0 0,0
LEAF 13,1 0,0 0,5 0,0 2,1 0,0 0,1 0,0 0,0 0,0
LEAF 13,1 0,0 0,5 0,0 1,2 0,0 0,0 0,0 0,0 1,0
LEAF 13,1 0,0 0,5 0,0 1,2 0,0 0,0 0,0 1,0 0,0
LEAF 13,1 0,0 0,5 0,0 1,2 0,0 0,0 1,0 0,0 0,0
LEAF 13,1 0,0 0,5 0,0 1,2 0,0 1,0 0,0 0,0 0,0
LEAF 13,1 0,0 0,5 0,0 1,2 1,0 0,0 0,0 0,0 0,0
LEAF 13,1 0,0 0,5 1,0 0,0 0,0 0,0 0,0 0,0 1,2
LEAF 13,1 0,0 0,5 1,0 0,0 0,0 0,0 1,2 0,0 0,0
LEAF 13,1 0,0 0,5 1,0 0,0 0,0 1,2 0,0 0,0 0,0
LEAF 13,1 0,0 0,5 1,0 1,2 0,0 0,0 0,0 0,0 0,0
LEAF 13,1 0,0 0,5 0,1 0,0 0,0 0,0 0,0 0,0 2,1
LEAF 13,1 0,0 0,5 0,1 0,0 0,0 2,1 0,0 0,0 0,0
LEAF 13,1 0,0 0,5 2,1 0,0 0,0 0,0 0,0 0,0 0,1
LEAF 13,1 0,0 0,5 2,1 0,0 0,0 0,1 0,0 0,0 0,0
LEAF 13,1 0,0 0,5 1,2 0,0 0,0 0,0 0,0 0,0 1,0
LEAF 13,1 0,0 0,5 1,2 0,0 0,0 1,0 0,0 0,0 0,0
LEAF 13,1 0,0 1,5 0,0 0,0 0,0 0,0 0,0 0,0 1,1
LEAF 13,1 0,0 1,5 0,0 0,0 0,0 0,0 0,0 0,1 0,1
LEAF 13,1 0,0 1,5 0,0 0,0 0,0 0,0 0,0 1,1 0,0
LEAF 13,1 0,0 1,5 0,0 0,0 0,0 0,0 1,0 1,0 1,0
LEAF 13,1 0,0 1,5 0,0 0,0 0,0 0,0 0,1 0,0 0,1
LEAF 13,1 0,0 1,5 0,0 0,0 0,0 0,0 1,1 0,0 0,0
LEAF 13,1 0,0 1,5 0,0 0,0 0,0 1,0 0,0 1,0 1,0
LEAF 13,1 0,0 1,5 0,0 0,0 0,0 1,0 1,0 0,0 1,0
LEAF 13,1 0,0 1,5 0,0 0,0 0,0 1,0 1,0 1,0 0,0
LEAF 13,1 0,0 1,5 0,0 0,0 0,0 0,1 0,0 0,0 0,1
LEAF 13,1 0,0 1,5 0,0 0,0 0,0 1,1 0,0 0,0 0,0
LEAF 13,1 0,0 1,5 0,0 0,0 1,0 0,0 0,0 1,0 1,0
LEAF 13,1 0,0 1,5 0,0 0,0 1,0 0,0 1,0 0,0 1,0
LEAF 13,1 0,0 1,5 0,0 0,0 1,0 0,0 1,0 1,0 0,0
LEAF 13,1 0,0 1,5 0,0 0,0 1,0 1,0 0,0 0,0 1,0
LEAF 13,1 0,0 1,5 0,0 0,0 1,0 1,0 0,0 1,0 0,0
LEAF 13,1 0,0 1,5 0,0 0,0 1,0 1,0 1,0 0,0 0,0
LEAF 13,1 0,0 1,5 0,0 0,0 0,1 0,0 0,0 0,0 0,1
LEAF 13,1 0,0 1,5 0,0 0,0 0,1 0,0 0,0 0,1 0,0
LEAF 13,1 0,0 1,5 0,0 0,0 0,1 0,0 0,1 0,0 0,0
LEAF 13,1 0,0 1,5 0,0 0,0 0,1 0,1 0,0 0,0 0,0
LEAF 13,1 0,0 1,5 0,0 0,0 1,1 0,0 0,0 0,0 0,0
LEAF 13,1 0,0 1,5 0,0 1,0 0,0 0,0 0,0 1,0 1,0
LEAF 13,1 0,0 1,5 0,0 1,0 0,0 0,0 1,0 0,0 1,0
LEAF 13,1 0,0 1,5 0,0 1,0 0,0 0,0 1,0 1,0 0,0
LEAF 13,1 0,0 1,5 0,0 1,0 0,0 1,0 0,0 0,0 1,0
LEAF 13,1 0,0 1,5 0,0 1,0 0,0 1,0 1,0 0,0 0,0
LEAF 13,1 0,0 1,5 0,0 1,0 1,0 0,0 0,0 0,0 1,0
LEAF 13,1 0,0 1,5 0,0 1,0 1,0 0,0 0,0 1,0 0,0
LEAF 13,1 0,0 1,5 0,0 1,0 1,0 0,0 1,0 0,0 0,0
LEAF 13,1 0,0 1,5 0,0 1,0 1,0 1,0 0,0 0,0 0,0
LEAF 13,1 0,0 1,5 0,0 0,1 0,0 0,0 0,0 0,0 0,1
LEAF 13,1 0,0 1,5 0,0 0,1 0,0 0,0 0,1 0,0 0,0
LEAF 13,1 0,0 1,5 0,0 0,1 0,0 0,1 0,0 0,0 0,0
LEAF 13,1 0,0 1,5 0,0 1,1 0,0 0,0 0,0 0,0 0,0
LEAF 13,1 0,0 1,5 1,0 0,0 0,0 0,0 0,0 1,0 1,0
LEAF 13,1 0,0 1,5 1,0 0,0 0,0 0,0 1,0 0,0 1,0
LEAF 13,1 0,0 1,5 1,0 0,0 0,0 0,0 1,0 1,0 0,0
LEAF 13,1 0,0 1,5 1,0 0,0 0,0 1,0 0,0 0,0 1,0
LEAF 13,1 0,0 1,5 1,0 0,0 0,0 1,0 1,0 0,0 0,0
LEAF 13,1 0,0 1,5 1,0 0,0 1,0 0,0 0,0 0,0 1,0
LEAF 13,1 0,0 1,5 1,0 0,0 1,0 1,0 0,0 0,0 0,0
LEAF 13,1 0,0 1,5 1,0 1,0 0,0 0,0 0,0 0,0 1,0
LEAF 13,1 0,0 1,5 1,0 1,0 0,0 0,0 0,0 1,0 0,0
LEAF 13,1 0,0 1,5 1,0 1,0 0,0 0,0 1,0 0,0 0,0
LEAF 13,1 0,0 1,5 1,0 1,0 0,0 1,0 0,0 0,0 0,0
LEAF 13,1 0,0 1,5 1,0 1,0 1,0 0,0 0,0 0,0 0,0
LEAF 13,1 0,0 1,5 0,1 0,0 0,0 0,0 0,0 0,0 0,1
LEAF 13,1 0,0 1,5 0,1 0,0 0,0 0,1 0,0 0,0 0,0
LEAF 13,1 0,0 0,6 0,0 0,0 0,0 0,0 0,0 0,0 2,0
LEAF 13,1 0,0 0,6 0,0 0,0 0,0 0,0 0,0 1,0 0,1
LEAF 13,1 0,0 0,6 0,0 0,0 0,0 0,0 0,0 2,0 0,0
LEAF 13,1 0,0 0,6 0,0 0,0 0,0 0,0 0,0 0,1 1,0
LEAF 13,1 0,0 0,6 0,0 0,0 0,0 0,0 1,0 0,0 0,1
LEAF 13,1 0,0 0,6 0,0 0,0 0,0 0,0 2,0 0,0 0,0
LEAF 13,1 0,0 0,6 0,0 0,0 0,0 0,0 0,1 0,0 1,0
LEAF 13,1 0,0 0,6 0,0 0,0 0,0 0,0 0,1 1,0 0,0
LEAF 13,1 0,0 0,6 0,0 0,0 0,0 1,0 0,0 0,0 0,1
LEAF 13,1 0,0 0,6 0,0 0,0 0,0 1,0 0,1 0,0 0,0
LEAF 13,1 0,0 0,6 0,0 0,0 0,0 2,0 0,0 0,0 0,0
LEAF 13,1 0,0 0,6 0,0 0,0 0,0 0,1 0,0 0,0 1,0
LEAF 13,1 0,0 0,6 0,0 0,0 1,0 0,0 0,0 0,0 0,1
LEAF 13,1 0,0 0,6 0,0 0,0 1,0 0,0 0,0 0,1 0,0
LEAF 13,1 0,0 0,6 0,0 0,0 1,0 0,0 0,1 0,0 0,0
LEAF 13,1 0,0 0,6 0,0 0,0 1,0 0,1 0,0 0,0 0,0
LEAF 13,1 0,0 0,6 0,0 0,0 2,0 0,0 0,0 0,0 0,0
LEAF 13,1 0,0 0,6 0,0 0,0 0,1 0,0 0,0 0,0 1,0
LEAF 13,1 0,0 0,6 0,0 0,0 0,1 0,0 0,0 1,0 0,0
LEAF 13,1 0,0 0,6 0,0 0,0 0,1 0,0 1,0 0,0 0,0
LEAF 13,1 0,0 0,6 0,0 0,0 0,1 1,0 0,0 0,0 0,0
LEAF 13,1 0,0 0,6 0,0 1,0 0,0 0,0 0,0 0,0 0,1
LEAF 13,1 0,0 0,6 0,0 1,0 0,0 0,0 0,1 0,0 0,0
LEAF 13,1 0,0 0,6 0,0 1,0 0,0 0,1 0,0 0,0 0,0
LEAF 13,1 0,0 0,6 0,0 2,0 0,0 0,0 0,0 0,0 0,0
LEAF 13,1 0,0 0,6 0,0 0,1 0,0 0,0 0,0 0,0 1,0
LEAF 13,1 0,0 0,6 0,0 0,1 0,0 0,0 0,0 1,0 0,0
LEAF 13,1 0,0 0,6 0,0 0,1 0,0 0,0 1,0 0,0 0,0
LEAF 13,1 0,0 0,6 0,0 0,1 0,0 1,0 0,0 0,0 0,0
LEAF 13,1 0,0 0,6 0,0 0,1 1,0 0,0 0,0 0,0 0,0
LEAF 13,1 0,0 0,6 1,0 0,0 0,0 0,0 0,0 0,0 0,1
LEAF 13,1 0,0 0,6 1,0 0,0 0,0 0,0 0,1 0,0 0,0
LEAF 13,1 0,0 0,6 1,0 0,0 0,0 0,1 0,0 0,0 0,0
LEAF 13,1 0,0 0,6 1,0 0,1 0,0 0,0 0,0 0,0 0,0
LEAF 13,1 0,0 0,6 0,1 0,0 0,0 0,0 0,0 0,0 1,0
LEAF 13,1 0,0 0,6 0,1 0,0 0,0 1,0 0,0 0,0 0,0
LEAF 13,1 1,0 0,0 0,0 0,0 0,0 0,0 0,0 0,0 0,0
LEAF 13,1 1,0 0,0 0,0 0,0 0,0 0,0 0,0 0,0 6,1
LEAF 13,1 1,0 0,0 0,0 0,0 0,0 0,0 0,0 0,0 3,6
LEAF 13,1 1,0 0,0 0,0 0,0 0,0 0,0 0,0 2,0 2,4
LEAF 13,1 1,0 0,0 0,0 0,0 0,0 0,0 0,0 3,0 6,0
LEAF 13,1 1,0 0,0 0,0 0,0 0,0 0,0 0,0 3,0 6,3
LEAF 13,1 1,0 0,0 0,0 0,0 0,0 0,0 0,0 5,0 6,2
LEAF 13,1 1,0 0,0 0,0 0,0 0,0 0,0 0,0 6,0 3,0
LEAF 13,1 1,0 0,0 0,0 0,0 0,0 0,0 0,0 0,1 0,6
LEAF 13,1 1,0 0,0 0,0 0,0 0,0 0,0 0,0 1,1 3,3
LEAF 13,1 1,0 0,0 0,0 0,0 0,0 0,0 0,0 2,1 7,2
LEAF 13,1 1,0 0,0 0,0 0,0 0,0 0,0 0,0 4,1 7,1
LEAF 13,1 1,0 0,0 0,0 0,0 0,0 0,0 0,0 6,1 0,0
LEAF 13,1 1,0 0,0 0,0 0,0 0,0 0,0 0,0 0,2 4,2
LEAF 13,1 1,0 0,0 0,0 0,0 0,0 0,0 0,0 1,2 8,1
LEAF 13,1 1,0 0,0 0,0 0,0 0,0 0,0 0,0 1,2 0,5
LEAF 13,1 1,0 0,0 0,0 0,0 0,0 0,0 0,0 3,2 8,0
LEAF 13,1 1,0 0,0 0,0 0,0 0,0 0,0 0,0 4,2 0,2
LEAF 13,1 1,0 0,0 0,0 0,0 0,0 0,0 0,0 0,3 9,0
LEAF 13,1 1,0 0,0 0,0 0,0 0,0 0,0 0,0 0,3 1,4
LEAF 13,1 1,0 0,0 0,0 0,0 0,0 0,0 0,0 3,3 1,1
LEAF 13,1 1,0 0,0 0,0 0,0 0,0 0,0 0,0 1,4 0,3
LEAF 13,1 1,0 0,0 0,0 0,0 0,0 0,0 0,0 2,4 2,0
LEAF 13,1 1,0 0,0 0,0 0,0 0,0 0,0 0,0 0,5 1,2
LEAF 13,1 1,0 0,0 0,0 0,0 0,0 0,0 0,0 0,6 0,1
LEAF 13,1 1,0 0,0 0,0 0,0 0,0 0,0 1,0 1,0 1,5
LEAF 13,1 1,0 0,0 0,0 0,0 0,0 0,0 2,0 0,0 2,4
LEAF 13,1 1,0 0,0 0,0 0,0 0,0 0,0 3,0 0,0 6,0
LEAF 13,1 1,0 0,0 0,0 0,0 0,0 0,0 3,0 0,0 6,3
LEAF 13,1 1,0 0,0 0,0 0,0 0,0 0,0 3,0 1,0 8,1
LEAF 13,1 1,0 0,0 0,0 0,0 0,0 0,0 5,0 0,0 6,2
LEAF 13,1 1,0 0,0 0,0 0,0 0,0 0,0 5,0 1,0 8,0
LEAF 13,1 1,0 0,0 0,0 0,0 0,0 0,0 6,0 0,0 3,0
LEAF 13,1 1,0 0,0 0,0 0,0 0,0 0,0 0,1 0,0 0,6
LEAF 13,1 1,0 0,0 0,0 0,0 0,0 0,0 0,1 1,0 2,4
LEAF 13,1 1,0 0,0 0,0 0,0 0,0 0,0 1,1 0,0 3,3
LEAF 13,1 1,0 0,0 0,0 0,0 0,0 0,0 2,1 0,0 7,2
LEAF 13,1 1,0 0,0 0,0 0,0 0,0 0,0 2,1 1,0 9,0
LEAF 13,1 1,0 0,0 0,0 0,0 0,0 0,0 4,1 0,0 7,1
LEAF 13,1 1,0 0,0 0,0 0,0 0,0 0,0 0,2 0,0 4,2
LEAF 13,1 1,0 0,0 0,0 0,0 0,0 0,0 1,2 0,0 8,1
LEAF 13,1 1,0 0,0 0,0 0,0 0,0 0,0 1,2 0,0 0,5
LEAF 13,1 1,0 0,0 0,0 0,0 0,0 0,0 3,2 0,0 8,0
LEAF 13,1 1,0 0,0 0,0 0,0 0,0 0,0 4,2 0,0 0,2
LEAF 13,1 1,0 0,0 0,0 0,0 0,0 0,0 0,3 0,0 9,0
LEAF 13,1 1,0 0,0 0,0 0,0 0,0 0,0 0,3 0,0 1,4
LEAF 13,1 1,0 0,0 0,0 0,0 0,0 0,0 3,3 0,0 1,1
LEAF 13,1 1,0 0,0 0,0 0,0 0,0 0,0 1,4 0,0 0,3
LEAF 13,1 1,0 0,0 0,0 0,0 0,0 0,0 2,4 0,0 2,0
LEAF 13,1 1,0 0,0 0,0 0,0 0,0 0,0 2,4 1,0 0,1
LEAF 13,1 1,0 0,0 0,0 0,0 0,0 0,0 0,5 0,0 1,2
LEAF 13,1 1,0 0,0 0,0 0,0 0,0 0,0 1,5 1,0 1,0
LEAF 13,1 1,0 0,0 0,0 0,0 0,0 0,0 0,6 0,0 0,1
LEAF 13,1 1,0 0,0 0,0 0,0 0,0 1,0 0,0 1,0 1,5
LEAF 13,1 1,0 0,0 0,0 0,0 0,0 1,0 1,0 0,0 1,5
LEAF 13,1 1,0 0,0 0,0 0,0 0,0 1,0 3,0 0,0 8,1
LEAF 13,1 1,0 0,0 0,0 0,0 0,0 1,0 5,0 0,0 8,0
LEAF 13,1 1,0 0,0 0,0 0,0 0,0 1,0 0,1 0,0 2,4
LEAF 13,1 1,0 0,0 0,0 0,0 0,0 1,0 2,1 0,0 9,0
LEAF 13,1 1,0 0,0 0,0 0,0 0,0 1,0 2,4 0,0 0,1
LEAF 13,1 1,0 0,0 0,0 0,0 0,0 1,0 1,5 0,0 1,0
LEAF 13,1 1,0 0,0 0,0 0,0 0,0 2,0 0,0 0,0 2,4
LEAF 13,1 1,0 0,0 0,0 0,0 0,0 3,0 0,0 0,0 6,0
LEAF 13,1 1,0 0,0 0,0 0,0 0,0 3,0 0,0 0,0 6,3
LEAF 13,1 1,0 0,0 0,0 0,0 0,0 5,0 0,0 0,0 6,2
LEAF 13,1 1,0 0,0 0,0 0,0 0,0 6,0 0,0 0,0 3,0
LEAF 13,1 1,0 0,0 0,0 0,0 0,0 0,1 0,0 0,0 0,6
LEAF 13,1 1,0 0,0 0,0 0,0 0,0 1,1 0,0 0,0 3,3
LEAF 13,1 1,0 0,0 0,0 0,0 0,0 2,1 0,0 0,0 7,2
LEAF 13,1 1,0 0,0 0,0 0,0 0,0 4,1 0,0 0,0 7,1
LEAF 13,1 1,0 0,0 0,0 0,0 0,0 0,2 0,0 0,0 4,2
LEAF 13,1 1,0 0,0 0,0 0,0 0,0 1,2 0,0 0,0 8,1
LEAF 13,1 1,0 0,0 0,0 0,0 0,0 1,2 0,0 0,0 0,5
LEAF 13,1 1,0 0,0 0,0 0,0 0,0 3,2 0,0 0,0 8,0
LEAF 13,1 1,0 0,0 0,0 0,0 0,0 4,2 0,0 0,0 0,2
LEAF 13,1 1,0 0,0 0,0 0,0 0,0 0,3 0,0 0,0 9,0
LEAF 13,1 1,0 0,0 0,0 0,0 0,0 0,3 0,0 0,0 1,4
LEAF 13,1 1,0 0,0 0,0 0,0 0,0 3,3 0,0 0,0 1,1
LEAF 13,1 1,0 0,0 0,0 0,0 0,0 1,4 0,0 0,0 0,3
LEAF 13,1 1,0 0,0 0,0 0,0 0,0 2,4 0,0 0,0 2,0
LEAF 13,1 1,0 0,0 0,0 0,0 0,0 0,5 0,0 0,0 1,2
LEAF 13,1 1,0 0,0 0,0 0,0 1,0 0,0 0,0 1,0 1,5
LEAF 13,1 1,0 0,0 0,0 0,0 1,0 0,0 0,0 3,0 8,1
LEAF 13,1 1,0 0,0 0,0 0,0 1,0 0,0 0,0 5,0 8,0
LEAF 13,1 1,0 0,0 0,0 0,0 1,0 0,0 0,0 0,1 2,4
LEAF 13,1 1,0 0,0 0,0 0,0 1,0 0,0 0,0 2,1 9,0
LEAF 13,1 1,0 0,0 0,0 0,0 1,0 0,0 0,0 2,4 0,1
LEAF 13,1 1,0 0,0 0,0 0,0 1,0 0,0 0,0 1,5 1,0
LEAF 13,1 1,0 0,0 0,0 0,0 1,0 0,0 1,0 0,0 1,5
LEAF 13,1 1,0 0,0 0,0 0,0 1,0 0,0 3,0 0,0 8,1
LEAF 13,1 1,0 0,0 0,0 0,0 1,0 0,0 5,0 0,0 8,0
LEAF 13,1 1,0 0,0 0,0 0,0 1,0 0,0 0,1 0,0 2,4
LEAF 13,1 1,0 0,0 0,0 0,0 1,0 0,0 2,1 0,0 9,0
LEAF 13,1 1,0 0,0 0,0 0,0 1,0 0,0 2,4 0,0 0,1
LEAF 13,1 1,0 0,0 0,0 0,0 1,0 0,0 1,5 0,0 1,0
LEAF 13,1 1,0 0,0 0,0 0,0 1,0 0,0 1,5 1,0 0,0
LEAF 13,1 1,0 0,0 0,0 0,0 1,0 1,0 0,0 0,0 1,5
LEAF 13,1 1,0 0,0 0,0 0,0 1,0 1,0 1,5 0,0 0,0
LEAF 13,1 1,0 0,0 0,0 0,0 1,0 3,0 0,0 0,0 8,1
LEAF 13,1 1,0 0,0 0,0 0,0 1,0 5,0 0,0 0,0 8,0
LEAF 13,1 1,0 0,0 0,0 0,0 1,0 0,1 0,0 0,0 2,4
LEAF 13,1 1,0 0,0 0,0 0,0 1,0 2,1 0,0 0,0 9,0
LEAF 13,1 1,0 0,0 0,0 0,0 1,0 2,4 0,0 0,0 0,1
LEAF 13,1 1,0 0,0 0,0 0,0 2,0 0,0 0,0 0,0 2,4
LEAF 13,1 1,0 0,0 0,0 0,0 2,0 0,0 0,0 2,0 7,2
LEAF 13,1 1,0 0,0 0,0 0,0 2,0 0,0 0,0 1,1 8,1
LEAF 13,1 1,0 0,0 0,0 0,0 2,0 0,0 0,0 0,2 9,0
LEAF 13,1 1,0 0,0 0,0 0,0 2,0 0,0 0,0 2,4 0,0
LEAF 13,1 1,0 0,0 0,0 0,0 2,0 0,0 1,0 2,0 9,0
LEAF 13,1 1,0 0,0 0,0 0,0 2,0 0,0 2,0 0,0 7,2
LEAF 13,1 1,0 0,0 0,0 0,0 2,0 0,0 2,0 1,0 9,0
LEAF 13,1 1,0 0,0 0,0 0,0 2,0 0,0 1,1 0,0 8,1
LEAF 13,1 1,0 0,0 0,0 0,0 2,0 0,0 0,2 0,0 9,0
LEAF 13,1 1,0 0,0 0,0 0,0 2,0 0,0 2,4 0,0 0,0
LEAF 13,1 1,0 0,0 0,0 0,0 2,0 1,0 2,0 0,0 9,0
LEAF 13,1 1,0 0,0 0,0 0,0 2,0 2,0 0,0 0,0 7,2
LEAF 13,1 1,0 0,0 0,0 0,0 2,0 2,0 1,0 0,0 9,0
LEAF 13,1 1,0 0,0 0,0 0,0 2,0 1,1 0,0 0,0 8,1
LEAF 13,1 1,0 0,0 0,0 0,0 2,0 0,2 0,0 0,0 9,0
LEAF 13,1 1,0 0,0 0,0 0,0 3,0 0,0 0,0 0,0 6,0
LEAF 13,1 1,0 0,0 0,0 0,0 3,0 0,0 0,0 0,0 6,3
LEAF 13,1 1,0 0,0 0,0 0,0 3,0 0,0 0,0 1,0 8,1
LEAF 13,1 1,0 0,0 0,0 0,0 3,0 0,0 0,0 6,0 0,0
LEAF 13,1 1,0 0,0 0,0 0,0 3,0 0,0 0,0 0,1 9,0
LEAF 13,1 1,0 0,0 0,0 0,0 3,0 0,0 1,0 0,0 8,1
LEAF 13,1 1,0 0,0 0,0 0,0 3,0 0,0 6,0 0,0 0,0
LEAF 13,1 1,0 0,0 0,0 0,0 3,0 0,0 0,1 0,0 9,0
LEAF 13,1 1,0 0,0 0,0 0,0 3,0 1,0 0,0 0,0 8,1
LEAF 13,1 1,0 0,0 0,0 0,0 3,0 6,0 0,0 0,0 0,0
LEAF 13,1 1,0 0,0 0,0 0,0 3,0 0,1 0,0 0,0 9,0
LEAF 13,1 1,0 0,0 0,0 0,0 5,0 0,0 0,0 0,0 6,2
LEAF 13,1 1,0 0,0 0,0 0,0 5,0 0,0 0,0 1,0 8,0
LEAF 13,1 1,0 0,0 0,0 0,0 5,0 0,0 1,0 0,0 8,0
LEAF 13,1 1,0 0,0 0,0 0,0 5,0 1,0 0,0 0,0 8,0
LEAF 13,1 1,0 0,0 0,0 0,0 6,0 0,0 0,0 0,0 3,0
LEAF 13,1 1,0 0,0 0,0 0,0 6,0 0,0 0,0 3,0 0,0
LEAF 13,1 1,0 0,0 0,0 0,0 6,0 0,0 3,0 0,0 0,0
LEAF 13,1 1,0 0,0 0,0 0,0 6,0 3,0 0,0 0,0 0,0
LEAF 13,1 1,0 0,0 0,0 0,0 0,1 0,0 0,0 0,0 0,6
LEAF 13,1 1,0 0,0 0,0 0,0 0,1 0,0 0,0 1,0 2,4
LEAF 13,1 1,0 0,0 0,0 0,0 0,1 0,0 0,0 3,0 9,0
LEAF 13,1 1,0 0,0 0,0 0,0 0,1 0,0 0,0 0,1 3,3
LEAF 13,1 1,0 0,0 0,0 0,0 0,1 0,0 0,0 3,3 0,1
LEAF 13,1 1,0 0,0 0,0 0,0 0,1 0,0 0,0 2,4 1,0
LEAF 13,1 1,0 0,0 0,0 0,0 0,1 0,0 0,0 0,6 0,0
LEAF 13,1 1,0 0,0 0,0 0,0 0,1 0,0 1,0 0,0 2,4
LEAF 13,1 1,0 0,0 0,0 0,0 0,1 0,0 3,0 0,0 9,0
LEAF 13,1 1,0 0,0 0,0 0,0 0,1 0,0 0,1 0,0 3,3
LEAF 13,1 1,0 0,0 0,0 0,0 0,1 0,0 3,3 0,0 0,1
LEAF 13,1 1,0 0,0 0,0 0,0 0,1 0,0 2,4 0,0 1,0
LEAF 13,1 1,0 0,0 0,0 0,0 0,1 0,0 2,4 1,0 0,0
LEAF 13,1 1,0 0,0 0,0 0,0 0,1 0,0 0,6 0,0 0,0
LEAF 13,1 1,0 0,0 0,0 0,0 0,1 1,0 0,0 0,0 2,4
LEAF 13,1 1,0 0,0 0,0 0,0 0,1 1,0 2,4 0,0 0,0
LEAF 13,1 1,0 0,0 0,0 0,0 0,1 3,0 0,0 0,0 9,0
LEAF 13,1 1,0 0,0 0,0 0,0 0,1 0,1 0,0 0,0 3,3
LEAF 13,1 1,0 0,0 0,0 0,0 0,1 3,3 0,0 0,0 0,1
LEAF 13,1 1,0 0,0 0,0 0,0 0,1 2,4 0,0 0,0 1,0
LEAF 13,1 1,0 0,0 0,0 0,0 1,1 0,0 0,0 0,0 3,3
LEAF 13,1 1,0 0,0 0,0 0,0 1,1 0,0 0,0 2,0 8,1
LEAF 13,1 1,0 0,0 0,0 0,0 1,1 0,0 0,0 1,1 9,0
LEAF 13,1 1,0 0,0 0,0 0,0 1,1 0,0 0,0 3,3 0,0
LEAF 13,1 1,0 0,0 0,0 0,0 1,1 0,0 2,0 0,0 8,1
LEAF 13,1 1,0 0,0 0,0 0,0 1,1 0,0 1,1 0,0 9,0
LEAF 13,1 1,0 0,0 0,0 0,0 1,1 0,0 3,3 0,0 0,0
LEAF 13,1 1,0 0,0 0,0 0,0 1,1 2,0 0,0 0,0 8,1
LEAF 13,1 1,0 0,0 0,0 0,0 1,1 1,1 0,0 0,0 9,0
LEAF 13,1 1,0 0,0 0,0 0,0 2,1 0,0 0,0 0,0 7,2
LEAF 13,1 1,0 0,0 0,0 0,0 2,1 0,0 0,0 1,0 9,0
LEAF 13,1 1,0 0,0 0,0 0,0 2,1 0,0 1,0 0,0 9,0
LEAF 13,1 1,0 0,0 0,0 0,0 2,1 1,0 0,0 0,0 9,0
LEAF 13,1 1,0 0,0 0,0 0,0 4,1 0,0 0,0 0,0 7,1
LEAF 13,1 1,0 0,0 0,0 0,0 0,2 0,0 0,0 0,0 4,2
LEAF 13,1 1,0 0,0 0,0 0,0 0,2 0,0 0,0 2,0 9,0
LEAF 13,1 1,0 0,0 0,0 0,0 0,2 0,0 0,0 4,2 0,0
LEAF 13,1 1,0 0,0 0,0 0,0 0,2 0,0 2,0 0,0 9,0
LEAF 13,1 1,0 0,0 0,0 0,0 0,2 0,0 4,2 0,0 0,0
LEAF 13,1 1,0 0,0 0,0 0,0 0,2 2,0 0,0 0,0 9,0
LEAF 13,1 1,0 0,0 0,0 0,0 0,2 4,2 0,0 0,0 0,0
LEAF 13,1 1,0 0,0 0,0 0,0 1,2 0,0 0,0 0,0 8,1
LEAF 13,1 1,0 0,0 0,0 0,0 1,2 0,0 0,0 0,0 0,5
LEAF 13,1 1,0 0,0 0,0 0,0 1,2 0,0 0,0 0,5 0,0
LEAF 13,1 1,0 0,0 0,0 0,0 1,2 0,0 0,5 0,0 0,0
LEAF 13,1 1,0 0,0 0,0 0,0 1,2 0,5 0,0 0,0 0,0
LEAF 13,1 1,0 0,0 0,0 0,0 3,2 0,0 0,0 0,0 8,0
LEAF 13,1 1,0 0,0 0,0 0,0 4,2 0,0 0,0 0,0 0,2
LEAF 13,1 1,0 0,0 0,0 0,0 4,2 0,0 0,0 0,2 0,0
LEAF 13,1 1,0 0,0 0,0 0,0 4,2 0,0 0,2 0,0 0,0
LEAF 13,1 1,0 0,0 0,0 0,0 4,2 0,2 0,0 0,0 0,0
LEAF 13,1 1,0 0,0 0,0 0,0 0,3 0,0 0,0 0,0 9,0
LEAF 13,1 1,0 0,0 0,0 0,0 0,3 0,0 0,0 0,0 1,4
LEAF 13,1 1,0 0,0 0,0 0,0 0,3 0,0 0,0 1,4 0,0
LEAF 13,1 1,0 0,0 0,0 0,0 0,3 0,0 1,4 0,0 0,0
LEAF 13,1 1,0 0,0 0,0 0,0 0,3 1,4 0,0 0,0 0,0
LEAF 13,1 1,0 0,0 0,0 0,0 3,3 0,0 0,0 0,0 1,1
LEAF 13,1 1,0 0,0 0,0 0,0 3,3 0,0 0,0 0,1 0,1
LEAF 13,1 1,0 0,0 0,0 0,0 3,3 0,0 0,0 1,1 0,0
LEAF 13,1 1,0 0,0 0,0 0,0 3,3 0,0 0,1 0,0 0,1
LEAF 13,1 1,0 0,0 0,0 0,0 3,3 0,0 1,1 0,0 0,0
LEAF 13,1 1,0 0,0 0,0 0,0 3,3 0,1 0,0 0,0 0,1
LEAF 13,1 1,0 0,0 0,0 0,0 1,4 0,0 0,0 0,0 0,3
LEAF 13,1 1,0 0,0 0,0 0,0 1,4 0,0 0,0 0,3 0,0
LEAF 13,1 1,0 0,0 0,0 0,0 1,4 0,0 0,3 0,0 0,0
LEAF 13,1 1,0 0,0 0,0 0,0 1,4 0,3 0,0 0,0 0,0
LEAF 13,1 1,0 0,0 0,0 0,0 2,4 0,0 0,0 0,0 2,0
LEAF 13,1 1,0 0,0 0,0 0,0 2,4 0,0 0,0 1,0 0,1
LEAF 13,1 1,0 0,0 0,0 0,0 2,4 0,0 0,0 2,0 0,0
LEAF 13,1 1,0 0,0 0,0 0,0 2,4 0,0 0,0 0,1 1,0
LEAF 13,1 1,0 0,0 0,0 0,0 2,4 0,0 1,0 0,0 0,1
LEAF 13,1 1,0 0,0 0,0 0,0 2,4 0,0 2,0 0,0 0,0
LEAF 13,1 1,0 0,0 0,0 0,0 2,4 0,0 0,1 0,0 1,0
LEAF 13,1 1,0 0,0 0,0 0,0 2,4 0,0 0,1 1,0 0,0
LEAF 13,1 1,0 0,0 0,0 0,0 2,4 1,0 0,0 0,0 0,1
LEAF 13,1 1,0 0,0 0,0 0,0 2,4 1,0 0,1 0,0 0,0
LEAF 13,1 1,0 0,0 0,0 0,0 2,4 0,1 0,0 0,0 1,0
LEAF 13,1 1,0 0,0 0,0 0,0 0,5 0,0 0,0 0,0 1,2
LEAF 13,1 1,0 0,0 0,0 0,0 0,5 0,0 0,0 1,2 0,0
LEAF 13,1 1,0 0,0 0,0 0,0 0,5 0,0 1,2 0,0 0,0
LEAF 13,1 1,0 0,0 0,0 0,0 0,5 1,2 0,0 0,0 0,0
LEAF 13,1 1,0 0,0 0,0 0,0 1,5 0,0 0,0 1,0 1,0
LEAF 13,1 1,0 0,0 0,0 0,0 1,5 0,0 1,0 0,0 1,0
LEAF 13,1 1,0 0,0 0,0 0,0 1,5 0,0 1,0 1,0 0,0
LEAF 13,1 1,0 0,0 0,0 1,0 0,0 0,0 0,0 1,0 1,5
LEAF 13,1 1,0 0,0 0,0 1,0 0,0 0,0 1,0 0,0 1,5
LEAF 13,1 1,0 0,0 0,0 1,0 0,0 0,0 3,0 0,0 8,1
LEAF 13,1 1,0 0,0 0,0 1,0 0,0 0,0 5,0 0,0 8,0
LEAF 13,1 1,0 0,0 0,0 1,0 0,0 0,0 0,1 0,0 2,4
LEAF 13,1 1,0 0,0 0,0 1,0 0,0 0,0 2,1 0,0 9,0
LEAF 13,1 1,0 0,0 0,0 1,0 0,0 0,0 2,4 0,0 0,1
LEAF 13,1 1,0 0,0 0,0 1,0 0,0 0,0 1,5 0,0 1,0
LEAF 13,1 1,0 0,0 0,0 1,0 0,0 0,0 1,5 1,0 0,0
LEAF 13,1 1,0 0,0 0,0 1,0 0,0 1,0 0,0 0,0 1,5
LEAF 13,1 1,0 0,0 0,0 1,0 0,0 3,0 0,0 0,0 8,1
LEAF 13,1 1,0 0,0 0,0 1,0 0,0 5,0 0,0 0,0 8,0
LEAF 13,1 1,0 0,0 0,0 1,0 0,0 0,1 0,0 0,0 2,4
LEAF 13,1 1,0 0,0 0,0 1,0 0,0 2,1 0,0 0,0 9,0
LEAF 13,1 1,0 0,0 0,0 1,0 0,0 2,4 0,0 0,0 0,1
LEAF 13,1 1,0 0,0 0,0 1,0 0,0 1,5 0,0 0,0 1,0
LEAF 13,1 1,0 0,0 0,0 1,0 1,0 0,0 0,0 0,0 1,5
LEAF 13,1 1,0 0,0 0,0 1,0 1,0 0,0 1,5 0,0 0,0
LEAF 13,1 1,0 0,0 0,0 1,0 2,0 2,0 0,0 0,0 9,0
LEAF 13,1 1,0 0,0 0,0 2,0 0,0 0,0 0,0 0,0 2,4
LEAF 13,1 1,0 0,0 0,0 2,0 0,0 0,0 2,0 0,0 7,2
LEAF 13,1 1,0 0,0 0,0 2,0 0,0 0,0 2,0 1,0 9,0
LEAF 13,1 1,0 0,0 0,0 2,0 0,0 0,0 1,1 0,0 8,1
LEAF 13,1 1,0 0,0 0,0 2,0 0,0 0,0 0,2 0,0 9,0
LEAF 13,1 1,0 0,0 0,0 2,0 0,0 0,0 2,4 0,0 0,0
LEAF 13,1 1,0 0,0 0,0 2,0 0,0 2,0 0,0 0,0 7,2
LEAF 13,1 1,0 0,0 0,0 2,0 0,0 1,1 0,0 0,0 8,1
LEAF 13,1 1,0 0,0 0,0 2,0 0,0 0,2 0,0 0,0 9,0
LEAF 13,1 1,0 0,0 0,0 2,0 0,0 2,4 0,0 0,0 0,0
LEAF 13,1 1,0 0,0 0,0 2,0 1,0 2,0 0,0 0,0 9,0
LEAF 13,1 1,0 0,0 0,0 3,0 0,0 0,0 0,0 0,0 6,0
LEAF 13,1 1,0 0,0 0,0 3,0 0,0 0,0 0,0 0,0 6,3
LEAF 13,1 1,0 0,0 0,0 3,0 0,0 0,0 0,0 1,0 8,1
LEAF 13,1 1,0 0,0 0,0 3,0 0,0 0,0 1,0 0,0 8,1
LEAF 13,1 1,0 0,0 0,0 3,0 0,0 0,0 6,0 0,0 0,0
LEAF 13,1 1,0 0,0 0,0 3,0 0,0 0,0 0,1 0,0 9,0
LEAF 13,1 1,0 0,0 0,0 3,0 0,0 1,0 0,0 0,0 8,1
LEAF 13,1 1,0 0,0 0,0 3,0 0,0 6,0 0,0 0,0 0,0
LEAF 13,1 1,0 0,0 0,0 3,0 0,0 0,1 0,0 0,0 9,0
LEAF 13,1 1,0 0,0 0,0 3,0 1,0 0,0 0,0 0,0 8,1
LEAF 13,1 1,0 0,0 0,0 5,0 0,0 0,0 0,0 0,0 6,2
LEAF 13,1 1,0 0,0 0,0 5,0 0,0 0,0 0,0 1,0 8,0
LEAF 13,1 1,0 0,0 0,0 5,0 0,0 0,0 1,0 0,0 8,0
LEAF 13,1 1,0 0,0 0,0 5,0 0,0 1,0 0,0 0,0 8,0
LEAF 13,1 1,0 0,0 0,0 5,0 1,0 0,0 0,0 0,0 8,0
LEAF 13,1 1,0 0,0 0,0 6,0 0,0 0,0 0,0 0,0 3,0
LEAF 13,1 1,0 0,0 0,0 6,0 0,0 0,0 3,0 0,0 0,0
LEAF 13,1 1,0 0,0 0,0 6,0 0,0 3,0 0,0 0,0 0,0
LEAF 13,1 1,0 0,0 0,0 0,1 0,0 0,0 0,0 0,0 0,6
LEAF 13,1 1,0 0,0 0,0 0,1 0,0 0,0 0,0 1,0 2,4
LEAF 13,1 1,0 0,0 0,0 0,1 0,0 0,0 1,0 0,0 2,4
LEAF 13,1 1,0 0,0 0,0 0,1 0,0 0,0 3,0 0,0 9,0
LEAF 13,1 1,0 0,0 0,0 0,1 0,0 0,0 0,1 0,0 3,3
LEAF 13,1 1,0 0,0 0,0 0,1 0,0 0,0 3,3 0,0 0,1
LEAF 13,1 1,0 0,0 0,0 0,1 0,0 0,0 2,4 0,0 1,0
LEAF 13,1 1,0 0,0 0,0 0,1 0,0 0,0 2,4 1,0 0,0
LEAF 13,1 1,0 0,0 0,0 0,1 0,0 0,0 0,6 0,0 0,0
LEAF 13,1 1,0 0,0 0,0 0,1 0,0 1,0 0,0 0,0 2,4
LEAF 13,1 1,0 0,0 0,0 0,1 0,0 3,0 0,0 0,0 9,0
LEAF 13,1 1,0 0,0 0,0 0,1 0,0 0,1 0,0 0,0 3,3
LEAF 13,1 1,0 0,0 0,0 0,1 0,0 3,3 0,0 0,0 0,1
LEAF 13,1 1,0 0,0 0,0 0,1 0,0 2,4 0,0 0,0 1,0
LEAF 13,1 1,0 0,0 0,0 0,1 1,0 0,0 0,0 0,0 2,4
LEAF 13,1 1,0 0,0 0,0 0,1 1,0 2,4 0,0 0,0 0,0
LEAF 13,1 1,0 0,0 0,0 1,1 0,0 0,0 0,0 0,0 3,3
LEAF 13,1 1,0 0,0 0,0 1,1 0,0 0,0 2,0 0,0 8,1
LEAF 13,1 1,0 0,0 0,0 1,1 0,0 0,0 1,1 0,0 9,0
LEAF 13,1 1,0 0,0 0,0 1,1 0,0 0,0 3,3 0,0 0,0
LEAF 13,1 1,0 0,0 0,0 1,1 0,0 2,0 0,0 0,0 8,1
LEAF 13,1 1,0 0,0 0,0 1,1 0,0 1,1 0,0 0,0 9,0
LEAF 13,1 1,0 0,0 0,0 1,1 0,0 3,3 0,0 0,0 0,0
LEAF 13,1 1,0 0,0 0,0 2,1 0,0 0,0 0,0 0,0 7,2
LEAF 13,1 1,0 0,0 0,0 2,1 0,0 0,0 0,0 1,0 9,0
LEAF 13,1 1,0 0,0 0,0 2,1 0,0 0,0 1,0 0,0 9,0
LEAF 13,1 1,0 0,0 0,0 2,1 0,0 1,0 0,0 0,0 9,0
LEAF 13,1 1,0 0,0 0,0 2,1 1,0 0,0 0,0 0,0 9,0
LEAF 13,1 1,0 0,0 0,0 4,1 0,0 0,0 0,0 0,0 7,1
LEAF 13,1 1,0 0,0 0,0 0,2 0,0 0,0 0,0 0,0 4,2
LEAF 13,1 1,0 0,0 0,0 0,2 0,0 0,0 2,0 0,0 9,0
LEAF 13,1 1,0 0,0 0,0 0,2 0,0 0,0 4,2 0,0 0,0
LEAF 13,1 1,0 0,0 0,0 0,2 0,0 2,0 0,0 0,0 9,0
LEAF 13,1 1,0 0,0 0,0 0,2 0,0 4,2 0,0 0,0 0,0
LEAF 13,1 1,0 0,0 0,0 1,2 0,0 0,0 0,0 0,0 8,1
LEAF 13,1 1,0 0,0 0,0 1,2 0,0 0,0 0,0 0,0 0,5
LEAF 13,1 1,0 0,0 0,0 1,2 0,0 0,0 0,5 0,0 0,0
LEAF 13,1 1,0 0,0 0,0 1,2 0,0 0,5 0,0 0,0 0,0
LEAF 13,1 1,0 0,0 0,0 3,2 0,0 0,0 0,0 0,0 8,0
LEAF 13,1 1,0 0,0 0,0 4,2 0,0 0,0 0,0 0,0 0,2
LEAF 13,1 1,0 0,0 0,0 4,2 0,0 0,0 0,2 0,0 0,0
LEAF 13,1 1,0 0,0 0,0 4,2 0,0 0,2 0,0 0,0 0,0
LEAF 13,1 1,0 0,0 0,0 0,3 0,0 0,0 0,0 0,0 9,0
LEAF 13,1 1,0 0,0 0,0 0,3 0,0 0,0 0,0 0,0 1,4
LEAF 13,1 1,0 0,0 0,0 0,3 0,0 0,0 1,4 0,0 0,0
LEAF 13,1 1,0 0,0 0,0 0,3 0,0 1,4 0,0 0,0 0,0
LEAF 13,1 1,0 0,0 0,0 3,3 0,0 0,0 0,0 0,0 1,1
LEAF 13,1 1,0 0,0 0,0 3,3 0,0 0,0 0,1 0,0 0,1
LEAF 13,1 1,0 0,0 0,0 3,3 0,0 0,0 1,1 0,0 0,0
LEAF 13,1 1,0 0,0 0,0 3,3 0,0 0,1 0,0 0,0 0,1
LEAF 13,1 1,0 0,0 0,0 3,3 0,0 1,1 0,0 0,0 0,0
LEAF 13,1 1,0 0,0 0,0 1,4 0,0 0,0 0,0 0,0 0,3
LEAF 13,1 1,0 0,0 0,0 1,4 0,0 0,0 0,3 0,0 0,0
LEAF 13,1 1,0 0,0 0,0 1,4 0,0 0,3 0,0 0,0 0,0
LEAF 13,1 1,0 0,0 0,0 2,4 0,0 0,0 0,0 0,0 2,0
LEAF 13,1 1,0 0,0 0,0 2,4 0,0 0,0 0,0 1,0 0,1
LEAF 13,1 1,0 0,0 0,0 2,4 0,0 0,0 1,0 0,0 0,1
LEAF 13,1 1,0 0,0 0,0 2,4 0,0 0,0 2,0 0,0 0,0
LEAF 13,1 1,0 0,0 0,0 2,4 0,0 0,0 0,1 0,0 1,0
LEAF 13,1 1,0 0,0 0,0 2,4 0,0 0,0 0,1 1,0 0,0
LEAF 13,1 1,0 0,0 0,0 2,4 0,0 1,0 0,0 0,0 0,1
LEAF 13,1 1,0 0,0 0,0 2,4 0,0 2,0 0,0 0,0 0,0
LEAF 13,1 1,0 0,0 0,0 2,4 0,0 0,1 0,0 0,0 1,0
LEAF 13,1 1,0 0,0 0,0 2,4 1,0 0,0 0,0 0,0 0,1
LEAF 13,1 1,0 0,0 0,0 2,4 1,0 0,1 0,0 0,0 0,0
LEAF 13,1 1,0 0,0 0,0 0,5 0,0 0,0 0,0 0,0 1,2
LEAF 13,1 1,0 0,0 0,0 0,5 0,0 0,0 1,2 0,0 0,0
LEAF 13,1 1,0 0,0 0,0 0,5 0,0 1,2 0,0 0,0 0,0
LEAF 13,1 1,0 0,0 0,0 1,5 0,0 0,0 0,0 1,0 1,0
LEAF 13,1 1,0 0,0 0,0 1,5 0,0 0,0 1,0 0,0 1,0
LEAF 13,1 1,0 0,0 0,0 1,5 0,0 0,0 1,0 1,0 0,0
LEAF 13,1 1,0 0,0 0,0 1,5 0,0 1,0 0,0 0,0 1,0
LEAF 13,1 1,0 0,0 0,0 1,5 0,0 1,0 1,0 0,0 0,0
LEAF 13,1 1,0 0,0 1,0 0,0 0,0 0,0 0,0 1,0 1,5
LEAF 13,1 1,0 0,0 1,0 0,0 0,0 0,0 1,0 0,0 1,5
LEAF 13,1 1,0 0,0 1,0 0,0 0,0 0,0 3,0 0,0 8,1
LEAF 13,1 1,0 0,0 1,0 0,0 0,0 0,0 5,0 0,0 8,0
LEAF 13,1 1,0 0,0 1,0 0,0 0,0 0,0 0,1 0,0 2,4
LEAF 13,1 1,0 0,0 1,0 0,0 0,0 0,0 2,1 0,0 9,0
LEAF 13,1 1,0 0,0 1,0 0,0 0,0 0,0 2,4 0,0 0,1
LEAF 13,1 1,0 0,0 1,0 0,0 0,0 0,0 1,5 0,0 1,0
LEAF 13,1 1,0 0,0 1,0 0,0 0,0 0,0 1,5 1,0 0,0
LEAF 13,1 1,0 0,0 1,0 0,0 0,0 1,0 0,0 0,0 1,5
LEAF 13,1 1,0 0,0 1,0 0,0 0,0 3,0 0,0 0,0 8,1
LEAF 13,1 1,0 0,0 1,0 0,0 0,0 5,0 0,0 0,0 8,0
LEAF 13,1 1,0 0,0 1,0 0,0 0,0 0,1 0,0 0,0 2,4
LEAF 13,1 1,0 0,0 1,0 0,0 0,0 2,1 0,0 0,0 9,0
LEAF 13,1 1,0 0,0 1,0 0,0 0,0 2,4 0,0 0,0 0,1
LEAF 13,1 1,0 0,0 1,0 0,0 0,0 1,5 0,0 0,0 1,0
LEAF 13,1 1,0 0,0 1,0 0,0 1,0 0,0 0,0 0,0 1,5
LEAF 13,1 1,0 0,0 1,0 1,0 0,0 0,0 0,0 0,0 1,5
LEAF 13,1 1,0 0,0 1,0 1,0 0,0 0,0 1,5 0,0 0,0
LEAF 13,1 1,0 0,0 1,0 1,0 0,0 1,5 0,0 0,0 0,0
LEAF 13,1 1,0 0,0 1,0 2,0 0,0 0,0 2,0 0,0 9,0
LEAF 13,1 1,0 0,0 1,0 2,0 0,0 2,0 0,0 0,0 9,0
LEAF 13,1 1,0 0,0 1,0 3,0 0,0 0,0 0,0 0,0 8,1
LEAF 13,1 1,0 0,0 1,0 5,0 0,0 0,0 0,0 0,0 8,0
LEAF 13,1 1,0 0,0 1,0 0,1 0,0 0,0 0,0 0,0 2,4
LEAF 13,1 1,0 0,0 1,0 0,1 0,0 0,0 2,4 0,0 0,0
LEAF 13,1 1,0 0,0 1,0 0,1 0,0 2,4 0,0 0,0 0,0
LEAF 13,1 1,0 0,0 1,0 2,1 0,0 0,0 0,0 0,0 9,0
LEAF 13,1 1,0 0,0 1,0 2,4 0,0 0,0 0,0 0,0 0,1
LEAF 13,1 1,0 0,0 1,0 2,4 0,0 0,0 0,1 0,0 0,0
LEAF 13,1 1,0 0,0 1,0 2,4 0,0 0,1 0,0 0,0 0,0
LEAF 13,1 1,0 0,0 2,0 0,0 0,0 0,0 0,0 0,0 2,4
LEAF 13,1 1,0 0,0 2,0 0,0 0,0 2,0 0,0 0,0 7,2
LEAF 13,1 1,0 0,0 2,0 0,0 0,0 1,1 0,0 0,0 8,1
LEAF 13,1 1,0 0,0 2,0 0,0 0,0 0,2 0,0 0,0 9,0
LEAF 13,1 1,0 0,0 2,0 0,0 0,0 2,4 0,0 0,0 0,0
LEAF 13,1 1,0 0,0 2,0 1,0 0,0 2,0 0,0 0,0 9,0
LEAF 13,1 1,0 0,0 3,0 0,0 0,0 0,0 0,0 0,0 6,0
LEAF 13,1 1,0 0,0 3,0 0,0 0,0 0,0 0,0 0,0 6,3
LEAF 13,1 1,0 0,0 3,0 0,0 0,0 1,0 0,0 0,0 8,1
LEAF 13,1 1,0 0,0 3,0 0,0 0,0 6,0 0,0 0,0 0,0
LEAF 13,1 1,0 0,0 3,0 0,0 0,0 0,1 0,0 0,0 9,0
LEAF 13,1 1,0 0,0 5,0 0,0 0,0 0,0 0,0 0,0 6,2
LEAF 13,1 1,0 0,0 5,0 0,0 0,0 1,0 0,0 0,0 8,0
LEAF 13,1 1,0 0,0 6,0 0,0 0,0 0,0 0,0 0,0 3,0
LEAF 13,1 1,0 0,0 6,0 0,0 0,0 3,0 0,0 0,0 0,0
LEAF 13,1 1,0 0,0 0,1 0,0 0,0 0,0 0,0 0,0 0,6
LEAF 13,1 1,0 0,0 0,1 0,0 0,0 1,0 0,0 0,0 2,4
LEAF 13,1 1,0 0,0 0,1 0,0 0,0 3,0 0,0 0,0 9,0
LEAF 13,1 1,0 0,0 0,1 0,0 0,0 0,1 0,0 0,0 3,3
LEAF 13,1 1,0 0,0 0,1 0,0 0,0 3,3 0,0 0,0 0,1
LEAF 13,1 1,0 0,0 0,1 0,0 0,0 2,4 0,0 0,0 1,0
LEAF 13,1 1,0 0,0 1,1 0,0 0,0 0,0 0,0 0,0 3,3
LEAF 13,1 1,0 0,0 1,1 0,0 0,0 2,0 0,0 0,0 8,1
LEAF 13,1 1,0 0,0 1,1 0,0 0,0 1,1 0,0 0,0 9,0
LEAF 13,1 1,0 0,0 1,1 0,0 0,0 3,3 0,0 0,0 0,0
LEAF 13,1 1,0 0,0 2,1 0,0 0,0 0,0 0,0 0,0 7,2
LEAF 13,1 1,0 0,0 2,1 0,0 0,0 1,0 0,0 0,0 9,0
LEAF 13,1 1,0 0,0 4,1 0,0 0,0 0,0 0,0 0,0 7,1
LEAF 13,1 1,0 0,0 0,2 0,0 0,0 0,0 0,0 0,0 4,2
LEAF 13,1 1,0 0,0 0,2 0,0 0,0 2,0 0,0 0,0 9,0
LEAF 13,1 1,0 0,0 0,2 0,0 0,0 4,2 0,0 0,0 0,0
LEAF 13,1 1,0 0,0 1,2 0,0 0,0 0,0 0,0 0,0 8,1
LEAF 13,1 1,0 0,0 1,2 0,0 0,0 0,0 0,0 0,0 0,5
LEAF 13,1 1,0 0,0 1,2 0,0 0,0 0,5 0,0 0,0 0,0
LEAF 13,1 1,0 0,0 3,2 0,0 0,0 0,0 0,0 0,0 8,0
LEAF 13,1 1,0 0,0 4,2 0,0 0,0 0,0 0,0 0,0 0,2
LEAF 13,1 1,0 0,0 4,2 0,0 0,0 0,2 0,0 0,0 0,0
LEAF 13,1 1,0 0,0 0,3 0,0 0,0 0,0 0,0 0,0 9,0
LEAF 13,1 1,0 0,0 0,3 0,0 0,0 0,0 0,0 0,0 1,4
LEAF 13,1 1,0 0,0 0,3 0,0 0,0 1,4 0,0 0,0 0,0
LEAF 13,1 1,0 0,0 3,3 0,0 0,0 0,0 0,0 0,0 1,1
LEAF 13,1 1,0 0,0 3,3 0,0 0,0 0,1 0,0 0,0 0,1
LEAF 13,1 1,0 0,0 3,3 0,0 0,0 1,1 0,0 0,0 0,0
LEAF 13,1 1,0 0,0 1,4 0,0 0,0 0,0 0,0 0,0 0,3
LEAF 13,1 1,0 0,0 1,4 0,0 0,0 0,3 0,0 0,0 0,0
LEAF 13,1 1,0 0,0 2,4 0,0 0,0 0,0 0,0 0,0 2,0
LEAF 13,1 1,0 0,0 2,4 0,0 0,0 1,0 0,0 0,0 0,1
LEAF 13,1 1,0 0,0 2,4 0,0 0,0 2,0 0,0 0,0 0,0
LEAF 13,1 1,0 0,0 2,4 0,0 0,0 0,1 0,0 0,0 1,0
LEAF 13,1 1,0 0,0 0,5 0,0 0,0 0,0 0,0 0,0 1,2
LEAF 13,1 1,0 0,0 0,5 0,0 0,0 1,2 0,0 0,0 0,0
LEAF 13,1 1,0 0,0 1,5 0,0 0,0 1,0 0,0 0,0 1,0
LEAF 13,1 1,0 1,0 0,0 0,0 0,0 0,0 0,0 1,0 1,5
LEAF 13,1 1,0 1,0 0,0 0,0 0,0 0,0 0,0 3,0 8,1
LEAF 13,1 1,0 1,0 0,0 0,0 0,0 0,0 0,0 5,0 8,0
LEAF 13,1 1,0 1,0 0,0 0,0 0,0 0,0 0,0 0,1 2,4
LEAF 13,1 1,0 1,0 0,0 0,0 0,0 0,0 0,0 2,1 9,0
LEAF 13,1 1,0 1,0 0,0 0,0 0,0 0,0 0,0 2,4 0,1
LEAF 13,1 1,0 1,0 0,0 0,0 0,0 0,0 0,0 1,5 1,0
LEAF 13,1 1,0 1,0 0,0 0,0 0,0 0,0 1,0 0,0 1,5
LEAF 13,1 1,0 1,0 0,0 0,0 0,0 0,0 3,0 0,0 8,1
LEAF 13,1 1,0 1,0 0,0 0,0 0,0 0,0 5,0 0,0 8,0
LEAF 13,1 1,0 1,0 0,0 0,0 0,0 0,0 0,1 0,0 2,4
LEAF 13,1 1,0 1,0 0,0 0,0 0,0 0,0 2,1 0,0 9,0
LEAF 13,1 1,0 1,0 0,0 0,0 0,0 0,0 2,4 0,0 0,1
LEAF 13,1 1,0 1,0 0,0 0,0 0,0 0,0 1,5 0,0 1,0
LEAF 13,1 1,0 1,0 0,0 0,0 0,0 0,0 1,5 1,0 0,0
LEAF 13,1 1,0 1,0 0,0 0,0 0,0 1,0 0,0 0,0 1,5
LEAF 13,1 1,0 1,0 0,0 0,0 0,0 1,0 1,5 0,0 0,0
LEAF 13,1 1,0 1,0 0,0 0,0 0,0 3,0 0,0 0,0 8,1
LEAF 13,1 1,0 1,0 0,0 0,0 0,0 5,0 0,0 0,0 8,0
LEAF 13,1 1,0 1,0 0,0 0,0 0,0 0,1 0,0 0,0 2,4
LEAF 13,1 1,0 1,0 0,0 0,0 0,0 2,1 0,0 0,0 9,0
LEAF 13,1 1,0 1,0 0,0 0,0 0,0 2,4 0,0 0,0 0,1
LEAF 13,1 1,0 1,0 0,0 0,0 0,0 1,5 0,0 0,0 1,0
LEAF 13,1 1,0 1,0 0,0 0,0 1,0 0,0 0,0 0,0 1,5
LEAF 13,1 1,0 1,0 0,0 0,0 1,0 0,0 0,0 1,5 0,0
LEAF 13,1 1,0 1,0 0,0 0,0 1,0 0,0 1,5 0,0 0,0
LEAF 13,1 1,0 1,0 0,0 0,0 2,0 0,0 0,0 2,0 9,0
LEAF 13,1 1,0 1,0 0,0 0,0 2,0 0,0 2,0 0,0 9,0
LEAF 13,1 1,0 1,0 0,0 0,0 2,0 2,0 0,0 0,0 9,0
LEAF 13,1 1,0 1,0 0,0 0,0 3,0 0,0 0,0 0,0 8,1
LEAF 13,1 1,0 1,0 0,0 0,0 5,0 0,0 0,0 0,0 8,0
LEAF 13,1 1,0 1,0 0,0 0,0 0,1 0,0 0,0 0,0 2,4
LEAF 13,1 1,0 1,0 0,0 0,0 0,1 0,0 0,0 2,4 0,0
LEAF 13,1 1,0 1,0 0,0 0,0 0,1 0,0 2,4 0,0 0,0
LEAF 13,1 1,0 1,0 0,0 0,0 0,1 2,4 0,0 0,0 0,0
LEAF 13,1 1,0 1,0 0,0 0,0 2,1 0,0 0,0 0,0 9,0
LEAF 13,1 1,0 1,0 0,0 0,0 2,4 0,0 0,0 0,0 0,1
LEAF 13,1 1,0 1,0 0,0 0,0 2,4 0,0 0,0 0,1 0,0
LEAF 13,1 1,0 1,0 0,0 0,0 2,4 0,0 0,1 0,0 0,0
LEAF 13,1 1,0 1,0 0,0 0,0 2,4 0,1 0,0 0,0 0,0
LEAF 13,1 1,0 1,0 0,0 0,0 1,5 0,0 0,0 0,0 1,0
LEAF 13,1 1,0 1,0 0,0 0,0 1,5 0,0 0,0 1,0 0,0
LEAF 13,1 1,0 1,0 0,0 0,0 1,5 0,0 1,0 0,0 0,0
LEAF 13,1 1,0 1,0 0,0 1,0 0,0 0,0 0,0 0,0 1,5
LEAF 13,1 1,0 1,0 0,0 1,0 0,0 0,0 1,5 0,0 0,0
LEAF 13,1 1,0 1,0 0,0 1,0 0,0 1,5 0,0 0,0 0,0
LEAF 13,1 1,0 1,0 0,0 2,0 0,0 0,0 2,0 0,0 9,0
LEAF 13,1 1,0 1,0 0,0 2,0 0,0 2,0 0,0 0,0 9,0
LEAF 13,1 1,0 1,0 0,0 3,0 0,0 0,0 0,0 0,0 8,1
LEAF 13,1 1,0 1,0 0,0 5,0 0,0 0,0 0,0 0,0 8,0
LEAF 13,1 1,0 1,0 0,0 0,1 0,0 0,0 0,0 0,0 2,4
LEAF 13,1 1,0 1,0 0,0 0,1 0,0 0,0 2,4 0,0 0,0
LEAF 13,1 1,0 1,0 0,0 0,1 0,0 2,4 0,0 0,0 0,0
LEAF 13,1 1,0 1,0 0,0 2,1 0,0 0,0 0,0 0,0 9,0
LEAF 13,1 1,0 1,0 0,0 2,4 0,0 0,0 0,0 0,0 0,1
LEAF 13,1 1,0 1,0 0,0 2,4 0,0 0,0 0,1 0,0 0,0
LEAF 13,1 1,0 1,0 0,0 2,4 0,0 0,1 0,0 0,0 0,0
LEAF 13,1 1,0 1,0 0,0 1,5 0,0 0,0 0,0 0,0 1,0
LEAF 13,1 1,0 1,0 0,0 1,5 0,0 0,0 0,0 1,0 0,0
LEAF 13,1 1,0 1,0 0,0 1,5 0,0 0,0 1,0 0,0 0,0
LEAF 13,1 1,0 1,0 0,0 1,5 0,0 1,0 0,0 0,0 0,0
LEAF 13,1 1,0 1,0 1,0 0,0 0,0 0,0 0,0 0,0 1,5
LEAF 13,1 1,0 1,0 1,0 0,0 0,0 0,0 1,5 0,0 0,0
LEAF 13,1 1,0 1,0 1,0 0,0 0,0 1,5 0,0 0,0 0,0
LEAF 13,1 1,0 1,0 2,0 0,0 0,0 2,0 0,0 0,0 9,0
LEAF 13,1 1,0 1,0 3,0 0,0 0,0 0,0 0,0 0,0 8,1
LEAF 13,1 1,0 1,0 5,0 0,0 0,0 0,0 0,0 0,0 8,0
LEAF 13,1 1,0 1,0 0,1 0,0 0,0 0,0 0,0 0,0 2,4
LEAF 13,1 1,0 1,0 0,1 0,0 0,0 2,4 0,0 0,0 0,0
LEAF 13,1 1,0 1,0 2,1 0,0 0,0 0,0 0,0 0,0 9,0
LEAF 13,1 1,0 1,0 2,4 0,0 0,0 0,0 0,0 0,0 0,1
LEAF 13,1 1,0 1,0 2,4 0,0 0,0 0,1 0,0 0,0 0,0
LEAF 13,1 1,0 2,0 0,0 0,0 0,0 0,0 0,0 0,0 2,4
LEAF 13,1 1,0 2,0 0,0 0,0 0,0 0,0 0,0 2,0 7,2
LEAF 13,1 1,0 2,0 0,0 0,0 0,0 0,0 0,0 1,1 8,1
LEAF 13,1 1,0 2,0 0,0 0,0 0,0 0,0 0,0 0,2 9,0
LEAF 13,1 1,0 2,0 0,0 0,0 0,0 0,0 0,0 2,4 0,0
LEAF 13,1 1,0 2,0 0,0 0,0 0,0 0,0 1,0 2,0 9,0
LEAF 13,1 1,0 2,0 0,0 0,0 0,0 0,0 2,0 0,0 7,2
LEAF 13,1 1,0 2,0 0,0 0,0 0,0 0,0 2,0 1,0 9,0
LEAF 13,1 1,0 2,0 0,0 0,0 0,0 0,0 1,1 0,0 8,1
LEAF 13,1 1,0 2,0 0,0 0,0 0,0 0,0 0,2 0,0 9,0
LEAF 13,1 1,0 2,0 0,0 0,0 0,0 0,0 2,4 0,0 0,0
LEAF 13,1 1,0 2,0 0,0 0,0 0,0 1,0 2,0 0,0 9,0
LEAF 13,1 1,0 2,0 0,0 0,0 0,0 2,0 0,0 0,0 7,2
LEAF 13,1 1,0 2,0 0,0 0,0 0,0 2,0 1,0 0,0 9,0
LEAF 13,1 1,0 2,0 0,0 0,0 0,0 1,1 0,0 0,0 8,1
LEAF 13,1 1,0 2,0 0,0 0,0 0,0 0,2 0,0 0,0 9,0
LEAF 13,1 1,0 2,0 0,0 0,0 0,0 2,4 0,0 0,0 0,0
LEAF 13,1 1,0 2,0 0,0 0,0 1,0 0,0 0,0 2,0 9,0
LEAF 13,1 1,0 2,0 0,0 0,0 1,0 0,0 2,0 0,0 9,0
LEAF 13,1 1,0 2,0 0,0 0,0 1,0 2,0 0,0 0,0 9,0
LEAF 13,1 1,0 2,0 0,0 0,0 2,0 0,0 0,0 0,0 7,2
LEAF 13,1 1,0 2,0 0,0 0,0 2,0 0,0 0,0 1,0 9,0
LEAF 13,1 1,0 2,0 0,0 0,0 2,0 0,0 1,0 0,0 9,0
LEAF 13,1 1,0 2,0 0,0 0,0 2,0 1,0 0,0 0,0 9,0
LEAF 13,1 1,0 2,0 0,0 0,0 1,1 0,0 0,0 0,0 8,1
LEAF 13,1 1,0 2,0 0,0 0,0 0,2 0,0 0,0 0,0 9,0
LEAF 13,1 1,0 2,0 0,0 0,0 2,4 0,0 0,0 0,0 0,0
LEAF 13,1 1,0 2,0 0,0 1,0 0,0 0,0 0,0 2,0 9,0
LEAF 13,1 1,0 2,0 0,0 1,0 0,0 0,0 2,0 0,0 9,0
LEAF 13,1 1,0 2,0 0,0 1,0 0,0 2,0 0,0 0,0 9,0
LEAF 13,1 1,0 2,0 0,0 1,0 2,0 0,0 0,0 0,0 9,0
LEAF 13,1 1,0 2,0 0,0 2,0 0,0 0,0 0,0 0,0 7,2
LEAF 13,1 1,0 2,0 0,0 2,0 0,0 0,0 0,0 1,0 9,0
LEAF 13,1 1,0 2,0 0,0 2,0 0,0 0,0 1,0 0,0 9,0
LEAF 13,1 1,0 2,0 0,0 2,0 0,0 1,0 0,0 0,0 9,0
LEAF 13,1 1,0 2,0 0,0 2,0 1,0 0,0 0,0 0,0 9,0
LEAF 13,1 1,0 2,0 0,0 1,1 0,0 0,0 0,0 0,0 8,1
LEAF 13,1 1,0 2,0 0,0 0,2 0,0 0,0 0,0 0,0 9,0
LEAF 13,1 1,0 2,0 0,0 2,4 0,0 0,0 0,0 0,0 0,0
LEAF 13,1 1,0 2,0 1,0 0,0 0,0 0,0 2,0 0,0 9,0
LEAF 13,1 1,0 2,0 1,0 0,0 0,0 2,0 0,0 0,0 9,0
LEAF 13,1 1,0 2,0 1,0 2,0 0,0 0,0 0,0 0,0 9,0
LEAF 13,1 1,0 2,0 2,0 0,0 0,0 0,0 0,0 0,0 7,2
LEAF 13,1 1,0 2,0 2,0 0,0 0,0 0,0 1,0 0,0 9,0
LEAF 13,1 1,0 2,0 2,0 0,0 0,0 1,0 0,0 0,0 9,0
LEAF 13,1 1,0 2,0 2,0 1,0 0,0 0,0 0,0 0,0 9,0
LEAF 13,1 1,0 2,0 1,1 0,0 0,0 0,0 0,0 0,0 8,1
LEAF 13,1 1,0 2,0 0,2 0,0 0,0 0,0 0,0 0,0 9,0
LEAF 13,1 1,0 3,0 0,0 0,0 0,0 0,0 0,0 0,0 6,0
LEAF 13,1 1,0 3,0 0,0 0,0 0,0 0,0 0,0 0,0 6,3
LEAF 13,1 1,0 3,0 0,0 0,0 0,0 0,0 0,0 1,0 8,1
LEAF 13,1 1,0 3,0 0,0 0,0 0,0 0,0 0,0 6,0 0,0
LEAF 13,1 1,0 3,0 0,0 0,0 0,0 0,0 0,0 0,1 9,0
LEAF 13,1 1,0 3,0 0,0 0,0 0,0 0,0 1,0 0,0 8,1
LEAF 13,1 1,0 3,0 0,0 0,0 0,0 0,0 6,0 0,0 0,0
LEAF 13,1 1,0 3,0 0,0 0,0 0,0 0,0 0,1 0,0 9,0
LEAF 13,1 1,0 3,0 0,0 0,0 0,0 1,0 0,0 0,0 8,1
LEAF 13,1 1,0 3,0 0,0 0,0 0,0 6,0 0,0 0,0 0,0
LEAF 13,1 1,0 3,0 0,0 0,0 0,0 0,1 0,0 0,0 9,0
LEAF 13,1 1,0 3,0 0,0 0,0 1,0 0,0 0,0 0,0 8,1
LEAF 13,1 1,0 3,0 0,0 0,0 6,0 0,0 0,0 0,0 0,0
LEAF 13,1 1,0 3,0 0,0 0,0 0,1 0,0 0,0 0,0 9,0
LEAF 13,1 1,0 3,0 0,0 1,0 0,0 0,0 0,0 0,0 8,1
LEAF 13,1 1,0 3,0 0,0 6,0 0,0 0,0 0,0 0,0 0,0
LEAF 13,1 1,0 3,0 0,0 0,1 0,0 0,0 0,0 0,0 9,0
LEAF 13,1 1,0 3,0 1,0 0,0 0,0 0,0 0,0 0,0 8,1
LEAF 13,1 1,0 3,0 6,0 0,0 0,0 0,0 0,0 0,0 0,0
LEAF 13,1 1,0 3,0 0,1 0,0 0,0 0,0 0,0 0,0 9,0
LEAF 13,1 1,0 5,0 0,0 0,0 0,0 0,0 0,0 0,0 6,2
LEAF 13,1 1,0 5,0 0,0 0,0 0,0 0,0 0,0 1,0 8,0
LEAF 13,1 1,0 5,0 0,0 0,0 0,0 0,0 1,0 0,0 8,0
LEAF 13,1 1,0 5,0 0,0 0,0 0,0 1,0 0,0 0,0 8,0
LEAF 13,1 1,0 5,0 0,0 0,0 1,0 0,0 0,0 0,0 8,0
LEAF 13,1 1,0 5,0 0,0 1,0 0,0 0,0 0,0 0,0 8,0
LEAF 13,1 1,0 5,0 1,0 0,0 0,0 0,0 0,0 0,0 8,0
LEAF 13,1 1,0 6,0 0,0 0,0 0,0 0,0 0,0 0,0 3,0
LEAF 13,1 1,0 6,0 0,0 0,0 0,0 0,0 0,0 3,0 0,0
LEAF 13,1 1,0 6,0 0,0 0,0 0,0 0,0 3,0 0,0 0,0
LEAF 13,1 1,0 6,0 0,0 0,0 0,0 3,0 0,0 0,0 0,0
LEAF 13,1 1,0 6,0 0,0 0,0 3,0 0,0 0,0 0,0 0,0
LEAF 13,1 1,0 6,0 0,0 3,0 0,0 0,0 0,0 0,0 0,0
LEAF 13,1 1,0 6,0 3,0 0,0 0,0 0,0 0,0 0,0 0,0
LEAF 13,1 1,0 0,1 0,0 0,0 0,0 0,0 0,0 0,0 0,6
LEAF 13,1 1,0 0,1 0,0 0,0 0,0 0,0 0,0 1,0 2,4
LEAF 13,1 1,0 0,1 0,0 0,0 0,0 0,0 0,0 3,0 9,0
LEAF 13,1 1,0 0,1 0,0 0,0 0,0 0,0 0,0 0,1 3,3
LEAF 13,1 1,0 0,1 0,0 0,0 0,0 0,0 0,0 3,3 0,1
LEAF 13,1 1,0 0,1 0,0 0,0 0,0 0,0 0,0 2,4 1,0
LEAF 13,1 1,0 0,1 0,0 0,0 0,0 0,0 0,0 0,6 0,0
LEAF 13,1 1,0 0,1 0,0 0,0 0,0 0,0 1,0 0,0 2,4
LEAF 13,1 1,0 0,1 0,0 0,0 0,0 0,0 3,0 0,0 9,0
LEAF 13,1 1,0 0,1 0,0 0,0 0,0 0,0 0,1 0,0 3,3
LEAF 13,1 1,0 0,1 0,0 0,0 0,0 0,0 3,3 0,0 0,1
LEAF 13,1 1,0 0,1 0,0 0,0 0,0 0,0 2,4 0,0 1,0
LEAF 13,1 1,0 0,1 0,0 0,0 0,0 0,0 2,4 1,0 0,0
LEAF 13,1 1,0 0,1 0,0 0,0 0,0 0,0 0,6 0,0 0,0
LEAF 13,1 1,0 0,1 0,0 0,0 0,0 1,0 0,0 0,0 2,4
LEAF 13,1 1,0 0,1 0,0 0,0 0,0 1,0 2,4 0,0 0,0
LEAF 13,1 1,0 0,1 0,0 0,0 0,0 3,0 0,0 0,0 9,0
LEAF 13,1 1,0 0,1 0,0 0,0 0,0 0,1 0,0 0,0 3,3
LEAF 13,1 1,0 0,1 0,0 0,0 0,0 3,3 0,0 0,0 0,1
LEAF 13,1 1,0 0,1 0,0 0,0 0,0 2,4 0,0 0,0 1,0
LEAF 13,1 1,0 0,1 0,0 0,0 1,0 0,0 0,0 0,0 2,4
LEAF 13,1 1,0 0,1 0,0 0,0 1,0 0,0 0,0 2,4 0,0
LEAF 13,1 1,0 0,1 0,0 0,0 1,0 0,0 2,4 0,0 0,0
LEAF 13,1 1,0 0,1 0,0 0,0 1,0 2,4 0,0 0,0 0,0
LEAF 13,1 1,0 0,1 0,0 0,0 3,0 0,0 0,0 0,0 9,0
LEAF 13,1 1,0 0,1 0,0 0,0 0,1 0,0 0,0 0,0 3,3
LEAF 13,1 1,0 0,1 0,0 0,0 0,1 0,0 0,0 3,3 0,0
LEAF 13,1 1,0 0,1 0,0 0,0 0,1 0,0 3,3 0,0 0,0
LEAF 13,1 1,0 0,1 0,0 0,0 0,1 3,3 0,0 0,0 0,0
LEAF 13,1 1,0 0,1 0,0 0,0 3,3 0,0 0,0 0,0 0,1
LEAF 13,1 1,0 0,1 0,0 0,0 3,3 0,0 0,0 0,1 0,0
LEAF 13,1 1,0 0,1 0,0 0,0 3,3 0,0 0,1 0,0 0,0
LEAF 13,1 1,0 0,1 0,0 0,0 3,3 0,1 0,0 0,0 0,0
LEAF 13,1 1,0 0,1 0,0 0,0 2,4 0,0 0,0 0,0 1,0
LEAF 13,1 1,0 0,1 0,0 0,0 2,4 0,0 0,0 1,0 0,0
LEAF 13,1 1,0 0,1 0,0 0,0 2,4 0,0 1,0 0,0 0,0
LEAF 13,1 1,0 0,1 0,0 0,0 2,4 1,0 0,0 0,0 0,0
LEAF 13,1 1,0 0,1 0,0 1,0 0,0 0,0 0,0 0,0 2,4
LEAF 13,1 1,0 0,1 0,0 1,0 0,0 0,0 2,4 0,0 0,0
LEAF 13,1 1,0 0,1 0,0 1,0 0,0 2,4 0,0 0,0 0,0
LEAF 13,1 1,0 0,1 0,0 3,0 0,0 0,0 0,0 0,0 9,0
LEAF 13,1 1,0 0,1 0,0 0,1 0,0 0,0 0,0 0,0 3,3
LEAF 13,1 1,0 0,1 0,0 0,1 0,0 0,0 3,3 0,0 0,0
LEAF 13,1 1,0 0,1 0,0 0,1 0,0 3,3 0,0 0,0 0,0
LEAF 13,1 1,0 0,1 0,0 3,3 0,0 0,0 0,0 0,0 0,1
LEAF 13,1 1,0 0,1 0,0 3,3 0,0 0,0 0,1 0,0 0,0
LEAF 13,1 1,0 0,1 0,0 3,3 0,0 0,1 0,0 0,0 0,0
LEAF 13,1 1,0 0,1 0,0 2,4 0,0 0,0 0,0 0,0 1,0
LEAF 13,1 1,0 0,1 0,0 2,4 0,0 0,0 0,0 1,0 0,0
LEAF 13,1 1,0 0,1 0,0 2,4 0,0 0,0 1,0 0,0 0,0
LEAF 13,1 1,0 0,1 0,0 2,4 0,0 1,0 0,0 0,0 0,0
LEAF 13,1 1,0 0,1 0,0 2,4 1,0 0,0 0,0 0,0 0,0
LEAF 13,1 1,0 0,1 1,0 0,0 0,0 0,0 0,0 0,0 2,4
LEAF 13,1 1,0 0,1 1,0 0,0 0,0 0,0 2,4 0,0 0,0
LEAF 13,1 1,0 0,1 1,0 0,0 0,0 2,4 0,0 0,0 0,0
LEAF 13,1 1,0 0,1 1,0 2,4 0,0 0,0 0,0 0,0 0,0
LEAF 13,1 1,0 0,1 3,0 0,0 0,0 0,0 0,0 0,0 9,0
LEAF 13,1 1,0 0,1 0,1 0,0 0,0 0,0 0,0 0,0 3,3
LEAF 13,1 1,0 0,1 0,1 0,0 0,0 3,3 0,0 0,0 0,0
LEAF 13,1 1,0 0,1 3,3 0,0 0,0 0,0 0,0 0,0 0,1
LEAF 13,1 1,0 0,1 3,3 0,0 0,0 0,1 0,0 0,0 0,0
LEAF 13,1 1,0 0,1 2,4 0,0 0,0 0,0 0,0 0,0 1,0
LEAF 13,1 1,0 0,1 2,4 0,0 0,0 1,0 0,0 0,0 0,0
LEAF 13,1 1,0 1,1 0,0 0,0 0,0 0,0 0,0 0,0 3,3
LEAF 13,1 1,0 1,1 0,0 0,0 0,0 0,0 0,0 2,0 8,1
LEAF 13,1 1,0 1,1 0,0 0,0 0,0 0,0 0,0 1,1 9,0
LEAF 13,1 1,0 1,1 0,0 0,0 0,0 0,0 0,0 3,3 0,0
LEAF 13,1 1,0 1,1 0,0 0,0 0,0 0,0 2,0 0,0 8,1
LEAF 13,1 1,0 1,1 0,0 0,0 0,0 0,0 1,1 0,0 9,0
LEAF 13,1 1,0 1,1 0,0 0,0 0,0 0,0 3,3 0,0 0,0
LEAF 13,1 1,0 1,1 0,0 0,0 0,0 2,0 0,0 0,0 8,1
LEAF 13,1 1,0 1,1 0,0 0,0 0,0 1,1 0,0 0,0 9,0
LEAF 13,1 1,0 1,1 0,0 0,0 0,0 3,3 0,0 0,0 0,0
LEAF 13,1 1,0 1,1 0,0 0,0 2,0 0,0 0,0 0,0 8,1
LEAF 13,1 1,0 1,1 0,0 0,0 1,1 0,0 0,0 0,0 9,0
LEAF 13,1 1,0 1,1 0,0 0,0 3,3 0,0 0,0 0,0 0,0
LEAF 13,1 1,0 1,1 0,0 2,0 0,0 0,0 0,0 0,0 8,1
LEAF 13,1 1,0 1,1 0,0 1,1 0,0 0,0 0,0 0,0 9,0
LEAF 13,1 1,0 1,1 0,0 3,3 0,0 0,0 0,0 0,0 0,0
LEAF 13,1 1,0 1,1 2,0 0,0 0,0 0,0 0,0 0,0 8,1
LEAF 13,1 1,0 1,1 1,1 0,0 0,0 0,0 0,0 0,0 9,0
LEAF 13,1 1,0 2,1 0,0 0,0 0,0 0,0 0,0 0,0 7,2
LEAF 13,1 1,0 2,1 0,0 0,0 0,0 0,0 0,0 1,0 9,0
LEAF 13,1 1,0 2,1 0,0 0,0 0,0 0,0 1,0 0,0 9,0
LEAF 13,1 1,0 2,1 0,0 0,0 0,0 1,0 0,0 0,0 9,0
LEAF 13,1 1,0 2,1 0,0 0,0 1,0 0,0 0,0 0,0 9,0
LEAF 13,1 1,0 2,1 0,0 1,0 0,0 0,0 0,0 0,0 9,0
LEAF 13,1 1,0 2,1 1,0 0,0 0,0 0,0 0,0 0,0 9,0
LEAF 13,1 1,0 4,1 0,0 0,0 0,0 0,0 0,0 0,0 7,1
LEAF 13,1 1,0 0,2 0,0 0,0 0,0 0,0 0,0 0,0 4,2
LEAF 13,1 1,0 0,2 0,0 0,0 0,0 0,0 0,0 2,0 9,0
LEAF 13,1 1,0 0,2 0,0 0,0 0,0 0,0 0,0 4,2 0,0
LEAF 13,1 1,0 0,2 0,0 0,0 0,0 0,0 2,0 0,0 9,0
LEAF 13,1 1,0 0,2 0,0 0,0 0,0 0,0 4,2 0,0 0,0
LEAF 13,1 1,0 0,2 0,0 0,0 0,0 2,0 0,0 0,0 9,0
LEAF 13,1 1,0 0,2 0,0 0,0 0,0 4,2 0,0 0,0 0,0
LEAF 13,1 1,0 0,2 0,0 0,0 2,0 0,0 0,0 0,0 9,0
LEAF 13,1 1,0 0,2 0,0 0,0 4,2 0,0 0,0 0,0 0,0
LEAF 13,1 1,0 0,2 0,0 2,0 0,0 0,0 0,0 0,0 9,0
LEAF 13,1 1,0 0,2 0,0 4,2 0,0 0,0 0,0 0,0 0,0
LEAF 13,1 1,0 0,2 2,0 0,0 0,0 0,0 0,0 0,0 9,0
LEAF 13,1 1,0 0,2 4,2 0,0 0,0 0,0 0,0 0,0 0,0
LEAF 13,1 1,0 1,2 0,0 0,0 0,0 0,0 0,0 0,0 8,1
LEAF 13,1 1,0 1,2 0,0 0,0 0,0 0,0 0,0 0,0 0,5
LEAF 13,1 1,0 1,2 0,0 0,0 0,0 0,0 0,0 0,5 0,0
LEAF 13,1 1,0 1,2 0,0 0,0 0,0 0,0 0,5 0,0 0,0
LEAF 13,1 1,0 1,2 0,0 0,0 0,0 0,5 0,0 0,0 0,0
LEAF 13,1 1,0 1,2 0,0 0,0 0,5 0,0 0,0 0,0 0,0
LEAF 13,1 1,0 1,2 0,0 0,5 0,0 0,0 0,0 0,0 0,0
LEAF 13,1 1,0 1,2 0,5 0,0 0,0 0,0 0,0 0,0 0,0
LEAF 13,1 1,0 3,2 0,0 0,0 0,0 0,0 0,0 0,0 8,0
LEAF 13,1 1,0 4,2 0,0 0,0 0,0 0,0 0,0 0,0 0,2
LEAF 13,1 1,0 4,2 0,0 0,0 0,0 0,0 0,0 0,2 0,0
LEAF 13,1 1,0 4,2 0,0 0,0 0,0 0,0 0,2 0,0 0,0
LEAF 13,1 1,0 4,2 0,0 0,0 0,0 0,2 0,0 0,0 0,0
LEAF 13,1 1,0 4,2 0,0 0,0 0,2 0,0 0,0 0,0 0,0
LEAF 13,1 1,0 4,2 0,0 0,2 0,0 0,0 0,0 0,0 0,0
LEAF 13,1 1,0 4,2 0,2 0,0 0,0 0,0 0,0 0,0 0,0
LEAF 13,1 1,0 0,3 0,0 0,0 0,0 0,0 0,0 0,0 9,0
LEAF 13,1 1,0 0,3 0,0 0,0 0,0 0,0 0,0 0,0 1,4
LEAF 13,1 1,0 0,3 0,0 0,0 0,0 0,0 0,0 1,4 0,0
LEAF 13,1 1,0 0,3 0,0 0,0 0,0 0,0 1,4 0,0 0,0
LEAF 13,1 1,0 0,3 0,0 0,0 0,0 1,4 0,0 0,0 0,0
LEAF 13,1 1,0 0,3 0,0 0,0 1,4 0,0 0,0 0,0 0,0
LEAF 13,1 1,0 0,3 0,0 1,4 0,0 0,0 0,0 0,0 0,0
LEAF 13,1 1,0 0,3 1,4 0,0 0,0 0,0 0,0 0,0 0,0
LEAF 13,1 1,0 3,3 0,0 0,0 0,0 0,0 0,0 0,0 1,1
LEAF 13,1 1,0 3,3 0,0 0,0 0,0 0,0 0,0 0,1 0,1
LEAF 13,1 1,0 3,3 0,0 0,0 0,0 0,0 0,0 1,1 0,0
LEAF 13,1 1,0 3,3 0,0 0,0 0,0 0,0 0,1 0,0 0,1
LEAF 13,1 1,0 3,3 0,0 0,0 0,0 0,0 1,1 0,0 0,0
LEAF 13,1 1,0 3,3 0,0 0,0 0,0 0,1 0,0 0,0 0,1
LEAF 13,1 1,0 3,3 0,0 0,0 0,0 1,1 0,0 0,0 0,0
LEAF 13,1 1,0 3,3 0,0 0,0 0,1 0,0 0,0 0,0 0,1
LEAF 13,1 1,0 3,3 0,0 0,0 0,1 0,0 0,0 0,1 0,0
LEAF 13,1 1,0 3,3 0,0 0,0 0,1 0,0 0,1 0,0 0,0
LEAF 13,1 1,0 3,3 0,0 0,0 0,1 0,1 0,0 0,0 0,0
LEAF 13,1 1,0 3,3 0,0 0,0 1,1 0,0 0,0 0,0 0,0
LEAF 13,1 1,0 3,3 0,0 0,1 0,0 0,0 0,0 0,0 0,1
LEAF 13,1 1,0 3,3 0,0 0,1 0,0 0,0 0,1 0,0 0,0
LEAF 13,1 1,0 3,3 0,0 0,1 0,0 0,1 0,0 0,0 0,0
LEAF 13,1 1,0 3,3 0,0 1,1 0,0 0,0 0,0 0,0 0,0
LEAF 13,1 1,0 3,3 0,1 0,0 0,0 0,0 0,0 0,0 0,1
LEAF 13,1 1,0 3,3 0,1 0,0 0,0 0,1 0,0 0,0 0,0
LEAF 13,1 1,0 3,3 1,1 0,0 0,0 0,0 0,0 0,0 0,0
LEAF 13,1 1,0 1,4 0,0 0,0 0,0 0,0 0,0 0,0 0,3
LEAF 13,1 1,0 1,4 0,0 0,0 0,0 0,0 0,0 0,3 0,0
LEAF 13,1 1,0 1,4 0,0 0,0 0,0 0,0 0,3 0,0 0,0
LEAF 13,1 1,0 1,4 0,0 0,0 0,0 0,3 0,0 0,0 0,0
LEAF 13,1 1,0 1,4 0,0 0,0 0,3 0,0 0,0 0,0 0,0
LEAF 13,1 1,0 1,4 0,0 0,3 0,0 0,0 0,0 0,0 0,0
LEAF 13,1 1,0 1,4 0,3 0,0 0,0 0,0 0,0 0,0 0,0
LEAF 13,1 1,0 2,4 0,0 0,0 0,0 0,0 0,0 0,0 2,0
LEAF 13,1 1,0 2,4 0,0 0,0 0,0 0,0 0,0 1,0 0,1
LEAF 13,1 1,0 2,4 0,0 0,0 0,0 0,0 0,0 2,0 0,0
LEAF 13,1 1,0 2,4 0,0 0,0 0,0 0,0 0,0 0,1 1,0
LEAF 13,1 1,0 2,4 0,0 0,0 0,0 0,0 1,0 0,0 0,1
LEAF 13,1 1,0 2,4 0,0 0,0 0,0 0,0 2,0 0,0 0,0
LEAF 13,1 1,0 2,4 0,0 0,0 0,0 0,0 0,1 0,0 1,0
LEAF 13,1 1,0 2,4 0,0 0,0 0,0 0,0 0,1 1,0 0,0
LEAF 13,1 1,0 2,4 0,0 0,0 0,0 1,0 0,0 0,0 0,1
LEAF 13,1 1,0 2,4 0,0 0,0 0,0 1,0 0,1 0,0 0,0
LEAF 13,1 1,0 2,4 0,0 0,0 0,0 2,0 0,0 0,0 0,0
LEAF 13,1 1,0 2,4 0,0 0,0 0,0 0,1 0,0 0,0 1,0
LEAF 13,1 1,0 2,4 0,0 0,0 1,0 0,0 0,0 0,0 0,1
LEAF 13,1 1,0 2,4 0,0 0,0 1,0 0,0 0,0 0,1 0,0
LEAF 13,1 1,0 2,4 0,0 0,0 1,0 0,0 0,1 0,0 0,0
LEAF 13,1 1,0 2,4 0,0 0,0 1,0 0,1 0,0 0,0 0,0
LEAF 13,1 1,0 2,4 0,0 0,0 2,0 0,0 0,0 0,0 0,0
LEAF 13,1 1,0 2,4 0,0 0,0 0,1 0,0 0,0 0,0 1,0
LEAF 13,1 1,0 2,4 0,0 0,0 0,1 0,0 0,0 1,0 0,0
LEAF 13,1 1,0 2,4 0,0 0,0 0,1 0,0 1,0 0,0 0,0
LEAF 13,1 1,0 2,4 0,0 0,0 0,1 1,0 0,0 0,0 0,0
LEAF 13,1 1,0 2,4 0,0 1,0 0,0 0,0 0,0 0,0 0,1
LEAF 13,1 1,0 2,4 0,0 1,0 0,0 0,0 0,1 0,0 0,0
LEAF 13,1 1,0 2,4 0,0 1,0 0,0 0,1 0,0 0,0 0,0
LEAF 13,1 1,0 2,4 0,0 2,0 0,0 0,0 0,0 0,0 0,0
LEAF 13,1 1,0 2,4 0,0 0,1 0,0 0,0 0,0 0,0 1,0
LEAF 13,1 1,0 2,4 0,0 0,1 0,0 0,0 0,0 1,0 0,0
LEAF 13,1 1,0 2,4 0,0 0,1 0,0 0,0 1,0 0,0 0,0
LEAF 13,1 1,0 2,4 0,0 0,1 0,0 1,0 0,0 0,0 0,0
LEAF 13,1 1,0 2,4 0,0 0,1 1,0 0,0 0,0 0,0 0,0
LEAF 13,1 1,0 2,4 1,0 0,0 0,0 0,0 0,0 0,0 0,1
LEAF 13,1 1,0 2,4 1,0 0,0 0,0 0,0 0,1 0,0 0,0
LEAF 13,1 1,0 2,4 1,0 0,0 0,0 0,1 0,0 0,0 0,0
LEAF 13,1 1,0 2,4 1,0 0,1 0,0 0,0 0,0 0,0 0,0
LEAF 13,1 1,0 2,4 2,0 0,0 0,0 0,0 0,0 0,0 0,0
LEAF 13,1 1,0 2,4 0,1 0,0 0,0 0,0 0,0 0,0 1,0
LEAF 13,1 1,0 2,4 0,1 0,0 0,0 1,0 0,0 0,0 0,0
LEAF 13,1 1,0 0,5 0,0 0,0 0,0 0,0 0,0 0,0 1,2
LEAF 13,1 1,0 0,5 0,0 0,0 0,0 0,0 0,0 1,2 0,0
LEAF 13,1 1,0 0,5 0,0 0,0 0,0 0,0 1,2 0,0 0,0
LEAF 13,1 1,0 0,5 0,0 0,0 0,0 1,2 0,0 0,0 0,0
LEAF 13,1 1,0 0,5 0,0 0,0 1,2 0,0 0,0 0,0 0,0
LEAF 13,1 1,0 0,5 0,0 1,2 0,0 0,0 0,0 0,0 0,0
LEAF 13,1 1,0 0,5 1,2 0,0 0,0 0,0 0,0 0,0 0,0
LEAF 13,1 1,0 1,5 0,0 0,0 0,0 0,0 0,0 1,0 1,0
LEAF 13,1 1,0 1,5 0,0 0,0 0,0 0,0 1,0 0,0 1,0
LEAF 13,1 1,0 1,5 0,0 0,0 0,0 0,0 1,0 1,0 0,0
LEAF 13,1 1,0 1,5 0,0 0,0 0,0 1,0 0,0 0,0 1,0
LEAF 13,1 1,0 1,5 0,0 0,0 0,0 1,0 0,0 1,0 0,0
LEAF 13,1 1,0 1,5 0,0 0,0 0,0 1,0 1,0 0,0 0,0
LEAF 13,1 1,0 1,5 0,0 0,0 1,0 0,0 0,0 0,0 1,0
LEAF 13,1 1,0 1,5 0,0 0,0 1,0 0,0 0,0 1,0 0,0
LEAF 13,1 1,0 1,5 0,0 0,0 1,0 0,0 1,0 0,0 0,0
LEAF 13,1 1,0 1,5 0,0 0,0 1,0 1,0 0,0 0,0 0,0
LEAF 13,1 1,0 1,5 0,0 1,0 0,0 0,0 0,0 0,0 1,0
LEAF 13,1 1,0 1,5 0,0 1,0 0,0 0,0 0,0 1,0 0,0
LEAF 13,1 1,0 1,5 0,0 1,0 0,0 0,0 1,0 0,0 0,0
LEAF 13,1 1,0 1,5 0,0 1,0 0,0 1,0 0,0 0,0 0,0
LEAF 13,1 1,0 1,5 0,0 1,0 1,0 0,0 0,0 0,0 0,0
LEAF 13,1 1,0 1,5 1,0 0,0 0,0 0,0 0,0 0,0 1,0
LEAF 13,1 1,0 1,5 1,0 0,0 0,0 0,0 0,0 1,0 0,0
LEAF 13,1 1,0 1,5 1,0 0,0 0,0 0,0 1,0 0,0 0,0
LEAF 13,1 1,0 1,5 1,0 0,0 0,0 1,0 0,0 0,0 0,0
LEAF 13,1 1,0 1,5 1,0 0,0 1,0 0,0 0,0 0,0 0,0
LEAF 13,1 1,0 1,5 1,0 1,0 0,0 0,0 0,0 0,0 0,0
LEAF 13,1 1,0 0,6 0,0 0,0 0,0 0,0 0,0 0,0 0,1
LEAF 13,1 1,0 0,6 0,0 0,0 0,0 0,0 0,0 0,1 0,0
LEAF 13,1 1,0 0,6 0,0 0,0 0,0 0,0 0,1 0,0 0,0
LEAF 13,1 1,0 0,6 0,0 0,0 0,0 0,1 0,0 0,0 0,0
LEAF 13,1 1,0 0,6 0,0 0,0 0,1 0,0 0,0 0,0 0,0
LEAF 13,1 1,0 0,6 0,0 0,1 0,0 0,0 0,0 0,0 0,0
LEAF 13,1 2,0 0,0 0,0 0,0 0,0 0,0 0,0 0,0 0,6
LEAF 13,1 2,0 0,0 0,0 0,0 0,0 0,0 0,0 1,0 2,4
LEAF 13,1 2,0 0,0 0,0 0,0 0,0 0,0 1,0 0,0 2,4
LEAF 13,1 2,0 0,0 0,0 0,0 0,0 0,0 2,0 1,0 7,2
LEAF 13,1 2,0 0,0 0,0 0,0 0,0 0,0 3,0 0,0 9,0
LEAF 13,1 2,0 0,0 0,0 0,0 0,0 0,0 0,1 0,0 3,3
LEAF 13,1 2,0 0,0 0,0 0,0 0,0 0,0 1,1 1,0 8,1
LEAF 13,1 2,0 0,0 0,0 0,0 0,0 0,0 0,2 1,0 9,0
LEAF 13,1 2,0 0,0 0,0 0,0 0,0 0,0 3,3 0,0 0,1
LEAF 13,1 2,0 0,0 0,0 0,0 0,0 0,0 2,4 0,0 1,0
LEAF 13,1 2,0 0,0 0,0 0,0 0,0 0,0 2,4 1,0 0,0
LEAF 13,1 2,0 0,0 0,0 0,0 0,0 0,0 0,6 0,0 0,0
LEAF 13,1 2,0 0,0 0,0 0,0 0,0 1,0 0,0 0,0 2,4
LEAF 13,1 2,0 0,0 0,0 0,0 0,0 1,0 2,0 0,0 7,2
LEAF 13,1 2,0 0,0 0,0 0,0 0,0 3,0 0,0 0,0 9,0
LEAF 13,1 2,0 0,0 0,0 0,0 0,0 0,1 0,0 0,0 3,3
LEAF 13,1 2,0 0,0 0,0 0,0 0,0 3,3 0,0 0,0 0,1
LEAF 13,1 2,0 0,0 0,0 0,0 0,0 2,4 0,0 0,0 1,0
LEAF 13,1 2,0 0,0 0,0 0,0 1,0 0,0 0,0 0,0 2,4
LEAF 13,1 2,0 0,0 0,0 0,0 1,0 0,0 2,0 0,0 7,2
LEAF 13,1 2,0 0,0 0,0 0,0 1,0 0,0 2,0 1,0 9,0
LEAF 13,1 2,0 0,0 0,0 0,0 1,0 0,0 1,1 0,0 8,1
LEAF 13,1 2,0 0,0 0,0 0,0 1,0 0,0 0,2 0,0 9,0
LEAF 13,1 2,0 0,0 0,0 0,0 1,0 0,0 2,4 0,0 0,0
LEAF 13,1 2,0 0,0 0,0 0,0 1,0 2,0 0,0 0,0 7,2
LEAF 13,1 2,0 0,0 0,0 0,0 1,0 1,1 0,0 0,0 8,1
LEAF 13,1 2,0 0,0 0,0 0,0 1,0 0,2 0,0 0,0 9,0
LEAF 13,1 2,0 0,0 0,0 0,0 1,0 2,4 0,0 0,0 0,0
LEAF 13,1 2,0 0,0 0,0 0,0 2,0 1,0 0,0 0,0 7,2
LEAF 13,1 2,0 0,0 0,0 0,0 2,0 0,1 0,0 0,0 8,1
LEAF 13,1 2,0 0,0 0,0 1,0 0,0 0,0 0,0 0,0 2,4
LEAF 13,1 2,0 0,0 0,0 1,0 0,0 0,0 2,0 0,0 7,2
LEAF 13,1 2,0 0,0 0,0 1,0 0,0 0,0 2,0 1,0 9,0
LEAF 13,1 2,0 0,0 0,0 1,0 0,0 0,0 1,1 0,0 8,1
LEAF 13,1 2,0 0,0 0,0 1,0 0,0 0,0 0,2 0,0 9,0
LEAF 13,1 2,0 0,0 0,0 1,0 0,0 0,0 2,4 0,0 0,0
LEAF 13,1 2,0 0,0 0,0 1,0 0,0 2,0 0,0 0,0 7,2
LEAF 13,1 2,0 0,0 0,0 1,0 0,0 1,1 0,0 0,0 8,1
LEAF 13,1 2,0 0,0 0,0 1,0 0,0 0,2 0,0 0,0 9,0
LEAF 13,1 2,0 0,0 0,0 1,0 0,0 2,4 0,0 0,0 0,0
LEAF 13,1 2,0 0,0 0,0 1,0 1,0 2,0 0,0 0,0 9,0
LEAF 13,1 2,0 0,0 0,0 2,0 0,0 0,0 0,0 1,0 7,2
LEAF 13,1 2,0 0,0 0,0 2,0 0,0 0,0 1,0 0,0 7,2
LEAF 13,1 2,0 0,0 0,0 2,0 0,0 0,0 1,0 1,0 9,0
LEAF 13,1 2,0 0,0 0,0 2,0 0,0 0,0 0,1 0,0 8,1
LEAF 13,1 2,0 0,0 0,0 2,0 0,0 1,0 0,0 0,0 7,2
LEAF 13,1 2,0 0,0 0,0 2,0 0,0 1,0 1,0 0,0 9,0
LEAF 13,1 2,0 0,0 0,0 2,0 0,0 0,1 0,0 0,0 8,1
LEAF 13,1 2,0 0,0 0,0 2,0 1,0 0,0 0,0 0,0 7,2
LEAF 13,1 2,0 0,0 0,0 2,0 1,0 1,0 0,0 0,0 9,0
LEAF 13,1 2,0 0,0 0,0 3,0 0,0 0,0 0,0 0,0 9,0
LEAF 13,1 2,0 0,0 0,0 0,1 0,0 0,0 0,0 0,0 3,3
LEAF 13,1 2,0 0,0 0,0 0,1 0,0 0,0 2,0 0,0 8,1
LEAF 13,1 2,0 0,0 0,0 0,1 0,0 0,0 1,1 0,0 9,0
LEAF 13,1 2,0 0,0 0,0 0,1 0,0 0,0 3,3 0,0 0,0
LEAF 13,1 2,0 0,0 0,0 0,1 0,0 2,0 0,0 0,0 8,1
LEAF 13,1 2,0 0,0 0,0 0,1 0,0 1,1 0,0 0,0 9,0
LEAF 13,1 2,0 0,0 0,0 0,1 0,0 3,3 0,0 0,0 0,0
LEAF 13,1 2,0 0,0 0,0 1,1 0,0 0,0 0,0 1,0 8,1
LEAF 13,1 2,0 0,0 0,0 1,1 0,0 0,0 1,0 0,0 8,1
LEAF 13,1 2,0 0,0 0,0 1,1 0,0 0,0 0,1 0,0 9,0
LEAF 13,1 2,0 0,0 0,0 1,1 0,0 1,0 0,0 0,0 8,1
LEAF 13,1 2,0 0,0 0,0 1,1 0,0 0,1 0,0 0,0 9,0
LEAF 13,1 2,0 0,0 0,0 1,1 1,0 0,0 0,0 0,0 8,1
LEAF 13,1 2,0 0,0 0,0 0,2 0,0 0,0 0,0 1,0 9,0
LEAF 13,1 2,0 0,0 0,0 0,2 0,0 0,0 1,0 0,0 9,0
LEAF 13,1 2,0 0,0 0,0 0,2 0,0 1,0 0,0 0,0 9,0
LEAF 13,1 2,0 0,0 0,0 0,2 1,0 0,0 0,0 0,0 9,0
LEAF 13,1 2,0 0,0 0,0 3,3 0,0 0,0 0,0 0,0 0,1
LEAF 13,1 2,0 0,0 0,0 3,3 0,0 0,0 0,1 0,0 0,0
LEAF 13,1 2,0 0,0 0,0 3,3 0,0 0,1 0,0 0,0 0,0
LEAF 13,1 2,0 0,0 0,0 2,4 0,0 0,0 0,0 0,0 1,0
LEAF 13,1 2,0 0,0 0,0 2,4 0,0 0,0 0,0 1,0 0,0
LEAF 13,1 2,0 0,0 0,0 2,4 0,0 0,0 1,0 0,0 0,0
LEAF 13,1 2,0 0,0 0,0 2,4 0,0 1,0 0,0 0,0 0,0
LEAF 13,1 2,0 0,0 0,0 2,4 1,0 0,0 0,0 0,0 0,0
LEAF 13,1 2,0 0,0 1,0 0,0 0,0 0,0 0,0 0,0 2,4
LEAF 13,1 2,0 0,0 1,0 0,0 0,0 0,0 2,0 0,0 7,2
LEAF 13,1 2,0 0,0 1,0 0,0 0,0 2,0 0,0 0,0 7,2
LEAF 13,1 2,0 0,0 1,0 0,0 0,0 1,1 0,0 0,0 8,1
LEAF 13,1 2,0 0,0 1,0 0,0 0,0 0,2 0,0 0,0 9,0
LEAF 13,1 2,0 0,0 1,0 0,0 0,0 2,4 0,0 0,0 0,0
LEAF 13,1 2,0 0,0 1,0 1,0 0,0 2,0 0,0 0,0 9,0
LEAF 13,1 2,0 0,0 1,0 2,0 0,0 0,0 0,0 0,0 7,2
LEAF 13,1 2,0 0,0 1,0 2,0 0,0 1,0 0,0 0,0 9,0
LEAF 13,1 2,0 0,0 2,0 0,0 0,0 1,0 0,0 0,0 7,2
LEAF 13,1 2,0 0,0 2,0 0,0 0,0 0,1 0,0 0,0 8,1
LEAF 13,1 2,0 0,0 3,0 0,0 0,0 0,0 0,0 0,0 9,0
LEAF 13,1 2,0 0,0 0,1 0,0 0,0 0,0 0,0 0,0 3,3
LEAF 13,1 2,0 0,0 0,1 0,0 0,0 2,0 0,0 0,0 8,1
LEAF 13,1 2,0 0,0 0,1 0,0 0,0 1,1 0,0 0,0 9,0
LEAF 13,1 2,0 0,0 0,1 0,0 0,0 3,3 0,0 0,0 0,0
LEAF 13,1 2,0 0,0 1,1 0,0 0,0 1,0 0,0 0,0 8,1
LEAF 13,1 2,0 0,0 1,1 0,0 0,0 0,1 0,0 0,0 9,0
LEAF 13,1 2,0 0,0 0,2 0,0 0,0 1,0 0,0 0,0 9,0
LEAF 13,1 2,0 0,0 3,3 0,0 0,0 0,0 0,0 0,0 0,1
LEAF 13,1 2,0 0,0 3,3 0,0 0,0 0,1 0,0 0,0 0,0
LEAF 13,1 2,0 0,0 2,4 0,0 0,0 0,0 0,0 0,0 1,0
LEAF 13,1 2,0 0,0 2,4 0,0 0,0 1,0 0,0 0,0 0,0
LEAF 13,1 2,0 1,0 0,0 0,0 0,0 0,0 0,0 0,0 2,4
LEAF 13,1 2,0 1,0 0,0 0,0 0,0 0,0 2,0 0,0 7,2
LEAF 13,1 2,0 1,0 0,0 0,0 0,0 0,0 2,0 1,0 9,0
LEAF 13,1 2,0 1,0 0,0 0,0 0,0 0,0 1,1 0,0 8,1
LEAF 13,1 2,0 1,0 0,0 0,0 0,0 0,0 0,2 0,0 9,0
LEAF 13,1 2,0 1,0 0,0 0,0 0,0 0,0 2,4 0,0 0,0
LEAF 13,1 2,0 1,0 0,0 0,0 0,0 2,0 0,0 0,0 7,2
LEAF 13,1 2,0 1,0 0,0 0,0 0,0 1,1 0,0 0,0 8,1
LEAF 13,1 2,0 1,0 0,0 0,0 0,0 0,2 0,0 0,0 9,0
LEAF 13,1 2,0 1,0 0,0 0,0 0,0 2,4 0,0 0,0 0,0
LEAF 13,1 2,0 1,0 0,0 0,0 1,0 2,0 0,0 0,0 9,0
LEAF 13,1 2,0 1,0 0,0 1,0 0,0 0,0 2,0 0,0 9,0
LEAF 13,1 2,0 1,0 0,0 1,0 0,0 2,0 0,0 0,0 9,0
LEAF 13,1 2,0 1,0 0,0 2,0 0,0 0,0 0,0 0,0 7,2
LEAF 13,1 2,0 1,0 0,0 2,0 0,0 0,0 0,0 1,0 9,0
LEAF 13,1 2,0 1,0 0,0 2,0 0,0 0,0 1,0 0,0 9,0
LEAF 13,1 2,0 1,0 0,0 2,0 0,0 1,0 0,0 0,0 9,0
LEAF 13,1 2,0 1,0 0,0 2,0 1,0 0,0 0,0 0,0 9,0
LEAF 13,1 2,0 1,0 0,0 1,1 0,0 0,0 0,0 0,0 8,1
LEAF 13,1 2,0 1,0 0,0 0,2 0,0 0,0 0,0 0,0 9,0
LEAF 13,1 2,0 1,0 0,0 2,4 0,0 0,0 0,0 0,0 0,0
LEAF 13,1 2,0 1,0 1,0 0,0 0,0 2,0 0,0 0,0 9,0
LEAF 13,1 2,0 1,0 2,0 0,0 0,0 0,0 0,0 0,0 7,2
LEAF 13,1 2,0 1,0 2,0 0,0 0,0 1,0 0,0 0,0 9,0
LEAF 13,1 2,0 1,0 1,1 0,0 0,0 0,0 0,0 0,0 8,1
LEAF 13,1 2,0 1,0 0,2 0,0 0,0 0,0 0,0 0,0 9,0
LEAF 13,1 2,0 1,0 2,4 0,0 0,0 0,0 0,0 0,0 0,0
LEAF 13,1 2,0 2,0 0,0 0,0 0,0 1,0 0,0 0,0 7,2
LEAF 13,1 2,0 2,0 0,0 0,0 0,0 0,1 0,0 0,0 8,1
LEAF 13,1 2,0 2,0 1,0 0,0 0,0 0,0 0,0 0,0 7,2
LEAF 13,1 2,0 2,0 1,0 0,0 0,0 1,0 0,0 0,0 9,0
LEAF 13,1 2,0 2,0 0,1 0,0 0,0 0,0 0,0 0,0 8,1
LEAF 13,1 3,0 0,0 0,0 0,0 0,0 0,0 0,0 0,0 4,2
LEAF 13,1 3,0 0,0 0,0 0,0 0,0 0,0 0,0 1,0 6,0
LEAF 13,1 3,0 0,0 0,0 0,0 0,0 0,0 0,0 1,0 6,3
LEAF 13,1 3,0 0,0 0,0 0,0 0,0 0,0 1,0 0,0 6,0
LEAF 13,1 3,0 0,0 0,0 0,0 0,0 0,0 1,0 0,0 6,3
LEAF 13,1 3,0 0,0 0,0 0,0 0,0 0,0 1,0 1,0 8,1
LEAF 13,1 3,0 0,0 0,0 0,0 0,0 0,0 2,0 0,0 9,0
LEAF 13,1 3,0 0,0 0,0 0,0 0,0 0,0 6,0 0,0 1,0
LEAF 13,1 3,0 0,0 0,0 0,0 0,0 0,0 6,0 1,0 0,0
LEAF 13,1 3,0 0,0 0,0 0,0 0,0 0,0 0,1 0,0 7,2
LEAF 13,1 3,0 0,0 0,0 0,0 0,0 0,0 0,1 1,0 9,0
LEAF 13,1 3,0 0,0 0,0 0,0 0,0 0,0 4,2 0,0 0,0
LEAF 13,1 3,0 0,0 0,0 0,0 0,0 1,0 0,0 0,0 6,0
LEAF 13,1 3,0 0,0 0,0 0,0 0,0 1,0 0,0 0,0 6,3
LEAF 13,1 3,0 0,0 0,0 0,0 0,0 1,0 1,0 0,0 8,1
LEAF 13,1 3,0 0,0 0,0 0,0 0,0 2,0 0,0 0,0 9,0
LEAF 13,1 3,0 0,0 0,0 0,0 0,0 6,0 0,0 0,0 1,0
LEAF 13,1 3,0 0,0 0,0 0,0 0,0 0,1 0,0 0,0 7,2
LEAF 13,1 3,0 0,0 0,0 0,0 0,0 4,2 0,0 0,0 0,0
LEAF 13,1 3,0 0,0 0,0 0,0 1,0 0,0 0,0 0,0 6,0
LEAF 13,1 3,0 0,0 0,0 0,0 1,0 0,0 0,0 0,0 6,3
LEAF 13,1 3,0 0,0 0,0 0,0 1,0 0,0 1,0 0,0 8,1
LEAF 13,1 3,0 0,0 0,0 0,0 1,0 1,0 0,0 0,0 8,1
LEAF 13,1 3,0 0,0 0,0 0,0 1,0 6,0 0,0 0,0 0,0
LEAF 13,1 3,0 0,0 0,0 0,0 1,0 0,1 0,0 0,0 9,0
LEAF 13,1 3,0 0,0 0,0 1,0 0,0 0,0 0,0 0,0 6,0
LEAF 13,1 3,0 0,0 0,0 1,0 0,0 0,0 0,0 0,0 6,3
LEAF 13,1 3,0 0,0 0,0 1,0 0,0 0,0 0,0 1,0 8,1
LEAF 13,1 3,0 0,0 0,0 1,0 0,0 0,0 1,0 0,0 8,1
LEAF 13,1 3,0 0,0 0,0 1,0 0,0 0,0 6,0 0,0 0,0
LEAF 13,1 3,0 0,0 0,0 1,0 0,0 0,0 0,1 0,0 9,0
LEAF 13,1 3,0 0,0 0,0 1,0 0,0 1,0 0,0 0,0 8,1
LEAF 13,1 3,0 0,0 0,0 1,0 0,0 6,0 0,0 0,0 0,0
LEAF 13,1 3,0 0,0 0,0 1,0 0,0 0,1 0,0 0,0 9,0
LEAF 13,1 3,0 0,0 0,0 1,0 1,0 0,0 0,0 0,0 8,1
LEAF 13,1 3,0 0,0 0,0 2,0 0,0 0,0 0,0 0,0 9,0
LEAF 13,1 3,0 0,0 0,0 6,0 0,0 0,0 0,0 0,0 1,0
LEAF 13,1 3,0 0,0 0,0 6,0 0,0 0,0 0,0 1,0 0,0
LEAF 13,1 3,0 0,0 0,0 6,0 0,0 0,0 1,0 0,0 0,0
LEAF 13,1 3,0 0,0 0,0 6,0 0,0 1,0 0,0 0,0 0,0
LEAF 13,1 3,0 0,0 0,0 6,0 1,0 0,0 0,0 0,0 0,0
LEAF 13,1 3,0 0,0 0,0 0,1 0,0 0,0 0,0 0,0 7,2
LEAF 13,1 3,0 0,0 0,0 0,1 0,0 0,0 0,0 1,0 9,0
LEAF 13,1 3,0 0,0 0,0 0,1 0,0 0,0 1,0 0,0 9,0
LEAF 13,1 3,0 0,0 0,0 0,1 0,0 1,0 0,0 0,0 9,0
LEAF 13,1 3,0 0,0 0,0 0,1 1,0 0,0 0,0 0,0 9,0
LEAF 13,1 3,0 0,0 0,0 4,2 0,0 0,0 0,0 0,0 0,0
LEAF 13,1 3,0 0,0 1,0 0,0 0,0 0,0 0,0 0,0 6,0
LEAF 13,1 3,0 0,0 1,0 0,0 0,0 0,0 0,0 0,0 6,3
LEAF 13,1 3,0 0,0 1,0 0,0 0,0 0,0 1,0 0,0 8,1
LEAF 13,1 3,0 0,0 1,0 0,0 0,0 1,0 0,0 0,0 8,1
LEAF 13,1 3,0 0,0 1,0 0,0 0,0 6,0 0,0 0,0 0,0
LEAF 13,1 3,0 0,0 1,0 0,0 0,0 0,1 0,0 0,0 9,0
LEAF 13,1 3,0 0,0 1,0 1,0 0,0 0,0 0,0 0,0 8,1
LEAF 13,1 3,0 0,0 2,0 0,0 0,0 0,0 0,0 0,0 9,0
LEAF 13,1 3,0 0,0 6,0 0,0 0,0 0,0 0,0 0,0 1,0
LEAF 13,1 3,0 0,0 6,0 0,0 0,0 1,0 0,0 0,0 0,0
LEAF 13,1 3,0 0,0 0,1 0,0 0,0 0,0 0,0 0,0 7,2
LEAF 13,1 3,0 0,0 0,1 0,0 0,0 1,0 0,0 0,0 9,0
LEAF 13,1 3,0 0,0 4,2 0,0 0,0 0,0 0,0 0,0 0,0
LEAF 13,1 3,0 1,0 0,0 0,0 0,0 0,0 0,0 0,0 6,0
LEAF 13,1 3,0 1,0 0,0 0,0 0,0 0,0 0,0 0,0 6,3
LEAF 13,1 3,0 1,0 0,0 0,0 0,0 0,0 1,0 0,0 8,1
LEAF 13,1 3,0 1,0 0,0 0,0 0,0 1,0 0,0 0,0 8,1
LEAF 13,1 3,0 1,0 0,0 0,0 0,0 6,0 0,0 0,0 0,0
LEAF 13,1 3,0 1,0 0,0 0,0 0,0 0,1 0,0 0,0 9,0
LEAF 13,1 3,0 1,0 0,0 1,0 0,0 0,0 0,0 0,0 8,1
LEAF 13,1 3,0 1,0 1,0 0,0 0,0 0,0 0,0 0,0 8,1
LEAF 13,1 3,0 1,0 6,0 0,0 0,0 0,0 0,0 0,0 0,0
LEAF 13,1 3,0 1,0 0,1 0,0 0,0 0,0 0,0 0,0 9,0
LEAF 13,1 4,0 0,0 0,0 0,0 0,0 0,0 0,0 0,0 9,0
LEAF 13,1 4,0 0,0 0,0 0,0 0,0 0,0 0,0 0,0 1,4
LEAF 13,1 4,0 0,0 0,0 0,0 0,0 0,0 1,4 0,0 0,0
LEAF 13,1 4,0 0,0 0,0 0,0 0,0 1,4 0,0 0,0 0,0
LEAF 13,1 4,0 0,0 0,0 1,4 0,0 0,0 0,0 0,0 0,0
LEAF 13,1 4,0 0,0 1,4 0,0 0,0 0,0 0,0 0,0 0,0
LEAF 13,1 5,0 0,0 0,0 0,0 0,0 0,0 0,0 0,0 0,4
LEAF 13,1 5,0 0,0 0,0 0,0 0,0 0,0 0,0 1,0 6,2
LEAF 13,1 5,0 0,0 0,0 0,0 0,0 0,0 1,0 0,0 6,2
LEAF 13,1 5,0 0,0 0,0 0,0 0,0 0,0 1,0 1,0 8,0
LEAF 13,1 5,0 0,0 0,0 0,0 0,0 0,0 0,1 0,0 7,1
LEAF 13,1 5,0 0,0 0,0 0,0 0,0 0,0 0,4 0,0 0,0
LEAF 13,1 5,0 0,0 0,0 0,0 0,0 1,0 0,0 0,0 6,2
LEAF 13,1 5,0 0,0 0,0 0,0 0,0 1,0 1,0 0,0 8,0
LEAF 13,1 5,0 0,0 0,0 0,0 0,0 0,1 0,0 0,0 7,1
LEAF 13,1 5,0 0,0 0,0 0,0 0,0 0,4 0,0 0,0 0,0
LEAF 13,1 5,0 0,0 0,0 0,0 1,0 0,0 0,0 0,0 6,2
LEAF 13,1 5,0 0,0 0,0 0,0 1,0 1,0 0,0 0,0 8,0
LEAF 13,1 5,0 0,0 0,0 1,0 0,0 0,0 0,0 0,0 6,2
LEAF 13,1 5,0 0,0 0,0 1,0 0,0 0,0 0,0 1,0 8,0
LEAF 13,1 5,0 0,0 0,0 1,0 0,0 0,0 1,0 0,0 8,0
LEAF 13,1 5,0 0,0 0,0 1,0 0,0 1,0 0,0 0,0 8,0
LEAF 13,1 5,0 0,0 0,0 1,0 1,0 0,0 0,0 0,0 8,0
LEAF 13,1 5,0 0,0 0,0 0,1 0,0 0,0 0,0 0,0 7,1
LEAF 13,1 5,0 0,0 0,0 0,4 0,0 0,0 0,0 0,0 0,0
LEAF 13,1 5,0 0,0 1,0 0,0 0,0 0,0 0,0 0,0 6,2
LEAF 13,1 5,0 0,0 1,0 0,0 0,0 0,0 1,0 0,0 8,0
LEAF 13,1 5,0 0,0 1,0 0,0 0,0 1,0 0,0 0,0 8,0
LEAF 13,1 5,0 0,0 1,0 1,0 0,0 0,0 0,0 0,0 8,0
LEAF 13,1 5,0 0,0 0,1 0,0 0,0 0,0 0,0 0,0 7,1
LEAF 13,1 5,0 0,0 0,4 0,0 0,0 0,0 0,0 0,0 0,0
LEAF 13,1 5,0 1,0 0,0 0,0 0,0 0,0 0,0 0,0 6,2
LEAF 13,1 5,0 1,0 0,0 0,0 0,0 1,0 0,0 0,0 8,0
LEAF 13,1 5,0 1,0 1,0 0,0 0,0 0,0 0,0 0,0 8,0
LEAF 13,1 6,0 0,0 0,0 0,0 0,0 0,0 0,0 0,0 1,2
LEAF 13,1 6,0 0,0 0,0 0,0 0,0 0,0 0,0 1,0 3,0
LEAF 13,1 6,0 0,0 0,0 0,0 0,0 0,0 1,0 0,0 3,0
LEAF 13,1 6,0 0,0 0,0 0,0 0,0 0,0 3,0 0,0 1,0
LEAF 13,1 6,0 0,0 0,0 0,0 0,0 0,0 3,0 1,0 0,0
LEAF 13,1 6,0 0,0 0,0 0,0 0,0 0,0 1,2 0,0 0,0
LEAF 13,1 6,0 0,0 0,0 0,0 0,0 1,0 0,0 0,0 3,0
LEAF 13,1 6,0 0,0 0,0 0,0 0,0 3,0 0,0 0,0 1,0
LEAF 13,1 6,0 0,0 0,0 0,0 0,0 1,2 0,0 0,0 0,0
LEAF 13,1 6,0 0,0 0,0 0,0 1,0 0,0 0,0 0,0 3,0
LEAF 13,1 6,0 0,0 0,0 0,0 1,0 3,0 0,0 0,0 0,0
LEAF 13,1 6,0 0,0 0,0 1,0 0,0 0,0 0,0 0,0 3,0
LEAF 13,1 6,0 0,0 0,0 1,0 0,0 0,0 3,0 0,0 0,0
LEAF 13,1 6,0 0,0 0,0 1,0 0,0 3,0 0,0 0,0 0,0
LEAF 13,1 6,0 0,0 0,0 3,0 0,0 0,0 0,0 0,0 1,0
LEAF 13,1 6,0 0,0 0,0 3,0 0,0 0,0 0,0 1,0 0,0
LEAF 13,1 6,0 0,0 0,0 3,0 0,0 0,0 1,0 0,0 0,0
LEAF 13,1 6,0 0,0 0,0 3,0 0,0 1,0 0,0 0,0 0,0
LEAF 13,1 6,0 0,0 0,0 3,0 1,0 0,0 0,0 0,0 0,0
LEAF 13,1 6,0 0,0 0,0 1,2 0,0 0,0 0,0 0,0 0,0
LEAF 13,1 6,0 0,0 1,0 0,0 0,0 0,0 0,0 0,0 3,0
LEAF 13,1 6,0 0,0 1,0 0,0 0,0 3,0 0,0 0,0 0,0
LEAF 13,1 6,0 0,0 3,0 0,0 0,0 0,0 0,0 0,0 1,0
LEAF 13,1 6,0 0,0 3,0 0,0 0,0 1,0 0,0 0,0 0,0
LEAF 13,1 6,0 0,0 1,2 0,0 0,0 0,0 0,0 0,0 0,0
LEAF 13,1 6,0 1,0 0,0 0,0 0,0 0,0 0,0 0,0 3,0
LEAF 13,1 6,0 1,0 0,0 0,0 0,0 3,0 0,0 0,0 0,0
LEAF 13,1 6,0 1,0 3,0 0,0 0,0 0,0 0,0 0,0 0,0
LEAF 13,1 0,1 0,0 0,0 0,0 0,0 0,0 0,0 0,0 7,0
LEAF 13,1 0,1 0,0 0,0 0,0 0,0 0,0 0,0 0,0 4,5
LEAF 13,1 0,1 0,0 0,0 0,0 0,0 0,0 0,0 1,0 0,6
LEAF 13,1 0,1 0,0 0,0 0,0 0,0 0,0 1,0 0,0 0,6
LEAF 13,1 0,1 0,0 0,0 0,0 0,0 0,0 1,0 1,0 2,4
LEAF 13,1 0,1 0,0 0,0 0,0 0,0 0,0 2,0 0,0 3,3
LEAF 13,1 0,1 0,0 0,0 0,0 0,0 0,0 3,0 0,0 7,2
LEAF 13,1 0,1 0,0 0,0 0,0 0,0 0,0 3,0 1,0 9,0
LEAF 13,1 0,1 0,0 0,0 0,0 0,0 0,0 5,0 0,0 7,1
LEAF 13,1 0,1 0,0 0,0 0,0 0,0 0,0 0,1 0,0 1,5
LEAF 13,1 0,1 0,0 0,0 0,0 0,0 0,0 0,1 1,0 3,3
LEAF 13,1 0,1 0,0 0,0 0,0 0,0 0,0 1,1 0,0 4,2
LEAF 13,1 0,1 0,0 0,0 0,0 0,0 0,0 2,1 0,0 8,1
LEAF 13,1 0,1 0,0 0,0 0,0 0,0 0,0 2,1 0,0 0,5
LEAF 13,1 0,1 0,0 0,0 0,0 0,0 0,0 4,1 0,0 8,0
LEAF 13,1 0,1 0,0 0,0 0,0 0,0 0,0 5,1 0,0 0,2
LEAF 13,1 0,1 0,0 0,0 0,0 0,0 0,0 0,2 0,0 5,1
LEAF 13,1 0,1 0,0 0,0 0,0 0,0 0,0 1,2 0,0 9,0
LEAF 13,1 0,1 0,0 0,0 0,0 0,0 0,0 1,2 0,0 1,4
LEAF 13,1 0,1 0,0 0,0 0,0 0,0 0,0 4,2 0,0 1,1
LEAF 13,1 0,1 0,0 0,0 0,0 0,0 0,0 0,3 0,0 2,3
LEAF 13,1 0,1 0,0 0,0 0,0 0,0 0,0 2,3 0,0 0,3
LEAF 13,1 0,1 0,0 0,0 0,0 0,0 0,0 3,3 0,0 2,0
LEAF 13,1 0,1 0,0 0,0 0,0 0,0 0,0 3,3 1,0 0,1
LEAF 13,1 0,1 0,0 0,0 0,0 0,0 0,0 1,4 0,0 1,2
LEAF 13,1 0,1 0,0 0,0 0,0 0,0 0,0 2,4 1,0 1,0
LEAF 13,1 0,1 0,0 0,0 0,0 0,0 0,0 0,5 0,0 2,1
LEAF 13,1 0,1 0,0 0,0 0,0 0,0 0,0 1,5 0,0 0,1
LEAF 13,1 0,1 0,0 0,0 0,0 0,0 0,0 0,6 0,0 1,0
LEAF 13,1 0,1 0,0 0,0 0,0 0,0 1,0 0,0 0,0 0,6
LEAF 13,1 0,1 0,0 0,0 0,0 0,0 1,0 1,0 0,0 2,4
LEAF 13,1 0,1 0,0 0,0 0,0 0,0 2,0 0,0 0,0 3,3
LEAF 13,1 0,1 0,0 0,0 0,0 0,0 3,0 0,0 0,0 7,2
LEAF 13,1 0,1 0,0 0,0 0,0 0,0 5,0 0,0 0,0 7,1
LEAF 13,1 0,1 0,0 0,0 0,0 0,0 0,1 0,0 0,0 1,5
LEAF 13,1 0,1 0,0 0,0 0,0 0,0 1,1 0,0 0,0 4,2
LEAF 13,1 0,1 0,0 0,0 0,0 0,0 2,1 0,0 0,0 8,1
LEAF 13,1 0,1 0,0 0,0 0,0 0,0 2,1 0,0 0,0 0,5
LEAF 13,1 0,1 0,0 0,0 0,0 0,0 4,1 0,0 0,0 8,0
LEAF 13,1 0,1 0,0 0,0 0,0 0,0 5,1 0,0 0,0 0,2
LEAF 13,1 0,1 0,0 0,0 0,0 0,0 0,2 0,0 0,0 5,1
LEAF 13,1 0,1 0,0 0,0 0,0 0,0 1,2 0,0 0,0 9,0
LEAF 13,1 0,1 0,0 0,0 0,0 0,0 1,2 0,0 0,0 1,4
LEAF 13,1 0,1 0,0 0,0 0,0 0,0 4,2 0,0 0,0 1,1
LEAF 13,1 0,1 0,0 0,0 0,0 0,0 0,3 0,0 0,0 2,3
LEAF 13,1 0,1 0,0 0,0 0,0 0,0 2,3 0,0 0,0 0,3
LEAF 13,1 0,1 0,0 0,0 0,0 0,0 3,3 0,0 0,0 2,0
LEAF 13,1 0,1 0,0 0,0 0,0 0,0 1,4 0,0 0,0 1,2
LEAF 13,1 0,1 0,0 0,0 0,0 0,0 0,5 0,0 0,0 2,1
LEAF 13,1 0,1 0,0 0,0 0,0 0,0 1,5 0,0 0,0 0,1
LEAF 13,1 0,1 0,0 0,0 0,0 1,0 0,0 0,0 0,0 0,6
LEAF 13,1 0,1 0,0 0,0 0,0 1,0 1,0 0,0 0,0 2,4
LEAF 13,1 0,1 0,0 0,0 0,0 1,0 3,0 0,0 0,0 9,0
LEAF 13,1 0,1 0,0 0,0 0,0 1,0 0,1 0,0 0,0 3,3
LEAF 13,1 0,1 0,0 0,0 0,0 1,0 3,3 0,0 0,0 0,1
LEAF 13,1 0,1 0,0 0,0 0,0 1,0 2,4 0,0 0,0 1,0
LEAF 13,1 0,1 0,0 0,0 1,0 0,0 0,0 0,0 0,0 0,6
LEAF 13,1 0,1 0,0 0,0 1,0 0,0 0,0 0,0 1,0 2,4
LEAF 13,1 0,1 0,0 0,0 1,0 0,0 0,0 1,0 0,0 2,4
LEAF 13,1 0,1 0,0 0,0 1,0 0,0 0,0 3,0 0,0 9,0
LEAF 13,1 0,1 0,0 0,0 1,0 0,0 0,0 0,1 0,0 3,3
LEAF 13,1 0,1 0,0 0,0 1,0 0,0 0,0 3,3 0,0 0,1
LEAF 13,1 0,1 0,0 0,0 1,0 0,0 0,0 2,4 0,0 1,0
LEAF 13,1 0,1 0,0 0,0 1,0 0,0 0,0 2,4 1,0 0,0
LEAF 13,1 0,1 0,0 0,0 1,0 0,0 0,0 0,6 0,0 0,0
LEAF 13,1 0,1 0,0 0,0 1,0 0,0 1,0 0,0 0,0 2,4
LEAF 13,1 0,1 0,0 0,0 1,0 0,0 3,0 0,0 0,0 9,0
LEAF 13,1 0,1 0,0 0,0 1,0 0,0 0,1 0,0 0,0 3,3
LEAF 13,1 0,1 0,0 0,0 1,0 0,0 3,3 0,0 0,0 0,1
LEAF 13,1 0,1 0,0 0,0 1,0 0,0 2,4 0,0 0,0 1,0
LEAF 13,1 0,1 0,0 0,0 1,0 1,0 0,0 0,0 0,0 2,4
LEAF 13,1 0,1 0,0 0,0 1,0 1,0 2,4 0,0 0,0 0,0
LEAF 13,1 0,1 0,0 0,0 2,0 0,0 0,0 0,0 0,0 3,3
LEAF 13,1 0,1 0,0 0,0 2,0 0,0 0,0 2,0 0,0 8,1
LEAF 13,1 0,1 0,0 0,0 2,0 0,0 0,0 1,1 0,0 9,0
LEAF 13,1 0,1 0,0 0,0 2,0 0,0 0,0 3,3 0,0 0,0
LEAF 13,1 0,1 0,0 0,0 2,0 0,0 2,0 0,0 0,0 8,1
LEAF 13,1 0,1 0,0 0,0 2,0 0,0 1,1 0,0 0,0 9,0
LEAF 13,1 0,1 0,0 0,0 2,0 0,0 3,3 0,0 0,0 0,0
LEAF 13,1 0,1 0,0 0,0 3,0 0,0 0,0 0,0 0,0 7,2
LEAF 13,1 0,1 0,0 0,0 3,0 0,0 0,0 0,0 1,0 9,0
LEAF 13,1 0,1 0,0 0,0 3,0 0,0 0,0 1,0 0,0 9,0
LEAF 13,1 0,1 0,0 0,0 3,0 0,0 1,0 0,0 0,0 9,0
LEAF 13,1 0,1 0,0 0,0 3,0 1,0 0,0 0,0 0,0 9,0
LEAF 13,1 0,1 0,0 0,0 5,0 0,0 0,0 0,0 0,0 7,1
LEAF 13,1 0,1 0,0 0,0 0,1 0,0 0,0 0,0 0,0 1,5
LEAF 13,1 0,1 0,0 0,0 0,1 0,0 0,0 0,0 1,0 3,3
LEAF 13,1 0,1 0,0 0,0 0,1 0,0 0,0 1,0 0,0 3,3
LEAF 13,1 0,1 0,0 0,0 0,1 0,0 0,0 0,1 0,0 4,2
LEAF 13,1 0,1 0,0 0,0 0,1 0,0 0,0 4,2 0,0 0,1
LEAF 13,1 0,1 0,0 0,0 0,1 0,0 0,0 3,3 0,0 1,0
LEAF 13,1 0,1 0,0 0,0 0,1 0,0 0,0 3,3 1,0 0,0
LEAF 13,1 0,1 0,0 0,0 0,1 0,0 0,0 1,5 0,0 0,0
LEAF 13,1 0,1 0,0 0,0 0,1 0,0 1,0 0,0 0,0 3,3
LEAF 13,1 0,1 0,0 0,0 0,1 0,0 0,1 0,0 0,0 4,2
LEAF 13,1 0,1 0,0 0,0 0,1 0,0 4,2 0,0 0,0 0,1
LEAF 13,1 0,1 0,0 0,0 0,1 0,0 3,3 0,0 0,0 1,0
LEAF 13,1 0,1 0,0 0,0 0,1 0,0 1,5 0,0 0,0 0,0
LEAF 13,1 0,1 0,0 0,0 0,1 1,0 0,0 0,0 0,0 3,3
LEAF 13,1 0,1 0,0 0,0 0,1 1,0 3,3 0,0 0,0 0,0
LEAF 13,1 0,1 0,0 0,0 1,1 0,0 0,0 0,0 0,0 4,2
LEAF 13,1 0,1 0,0 0,0 1,1 0,0 0,0 2,0 0,0 9,0
LEAF 13,1 0,1 0,0 0,0 1,1 0,0 0,0 4,2 0,0 0,0
LEAF 13,1 0,1 0,0 0,0 1,1 0,0 2,0 0,0 0,0 9,0
LEAF 13,1 0,1 0,0 0,0 1,1 0,0 4,2 0,0 0,0 0,0
LEAF 13,1 0,1 0,0 0,0 2,1 0,0 0,0 0,0 0,0 8,1
LEAF 13,1 0,1 0,0 0,0 2,1 0,0 0,0 0,0 0,0 0,5
LEAF 13,1 0,1 0,0 0,0 2,1 0,0 0,0 0,5 0,0 0,0
LEAF 13,1 0,1 0,0 0,0 2,1 0,0 0,5 0,0 0,0 0,0
LEAF 13,1 0,1 0,0 0,0 4,1 0,0 0,0 0,0 0,0 8,0
LEAF 13,1 0,1 0,0 0,0 5,1 0,0 0,0 0,0 0,0 0,2
LEAF 13,1 0,1 0,0 0,0 5,1 0,0 0,0 0,2 0,0 0,0
LEAF 13,1 0,1 0,0 0,0 5,1 0,0 0,2 0,0 0,0 0,0
LEAF 13,1 0,1 0,0 0,0 0,2 0,0 0,0 0,0 0,0 5,1
LEAF 13,1 0,1 0,0 0,0 0,2 0,0 0,0 5,1 0,0 0,0
LEAF 13,1 0,1 0,0 0,0 0,2 0,0 5,1 0,0 0,0 0,0
LEAF 13,1 0,1 0,0 0,0 1,2 0,0 0,0 0,0 0,0 9,0
LEAF 13,1 0,1 0,0 0,0 1,2 0,0 0,0 0,0 0,0 1,4
LEAF 13,1 0,1 0,0 0,0 1,2 0,0 0,0 1,4 0,0 0,0
LEAF 13,1 0,1 0,0 0,0 1,2 0,0 1,4 0,0 0,0 0,0
LEAF 13,1 0,1 0,0 0,0 4,2 0,0 0,0 0,0 0,0 1,1
LEAF 13,1 0,1 0,0 0,0 4,2 0,0 0,0 0,1 0,0 0,1
LEAF 13,1 0,1 0,0 0,0 4,2 0,0 0,0 1,1 0,0 0,0
LEAF 13,1 0,1 0,0 0,0 4,2 0,0 0,1 0,0 0,0 0,1
LEAF 13,1 0,1 0,0 0,0 4,2 0,0 1,1 0,0 0,0 0,0
LEAF 13,1 0,1 0,0 0,0 0,3 0,0 0,0 0,0 0,0 2,3
LEAF 13,1 0,1 0,0 0,0 0,3 0,0 0,0 2,3 0,0 0,0
LEAF 13,1 0,1 0,0 0,0 0,3 0,0 2,3 0,0 0,0 0,0
LEAF 13,1 0,1 0,0 0,0 2,3 0,0 0,0 0,0 0,0 0,3
LEAF 13,1 0,1 0,0 0,0 2,3 0,0 0,0 0,3 0,0 0,0
LEAF 13,1 0,1 0,0 0,0 2,3 0,0 0,3 0,0 0,0 0,0
LEAF 13,1 0,1 0,0 0,0 3,3 0,0 0,0 0,0 0,0 2,0
LEAF 13,1 0,1 0,0 0,0 3,3 0,0 0,0 0,0 1,0 0,1
LEAF 13,1 0,1 0,0 0,0 3,3 0,0 0,0 1,0 0,0 0,1
LEAF 13,1 0,1 0,0 0,0 3,3 0,0 0,0 2,0 0,0 0,0
LEAF 13,1 0,1 0,0 0,0 3,3 0,0 0,0 0,1 0,0 1,0
LEAF 13,1 0,1 0,0 0,0 3,3 0,0 0,0 0,1 1,0 0,0
LEAF 13,1 0,1 0,0 0,0 3,3 0,0 1,0 0,0 0,0 0,1
LEAF 13,1 0,1 0,0 0,0 3,3 0,0 2,0 0,0 0,0 0,0
LEAF 13,1 0,1 0,0 0,0 3,3 0,0 0,1 0,0 0,0 1,0
LEAF 13,1 0,1 0,0 0,0 3,3 1,0 0,0 0,0 0,0 0,1
LEAF 13,1 0,1 0,0 0,0 3,3 1,0 0,1 0,0 0,0 0,0
LEAF 13,1 0,1 0,0 0,0 1,4 0,0 0,0 0,0 0,0 1,2
LEAF 13,1 0,1 0,0 0,0 1,4 0,0 0,0 1,2 0,0 0,0
LEAF 13,1 0,1 0,0 0,0 1,4 0,0 1,2 0,0 0,0 0,0
LEAF 13,1 0,1 0,0 0,0 2,4 0,0 0,0 0,0 1,0 1,0
LEAF 13,1 0,1 0,0 0,0 2,4 0,0 0,0 1,0 0,0 1,0
LEAF 13,1 0,1 0,0 0,0 2,4 0,0 0,0 1,0 1,0 0,0
LEAF 13,1 0,1 0,0 0,0 2,4 0,0 1,0 0,0 0,0 1,0
LEAF 13,1 0,1 0,0 0,0 2,4 0,0 1,0 1,0 0,0 0,0
LEAF 13,1 0,1 0,0 0,0 2,4 1,0 0,0 0,0 0,0 1,0
LEAF 13,1 0,1 0,0 0,0 2,4 1,0 1,0 0,0 0,0 0,0
LEAF 13,1 0,1 0,0 0,0 0,5 0,0 0,0 0,0 0,0 2,1
LEAF 13,1 0,1 0,0 0,0 0,5 0,0 0,0 2,1 0,0 0,0
LEAF 13,1 0,1 0,0 0,0 0,5 0,0 2,1 0,0 0,0 0,0
LEAF 13,1 0,1 0,0 0,0 1,5 0,0 0,0 0,0 0,0 0,1
LEAF 13,1 0,1 0,0 0,0 1,5 0,0 0,0 0,1 0,0 0,0
LEAF 13,1 0,1 0,0 0,0 1,5 0,0 0,1 0,0 0,0 0,0
LEAF 13,1 0,1 0,0 1,0 0,0 0,0 0,0 0,0 0,0 0,6
LEAF 13,1 0,1 0,0 1,0 0,0 0,0 0,0 1,0 0,0 2,4
LEAF 13,1 0,1 0,0 1,0 0,0 0,0 1,0 0,0 0,0 2,4
LEAF 13,1 0,1 0,0 1,0 0,0 0,0 3,0 0,0 0,0 9,0
LEAF 13,1 0,1 0,0 1,0 0,0 0,0 0,1 0,0 0,0 3,3
LEAF 13,1 0,1 0,0 1,0 0,0 0,0 3,3 0,0 0,0 0,1
LEAF 13,1 0,1 0,0 1,0 0,0 0,0 2,4 0,0 0,0 1,0
LEAF 13,1 0,1 0,0 1,0 1,0 0,0 0,0 0,0 0,0 2,4
LEAF 13,1 0,1 0,0 1,0 1,0 0,0 2,4 0,0 0,0 0,0
LEAF 13,1 0,1 0,0 2,0 0,0 0,0 0,0 0,0 0,0 3,3
LEAF 13,1 0,1 0,0 2,0 0,0 0,0 2,0 0,0 0,0 8,1
LEAF 13,1 0,1 0,0 2,0 0,0 0,0 1,1 0,0 0,0 9,0
LEAF 13,1 0,1 0,0 2,0 0,0 0,0 3,3 0,0 0,0 0,0
LEAF 13,1 0,1 0,0 3,0 0,0 0,0 0,0 0,0 0,0 7,2
LEAF 13,1 0,1 0,0 3,0 0,0 0,0 1,0 0,0 0,0 9,0
LEAF 13,1 0,1 0,0 5,0 0,0 0,0 0,0 0,0 0,0 7,1
LEAF 13,1 0,1 0,0 0,1 0,0 0,0 0,0 0,0 0,0 1,5
LEAF 13,1 0,1 0,0 0,1 0,0 0,0 1,0 0,0 0,0 3,3
LEAF 13,1 0,1 0,0 0,1 0,0 0,0 0,1 0,0 0,0 4,2
LEAF 13,1 0,1 0,0 0,1 0,0 0,0 4,2 0,0 0,0 0,1
LEAF 13,1 0,1 0,0 0,1 0,0 0,0 3,3 0,0 0,0 1,0
LEAF 13,1 0,1 0,0 0,1 0,0 0,0 1,5 0,0 0,0 0,0
LEAF 13,1 0,1 0,0 1,1 0,0 0,0 0,0 0,0 0,0 4,2
LEAF 13,1 0,1 0,0 1,1 0,0 0,0 2,0 0,0 0,0 9,0
LEAF 13,1 0,1 0,0 1,1 0,0 0,0 4,2 0,0 0,0 0,0
LEAF 13,1 0,1 0,0 2,1 0,0 0,0 0,0 0,0 0,0 8,1
LEAF 13,1 0,1 0,0 2,1 0,0 0,0 0,0 0,0 0,0 0,5
LEAF 13,1 0,1 0,0 2,1 0,0 0,0 0,5 0,0 0,0 0,0
LEAF 13,1 0,1 0,0 4,1 0,0 0,0 0,0 0,0 0,0 8,0
LEAF 13,1 0,1 0,0 5,1 0,0 0,0 0,0 0,0 0,0 0,2
LEAF 13,1 0,1 0,0 5,1 0,0 0,0 0,2 0,0 0,0 0,0
LEAF 13,1 0,1 0,0 0,2 0,0 0,0 0,0 0,0 0,0 5,1
LEAF 13,1 0,1 0,0 0,2 0,0 0,0 5,1 0,0 0,0 0,0
LEAF 13,1 0,1 0,0 1,2 0,0 0,0 0,0 0,0 0,0 9,0
LEAF 13,1 0,1 0,0 1,2 0,0 0,0 0,0 0,0 0,0 1,4
LEAF 13,1 0,1 0,0 1,2 0,0 0,0 1,4 0,0 0,0 0,0
LEAF 13,1 0,1 0,0 4,2 0,0 0,0 0,0 0,0 0,0 1,1
LEAF 13,1 0,1 0,0 4,2 0,0 0,0 0,1 0,0 0,0 0,1
LEAF 13,1 0,1 0,0 4,2 0,0 0,0 1,1 0,0 0,0 0,0
LEAF 13,1 0,1 0,0 0,3 0,0 0,0 0,0 0,0 0,0 2,3
LEAF 13,1 0,1 0,0 0,3 0,0 0,0 2,3 0,0 0,0 0,0
LEAF 13,1 0,1 0,0 2,3 0,0 0,0 0,0 0,0 0,0 0,3
LEAF 13,1 0,1 0,0 2,3 0,0 0,0 0,3 0,0 0,0 0,0
LEAF 13,1 0,1 0,0 3,3 0,0 0,0 0,0 0,0 0,0 2,0
LEAF 13,1 0,1 0,0 3,3 0,0 0,0 1,0 0,0 0,0 0,1
LEAF 13,1 0,1 0,0 3,3 0,0 0,0 2,0 0,0 0,0 0,0
LEAF 13,1 0,1 0,0 3,3 0,0 0,0 0,1 0,0 0,0 1,0
LEAF 13,1 0,1 0,0 1,4 0,0 0,0 0,0 0,0 0,0 1,2
LEAF 13,1 0,1 0,0 1,4 0,0 0,0 1,2 0,0 0,0 0,0
LEAF 13,1 0,1 0,0 2,4 0,0 0,0 1,0 0,0 0,0 1,0
LEAF 13,1 0,1 0,0 0,5 0,0 0,0 0,0 0,0 0,0 2,1
LEAF 13,1 0,1 0,0 0,5 0,0 0,0 2,1 0,0 0,0 0,0
LEAF 13,1 0,1 0,0 1,5 0,0 0,0 0,0 0,0 0,0 0,1
LEAF 13,1 0,1 0,0 1,5 0,0 0,0 0,1 0,0 0,0 0,0
LEAF 13,1 0,1 1,0 0,0 0,0 0,0 0,0 0,0 0,0 0,6
LEAF 13,1 0,1 1,0 0,0 0,0 0,0 1,0 0,0 0,0 2,4
LEAF 13,1 0,1 1,0 0,0 0,0 0,0 3,0 0,0 0,0 9,0
LEAF 13,1 0,1 1,0 0,0 0,0 0,0 0,1 0,0 0,0 3,3
LEAF 13,1 0,1 1,0 0,0 0,0 0,0 3,3 0,0 0,0 0,1
LEAF 13,1 0,1 1,0 0,0 0,0 0,0 2,4 0,0 0,0 1,0
LEAF 13,1 0,1 1,0 1,0 0,0 0,0 0,0 0,0 0,0 2,4
LEAF 13,1 0,1 1,0 1,0 0,0 0,0 2,4 0,0 0,0 0,0
LEAF 13,1 0,1 1,0 3,0 0,0 0,0 0,0 0,0 0,0 9,0
LEAF 13,1 0,1 1,0 0,1 0,0 0,0 0,0 0,0 0,0 3,3
LEAF 13,1 0,1 1,0 0,1 0,0 0,0 3,3 0,0 0,0 0,0
LEAF 13,1 0,1 1,0 3,3 0,0 0,0 0,0 0,0 0,0 0,1
LEAF 13,1 0,1 1,0 3,3 0,0 0,0 0,1 0,0 0,0 0,0
LEAF 13,1 0,1 1,0 2,4 0,0 0,0 0,0 0,0 0,0 1,0
LEAF 13,1 0,1 1,0 2,4 0,0 0,0 1,0 0,0 0,0 0,0
LEAF 13,1 1,1 0,0 0,0 0,0 0,0 0,0 0,0 0,0 1,5
LEAF 13,1 1,1 0,0 0,0 0,0 0,0 0,0 0,0 1,0 3,3
LEAF 13,1 1,1 0,0 0,0 0,0 0,0 0,0 1,0 0,0 3,3
LEAF 13,1 1,1 0,0 0,0 0,0 0,0 0,0 2,0 1,0 8,1
LEAF 13,1 1,1 0,0 0,0 0,0 0,0 0,0 0,1 0,0 4,2
LEAF 13,1 1,1 0,0 0,0 0,0 0,0 0,0 1,1 1,0 9,0
LEAF 13,1 1,1 0,0 0,0 0,0 0,0 0,0 4,2 0,0 0,1
LEAF 13,1 1,1 0,0 0,0 0,0 0,0 0,0 3,3 0,0 1,0
LEAF 13,1 1,1 0,0 0,0 0,0 0,0 0,0 3,3 1,0 0,0
LEAF 13,1 1,1 0,0 0,0 0,0 0,0 0,0 1,5 0,0 0,0
LEAF 13,1 1,1 0,0 0,0 0,0 0,0 1,0 0,0 0,0 3,3
LEAF 13,1 1,1 0,0 0,0 0,0 0,0 0,1 0,0 0,0 4,2
LEAF 13,1 1,1 0,0 0,0 0,0 0,0 4,2 0,0 0,0 0,1
LEAF 13,1 1,1 0,0 0,0 0,0 0,0 3,3 0,0 0,0 1,0
LEAF 13,1 1,1 0,0 0,0 0,0 0,0 1,5 0,0 0,0 0,0
LEAF 13,1 1,1 0,0 0,0 0,0 1,0 0,0 0,0 0,0 3,3
LEAF 13,1 1,1 0,0 0,0 0,0 1,0 2,0 0,0 0,0 8,1
LEAF 13,1 1,1 0,0 0,0 0,0 1,0 1,1 0,0 0,0 9,0
LEAF 13,1 1,1 0,0 0,0 0,0 1,0 3,3 0,0 0,0 0,0
LEAF 13,1 1,1 0,0 0,0 1,0 0,0 0,0 0,0 0,0 3,3
LEAF 13,1 1,1 0,0 0,0 1,0 0,0 0,0 2,0 0,0 8,1
LEAF 13,1 1,1 0,0 0,0 1,0 0,0 0,0 1,1 0,0 9,0
LEAF 13,1 1,1 0,0 0,0 1,0 0,0 0,0 3,3 0,0 0,0
LEAF 13,1 1,1 0,0 0,0 1,0 0,0 2,0 0,0 0,0 8,1
LEAF 13,1 1,1 0,0 0,0 1,0 0,0 1,1 0,0 0,0 9,0
LEAF 13,1 1,1 0,0 0,0 1,0 0,0 3,3 0,0 0,0 0,0
LEAF 13,1 1,1 0,0 0,0 2,0 0,0 0,0 0,0 1,0 8,1
LEAF 13,1 1,1 0,0 0,0 2,0 0,0 0,0 1,0 0,0 8,1
LEAF 13,1 1,1 0,0 0,0 2,0 0,0 0,0 0,1 0,0 9,0
LEAF 13,1 1,1 0,0 0,0 2,0 0,0 1,0 0,0 0,0 8,1
LEAF 13,1 1,1 0,0 0,0 2,0 0,0 0,1 0,0 0,0 9,0
LEAF 13,1 1,1 0,0 0,0 2,0 1,0 0,0 0,0 0,0 8,1
LEAF 13,1 1,1 0,0 0,0 0,1 0,0 0,0 0,0 0,0 4,2
LEAF 13,1 1,1 0,0 0,0 0,1 0,0 0,0 2,0 0,0 9,0
LEAF 13,1 1,1 0,0 0,0 0,1 0,0 0,0 4,2 0,0 0,0
LEAF 13,1 1,1 0,0 0,0 0,1 0,0 2,0 0,0 0,0 9,0
LEAF 13,1 1,1 0,0 0,0 0,1 0,0 4,2 0,0 0,0 0,0
LEAF 13,1 1,1 0,0 0,0 1,1 0,0 0,0 0,0 1,0 9,0
LEAF 13,1 1,1 0,0 0,0 1,1 0,0 0,0 1,0 0,0 9,0
LEAF 13,1 1,1 0,0 0,0 1,1 0,0 1,0 0,0 0,0 9,0
LEAF 13,1 1,1 0,0 0,0 1,1 1,0 0,0 0,0 0,0 9,0
LEAF 13,1 1,1 0,0 0,0 4,2 0,0 0,0 0,0 0,0 0,1
LEAF 13,1 1,1 0,0 0,0 4,2 0,0 0,0 0,1 0,0 0,0
LEAF 13,1 1,1 0,0 0,0 4,2 0,0 0,1 0,0 0,0 0,0
LEAF 13,1 1,1 0,0 0,0 3,3 0,0 0,0 0,0 0,0 1,0
LEAF 13,1 1,1 0,0 0,0 3,3 0,0 0,0 0,0 1,0 0,0
LEAF 13,1 1,1 0,0 0,0 3,3 0,0 0,0 1,0 0,0 0,0
LEAF 13,1 1,1 0,0 0,0 3,3 0,0 1,0 0,0 0,0 0,0
LEAF 13,1 1,1 0,0 0,0 3,3 1,0 0,0 0,0 0,0 0,0
LEAF 13,1 1,1 0,0 0,0 1,5 0,0 0,0 0,0 0,0 0,0
LEAF 13,1 1,1 0,0 1,0 0,0 0,0 0,0 0,0 0,0 3,3
LEAF 13,1 1,1 0,0 1,0 0,0 0,0 2,0 0,0 0,0 8,1
LEAF 13,1 1,1 0,0 1,0 0,0 0,0 1,1 0,0 0,0 9,0
LEAF 13,1 1,1 0,0 1,0 0,0 0,0 3,3 0,0 0,0 0,0
LEAF 13,1 1,1 0,0 2,0 0,0 0,0 1,0 0,0 0,0 8,1
LEAF 13,1 1,1 0,0 2,0 0,0 0,0 0,1 0,0 0,0 9,0
LEAF 13,1 1,1 0,0 0,1 0,0 0,0 0,0 0,0 0,0 4,2
LEAF 13,1 1,1 0,0 0,1 0,0 0,0 2,0 0,0 0,0 9,0
LEAF 13,1 1,1 0,0 0,1 0,0 0,0 4,2 0,0 0,0 0,0
LEAF 13,1 1,1 0,0 1,1 0,0 0,0 1,0 0,0 0,0 9,0
LEAF 13,1 1,1 0,0 4,2 0,0 0,0 0,0 0,0 0,0 0,1
LEAF 13,1 1,1 0,0 4,2 0,0 0,0 0,1 0,0 0,0 0,0
LEAF 13,1 1,1 0,0 3,3 0,0 0,0 0,0 0,0 0,0 1,0
LEAF 13,1 1,1 0,0 3,3 0,0 0,0 1,0 0,0 0,0 0,0
LEAF 13,1 1,1 0,0 1,5 0,0 0,0 0,0 0,0 0,0 0,0
LEAF 13,1 1,1 1,0 0,0 0,0 0,0 0,0 0,0 0,0 3,3
LEAF 13,1 1,1 1,0 0,0 0,0 0,0 2,0 0,0 0,0 8,1
LEAF 13,1 1,1 1,0 0,0 0,0 0,0 1,1 0,0 0,0 9,0
LEAF 13,1 1,1 1,0 0,0 0,0 0,0 3,3 0,0 0,0 0,0
LEAF 13,1 1,1 1,0 2,0 0,0 0,0 0,0 0,0 0,0 8,1
LEAF 13,1 1,1 1,0 1,1 0,0 0,0 0,0 0,0 0,0 9,0
LEAF 13,1 1,1 1,0 3,3 0,0 0,0 0,0 0,0 0,0 0,0
LEAF 13,1 2,1 0,0 0,0 0,0 0,0 0,0 0,0 0,0 5,1
LEAF 13,1 2,1 0,0 0,0 0,0 0,0 0,0 0,0 1,0 7,2
LEAF 13,1 2,1 0,0 0,0 0,0 0,0 0,0 1,0 0,0 7,2
LEAF 13,1 2,1 0,0 0,0 0,0 0,0 0,0 1,0 1,0 9,0
LEAF 13,1 2,1 0,0 0,0 0,0 0,0 0,0 0,1 0,0 8,1
LEAF 13,1 2,1 0,0 0,0 0,0 0,0 0,0 0,1 0,0 0,5
LEAF 13,1 2,1 0,0 0,0 0,0 0,0 0,0 5,1 0,0 0,0
LEAF 13,1 2,1 0,0 0,0 0,0 0,0 0,0 0,5 0,0 0,1
LEAF 13,1 2,1 0,0 0,0 0,0 0,0 1,0 0,0 0,0 7,2
LEAF 13,1 2,1 0,0 0,0 0,0 0,0 1,0 1,0 0,0 9,0
LEAF 13,1 2,1 0,0 0,0 0,0 0,0 0,1 0,0 0,0 8,1
LEAF 13,1 2,1 0,0 0,0 0,0 0,0 0,1 0,0 0,0 0,5
LEAF 13,1 2,1 0,0 0,0 0,0 0,0 5,1 0,0 0,0 0,0
LEAF 13,1 2,1 0,0 0,0 0,0 0,0 0,5 0,0 0,0 0,1
LEAF 13,1 2,1 0,0 0,0 0,0 1,0 0,0 0,0 0,0 7,2
LEAF 13,1 2,1 0,0 0,0 0,0 1,0 1,0 0,0 0,0 9,0
LEAF 13,1 2,1 0,0 0,0 1,0 0,0 0,0 0,0 0,0 7,2
LEAF 13,1 2,1 0,0 0,0 1,0 0,0 0,0 0,0 1,0 9,0
LEAF 13,1 2,1 0,0 0,0 1,0 0,0 0,0 1,0 0,0 9,0
LEAF 13,1 2,1 0,0 0,0 1,0 0,0 1,0 0,0 0,0 9,0
LEAF 13,1 2,1 0,0 0,0 1,0 1,0 0,0 0,0 0,0 9,0
LEAF 13,1 2,1 0,0 0,0 0,1 0,0 0,0 0,0 0,0 8,1
LEAF 13,1 2,1 0,0 0,0 0,1 0,0 0,0 0,0 0,0 0,5
LEAF 13,1 2,1 0,0 0,0 0,1 0,0 0,0 0,5 0,0 0,0
LEAF 13,1 2,1 0,0 0,0 0,1 0,0 0,5 0,0 0,0 0,0
LEAF 13,1 2,1 0,0 0,0 5,1 0,0 0,0 0,0 0,0 0,0
LEAF 13,1 2,1 0,0 0,0 0,5 0,0 0,0 0,0 0,0 0,1
LEAF 13,1 2,1 0,0 0,0 0,5 0,0 0,0 0,1 0,0 0,0
LEAF 13,1 2,1 0,0 0,0 0,5 0,0 0,1 0,0 0,0 0,0
LEAF 13,1 2,1 0,0 1,0 0,0 0,0 0,0 0,0 0,0 7,2
LEAF 13,1 2,1 0,0 1,0 0,0 0,0 0,0 1,0 0,0 9,0
LEAF 13,1 2,1 0,0 1,0 0,0 0,0 1,0 0,0 0,0 9,0
LEAF 13,1 2,1 0,0 1,0 1,0 0,0 0,0 0,0 0,0 9,0
LEAF 13,1 2,1 0,0 0,1 0,0 0,0 0,0 0,0 0,0 8,1
LEAF 13,1 2,1 0,0 0,1 0,0 0,0 0,0 0,0 0,0 0,5
LEAF 13,1 2,1 0,0 0,1 0,0 0,0 0,5 0,0 0,0 0,0
LEAF 13,1 2,1 0,0 5,1 0,0 0,0 0,0 0,0 0,0 0,0
LEAF 13,1 2,1 0,0 0,5 0,0 0,0 0,0 0,0 0,0 0,1
LEAF 13,1 2,1 0,0 0,5 0,0 0,0 0,1 0,0 0,0 0,0
LEAF 13,1 2,1 1,0 0,0 0,0 0,0 0,0 0,0 0,0 7,2
LEAF 13,1 2,1 1,0 0,0 0,0 0,0 1,0 0,0 0,0 9,0
LEAF 13,1 2,1 1,0 1,0 0,0 0,0 0,0 0,0 0,0 9,0
LEAF 13,1 3,1 0,0 0,0 0,0 0,0 0,0 0,0 0,0 2,3
LEAF 13,1 3,1 0,0 0,0 0,0 0,0 0,0 2,3 0,0 0,0
LEAF 13,1 3,1 0,0 0,0 0,0 0,0 2,3 0,0 0,0 0,0
LEAF 13,1 3,1 0,0 0,0 2,3 0,0 0,0 0,0 0,0 0,0
LEAF 13,1 3,1 0,0 2,3 0,0 0,0 0,0 0,0 0,0 0,0
LEAF 13,1 4,1 0,0 0,0 0,0 0,0 0,0 0,0 0,0 1,3
LEAF 13,1 4,1 0,0 0,0 0,0 0,0 0,0 0,0 1,0 7,1
LEAF 13,1 4,1 0,0 0,0 0,0 0,0 0,0 1,0 0,0 7,1
LEAF 13,1 4,1 0,0 0,0 0,0 0,0 0,0 0,1 0,0 8,0
LEAF 13,1 4,1 0,0 0,0 0,0 0,0 0,0 1,3 0,0 0,0
LEAF 13,1 4,1 0,0 0,0 0,0 0,0 1,0 0,0 0,0 7,1
LEAF 13,1 4,1 0,0 0,0 0,0 0,0 0,1 0,0 0,0 8,0
LEAF 13,1 4,1 0,0 0,0 0,0 0,0 1,3 0,0 0,0 0,0
LEAF 13,1 4,1 0,0 0,0 0,0 1,0 0,0 0,0 0,0 7,1
LEAF 13,1 4,1 0,0 0,0 1,0 0,0 0,0 0,0 0,0 7,1
LEAF 13,1 4,1 0,0 0,0 0,1 0,0 0,0 0,0 0,0 8,0
LEAF 13,1 4,1 0,0 0,0 1,3 0,0 0,0 0,0 0,0 0,0
LEAF 13,1 4,1 0,0 1,0 0,0 0,0 0,0 0,0 0,0 7,1
LEAF 13,1 4,1 0,0 0,1 0,0 0,0 0,0 0,0 0,0 8,0
LEAF 13,1 4,1 0,0 1,3 0,0 0,0 0,0 0,0 0,0 0,0
LEAF 13,1 4,1 1,0 0,0 0,0 0,0 0,0 0,0 0,0 7,1
LEAF 13,1 5,1 0,0 0,0 0,0 0,0 0,0 0,0 0,0 2,1
LEAF 13,1 5,1 0,0 0,0 0,0 0,0 0,0 0,1 0,0 0,2
LEAF 13,1 5,1 0,0 0,0 0,0 0,0 0,0 2,1 0,0 0,0
LEAF 13,1 5,1 0,0 0,0 0,0 0,0 0,0 0,2 0,0 0,1
LEAF 13,1 5,1 0,0 0,0 0,0 0,0 0,1 0,0 0,0 0,2
LEAF 13,1 5,1 0,0 0,0 0,0 0,0 2,1 0,0 0,0 0,0
LEAF 13,1 5,1 0,0 0,0 0,0 0,0 0,2 0,0 0,0 0,1
LEAF 13,1 5,1 0,0 0,0 0,1 0,0 0,0 0,0 0,0 0,2
LEAF 13,1 5,1 0,0 0,0 0,1 0,0 0,0 0,2 0,0 0,0
LEAF 13,1 5,1 0,0 0,0 0,1 0,0 0,2 0,0 0,0 0,0
LEAF 13,1 5,1 0,0 0,0 2,1 0,0 0,0 0,0 0,0 0,0
LEAF 13,1 5,1 0,0 0,0 0,2 0,0 0,0 0,0 0,0 0,1
LEAF 13,1 5,1 0,0 0,0 0,2 0,0 0,0 0,1 0,0 0,0
LEAF 13,1 5,1 0,0 0,0 0,2 0,0 0,1 0,0 0,0 0,0
LEAF 13,1 5,1 0,0 0,1 0,0 0,0 0,0 0,0 0,0 0,2
LEAF 13,1 5,1 0,0 0,1 0,0 0,0 0,2 0,0 0,0 0,0
LEAF 13,1 5,1 0,0 2,1 0,0 0,0 0,0 0,0 0,0 0,0
LEAF 13,1 5,1 0,0 0,2 0,0 0,0 0,0 0,0 0,0 0,1
LEAF 13,1 5,1 0,0 0,2 0,0 0,0 0,1 0,0 0,0 0,0
LEAF 13,1 0,2 0,0 0,0 0,0 0,0 0,0 0,0 0,0 2,4
LEAF 13,1 0,2 0,0 0,0 0,0 0,0 0,0 0,0 1,0 4,2
LEAF 13,1 0,2 0,0 0,0 0,0 0,0 0,0 1,0 0,0 4,2
LEAF 13,1 0,2 0,0 0,0 0,0 0,0 0,0 2,0 1,0 9,0
LEAF 13,1 0,2 0,0 0,0 0,0 0,0 0,0 0,1 0,0 5,1
LEAF 13,1 0,2 0,0 0,0 0,0 0,0 0,0 5,1 0,0 0,1
LEAF 13,1 0,2 0,0 0,0 0,0 0,0 0,0 4,2 0,0 1,0
LEAF 13,1 0,2 0,0 0,0 0,0 0,0 0,0 4,2 1,0 0,0
LEAF 13,1 0,2 0,0 0,0 0,0 0,0 0,0 2,4 0,0 0,0
LEAF 13,1 0,2 0,0 0,0 0,0 0,0 1,0 0,0 0,0 4,2
LEAF 13,1 0,2 0,0 0,0 0,0 0,0 0,1 0,0 0,0 5,1
LEAF 13,1 0,2 0,0 0,0 0,0 0,0 5,1 0,0 0,0 0,1
LEAF 13,1 0,2 0,0 0,0 0,0 0,0 4,2 0,0 0,0 1,0
LEAF 13,1 0,2 0,0 0,0 0,0 0,0 2,4 0,0 0,0 0,0
LEAF 13,1 0,2 0,0 0,0 0,0 1,0 0,0 0,0 0,0 4,2
LEAF 13,1 0,2 0,0 0,0 0,0 1,0 2,0 0,0 0,0 9,0
LEAF 13,1 0,2 0,0 0,0 0,0 1,0 4,2 0,0 0,0 0,0
LEAF 13,1 0,2 0,0 0,0 1,0 0,0 0,0 0,0 0,0 4,2
LEAF 13,1 0,2 0,0 0,0 1,0 0,0 0,0 2,0 0,0 9,0
LEAF 13,1 0,2 0,0 0,0 1,0 0,0 0,0 4,2 0,0 0,0
LEAF 13,1 0,2 0,0 0,0 1,0 0,0 2,0 0,0 0,0 9,0
LEAF 13,1 0,2 0,0 0,0 1,0 0,0 4,2 0,0 0,0 0,0
LEAF 13,1 0,2 0,0 0,0 2,0 0,0 0,0 0,0 1,0 9,0
LEAF 13,1 0,2 0,0 0,0 2,0 0,0 0,0 1,0 0,0 9,0
LEAF 13,1 0,2 0,0 0,0 2,0 0,0 1,0 0,0 0,0 9,0
LEAF 13,1 0,2 0,0 0,0 2,0 1,0 0,0 0,0 0,0 9,0
LEAF 13,1 0,2 0,0 0,0 0,1 0,0 0,0 0,0 0,0 5,1
LEAF 13,1 0,2 0,0 0,0 0,1 0,0 0,0 5,1 0,0 0,0
LEAF 13,1 0,2 0,0 0,0 0,1 0,0 5,1 0,0 0,0 0,0
LEAF 13,1 0,2 0,0 0,0 5,1 0,0 0,0 0,0 0,0 0,1
LEAF 13,1 0,2 0,0 0,0 5,1 0,0 0,0 0,1 0,0 0,0
LEAF 13,1 0,2 0,0 0,0 5,1 0,0 0,1 0,0 0,0 0,0
LEAF 13,1 0,2 0,0 0,0 4,2 0,0 0,0 0,0 0,0 1,0
LEAF 13,1 0,2 0,0 0,0 4,2 0,0 0,0 0,0 1,0 0,0
LEAF 13,1 0,2 0,0 0,0 4,2 0,0 0,0 1,0 0,0 0,0
LEAF 13,1 0,2 0,0 0,0 4,2 0,0 1,0 0,0 0,0 0,0
LEAF 13,1 0,2 0,0 0,0 4,2 1,0 0,0 0,0 0,0 0,0
LEAF 13,1 0,2 0,0 0,0 2,4 0,0 0,0 0,0 0,0 0,0
LEAF 13,1 0,2 0,0 1,0 0,0 0,0 0,0 0,0 0,0 4,2
LEAF 13,1 0,2 0,0 1,0 0,0 0,0 2,0 0,0 0,0 9,0
LEAF 13,1 0,2 0,0 1,0 0,0 0,0 4,2 0,0 0,0 0,0
LEAF 13,1 0,2 0,0 2,0 0,0 0,0 1,0 0,0 0,0 9,0
LEAF 13,1 0,2 0,0 0,1 0,0 0,0 0,0 0,0 0,0 5,1
LEAF 13,1 0,2 0,0 0,1 0,0 0,0 5,1 0,0 0,0 0,0
LEAF 13,1 0,2 0,0 5,1 0,0 0,0 0,0 0,0 0,0 0,1
LEAF 13,1 0,2 0,0 5,1 0,0 0,0 0,1 0,0 0,0 0,0
LEAF 13,1 0,2 0,0 4,2 0,0 0,0 0,0 0,0 0,0 1,0
LEAF 13,1 0,2 0,0 4,2 0,0 0,0 1,0 0,0 0,0 0,0
LEAF 13,1 0,2 0,0 2,4 0,0 0,0 0,0 0,0 0,0 0,0
LEAF 13,1 0,2 1,0 0,0 0,0 0,0 0,0 0,0 0,0 4,2
LEAF 13,1 0,2 1,0 0,0 0,0 0,0 2,0 0,0 0,0 9,0
LEAF 13,1 0,2 1,0 0,0 0,0 0,0 4,2 0,0 0,0 0,0
LEAF 13,1 0,2 1,0 2,0 0,0 0,0 0,0 0,0 0,0 9,0
LEAF 13,1 0,2 1,0 4,2 0,0 0,0 0,0 0,0 0,0 0,0
LEAF 13,1 1,2 0,0 0,0 0,0 0,0 0,0 0,0 0,0 6,0
LEAF 13,1 1,2 0,0 0,0 0,0 0,0 0,0 0,0 1,0 8,1
LEAF 13,1 1,2 0,0 0,0 0,0 0,0 0,0 0,0 1,0 0,5
LEAF 13,1 1,2 0,0 0,0 0,0 0,0 0,0 1,0 0,0 8,1
LEAF 13,1 1,2 0,0 0,0 0,0 0,0 0,0 1,0 0,0 0,5
LEAF 13,1 1,2 0,0 0,0 0,0 0,0 0,0 6,0 0,0 0,0
LEAF 13,1 1,2 0,0 0,0 0,0 0,0 0,0 0,1 0,0 9,0
LEAF 13,1 1,2 0,0 0,0 0,0 0,0 0,0 0,1 0,0 1,4
LEAF 13,1 1,2 0,0 0,0 0,0 0,0 0,0 1,4 0,0 0,1
LEAF 13,1 1,2 0,0 0,0 0,0 0,0 0,0 0,5 0,0 1,0
LEAF 13,1 1,2 0,0 0,0 0,0 0,0 0,0 0,5 1,0 0,0
LEAF 13,1 1,2 0,0 0,0 0,0 0,0 1,0 0,0 0,0 8,1
LEAF 13,1 1,2 0,0 0,0 0,0 0,0 1,0 0,0 0,0 0,5
LEAF 13,1 1,2 0,0 0,0 0,0 0,0 6,0 0,0 0,0 0,0
LEAF 13,1 1,2 0,0 0,0 0,0 0,0 0,1 0,0 0,0 9,0
LEAF 13,1 1,2 0,0 0,0 0,0 0,0 0,1 0,0 0,0 1,4
LEAF 13,1 1,2 0,0 0,0 0,0 0,0 1,4 0,0 0,0 0,1
LEAF 13,1 1,2 0,0 0,0 0,0 0,0 0,5 0,0 0,0 1,0
LEAF 13,1 1,2 0,0 0,0 0,0 1,0 0,0 0,0 0,0 8,1
LEAF 13,1 1,2 0,0 0,0 0,0 1,0 0,0 0,0 0,0 0,5
LEAF 13,1 1,2 0,0 0,0 0,0 1,0 0,5 0,0 0,0 0,0
LEAF 13,1 1,2 0,0 0,0 1,0 0,0 0,0 0,0 0,0 8,1
LEAF 13,1 1,2 0,0 0,0 1,0 0,0 0,0 0,0 0,0 0,5
LEAF 13,1 1,2 0,0 0,0 1,0 0,0 0,0 0,5 0,0 0,0
LEAF 13,1 1,2 0,0 0,0 1,0 0,0 0,5 0,0 0,0 0,0
LEAF 13,1 1,2 0,0 0,0 6,0 0,0 0,0 0,0 0,0 0,0
LEAF 13,1 1,2 0,0 0,0 0,1 0,0 0,0 0,0 0,0 9,0
LEAF 13,1 1,2 0,0 0,0 0,1 0,0 0,0 0,0 0,0 1,4
LEAF 13,1 1,2 0,0 0,0 0,1 0,0 0,0 1,4 0,0 0,0
LEAF 13,1 1,2 0,0 0,0 0,1 0,0 1,4 0,0 0,0 0,0
LEAF 13,1 1,2 0,0 0,0 1,4 0,0 0,0 0,0 0,0 0,1
LEAF 13,1 1,2 0,0 0,0 1,4 0,0 0,0 0,1 0,0 0,0
LEAF 13,1 1,2 0,0 0,0 1,4 0,0 0,1 0,0 0,0 0,0
LEAF 13,1 1,2 0,0 0,0 0,5 0,0 0,0 0,0 0,0 1,0
LEAF 13,1 1,2 0,0 0,0 0,5 0,0 0,0 0,0 1,0 0,0
LEAF 13,1 1,2 0,0 0,0 0,5 0,0 0,0 1,0 0,0 0,0
LEAF 13,1 1,2 0,0 0,0 0,5 0,0 1,0 0,0 0,0 0,0
LEAF 13,1 1,2 0,0 0,0 0,5 1,0 0,0 0,0 0,0 0,0
LEAF 13,1 1,2 0,0 1,0 0,0 0,0 0,0 0,0 0,0 8,1
LEAF 13,1 1,2 0,0 1,0 0,0 0,0 0,0 0,0 0,0 0,5
LEAF 13,1 1,2 0,0 1,0 0,0 0,0 0,5 0,0 0,0 0,0
LEAF 13,1 1,2 0,0 6,0 0,0 0,0 0,0 0,0 0,0 0,0
LEAF 13,1 1,2 0,0 0,1 0,0 0,0 0,0 0,0 0,0 9,0
LEAF 13,1 1,2 0,0 0,1 0,0 0,0 0,0 0,0 0,0 1,4
LEAF 13,1 1,2 0,0 0,1 0,0 0,0 1,4 0,0 0,0 0,0
LEAF 13,1 1,2 0,0 1,4 0,0 0,0 0,0 0,0 0,0 0,1
LEAF 13,1 1,2 0,0 1,4 0,0 0,0 0,1 0,0 0,0 0,0
LEAF 13,1 1,2 0,0 0,5 0,0 0,0 0,0 0,0 0,0 1,0
LEAF 13,1 1,2 0,0 0,5 0,0 0,0 1,0 0,0 0,0 0,0
LEAF 13,1 1,2 1,0 0,0 0,0 0,0 0,0 0,0 0,0 8,1
LEAF 13,1 1,2 1,0 0,0 0,0 0,0 0,0 0,0 0,0 0,5
LEAF 13,1 1,2 1,0 0,0 0,0 0,0 0,5 0,0 0,0 0,0
LEAF 13,1 1,2 1,0 0,5 0,0 0,0 0,0 0,0 0,0 0,0
LEAF 13,1 2,2 0,0 0,0 0,0 0,0 0,0 0,0 0,0 3,2
LEAF 13,1 2,2 0,0 0,0 0,0 0,0 0,0 3,2 0,0 0,0
LEAF 13,1 2,2 0,0 0,0 0,0 0,0 3,2 0,0 0,0 0,0
LEAF 13,1 2,2 0,0 0,0 3,2 0,0 0,0 0,0 0,0 0,0
LEAF 13,1 2,2 0,0 3,2 0,0 0,0 0,0 0,0 0,0 0,0
LEAF 13,1 3,2 0,0 0,0 0,0 0,0 0,0 0,0 0,0 2,2
LEAF 13,1 3,2 0,0 0,0 0,0 0,0 0,0 0,0 1,0 8,0
LEAF 13,1 3,2 0,0 0,0 0,0 0,0 0,0 1,0 0,0 8,0
LEAF 13,1 3,2 0,0 0,0 0,0 0,0 0,0 2,2 0,0 0,0
LEAF 13,1 3,2 0,0 0,0 0,0 0,0 1,0 0,0 0,0 8,0
LEAF 13,1 3,2 0,0 0,0 0,0 0,0 2,2 0,0 0,0 0,0
LEAF 13,1 3,2 0,0 0,0 0,0 1,0 0,0 0,0 0,0 8,0
LEAF 13,1 3,2 0,0 0,0 1,0 0,0 0,0 0,0 0,0 8,0
LEAF 13,1 3,2 0,0 0,0 2,2 0,0 0,0 0,0 0,0 0,0
LEAF 13,1 3,2 0,0 1,0 0,0 0,0 0,0 0,0 0,0 8,0
LEAF 13,1 3,2 0,0 2,2 0,0 0,0 0,0 0,0 0,0 0,0
LEAF 13,1 3,2 1,0 0,0 0,0 0,0 0,0 0,0 0,0 8,0
LEAF 13,1 4,2 0,0 0,0 0,0 0,0 0,0 0,0 0,0 3,0
LEAF 13,1 4,2 0,0 0,0 0,0 0,0 0,0 0,0 1,0 0,2
LEAF 13,1 4,2 0,0 0,0 0,0 0,0 0,0 1,0 0,0 0,2
LEAF 13,1 4,2 0,0 0,0 0,0 0,0 0,0 3,0 0,0 0,0
LEAF 13,1 4,2 0,0 0,0 0,0 0,0 0,0 0,1 0,0 1,1
LEAF 13,1 4,2 0,0 0,0 0,0 0,0 0,0 1,1 0,0 0,1
LEAF 13,1 4,2 0,0 0,0 0,0 0,0 0,0 0,2 0,0 1,0
LEAF 13,1 4,2 0,0 0,0 0,0 0,0 0,0 0,2 1,0 0,0
LEAF 13,1 4,2 0,0 0,0 0,0 0,0 1,0 0,0 0,0 0,2
LEAF 13,1 4,2 0,0 0,0 0,0 0,0 3,0 0,0 0,0 0,0
LEAF 13,1 4,2 0,0 0,0 0,0 0,0 0,1 0,0 0,0 1,1
LEAF 13,1 4,2 0,0 0,0 0,0 0,0 1,1 0,0 0,0 0,1
LEAF 13,1 4,2 0,0 0,0 0,0 0,0 0,2 0,0 0,0 1,0
LEAF 13,1 4,2 0,0 0,0 0,0 1,0 0,0 0,0 0,0 0,2
LEAF 13,1 4,2 0,0 0,0 0,0 1,0 0,2 0,0 0,0 0,0
LEAF 13,1 4,2 0,0 0,0 1,0 0,0 0,0 0,0 0,0 0,2
LEAF 13,1 4,2 0,0 0,0 1,0 0,0 0,0 0,2 0,0 0,0
LEAF 13,1 4,2 0,0 0,0 1,0 0,0 0,2 0,0 0,0 0,0
LEAF 13,1 4,2 0,0 0,0 3,0 0,0 0,0 0,0 0,0 0,0
LEAF 13,1 4,2 0,0 0,0 0,1 0,0 0,0 0,0 0,0 1,1
LEAF 13,1 4,2 0,0 0,0 0,1 0,0 0,0 0,1 0,0 0,1
LEAF 13,1 4,2 0,0 0,0 0,1 0,0 0,0 1,1 0,0 0,0
LEAF 13,1 4,2 0,0 0,0 0,1 0,0 0,1 0,0 0,0 0,1
LEAF 13,1 4,2 0,0 0,0 0,1 0,0 1,1 0,0 0,0 0,0
LEAF 13,1 4,2 0,0 0,0 1,1 0,0 0,0 0,0 0,0 0,1
LEAF 13,1 4,2 0,0 0,0 1,1 0,0 0,0 0,1 0,0 0,0
LEAF 13,1 4,2 0,0 0,0 1,1 0,0 0,1 0,0 0,0 0,0
LEAF 13,1 4,2 0,0 0,0 0,2 0,0 0,0 0,0 0,0 1,0
LEAF 13,1 4,2 0,0 0,0 0,2 0,0 0,0 0,0 1,0 0,0
LEAF 13,1 4,2 0,0 0,0 0,2 0,0 0,0 1,0 0,0 0,0
LEAF 13,1 4,2 0,0 0,0 0,2 0,0 1,0 0,0 0,0 0,0
LEAF 13,1 4,2 0,0 0,0 0,2 1,0 0,0 0,0 0,0 0,0
LEAF 13,1 4,2 0,0 1,0 0,0 0,0 0,0 0,0 0,0 0,2
LEAF 13,1 4,2 0,0 1,0 0,0 0,0 0,2 0,0 0,0 0,0
LEAF 13,1 4,2 0,0 3,0 0,0 0,0 0,0 0,0 0,0 0,0
LEAF 13,1 4,2 0,0 0,1 0,0 0,0 0,0 0,0 0,0 1,1
LEAF 13,1 4,2 0,0 0,1 0,0 0,0 0,1 0,0 0,0 0,1
LEAF 13,1 4,2 0,0 0,1 0,0 0,0 1,1 0,0 0,0 0,0
LEAF 13,1 4,2 0,0 1,1 0,0 0,0 0,0 0,0 0,0 0,1
LEAF 13,1 4,2 0,0 1,1 0,0 0,0 0,1 0,0 0,0 0,0
LEAF 13,1 4,2 0,0 0,2 0,0 0,0 0,0 0,0 0,0 1,0
LEAF 13,1 4,2 0,0 0,2 0,0 0,0 1,0 0,0 0,0 0,0
LEAF 13,1 4,2 1,0 0,0 0,0 0,0 0,0 0,0 0,0 0,2
LEAF 13,1 4,2 1,0 0,0 0,0 0,0 0,2 0,0 0,0 0,0
LEAF 13,1 4,2 1,0 0,2 0,0 0,0 0,0 0,0 0,0 0,0
LEAF 13,1 0,3 0,0 0,0 0,0 0,0 0,0 0,0 1,0 9,0
LEAF 13,1 0,3 0,0 0,0 0,0 0,0 0,0 0,0 1,0 1,4
LEAF 13,1 0,3 0,0 0,0 0,0 0,0 0,0 1,0 0,0 9,0
LEAF 13,1 0,3 0,0 0,0 0,0 0,0 0,0 1,0 0,0 1,4
LEAF 13,1 0,3 0,0 0,0 0,0 0,0 0,0 0,1 0,0 2,3
LEAF 13,1 0,3 0,0 0,0 0,0 0,0 0,0 2,3 0,0 0,1
LEAF 13,1 0,3 0,0 0,0 0,0 0,0 0,0 1,4 0,0 1,0
LEAF 13,1 0,3 0,0 0,0 0,0 0,0 0,0 1,4 1,0 0,0
LEAF 13,1 0,3 0,0 0,0 0,0 0,0 1,0 0,0 0,0 9,0
LEAF 13,1 0,3 0,0 0,0 0,0 0,0 1,0 0,0 0,0 1,4
LEAF 13,1 0,3 0,0 0,0 0,0 0,0 0,1 0,0 0,0 2,3
LEAF 13,1 0,3 0,0 0,0 0,0 0,0 2,3 0,0 0,0 0,1
LEAF 13,1 0,3 0,0 0,0 0,0 0,0 1,4 0,0 0,0 1,0
LEAF 13,1 0,3 0,0 0,0 0,0 1,0 0,0 0,0 0,0 9,0
LEAF 13,1 0,3 0,0 0,0 0,0 1,0 0,0 0,0 0,0 1,4
LEAF 13,1 0,3 0,0 0,0 0,0 1,0 1,4 0,0 0,0 0,0
LEAF 13,1 0,3 0,0 0,0 1,0 0,0 0,0 0,0 0,0 9,0
LEAF 13,1 0,3 0,0 0,0 1,0 0,0 0,0 0,0 0,0 1,4
LEAF 13,1 0,3 0,0 0,0 1,0 0,0 0,0 1,4 0,0 0,0
LEAF 13,1 0,3 0,0 0,0 1,0 0,0 1,4 0,0 0,0 0,0
LEAF 13,1 0,3 0,0 0,0 0,1 0,0 0,0 0,0 0,0 2,3
LEAF 13,1 0,3 0,0 0,0 0,1 0,0 0,0 2,3 0,0 0,0
LEAF 13,1 0,3 0,0 0,0 0,1 0,0 2,3 0,0 0,0 0,0
LEAF 13,1 0,3 0,0 0,0 2,3 0,0 0,0 0,0 0,0 0,1
LEAF 13,1 0,3 0,0 0,0 2,3 0,0 0,0 0,1 0,0 0,0
LEAF 13,1 0,3 0,0 0,0 2,3 0,0 0,1 0,0 0,0 0,0
LEAF 13,1 0,3 0,0 0,0 1,4 0,0 0,0 0,0 0,0 1,0
LEAF 13,1 0,3 0,0 0,0 1,4 0,0 0,0 0,0 1,0 0,0
LEAF 13,1 0,3 0,0 0,0 1,4 0,0 0,0 1,0 0,0 0,0
LEAF 13,1 0,3 0,0 0,0 1,4 0,0 1,0 0,0 0,0 0,0
LEAF 13,1 0,3 0,0 0,0 1,4 1,0 0,0 0,0 0,0 0,0
LEAF 13,1 0,3 0,0 1,0 0,0 0,0 0,0 0,0 0,0 9,0
LEAF 13,1 0,3 0,0 1,0 0,0 0,0 0,0 0,0 0,0 1,4
LEAF 13,1 0,3 0,0 1,0 0,0 0,0 1,4 0,0 0,0 0,0
LEAF 13,1 0,3 0,0 0,1 0,0 0,0 0,0 0,0 0,0 2,3
LEAF 13,1 0,3 0,0 0,1 0,0 0,0 2,3 0,0 0,0 0,0
LEAF 13,1 0,3 0,0 2,3 0,0 0,0 0,0 0,0 0,0 0,1
LEAF 13,1 0,3 0,0 2,3 0,0 0,0 0,1 0,0 0,0 0,0
LEAF 13,1 0,3 0,0 1,4 0,0 0,0 0,0 0,0 0,0 1,0
LEAF 13,1 0,3 0,0 1,4 0,0 0,0 1,0 0,0 0,0 0,0
LEAF 13,1 0,3 1,0 0,0 0,0 0,0 0,0 0,0 0,0 9,0
LEAF 13,1 0,3 1,0 0,0 0,0 0,0 0,0 0,0 0,0 1,4
LEAF 13,1 0,3 1,0 0,0 0,0 0,0 1,4 0,0 0,0 0,0
LEAF 13,1 0,3 1,0 1,4 0,0 0,0 0,0 0,0 0,0 0,0
LEAF 13,1 1,3 0,0 0,0 0,0 0,0 0,0 0,0 0,0 4,1
LEAF 13,1 1,3 0,0 0,0 0,0 0,0 0,0 4,1 0,0 0,0
LEAF 13,1 1,3 0,0 0,0 0,0 0,0 4,1 0,0 0,0 0,0
LEAF 13,1 1,3 0,0 0,0 4,1 0,0 0,0 0,0 0,0 0,0
LEAF 13,1 1,3 0,0 4,1 0,0 0,0 0,0 0,0 0,0 0,0
LEAF 13,1 2,3 0,0 0,0 0,0 0,0 0,0 0,0 0,0 3,1
LEAF 13,1 2,3 0,0 0,0 0,0 0,0 0,0 0,1 0,0 0,3
LEAF 13,1 2,3 0,0 0,0 0,0 0,0 0,0 3,1 0,0 0,0
LEAF 13,1 2,3 0,0 0,0 0,0 0,0 0,0 0,3 0,0 0,1
LEAF 13,1 2,3 0,0 0,0 0,0 0,0 0,1 0,0 0,0 0,3
LEAF 13,1 2,3 0,0 0,0 0,0 0,0 3,1 0,0 0,0 0,0
LEAF 13,1 2,3 0,0 0,0 0,0 0,0 0,3 0,0 0,0 0,1
LEAF 13,1 2,3 0,0 0,0 0,1 0,0 0,0 0,0 0,0 0,3
LEAF 13,1 2,3 0,0 0,0 0,1 0,0 0,0 0,3 0,0 0,0
LEAF 13,1 2,3 0,0 0,0 0,1 0,0 0,3 0,0 0,0 0,0
LEAF 13,1 2,3 0,0 0,0 3,1 0,0 0,0 0,0 0,0 0,0
LEAF 13,1 2,3 0,0 0,0 0,3 0,0 0,0 0,0 0,0 0,1
LEAF 13,1 2,3 0,0 0,0 0,3 0,0 0,0 0,1 0,0 0,0
LEAF 13,1 2,3 0,0 0,0 0,3 0,0 0,1 0,0 0,0 0,0
LEAF 13,1 2,3 0,0 0,1 0,0 0,0 0,0 0,0 0,0 0,3
LEAF 13,1 2,3 0,0 0,1 0,0 0,0 0,3 0,0 0,0 0,0
LEAF 13,1 2,3 0,0 3,1 0,0 0,0 0,0 0,0 0,0 0,0
LEAF 13,1 2,3 0,0 0,3 0,0 0,0 0,0 0,0 0,0 0,1
LEAF 13,1 2,3 0,0 0,3 0,0 0,0 0,1 0,0 0,0 0,0
LEAF 13,1 3,3 0,0 0,0 0,0 0,0 0,0 0,0 1,0 1,1
LEAF 13,1 3,3 0,0 0,0 0,0 0,0 0,0 1,0 0,0 1,1
LEAF 13,1 3,3 0,0 0,0 0,0 0,0 0,0 2,0 0,0 0,1
LEAF 13,1 3,3 0,0 0,0 0,0 0,0 0,0 0,1 0,0 2,0
LEAF 13,1 3,3 0,0 0,0 0,0 0,0 0,0 0,1 1,0 0,1
LEAF 13,1 3,3 0,0 0,0 0,0 0,0 0,0 1,1 0,0 1,0
LEAF 13,1 3,3 0,0 0,0 0,0 0,0 0,0 1,1 1,0 0,0
LEAF 13,1 3,3 0,0 0,0 0,0 0,0 1,0 0,0 0,0 1,1
LEAF 13,1 3,3 0,0 0,0 0,0 0,0 2,0 0,0 0,0 0,1
LEAF 13,1 3,3 0,0 0,0 0,0 0,0 0,1 0,0 0,0 2,0
LEAF 13,1 3,3 0,0 0,0 0,0 0,0 1,1 0,0 0,0 1,0
LEAF 13,1 3,3 0,0 0,0 0,0 1,0 0,0 0,0 0,0 1,1
LEAF 13,1 3,3 0,0 0,0 0,0 1,0 0,1 0,0 0,0 0,1
LEAF 13,1 3,3 0,0 0,0 0,0 1,0 1,1 0,0 0,0 0,0
LEAF 13,1 3,3 0,0 0,0 1,0 0,0 0,0 0,0 0,0 1,1
LEAF 13,1 3,3 0,0 0,0 1,0 0,0 0,0 0,1 0,0 0,1
LEAF 13,1 3,3 0,0 0,0 1,0 0,0 0,0 1,1 0,0 0,0
LEAF 13,1 3,3 0,0 0,0 1,0 0,0 0,1 0,0 0,0 0,1
LEAF 13,1 3,3 0,0 0,0 1,0 0,0 1,1 0,0 0,0 0,0
LEAF 13,1 3,3 0,0 0,0 2,0 0,0 0,0 0,0 0,0 0,1
LEAF 13,1 3,3 0,0 0,0 2,0 0,0 0,0 0,1 0,0 0,0
LEAF 13,1 3,3 0,0 0,0 2,0 0,0 0,1 0,0 0,0 0,0
LEAF 13,1 3,3 0,0 0,0 0,1 0,0 0,0 0,0 0,0 2,0
LEAF 13,1 3,3 0,0 0,0 0,1 0,0 0,0 0,0 1,0 0,1
LEAF 13,1 3,3 0,0 0,0 0,1 0,0 0,0 1,0 0,0 0,1
LEAF 13,1 3,3 0,0 0,0 0,1 0,0 0,0 2,0 0,0 0,0
LEAF 13,1 3,3 0,0 0,0 0,1 0,0 0,0 0,1 0,0 1,0
LEAF 13,1 3,3 0,0 0,0 0,1 0,0 0,0 0,1 1,0 0,0
LEAF 13,1 3,3 0,0 0,0 0,1 0,0 1,0 0,0 0,0 0,1
LEAF 13,1 3,3 0,0 0,0 0,1 0,0 2,0 0,0 0,0 0,0
LEAF 13,1 3,3 0,0 0,0 0,1 0,0 0,1 0,0 0,0 1,0
LEAF 13,1 3,3 0,0 0,0 0,1 1,0 0,0 0,0 0,0 0,1
LEAF 13,1 3,3 0,0 0,0 0,1 1,0 0,1 0,0 0,0 0,0
LEAF 13,1 3,3 0,0 0,0 1,1 0,0 0,0 0,0 0,0 1,0
LEAF 13,1 3,3 0,0 0,0 1,1 0,0 0,0 0,0 1,0 0,0
LEAF 13,1 3,3 0,0 0,0 1,1 0,0 0,0 1,0 0,0 0,0
LEAF 13,1 3,3 0,0 0,0 1,1 0,0 1,0 0,0 0,0 0,0
LEAF 13,1 3,3 0,0 0,0 1,1 1,0 0,0 0,0 0,0 0,0
LEAF 13,1 3,3 0,0 1,0 0,0 0,0 0,0 0,0 0,0 1,1
LEAF 13,1 3,3 0,0 1,0 0,0 0,0 0,1 0,0 0,0 0,1
LEAF 13,1 3,3 0,0 1,0 0,0 0,0 1,1 0,0 0,0 0,0
LEAF 13,1 3,3 0,0 2,0 0,0 0,0 0,0 0,0 0,0 0,1
LEAF 13,1 3,3 0,0 2,0 0,0 0,0 0,1 0,0 0,0 0,0
LEAF 13,1 3,3 0,0 0,1 0,0 0,0 0,0 0,0 0,0 2,0
LEAF 13,1 3,3 0,0 0,1 0,0 0,0 1,0 0,0 0,0 0,1
LEAF 13,1 3,3 0,0 0,1 0,0 0,0 2,0 0,0 0,0 0,0
LEAF 13,1 3,3 0,0 0,1 0,0 0,0 0,1 0,0 0,0 1,0
LEAF 13,1 3,3 0,0 1,1 0,0 0,0 0,0 0,0 0,0 1,0
LEAF 13,1 3,3 0,0 1,1 0,0 0,0 1,0 0,0 0,0 0,0
LEAF 13,1 3,3 1,0 0,0 0,0 0,0 0,0 0,0 0,0 1,1
LEAF 13,1 3,3 1,0 0,0 0,0 0,0 0,1 0,0 0,0 0,1
LEAF 13,1 3,3 1,0 0,0 0,0 0,0 1,1 0,0 0,0 0,0
LEAF 13,1 3,3 1,0 0,1 0,0 0,0 0,0 0,0 0,0 0,1
LEAF 13,1 3,3 1,0 0,1 0,0 0,0 0,1 0,0 0,0 0,0
LEAF 13,1 3,3 1,0 1,1 0,0 0,0 0,0 0,0 0,0 0,0
LEAF 13,1 0,4 0,0 0,0 0,0 0,0 0,0 0,0 0,0 5,0
LEAF 13,1 0,4 0,0 0,0 0,0 0,0 0,0 5,0 0,0 0,0
LEAF 13,1 0,4 0,0 0,0 0,0 0,0 5,0 0,0 0,0 0,0
LEAF 13,1 0,4 0,0 0,0 5,0 0,0 0,0 0,0 0,0 0,0
LEAF 13,1 0,4 0,0 5,0 0,0 0,0 0,0 0,0 0,0 0,0
LEAF 13,1 1,4 0,0 0,0 0,0 0,0 0,0 0,0 0,0 4,0
LEAF 13,1 1,4 0,0 0,0 0,0 0,0 0,0 0,0 1,0 0,3
LEAF 13,1 1,4 0,0 0,0 0,0 0,0 0,0 1,0 0,0 0,3
LEAF 13,1 1,4 0,0 0,0 0,0 0,0 0,0 4,0 0,0 0,0
LEAF 13,1 1,4 0,0 0,0 0,0 0,0 0,0 0,1 0,0 1,2
LEAF 13,1 1,4 0,0 0,0 0,0 0,0 0,0 1,2 0,0 0,1
LEAF 13,1 1,4 0,0 0,0 0,0 0,0 0,0 0,3 0,0 1,0
LEAF 13,1 1,4 0,0 0,0 0,0 0,0 0,0 0,3 1,0 0,0
LEAF 13,1 1,4 0,0 0,0 0,0 0,0 1,0 0,0 0,0 0,3
LEAF 13,1 1,4 0,0 0,0 0,0 0,0 4,0 0,0 0,0 0,0
LEAF 13,1 1,4 0,0 0,0 0,0 0,0 0,1 0,0 0,0 1,2
LEAF 13,1 1,4 0,0 0,0 0,0 0,0 1,2 0,0 0,0 0,1
LEAF 13,1 1,4 0,0 0,0 0,0 0,0 0,3 0,0 0,0 1,0
LEAF 13,1 1,4 0,0 0,0 0,0 1,0 0,0 0,0 0,0 0,3
LEAF 13,1 1,4 0,0 0,0 0,0 1,0 0,3 0,0 0,0 0,0
LEAF 13,1 1,4 0,0 0,0 1,0 0,0 0,0 0,0 0,0 0,3
LEAF 13,1 1,4 0,0 0,0 1,0 0,0 0,0 0,3 0,0 0,0
LEAF 13,1 1,4 0,0 0,0 1,0 0,0 0,3 0,0 0,0 0,0
LEAF 13,1 1,4 0,0 0,0 4,0 0,0 0,0 0,0 0,0 0,0
LEAF 13,1 1,4 0,0 0,0 0,1 0,0 0,0 0,0 0,0 1,2
LEAF 13,1 1,4 0,0 0,0 0,1 0,0 0,0 1,2 0,0 0,0
LEAF 13,1 1,4 0,0 0,0 0,1 0,0 1,2 0,0 0,0 0,0
LEAF 13,1 1,4 0,0 0,0 1,2 0,0 0,0 0,0 0,0 0,1
LEAF 13,1 1,4 0,0 0,0 1,2 0,0 0,0 0,1 0,0 0,0
LEAF 13,1 1,4 0,0 0,0 1,2 0,0 0,1 0,0 0,0 0,0
LEAF 13,1 1,4 0,0 0,0 0,3 0,0 0,0 0,0 0,0 1,0
LEAF 13,1 1,4 0,0 0,0 0,3 0,0 0,0 0,0 1,0 0,0
LEAF 13,1 1,4 0,0 0,0 0,3 0,0 0,0 1,0 0,0 0,0
LEAF 13,1 1,4 0,0 0,0 0,3 0,0 1,0 0,0 0,0 0,0
LEAF 13,1 1,4 0,0 0,0 0,3 1,0 0,0 0,0 0,0 0,0
LEAF 13,1 1,4 0,0 1,0 0,0 0,0 0,0 0,0 0,0 0,3
LEAF 13,1 1,4 0,0 1,0 0,0 0,0 0,3 0,0 0,0 0,0
LEAF 13,1 1,4 0,0 4,0 0,0 0,0 0,0 0,0 0,0 0,0
LEAF 13,1 1,4 0,0 0,1 0,0 0,0 0,0 0,0 0,0 1,2
LEAF 13,1 1,4 0,0 0,1 0,0 0,0 1,2 0,0 0,0 0,0
LEAF 13,1 1,4 0,0 1,2 0,0 0,0 0,0 0,0 0,0 0,1
LEAF 13,1 1,4 0,0 1,2 0,0 0,0 0,1 0,0 0,0 0,0
LEAF 13,1 1,4 0,0 0,3 0,0 0,0 0,0 0,0 0,0 1,0
LEAF 13,1 1,4 0,0 0,3 0,0 0,0 1,0 0,0 0,0 0,0
LEAF 13,1 1,4 1,0 0,0 0,0 0,0 0,0 0,0 0,0 0,3
LEAF 13,1 1,4 1,0 0,0 0,0 0,0 0,3 0,0 0,0 0,0
LEAF 13,1 1,4 1,0 0,3 0,0 0,0 0,0 0,0 0,0 0,0
LEAF 13,1 2,4 0,0 0,0 0,0 0,0 0,0 0,0 0,0 0,2
LEAF 13,1 2,4 0,0 0,0 0,0 0,0 0,0 0,0 1,0 2,0
LEAF 13,1 2,4 0,0 0,0 0,0 0,0 0,0 1,0 0,0 2,0
LEAF 13,1 2,4 0,0 0,0 0,0 0,0 0,0 1,0 1,0 0,1
LEAF 13,1 2,4 0,0 0,0 0,0 0,0 0,0 2,0 0,0 1,0
LEAF 13,1 2,4 0,0 0,0 0,0 0,0 0,0 2,0 1,0 0,0
LEAF 13,1 2,4 0,0 0,0 0,0 0,0 0,0 0,1 1,0 1,0
LEAF 13,1 2,4 0,0 0,0 0,0 0,0 0,0 0,2 0,0 0,0
LEAF 13,1 2,4 0,0 0,0 0,0 0,0 1,0 0,0 0,0 2,0
LEAF 13,1 2,4 0,0 0,0 0,0 0,0 1,0 1,0 0,0 0,1
LEAF 13,1 2,4 0,0 0,0 0,0 0,0 2,0 0,0 0,0 1,0
LEAF 13,1 2,4 0,0 0,0 0,0 0,0 0,2 0,0 0,0 0,0
LEAF 13,1 2,4 0,0 0,0 0,0 1,0 0,0 0,0 0,0 2,0
LEAF 13,1 2,4 0,0 0,0 0,0 1,0 1,0 0,0 0,0 0,1
LEAF 13,1 2,4 0,0 0,0 0,0 1,0 2,0 0,0 0,0 0,0
LEAF 13,1 2,4 0,0 0,0 0,0 1,0 0,1 0,0 0,0 1,0
LEAF 13,1 2,4 0,0 0,0 1,0 0,0 0,0 0,0 0,0 2,0
LEAF 13,1 2,4 0,0 0,0 1,0 0,0 0,0 0,0 1,0 0,1
LEAF 13,1 2,4 0,0 0,0 1,0 0,0 0,0 1,0 0,0 0,1
LEAF 13,1 2,4 0,0 0,0 1,0 0,0 0,0 2,0 0,0 0,0
LEAF 13,1 2,4 0,0 0,0 1,0 0,0 0,0 0,1 0,0 1,0
LEAF 13,1 2,4 0,0 0,0 1,0 0,0 0,0 0,1 1,0 0,0
LEAF 13,1 2,4 0,0 0,0 1,0 0,0 1,0 0,0 0,0 0,1
LEAF 13,1 2,4 0,0 0,0 1,0 0,0 2,0 0,0 0,0 0,0
LEAF 13,1 2,4 0,0 0,0 1,0 0,0 0,1 0,0 0,0 1,0
LEAF 13,1 2,4 0,0 0,0 1,0 1,0 0,0 0,0 0,0 0,1
LEAF 13,1 2,4 0,0 0,0 1,0 1,0 0,1 0,0 0,0 0,0
LEAF 13,1 2,4 0,0 0,0 2,0 0,0 0,0 0,0 0,0 1,0
LEAF 13,1 2,4 0,0 0,0 2,0 0,0 0,0 0,0 1,0 0,0
LEAF 13,1 2,4 0,0 0,0 2,0 0,0 0,0 1,0 0,0 0,0
LEAF 13,1 2,4 0,0 0,0 2,0 0,0 1,0 0,0 0,0 0,0
LEAF 13,1 2,4 0,0 0,0 2,0 1,0 0,0 0,0 0,0 0,0
LEAF 13,1 2,4 0,0 0,0 0,1 0,0 0,0 0,0 1,0 1,0
LEAF 13,1 2,4 0,0 0,0 0,1 0,0 0,0 1,0 0,0 1,0
LEAF 13,1 2,4 0,0 0,0 0,1 0,0 0,0 1,0 1,0 0,0
LEAF 13,1 2,4 0,0 0,0 0,1 0,0 1,0 0,0 0,0 1,0
LEAF 13,1 2,4 0,0 0,0 0,1 0,0 1,0 1,0 0,0 0,0
LEAF 13,1 2,4 0,0 0,0 0,1 1,0 0,0 0,0 0,0 1,0
LEAF 13,1 2,4 0,0 0,0 0,1 1,0 1,0 0,0 0,0 0,0
LEAF 13,1 2,4 0,0 0,0 0,2 0,0 0,0 0,0 0,0 0,0
LEAF 13,1 2,4 0,0 1,0 0,0 0,0 0,0 0,0 0,0 2,0
LEAF 13,1 2,4 0,0 1,0 0,0 0,0 0,0 1,0 0,0 0,1
LEAF 13,1 2,4 0,0 1,0 0,0 0,0 1,0 0,0 0,0 0,1
LEAF 13,1 2,4 0,0 1,0 0,0 0,0 2,0 0,0 0,0 0,0
LEAF 13,1 2,4 0,0 1,0 0,0 0,0 0,1 0,0 0,0 1,0
LEAF 13,1 2,4 0,0 1,0 1,0 0,0 0,0 0,0 0,0 0,1
LEAF 13,1 2,4 0,0 1,0 1,0 0,0 0,1 0,0 0,0 0,0
LEAF 13,1 2,4 0,0 2,0 0,0 0,0 0,0 0,0 0,0 1,0
LEAF 13,1 2,4 0,0 2,0 0,0 0,0 1,0 0,0 0,0 0,0
LEAF 13,1 2,4 0,0 0,1 0,0 0,0 1,0 0,0 0,0 1,0
LEAF 13,1 2,4 0,0 0,2 0,0 0,0 0,0 0,0 0,0 0,0
LEAF 13,1 2,4 1,0 0,0 0,0 0,0 0,0 0,0 0,0 2,0
LEAF 13,1 2,4 1,0 0,0 0,0 0,0 1,0 0,0 0,0 0,1
LEAF 13,1 2,4 1,0 0,0 0,0 0,0 2,0 0,0 0,0 0,0
LEAF 13,1 2,4 1,0 0,0 0,0 0,0 0,1 0,0 0,0 1,0
LEAF 13,1 2,4 1,0 1,0 0,0 0,0 0,0 0,0 0,0 0,1
LEAF 13,1 2,4 1,0 1,0 0,0 0,0 0,1 0,0 0,0 0,0
LEAF 13,1 2,4 1,0 2,0 0,0 0,0 0,0 0,0 0,0 0,0
LEAF 13,1 2,4 1,0 0,1 0,0 0,0 0,0 0,0 0,0 1,0
LEAF 13,1 2,4 1,0 0,1 0,0 0,0 1,0 0,0 0,0 0,0
LEAF 13,1 0,5 0,0 0,0 0,0 0,0 0,0 0,0 1,0 1,2
LEAF 13,1 0,5 0,0 0,0 0,0 0,0 0,0 1,0 0,0 1,2
LEAF 13,1 0,5 0,0 0,0 0,0 0,0 0,0 0,1 0,0 2,1
LEAF 13,1 0,5 0,0 0,0 0,0 0,0 0,0 2,1 0,0 0,1
LEAF 13,1 0,5 0,0 0,0 0,0 0,0 0,0 1,2 0,0 1,0
LEAF 13,1 0,5 0,0 0,0 0,0 0,0 0,0 1,2 1,0 0,0
LEAF 13,1 0,5 0,0 0,0 0,0 0,0 1,0 0,0 0,0 1,2
LEAF 13,1 0,5 0,0 0,0 0,0 0,0 0,1 0,0 0,0 2,1
LEAF 13,1 0,5 0,0 0,0 0,0 0,0 2,1 0,0 0,0 0,1
LEAF 13,1 0,5 0,0 0,0 0,0 0,0 1,2 0,0 0,0 1,0
LEAF 13,1 0,5 0,0 0,0 0,0 1,0 0,0 0,0 0,0 1,2
LEAF 13,1 0,5 0,0 0,0 0,0 1,0 1,2 0,0 0,0 0,0
LEAF 13,1 0,5 0,0 0,0 1,0 0,0 0,0 0,0 0,0 1,2
LEAF 13,1 0,5 0,0 0,0 1,0 0,0 0,0 1,2 0,0 0,0
LEAF 13,1 0,5 0,0 0,0 1,0 0,0 1,2 0,0 0,0 0,0
LEAF 13,1 0,5 0,0 0,0 0,1 0,0 0,0 0,0 0,0 2,1
LEAF 13,1 0,5 0,0 0,0 0,1 0,0 0,0 2,1 0,0 0,0
LEAF 13,1 0,5 0,0 0,0 0,1 0,0 2,1 0,0 0,0 0,0
LEAF 13,1 0,5 0,0 0,0 2,1 0,0 0,0 0,0 0,0 0,1
LEAF 13,1 0,5 0,0 0,0 2,1 0,0 0,0 0,1 0,0 0,0
LEAF 13,1 0,5 0,0 0,0 2,1 0,0 0,1 0,0 0,0 0,0
LEAF 13,1 0,5 0,0 0,0 1,2 0,0 0,0 0,0 0,0 1,0
LEAF 13,1 0,5 0,0 0,0 1,2 0,0 0,0 0,0 1,0 0,0
LEAF 13,1 0,5 0,0 0,0 1,2 0,0 0,0 1,0 0,0 0,0
LEAF 13,1 0,5 0,0 0,0 1,2 0,0 1,0 0,0 0,0 0,0
LEAF 13,1 0,5 0,0 0,0 1,2 1,0 0,0 0,0 0,0 0,0
LEAF 13,1 0,5 0,0 1,0 0,0 0,0 0,0 0,0 0,0 1,2
LEAF 13,1 0,5 0,0 1,0 0,0 0,0 1,2 0,0 0,0 0,0
LEAF 13,1 0,5 0,0 0,1 0,0 0,0 0,0 0,0 0,0 2,1
LEAF 13,1 0,5 0,0 0,1 0,0 0,0 2,1 0,0 0,0 0,0
LEAF 13,1 0,5 0,0 2,1 0,0 0,0 0,0 0,0 0,0 0,1
LEAF 13,1 0,5 0,0 2,1 0,0 0,0 0,1 0,0 0,0 0,0
LEAF 13,1 0,5 0,0 1,2 0,0 0,0 0,0 0,0 0,0 1,0
LEAF 13,1 0,5 0,0 1,2 0,0 0,0 1,0 0,0 0,0 0,0
LEAF 13,1 0,5 1,0 0,0 0,0 0,0 0,0 0,0 0,0 1,2
LEAF 13,1 0,5 1,0 0,0 0,0 0,0 1,2 0,0 0,0 0,0
LEAF 13,1 0,5 1,0 1,2 0,0 0,0 0,0 0,0 0,0 0,0
LEAF 13,1 1,5 0,0 0,0 0,0 0,0 0,0 0,0 0,0 1,1
LEAF 13,1 1,5 0,0 0,0 0,0 0,0 0,0 1,0 1,0 1,0
LEAF 13,1 1,5 0,0 0,0 0,0 0,0 0,0 0,1 0,0 0,1
LEAF 13,1 1,5 0,0 0,0 0,0 0,0 0,0 1,1 0,0 0,0
LEAF 13,1 1,5 0,0 0,0 0,0 0,0 1,0 1,0 0,0 1,0
LEAF 13,1 1,5 0,0 0,0 0,0 0,0 0,1 0,0 0,0 0,1
LEAF 13,1 1,5 0,0 0,0 0,0 0,0 1,1 0,0 0,0 0,0
LEAF 13,1 1,5 0,0 0,0 0,0 1,0 1,0 0,0 0,0 1,0
LEAF 13,1 1,5 0,0 0,0 1,0 0,0 0,0 0,0 1,0 1,0
LEAF 13,1 1,5 0,0 0,0 1,0 0,0 0,0 1,0 0,0 1,0
LEAF 13,1 1,5 0,0 0,0 1,0 0,0 0,0 1,0 1,0 0,0
LEAF 13,1 1,5 0,0 0,0 1,0 0,0 1,0 0,0 0,0 1,0
LEAF 13,1 1,5 0,0 0,0 1,0 0,0 1,0 1,0 0,0 0,0
LEAF 13,1 1,5 0,0 0,0 1,0 1,0 0,0 0,0 0,0 1,0
LEAF 13,1 1,5 0,0 0,0 1,0 1,0 1,0 0,0 0,0 0,0
LEAF 13,1 1,5 0,0 0,0 0,1 0,0 0,0 0,0 0,0 0,1
LEAF 13,1 1,5 0,0 0,0 0,1 0,0 0,0 0,1 0,0 0,0
LEAF 13,1 1,5 0,0 0,0 0,1 0,0 0,1 0,0 0,0 0,0
LEAF 13,1 1,5 0,0 0,0 1,1 0,0 0,0 0,0 0,0 0,0
LEAF 13,1 1,5 0,0 1,0 0,0 0,0 0,0 1,0 0,0 1,0
LEAF 13,1 1,5 0,0 1,0 0,0 0,0 1,0 0,0 0,0 1,0
LEAF 13,1 1,5 0,0 1,0 1,0 0,0 0,0 0,0 0,0 1,0
LEAF 13,1 1,5 0,0 1,0 1,0 0,0 1,0 0,0 0,0 0,0
LEAF 13,1 1,5 0,0 0,1 0,0 0,0 0,0 0,0 0,0 0,1
LEAF 13,1 1,5 0,0 0,1 0,0 0,0 0,1 0,0 0,0 0,0
LEAF 13,1 1,5 0,0 1,1 0,0 0,0 0,0 0,0 0,0 0,0
LEAF 13,1 1,5 1,0 0,0 0,0 0,0 1,0 0,0 0,0 1,0
LEAF 13,1 1,5 1,0 1,0 0,0 0,0 0,0 0,0 0,0 1,0
LEAF 13,1 1,5 1,0 1,0 0,0 0,0 1,0 0,0 0,0 0,0
LEAF 13,1 0,6 0,0 0,0 0,0 0,0 0,0 0,0 0,0 2,0
LEAF 13,1 0,6 0,0 0,0 0,0 0,0 0,0 0,0 1,0 0,1
LEAF 13,1 0,6 0,0 0,0 0,0 0,0 0,0 1,0 0,0 0,1
LEAF 13,1 0,6 0,0 0,0 0,0 0,0 0,0 2,0 0,0 0,0
LEAF 13,1 0,6 0,0 0,0 0,0 0,0 0,0 0,1 0,0 1,0
LEAF 13,1 0,6 0,0 0,0 0,0 0,0 0,0 0,1 1,0 0,0
LEAF 13,1 0,6 0,0 0,0 0,0 0,0 1,0 0,0 0,0 0,1
LEAF 13,1 0,6 0,0 0,0 0,0 0,0 2,0 0,0 0,0 0,0
LEAF 13,1 0,6 0,0 0,0 0,0 0,0 0,1 0,0 0,0 1,0
LEAF 13,1 0,6 0,0 0,0 0,0 1,0 0,0 0,0 0,0 0,1
LEAF 13,1 0,6 0,0 0,0 0,0 1,0 0,1 0,0 0,0 0,0
LEAF 13,1 0,6 0,0 0,0 1,0 0,0 0,0 0,0 0,0 0,1
LEAF 13,1 0,6 0,0 0,0 1,0 0,0 0,0 0,1 0,0 0,0
LEAF 13,1 0,6 0,0 0,0 1,0 0,0 0,1 0,0 0,0 0,0
LEAF 13,1 0,6 0,0 0,0 2,0 0,0 0,0 0,0 0,0 0,0
LEAF 13,1 0,6 0,0 0,0 0,1 0,0 0,0 0,0 0,0 1,0
LEAF 13,1 0,6 0,0 0,0 0,1 0,0 0,0 0,0 1,0 0,0
LEAF 13,1 0,6 0,0 0,0 0,1 0,0 0,0 1,0 0,0 0,0
LEAF 13,1 0,6 0,0 0,0 0,1 0,0 1,0 0,0 0,0 0,0
LEAF 13,1 0,6 0,0 0,0 0,1 1,0 0,0 0,0 0,0 0,0
LEAF 13,1 0,6 0,0 1,0 0,0 0,0 0,0 0,0 0,0 0,1
LEAF 13,1 0,6 0,0 1,0 0,0 0,0 0,1 0,0 0,0 0,0
LEAF 13,1 0,6 0,0 2,0 0,0 0,0 0,0 0,0 0,0 0,0
LEAF 13,1 0,6 0,0 0,1 0,0 0,0 0,0 0,0 0,0 1,0
LEAF 13,1 0,6 0,0 0,1 0,0 0,0 1,0 0,0 0,0 0,0
LEAF 13,1 0,6 1,0 0,0 0,0 0,0 0,0 0,0 0,0 0,1
LEAF 13,1 0,6 1,0 0,0 0,0 0,0 0,1 0,0 0,0 0,0
LEAF 13,1 0,6 1,0 0,1 0,0 0,0 0,0 0,0 0,0 0,0
LEAF 14,1 0,0 0,0 0,0 0,0 0,0 0,0 0,0 0,0 2,2
LEAF 14,1 0,0 0,0 0,0 0,0 0,0 0,0 0,0 0,0 3,2
LEAF 14,1 0,0 0,0 0,0 0,0 0,0 0,0 0,0 0,0 6,2
LEAF 14,1 0,0 0,0 0,0 0,0 0,0 1,0 0,0 0,0 4,0
LEAF 14,1 0,0 0,0 0,0 0,0 0,0 1,0 0,0 0,0 8,0
LEAF 14,1 0,0 0,0 0,0 0,0 0,0 1,0 0,0 0,0 2,6
LEAF 14,1 0,0 0,0 0,0 0,0 0,0 2,0 0,0 0,0 1,3
LEAF 14,1 0,0 0,0 0,0 0,0 0,0 2,0 0,0 0,0 5,3
LEAF 14,1 0,0 0,0 0,0 0,0 0,0 2,0 0,0 0,0 1,6
LEAF 14,1 0,0 0,0 0,0 0,0 0,0 4,0 0,0 0,0 1,0
LEAF 14,1 0,0 0,0 0,0 0,0 0,0 4,0 0,0 0,0 4,3
LEAF 14,1 0,0 0,0 0,0 0,0 0,0 0,1 0,0 0,0 3,5
LEAF 14,1 0,0 0,0 0,0 0,0 0,0 1,1 0,0 0,0 2,2
LEAF 14,1 0,0 0,0 0,0 0,0 0,0 1,1 0,0 0,0 6,2
LEAF 14,1 0,0 0,0 0,0 0,0 0,0 1,1 0,0 0,0 2,5
LEAF 14,1 0,0 0,0 0,0 0,0 0,0 2,1 0,0 0,0 0,3
LEAF 14,1 0,0 0,0 0,0 0,0 0,0 3,1 0,0 0,0 0,2
LEAF 14,1 0,0 0,0 0,0 0,0 0,0 3,1 0,0 0,0 5,2
LEAF 14,1 0,0 0,0 0,0 0,0 0,0 0,2 0,0 0,0 3,1
LEAF 14,1 0,0 0,0 0,0 0,0 0,0 0,2 0,0 0,0 7,1
LEAF 14,1 0,0 0,0 0,0 0,0 0,0 0,2 0,0 0,0 3,4
LEAF 14,1 0,0 0,0 0,0 0,0 0,0 1,2 0,0 0,0 1,2
LEAF 14,1 0,0 0,0 0,0 0,0 0,0 2,2 0,0 0,0 0,0
LEAF 14,1 0,0 0,0 0,0 0,0 0,0 2,2 0,0 0,0 1,1
LEAF 14,1 0,0 0,0 0,0 0,0 0,0 2,2 0,0 0,0 6,1
LEAF 14,1 0,0 0,0 0,0 0,0 0,0 3,2 0,0 0,0 0,0
LEAF 14,1 0,0 0,0 0,0 0,0 0,0 0,3 0,0 0,0 2,1
LEAF 14,1 0,0 0,0 0,0 0,0 0,0 1,3 0,0 0,0 2,0
LEAF 14,1 0,0 0,0 0,0 0,0 0,0 1,3 0,0 0,0 7,0
LEAF 14,1 0,0 0,0 1,0 0,0 0,0 0,0 0,0 0,0 4,0
LEAF 14,1 0,0 0,0 1,0 0,0 0,0 0,0 0,0 0,0 8,0
LEAF 14,1 0,0 0,0 1,0 0,0 0,0 0,0 0,0 0,0 2,6
LEAF 14,1 0,0 0,0 1,0 0,0 0,0 1,0 0,0 0,0 0,4
LEAF 14,1 0,0 0,0 1,0 0,0 0,0 1,0 0,0 0,0 4,4
LEAF 14,1 0,0 0,0 1,0 0,0 0,0 2,0 0,0 0,0 3,1
LEAF 14,1 0,0 0,0 1,0 0,0 0,0 2,0 0,0 0,0 7,1
LEAF 14,1 0,0 0,0 1,0 0,0 0,0 3,0 0,0 0,0 1,2
LEAF 14,1 0,0 0,0 1,0 0,0 0,0 4,0 0,0 0,0 0,0
LEAF 14,1 0,0 0,0 1,0 0,0 0,0 4,0 0,0 0,0 1,1
LEAF 14,1 0,0 0,0 1,0 0,0 0,0 4,0 0,0 0,0 6,1
LEAF 14,1 0,0 0,0 1,0 0,0 0,0 5,0 0,0 0,0 3,3
LEAF 14,1 0,0 0,0 1,0 0,0 0,0 6,0 0,0 0,0 2,3
LEAF 14,1 0,0 0,0 1,0 0,0 0,0 0,1 0,0 0,0 1,3
LEAF 14,1 0,0 0,0 1,0 0,0 0,0 0,1 0,0 0,0 5,3
LEAF 14,1 0,0 0,0 1,0 0,0 0,0 1,1 0,0 0,0 4,0
LEAF 14,1 0,0 0,0 1,0 0,0 0,0 1,1 0,0 0,0 8,0
LEAF 14,1 0,0 0,0 1,0 0,0 0,0 2,1 0,0 0,0 2,1
LEAF 14,1 0,0 0,0 1,0 0,0 0,0 3,1 0,0 0,0 2,0
LEAF 14,1 0,0 0,0 1,0 0,0 0,0 3,1 0,0 0,0 7,0
LEAF 14,1 0,0 0,0 1,0 0,0 0,0 4,1 0,0 0,0 4,2
LEAF 14,1 0,0 0,0 1,0 0,0 0,0 5,1 0,0 0,0 3,2
LEAF 14,1 0,0 0,0 1,0 0,0 0,0 1,2 0,0 0,0 3,0
LEAF 14,1 0,0 0,0 1,0 0,0 0,0 3,2 0,0 0,0 5,1
LEAF 14,1 0,0 0,0 1,0 0,0 0,0 4,2 0,0 0,0 4,1
LEAF 14,1 0,0 0,0 1,0 0,0 0,0 1,3 0,0 0,0 0,1
LEAF 14,1 0,0 0,0 1,0 0,0 0,0 2,3 0,0 0,0 6,0
LEAF 14,1 0,0 0,0 1,0 0,0 0,0 3,3 0,0 0,0 5,0
LEAF 14,1 0,0 0,0 1,0 0,0 0,0 0,4 0,0 0,0 1,0
LEAF 14,1 0,0 0,0 2,0 0,0 0,0 0,0 0,0 0,0 1,3
LEAF 14,1 0,0 0,0 2,0 0,0 0,0 0,0 0,0 0,0 5,3
LEAF 14,1 0,0 0,0 2,0 0,0 0,0 0,0 0,0 0,0 1,6
LEAF 14,1 0,0 0,0 2,0 0,0 0,0 1,0 0,0 0,0 3,1
LEAF 14,1 0,0 0,0 2,0 0,0 0,0 1,0 0,0 0,0 7,1
LEAF 14,1 0,0 0,0 2,0 0,0 0,0 2,0 0,0 0,0 0,3
LEAF 14,1 0,0 0,0 2,0 0,0 0,0 0,1 0,0 0,0 4,0
LEAF 14,1 0,0 0,0 2,0 0,0 0,0 0,1 0,0 0,0 8,0
LEAF 14,1 0,0 0,0 3,0 0,0 0,0 1,0 0,0 0,0 1,2
LEAF 14,1 0,0 0,0 3,0 0,0 0,0 0,1 0,0 0,0 2,1
LEAF 14,1 0,0 0,0 4,0 0,0 0,0 0,0 0,0 0,0 1,0
LEAF 14,1 0,0 0,0 4,0 0,0 0,0 0,0 0,0 0,0 4,3
LEAF 14,1 0,0 0,0 4,0 0,0 0,0 1,0 0,0 0,0 0,0
LEAF 14,1 0,0 0,0 4,0 0,0 0,0 1,0 0,0 0,0 1,1
LEAF 14,1 0,0 0,0 4,0 0,0 0,0 1,0 0,0 0,0 6,1
LEAF 14,1 0,0 0,0 4,0 0,0 0,0 0,1 0,0 0,0 2,0
LEAF 14,1 0,0 0,0 4,0 0,0 0,0 0,1 0,0 0,0 7,0
LEAF 14,1 0,0 0,0 5,0 0,0 0,0 1,0 0,0 0,0 3,3
LEAF 14,1 0,0 0,0 5,0 0,0 0,0 0,1 0,0 0,0 4,2
LEAF 14,1 0,0 0,0 6,0 0,0 0,0 1,0 0,0 0,0 2,3
LEAF 14,1 0,0 0,0 6,0 0,0 0,0 0,1 0,0 0,0 3,2
LEAF 14,1 0,0 0,0 0,1 0,0 0,0 0,0 0,0 0,0 3,5
LEAF 14,1 0,0 0,0 0,1 0,0 0,0 1,0 0,0 0,0 1,3
LEAF 14,1 0,0 0,0 0,1 0,0 0,0 1,0 0,0 0,0 5,3
LEAF 14,1 0,0 0,0 0,1 0,0 0,0 2,0 0,0 0,0 4,0
LEAF 14,1 0,0 0,0 0,1 0,0 0,0 2,0 0,0 0,0 8,0
LEAF 14,1 0,0 0,0 0,1 0,0 0,0 3,0 0,0 0,0 2,1
LEAF 14,1 0,0 0,0 0,1 0,0 0,0 4,0 0,0 0,0 2,0
LEAF 14,1 0,0 0,0 0,1 0,0 0,0 4,0 0,0 0,0 7,0
LEAF 14,1 0,0 0,0 0,1 0,0 0,0 5,0 0,0 0,0 4,2
LEAF 14,1 0,0 0,0 0,1 0,0 0,0 6,0 0,0 0,0 3,2
LEAF 14,1 0,0 0,0 0,1 0,0 0,0 0,1 0,0 0,0 2,2
LEAF 14,1 0,0 0,0 0,1 0,0 0,0 0,1 0,0 0,0 6,2
LEAF 14,1 0,0 0,0 0,1 0,0 0,0 2,1 0,0 0,0 3,0
LEAF 14,1 0,0 0,0 0,1 0,0 0,0 4,1 0,0 0,0 5,1
LEAF 14,1 0,0 0,0 0,1 0,0 0,0 5,1 0,0 0,0 4,1
LEAF 14,1 0,0 0,0 0,1 0,0 0,0 0,2 0,0 0,0 0,3
LEAF 14,1 0,0 0,0 0,1 0,0 0,0 2,2 0,0 0,0 0,1
LEAF 14,1 0,0 0,0 0,1 0,0 0,0 3,2 0,0 0,0 6,0
LEAF 14,1 0,0 0,0 0,1 0,0 0,0 4,2 0,0 0,0 5,0
LEAF 14,1 0,0 0,0 0,1 0,0 0,0 0,3 0,0 0,0 0,2
LEAF 14,1 0,0 0,0 0,1 0,0 0,0 1,3 0,0 0,0 1,0
LEAF 14,1 0,0 0,0 1,1 0,0 0,0 0,0 0,0 0,0 2,2
LEAF 14,1 0,0 0,0 1,1 0,0 0,0 0,0 0,0 0,0 6,2
LEAF 14,1 0,0 0,0 1,1 0,0 0,0 0,0 0,0 0,0 2,5
LEAF 14,1 0,0 0,0 1,1 0,0 0,0 1,0 0,0 0,0 4,0
LEAF 14,1 0,0 0,0 1,1 0,0 0,0 1,0 0,0 0,0 8,0
LEAF 14,1 0,0 0,0 2,1 0,0 0,0 0,0 0,0 0,0 0,3
LEAF 14,1 0,0 0,0 2,1 0,0 0,0 1,0 0,0 0,0 2,1
LEAF 14,1 0,0 0,0 2,1 0,0 0,0 0,1 0,0 0,0 3,0
LEAF 14,1 0,0 0,0 3,1 0,0 0,0 0,0 0,0 0,0 0,2
LEAF 14,1 0,0 0,0 3,1 0,0 0,0 0,0 0,0 0,0 5,2
LEAF 14,1 0,0 0,0 3,1 0,0 0,0 1,0 0,0 0,0 2,0
LEAF 14,1 0,0 0,0 3,1 0,0 0,0 1,0 0,0 0,0 7,0
LEAF 14,1 0,0 0,0 4,1 0,0 0,0 1,0 0,0 0,0 4,2
LEAF 14,1 0,0 0,0 4,1 0,0 0,0 0,1 0,0 0,0 5,1
LEAF 14,1 0,0 0,0 5,1 0,0 0,0 1,0 0,0 0,0 3,2
LEAF 14,1 0,0 0,0 5,1 0,0 0,0 0,1 0,0 0,0 4,1
LEAF 14,1 0,0 0,0 0,2 0,0 0,0 0,0 0,0 0,0 3,1
LEAF 14,1 0,0 0,0 0,2 0,0 0,0 0,0 0,0 0,0 7,1
LEAF 14,1 0,0 0,0 0,2 0,0 0,0 0,0 0,0 0,0 3,4
LEAF 14,1 0,0 0,0 0,2 0,0 0,0 0,1 0,0 0,0 0,3
LEAF 14,1 0,0 0,0 1,2 0,0 0,0 0,0 0,0 0,0 1,2
LEAF 14,1 0,0 0,0 1,2 0,0 0,0 1,0 0,0 0,0 3,0
LEAF 14,1 0,0 0,0 2,2 0,0 0,0 0,0 0,0 0,0 0,0
LEAF 14,1 0,0 0,0 2,2 0,0 0,0 0,0 0,0 0,0 1,1
LEAF 14,1 0,0 0,0 2,2 0,0 0,0 0,0 0,0 0,0 6,1
LEAF 14,1 0,0 0,0 2,2 0,0 0,0 0,1 0,0 0,0 0,1
LEAF 14,1 0,0 0,0 3,2 0,0 0,0 0,0 0,0 0,0 0,0
LEAF 14,1 0,0 0,0 3,2 0,0 0,0 1,0 0,0 0,0 5,1
LEAF 14,1 0,0 0,0 3,2 0,0 0,0 0,1 0,0 0,0 6,0
LEAF 14,1 0,0 0,0 4,2 0,0 0,0 1,0 0,0 0,0 4,1
LEAF 14,1 0,0 0,0 4,2 0,0 0,0 0,1 0,0 0,0 5,0
LEAF 14,1 0,0 0,0 0,3 0,0 0,0 0,0 0,0 0,0 2,1
LEAF 14,1 0,0 0,0 0,3 0,0 0,0 0,1 0,0 0,0 0,2
LEAF 14,1 0,0 0,0 1,3 0,0 0,0 0,0 0,0 0,0 2,0
LEAF 14,1 0,0 0,0 1,3 0,0 0,0 0,0 0,0 0,0 7,0
LEAF 14,1 0,0 0,0 1,3 0,0 0,0 1,0 0,0 0,0 0,1
LEAF 14,1 0,0 0,0 1,3 0,0 0,0 0,1 0,0 0,0 1,0
LEAF 14,1 0,0 0,0 2,3 0,0 0,0 1,0 0,0 0,0 6,0
LEAF 14,1 0,0 0,0 3,3 0,0 0,0 1,0 0,0 0,0 5,0
LEAF 14,1 0,0 0,0 0,4 0,0 0,0 1,0 0,0 0,0 1,0
LEAF 15,1 0,0 0,0 0,0 0,0 0,0 0,0 0,0 0,0 4,2
LEAF 15,1 0,0 0,0 0,0 0,0 0,0 1,0 0,0 0,0 6,0
LEAF 15,1 0,0 0,0 0,0 0,0 0,0 1,0 0,0 0,0 0,6
LEAF 15,1 0,0 0,0 0,0 0,0 0,0 2,0 0,0 0,0 3,3
LEAF 15,1 0,0 0,0 0,0 0,0 0,0 2,0 0,0 0,0 1,4
LEAF 15,1 0,0 0,0 0,0 0,0 0,0 3,0 0,0 0,0 5,0
LEAF 15,1 0,0 0,0 0,0 0,0 0,0 4,0 0,0 0,0 3,1
LEAF 15,1 0,0 0,0 0,0 0,0 0,0 5,0 0,0 0,0 3,0
LEAF 15,1 0,0 0,0 0,0 0,0 0,0 6,0 0,0 0,0 1,0
LEAF 15,1 0,0 0,0 0,0 0,0 0,0 0,1 0,0 0,0 1,5
LEAF 15,1 0,0 0,0 0,0 0,0 0,0 1,1 0,0 0,0 4,2
LEAF 15,1 0,0 0,0 0,0 0,0 0,0 1,1 0,0 0,0 2,3
LEAF 15,1 0,0 0,0 0,0 0,0 0,0 2,1 0,0 0,0 0,5
LEAF 15,1 0,0 0,0 0,0 0,0 0,0 3,1 0,0 0,0 4,0
LEAF 15,1 0,0 0,0 0,0 0,0 0,0 5,1 0,0 0,0 0,2
LEAF 15,1 0,0 0,0 0,0 0,0 0,0 0,2 0,0 0,0 5,1
LEAF 15,1 0,0 0,0 0,0 0,0 0,0 0,2 0,0 0,0 3,2
LEAF 15,1 0,0 0,0 0,0 0,0 0,0 1,2 0,0 0,0 0,4
LEAF 15,1 0,0 0,0 0,0 0,0 0,0 1,2 0,0 0,0 1,4
LEAF 15,1 0,0 0,0 0,0 0,0 0,0 3,2 0,0 0,0 0,2
LEAF 15,1 0,0 0,0 0,0 0,0 0,0 4,2 0,0 0,0 0,0
LEAF 15,1 0,0 0,0 0,0 0,0 0,0 4,2 0,0 0,0 1,1
LEAF 15,1 0,0 0,0 0,0 0,0 0,0 0,3 0,0 0,0 1,3
LEAF 15,1 0,0 0,0 0,0 0,0 0,0 0,3 0,0 0,0 2,3
LEAF 15,1 0,0 0,0 0,0 0,0 0,0 1,3 0,0 0,0 0,3
LEAF 15,1 0,0 0,0 0,0 0,0 0,0 2,3 0,0 0,0 1,1
LEAF 15,1 0,0 0,0 0,0 0,0 0,0 2,3 0,0 0,0 0,3
LEAF 15,1 0,0 0,0 0,0 0,0 0,0 3,3 0,0 0,0 2,0
LEAF 15,1 0,0 0,0 0,0 0,0 0,0 0,4 0,0 0,0 1,2
LEAF 15,1 0,0 0,0 0,0 0,0 0,0 1,4 0,0 0,0 2,0
LEAF 15,1 0,0 0,0 0,0 0,0 0,0 1,4 0,0 0,0 1,2
LEAF 15,1 0,0 0,0 0,0 0,0 0,0 0,5 0,0 0,0 2,1
LEAF 15,1 0,0 0,0 0,0 0,0 0,0 1,5 0,0 0,0 0,1
LEAF 15,1 0,0 0,0 1,0 0,0 0,0 0,0 0,0 0,0 6,0
LEAF 15,1 0,0 0,0 1,0 0,0 0,0 0,0 0,0 0,0 0,6
LEAF 15,1 0,0 0,0 1,0 0,0 0,0 1,0 0,0 0,0 2,4
LEAF 15,1 0,0 0,0 1,0 0,0 0,0 1,0 0,0 0,0 0,5
LEAF 15,1 0,0 0,0 1,0 0,0 0,0 2,0 0,0 0,0 3,2
LEAF 15,1 0,0 0,0 1,0 0,0 0,0 3,0 0,0 0,0 0,4
LEAF 15,1 0,0 0,0 1,0 0,0 0,0 3,0 0,0 0,0 1,4
LEAF 15,1 0,0 0,0 1,0 0,0 0,0 5,0 0,0 0,0 0,2
LEAF 15,1 0,0 0,0 1,0 0,0 0,0 6,0 0,0 0,0 0,0
LEAF 15,1 0,0 0,0 1,0 0,0 0,0 0,1 0,0 0,0 3,3
LEAF 15,1 0,0 0,0 1,0 0,0 0,0 0,1 0,0 0,0 1,4
LEAF 15,1 0,0 0,0 1,0 0,0 0,0 1,1 0,0 0,0 4,1
LEAF 15,1 0,0 0,0 1,0 0,0 0,0 2,1 0,0 0,0 1,3
LEAF 15,1 0,0 0,0 1,0 0,0 0,0 2,1 0,0 0,0 2,3
LEAF 15,1 0,0 0,0 1,0 0,0 0,0 3,1 0,0 0,0 0,3
LEAF 15,1 0,0 0,0 1,0 0,0 0,0 3,1 0,0 0,0 0,4
LEAF 15,1 0,0 0,0 1,0 0,0 0,0 4,1 0,0 0,0 1,1
LEAF 15,1 0,0 0,0 1,0 0,0 0,0 4,1 0,0 0,0 0,3
LEAF 15,1 0,0 0,0 1,0 0,0 0,0 0,2 0,0 0,0 5,0
LEAF 15,1 0,0 0,0 1,0 0,0 0,0 1,2 0,0 0,0 2,2
LEAF 15,1 0,0 0,0 1,0 0,0 0,0 1,2 0,0 0,0 3,2
LEAF 15,1 0,0 0,0 1,0 0,0 0,0 2,2 0,0 0,0 1,2
LEAF 15,1 0,0 0,0 1,0 0,0 0,0 2,2 0,0 0,0 1,3
LEAF 15,1 0,0 0,0 1,0 0,0 0,0 3,2 0,0 0,0 2,0
LEAF 15,1 0,0 0,0 1,0 0,0 0,0 3,2 0,0 0,0 1,2
LEAF 15,1 0,0 0,0 1,0 0,0 0,0 0,3 0,0 0,0 3,1
LEAF 15,1 0,0 0,0 1,0 0,0 0,0 0,3 0,0 0,0 4,1
LEAF 15,1 0,0 0,0 1,0 0,0 0,0 1,3 0,0 0,0 2,1
LEAF 15,1 0,0 0,0 1,0 0,0 0,0 1,3 0,0 0,0 2,2
LEAF 15,1 0,0 0,0 1,0 0,0 0,0 2,3 0,0 0,0 2,1
LEAF 15,1 0,0 0,0 1,0 0,0 0,0 3,3 0,0 0,0 0,1
LEAF 15,1 0,0 0,0 1,0 0,0 0,0 0,4 0,0 0,0 3,0
LEAF 15,1 0,0 0,0 1,0 0,0 0,0 0,4 0,0 0,0 3,1
LEAF 15,1 0,0 0,0 1,0 0,0 0,0 1,4 0,0 0,0 3,0
LEAF 15,1 0,0 0,0 1,0 0,0 0,0 1,4 0,0 0,0 0,1
LEAF 15,1 0,0 0,0 1,0 0,0 0,0 2,4 0,0 0,0 1,0
LEAF 15,1 0,0 0,0 1,0 0,0 0,0 0,5 0,0 0,0 1,0
LEAF 15,1 0,0 0,0 2,0 0,0 0,0 0,0 0,0 0,0 3,3
LEAF 15,1 0,0 0,0 2,0 0,0 0,0 0,0 0,0 0,0 1,4
LEAF 15,1 0,0 0,0 2,0 0,0 0,0 1,0 0,0 0,0 3,2
LEAF 15,1 0,0 0,0 2,0 0,0 0,0 2,0 0,0 0,0 0,5
LEAF 15,1 0,0 0,0 2,0 0,0 0,0 0,1 0,0 0,0 4,1
LEAF 15,1 0,0 0,0 3,0 0,0 0,0 0,0 0,0 0,0 5,0
LEAF 15,1 0,0 0,0 3,0 0,0 0,0 1,0 0,0 0,0 0,4
LEAF 15,1 0,0 0,0 3,0 0,0 0,0 1,0 0,0 0,0 1,4
LEAF 15,1 0,0 0,0 3,0 0,0 0,0 0,1 0,0 0,0 1,3
LEAF 15,1 0,0 0,0 3,0 0,0 0,0 0,1 0,0 0,0 2,3
LEAF 15,1 0,0 0,0 4,0 0,0 0,0 0,0 0,0 0,0 3,1
LEAF 15,1 0,0 0,0 4,0 0,0 0,0 0,1 0,0 0,0 0,3
LEAF 15,1 0,0 0,0 4,0 0,0 0,0 0,1 0,0 0,0 0,4
LEAF 15,1 0,0 0,0 5,0 0,0 0,0 0,0 0,0 0,0 3,0
LEAF 15,1 0,0 0,0 5,0 0,0 0,0 1,0 0,0 0,0 0,2
LEAF 15,1 0,0 0,0 5,0 0,0 0,0 0,1 0,0 0,0 1,1
LEAF 15,1 0,0 0,0 5,0 0,0 0,0 0,1 0,0 0,0 0,3
LEAF 15,1 0,0 0,0 6,0 0,0 0,0 0,0 0,0 0,0 1,0
LEAF 15,1 0,0 0,0 6,0 0,0 0,0 1,0 0,0 0,0 0,0
LEAF 15,1 0,0 0,0 0,1 0,0 0,0 0,0 0,0 0,0 1,5
LEAF 15,1 0,0 0,0 0,1 0,0 0,0 1,0 0,0 0,0 3,3
LEAF 15,1 0,0 0,0 0,1 0,0 0,0 1,0 0,0 0,0 1,4
LEAF 15,1 0,0 0,0 0,1 0,0 0,0 2,0 0,0 0,0 4,1
LEAF 15,1 0,0 0,0 0,1 0,0 0,0 3,0 0,0 0,0 1,3
LEAF 15,1 0,0 0,0 0,1 0,0 0,0 3,0 0,0 0,0 2,3
LEAF 15,1 0,0 0,0 0,1 0,0 0,0 4,0 0,0 0,0 0,3
LEAF 15,1 0,0 0,0 0,1 0,0 0,0 4,0 0,0 0,0 0,4
LEAF 15,1 0,0 0,0 0,1 0,0 0,0 5,0 0,0 0,0 1,1
LEAF 15,1 0,0 0,0 0,1 0,0 0,0 5,0 0,0 0,0 0,3
LEAF 15,1 0,0 0,0 0,1 0,0 0,0 0,1 0,0 0,0 4,2
LEAF 15,1 0,0 0,0 0,1 0,0 0,0 0,1 0,0 0,0 2,3
LEAF 15,1 0,0 0,0 0,1 0,0 0,0 1,1 0,0 0,0 5,0
LEAF 15,1 0,0 0,0 0,1 0,0 0,0 2,1 0,0 0,0 2,2
LEAF 15,1 0,0 0,0 0,1 0,0 0,0 2,1 0,0 0,0 3,2
LEAF 15,1 0,0 0,0 0,1 0,0 0,0 3,1 0,0 0,0 1,2
LEAF 15,1 0,0 0,0 0,1 0,0 0,0 3,1 0,0 0,0 1,3
LEAF 15,1 0,0 0,0 0,1 0,0 0,0 4,1 0,0 0,0 2,0
LEAF 15,1 0,0 0,0 0,1 0,0 0,0 4,1 0,0 0,0 1,2
LEAF 15,1 0,0 0,0 0,1 0,0 0,0 1,2 0,0 0,0 3,1
LEAF 15,1 0,0 0,0 0,1 0,0 0,0 1,2 0,0 0,0 4,1
LEAF 15,1 0,0 0,0 0,1 0,0 0,0 2,2 0,0 0,0 2,1
LEAF 15,1 0,0 0,0 0,1 0,0 0,0 2,2 0,0 0,0 2,2
LEAF 15,1 0,0 0,0 0,1 0,0 0,0 3,2 0,0 0,0 2,1
LEAF 15,1 0,0 0,0 0,1 0,0 0,0 4,2 0,0 0,0 0,1
LEAF 15,1 0,0 0,0 0,1 0,0 0,0 0,3 0,0 0,0 4,0
LEAF 15,1 0,0 0,0 0,1 0,0 0,0 0,3 0,0 0,0 5,0
LEAF 15,1 0,0 0,0 0,1 0,0 0,0 1,3 0,0 0,0 3,0
LEAF 15,1 0,0 0,0 0,1 0,0 0,0 1,3 0,0 0,0 3,1
LEAF 15,1 0,0 0,0 0,1 0,0 0,0 2,3 0,0 0,0 3,0
LEAF 15,1 0,0 0,0 0,1 0,0 0,0 2,3 0,0 0,0 0,1
LEAF 15,1 0,0 0,0 0,1 0,0 0,0 3,3 0,0 0,0 1,0
LEAF 15,1 0,0 0,0 0,1 0,0 0,0 0,4 0,0 0,0 4,0
LEAF 15,1 0,0 0,0 0,1 0,0 0,0 1,4 0,0 0,0 1,0
LEAF 15,1 0,0 0,0 0,1 0,0 0,0 1,5 0,0 0,0 0,0
LEAF 15,1 0,0 0,0 1,1 0,0 0,0 0,0 0,0 0,0 4,2
LEAF 15,1 0,0 0,0 1,1 0,0 0,0 0,0 0,0 0,0 2,3
LEAF 15,1 0,0 0,0 1,1 0,0 0,0 1,0 0,0 0,0 4,1
LEAF 15,1 0,0 0,0 1,1 0,0 0,0 0,1 0,0 0,0 5,0
LEAF 15,1 0,0 0,0 2,1 0,0 0,0 0,0 0,0 0,0 0,5
LEAF 15,1 0,0 0,0 2,1 0,0 0,0 1,0 0,0 0,0 1,3
LEAF 15,1 0,0 0,0 2,1 0,0 0,0 1,0 0,0 0,0 2,3
LEAF 15,1 0,0 0,0 2,1 0,0 0,0 0,1 0,0 0,0 2,2
LEAF 15,1 0,0 0,0 2,1 0,0 0,0 0,1 0,0 0,0 3,2
LEAF 15,1 0,0 0,0 3,1 0,0 0,0 0,0 0,0 0,0 4,0
LEAF 15,1 0,0 0,0 3,1 0,0 0,0 1,0 0,0 0,0 0,3
LEAF 15,1 0,0 0,0 3,1 0,0 0,0 1,0 0,0 0,0 0,4
LEAF 15,1 0,0 0,0 3,1 0,0 0,0 0,1 0,0 0,0 1,2
LEAF 15,1 0,0 0,0 3,1 0,0 0,0 0,1 0,0 0,0 1,3
LEAF 15,1 0,0 0,0 4,1 0,0 0,0 1,0 0,0 0,0 1,1
LEAF 15,1 0,0 0,0 4,1 0,0 0,0 1,0 0,0 0,0 0,3
LEAF 15,1 0,0 0,0 4,1 0,0 0,0 0,1 0,0 0,0 2,0
LEAF 15,1 0,0 0,0 4,1 0,0 0,0 0,1 0,0 0,0 1,2
LEAF 15,1 0,0 0,0 5,1 0,0 0,0 0,0 0,0 0,0 0,2
LEAF 15,1 0,0 0,0 0,2 0,0 0,0 0,0 0,0 0,0 5,1
LEAF 15,1 0,0 0,0 0,2 0,0 0,0 0,0 0,0 0,0 3,2
LEAF 15,1 0,0 0,0 0,2 0,0 0,0 1,0 0,0 0,0 5,0
LEAF 15,1 0,0 0,0 1,2 0,0 0,0 0,0 0,0 0,0 0,4
LEAF 15,1 0,0 0,0 1,2 0,0 0,0 0,0 0,0 0,0 1,4
LEAF 15,1 0,0 0,0 1,2 0,0 0,0 1,0 0,0 0,0 2,2
LEAF 15,1 0,0 0,0 1,2 0,0 0,0 1,0 0,0 0,0 3,2
LEAF 15,1 0,0 0,0 1,2 0,0 0,0 0,1 0,0 0,0 3,1
LEAF 15,1 0,0 0,0 1,2 0,0 0,0 0,1 0,0 0,0 4,1
LEAF 15,1 0,0 0,0 2,2 0,0 0,0 1,0 0,0 0,0 1,2
LEAF 15,1 0,0 0,0 2,2 0,0 0,0 1,0 0,0 0,0 1,3
LEAF 15,1 0,0 0,0 2,2 0,0 0,0 0,1 0,0 0,0 2,1
LEAF 15,1 0,0 0,0 2,2 0,0 0,0 0,1 0,0 0,0 2,2
LEAF 15,1 0,0 0,0 3,2 0,0 0,0 0,0 0,0 0,0 0,2
LEAF 1