LEAF 4,3 0,0 0,0 0,0 0,0 0,0 0,0 0,0 0,0 0,0
LEAF 9,3 0,0 0,0 0,0 0,0 0,0 0,0 0,0 1,0 9,3
LEAF 9,3 0,0 0,0 0,0 0,0 0,0 0,0 1,0 0,0 9,3
LEAF 9,3 0,0 0,0 0,0 0,0 0,0 1,0 0,0 0,0 9,3
LEAF 9,3 0,0 0,0 0,0 0,0 1,0 0,0 0,0 0,0 9,3
LEAF 9,3 0,0 0,0 0,0 1,0 0,0 0,0 0,0 0,0 9,3
LEAF 9,3 0,0 0,0 1,0 0,0 0,0 0,0 0,0 0,0 9,3
LEAF 9,3 0,0 1,0 0,0 0,0 0,0 0,0 0,0 0,0 9,3
LEAF 9,3 1,0 0,0 0,0 0,0 0,0 0,0 0,0 0,0 9,3
LEAF 10,3 0,0 0,0 0,0 0,0 0,0 0,0 0,0 0,0 7,4
LEAF 10,3 0,0 0,0 0,0 0,0 0,0 0,0 0,0 0,0 1,7
LEAF 10,3 0,0 0,0 0,0 0,0 0,0 0,0 0,0 1,0 9,2
LEAF 10,3 0,0 0,0 0,0 0,0 0,0 0,0 0,0 1,0 3,5
LEAF 10,3 0,0 0,0 0,0 0,0 0,0 0,0 0,0 2,0 6,2
LEAF 10,3 0,0 0,0 0,0 0,0 0,0 0,0 0,0 6,0 9,0
LEAF 10,3 0,0 0,0 0,0 0,0 0,0 0,0 0,0 0,1 10,1
LEAF 10,3 0,0 0,0 0,0 0,0 0,0 0,0 0,0 0,1 4,4
LEAF 10,3 0,0 0,0 0,0 0,0 0,0 0,0 0,0 1,1 7,1
LEAF 10,3 0,0 0,0 0,0 0,0 0,0 0,0 0,0 0,2 8,0
LEAF 10,3 0,0 0,0 0,0 0,0 0,0 0,0 1,0 0,0 9,2
LEAF 10,3 0,0 0,0 0,0 0,0 0,0 0,0 1,0 0,0 3,5
LEAF 10,3 0,0 0,0 0,0 0,0 0,0 0,0 1,0 1,0 5,3
LEAF 10,3 0,0 0,0 0,0 0,0 0,0 0,0 1,0 4,0 10,0
LEAF 10,3 0,0 0,0 0,0 0,0 0,0 0,0 1,0 0,1 6,2
LEAF 10,3 0,0 0,0 0,0 0,0 0,0 0,0 2,0 0,0 6,2
LEAF 10,3 0,0 0,0 0,0 0,0 0,0 0,0 4,0 1,0 10,0
LEAF 10,3 0,0 0,0 0,0 0,0 0,0 0,0 6,0 0,0 9,0
LEAF 10,3 0,0 0,0 0,0 0,0 0,0 0,0 0,1 0,0 10,1
LEAF 10,3 0,0 0,0 0,0 0,0 0,0 0,0 0,1 0,0 4,4
LEAF 10,3 0,0 0,0 0,0 0,0 0,0 0,0 0,1 1,0 6,2
LEAF 10,3 0,0 0,0 0,0 0,0 0,0 0,0 1,1 0,0 7,1
LEAF 10,3 0,0 0,0 0,0 0,0 0,0 0,0 0,2 0,0 8,0
LEAF 10,3 0,0 0,0 0,0 0,0 0,0 1,0 0,0 0,0 9,2
LEAF 10,3 0,0 0,0 0,0 0,0 0,0 1,0 0,0 0,0 3,5
LEAF 10,3 0,0 0,0 0,0 0,0 0,0 1,0 0,0 1,0 5,3
LEAF 10,3 0,0 0,0 0,0 0,0 0,0 1,0 0,0 4,0 10,0
LEAF 10,3 0,0 0,0 0,0 0,0 0,0 1,0 0,0 0,1 6,2
LEAF 10,3 0,0 0,0 0,0 0,0 0,0 1,0 1,0 0,0 5,3
LEAF 10,3 0,0 0,0 0,0 0,0 0,0 1,0 4,0 0,0 10,0
LEAF 10,3 0,0 0,0 0,0 0,0 0,0 1,0 0,1 0,0 6,2
LEAF 10,3 0,0 0,0 0,0 0,0 0,0 2,0 0,0 0,0 6,2
LEAF 10,3 0,0 0,0 0,0 0,0 0,0 4,0 0,0 1,0 10,0
LEAF 10,3 0,0 0,0 0,0 0,0 0,0 4,0 1,0 0,0 10,0
LEAF 10,3 0,0 0,0 0,0 0,0 0,0 6,0 0,0 0,0 9,0
LEAF 10,3 0,0 0,0 0,0 0,0 0,0 0,1 0,0 0,0 10,1
LEAF 10,3 0,0 0,0 0,0 0,0 0,0 0,1 0,0 0,0 4,4
LEAF 10,3 0,0 0,0 0,0 0,0 0,0 0,1 0,0 1,0 6,2
LEAF 10,3 0,0 0,0 0,0 0,0 0,0 0,1 0,0 0,1 7,1
LEAF 10,3 0,0 0,0 0,0 0,0 0,0 0,1 1,0 0,0 6,2
LEAF 10,3 0,0 0,0 0,0 0,0 0,0 0,1 0,1 0,0 7,1
LEAF 10,3 0,0 0,0 0,0 0,0 0,0 1,1 0,0 0,0 7,1
LEAF 10,3 0,0 0,0 0,0 0,0 0,0 0,2 0,0 0,0 8,0
LEAF 10,3 0,0 0,0 0,0 0,0 1,0 0,0 0,0 0,0 9,2
LEAF 10,3 0,0 0,0 0,0 0,0 1,0 0,0 0,0 0,0 3,5
LEAF 10,3 0,0 0,0 0,0 0,0 1,0 0,0 0,0 1,0 5,3
LEAF 10,3 0,0 0,0 0,0 0,0 1,0 0,0 0,0 4,0 10,0
LEAF 10,3 0,0 0,0 0,0 0,0 1,0 0,0 0,0 0,1 6,2
LEAF 10,3 0,0 0,0 0,0 0,0 1,0 0,0 1,0 0,0 5,3
LEAF 10,3 0,0 0,0 0,0 0,0 1,0 0,0 4,0 0,0 10,0
LEAF 10,3 0,0 0,0 0,0 0,0 1,0 0,0 0,1 0,0 6,2
LEAF 10,3 0,0 0,0 0,0 0,0 1,0 1,0 0,0 0,0 5,3
LEAF 10,3 0,0 0,0 0,0 0,0 1,0 4,0 0,0 0,0 10,0
LEAF 10,3 0,0 0,0 0,0 0,0 1,0 0,1 0,0 0,0 6,2
LEAF 10,3 0,0 0,0 0,0 0,0 2,0 0,0 0,0 0,0 6,2
LEAF 10,3 0,0 0,0 0,0 0,0 4,0 0,0 0,0 1,0 10,0
LEAF 10,3 0,0 0,0 0,0 0,0 4,0 0,0 1,0 0,0 10,0
LEAF 10,3 0,0 0,0 0,0 0,0 4,0 1,0 0,0 0,0 10,0
LEAF 10,3 0,0 0,0 0,0 0,0 6,0 0,0 0,0 0,0 9,0
LEAF 10,3 0,0 0,0 0,0 0,0 0,1 0,0 0,0 0,0 10,1
LEAF 10,3 0,0 0,0 0,0 0,0 0,1 0,0 0,0 0,0 4,4
LEAF 10,3 0,0 0,0 0,0 0,0 0,1 0,0 0,0 1,0 6,2
LEAF 10,3 0,0 0,0 0,0 0,0 0,1 0,0 0,0 0,1 7,1
LEAF 10,3 0,0 0,0 0,0 0,0 0,1 0,0 1,0 0,0 6,2
LEAF 10,3 0,0 0,0 0,0 0,0 0,1 0,0 0,1 0,0 7,1
LEAF 10,3 0,0 0,0 0,0 0,0 0,1 1,0 0,0 0,0 6,2
LEAF 10,3 0,0 0,0 0,0 0,0 0,1 0,1 0,0 0,0 7,1
LEAF 10,3 0,0 0,0 0,0 0,0 1,1 0,0 0,0 0,0 7,1
LEAF 10,3 0,0 0,0 0,0 0,0 0,2 0,0 0,0 0,0 8,0
LEAF 10,3 0,0 0,0 0,0 1,0 0,0 0,0 0,0 0,0 9,2
LEAF 10,3 0,0 0,0 0,0 1,0 0,0 0,0 0,0 0,0 3,5
LEAF 10,3 0,0 0,0 0,0 1,0 0,0 0,0 0,0 1,0 5,3
LEAF 10,3 0,0 0,0 0,0 1,0 0,0 0,0 0,0 4,0 10,0
LEAF 10,3 0,0 0,0 0,0 1,0 0,0 0,0 0,0 0,1 6,2
LEAF 10,3 0,0 0,0 0,0 1,0 0,0 0,0 1,0 0,0 5,3
LEAF 10,3 0,0 0,0 0,0 1,0 0,0 0,0 4,0 0,0 10,0
LEAF 10,3 0,0 0,0 0,0 1,0 0,0 0,0 0,1 0,0 6,2
LEAF 10,3 0,0 0,0 0,0 1,0 0,0 1,0 0,0 0,0 5,3
LEAF 10,3 0,0 0,0 0,0 1,0 0,0 4,0 0,0 0,0 10,0
LEAF 10,3 0,0 0,0 0,0 1,0 0,0 0,1 0,0 0,0 6,2
LEAF 10,3 0,0 0,0 0,0 1,0 1,0 0,0 0,0 0,0 5,3
LEAF 10,3 0,0 0,0 0,0 1,0 4,0 0,0 0,0 0,0 10,0
LEAF 10,3 0,0 0,0 0,0 1,0 0,1 0,0 0,0 0,0 6,2
LEAF 10,3 0,0 0,0 0,0 2,0 0,0 0,0 0,0 0,0 6,2
LEAF 10,3 0,0 0,0 0,0 4,0 0,0 0,0 0,0 1,0 10,0
LEAF 10,3 0,0 0,0 0,0 4,0 0,0 0,0 1,0 0,0 10,0
LEAF 10,3 0,0 0,0 0,0 4,0 0,0 1,0 0,0 0,0 10,0
LEAF 10,3 0,0 0,0 0,0 4,0 1,0 0,0 0,0 0,0 10,0
LEAF 10,3 0,0 0,0 0,0 6,0 0,0 0,0 0,0 0,0 9,0
LEAF 10,3 0,0 0,0 0,0 0,1 0,0 0,0 0,0 0,0 10,1
LEAF 10,3 0,0 0,0 0,0 0,1 0,0 0,0 0,0 0,0 4,4
LEAF 10,3 0,0 0,0 0,0 0,1 0,0 0,0 0,0 1,0 6,2
LEAF 10,3 0,0 0,0 0,0 0,1 0,0 0,0 1,0 0,0 6,2
LEAF 10,3 0,0 0,0 0,0 0,1 0,0 0,0 0,1 0,0 7,1
LEAF 10,3 0,0 0,0 0,0 0,1 0,0 1,0 0,0 0,0 6,2
LEAF 10,3 0,0 0,0 0,0 0,1 0,0 0,1 0,0 0,0 7,1
LEAF 10,3 0,0 0,0 0,0 0,1 1,0 0,0 0,0 0,0 6,2
LEAF 10,3 0,0 0,0 0,0 1,1 0,0 0,0 0,0 0,0 7,1
LEAF 10,3 0,0 0,0 0,0 0,2 0,0 0,0 0,0 0,0 8,0
LEAF 10,3 0,0 0,0 1,0 0,0 0,0 0,0 0,0 0,0 9,2
LEAF 10,3 0,0 0,0 1,0 0,0 0,0 0,0 0,0 0,0 3,5
LEAF 10,3 0,0 0,0 1,0 0,0 0,0 0,0 0,0 1,0 5,3
LEAF 10,3 0,0 0,0 1,0 0,0 0,0 0,0 0,0 4,0 10,0
LEAF 10,3 0,0 0,0 1,0 0,0 0,0 0,0 0,0 0,1 6,2
LEAF 10,3 0,0 0,0 1,0 0,0 0,0 0,0 1,0 0,0 5,3
LEAF 10,3 0,0 0,0 1,0 0,0 0,0 0,0 4,0 0,0 10,0
LEAF 10,3 0,0 0,0 1,0 0,0 0,0 0,0 0,1 0,0 6,2
LEAF 10,3 0,0 0,0 1,0 0,0 0,0 1,0 0,0 0,0 5,3
LEAF 10,3 0,0 0,0 1,0 0,0 0,0 4,0 0,0 0,0 10,0
LEAF 10,3 0,0 0,0 1,0 0,0 0,0 0,1 0,0 0,0 6,2
LEAF 10,3 0,0 0,0 1,0 0,0 1,0 0,0 0,0 0,0 5,3
LEAF 10,3 0,0 0,0 1,0 0,0 4,0 0,0 0,0 0,0 10,0
LEAF 10,3 0,0 0,0 1,0 0,0 0,1 0,0 0,0 0,0 6,2
LEAF 10,3 0,0 0,0 1,0 1,0 0,0 0,0 0,0 0,0 5,3
LEAF 10,3 0,0 0,0 1,0 4,0 0,0 0,0 0,0 0,0 10,0
LEAF 10,3 0,0 0,0 1,0 0,1 0,0 0,0 0,0 0,0 6,2
LEAF 10,3 0,0 0,0 2,0 0,0 0,0 0,0 0,0 0,0 6,2
LEAF 10,3 0,0 0,0 4,0 0,0 0,0 0,0 0,0 1,0 10,0
LEAF 10,3 0,0 0,0 4,0 0,0 0,0 0,0 1,0 0,0 10,0
LEAF 10,3 0,0 0,0 4,0 0,0 0,0 1,0 0,0 0,0 10,0
LEAF 10,3 0,0 0,0 4,0 0,0 1,0 0,0 0,0 0,0 10,0
LEAF 10,3 0,0 0,0 4,0 1,0 0,0 0,0 0,0 0,0 10,0
LEAF 10,3 0,0 0,0 6,0 0,0 0,0 0,0 0,0 0,0 9,0
LEAF 10,3 0,0 0,0 0,1 0,0 0,0 0,0 0,0 0,0 10,1
LEAF 10,3 0,0 0,0 0,1 0,0 0,0 0,0 0,0 0,0 4,4
LEAF 10,3 0,0 0,0 0,1 0,0 0,0 0,0 0,0 1,0 6,2
LEAF 10,3 0,0 0,0 0,1 0,0 0,0 0,0 0,0 0,1 7,1
LEAF 10,3 0,0 0,0 0,1 0,0 0,0 0,0 1,0 0,0 6,2
LEAF 10,3 0,0 0,0 0,1 0,0 0,0 0,0 0,1 0,0 7,1
LEAF 10,3 0,0 0,0 0,1 0,0 0,0 1,0 0,0 0,0 6,2
LEAF 10,3 0,0 0,0 0,1 0,0 0,0 0,1 0,0 0,0 7,1
LEAF 10,3 0,0 0,0 0,1 0,0 1,0 0,0 0,0 0,0 6,2
LEAF 10,3 0,0 0,0 0,1 0,0 0,1 0,0 0,0 0,0 7,1
LEAF 10,3 0,0 0,0 0,1 1,0 0,0 0,0 0,0 0,0 6,2
LEAF 10,3 0,0 0,0 0,1 0,1 0,0 0,0 0,0 0,0 7,1
LEAF 10,3 0,0 0,0 1,1 0,0 0,0 0,0 0,0 0,0 7,1
LEAF 10,3 0,0 0,0 0,2 0,0 0,0 0,0 0,0 0,0 8,0
LEAF 10,3 0,0 1,0 0,0 0,0 0,0 0,0 0,0 0,0 9,2
LEAF 10,3 0,0 1,0 0,0 0,0 0,0 0,0 0,0 0,0 3,5
LEAF 10,3 0,0 1,0 0,0 0,0 0,0 0,0 0,0 1,0 5,3
LEAF 10,3 0,0 1,0 0,0 0,0 0,0 0,0 0,0 4,0 10,0
LEAF 10,3 0,0 1,0 0,0 0,0 0,0 0,0 0,0 0,1 6,2
LEAF 10,3 0,0 1,0 0,0 0,0 0,0 0,0 1,0 0,0 5,3
LEAF 10,3 0,0 1,0 0,0 0,0 0,0 0,0 4,0 0,0 10,0
LEAF 10,3 0,0 1,0 0,0 0,0 0,0 0,0 0,1 0,0 6,2
LEAF 10,3 0,0 1,0 0,0 0,0 0,0 1,0 0,0 0,0 5,3
LEAF 10,3 0,0 1,0 0,0 0,0 0,0 4,0 0,0 0,0 10,0
LEAF 10,3 0,0 1,0 0,0 0,0 0,0 0,1 0,0 0,0 6,2
LEAF 10,3 0,0 1,0 0,0 0,0 1,0 0,0 0,0 0,0 5,3
LEAF 10,3 0,0 1,0 0,0 0,0 4,0 0,0 0,0 0,0 10,0
LEAF 10,3 0,0 1,0 0,0 0,0 0,1 0,0 0,0 0,0 6,2
LEAF 10,3 0,0 1,0 0,0 1,0 0,0 0,0 0,0 0,0 5,3
LEAF 10,3 0,0 1,0 0,0 4,0 0,0 0,0 0,0 0,0 10,0
LEAF 10,3 0,0 1,0 0,0 0,1 0,0 0,0 0,0 0,0 6,2
LEAF 10,3 0,0 1,0 1,0 0,0 0,0 0,0 0,0 0,0 5,3
LEAF 10,3 0,0 1,0 4,0 0,0 0,0 0,0 0,0 0,0 10,0
LEAF 10,3 0,0 1,0 0,1 0,0 0,0 0,0 0,0 0,0 6,2
LEAF 10,3 0,0 2,0 0,0 0,0 0,0 0,0 0,0 0,0 6,2
LEAF 10,3 0,0 4,0 0,0 0,0 0,0 0,0 0,0 1,0 10,0
LEAF 10,3 0,0 4,0 0,0 0,0 0,0 0,0 1,0 0,0 10,0
LEAF 10,3 0,0 4,0 0,0 0,0 0,0 1,0 0,0 0,0 10,0
LEAF 10,3 0,0 4,0 0,0 0,0 1,0 0,0 0,0 0,0 10,0
LEAF 10,3 0,0 4,0 0,0 1,0 0,0 0,0 0,0 0,0 10,0
LEAF 10,3 0,0 4,0 1,0 0,0 0,0 0,0 0,0 0,0 10,0
LEAF 10,3 0,0 6,0 0,0 0,0 0,0 0,0 0,0 0,0 9,0
LEAF 10,3 0,0 0,1 0,0 0,0 0,0 0,0 0,0 0,0 10,1
LEAF 10,3 0,0 0,1 0,0 0,0 0,0 0,0 0,0 0,0 4,4
LEAF 10,3 0,0 0,1 0,0 0,0 0,0 0,0 0,0 1,0 6,2
LEAF 10,3 0,0 0,1 0,0 0,0 0,0 0,0 0,0 0,1 7,1
LEAF 10,3 0,0 0,1 0,0 0,0 0,0 0,0 1,0 0,0 6,2
LEAF 10,3 0,0 0,1 0,0 0,0 0,0 0,0 0,1 0,0 7,1
LEAF 10,3 0,0 0,1 0,0 0,0 0,0 1,0 0,0 0,0 6,2
LEAF 10,3 0,0 0,1 0,0 0,0 0,0 0,1 0,0 0,0 7,1
LEAF 10,3 0,0 0,1 0,0 0,0 1,0 0,0 0,0 0,0 6,2
LEAF 10,3 0,0 0,1 0,0 0,0 0,1 0,0 0,0 0,0 7,1
LEAF 10,3 0,0 0,1 0,0 1,0 0,0 0,0 0,0 0,0 6,2
LEAF 10,3 0,0 0,1 0,0 0,1 0,0 0,0 0,0 0,0 7,1
LEAF 10,3 0,0 0,1 1,0 0,0 0,0 0,0 0,0 0,0 6,2
LEAF 10,3 0,0 0,1 0,1 0,0 0,0 0,0 0,0 0,0 7,1
LEAF 10,3 0,0 1,1 0,0 0,0 0,0 0,0 0,0 0,0 7,1
LEAF 10,3 0,0 0,2 0,0 0,0 0,0 0,0 0,0 0,0 8,0
LEAF 10,3 1,0 0,0 0,0 0,0 0,0 0,0 0,0 0,0 9,2
LEAF 10,3 1,0 0,0 0,0 0,0 0,0 0,0 0,0 0,0 3,5
LEAF 10,3 1,0 0,0 0,0 0,0 0,0 0,0 0,0 1,0 5,3
LEAF 10,3 1,0 0,0 0,0 0,0 0,0 0,0 0,0 4,0 10,0
LEAF 10,3 1,0 0,0 0,0 0,0 0,0 0,0 0,0 0,1 6,2
LEAF 10,3 1,0 0,0 0,0 0,0 0,0 0,0 1,0 0,0 5,3
LEAF 10,3 1,0 0,0 0,0 0,0 0,0 0,0 4,0 0,0 10,0
LEAF 10,3 1,0 0,0 0,0 0,0 0,0 0,0 0,1 0,0 6,2
LEAF 10,3 1,0 0,0 0,0 0,0 0,0 1,0 0,0 0,0 5,3
LEAF 10,3 1,0 0,0 0,0 0,0 0,0 4,0 0,0 0,0 10,0
LEAF 10,3 1,0 0,0 0,0 0,0 0,0 0,1 0,0 0,0 6,2
LEAF 10,3 1,0 0,0 0,0 0,0 1,0 0,0 0,0 0,0 5,3
LEAF 10,3 1,0 0,0 0,0 0,0 4,0 0,0 0,0 0,0 10,0
LEAF 10,3 1,0 0,0 0,0 0,0 0,1 0,0 0,0 0,0 6,2
LEAF 10,3 1,0 0,0 0,0 1,0 0,0 0,0 0,0 0,0 5,3
LEAF 10,3 1,0 0,0 0,0 4,0 0,0 0,0 0,0 0,0 10,0
LEAF 10,3 1,0 0,0 0,0 0,1 0,0 0,0 0,0 0,0 6,2
LEAF 10,3 1,0 0,0 1,0 0,0 0,0 0,0 0,0 0,0 5,3
LEAF 10,3 1,0 0,0 4,0 0,0 0,0 0,0 0,0 0,0 10,0
LEAF 10,3 1,0 0,0 0,1 0,0 0,0 0,0 0,0 0,0 6,2
LEAF 10,3 1,0 1,0 0,0 0,0 0,0 0,0 0,0 0,0 5,3
LEAF 10,3 1,0 4,0 0,0 0,0 0,0 0,0 0,0 0,0 10,0
LEAF 10,3 1,0 0,1 0,0 0,0 0,0 0,0 0,0 0,0 6,2
LEAF 10,3 2,0 0,0 0,0 0,0 0,0 0,0 0,0 0,0 6,2
LEAF 10,3 4,0 0,0 0,0 0,0 0,0 0,0 0,0 1,0 10,0
LEAF 10,3 4,0 0,0 0,0 0,0 0,0 0,0 1,0 0,0 10,0
LEAF 10,3 4,0 0,0 0,0 0,0 0,0 1,0 0,0 0,0 10,0
LEAF 10,3 4,0 0,0 0,0 0,0 1,0 0,0 0,0 0,0 10,0
LEAF 10,3 4,0 0,0 0,0 1,0 0,0 0,0 0,0 0,0 10,0
LEAF 10,3 4,0 0,0 1,0 0,0 0,0 0,0 0,0 0,0 10,0
LEAF 10,3 4,0 1,0 0,0 0,0 0,0 0,0 0,0 0,0 10,0
LEAF 10,3 6,0 0,0 0,0 0,0 0,0 0,0 0,0 0,0 9,0
LEAF 10,3 8,0 0,0 0,0 0,0 0,0 0,0 0,0 0,0 0,2
LEAF 10,3 8,0 0,0 0,0 0,0 0,0 0,0 0,2 0,0 0,0
LEAF 10,3 8,0 0,0 0,0 0,0 0,0 0,2 0,0 0,0 0,0
LEAF 10,3 8,0 0,0 0,0 0,2 0,0 0,0 0,0 0,0 0,0
LEAF 10,3 8,0 0,0 0,2 0,0 0,0 0,0 0,0 0,0 0,0
LEAF 10,3 9,0 0,0 0,0 0,0 0,0 0,0 0,0 0,0 6,0
LEAF 10,3 9,0 0,0 0,0 0,0 0,0 0,0 6,0 0,0 0,0
LEAF 10,3 9,0 0,0 0,0 0,0 0,0 6,0 0,0 0,0 0,0
LEAF 10,3 9,0 0,0 0,0 6,0 0,0 0,0 0,0 0,0 0,0
LEAF 10,3 0,1 0,0 0,0 0,0 0,0 0,0 0,0 0,0 10,1
LEAF 10,3 0,1 0,0 0,0 0,0 0,0 0,0 0,0 0,0 4,4
LEAF 10,3 0,1 0,0 0,0 0,0 0,0 0,0 0,0 1,0 6,2
LEAF 10,3 0,1 0,0 0,0 0,0 0,0 0,0 1,0 0,0 6,2
LEAF 10,3 0,1 0,0 0,0 0,0 0,0 0,0 0,1 0,0 7,1
LEAF 10,3 0,1 0,0 0,0 0,0 0,0 1,0 0,0 0,0 6,2
LEAF 10,3 0,1 0,0 0,0 0,0 0,0 0,1 0,0 0,0 7,1
LEAF 10,3 0,1 0,0 0,0 0,0 1,0 0,0 0,0 0,0 6,2
LEAF 10,3 0,1 0,0 0,0 1,0 0,0 0,0 0,0 0,0 6,2
LEAF 10,3 0,1 0,0 0,0 0,1 0,0 0,0 0,0 0,0 7,1
LEAF 10,3 0,1 0,0 1,0 0,0 0,0 0,0 0,0 0,0 6,2
LEAF 10,3 0,1 0,0 0,1 0,0 0,0 0,0 0,0 0,0 7,1
LEAF 10,3 0,1 1,0 0,0 0,0 0,0 0,0 0,0 0,0 6,2
LEAF 10,3 1,1 0,0 0,0 0,0 0,0 0,0 0,0 0,0 7,1
LEAF 10,3 7,1 0,0 0,0 0,0 0,0 0,0 0,0 0,0 1,1
LEAF 10,3 7,1 0,0 0,0 0,0 0,0 0,0 0,1 0,0 0,1
LEAF 10,3 7,1 0,0 0,0 0,0 0,0 0,0 1,1 0,0 0,0
LEAF 10,3 7,1 0,0 0,0 0,0 0,0 0,1 0,0 0,0 0,1
LEAF 10,3 7,1 0,0 0,0 0,0 0,0 1,1 0,0 0,0 0,0
LEAF 10,3 7,1 0,0 0,0 0,1 0,0 0,0 0,0 0,0 0,1
LEAF 10,3 7,1 0,0 0,0 0,1 0,0 0,0 0,1 0,0 0,0
LEAF 10,3 7,1 0,0 0,0 0,1 0,0 0,1 0,0 0,0 0,0
LEAF 10,3 7,1 0,0 0,0 1,1 0,0 0,0 0,0 0,0 0,0
LEAF 10,3 7,1 0,0 0,1 0,0 0,0 0,0 0,0 0,0 0,1
LEAF 10,3 7,1 0,0 0,1 0,0 0,0 0,1 0,0 0,0 0,0
LEAF 10,3 7,1 0,0 1,1 0,0 0,0 0,0 0,0 0,0 0,0
LEAF 10,3 0,2 0,0 0,0 0,0 0,0 0,0 0,0 0,0 8,0
LEAF 10,3 6,2 0,0 0,0 0,0 0,0 0,0 0,0 0,0 2,0
LEAF 10,3 6,2 0,0 0,0 0,0 0,0 0,0 0,0 1,0 0,1
LEAF 10,3 6,2 0,0 0,0 0,0 0,0 0,0 1,0 0,0 0,1
LEAF 10,3 6,2 0,0 0,0 0,0 0,0 0,0 2,0 0,0 0,0
LEAF 10,3 6,2 0,0 0,0 0,0 0,0 0,0 0,1 0,0 1,0
LEAF 10,3 6,2 0,0 0,0 0,0 0,0 0,0 0,1 1,0 0,0
LEAF 10,3 6,2 0,0 0,0 0,0 0,0 1,0 0,0 0,0 0,1
LEAF 10,3 6,2 0,0 0,0 0,0 0,0 2,0 0,0 0,0 0,0
LEAF 10,3 6,2 0,0 0,0 0,0 0,0 0,1 0,0 0,0 1,0
LEAF 10,3 6,2 0,0 0,0 0,0 1,0 0,0 0,0 0,0 0,1
LEAF 10,3 6,2 0,0 0,0 0,0 1,0 0,1 0,0 0,0 0,0
LEAF 10,3 6,2 0,0 0,0 1,0 0,0 0,0 0,0 0,0 0,1
LEAF 10,3 6,2 0,0 0,0 1,0 0,0 0,0 0,1 0,0 0,0
LEAF 10,3 6,2 0,0 0,0 1,0 0,0 0,1 0,0 0,0 0,0
LEAF 10,3 6,2 0,0 0,0 2,0 0,0 0,0 0,0 0,0 0,0
LEAF 10,3 6,2 0,0 0,0 0,1 0,0 0,0 0,0 0,0 1,0
LEAF 10,3 6,2 0,0 0,0 0,1 0,0 0,0 0,0 1,0 0,0
LEAF 10,3 6,2 0,0 0,0 0,1 0,0 0,0 1,0 0,0 0,0
LEAF 10,3 6,2 0,0 0,0 0,1 0,0 1,0 0,0 0,0 0,0
LEAF 10,3 6,2 0,0 0,0 0,1 1,0 0,0 0,0 0,0 0,0
LEAF 10,3 6,2 0,0 1,0 0,0 0,0 0,0 0,0 0,0 0,1
LEAF 10,3 6,2 0,0 1,0 0,0 0,0 0,1 0,0 0,0 0,0
LEAF 10,3 6,2 0,0 2,0 0,0 0,0 0,0 0,0 0,0 0,0
LEAF 10,3 6,2 0,0 0,1 0,0 0,0 0,0 0,0 0,0 1,0
LEAF 10,3 6,2 0,0 0,1 0,0 0,0 1,0 0,0 0,0 0,0
LEAF 10,3 6,2 1,0 0,0 0,0 0,0 0,0 0,0 0,0 0,1
LEAF 10,3 6,2 1,0 0,0 0,0 0,0 0,1 0,0 0,0 0,0
LEAF 10,3 6,2 1,0 0,1 0,0 0,0 0,0 0,0 0,0 0,0
LEAF 10,3 5,3 0,0 0,0 0,0 0,0 0,0 0,0 1,0 1,0
LEAF 10,3 5,3 0,0 0,0 0,0 0,0 0,0 1,0 0,0 1,0
LEAF 10,3 5,3 0,0 0,0 0,0 0,0 0,0 1,0 1,0 0,0
LEAF 10,3 5,3 0,0 0,0 0,0 0,0 1,0 0,0 0,0 1,0
LEAF 10,3 5,3 0,0 0,0 0,0 0,0 1,0 1,0 0,0 0,0
LEAF 10,3 5,3 0,0 0,0 0,0 1,0 0,0 0,0 0,0 1,0
LEAF 10,3 5,3 0,0 0,0 0,0 1,0 1,0 0,0 0,0 0,0
LEAF 10,3 5,3 0,0 0,0 1,0 0,0 0,0 0,0 0,0 1,0
LEAF 10,3 5,3 0,0 0,0 1,0 0,0 0,0 0,0 1,0 0,0
LEAF 10,3 5,3 0,0 0,0 1,0 0,0 0,0 1,0 0,0 0,0
LEAF 10,3 5,3 0,0 0,0 1,0 0,0 1,0 0,0 0,0 0,0
LEAF 10,3 5,3 0,0 0,0 1,0 1,0 0,0 0,0 0,0 0,0
LEAF 10,3 5,3 0,0 1,0 0,0 0,0 0,0 0,0 0,0 1,0
LEAF 10,3 5,3 0,0 1,0 0,0 0,0 0,0 1,0 0,0 0,0
LEAF 10,3 5,3 0,0 1,0 0,0 0,0 1,0 0,0 0,0 0,0
LEAF 10,3 5,3 0,0 1,0 1,0 0,0 0,0 0,0 0,0 0,0
LEAF 10,3 5,3 1,0 0,0 0,0 0,0 0,0 0,0 0,0 1,0
LEAF 10,3 5,3 1,0 0,0 0,0 0,0 1,0 0,0 0,0 0,0
LEAF 10,3 5,3 1,0 1,0 0,0 0,0 0,0 0,0 0,0 0,0
LEAF 10,3 4,4 0,0 0,0 0,0 0,0 0,0 0,0 0,0 0,1
LEAF 10,3 4,4 0,0 0,0 0,0 0,0 0,0 0,1 0,0 0,0
LEAF 10,3 4,4 0,0 0,0 0,0 0,0 0,1 0,0 0,0 0,0
LEAF 10,3 4,4 0,0 0,0 0,1 0,0 0,0 0,0 0,0 0,0
LEAF 10,3 4,4 0,0 0,1 0,0 0,0 0,0 0,0 0,0 0,0
LEAF 10,3 3,5 0,0 0,0 0,0 0,0 0,0 0,0 0,0 1,0
LEAF 10,3 3,5 0,0 0,0 0,0 0,0 0,0 0,0 1,0 0,0
LEAF 10,3 3,5 0,0 0,0 0,0 0,0 0,0 1,0 0,0 0,0
LEAF 10,3 3,5 0,0 0,0 0,0 0,0 1,0 0,0 0,0 0,0
LEAF 10,3 3,5 0,0 0,0 0,0 1,0 0,0 0,0 0,0 0,0
LEAF 10,3 3,5 0,0 0,0 1,0 0,0 0,0 0,0 0,0 0,0
LEAF 10,3 3,5 0,0 1,0 0,0 0,0 0,0 0,0 0,0 0,0
LEAF 10,3 3,5 1,0 0,0 0,0 0,0 0,0 0,0 0,0 0,0
LEAF 10,3 1,7 0,0 0,0 0,0 0,0 0,0 0,0 0,0 0,0
LEAF 11,3 0,0 0,0 0,0 0,0 0,0 0,0 0,0 0,0 0,0
LEAF 11,3 0,0 0,0 0,0 0,0 0,0 0,0 0,0 0,0 6,1
LEAF 11,3 0,0 0,0 0,0 0,0 0,0 0,0 0,0 0,0 9,1
LEAF 11,3 0,0 0,0 0,0 0,0 0,0 0,0 0,0 1,0 5,4
LEAF 11,3 0,0 0,0 0,0 0,0 0,0 0,0 0,0 2,0 2,4
LEAF 11,3 0,0 0,0 0,0 0,0 0,0 0,0 0,0 3,0 6,0
LEAF 11,3 0,0 0,0 0,0 0,0 0,0 0,0 0,0 4,0 3,2
LEAF 11,3 0,0 0,0 0,0 0,0 0,0 0,0 0,0 5,0 2,2
LEAF 11,3 0,0 0,0 0,0 0,0 0,0 0,0 0,0 6,0 3,0
LEAF 11,3 0,0 0,0 0,0 0,0 0,0 0,0 0,0 0,1 6,3
LEAF 11,3 0,0 0,0 0,0 0,0 0,0 0,0 0,0 0,1 0,6
LEAF 11,3 0,0 0,0 0,0 0,0 0,0 0,0 0,0 1,1 3,3
LEAF 11,3 0,0 0,0 0,0 0,0 0,0 0,0 0,0 3,1 4,1
LEAF 11,3 0,0 0,0 0,0 0,0 0,0 0,0 0,0 4,1 3,1
LEAF 11,3 0,0 0,0 0,0 0,0 0,0 0,0 0,0 6,1 0,0
LEAF 11,3 0,0 0,0 0,0 0,0 0,0 0,0 0,0 0,2 4,2
LEAF 11,3 0,0 0,0 0,0 0,0 0,0 0,0 0,0 2,2 5,0
LEAF 11,3 0,0 0,0 0,0 0,0 0,0 0,0 0,0 3,2 4,0
LEAF 11,3 0,0 0,0 0,0 0,0 0,0 0,0 0,0 4,2 0,2
LEAF 11,3 0,0 0,0 0,0 0,0 0,0 0,0 0,0 3,3 1,1
LEAF 11,3 0,0 0,0 0,0 0,0 0,0 0,0 0,0 2,4 2,0
LEAF 11,3 0,0 0,0 0,0 0,0 0,0 0,0 0,0 0,6 0,1
LEAF 11,3 0,0 0,0 0,0 0,0 0,0 0,0 1,0 0,0 5,4
LEAF 11,3 0,0 0,0 0,0 0,0 0,0 0,0 1,0 1,0 1,5
LEAF 11,3 0,0 0,0 0,0 0,0 0,0 0,0 1,0 2,0 4,2
LEAF 11,3 0,0 0,0 0,0 0,0 0,0 0,0 1,0 3,0 8,1
LEAF 11,3 0,0 0,0 0,0 0,0 0,0 0,0 1,0 3,0 0,5
LEAF 11,3 0,0 0,0 0,0 0,0 0,0 0,0 1,0 5,0 8,0
LEAF 11,3 0,0 0,0 0,0 0,0 0,0 0,0 1,0 6,0 0,2
LEAF 11,3 0,0 0,0 0,0 0,0 0,0 0,0 1,0 0,1 2,4
LEAF 11,3 0,0 0,0 0,0 0,0 0,0 0,0 1,0 1,1 5,1
LEAF 11,3 0,0 0,0 0,0 0,0 0,0 0,0 1,0 2,1 9,0
LEAF 11,3 0,0 0,0 0,0 0,0 0,0 0,0 1,0 2,1 1,4
LEAF 11,3 0,0 0,0 0,0 0,0 0,0 0,0 1,0 5,1 1,1
LEAF 11,3 0,0 0,0 0,0 0,0 0,0 0,0 1,0 0,2 6,0
LEAF 11,3 0,0 0,0 0,0 0,0 0,0 0,0 1,0 1,2 2,3
LEAF 11,3 0,0 0,0 0,0 0,0 0,0 0,0 1,0 3,2 0,3
LEAF 11,3 0,0 0,0 0,0 0,0 0,0 0,0 1,0 4,2 2,0
LEAF 11,3 0,0 0,0 0,0 0,0 0,0 0,0 1,0 0,3 3,2
LEAF 11,3 0,0 0,0 0,0 0,0 0,0 0,0 1,0 2,3 1,2
LEAF 11,3 0,0 0,0 0,0 0,0 0,0 0,0 1,0 1,4 2,1
LEAF 11,3 0,0 0,0 0,0 0,0 0,0 0,0 1,0 2,4 0,1
LEAF 11,3 0,0 0,0 0,0 0,0 0,0 0,0 1,0 0,5 3,0
LEAF 11,3 0,0 0,0 0,0 0,0 0,0 0,0 1,0 1,5 1,0
LEAF 11,3 0,0 0,0 0,0 0,0 0,0 0,0 2,0 0,0 2,4
LEAF 11,3 0,0 0,0 0,0 0,0 0,0 0,0 2,0 1,0 4,2
LEAF 11,3 0,0 0,0 0,0 0,0 0,0 0,0 3,0 0,0 6,0
LEAF 11,3 0,0 0,0 0,0 0,0 0,0 0,0 3,0 1,0 8,1
LEAF 11,3 0,0 0,0 0,0 0,0 0,0 0,0 3,0 1,0 0,5
LEAF 11,3 0,0 0,0 0,0 0,0 0,0 0,0 4,0 0,0 3,2
LEAF 11,3 0,0 0,0 0,0 0,0 0,0 0,0 5,0 0,0 2,2
LEAF 11,3 0,0 0,0 0,0 0,0 0,0 0,0 5,0 1,0 8,0
LEAF 11,3 0,0 0,0 0,0 0,0 0,0 0,0 6,0 0,0 3,0
LEAF 11,3 0,0 0,0 0,0 0,0 0,0 0,0 6,0 1,0 0,2
LEAF 11,3 0,0 0,0 0,0 0,0 0,0 0,0 0,1 0,0 6,3
LEAF 11,3 0,0 0,0 0,0 0,0 0,0 0,0 0,1 0,0 0,6
LEAF 11,3 0,0 0,0 0,0 0,0 0,0 0,0 0,1 1,0 2,4
LEAF 11,3 0,0 0,0 0,0 0,0 0,0 0,0 1,1 0,0 3,3
LEAF 11,3 0,0 0,0 0,0 0,0 0,0 0,0 1,1 1,0 5,1
LEAF 11,3 0,0 0,0 0,0 0,0 0,0 0,0 2,1 1,0 9,0
LEAF 11,3 0,0 0,0 0,0 0,0 0,0 0,0 2,1 1,0 1,4
LEAF 11,3 0,0 0,0 0,0 0,0 0,0 0,0 3,1 0,0 4,1
LEAF 11,3 0,0 0,0 0,0 0,0 0,0 0,0 4,1 0,0 3,1
LEAF 11,3 0,0 0,0 0,0 0,0 0,0 0,0 5,1 1,0 1,1
LEAF 11,3 0,0 0,0 0,0 0,0 0,0 0,0 0,2 0,0 4,2
LEAF 11,3 0,0 0,0 0,0 0,0 0,0 0,0 0,2 1,0 6,0
LEAF 11,3 0,0 0,0 0,0 0,0 0,0 0,0 1,2 1,0 2,3
LEAF 11,3 0,0 0,0 0,0 0,0 0,0 0,0 2,2 0,0 5,0
LEAF 11,3 0,0 0,0 0,0 0,0 0,0 0,0 3,2 0,0 4,0
LEAF 11,3 0,0 0,0 0,0 0,0 0,0 0,0 3,2 1,0 0,3
LEAF 11,3 0,0 0,0 0,0 0,0 0,0 0,0 4,2 0,0 0,2
LEAF 11,3 0,0 0,0 0,0 0,0 0,0 0,0 4,2 1,0 2,0
LEAF 11,3 0,0 0,0 0,0 0,0 0,0 0,0 0,3 1,0 3,2
LEAF 11,3 0,0 0,0 0,0 0,0 0,0 0,0 2,3 1,0 1,2
LEAF 11,3 0,0 0,0 0,0 0,0 0,0 0,0 3,3 0,0 1,1
LEAF 11,3 0,0 0,0 0,0 0,0 0,0 0,0 1,4 1,0 2,1
LEAF 11,3 0,0 0,0 0,0 0,0 0,0 0,0 2,4 0,0 2,0
LEAF 11,3 0,0 0,0 0,0 0,0 0,0 0,0 2,4 1,0 0,1
LEAF 11,3 0,0 0,0 0,0 0,0 0,0 0,0 0,5 1,0 3,0
LEAF 11,3 0,0 0,0 0,0 0,0 0,0 0,0 1,5 1,0 1,0
LEAF 11,3 0,0 0,0 0,0 0,0 0,0 0,0 0,6 0,0 0,1
LEAF 11,3 0,0 0,0 0,0 0,0 0,0 1,0 0,0 0,0 5,4
LEAF 11,3 0,0 0,0 0,0 0,0 0,0 1,0 0,0 1,0 1,5
LEAF 11,3 0,0 0,0 0,0 0,0 0,0 1,0 0,0 2,0 4,2
LEAF 11,3 0,0 0,0 0,0 0,0 0,0 1,0 0,0 3,0 8,1
LEAF 11,3 0,0 0,0 0,0 0,0 0,0 1,0 0,0 3,0 0,5
LEAF 11,3 0,0 0,0 0,0 0,0 0,0 1,0 0,0 5,0 8,0
LEAF 11,3 0,0 0,0 0,0 0,0 0,0 1,0 0,0 6,0 0,2
LEAF 11,3 0,0 0,0 0,0 0,0 0,0 1,0 0,0 0,1 2,4
LEAF 11,3 0,0 0,0 0,0 0,0 0,0 1,0 0,0 1,1 5,1
LEAF 11,3 0,0 0,0 0,0 0,0 0,0 1,0 0,0 2,1 9,0
LEAF 11,3 0,0 0,0 0,0 0,0 0,0 1,0 0,0 2,1 1,4
LEAF 11,3 0,0 0,0 0,0 0,0 0,0 1,0 0,0 5,1 1,1
LEAF 11,3 0,0 0,0 0,0 0,0 0,0 1,0 0,0 0,2 6,0
LEAF 11,3 0,0 0,0 0,0 0,0 0,0 1,0 0,0 1,2 2,3
LEAF 11,3 0,0 0,0 0,0 0,0 0,0 1,0 0,0 3,2 0,3
LEAF 11,3 0,0 0,0 0,0 0,0 0,0 1,0 0,0 4,2 2,0
LEAF 11,3 0,0 0,0 0,0 0,0 0,0 1,0 0,0 0,3 3,2
LEAF 11,3 0,0 0,0 0,0 0,0 0,0 1,0 0,0 2,3 1,2
LEAF 11,3 0,0 0,0 0,0 0,0 0,0 1,0 0,0 1,4 2,1
LEAF 11,3 0,0 0,0 0,0 0,0 0,0 1,0 0,0 2,4 0,1
LEAF 11,3 0,0 0,0 0,0 0,0 0,0 1,0 0,0 0,5 3,0
LEAF 11,3 0,0 0,0 0,0 0,0 0,0 1,0 0,0 1,5 1,0
LEAF 11,3 0,0 0,0 0,0 0,0 0,0 1,0 1,0 0,0 1,5
LEAF 11,3 0,0 0,0 0,0 0,0 0,0 1,0 1,0 1,0 3,3
LEAF 11,3 0,0 0,0 0,0 0,0 0,0 1,0 1,0 0,1 4,2
LEAF 11,3 0,0 0,0 0,0 0,0 0,0 1,0 1,0 4,2 0,1
LEAF 11,3 0,0 0,0 0,0 0,0 0,0 1,0 1,0 3,3 1,0
LEAF 11,3 0,0 0,0 0,0 0,0 0,0 1,0 1,0 1,5 0,0
LEAF 11,3 0,0 0,0 0,0 0,0 0,0 1,0 2,0 0,0 4,2
LEAF 11,3 0,0 0,0 0,0 0,0 0,0 1,0 2,0 2,0 9,0
LEAF 11,3 0,0 0,0 0,0 0,0 0,0 1,0 3,0 0,0 8,1
LEAF 11,3 0,0 0,0 0,0 0,0 0,0 1,0 3,0 0,0 0,5
LEAF 11,3 0,0 0,0 0,0 0,0 0,0 1,0 5,0 0,0 8,0
LEAF 11,3 0,0 0,0 0,0 0,0 0,0 1,0 6,0 0,0 0,2
LEAF 11,3 0,0 0,0 0,0 0,0 0,0 1,0 0,1 0,0 2,4
LEAF 11,3 0,0 0,0 0,0 0,0 0,0 1,0 0,1 1,0 4,2
LEAF 11,3 0,0 0,0 0,0 0,0 0,0 1,0 1,1 0,0 5,1
LEAF 11,3 0,0 0,0 0,0 0,0 0,0 1,0 2,1 0,0 9,0
LEAF 11,3 0,0 0,0 0,0 0,0 0,0 1,0 2,1 0,0 1,4
LEAF 11,3 0,0 0,0 0,0 0,0 0,0 1,0 5,1 0,0 1,1
LEAF 11,3 0,0 0,0 0,0 0,0 0,0 1,0 0,2 0,0 6,0
LEAF 11,3 0,0 0,0 0,0 0,0 0,0 1,0 1,2 0,0 2,3
LEAF 11,3 0,0 0,0 0,0 0,0 0,0 1,0 3,2 0,0 0,3
LEAF 11,3 0,0 0,0 0,0 0,0 0,0 1,0 4,2 0,0 2,0
LEAF 11,3 0,0 0,0 0,0 0,0 0,0 1,0 4,2 1,0 0,1
LEAF 11,3 0,0 0,0 0,0 0,0 0,0 1,0 0,3 0,0 3,2
LEAF 11,3 0,0 0,0 0,0 0,0 0,0 1,0 2,3 0,0 1,2
LEAF 11,3 0,0 0,0 0,0 0,0 0,0 1,0 3,3 1,0 1,0
LEAF 11,3 0,0 0,0 0,0 0,0 0,0 1,0 1,4 0,0 2,1
LEAF 11,3 0,0 0,0 0,0 0,0 0,0 1,0 2,4 0,0 0,1
LEAF 11,3 0,0 0,0 0,0 0,0 0,0 1,0 0,5 0,0 3,0
LEAF 11,3 0,0 0,0 0,0 0,0 0,0 1,0 1,5 0,0 1,0
LEAF 11,3 0,0 0,0 0,0 0,0 0,0 2,0 0,0 0,0 2,4
LEAF 11,3 0,0 0,0 0,0 0,0 0,0 2,0 0,0 1,0 4,2
LEAF 11,3 0,0 0,0 0,0 0,0 0,0 2,0 0,0 0,1 5,1
LEAF 11,3 0,0 0,0 0,0 0,0 0,0 2,0 0,0 5,1 0,1
LEAF 11,3 0,0 0,0 0,0 0,0 0,0 2,0 0,0 4,2 1,0
LEAF 11,3 0,0 0,0 0,0 0,0 0,0 2,0 0,0 2,4 0,0
LEAF 11,3 0,0 0,0 0,0 0,0 0,0 2,0 1,0 0,0 4,2
LEAF 11,3 0,0 0,0 0,0 0,0 0,0 2,0 1,0 2,0 9,0
LEAF 11,3 0,0 0,0 0,0 0,0 0,0 2,0 1,0 4,2 0,0
LEAF 11,3 0,0 0,0 0,0 0,0 0,0 2,0 2,0 1,0 9,0
LEAF 11,3 0,0 0,0 0,0 0,0 0,0 2,0 0,1 0,0 5,1
LEAF 11,3 0,0 0,0 0,0 0,0 0,0 2,0 5,1 0,0 0,1
LEAF 11,3 0,0 0,0 0,0 0,0 0,0 2,0 4,2 0,0 1,0
LEAF 11,3 0,0 0,0 0,0 0,0 0,0 2,0 4,2 1,0 0,0
LEAF 11,3 0,0 0,0 0,0 0,0 0,0 3,0 0,0 0,0 6,0
LEAF 11,3 0,0 0,0 0,0 0,0 0,0 3,0 0,0 1,0 8,1
LEAF 11,3 0,0 0,0 0,0 0,0 0,0 3,0 0,0 1,0 0,5
LEAF 11,3 0,0 0,0 0,0 0,0 0,0 3,0 0,0 6,0 0,0
LEAF 11,3 0,0 0,0 0,0 0,0 0,0 3,0 0,0 0,1 9,0
LEAF 11,3 0,0 0,0 0,0 0,0 0,0 3,0 0,0 0,1 1,4
LEAF 11,3 0,0 0,0 0,0 0,0 0,0 3,0 0,0 1,4 0,1
LEAF 11,3 0,0 0,0 0,0 0,0 0,0 3,0 0,0 0,5 1,0
LEAF 11,3 0,0 0,0 0,0 0,0 0,0 3,0 1,0 0,0 8,1
LEAF 11,3 0,0 0,0 0,0 0,0 0,0 3,0 1,0 0,0 0,5
LEAF 11,3 0,0 0,0 0,0 0,0 0,0 3,0 1,0 0,5 0,0
LEAF 11,3 0,0 0,0 0,0 0,0 0,0 3,0 6,0 0,0 0,0
LEAF 11,3 0,0 0,0 0,0 0,0 0,0 3,0 0,1 0,0 9,0
LEAF 11,3 0,0 0,0 0,0 0,0 0,0 3,0 0,1 0,0 1,4
LEAF 11,3 0,0 0,0 0,0 0,0 0,0 3,0 1,4 0,0 0,1
LEAF 11,3 0,0 0,0 0,0 0,0 0,0 3,0 0,5 0,0 1,0
LEAF 11,3 0,0 0,0 0,0 0,0 0,0 3,0 0,5 1,0 0,0
LEAF 11,3 0,0 0,0 0,0 0,0 0,0 4,0 0,0 0,0 3,2
LEAF 11,3 0,0 0,0 0,0 0,0 0,0 4,0 0,0 3,2 0,0
LEAF 11,3 0,0 0,0 0,0 0,0 0,0 4,0 3,2 0,0 0,0
LEAF 11,3 0,0 0,0 0,0 0,0 0,0 5,0 0,0 0,0 2,2
LEAF 11,3 0,0 0,0 0,0 0,0 0,0 5,0 0,0 1,0 8,0
LEAF 11,3 0,0 0,0 0,0 0,0 0,0 5,0 0,0 2,2 0,0
LEAF 11,3 0,0 0,0 0,0 0,0 0,0 5,0 1,0 0,0 8,0
LEAF 11,3 0,0 0,0 0,0 0,0 0,0 5,0 2,2 0,0 0,0
LEAF 11,3 0,0 0,0 0,0 0,0 0,0 6,0 0,0 0,0 3,0
LEAF 11,3 0,0 0,0 0,0 0,0 0,0 6,0 0,0 1,0 0,2
LEAF 11,3 0,0 0,0 0,0 0,0 0,0 6,0 0,0 3,0 0,0
LEAF 11,3 0,0 0,0 0,0 0,0 0,0 6,0 0,0 0,1 1,1
LEAF 11,3 0,0 0,0 0,0 0,0 0,0 6,0 0,0 1,1 0,1
LEAF 11,3 0,0 0,0 0,0 0,0 0,0 6,0 0,0 0,2 1,0
LEAF 11,3 0,0 0,0 0,0 0,0 0,0 6,0 1,0 0,0 0,2
LEAF 11,3 0,0 0,0 0,0 0,0 0,0 6,0 1,0 0,2 0,0
LEAF 11,3 0,0 0,0 0,0 0,0 0,0 6,0 3,0 0,0 0,0
LEAF 11,3 0,0 0,0 0,0 0,0 0,0 6,0 0,1 0,0 1,1
LEAF 11,3 0,0 0,0 0,0 0,0 0,0 6,0 1,1 0,0 0,1
LEAF 11,3 0,0 0,0 0,0 0,0 0,0 6,0 0,2 0,0 1,0
LEAF 11,3 0,0 0,0 0,0 0,0 0,0 6,0 0,2 1,0 0,0
LEAF 11,3 0,0 0,0 0,0 0,0 0,0 0,1 0,0 0,0 6,3
LEAF 11,3 0,0 0,0 0,0 0,0 0,0 0,1 0,0 0,0 0,6
LEAF 11,3 0,0 0,0 0,0 0,0 0,0 0,1 0,0 1,0 2,4
LEAF 11,3 0,0 0,0 0,0 0,0 0,0 0,1 0,0 2,0 5,1
LEAF 11,3 0,0 0,0 0,0 0,0 0,0 0,1 0,0 3,0 9,0
LEAF 11,3 0,0 0,0 0,0 0,0 0,0 0,1 0,0 3,0 1,4
LEAF 11,3 0,0 0,0 0,0 0,0 0,0 0,1 0,0 6,0 1,1
LEAF 11,3 0,0 0,0 0,0 0,0 0,0 0,1 0,0 0,1 3,3
LEAF 11,3 0,0 0,0 0,0 0,0 0,0 0,1 0,0 1,1 6,0
LEAF 11,3 0,0 0,0 0,0 0,0 0,0 0,1 0,0 2,1 2,3
LEAF 11,3 0,0 0,0 0,0 0,0 0,0 0,1 0,0 4,1 0,3
LEAF 11,3 0,0 0,0 0,0 0,0 0,0 0,1 0,0 5,1 2,0
LEAF 11,3 0,0 0,0 0,0 0,0 0,0 0,1 0,0 1,2 3,2
LEAF 11,3 0,0 0,0 0,0 0,0 0,0 0,1 0,0 3,2 1,2
LEAF 11,3 0,0 0,0 0,0 0,0 0,0 0,1 0,0 0,3 4,1
LEAF 11,3 0,0 0,0 0,0 0,0 0,0 0,1 0,0 2,3 2,1
LEAF 11,3 0,0 0,0 0,0 0,0 0,0 0,1 0,0 3,3 0,1
LEAF 11,3 0,0 0,0 0,0 0,0 0,0 0,1 0,0 1,4 3,0
LEAF 11,3 0,0 0,0 0,0 0,0 0,0 0,1 0,0 2,4 1,0
LEAF 11,3 0,0 0,0 0,0 0,0 0,0 0,1 0,0 0,6 0,0
LEAF 11,3 0,0 0,0 0,0 0,0 0,0 0,1 1,0 0,0 2,4
LEAF 11,3 0,0 0,0 0,0 0,0 0,0 0,1 1,0 1,0 4,2
LEAF 11,3 0,0 0,0 0,0 0,0 0,0 0,1 1,0 0,1 5,1
LEAF 11,3 0,0 0,0 0,0 0,0 0,0 0,1 1,0 5,1 0,1
LEAF 11,3 0,0 0,0 0,0 0,0 0,0 0,1 1,0 4,2 1,0
LEAF 11,3 0,0 0,0 0,0 0,0 0,0 0,1 1,0 2,4 0,0
LEAF 11,3 0,0 0,0 0,0 0,0 0,0 0,1 2,0 0,0 5,1
LEAF 11,3 0,0 0,0 0,0 0,0 0,0 0,1 3,0 0,0 9,0
LEAF 11,3 0,0 0,0 0,0 0,0 0,0 0,1 3,0 0,0 1,4
LEAF 11,3 0,0 0,0 0,0 0,0 0,0 0,1 6,0 0,0 1,1
LEAF 11,3 0,0 0,0 0,0 0,0 0,0 0,1 0,1 0,0 3,3
LEAF 11,3 0,0 0,0 0,0 0,0 0,0 0,1 0,1 1,0 5,1
LEAF 11,3 0,0 0,0 0,0 0,0 0,0 0,1 1,1 0,0 6,0
LEAF 11,3 0,0 0,0 0,0 0,0 0,0 0,1 2,1 0,0 2,3
LEAF 11,3 0,0 0,0 0,0 0,0 0,0 0,1 4,1 0,0 0,3
LEAF 11,3 0,0 0,0 0,0 0,0 0,0 0,1 5,1 0,0 2,0
LEAF 11,3 0,0 0,0 0,0 0,0 0,0 0,1 5,1 1,0 0,1
LEAF 11,3 0,0 0,0 0,0 0,0 0,0 0,1 1,2 0,0 3,2
LEAF 11,3 0,0 0,0 0,0 0,0 0,0 0,1 3,2 0,0 1,2
LEAF 11,3 0,0 0,0 0,0 0,0 0,0 0,1 4,2 1,0 1,0
LEAF 11,3 0,0 0,0 0,0 0,0 0,0 0,1 0,3 0,0 4,1
LEAF 11,3 0,0 0,0 0,0 0,0 0,0 0,1 2,3 0,0 2,1
LEAF 11,3 0,0 0,0 0,0 0,0 0,0 0,1 3,3 0,0 0,1
LEAF 11,3 0,0 0,0 0,0 0,0 0,0 0,1 1,4 0,0 3,0
LEAF 11,3 0,0 0,0 0,0 0,0 0,0 0,1 2,4 0,0 1,0
LEAF 11,3 0,0 0,0 0,0 0,0 0,0 0,1 2,4 1,0 0,0
LEAF 11,3 0,0 0,0 0,0 0,0 0,0 1,1 0,0 0,0 3,3
LEAF 11,3 0,0 0,0 0,0 0,0 0,0 1,1 0,0 1,0 5,1
LEAF 11,3 0,0 0,0 0,0 0,0 0,0 1,1 0,0 6,0 0,1
LEAF 11,3 0,0 0,0 0,0 0,0 0,0 1,1 0,0 0,1 6,0
LEAF 11,3 0,0 0,0 0,0 0,0 0,0 1,1 0,0 5,1 1,0
LEAF 11,3 0,0 0,0 0,0 0,0 0,0 1,1 0,0 3,3 0,0
LEAF 11,3 0,0 0,0 0,0 0,0 0,0 1,1 1,0 0,0 5,1
LEAF 11,3 0,0 0,0 0,0 0,0 0,0 1,1 1,0 5,1 0,0
LEAF 11,3 0,0 0,0 0,0 0,0 0,0 1,1 6,0 0,0 0,1
LEAF 11,3 0,0 0,0 0,0 0,0 0,0 1,1 0,1 0,0 6,0
LEAF 11,3 0,0 0,0 0,0 0,0 0,0 1,1 5,1 0,0 1,0
LEAF 11,3 0,0 0,0 0,0 0,0 0,0 1,1 5,1 1,0 0,0
LEAF 11,3 0,0 0,0 0,0 0,0 0,0 1,1 3,3 0,0 0,0
LEAF 11,3 0,0 0,0 0,0 0,0 0,0 2,1 0,0 1,0 9,0
LEAF 11,3 0,0 0,0 0,0 0,0 0,0 2,1 0,0 1,0 1,4
LEAF 11,3 0,0 0,0 0,0 0,0 0,0 2,1 0,0 0,1 2,3
LEAF 11,3 0,0 0,0 0,0 0,0 0,0 2,1 0,0 2,3 0,1
LEAF 11,3 0,0 0,0 0,0 0,0 0,0 2,1 0,0 1,4 1,0
LEAF 11,3 0,0 0,0 0,0 0,0 0,0 2,1 1,0 0,0 9,0
LEAF 11,3 0,0 0,0 0,0 0,0 0,0 2,1 1,0 0,0 1,4
LEAF 11,3 0,0 0,0 0,0 0,0 0,0 2,1 1,0 1,4 0,0
LEAF 11,3 0,0 0,0 0,0 0,0 0,0 2,1 0,1 0,0 2,3
LEAF 11,3 0,0 0,0 0,0 0,0 0,0 2,1 2,3 0,0 0,1
LEAF 11,3 0,0 0,0 0,0 0,0 0,0 2,1 1,4 0,0 1,0
LEAF 11,3 0,0 0,0 0,0 0,0 0,0 2,1 1,4 1,0 0,0
LEAF 11,3 0,0 0,0 0,0 0,0 0,0 3,1 0,0 0,0 4,1
LEAF 11,3 0,0 0,0 0,0 0,0 0,0 3,1 0,0 4,1 0,0
LEAF 11,3 0,0 0,0 0,0 0,0 0,0 3,1 4,1 0,0 0,0
LEAF 11,3 0,0 0,0 0,0 0,0 0,0 4,1 0,0 0,0 3,1
LEAF 11,3 0,0 0,0 0,0 0,0 0,0 4,1 0,0 0,1 0,3
LEAF 11,3 0,0 0,0 0,0 0,0 0,0 4,1 0,0 3,1 0,0
LEAF 11,3 0,0 0,0 0,0 0,0 0,0 4,1 0,0 0,3 0,1
LEAF 11,3 0,0 0,0 0,0 0,0 0,0 4,1 0,1 0,0 0,3
LEAF 11,3 0,0 0,0 0,0 0,0 0,0 4,1 3,1 0,0 0,0
LEAF 11,3 0,0 0,0 0,0 0,0 0,0 4,1 0,3 0,0 0,1
LEAF 11,3 0,0 0,0 0,0 0,0 0,0 5,1 0,0 1,0 1,1
LEAF 11,3 0,0 0,0 0,0 0,0 0,0 5,1 0,0 2,0 0,1
LEAF 11,3 0,0 0,0 0,0 0,0 0,0 5,1 0,0 0,1 2,0
LEAF 11,3 0,0 0,0 0,0 0,0 0,0 5,1 0,0 1,1 1,0
LEAF 11,3 0,0 0,0 0,0 0,0 0,0 5,1 1,0 0,0 1,1
LEAF 11,3 0,0 0,0 0,0 0,0 0,0 5,1 1,0 0,1 0,1
LEAF 11,3 0,0 0,0 0,0 0,0 0,0 5,1 1,0 1,1 0,0
LEAF 11,3 0,0 0,0 0,0 0,0 0,0 5,1 2,0 0,0 0,1
LEAF 11,3 0,0 0,0 0,0 0,0 0,0 5,1 0,1 0,0 2,0
LEAF 11,3 0,0 0,0 0,0 0,0 0,0 5,1 0,1 1,0 0,1
LEAF 11,3 0,0 0,0 0,0 0,0 0,0 5,1 1,1 0,0 1,0
LEAF 11,3 0,0 0,0 0,0 0,0 0,0 5,1 1,1 1,0 0,0
LEAF 11,3 0,0 0,0 0,0 0,0 0,0 0,2 0,0 0,0 4,2
LEAF 11,3 0,0 0,0 0,0 0,0 0,0 0,2 0,0 1,0 6,0
LEAF 11,3 0,0 0,0 0,0 0,0 0,0 0,2 0,0 6,0 1,0
LEAF 11,3 0,0 0,0 0,0 0,0 0,0 0,2 0,0 4,2 0,0
LEAF 11,3 0,0 0,0 0,0 0,0 0,0 0,2 1,0 0,0 6,0
LEAF 11,3 0,0 0,0 0,0 0,0 0,0 0,2 1,0 6,0 0,0
LEAF 11,3 0,0 0,0 0,0 0,0 0,0 0,2 6,0 0,0 1,0
LEAF 11,3 0,0 0,0 0,0 0,0 0,0 0,2 6,0 1,0 0,0
LEAF 11,3 0,0 0,0 0,0 0,0 0,0 0,2 4,2 0,0 0,0
LEAF 11,3 0,0 0,0 0,0 0,0 0,0 1,2 0,0 1,0 2,3
LEAF 11,3 0,0 0,0 0,0 0,0 0,0 1,2 0,0 0,1 3,2
LEAF 11,3 0,0 0,0 0,0 0,0 0,0 1,2 0,0 3,2 0,1
LEAF 11,3 0,0 0,0 0,0 0,0 0,0 1,2 0,0 2,3 1,0
LEAF 11,3 0,0 0,0 0,0 0,0 0,0 1,2 1,0 0,0 2,3
LEAF 11,3 0,0 0,0 0,0 0,0 0,0 1,2 1,0 2,3 0,0
LEAF 11,3 0,0 0,0 0,0 0,0 0,0 1,2 0,1 0,0 3,2
LEAF 11,3 0,0 0,0 0,0 0,0 0,0 1,2 3,2 0,0 0,1
LEAF 11,3 0,0 0,0 0,0 0,0 0,0 1,2 2,3 0,0 1,0
LEAF 11,3 0,0 0,0 0,0 0,0 0,0 1,2 2,3 1,0 0,0
LEAF 11,3 0,0 0,0 0,0 0,0 0,0 2,2 0,0 0,0 5,0
LEAF 11,3 0,0 0,0 0,0 0,0 0,0 2,2 0,0 5,0 0,0
LEAF 11,3 0,0 0,0 0,0 0,0 0,0 2,2 5,0 0,0 0,0
LEAF 11,3 0,0 0,0 0,0 0,0 0,0 3,2 0,0 0,0 4,0
LEAF 11,3 0,0 0,0 0,0 0,0 0,0 3,2 0,0 1,0 0,3
LEAF 11,3 0,0 0,0 0,0 0,0 0,0 3,2 0,0 4,0 0,0
LEAF 11,3 0,0 0,0 0,0 0,0 0,0 3,2 0,0 0,1 1,2
LEAF 11,3 0,0 0,0 0,0 0,0 0,0 3,2 0,0 1,2 0,1
LEAF 11,3 0,0 0,0 0,0 0,0 0,0 3,2 0,0 0,3 1,0
LEAF 11,3 0,0 0,0 0,0 0,0 0,0 3,2 1,0 0,0 0,3
LEAF 11,3 0,0 0,0 0,0 0,0 0,0 3,2 1,0 0,3 0,0
LEAF 11,3 0,0 0,0 0,0 0,0 0,0 3,2 4,0 0,0 0,0
LEAF 11,3 0,0 0,0 0,0 0,0 0,0 3,2 0,1 0,0 1,2
LEAF 11,3 0,0 0,0 0,0 0,0 0,0 3,2 1,2 0,0 0,1
LEAF 11,3 0,0 0,0 0,0 0,0 0,0 3,2 0,3 0,0 1,0
LEAF 11,3 0,0 0,0 0,0 0,0 0,0 3,2 0,3 1,0 0,0
LEAF 11,3 0,0 0,0 0,0 0,0 0,0 4,2 0,0 0,0 0,2
LEAF 11,3 0,0 0,0 0,0 0,0 0,0 4,2 0,0 1,0 2,0
LEAF 11,3 0,0 0,0 0,0 0,0 0,0 4,2 0,0 2,0 1,0
LEAF 11,3 0,0 0,0 0,0 0,0 0,0 4,2 0,0 0,2 0,0
LEAF 11,3 0,0 0,0 0,0 0,0 0,0 4,2 1,0 0,0 2,0
LEAF 11,3 0,0 0,0 0,0 0,0 0,0 4,2 1,0 1,0 0,1
LEAF 11,3 0,0 0,0 0,0 0,0 0,0 4,2 1,0 2,0 0,0
LEAF 11,3 0,0 0,0 0,0 0,0 0,0 4,2 1,0 0,1 1,0
LEAF 11,3 0,0 0,0 0,0 0,0 0,0 4,2 2,0 0,0 1,0
LEAF 11,3 0,0 0,0 0,0 0,0 0,0 4,2 2,0 1,0 0,0
LEAF 11,3 0,0 0,0 0,0 0,0 0,0 4,2 0,1 1,0 1,0
LEAF 11,3 0,0 0,0 0,0 0,0 0,0 4,2 0,2 0,0 0,0
LEAF 11,3 0,0 0,0 0,0 0,0 0,0 0,3 0,0 1,0 3,2
LEAF 11,3 0,0 0,0 0,0 0,0 0,0 0,3 0,0 0,1 4,1
LEAF 11,3 0,0 0,0 0,0 0,0 0,0 0,3 0,0 4,1 0,1
LEAF 11,3 0,0 0,0 0,0 0,0 0,0 0,3 0,0 3,2 1,0
LEAF 11,3 0,0 0,0 0,0 0,0 0,0 0,3 1,0 0,0 3,2
LEAF 11,3 0,0 0,0 0,0 0,0 0,0 0,3 1,0 3,2 0,0
LEAF 11,3 0,0 0,0 0,0 0,0 0,0 0,3 0,1 0,0 4,1
LEAF 11,3 0,0 0,0 0,0 0,0 0,0 0,3 4,1 0,0 0,1
LEAF 11,3 0,0 0,0 0,0 0,0 0,0 0,3 3,2 0,0 1,0
LEAF 11,3 0,0 0,0 0,0 0,0 0,0 0,3 3,2 1,0 0,0
LEAF 11,3 0,0 0,0 0,0 0,0 0,0 2,3 0,0 1,0 1,2
LEAF 11,3 0,0 0,0 0,0 0,0 0,0 2,3 0,0 0,1 2,1
LEAF 11,3 0,0 0,0 0,0 0,0 0,0 2,3 0,0 2,1 0,1
LEAF 11,3 0,0 0,0 0,0 0,0 0,0 2,3 0,0 1,2 1,0
LEAF 11,3 0,0 0,0 0,0 0,0 0,0 2,3 1,0 0,0 1,2
LEAF 11,3 0,0 0,0 0,0 0,0 0,0 2,3 1,0 1,2 0,0
LEAF 11,3 0,0 0,0 0,0 0,0 0,0 2,3 0,1 0,0 2,1
LEAF 11,3 0,0 0,0 0,0 0,0 0,0 2,3 2,1 0,0 0,1
LEAF 11,3 0,0 0,0 0,0 0,0 0,0 2,3 1,2 0,0 1,0
LEAF 11,3 0,0 0,0 0,0 0,0 0,0 2,3 1,2 1,0 0,0
LEAF 11,3 0,0 0,0 0,0 0,0 0,0 3,3 0,0 0,0 1,1
LEAF 11,3 0,0 0,0 0,0 0,0 0,0 3,3 0,0 0,1 0,1
LEAF 11,3 0,0 0,0 0,0 0,0 0,0 3,3 0,0 1,1 0,0
LEAF 11,3 0,0 0,0 0,0 0,0 0,0 3,3 1,0 1,0 1,0
LEAF 11,3 0,0 0,0 0,0 0,0 0,0 3,3 0,1 0,0 0,1
LEAF 11,3 0,0 0,0 0,0 0,0 0,0 1,4 0,0 1,0 2,1
LEAF 11,3 0,0 0,0 0,0 0,0 0,0 1,4 0,0 3,0 0,1
LEAF 11,3 0,0 0,0 0,0 0,0 0,0 1,4 0,0 0,1 3,0
LEAF 11,3 0,0 0,0 0,0 0,0 0,0 1,4 0,0 2,1 1,0
LEAF 11,3 0,0 0,0 0,0 0,0 0,0 1,4 1,0 0,0 2,1
LEAF 11,3 0,0 0,0 0,0 0,0 0,0 1,4 1,0 2,1 0,0
LEAF 11,3 0,0 0,0 0,0 0,0 0,0 1,4 3,0 0,0 0,1
LEAF 11,3 0,0 0,0 0,0 0,0 0,0 1,4 0,1 0,0 3,0
LEAF 11,3 0,0 0,0 0,0 0,0 0,0 1,4 2,1 0,0 1,0
LEAF 11,3 0,0 0,0 0,0 0,0 0,0 1,4 2,1 1,0 0,0
LEAF 11,3 0,0 0,0 0,0 0,0 0,0 2,4 0,0 0,0 2,0
LEAF 11,3 0,0 0,0 0,0 0,0 0,0 2,4 0,0 1,0 0,1
LEAF 11,3 0,0 0,0 0,0 0,0 0,0 2,4 0,0 2,0 0,0
LEAF 11,3 0,0 0,0 0,0 0,0 0,0 2,4 0,0 0,1 1,0
LEAF 11,3 0,0 0,0 0,0 0,0 0,0 2,4 1,0 0,0 0,1
LEAF 11,3 0,0 0,0 0,0 0,0 0,0 2,4 1,0 0,1 0,0
LEAF 11,3 0,0 0,0 0,0 0,0 0,0 2,4 0,1 0,0 1,0
LEAF 11,3 0,0 0,0 0,0 0,0 0,0 2,4 0,1 1,0 0,0
LEAF 11,3 0,0 0,0 0,0 0,0 0,0 0,5 0,0 1,0 3,0
LEAF 11,3 0,0 0,0 0,0 0,0 0,0 0,5 0,0 3,0 1,0
LEAF 11,3 0,0 0,0 0,0 0,0 0,0 0,5 1,0 0,0 3,0
LEAF 11,3 0,0 0,0 0,0 0,0 0,0 0,5 1,0 3,0 0,0
LEAF 11,3 0,0 0,0 0,0 0,0 0,0 0,5 3,0 0,0 1,0
LEAF 11,3 0,0 0,0 0,0 0,0 0,0 0,5 3,0 1,0 0,0
LEAF 11,3 0,0 0,0 0,0 0,0 0,0 1,5 0,0 1,0 1,0
LEAF 11,3 0,0 0,0 0,0 0,0 1,0 0,0 0,0 0,0 5,4
LEAF 11,3 0,0 0,0 0,0 0,0 1,0 0,0 0,0 1,0 1,5
LEAF 11,3 0,0 0,0 0,0 0,0 1,0 0,0 0,0 2,0 4,2
LEAF 11,3 0,0 0,0 0,0 0,0 1,0 0,0 0,0 3,0 8,1
LEAF 11,3 0,0 0,0 0,0 0,0 1,0 0,0 0,0 3,0 0,5
LEAF 11,3 0,0 0,0 0,0 0,0 1,0 0,0 0,0 5,0 8,0
LEAF 11,3 0,0 0,0 0,0 0,0 1,0 0,0 0,0 6,0 0,2
LEAF 11,3 0,0 0,0 0,0 0,0 1,0 0,0 0,0 0,1 2,4
LEAF 11,3 0,0 0,0 0,0 0,0 1,0 0,0 0,0 1,1 5,1
LEAF 11,3 0,0 0,0 0,0 0,0 1,0 0,0 0,0 2,1 9,0
LEAF 11,3 0,0 0,0 0,0 0,0 1,0 0,0 0,0 2,1 1,4
LEAF 11,3 0,0 0,0 0,0 0,0 1,0 0,0 0,0 5,1 1,1
LEAF 11,3 0,0 0,0 0,0 0,0 1,0 0,0 0,0 0,2 6,0
LEAF 11,3 0,0 0,0 0,0 0,0 1,0 0,0 0,0 1,2 2,3
LEAF 11,3 0,0 0,0 0,0 0,0 1,0 0,0 0,0 3,2 0,3
LEAF 11,3 0,0 0,0 0,0 0,0 1,0 0,0 0,0 4,2 2,0
LEAF 11,3 0,0 0,0 0,0 0,0 1,0 0,0 0,0 0,3 3,2
LEAF 11,3 0,0 0,0 0,0 0,0 1,0 0,0 0,0 2,3 1,2
LEAF 11,3 0,0 0,0 0,0 0,0 1,0 0,0 0,0 1,4 2,1
LEAF 11,3 0,0 0,0 0,0 0,0 1,0 0,0 0,0 2,4 0,1
LEAF 11,3 0,0 0,0 0,0 0,0 1,0 0,0 0,0 0,5 3,0
LEAF 11,3 0,0 0,0 0,0 0,0 1,0 0,0 0,0 1,5 1,0
LEAF 11,3 0,0 0,0 0,0 0,0 1,0 0,0 1,0 0,0 1,5
LEAF 11,3 0,0 0,0 0,0 0,0 1,0 0,0 1,0 1,0 3,3
LEAF 11,3 0,0 0,0 0,0 0,0 1,0 0,0 2,0 0,0 4,2
LEAF 11,3 0,0 0,0 0,0 0,0 1,0 0,0 3,0 0,0 8,1
LEAF 11,3 0,0 0,0 0,0 0,0 1,0 0,0 3,0 0,0 0,5
LEAF 11,3 0,0 0,0 0,0 0,0 1,0 0,0 5,0 0,0 8,0
LEAF 11,3 0,0 0,0 0,0 0,0 1,0 0,0 6,0 0,0 0,2
LEAF 11,3 0,0 0,0 0,0 0,0 1,0 0,0 0,1 0,0 2,4
LEAF 11,3 0,0 0,0 0,0 0,0 1,0 0,0 0,1 1,0 4,2
LEAF 11,3 0,0 0,0 0,0 0,0 1,0 0,0 1,1 0,0 5,1
LEAF 11,3 0,0 0,0 0,0 0,0 1,0 0,0 2,1 0,0 9,0
LEAF 11,3 0,0 0,0 0,0 0,0 1,0 0,0 2,1 0,0 1,4
LEAF 11,3 0,0 0,0 0,0 0,0 1,0 0,0 5,1 0,0 1,1
LEAF 11,3 0,0 0,0 0,0 0,0 1,0 0,0 0,2 0,0 6,0
LEAF 11,3 0,0 0,0 0,0 0,0 1,0 0,0 1,2 0,0 2,3
LEAF 11,3 0,0 0,0 0,0 0,0 1,0 0,0 3,2 0,0 0,3
LEAF 11,3 0,0 0,0 0,0 0,0 1,0 0,0 4,2 0,0 2,0
LEAF 11,3 0,0 0,0 0,0 0,0 1,0 0,0 4,2 1,0 0,1
LEAF 11,3 0,0 0,0 0,0 0,0 1,0 0,0 0,3 0,0 3,2
LEAF 11,3 0,0 0,0 0,0 0,0 1,0 0,0 2,3 0,0 1,2
LEAF 11,3 0,0 0,0 0,0 0,0 1,0 0,0 3,3 1,0 1,0
LEAF 11,3 0,0 0,0 0,0 0,0 1,0 0,0 1,4 0,0 2,1
LEAF 11,3 0,0 0,0 0,0 0,0 1,0 0,0 2,4 0,0 0,1
LEAF 11,3 0,0 0,0 0,0 0,0 1,0 0,0 0,5 0,0 3,0
LEAF 11,3 0,0 0,0 0,0 0,0 1,0 0,0 1,5 0,0 1,0
LEAF 11,3 0,0 0,0 0,0 0,0 1,0 0,0 1,5 1,0 0,0
LEAF 11,3 0,0 0,0 0,0 0,0 1,0 1,0 0,0 0,0 1,5
LEAF 11,3 0,0 0,0 0,0 0,0 1,0 1,0 0,0 1,0 3,3
LEAF 11,3 0,0 0,0 0,0 0,0 1,0 1,0 0,0 0,1 4,2
LEAF 11,3 0,0 0,0 0,0 0,0 1,0 1,0 0,0 4,2 0,1
LEAF 11,3 0,0 0,0 0,0 0,0 1,0 1,0 0,0 3,3 1,0
LEAF 11,3 0,0 0,0 0,0 0,0 1,0 1,0 0,0 1,5 0,0
LEAF 11,3 0,0 0,0 0,0 0,0 1,0 1,0 1,0 0,0 3,3
LEAF 11,3 0,0 0,0 0,0 0,0 1,0 1,0 0,1 0,0 4,2
LEAF 11,3 0,0 0,0 0,0 0,0 1,0 1,0 4,2 0,0 0,1
LEAF 11,3 0,0 0,0 0,0 0,0 1,0 1,0 3,3 0,0 1,0
LEAF 11,3 0,0 0,0 0,0 0,0 1,0 1,0 3,3 1,0 0,0
LEAF 11,3 0,0 0,0 0,0 0,0 1,0 1,0 1,5 0,0 0,0
LEAF 11,3 0,0 0,0 0,0 0,0 1,0 2,0 0,0 0,0 4,2
LEAF 11,3 0,0 0,0 0,0 0,0 1,0 2,0 2,0 0,0 9,0
LEAF 11,3 0,0 0,0 0,0 0,0 1,0 2,0 4,2 0,0 0,0
LEAF 11,3 0,0 0,0 0,0 0,0 1,0 3,0 0,0 0,0 8,1
LEAF 11,3 0,0 0,0 0,0 0,0 1,0 3,0 0,0 0,0 0,5
LEAF 11,3 0,0 0,0 0,0 0,0 1,0 5,0 0,0 0,0 8,0
LEAF 11,3 0,0 0,0 0,0 0,0 1,0 6,0 0,0 0,0 0,2
LEAF 11,3 0,0 0,0 0,0 0,0 1,0 0,1 0,0 0,0 2,4
LEAF 11,3 0,0 0,0 0,0 0,0 1,0 1,1 0,0 0,0 5,1
LEAF 11,3 0,0 0,0 0,0 0,0 1,0 2,1 0,0 0,0 9,0
LEAF 11,3 0,0 0,0 0,0 0,0 1,0 2,1 0,0 0,0 1,4
LEAF 11,3 0,0 0,0 0,0 0,0 1,0 5,1 0,0 0,0 1,1
LEAF 11,3 0,0 0,0 0,0 0,0 1,0 0,2 0,0 0,0 6,0
LEAF 11,3 0,0 0,0 0,0 0,0 1,0 1,2 0,0 0,0 2,3
LEAF 11,3 0,0 0,0 0,0 0,0 1,0 3,2 0,0 0,0 0,3
LEAF 11,3 0,0 0,0 0,0 0,0 1,0 4,2 0,0 0,0 2,0
LEAF 11,3 0,0 0,0 0,0 0,0 1,0 0,3 0,0 0,0 3,2
LEAF 11,3 0,0 0,0 0,0 0,0 1,0 2,3 0,0 0,0 1,2
LEAF 11,3 0,0 0,0 0,0 0,0 1,0 1,4 0,0 0,0 2,1
LEAF 11,3 0,0 0,0 0,0 0,0 1,0 2,4 0,0 0,0 0,1
LEAF 11,3 0,0 0,0 0,0 0,0 1,0 0,5 0,0 0,0 3,0
LEAF 11,3 0,0 0,0 0,0 0,0 2,0 0,0 0,0 0,0 2,4
LEAF 11,3 0,0 0,0 0,0 0,0 2,0 0,0 0,0 1,0 4,2
LEAF 11,3 0,0 0,0 0,0 0,0 2,0 0,0 0,0 0,1 5,1
LEAF 11,3 0,0 0,0 0,0 0,0 2,0 0,0 0,0 5,1 0,1
LEAF 11,3 0,0 0,0 0,0 0,0 2,0 0,0 0,0 4,2 1,0
LEAF 11,3 0,0 0,0 0,0 0,0 2,0 0,0 0,0 2,4 0,0
LEAF 11,3 0,0 0,0 0,0 0,0 2,0 0,0 1,0 0,0 4,2
LEAF 11,3 0,0 0,0 0,0 0,0 2,0 0,0 1,0 2,0 9,0
LEAF 11,3 0,0 0,0 0,0 0,0 2,0 0,0 2,0 1,0 9,0
LEAF 11,3 0,0 0,0 0,0 0,0 2,0 0,0 0,1 0,0 5,1
LEAF 11,3 0,0 0,0 0,0 0,0 2,0 0,0 5,1 0,0 0,1
LEAF 11,3 0,0 0,0 0,0 0,0 2,0 0,0 4,2 0,0 1,0
LEAF 11,3 0,0 0,0 0,0 0,0 2,0 0,0 4,2 1,0 0,0
LEAF 11,3 0,0 0,0 0,0 0,0 2,0 0,0 2,4 0,0 0,0
LEAF 11,3 0,0 0,0 0,0 0,0 2,0 1,0 0,0 0,0 4,2
LEAF 11,3 0,0 0,0 0,0 0,0 2,0 1,0 0,0 2,0 9,0
LEAF 11,3 0,0 0,0 0,0 0,0 2,0 1,0 2,0 0,0 9,0
LEAF 11,3 0,0 0,0 0,0 0,0 2,0 1,0 4,2 0,0 0,0
LEAF 11,3 0,0 0,0 0,0 0,0 2,0 2,0 1,0 0,0 9,0
LEAF 11,3 0,0 0,0 0,0 0,0 2,0 0,1 0,0 0,0 5,1
LEAF 11,3 0,0 0,0 0,0 0,0 2,0 5,1 0,0 0,0 0,1
LEAF 11,3 0,0 0,0 0,0 0,0 2,0 4,2 0,0 0,0 1,0
LEAF 11,3 0,0 0,0 0,0 0,0 3,0 0,0 0,0 0,0 6,0
LEAF 11,3 0,0 0,0 0,0 0,0 3,0 0,0 0,0 1,0 8,1
LEAF 11,3 0,0 0,0 0,0 0,0 3,0 0,0 0,0 1,0 0,5
LEAF 11,3 0,0 0,0 0,0 0,0 3,0 0,0 0,0 6,0 0,0
LEAF 11,3 0,0 0,0 0,0 0,0 3,0 0,0 0,0 0,1 9,0
LEAF 11,3 0,0 0,0 0,0 0,0 3,0 0,0 0,0 0,1 1,4
LEAF 11,3 0,0 0,0 0,0 0,0 3,0 0,0 0,0 1,4 0,1
LEAF 11,3 0,0 0,0 0,0 0,0 3,0 0,0 0,0 0,5 1,0
LEAF 11,3 0,0 0,0 0,0 0,0 3,0 0,0 1,0 0,0 8,1
LEAF 11,3 0,0 0,0 0,0 0,0 3,0 0,0 1,0 0,0 0,5
LEAF 11,3 0,0 0,0 0,0 0,0 3,0 0,0 6,0 0,0 0,0
LEAF 11,3 0,0 0,0 0,0 0,0 3,0 0,0 0,1 0,0 9,0
LEAF 11,3 0,0 0,0 0,0 0,0 3,0 0,0 0,1 0,0 1,4
LEAF 11,3 0,0 0,0 0,0 0,0 3,0 0,0 1,4 0,0 0,1
LEAF 11,3 0,0 0,0 0,0 0,0 3,0 0,0 0,5 0,0 1,0
LEAF 11,3 0,0 0,0 0,0 0,0 3,0 0,0 0,5 1,0 0,0
LEAF 11,3 0,0 0,0 0,0 0,0 3,0 1,0 0,0 0,0 8,1
LEAF 11,3 0,0 0,0 0,0 0,0 3,0 1,0 0,0 0,0 0,5
LEAF 11,3 0,0 0,0 0,0 0,0 3,0 1,0 0,5 0,0 0,0
LEAF 11,3 0,0 0,0 0,0 0,0 3,0 6,0 0,0 0,0 0,0
LEAF 11,3 0,0 0,0 0,0 0,0 3,0 0,1 0,0 0,0 9,0
LEAF 11,3 0,0 0,0 0,0 0,0 3,0 0,1 0,0 0,0 1,4
LEAF 11,3 0,0 0,0 0,0 0,0 3,0 1,4 0,0 0,0 0,1
LEAF 11,3 0,0 0,0 0,0 0,0 3,0 0,5 0,0 0,0 1,0
LEAF 11,3 0,0 0,0 0,0 0,0 4,0 0,0 0,0 0,0 3,2
LEAF 11,3 0,0 0,0 0,0 0,0 4,0 0,0 0,0 3,2 0,0
LEAF 11,3 0,0 0,0 0,0 0,0 4,0 0,0 3,2 0,0 0,0
LEAF 11,3 0,0 0,0 0,0 0,0 4,0 3,2 0,0 0,0 0,0
LEAF 11,3 0,0 0,0 0,0 0,0 5,0 0,0 0,0 0,0 2,2
LEAF 11,3 0,0 0,0 0,0 0,0 5,0 0,0 0,0 1,0 8,0
LEAF 11,3 0,0 0,0 0,0 0,0 5,0 0,0 0,0 2,2 0,0
LEAF 11,3 0,0 0,0 0,0 0,0 5,0 0,0 1,0 0,0 8,0
LEAF 11,3 0,0 0,0 0,0 0,0 5,0 0,0 2,2 0,0 0,0
LEAF 11,3 0,0 0,0 0,0 0,0 5,0 1,0 0,0 0,0 8,0
LEAF 11,3 0,0 0,0 0,0 0,0 5,0 2,2 0,0 0,0 0,0
LEAF 11,3 0,0 0,0 0,0 0,0 6,0 0,0 0,0 0,0 3,0
LEAF 11,3 0,0 0,0 0,0 0,0 6,0 0,0 0,0 1,0 0,2
LEAF 11,3 0,0 0,0 0,0 0,0 6,0 0,0 0,0 3,0 0,0
LEAF 11,3 0,0 0,0 0,0 0,0 6,0 0,0 0,0 0,1 1,1
LEAF 11,3 0,0 0,0 0,0 0,0 6,0 0,0 0,0 1,1 0,1
LEAF 11,3 0,0 0,0 0,0 0,0 6,0 0,0 0,0 0,2 1,0
LEAF 11,3 0,0 0,0 0,0 0,0 6,0 0,0 1,0 0,0 0,2
LEAF 11,3 0,0 0,0 0,0 0,0 6,0 0,0 3,0 0,0 0,0
LEAF 11,3 0,0 0,0 0,0 0,0 6,0 0,0 0,1 0,0 1,1
LEAF 11,3 0,0 0,0 0,0 0,0 6,0 0,0 1,1 0,0 0,1
LEAF 11,3 0,0 0,0 0,0 0,0 6,0 0,0 0,2 0,0 1,0
LEAF 11,3 0,0 0,0 0,0 0,0 6,0 0,0 0,2 1,0 0,0
LEAF 11,3 0,0 0,0 0,0 0,0 6,0 1,0 0,0 0,0 0,2
LEAF 11,3 0,0 0,0 0,0 0,0 6,0 1,0 0,2 0,0 0,0
LEAF 11,3 0,0 0,0 0,0 0,0 6,0 3,0 0,0 0,0 0,0
LEAF 11,3 0,0 0,0 0,0 0,0 6,0 0,1 0,0 0,0 1,1
LEAF 11,3 0,0 0,0 0,0 0,0 6,0 1,1 0,0 0,0 0,1
LEAF 11,3 0,0 0,0 0,0 0,0 6,0 0,2 0,0 0,0 1,0
LEAF 11,3 0,0 0,0 0,0 0,0 0,1 0,0 0,0 0,0 6,3
LEAF 11,3 0,0 0,0 0,0 0,0 0,1 0,0 0,0 0,0 0,6
LEAF 11,3 0,0 0,0 0,0 0,0 0,1 0,0 0,0 1,0 2,4
LEAF 11,3 0,0 0,0 0,0 0,0 0,1 0,0 0,0 2,0 5,1
LEAF 11,3 0,0 0,0 0,0 0,0 0,1 0,0 0,0 3,0 9,0
LEAF 11,3 0,0 0,0 0,0 0,0 0,1 0,0 0,0 3,0 1,4
LEAF 11,3 0,0 0,0 0,0 0,0 0,1 0,0 0,0 6,0 1,1
LEAF 11,3 0,0 0,0 0,0 0,0 0,1 0,0 0,0 0,1 3,3
LEAF 11,3 0,0 0,0 0,0 0,0 0,1 0,0 0,0 1,1 6,0
LEAF 11,3 0,0 0,0 0,0 0,0 0,1 0,0 0,0 2,1 2,3
LEAF 11,3 0,0 0,0 0,0 0,0 0,1 0,0 0,0 4,1 0,3
LEAF 11,3 0,0 0,0 0,0 0,0 0,1 0,0 0,0 5,1 2,0
LEAF 11,3 0,0 0,0 0,0 0,0 0,1 0,0 0,0 1,2 3,2
LEAF 11,3 0,0 0,0 0,0 0,0 0,1 0,0 0,0 3,2 1,2
LEAF 11,3 0,0 0,0 0,0 0,0 0,1 0,0 0,0 0,3 4,1
LEAF 11,3 0,0 0,0 0,0 0,0 0,1 0,0 0,0 2,3 2,1
LEAF 11,3 0,0 0,0 0,0 0,0 0,1 0,0 0,0 3,3 0,1
LEAF 11,3 0,0 0,0 0,0 0,0 0,1 0,0 0,0 1,4 3,0
LEAF 11,3 0,0 0,0 0,0 0,0 0,1 0,0 0,0 2,4 1,0
LEAF 11,3 0,0 0,0 0,0 0,0 0,1 0,0 0,0 0,6 0,0
LEAF 11,3 0,0 0,0 0,0 0,0 0,1 0,0 1,0 0,0 2,4
LEAF 11,3 0,0 0,0 0,0 0,0 0,1 0,0 1,0 1,0 4,2
LEAF 11,3 0,0 0,0 0,0 0,0 0,1 0,0 2,0 0,0 5,1
LEAF 11,3 0,0 0,0 0,0 0,0 0,1 0,0 3,0 0,0 9,0
LEAF 11,3 0,0 0,0 0,0 0,0 0,1 0,0 3,0 0,0 1,4
LEAF 11,3 0,0 0,0 0,0 0,0 0,1 0,0 6,0 0,0 1,1
LEAF 11,3 0,0 0,0 0,0 0,0 0,1 0,0 0,1 0,0 3,3
LEAF 11,3 0,0 0,0 0,0 0,0 0,1 0,0 0,1 1,0 5,1
LEAF 11,3 0,0 0,0 0,0 0,0 0,1 0,0 1,1 0,0 6,0
LEAF 11,3 0,0 0,0 0,0 0,0 0,1 0,0 2,1 0,0 2,3
LEAF 11,3 0,0 0,0 0,0 0,0 0,1 0,0 4,1 0,0 0,3
LEAF 11,3 0,0 0,0 0,0 0,0 0,1 0,0 5,1 0,0 2,0
LEAF 11,3 0,0 0,0 0,0 0,0 0,1 0,0 5,1 1,0 0,1
LEAF 11,3 0,0 0,0 0,0 0,0 0,1 0,0 1,2 0,0 3,2
LEAF 11,3 0,0 0,0 0,0 0,0 0,1 0,0 3,2 0,0 1,2
LEAF 11,3 0,0 0,0 0,0 0,0 0,1 0,0 4,2 1,0 1,0
LEAF 11,3 0,0 0,0 0,0 0,0 0,1 0,0 0,3 0,0 4,1
LEAF 11,3 0,0 0,0 0,0 0,0 0,1 0,0 2,3 0,0 2,1
LEAF 11,3 0,0 0,0 0,0 0,0 0,1 0,0 3,3 0,0 0,1
LEAF 11,3 0,0 0,0 0,0 0,0 0,1 0,0 1,4 0,0 3,0
LEAF 11,3 0,0 0,0 0,0 0,0 0,1 0,0 2,4 0,0 1,0
LEAF 11,3 0,0 0,0 0,0 0,0 0,1 0,0 2,4 1,0 0,0
LEAF 11,3 0,0 0,0 0,0 0,0 0,1 0,0 0,6 0,0 0,0
LEAF 11,3 0,0 0,0 0,0 0,0 0,1 1,0 0,0 0,0 2,4
LEAF 11,3 0,0 0,0 0,0 0,0 0,1 1,0 0,0 1,0 4,2
LEAF 11,3 0,0 0,0 0,0 0,0 0,1 1,0 1,0 0,0 4,2
LEAF 11,3 0,0 0,0 0,0 0,0 0,1 1,0 0,1 0,0 5,1
LEAF 11,3 0,0 0,0 0,0 0,0 0,1 1,0 5,1 0,0 0,1
LEAF 11,3 0,0 0,0 0,0 0,0 0,1 1,0 4,2 0,0 1,0
LEAF 11,3 0,0 0,0 0,0 0,0 0,1 1,0 4,2 1,0 0,0
LEAF 11,3 0,0 0,0 0,0 0,0 0,1 1,0 2,4 0,0 0,0
LEAF 11,3 0,0 0,0 0,0 0,0 0,1 2,0 0,0 0,0 5,1
LEAF 11,3 0,0 0,0 0,0 0,0 0,1 3,0 0,0 0,0 9,0
LEAF 11,3 0,0 0,0 0,0 0,0 0,1 3,0 0,0 0,0 1,4
LEAF 11,3 0,0 0,0 0,0 0,0 0,1 6,0 0,0 0,0 1,1
LEAF 11,3 0,0 0,0 0,0 0,0 0,1 0,1 0,0 0,0 3,3
LEAF 11,3 0,0 0,0 0,0 0,0 0,1 1,1 0,0 0,0 6,0
LEAF 11,3 0,0 0,0 0,0 0,0 0,1 2,1 0,0 0,0 2,3
LEAF 11,3 0,0 0,0 0,0 0,0 0,1 4,1 0,0 0,0 0,3
LEAF 11,3 0,0 0,0 0,0 0,0 0,1 5,1 0,0 0,0 2,0
LEAF 11,3 0,0 0,0 0,0 0,0 0,1 1,2 0,0 0,0 3,2
LEAF 11,3 0,0 0,0 0,0 0,0 0,1 3,2 0,0 0,0 1,2
LEAF 11,3 0,0 0,0 0,0 0,0 0,1 0,3 0,0 0,0 4,1
LEAF 11,3 0,0 0,0 0,0 0,0 0,1 2,3 0,0 0,0 2,1
LEAF 11,3 0,0 0,0 0,0 0,0 0,1 3,3 0,0 0,0 0,1
LEAF 11,3 0,0 0,0 0,0 0,0 0,1 1,4 0,0 0,0 3,0
LEAF 11,3 0,0 0,0 0,0 0,0 0,1 2,4 0,0 0,0 1,0
LEAF 11,3 0,0 0,0 0,0 0,0 1,1 0,0 0,0 0,0 3,3
LEAF 11,3 0,0 0,0 0,0 0,0 1,1 0,0 0,0 1,0 5,1
LEAF 11,3 0,0 0,0 0,0 0,0 1,1 0,0 0,0 6,0 0,1
LEAF 11,3 0,0 0,0 0,0 0,0 1,1 0,0 0,0 0,1 6,0
LEAF 11,3 0,0 0,0 0,0 0,0 1,1 0,0 0,0 5,1 1,0
LEAF 11,3 0,0 0,0 0,0 0,0 1,1 0,0 0,0 3,3 0,0
LEAF 11,3 0,0 0,0 0,0 0,0 1,1 0,0 1,0 0,0 5,1
LEAF 11,3 0,0 0,0 0,0 0,0 1,1 0,0 6,0 0,0 0,1
LEAF 11,3 0,0 0,0 0,0 0,0 1,1 0,0 0,1 0,0 6,0
LEAF 11,3 0,0 0,0 0,0 0,0 1,1 0,0 5,1 0,0 1,0
LEAF 11,3 0,0 0,0 0,0 0,0 1,1 0,0 5,1 1,0 0,0
LEAF 11,3 0,0 0,0 0,0 0,0 1,1 0,0 3,3 0,0 0,0
LEAF 11,3 0,0 0,0 0,0 0,0 1,1 1,0 0,0 0,0 5,1
LEAF 11,3 0,0 0,0 0,0 0,0 1,1 1,0 5,1 0,0 0,0
LEAF 11,3 0,0 0,0 0,0 0,0 1,1 6,0 0,0 0,0 0,1
LEAF 11,3 0,0 0,0 0,0 0,0 1,1 0,1 0,0 0,0 6,0
LEAF 11,3 0,0 0,0 0,0 0,0 1,1 5,1 0,0 0,0 1,0
LEAF 11,3 0,0 0,0 0,0 0,0 2,1 0,0 0,0 1,0 9,0
LEAF 11,3 0,0 0,0 0,0 0,0 2,1 0,0 0,0 1,0 1,4
LEAF 11,3 0,0 0,0 0,0 0,0 2,1 0,0 0,0 0,1 2,3
LEAF 11,3 0,0 0,0 0,0 0,0 2,1 0,0 0,0 2,3 0,1
LEAF 11,3 0,0 0,0 0,0 0,0 2,1 0,0 0,0 1,4 1,0
LEAF 11,3 0,0 0,0 0,0 0,0 2,1 0,0 1,0 0,0 9,0
LEAF 11,3 0,0 0,0 0,0 0,0 2,1 0,0 1,0 0,0 1,4
LEAF 11,3 0,0 0,0 0,0 0,0 2,1 0,0 0,1 0,0 2,3
LEAF 11,3 0,0 0,0 0,0 0,0 2,1 0,0 2,3 0,0 0,1
LEAF 11,3 0,0 0,0 0,0 0,0 2,1 0,0 1,4 0,0 1,0
LEAF 11,3 0,0 0,0 0,0 0,0 2,1 0,0 1,4 1,0 0,0
LEAF 11,3 0,0 0,0 0,0 0,0 2,1 1,0 0,0 0,0 9,0
LEAF 11,3 0,0 0,0 0,0 0,0 2,1 1,0 0,0 0,0 1,4
LEAF 11,3 0,0 0,0 0,0 0,0 2,1 1,0 1,4 0,0 0,0
LEAF 11,3 0,0 0,0 0,0 0,0 2,1 0,1 0,0 0,0 2,3
LEAF 11,3 0,0 0,0 0,0 0,0 2,1 2,3 0,0 0,0 0,1
LEAF 11,3 0,0 0,0 0,0 0,0 2,1 1,4 0,0 0,0 1,0
LEAF 11,3 0,0 0,0 0,0 0,0 3,1 0,0 0,0 0,0 4,1
LEAF 11,3 0,0 0,0 0,0 0,0 3,1 0,0 0,0 4,1 0,0
LEAF 11,3 0,0 0,0 0,0 0,0 3,1 0,0 4,1 0,0 0,0
LEAF 11,3 0,0 0,0 0,0 0,0 3,1 4,1 0,0 0,0 0,0
LEAF 11,3 0,0 0,0 0,0 0,0 4,1 0,0 0,0 0,0 3,1
LEAF 11,3 0,0 0,0 0,0 0,0 4,1 0,0 0,0 0,1 0,3
LEAF 11,3 0,0 0,0 0,0 0,0 4,1 0,0 0,0 3,1 0,0
LEAF 11,3 0,0 0,0 0,0 0,0 4,1 0,0 0,0 0,3 0,1
LEAF 11,3 0,0 0,0 0,0 0,0 4,1 0,0 0,1 0,0 0,3
LEAF 11,3 0,0 0,0 0,0 0,0 4,1 0,0 3,1 0,0 0,0
LEAF 11,3 0,0 0,0 0,0 0,0 4,1 0,0 0,3 0,0 0,1
LEAF 11,3 0,0 0,0 0,0 0,0 4,1 0,1 0,0 0,0 0,3
LEAF 11,3 0,0 0,0 0,0 0,0 4,1 3,1 0,0 0,0 0,0
LEAF 11,3 0,0 0,0 0,0 0,0 4,1 0,3 0,0 0,0 0,1
LEAF 11,3 0,0 0,0 0,0 0,0 5,1 0,0 0,0 1,0 1,1
LEAF 11,3 0,0 0,0 0,0 0,0 5,1 0,0 0,0 2,0 0,1
LEAF 11,3 0,0 0,0 0,0 0,0 5,1 0,0 0,0 0,1 2,0
LEAF 11,3 0,0 0,0 0,0 0,0 5,1 0,0 0,0 1,1 1,0
LEAF 11,3 0,0 0,0 0,0 0,0 5,1 0,0 1,0 0,0 1,1
LEAF 11,3 0,0 0,0 0,0 0,0 5,1 0,0 2,0 0,0 0,1
LEAF 11,3 0,0 0,0 0,0 0,0 5,1 0,0 0,1 0,0 2,0
LEAF 11,3 0,0 0,0 0,0 0,0 5,1 0,0 0,1 1,0 0,1
LEAF 11,3 0,0 0,0 0,0 0,0 5,1 0,0 1,1 0,0 1,0
LEAF 11,3 0,0 0,0 0,0 0,0 5,1 0,0 1,1 1,0 0,0
LEAF 11,3 0,0 0,0 0,0 0,0 5,1 1,0 0,0 0,0 1,1
LEAF 11,3 0,0 0,0 0,0 0,0 5,1 1,0 0,1 0,0 0,1
LEAF 11,3 0,0 0,0 0,0 0,0 5,1 1,0 1,1 0,0 0,0
LEAF 11,3 0,0 0,0 0,0 0,0 5,1 2,0 0,0 0,0 0,1
LEAF 11,3 0,0 0,0 0,0 0,0 5,1 0,1 0,0 0,0 2,0
LEAF 11,3 0,0 0,0 0,0 0,0 5,1 1,1 0,0 0,0 1,0
LEAF 11,3 0,0 0,0 0,0 0,0 0,2 0,0 0,0 0,0 4,2
LEAF 11,3 0,0 0,0 0,0 0,0 0,2 0,0 0,0 1,0 6,0
LEAF 11,3 0,0 0,0 0,0 0,0 0,2 0,0 0,0 6,0 1,0
LEAF 11,3 0,0 0,0 0,0 0,0 0,2 0,0 0,0 4,2 0,0
LEAF 11,3 0,0 0,0 0,0 0,0 0,2 0,0 1,0 0,0 6,0
LEAF 11,3 0,0 0,0 0,0 0,0 0,2 0,0 6,0 0,0 1,0
LEAF 11,3 0,0 0,0 0,0 0,0 0,2 0,0 6,0 1,0 0,0
LEAF 11,3 0,0 0,0 0,0 0,0 0,2 0,0 4,2 0,0 0,0
LEAF 11,3 0,0 0,0 0,0 0,0 0,2 1,0 0,0 0,0 6,0
LEAF 11,3 0,0 0,0 0,0 0,0 0,2 1,0 6,0 0,0 0,0
LEAF 11,3 0,0 0,0 0,0 0,0 0,2 6,0 0,0 0,0 1,0
LEAF 11,3 0,0 0,0 0,0 0,0 0,2 4,2 0,0 0,0 0,0
LEAF 11,3 0,0 0,0 0,0 0,0 1,2 0,0 0,0 1,0 2,3
LEAF 11,3 0,0 0,0 0,0 0,0 1,2 0,0 0,0 0,1 3,2
LEAF 11,3 0,0 0,0 0,0 0,0 1,2 0,0 0,0 3,2 0,1
LEAF 11,3 0,0 0,0 0,0 0,0 1,2 0,0 0,0 2,3 1,0
LEAF 11,3 0,0 0,0 0,0 0,0 1,2 0,0 1,0 0,0 2,3
LEAF 11,3 0,0 0,0 0,0 0,0 1,2 0,0 0,1 0,0 3,2
LEAF 11,3 0,0 0,0 0,0 0,0 1,2 0,0 3,2 0,0 0,1
LEAF 11,3 0,0 0,0 0,0 0,0 1,2 0,0 2,3 0,0 1,0
LEAF 11,3 0,0 0,0 0,0 0,0 1,2 0,0 2,3 1,0 0,0
LEAF 11,3 0,0 0,0 0,0 0,0 1,2 1,0 0,0 0,0 2,3
LEAF 11,3 0,0 0,0 0,0 0,0 1,2 1,0 2,3 0,0 0,0
LEAF 11,3 0,0 0,0 0,0 0,0 1,2 0,1 0,0 0,0 3,2
LEAF 11,3 0,0 0,0 0,0 0,0 1,2 3,2 0,0 0,0 0,1
LEAF 11,3 0,0 0,0 0,0 0,0 1,2 2,3 0,0 0,0 1,0
LEAF 11,3 0,0 0,0 0,0 0,0 2,2 0,0 0,0 0,0 5,0
LEAF 11,3 0,0 0,0 0,0 0,0 2,2 0,0 0,0 5,0 0,0
LEAF 11,3 0,0 0,0 0,0 0,0 2,2 0,0 5,0 0,0 0,0
LEAF 11,3 0,0 0,0 0,0 0,0 2,2 5,0 0,0 0,0 0,0
LEAF 11,3 0,0 0,0 0,0 0,0 3,2 0,0 0,0 0,0 4,0
LEAF 11,3 0,0 0,0 0,0 0,0 3,2 0,0 0,0 1,0 0,3
LEAF 11,3 0,0 0,0 0,0 0,0 3,2 0,0 0,0 4,0 0,0
LEAF 11,3 0,0 0,0 0,0 0,0 3,2 0,0 0,0 0,1 1,2
LEAF 11,3 0,0 0,0 0,0 0,0 3,2 0,0 0,0 1,2 0,1
LEAF 11,3 0,0 0,0 0,0 0,0 3,2 0,0 0,0 0,3 1,0
LEAF 11,3 0,0 0,0 0,0 0,0 3,2 0,0 1,0 0,0 0,3
LEAF 11,3 0,0 0,0 0,0 0,0 3,2 0,0 4,0 0,0 0,0
LEAF 11,3 0,0 0,0 0,0 0,0 3,2 0,0 0,1 0,0 1,2
LEAF 11,3 0,0 0,0 0,0 0,0 3,2 0,0 1,2 0,0 0,1
LEAF 11,3 0,0 0,0 0,0 0,0 3,2 0,0 0,3 0,0 1,0
LEAF 11,3 0,0 0,0 0,0 0,0 3,2 0,0 0,3 1,0 0,0
LEAF 11,3 0,0 0,0 0,0 0,0 3,2 1,0 0,0 0,0 0,3
LEAF 11,3 0,0 0,0 0,0 0,0 3,2 1,0 0,3 0,0 0,0
LEAF 11,3 0,0 0,0 0,0 0,0 3,2 4,0 0,0 0,0 0,0
LEAF 11,3 0,0 0,0 0,0 0,0 3,2 0,1 0,0 0,0 1,2
LEAF 11,3 0,0 0,0 0,0 0,0 3,2 1,2 0,0 0,0 0,1
LEAF 11,3 0,0 0,0 0,0 0,0 3,2 0,3 0,0 0,0 1,0
LEAF 11,3 0,0 0,0 0,0 0,0 4,2 0,0 0,0 0,0 0,2
LEAF 11,3 0,0 0,0 0,0 0,0 4,2 0,0 0,0 1,0 2,0
LEAF 11,3 0,0 0,0 0,0 0,0 4,2 0,0 0,0 2,0 1,0
LEAF 11,3 0,0 0,0 0,0 0,0 4,2 0,0 0,0 0,2 0,0
LEAF 11,3 0,0 0,0 0,0 0,0 4,2 0,0 1,0 0,0 2,0
LEAF 11,3 0,0 0,0 0,0 0,0 4,2 0,0 1,0 1,0 0,1
LEAF 11,3 0,0 0,0 0,0 0,0 4,2 0,0 1,0 2,0 0,0
LEAF 11,3 0,0 0,0 0,0 0,0 4,2 0,0 2,0 0,0 1,0
LEAF 11,3 0,0 0,0 0,0 0,0 4,2 0,0 2,0 1,0 0,0
LEAF 11,3 0,0 0,0 0,0 0,0 4,2 0,0 0,1 1,0 1,0
LEAF 11,3 0,0 0,0 0,0 0,0 4,2 0,0 0,2 0,0 0,0
LEAF 11,3 0,0 0,0 0,0 0,0 4,2 1,0 0,0 0,0 2,0
LEAF 11,3 0,0 0,0 0,0 0,0 4,2 1,0 0,0 1,0 0,1
LEAF 11,3 0,0 0,0 0,0 0,0 4,2 1,0 1,0 0,0 0,1
LEAF 11,3 0,0 0,0 0,0 0,0 4,2 1,0 2,0 0,0 0,0
LEAF 11,3 0,0 0,0 0,0 0,0 4,2 1,0 0,1 0,0 1,0
LEAF 11,3 0,0 0,0 0,0 0,0 4,2 1,0 0,1 1,0 0,0
LEAF 11,3 0,0 0,0 0,0 0,0 4,2 2,0 0,0 0,0 1,0
LEAF 11,3 0,0 0,0 0,0 0,0 4,2 2,0 1,0 0,0 0,0
LEAF 11,3 0,0 0,0 0,0 0,0 4,2 0,2 0,0 0,0 0,0
LEAF 11,3 0,0 0,0 0,0 0,0 0,3 0,0 0,0 1,0 3,2
LEAF 11,3 0,0 0,0 0,0 0,0 0,3 0,0 0,0 0,1 4,1
LEAF 11,3 0,0 0,0 0,0 0,0 0,3 0,0 0,0 4,1 0,1
LEAF 11,3 0,0 0,0 0,0 0,0 0,3 0,0 0,0 3,2 1,0
LEAF 11,3 0,0 0,0 0,0 0,0 0,3 0,0 1,0 0,0 3,2
LEAF 11,3 0,0 0,0 0,0 0,0 0,3 0,0 0,1 0,0 4,1
LEAF 11,3 0,0 0,0 0,0 0,0 0,3 0,0 4,1 0,0 0,1
LEAF 11,3 0,0 0,0 0,0 0,0 0,3 0,0 3,2 0,0 1,0
LEAF 11,3 0,0 0,0 0,0 0,0 0,3 0,0 3,2 1,0 0,0
LEAF 11,3 0,0 0,0 0,0 0,0 0,3 1,0 0,0 0,0 3,2
LEAF 11,3 0,0 0,0 0,0 0,0 0,3 1,0 3,2 0,0 0,0
LEAF 11,3 0,0 0,0 0,0 0,0 0,3 0,1 0,0 0,0 4,1
LEAF 11,3 0,0 0,0 0,0 0,0 0,3 4,1 0,0 0,0 0,1
LEAF 11,3 0,0 0,0 0,0 0,0 0,3 3,2 0,0 0,0 1,0
LEAF 11,3 0,0 0,0 0,0 0,0 2,3 0,0 0,0 1,0 1,2
LEAF 11,3 0,0 0,0 0,0 0,0 2,3 0,0 0,0 0,1 2,1
LEAF 11,3 0,0 0,0 0,0 0,0 2,3 0,0 0,0 2,1 0,1
LEAF 11,3 0,0 0,0 0,0 0,0 2,3 0,0 0,0 1,2 1,0
LEAF 11,3 0,0 0,0 0,0 0,0 2,3 0,0 1,0 0,0 1,2
LEAF 11,3 0,0 0,0 0,0 0,0 2,3 0,0 0,1 0,0 2,1
LEAF 11,3 0,0 0,0 0,0 0,0 2,3 0,0 2,1 0,0 0,1
LEAF 11,3 0,0 0,0 0,0 0,0 2,3 0,0 1,2 0,0 1,0
LEAF 11,3 0,0 0,0 0,0 0,0 2,3 0,0 1,2 1,0 0,0
LEAF 11,3 0,0 0,0 0,0 0,0 2,3 1,0 0,0 0,0 1,2
LEAF 11,3 0,0 0,0 0,0 0,0 2,3 1,0 1,2 0,0 0,0
LEAF 11,3 0,0 0,0 0,0 0,0 2,3 0,1 0,0 0,0 2,1
LEAF 11,3 0,0 0,0 0,0 0,0 2,3 2,1 0,0 0,0 0,1
LEAF 11,3 0,0 0,0 0,0 0,0 2,3 1,2 0,0 0,0 1,0
LEAF 11,3 0,0 0,0 0,0 0,0 3,3 0,0 0,0 0,0 1,1
LEAF 11,3 0,0 0,0 0,0 0,0 3,3 0,0 0,0 0,1 0,1
LEAF 11,3 0,0 0,0 0,0 0,0 3,3 0,0 0,0 1,1 0,0
LEAF 11,3 0,0 0,0 0,0 0,0 3,3 0,0 1,0 1,0 1,0
LEAF 11,3 0,0 0,0 0,0 0,0 3,3 0,0 0,1 0,0 0,1
LEAF 11,3 0,0 0,0 0,0 0,0 3,3 0,0 1,1 0,0 0,0
LEAF 11,3 0,0 0,0 0,0 0,0 3,3 1,0 0,0 1,0 1,0
LEAF 11,3 0,0 0,0 0,0 0,0 3,3 1,0 1,0 0,0 1,0
LEAF 11,3 0,0 0,0 0,0 0,0 3,3 1,0 1,0 1,0 0,0
LEAF 11,3 0,0 0,0 0,0 0,0 3,3 0,1 0,0 0,0 0,1
LEAF 11,3 0,0 0,0 0,0 0,0 1,4 0,0 0,0 1,0 2,1
LEAF 11,3 0,0 0,0 0,0 0,0 1,4 0,0 0,0 3,0 0,1
LEAF 11,3 0,0 0,0 0,0 0,0 1,4 0,0 0,0 0,1 3,0
LEAF 11,3 0,0 0,0 0,0 0,0 1,4 0,0 0,0 2,1 1,0
LEAF 11,3 0,0 0,0 0,0 0,0 1,4 0,0 1,0 0,0 2,1
LEAF 11,3 0,0 0,0 0,0 0,0 1,4 0,0 3,0 0,0 0,1
LEAF 11,3 0,0 0,0 0,0 0,0 1,4 0,0 0,1 0,0 3,0
LEAF 11,3 0,0 0,0 0,0 0,0 1,4 0,0 2,1 0,0 1,0
LEAF 11,3 0,0 0,0 0,0 0,0 1,4 0,0 2,1 1,0 0,0
LEAF 11,3 0,0 0,0 0,0 0,0 1,4 1,0 0,0 0,0 2,1
LEAF 11,3 0,0 0,0 0,0 0,0 1,4 1,0 2,1 0,0 0,0
LEAF 11,3 0,0 0,0 0,0 0,0 1,4 3,0 0,0 0,0 0,1
LEAF 11,3 0,0 0,0 0,0 0,0 1,4 0,1 0,0 0,0 3,0
LEAF 11,3 0,0 0,0 0,0 0,0 1,4 2,1 0,0 0,0 1,0
LEAF 11,3 0,0 0,0 0,0 0,0 2,4 0,0 0,0 0,0 2,0
LEAF 11,3 0,0 0,0 0,0 0,0 2,4 0,0 0,0 1,0 0,1
LEAF 11,3 0,0 0,0 0,0 0,0 2,4 0,0 0,0 2,0 0,0
LEAF 11,3 0,0 0,0 0,0 0,0 2,4 0,0 0,0 0,1 1,0
LEAF 11,3 0,0 0,0 0,0 0,0 2,4 0,0 1,0 0,0 0,1
LEAF 11,3 0,0 0,0 0,0 0,0 2,4 0,0 2,0 0,0 0,0
LEAF 11,3 0,0 0,0 0,0 0,0 2,4 0,0 0,1 0,0 1,0
LEAF 11,3 0,0 0,0 0,0 0,0 2,4 0,0 0,1 1,0 0,0
LEAF 11,3 0,0 0,0 0,0 0,0 2,4 1,0 0,0 0,0 0,1
LEAF 11,3 0,0 0,0 0,0 0,0 2,4 1,0 0,1 0,0 0,0
LEAF 11,3 0,0 0,0 0,0 0,0 2,4 0,1 0,0 0,0 1,0
LEAF 11,3 0,0 0,0 0,0 0,0 0,5 0,0 0,0 1,0 3,0
LEAF 11,3 0,0 0,0 0,0 0,0 0,5 0,0 0,0 3,0 1,0
LEAF 11,3 0,0 0,0 0,0 0,0 0,5 0,0 1,0 0,0 3,0
LEAF 11,3 0,0 0,0 0,0 0,0 0,5 0,0 3,0 0,0 1,0
LEAF 11,3 0,0 0,0 0,0 0,0 0,5 0,0 3,0 1,0 0,0
LEAF 11,3 0,0 0,0 0,0 0,0 0,5 1,0 0,0 0,0 3,0
LEAF 11,3 0,0 0,0 0,0 0,0 0,5 1,0 3,0 0,0 0,0
LEAF 11,3 0,0 0,0 0,0 0,0 0,5 3,0 0,0 0,0 1,0
LEAF 11,3 0,0 0,0 0,0 0,0 1,5 0,0 0,0 1,0 1,0
LEAF 11,3 0,0 0,0 0,0 0,0 1,5 0,0 1,0 0,0 1,0
LEAF 11,3 0,0 0,0 0,0 0,0 1,5 0,0 1,0 1,0 0,0
LEAF 11,3 0,0 0,0 0,0 1,0 0,0 0,0 0,0 0,0 5,4
LEAF 11,3 0,0 0,0 0,0 1,0 0,0 0,0 0,0 1,0 1,5
LEAF 11,3 0,0 0,0 0,0 1,0 0,0 0,0 0,0 2,0 4,2
LEAF 11,3 0,0 0,0 0,0 1,0 0,0 0,0 0,0 3,0 8,1
LEAF 11,3 0,0 0,0 0,0 1,0 0,0 0,0 0,0 3,0 0,5
LEAF 11,3 0,0 0,0 0,0 1,0 0,0 0,0 0,0 5,0 8,0
LEAF 11,3 0,0 0,0 0,0 1,0 0,0 0,0 0,0 6,0 0,2
LEAF 11,3 0,0 0,0 0,0 1,0 0,0 0,0 0,0 0,1 2,4
LEAF 11,3 0,0 0,0 0,0 1,0 0,0 0,0 0,0 1,1 5,1
LEAF 11,3 0,0 0,0 0,0 1,0 0,0 0,0 0,0 2,1 9,0
LEAF 11,3 0,0 0,0 0,0 1,0 0,0 0,0 0,0 2,1 1,4
LEAF 11,3 0,0 0,0 0,0 1,0 0,0 0,0 0,0 5,1 1,1
LEAF 11,3 0,0 0,0 0,0 1,0 0,0 0,0 0,0 0,2 6,0
LEAF 11,3 0,0 0,0 0,0 1,0 0,0 0,0 0,0 1,2 2,3
LEAF 11,3 0,0 0,0 0,0 1,0 0,0 0,0 0,0 3,2 0,3
LEAF 11,3 0,0 0,0 0,0 1,0 0,0 0,0 0,0 4,2 2,0
LEAF 11,3 0,0 0,0 0,0 1,0 0,0 0,0 0,0 0,3 3,2
LEAF 11,3 0,0 0,0 0,0 1,0 0,0 0,0 0,0 2,3 1,2
LEAF 11,3 0,0 0,0 0,0 1,0 0,0 0,0 0,0 1,4 2,1
LEAF 11,3 0,0 0,0 0,0 1,0 0,0 0,0 0,0 2,4 0,1
LEAF 11,3 0,0 0,0 0,0 1,0 0,0 0,0 0,0 0,5 3,0
LEAF 11,3 0,0 0,0 0,0 1,0 0,0 0,0 0,0 1,5 1,0
LEAF 11,3 0,0 0,0 0,0 1,0 0,0 0,0 1,0 0,0 1,5
LEAF 11,3 0,0 0,0 0,0 1,0 0,0 0,0 1,0 1,0 3,3
LEAF 11,3 0,0 0,0 0,0 1,0 0,0 0,0 2,0 0,0 4,2
LEAF 11,3 0,0 0,0 0,0 1,0 0,0 0,0 3,0 0,0 8,1
LEAF 11,3 0,0 0,0 0,0 1,0 0,0 0,0 3,0 0,0 0,5
LEAF 11,3 0,0 0,0 0,0 1,0 0,0 0,0 5,0 0,0 8,0
LEAF 11,3 0,0 0,0 0,0 1,0 0,0 0,0 6,0 0,0 0,2
LEAF 11,3 0,0 0,0 0,0 1,0 0,0 0,0 0,1 0,0 2,4
LEAF 11,3 0,0 0,0 0,0 1,0 0,0 0,0 0,1 1,0 4,2
LEAF 11,3 0,0 0,0 0,0 1,0 0,0 0,0 1,1 0,0 5,1
LEAF 11,3 0,0 0,0 0,0 1,0 0,0 0,0 2,1 0,0 9,0
LEAF 11,3 0,0 0,0 0,0 1,0 0,0 0,0 2,1 0,0 1,4
LEAF 11,3 0,0 0,0 0,0 1,0 0,0 0,0 5,1 0,0 1,1
LEAF 11,3 0,0 0,0 0,0 1,0 0,0 0,0 0,2 0,0 6,0
LEAF 11,3 0,0 0,0 0,0 1,0 0,0 0,0 1,2 0,0 2,3
LEAF 11,3 0,0 0,0 0,0 1,0 0,0 0,0 3,2 0,0 0,3
LEAF 11,3 0,0 0,0 0,0 1,0 0,0 0,0 4,2 0,0 2,0
LEAF 11,3 0,0 0,0 0,0 1,0 0,0 0,0 4,2 1,0 0,1
LEAF 11,3 0,0 0,0 0,0 1,0 0,0 0,0 0,3 0,0 3,2
LEAF 11,3 0,0 0,0 0,0 1,0 0,0 0,0 2,3 0,0 1,2
LEAF 11,3 0,0 0,0 0,0 1,0 0,0 0,0 3,3 1,0 1,0
LEAF 11,3 0,0 0,0 0,0 1,0 0,0 0,0 1,4 0,0 2,1
LEAF 11,3 0,0 0,0 0,0 1,0 0,0 0,0 2,4 0,0 0,1
LEAF 11,3 0,0 0,0 0,0 1,0 0,0 0,0 0,5 0,0 3,0
LEAF 11,3 0,0 0,0 0,0 1,0 0,0 0,0 1,5 0,0 1,0
LEAF 11,3 0,0 0,0 0,0 1,0 0,0 0,0 1,5 1,0 0,0
LEAF 11,3 0,0 0,0 0,0 1,0 0,0 1,0 0,0 0,0 1,5
LEAF 11,3 0,0 0,0 0,0 1,0 0,0 1,0 0,0 1,0 3,3
LEAF 11,3 0,0 0,0 0,0 1,0 0,0 1,0 1,0 0,0 3,3
LEAF 11,3 0,0 0,0 0,0 1,0 0,0 1,0 0,1 0,0 4,2
LEAF 11,3 0,0 0,0 0,0 1,0 0,0 1,0 4,2 0,0 0,1
LEAF 11,3 0,0 0,0 0,0 1,0 0,0 1,0 3,3 0,0 1,0
LEAF 11,3 0,0 0,0 0,0 1,0 0,0 1,0 3,3 1,0 0,0
LEAF 11,3 0,0 0,0 0,0 1,0 0,0 1,0 1,5 0,0 0,0
LEAF 11,3 0,0 0,0 0,0 1,0 0,0 2,0 0,0 0,0 4,2
LEAF 11,3 0,0 0,0 0,0 1,0 0,0 3,0 0,0 0,0 8,1
LEAF 11,3 0,0 0,0 0,0 1,0 0,0 3,0 0,0 0,0 0,5
LEAF 11,3 0,0 0,0 0,0 1,0 0,0 5,0 0,0 0,0 8,0
LEAF 11,3 0,0 0,0 0,0 1,0 0,0 6,0 0,0 0,0 0,2
LEAF 11,3 0,0 0,0 0,0 1,0 0,0 0,1 0,0 0,0 2,4
LEAF 11,3 0,0 0,0 0,0 1,0 0,0 1,1 0,0 0,0 5,1
LEAF 11,3 0,0 0,0 0,0 1,0 0,0 2,1 0,0 0,0 9,0
LEAF 11,3 0,0 0,0 0,0 1,0 0,0 2,1 0,0 0,0 1,4
LEAF 11,3 0,0 0,0 0,0 1,0 0,0 5,1 0,0 0,0 1,1
LEAF 11,3 0,0 0,0 0,0 1,0 0,0 0,2 0,0 0,0 6,0
LEAF 11,3 0,0 0,0 0,0 1,0 0,0 1,2 0,0 0,0 2,3
LEAF 11,3 0,0 0,0 0,0 1,0 0,0 3,2 0,0 0,0 0,3
LEAF 11,3 0,0 0,0 0,0 1,0 0,0 4,2 0,0 0,0 2,0
LEAF 11,3 0,0 0,0 0,0 1,0 0,0 0,3 0,0 0,0 3,2
LEAF 11,3 0,0 0,0 0,0 1,0 0,0 2,3 0,0 0,0 1,2
LEAF 11,3 0,0 0,0 0,0 1,0 0,0 1,4 0,0 0,0 2,1
LEAF 11,3 0,0 0,0 0,0 1,0 0,0 2,4 0,0 0,0 0,1
LEAF 11,3 0,0 0,0 0,0 1,0 0,0 0,5 0,0 0,0 3,0
LEAF 11,3 0,0 0,0 0,0 1,0 0,0 1,5 0,0 0,0 1,0
LEAF 11,3 0,0 0,0 0,0 1,0 1,0 0,0 0,0 0,0 1,5
LEAF 11,3 0,0 0,0 0,0 1,0 1,0 0,0 0,0 1,0 3,3
LEAF 11,3 0,0 0,0 0,0 1,0 1,0 0,0 0,0 0,1 4,2
LEAF 11,3 0,0 0,0 0,0 1,0 1,0 0,0 0,0 4,2 0,1
LEAF 11,3 0,0 0,0 0,0 1,0 1,0 0,0 0,0 3,3 1,0
LEAF 11,3 0,0 0,0 0,0 1,0 1,0 0,0 0,0 1,5 0,0
LEAF 11,3 0,0 0,0 0,0 1,0 1,0 0,0 1,0 0,0 3,3
LEAF 11,3 0,0 0,0 0,0 1,0 1,0 0,0 0,1 0,0 4,2
LEAF 11,3 0,0 0,0 0,0 1,0 1,0 0,0 4,2 0,0 0,1
LEAF 11,3 0,0 0,0 0,0 1,0 1,0 0,0 3,3 0,0 1,0
LEAF 11,3 0,0 0,0 0,0 1,0 1,0 0,0 3,3 1,0 0,0
LEAF 11,3 0,0 0,0 0,0 1,0 1,0 0,0 1,5 0,0 0,0
LEAF 11,3 0,0 0,0 0,0 1,0 1,0 1,0 0,0 0,0 3,3
LEAF 11,3 0,0 0,0 0,0 1,0 1,0 1,0 3,3 0,0 0,0
LEAF 11,3 0,0 0,0 0,0 1,0 1,0 0,1 0,0 0,0 4,2
LEAF 11,3 0,0 0,0 0,0 1,0 1,0 4,2 0,0 0,0 0,1
LEAF 11,3 0,0 0,0 0,0 1,0 1,0 3,3 0,0 0,0 1,0
LEAF 11,3 0,0 0,0 0,0 1,0 2,0 0,0 0,0 0,0 4,2
LEAF 11,3 0,0 0,0 0,0 1,0 2,0 0,0 0,0 2,0 9,0
LEAF 11,3 0,0 0,0 0,0 1,0 2,0 0,0 0,0 4,2 0,0
LEAF 11,3 0,0 0,0 0,0 1,0 2,0 0,0 2,0 0,0 9,0
LEAF 11,3 0,0 0,0 0,0 1,0 2,0 0,0 4,2 0,0 0,0
LEAF 11,3 0,0 0,0 0,0 1,0 2,0 2,0 0,0 0,0 9,0
LEAF 11,3 0,0 0,0 0,0 1,0 2,0 4,2 0,0 0,0 0,0
LEAF 11,3 0,0 0,0 0,0 1,0 3,0 0,0 0,0 0,0 8,1
LEAF 11,3 0,0 0,0 0,0 1,0 3,0 0,0 0,0 0,0 0,5
LEAF 11,3 0,0 0,0 0,0 1,0 3,0 0,0 0,0 0,5 0,0
LEAF 11,3 0,0 0,0 0,0 1,0 3,0 0,0 0,5 0,0 0,0
LEAF 11,3 0,0 0,0 0,0 1,0 3,0 0,5 0,0 0,0 0,0
LEAF 11,3 0,0 0,0 0,0 1,0 5,0 0,0 0,0 0,0 8,0
LEAF 11,3 0,0 0,0 0,0 1,0 6,0 0,0 0,0 0,0 0,2
LEAF 11,3 0,0 0,0 0,0 1,0 6,0 0,0 0,0 0,2 0,0
LEAF 11,3 0,0 0,0 0,0 1,0 6,0 0,0 0,2 0,0 0,0
LEAF 11,3 0,0 0,0 0,0 1,0 6,0 0,2 0,0 0,0 0,0
LEAF 11,3 0,0 0,0 0,0 1,0 0,1 0,0 0,0 0,0 2,4
LEAF 11,3 0,0 0,0 0,0 1,0 0,1 0,0 0,0 1,0 4,2
LEAF 11,3 0,0 0,0 0,0 1,0 0,1 0,0 0,0 0,1 5,1
LEAF 11,3 0,0 0,0 0,0 1,0 0,1 0,0 0,0 5,1 0,1
LEAF 11,3 0,0 0,0 0,0 1,0 0,1 0,0 0,0 4,2 1,0
LEAF 11,3 0,0 0,0 0,0 1,0 0,1 0,0 0,0 2,4 0,0
LEAF 11,3 0,0 0,0 0,0 1,0 0,1 0,0 1,0 0,0 4,2
LEAF 11,3 0,0 0,0 0,0 1,0 0,1 0,0 0,1 0,0 5,1
LEAF 11,3 0,0 0,0 0,0 1,0 0,1 0,0 5,1 0,0 0,1
LEAF 11,3 0,0 0,0 0,0 1,0 0,1 0,0 4,2 0,0 1,0
LEAF 11,3 0,0 0,0 0,0 1,0 0,1 0,0 4,2 1,0 0,0
LEAF 11,3 0,0 0,0 0,0 1,0 0,1 0,0 2,4 0,0 0,0
LEAF 11,3 0,0 0,0 0,0 1,0 0,1 1,0 0,0 0,0 4,2
LEAF 11,3 0,0 0,0 0,0 1,0 0,1 1,0 4,2 0,0 0,0
LEAF 11,3 0,0 0,0 0,0 1,0 0,1 0,1 0,0 0,0 5,1
LEAF 11,3 0,0 0,0 0,0 1,0 0,1 5,1 0,0 0,0 0,1
LEAF 11,3 0,0 0,0 0,0 1,0 0,1 4,2 0,0 0,0 1,0
LEAF 11,3 0,0 0,0 0,0 1,0 0,1 2,4 0,0 0,0 0,0
LEAF 11,3 0,0 0,0 0,0 1,0 1,1 0,0 0,0 0,0 5,1
LEAF 11,3 0,0 0,0 0,0 1,0 1,1 0,0 0,0 5,1 0,0
LEAF 11,3 0,0 0,0 0,0 1,0 1,1 0,0 5,1 0,0 0,0
LEAF 11,3 0,0 0,0 0,0 1,0 1,1 5,1 0,0 0,0 0,0
LEAF 11,3 0,0 0,0 0,0 1,0 2,1 0,0 0,0 0,0 9,0
LEAF 11,3 0,0 0,0 0,0 1,0 2,1 0,0 0,0 0,0 1,4
LEAF 11,3 0,0 0,0 0,0 1,0 2,1 0,0 0,0 1,4 0,0
LEAF 11,3 0,0 0,0 0,0 1,0 2,1 0,0 1,4 0,0 0,0
LEAF 11,3 0,0 0,0 0,0 1,0 2,1 1,4 0,0 0,0 0,0
LEAF 11,3 0,0 0,0 0,0 1,0 5,1 0,0 0,0 0,0 1,1
LEAF 11,3 0,0 0,0 0,0 1,0 5,1 0,0 0,0 0,1 0,1
LEAF 11,3 0,0 0,0 0,0 1,0 5,1 0,0 0,0 1,1 0,0
LEAF 11,3 0,0 0,0 0,0 1,0 5,1 0,0 0,1 0,0 0,1
LEAF 11,3 0,0 0,0 0,0 1,0 5,1 0,0 1,1 0,0 0,0
LEAF 11,3 0,0 0,0 0,0 1,0 5,1 0,1 0,0 0,0 0,1
LEAF 11,3 0,0 0,0 0,0 1,0 0,2 0,0 0,0 0,0 6,0
LEAF 11,3 0,0 0,0 0,0 1,0 0,2 0,0 0,0 6,0 0,0
LEAF 11,3 0,0 0,0 0,0 1,0 0,2 0,0 6,0 0,0 0,0
LEAF 11,3 0,0 0,0 0,0 1,0 0,2 6,0 0,0 0,0 0,0
LEAF 11,3 0,0 0,0 0,0 1,0 1,2 0,0 0,0 0,0 2,3
LEAF 11,3 0,0 0,0 0,0 1,0 1,2 0,0 0,0 2,3 0,0
LEAF 11,3 0,0 0,0 0,0 1,0 1,2 0,0 2,3 0,0 0,0
LEAF 11,3 0,0 0,0 0,0 1,0 1,2 2,3 0,0 0,0 0,0
LEAF 11,3 0,0 0,0 0,0 1,0 3,2 0,0 0,0 0,0 0,3
LEAF 11,3 0,0 0,0 0,0 1,0 3,2 0,0 0,0 0,3 0,0
LEAF 11,3 0,0 0,0 0,0 1,0 3,2 0,0 0,3 0,0 0,0
LEAF 11,3 0,0 0,0 0,0 1,0 3,2 0,3 0,0 0,0 0,0
LEAF 11,3 0,0 0,0 0,0 1,0 4,2 0,0 0,0 0,0 2,0
LEAF 11,3 0,0 0,0 0,0 1,0 4,2 0,0 0,0 1,0 0,1
LEAF 11,3 0,0 0,0 0,0 1,0 4,2 0,0 0,0 2,0 0,0
LEAF 11,3 0,0 0,0 0,0 1,0 4,2 0,0 0,0 0,1 1,0
LEAF 11,3 0,0 0,0 0,0 1,0 4,2 0,0 1,0 0,0 0,1
LEAF 11,3 0,0 0,0 0,0 1,0 4,2 0,0 2,0 0,0 0,0
LEAF 11,3 0,0 0,0 0,0 1,0 4,2 0,0 0,1 0,0 1,0
LEAF 11,3 0,0 0,0 0,0 1,0 4,2 0,0 0,1 1,0 0,0
LEAF 11,3 0,0 0,0 0,0 1,0 4,2 1,0 0,0 0,0 0,1
LEAF 11,3 0,0 0,0 0,0 1,0 4,2 1,0 0,1 0,0 0,0
LEAF 11,3 0,0 0,0 0,0 1,0 4,2 0,1 0,0 0,0 1,0
LEAF 11,3 0,0 0,0 0,0 1,0 0,3 0,0 0,0 0,0 3,2
LEAF 11,3 0,0 0,0 0,0 1,0 0,3 0,0 0,0 3,2 0,0
LEAF 11,3 0,0 0,0 0,0 1,0 0,3 0,0 3,2 0,0 0,0
LEAF 11,3 0,0 0,0 0,0 1,0 0,3 3,2 0,0 0,0 0,0
LEAF 11,3 0,0 0,0 0,0 1,0 2,3 0,0 0,0 0,0 1,2
LEAF 11,3 0,0 0,0 0,0 1,0 2,3 0,0 0,0 1,2 0,0
LEAF 11,3 0,0 0,0 0,0 1,0 2,3 0,0 1,2 0,0 0,0
LEAF 11,3 0,0 0,0 0,0 1,0 2,3 1,2 0,0 0,0 0,0
LEAF 11,3 0,0 0,0 0,0 1,0 3,3 0,0 0,0 1,0 1,0
LEAF 11,3 0,0 0,0 0,0 1,0 3,3 0,0 1,0 0,0 1,0
LEAF 11,3 0,0 0,0 0,0 1,0 3,3 0,0 1,0 1,0 0,0
LEAF 11,3 0,0 0,0 0,0 1,0 3,3 1,0 0,0 0,0 1,0
LEAF 11,3 0,0 0,0 0,0 1,0 3,3 1,0 0,0 1,0 0,0
LEAF 11,3 0,0 0,0 0,0 1,0 1,4 0,0 0,0 0,0 2,1
LEAF 11,3 0,0 0,0 0,0 1,0 1,4 0,0 0,0 2,1 0,0
LEAF 11,3 0,0 0,0 0,0 1,0 1,4 0,0 2,1 0,0 0,0
LEAF 11,3 0,0 0,0 0,0 1,0 1,4 2,1 0,0 0,0 0,0
LEAF 11,3 0,0 0,0 0,0 1,0 2,4 0,0 0,0 0,0 0,1
LEAF 11,3 0,0 0,0 0,0 1,0 2,4 0,0 0,0 0,1 0,0
LEAF 11,3 0,0 0,0 0,0 1,0 2,4 0,0 0,1 0,0 0,0
LEAF 11,3 0,0 0,0 0,0 1,0 0,5 0,0 0,0 0,0 3,0
LEAF 11,3 0,0 0,0 0,0 1,0 0,5 0,0 0,0 3,0 0,0
LEAF 11,3 0,0 0,0 0,0 1,0 0,5 0,0 3,0 0,0 0,0
LEAF 11,3 0,0 0,0 0,0 1,0 0,5 3,0 0,0 0,0 0,0
LEAF 11,3 0,0 0,0 0,0 2,0 0,0 0,0 0,0 0,0 2,4
LEAF 11,3 0,0 0,0 0,0 2,0 0,0 0,0 0,0 1,0 4,2
LEAF 11,3 0,0 0,0 0,0 2,0 0,0 0,0 1,0 0,0 4,2
LEAF 11,3 0,0 0,0 0,0 2,0 0,0 0,0 2,0 1,0 9,0
LEAF 11,3 0,0 0,0 0,0 2,0 0,0 0,0 0,1 0,0 5,1
LEAF 11,3 0,0 0,0 0,0 2,0 0,0 0,0 5,1 0,0 0,1
LEAF 11,3 0,0 0,0 0,0 2,0 0,0 0,0 4,2 0,0 1,0
LEAF 11,3 0,0 0,0 0,0 2,0 0,0 0,0 4,2 1,0 0,0
LEAF 11,3 0,0 0,0 0,0 2,0 0,0 0,0 2,4 0,0 0,0
LEAF 11,3 0,0 0,0 0,0 2,0 0,0 1,0 0,0 0,0 4,2
LEAF 11,3 0,0 0,0 0,0 2,0 0,0 1,0 2,0 0,0 9,0
LEAF 11,3 0,0 0,0 0,0 2,0 0,0 0,1 0,0 0,0 5,1
LEAF 11,3 0,0 0,0 0,0 2,0 0,0 5,1 0,0 0,0 0,1
LEAF 11,3 0,0 0,0 0,0 2,0 0,0 4,2 0,0 0,0 1,0
LEAF 11,3 0,0 0,0 0,0 2,0 0,0 2,4 0,0 0,0 0,0
LEAF 11,3 0,0 0,0 0,0 2,0 1,0 0,0 0,0 0,0 4,2
LEAF 11,3 0,0 0,0 0,0 2,0 1,0 0,0 2,0 0,0 9,0
LEAF 11,3 0,0 0,0 0,0 2,0 1,0 0,0 4,2 0,0 0,0
LEAF 11,3 0,0 0,0 0,0 2,0 1,0 2,0 0,0 0,0 9,0
LEAF 11,3 0,0 0,0 0,0 2,0 1,0 4,2 0,0 0,0 0,0
LEAF 11,3 0,0 0,0 0,0 2,0 2,0 1,0 0,0 0,0 9,0
LEAF 11,3 0,0 0,0 0,0 3,0 0,0 0,0 0,0 0,0 6,0
LEAF 11,3 0,0 0,0 0,0 3,0 0,0 0,0 0,0 1,0 8,1
LEAF 11,3 0,0 0,0 0,0 3,0 0,0 0,0 0,0 1,0 0,5
LEAF 11,3 0,0 0,0 0,0 3,0 0,0 0,0 1,0 0,0 8,1
LEAF 11,3 0,0 0,0 0,0 3,0 0,0 0,0 1,0 0,0 0,5
LEAF 11,3 0,0 0,0 0,0 3,0 0,0 0,0 6,0 0,0 0,0
LEAF 11,3 0,0 0,0 0,0 3,0 0,0 0,0 0,1 0,0 9,0
LEAF 11,3 0,0 0,0 0,0 3,0 0,0 0,0 0,1 0,0 1,4
LEAF 11,3 0,0 0,0 0,0 3,0 0,0 0,0 1,4 0,0 0,1
LEAF 11,3 0,0 0,0 0,0 3,0 0,0 0,0 0,5 0,0 1,0
LEAF 11,3 0,0 0,0 0,0 3,0 0,0 0,0 0,5 1,0 0,0
LEAF 11,3 0,0 0,0 0,0 3,0 0,0 1,0 0,0 0,0 8,1
LEAF 11,3 0,0 0,0 0,0 3,0 0,0 1,0 0,0 0,0 0,5
LEAF 11,3 0,0 0,0 0,0 3,0 0,0 6,0 0,0 0,0 0,0
LEAF 11,3 0,0 0,0 0,0 3,0 0,0 0,1 0,0 0,0 9,0
LEAF 11,3 0,0 0,0 0,0 3,0 0,0 0,1 0,0 0,0 1,4
LEAF 11,3 0,0 0,0 0,0 3,0 0,0 1,4 0,0 0,0 0,1
LEAF 11,3 0,0 0,0 0,0 3,0 0,0 0,5 0,0 0,0 1,0
LEAF 11,3 0,0 0,0 0,0 3,0 1,0 0,0 0,0 0,0 8,1
LEAF 11,3 0,0 0,0 0,0 3,0 1,0 0,0 0,0 0,0 0,5
LEAF 11,3 0,0 0,0 0,0 3,0 1,0 0,5 0,0 0,0 0,0
LEAF 11,3 0,0 0,0 0,0 4,0 0,0 0,0 0,0 0,0 3,2
LEAF 11,3 0,0 0,0 0,0 4,0 0,0 0,0 3,2 0,0 0,0
LEAF 11,3 0,0 0,0 0,0 4,0 0,0 3,2 0,0 0,0 0,0
LEAF 11,3 0,0 0,0 0,0 5,0 0,0 0,0 0,0 0,0 2,2
LEAF 11,3 0,0 0,0 0,0 5,0 0,0 0,0 0,0 1,0 8,0
LEAF 11,3 0,0 0,0 0,0 5,0 0,0 0,0 1,0 0,0 8,0
LEAF 11,3 0,0 0,0 0,0 5,0 0,0 0,0 2,2 0,0 0,0
LEAF 11,3 0,0 0,0 0,0 5,0 0,0 1,0 0,0 0,0 8,0
LEAF 11,3 0,0 0,0 0,0 5,0 0,0 2,2 0,0 0,0 0,0
LEAF 11,3 0,0 0,0 0,0 5,0 1,0 0,0 0,0 0,0 8,0
LEAF 11,3 0,0 0,0 0,0 6,0 0,0 0,0 0,0 0,0 3,0
LEAF 11,3 0,0 0,0 0,0 6,0 0,0 0,0 0,0 1,0 0,2
LEAF 11,3 0,0 0,0 0,0 6,0 0,0 0,0 1,0 0,0 0,2
LEAF 11,3 0,0 0,0 0,0 6,0 0,0 0,0 3,0 0,0 0,0
LEAF 11,3 0,0 0,0 0,0 6,0 0,0 0,0 0,1 0,0 1,1
LEAF 11,3 0,0 0,0 0,0 6,0 0,0 0,0 1,1 0,0 0,1
LEAF 11,3 0,0 0,0 0,0 6,0 0,0 0,0 0,2 0,0 1,0
LEAF 11,3 0,0 0,0 0,0 6,0 0,0 0,0 0,2 1,0 0,0
LEAF 11,3 0,0 0,0 0,0 6,0 0,0 1,0 0,0 0,0 0,2
LEAF 11,3 0,0 0,0 0,0 6,0 0,0 3,0 0,0 0,0 0,0
LEAF 11,3 0,0 0,0 0,0 6,0 0,0 0,1 0,0 0,0 1,1
LEAF 11,3 0,0 0,0 0,0 6,0 0,0 1,1 0,0 0,0 0,1
LEAF 11,3 0,0 0,0 0,0 6,0 0,0 0,2 0,0 0,0 1,0
LEAF 11,3 0,0 0,0 0,0 6,0 1,0 0,0 0,0 0,0 0,2
LEAF 11,3 0,0 0,0 0,0 6,0 1,0 0,2 0,0 0,0 0,0
LEAF 11,3 0,0 0,0 0,0 0,1 0,0 0,0 0,0 0,0 6,3
LEAF 11,3 0,0 0,0 0,0 0,1 0,0 0,0 0,0 0,0 0,6
LEAF 11,3 0,0 0,0 0,0 0,1 0,0 0,0 0,0 1,0 2,4
LEAF 11,3 0,0 0,0 0,0 0,1 0,0 0,0 1,0 0,0 2,4
LEAF 11,3 0,0 0,0 0,0 0,1 0,0 0,0 1,0 1,0 4,2
LEAF 11,3 0,0 0,0 0,0 0,1 0,0 0,0 2,0 0,0 5,1
LEAF 11,3 0,0 0,0 0,0 0,1 0,0 0,0 3,0 0,0 9,0
LEAF 11,3 0,0 0,0 0,0 0,1 0,0 0,0 3,0 0,0 1,4
LEAF 11,3 0,0 0,0 0,0 0,1 0,0 0,0 6,0 0,0 1,1
LEAF 11,3 0,0 0,0 0,0 0,1 0,0 0,0 0,1 0,0 3,3
LEAF 11,3 0,0 0,0 0,0 0,1 0,0 0,0 0,1 1,0 5,1
LEAF 11,3 0,0 0,0 0,0 0,1 0,0 0,0 1,1 0,0 6,0
LEAF 11,3 0,0 0,0 0,0 0,1 0,0 0,0 2,1 0,0 2,3
LEAF 11,3 0,0 0,0 0,0 0,1 0,0 0,0 4,1 0,0 0,3
LEAF 11,3 0,0 0,0 0,0 0,1 0,0 0,0 5,1 0,0 2,0
LEAF 11,3 0,0 0,0 0,0 0,1 0,0 0,0 5,1 1,0 0,1
LEAF 11,3 0,0 0,0 0,0 0,1 0,0 0,0 1,2 0,0 3,2
LEAF 11,3 0,0 0,0 0,0 0,1 0,0 0,0 3,2 0,0 1,2
LEAF 11,3 0,0 0,0 0,0 0,1 0,0 0,0 4,2 1,0 1,0
LEAF 11,3 0,0 0,0 0,0 0,1 0,0 0,0 0,3 0,0 4,1
LEAF 11,3 0,0 0,0 0,0 0,1 0,0 0,0 2,3 0,0 2,1
LEAF 11,3 0,0 0,0 0,0 0,1 0,0 0,0 3,3 0,0 0,1
LEAF 11,3 0,0 0,0 0,0 0,1 0,0 0,0 1,4 0,0 3,0
LEAF 11,3 0,0 0,0 0,0 0,1 0,0 0,0 2,4 0,0 1,0
LEAF 11,3 0,0 0,0 0,0 0,1 0,0 0,0 2,4 1,0 0,0
LEAF 11,3 0,0 0,0 0,0 0,1 0,0 0,0 0,6 0,0 0,0
LEAF 11,3 0,0 0,0 0,0 0,1 0,0 1,0 0,0 0,0 2,4
LEAF 11,3 0,0 0,0 0,0 0,1 0,0 1,0 1,0 0,0 4,2
LEAF 11,3 0,0 0,0 0,0 0,1 0,0 2,0 0,0 0,0 5,1
LEAF 11,3 0,0 0,0 0,0 0,1 0,0 3,0 0,0 0,0 9,0
LEAF 11,3 0,0 0,0 0,0 0,1 0,0 3,0 0,0 0,0 1,4
LEAF 11,3 0,0 0,0 0,0 0,1 0,0 6,0 0,0 0,0 1,1
LEAF 11,3 0,0 0,0 0,0 0,1 0,0 0,1 0,0 0,0 3,3
LEAF 11,3 0,0 0,0 0,0 0,1 0,0 1,1 0,0 0,0 6,0
LEAF 11,3 0,0 0,0 0,0 0,1 0,0 2,1 0,0 0,0 2,3
LEAF 11,3 0,0 0,0 0,0 0,1 0,0 4,1 0,0 0,0 0,3
LEAF 11,3 0,0 0,0 0,0 0,1 0,0 5,1 0,0 0,0 2,0
LEAF 11,3 0,0 0,0 0,0 0,1 0,0 1,2 0,0 0,0 3,2
LEAF 11,3 0,0 0,0 0,0 0,1 0,0 3,2 0,0 0,0 1,2
LEAF 11,3 0,0 0,0 0,0 0,1 0,0 0,3 0,0 0,0 4,1
LEAF 11,3 0,0 0,0 0,0 0,1 0,0 2,3 0,0 0,0 2,1
LEAF 11,3 0,0 0,0 0,0 0,1 0,0 3,3 0,0 0,0 0,1
LEAF 11,3 0,0 0,0 0,0 0,1 0,0 1,4 0,0 0,0 3,0
LEAF 11,3 0,0 0,0 0,0 0,1 0,0 2,4 0,0 0,0 1,0
LEAF 11,3 0,0 0,0 0,0 0,1 1,0 0,0 0,0 0,0 2,4
LEAF 11,3 0,0 0,0 0,0 0,1 1,0 1,0 0,0 0,0 4,2
LEAF 11,3 0,0 0,0 0,0 0,1 1,0 0,1 0,0 0,0 5,1
LEAF 11,3 0,0 0,0 0,0 0,1 1,0 5,1 0,0 0,0 0,1
LEAF 11,3 0,0 0,0 0,0 0,1 1,0 4,2 0,0 0,0 1,0
LEAF 11,3 0,0 0,0 0,0 0,1 1,0 2,4 0,0 0,0 0,0
LEAF 11,3 0,0 0,0 0,0 1,1 0,0 0,0 0,0 0,0 3,3
LEAF 11,3 0,0 0,0 0,0 1,1 0,0 0,0 0,0 1,0 5,1
LEAF 11,3 0,0 0,0 0,0 1,1 0,0 0,0 1,0 0,0 5,1
LEAF 11,3 0,0 0,0 0,0 1,1 0,0 0,0 6,0 0,0 0,1
LEAF 11,3 0,0 0,0 0,0 1,1 0,0 0,0 0,1 0,0 6,0
LEAF 11,3 0,0 0,0 0,0 1,1 0,0 0,0 5,1 0,0 1,0
LEAF 11,3 0,0 0,0 0,0 1,1 0,0 0,0 5,1 1,0 0,0
LEAF 11,3 0,0 0,0 0,0 1,1 0,0 0,0 3,3 0,0 0,0
LEAF 11,3 0,0 0,0 0,0 1,1 0,0 1,0 0,0 0,0 5,1
LEAF 11,3 0,0 0,0 0,0 1,1 0,0 6,0 0,0 0,0 0,1
LEAF 11,3 0,0 0,0 0,0 1,1 0,0 0,1 0,0 0,0 6,0
LEAF 11,3 0,0 0,0 0,0 1,1 0,0 5,1 0,0 0,0 1,0
LEAF 11,3 0,0 0,0 0,0 1,1 0,0 3,3 0,0 0,0 0,0
LEAF 11,3 0,0 0,0 0,0 1,1 1,0 0,0 0,0 0,0 5,1
LEAF 11,3 0,0 0,0 0,0 1,1 1,0 5,1 0,0 0,0 0,0
LEAF 11,3 0,0 0,0 0,0 2,1 0,0 0,0 0,0 1,0 9,0
LEAF 11,3 0,0 0,0 0,0 2,1 0,0 0,0 0,0 1,0 1,4
LEAF 11,3 0,0 0,0 0,0 2,1 0,0 0,0 1,0 0,0 9,0
LEAF 11,3 0,0 0,0 0,0 2,1 0,0 0,0 1,0 0,0 1,4
LEAF 11,3 0,0 0,0 0,0 2,1 0,0 0,0 0,1 0,0 2,3
LEAF 11,3 0,0 0,0 0,0 2,1 0,0 0,0 2,3 0,0 0,1
LEAF 11,3 0,0 0,0 0,0 2,1 0,0 0,0 1,4 0,0 1,0
LEAF 11,3 0,0 0,0 0,0 2,1 0,0 0,0 1,4 1,0 0,0
LEAF 11,3 0,0 0,0 0,0 2,1 0,0 1,0 0,0 0,0 9,0
LEAF 11,3 0,0 0,0 0,0 2,1 0,0 1,0 0,0 0,0 1,4
LEAF 11,3 0,0 0,0 0,0 2,1 0,0 0,1 0,0 0,0 2,3
LEAF 11,3 0,0 0,0 0,0 2,1 0,0 2,3 0,0 0,0 0,1
LEAF 11,3 0,0 0,0 0,0 2,1 0,0 1,4 0,0 0,0 1,0
LEAF 11,3 0,0 0,0 0,0 2,1 1,0 0,0 0,0 0,0 9,0
LEAF 11,3 0,0 0,0 0,0 2,1 1,0 0,0 0,0 0,0 1,4
LEAF 11,3 0,0 0,0 0,0 2,1 1,0 1,4 0,0 0,0 0,0
LEAF 11,3 0,0 0,0 0,0 3,1 0,0 0,0 0,0 0,0 4,1
LEAF 11,3 0,0 0,0 0,0 3,1 0,0 0,0 4,1 0,0 0,0
LEAF 11,3 0,0 0,0 0,0 3,1 0,0 4,1 0,0 0,0 0,0
LEAF 11,3 0,0 0,0 0,0 4,1 0,0 0,0 0,0 0,0 3,1
LEAF 11,3 0,0 0,0 0,0 4,1 0,0 0,0 0,1 0,0 0,3
LEAF 11,3 0,0 0,0 0,0 4,1 0,0 0,0 3,1 0,0 0,0
LEAF 11,3 0,0 0,0 0,0 4,1 0,0 0,0 0,3 0,0 0,1
LEAF 11,3 0,0 0,0 0,0 4,1 0,0 0,1 0,0 0,0 0,3
LEAF 11,3 0,0 0,0 0,0 4,1 0,0 3,1 0,0 0,0 0,0
LEAF 11,3 0,0 0,0 0,0 4,1 0,0 0,3 0,0 0,0 0,1
LEAF 11,3 0,0 0,0 0,0 5,1 0,0 0,0 0,0 1,0 1,1
LEAF 11,3 0,0 0,0 0,0 5,1 0,0 0,0 1,0 0,0 1,1
LEAF 11,3 0,0 0,0 0,0 5,1 0,0 0,0 2,0 0,0 0,1
LEAF 11,3 0,0 0,0 0,0 5,1 0,0 0,0 0,1 0,0 2,0
LEAF 11,3 0,0 0,0 0,0 5,1 0,0 0,0 0,1 1,0 0,1
LEAF 11,3 0,0 0,0 0,0 5,1 0,0 0,0 1,1 0,0 1,0
LEAF 11,3 0,0 0,0 0,0 5,1 0,0 0,0 1,1 1,0 0,0
LEAF 11,3 0,0 0,0 0,0 5,1 0,0 1,0 0,0 0,0 1,1
LEAF 11,3 0,0 0,0 0,0 5,1 0,0 2,0 0,0 0,0 0,1
LEAF 11,3 0,0 0,0 0,0 5,1 0,0 0,1 0,0 0,0 2,0
LEAF 11,3 0,0 0,0 0,0 5,1 0,0 1,1 0,0 0,0 1,0
LEAF 11,3 0,0 0,0 0,0 5,1 1,0 0,0 0,0 0,0 1,1
LEAF 11,3 0,0 0,0 0,0 5,1 1,0 0,1 0,0 0,0 0,1
LEAF 11,3 0,0 0,0 0,0 5,1 1,0 1,1 0,0 0,0 0,0
LEAF 11,3 0,0 0,0 0,0 0,2 0,0 0,0 0,0 0,0 4,2
LEAF 11,3 0,0 0,0 0,0 0,2 0,0 0,0 0,0 1,0 6,0
LEAF 11,3 0,0 0,0 0,0 0,2 0,0 0,0 1,0 0,0 6,0
LEAF 11,3 0,0 0,0 0,0 0,2 0,0 0,0 6,0 0,0 1,0
LEAF 11,3 0,0 0,0 0,0 0,2 0,0 0,0 6,0 1,0 0,0
LEAF 11,3 0,0 0,0 0,0 0,2 0,0 0,0 4,2 0,0 0,0
LEAF 11,3 0,0 0,0 0,0 0,2 0,0 1,0 0,0 0,0 6,0
LEAF 11,3 0,0 0,0 0,0 0,2 0,0 6,0 0,0 0,0 1,0
LEAF 11,3 0,0 0,0 0,0 0,2 0,0 4,2 0,0 0,0 0,0
LEAF 11,3 0,0 0,0 0,0 0,2 1,0 0,0 0,0 0,0 6,0
LEAF 11,3 0,0 0,0 0,0 0,2 1,0 6,0 0,0 0,0 0,0
LEAF 11,3 0,0 0,0 0,0 1,2 0,0 0,0 0,0 1,0 2,3
LEAF 11,3 0,0 0,0 0,0 1,2 0,0 0,0 1,0 0,0 2,3
LEAF 11,3 0,0 0,0 0,0 1,2 0,0 0,0 0,1 0,0 3,2
LEAF 11,3 0,0 0,0 0,0 1,2 0,0 0,0 3,2 0,0 0,1
LEAF 11,3 0,0 0,0 0,0 1,2 0,0 0,0 2,3 0,0 1,0
LEAF 11,3 0,0 0,0 0,0 1,2 0,0 0,0 2,3 1,0 0,0
LEAF 11,3 0,0 0,0 0,0 1,2 0,0 1,0 0,0 0,0 2,3
LEAF 11,3 0,0 0,0 0,0 1,2 0,0 0,1 0,0 0,0 3,2
LEAF 11,3 0,0 0,0 0,0 1,2 0,0 3,2 0,0 0,0 0,1
LEAF 11,3 0,0 0,0 0,0 1,2 0,0 2,3 0,0 0,0 1,0
LEAF 11,3 0,0 0,0 0,0 1,2 1,0 0,0 0,0 0,0 2,3
LEAF 11,3 0,0 0,0 0,0 1,2 1,0 2,3 0,0 0,0 0,0
LEAF 11,3 0,0 0,0 0,0 2,2 0,0 0,0 0,0 0,0 5,0
LEAF 11,3 0,0 0,0 0,0 2,2 0,0 0,0 5,0 0,0 0,0
LEAF 11,3 0,0 0,0 0,0 2,2 0,0 5,0 0,0 0,0 0,0
LEAF 11,3 0,0 0,0 0,0 3,2 0,0 0,0 0,0 0,0 4,0
LEAF 11,3 0,0 0,0 0,0 3,2 0,0 0,0 0,0 1,0 0,3
LEAF 11,3 0,0 0,0 0,0 3,2 0,0 0,0 1,0 0,0 0,3
LEAF 11,3 0,0 0,0 0,0 3,2 0,0 0,0 4,0 0,0 0,0
LEAF 11,3 0,0 0,0 0,0 3,2 0,0 0,0 0,1 0,0 1,2
LEAF 11,3 0,0 0,0 0,0 3,2 0,0 0,0 1,2 0,0 0,1
LEAF 11,3 0,0 0,0 0,0 3,2 0,0 0,0 0,3 0,0 1,0
LEAF 11,3 0,0 0,0 0,0 3,2 0,0 0,0 0,3 1,0 0,0
LEAF 11,3 0,0 0,0 0,0 3,2 0,0 1,0 0,0 0,0 0,3
LEAF 11,3 0,0 0,0 0,0 3,2 0,0 4,0 0,0 0,0 0,0
LEAF 11,3 0,0 0,0 0,0 3,2 0,0 0,1 0,0 0,0 1,2
LEAF 11,3 0,0 0,0 0,0 3,2 0,0 1,2 0,0 0,0 0,1
LEAF 11,3 0,0 0,0 0,0 3,2 0,0 0,3 0,0 0,0 1,0
LEAF 11,3 0,0 0,0 0,0 3,2 1,0 0,0 0,0 0,0 0,3
LEAF 11,3 0,0 0,0 0,0 3,2 1,0 0,3 0,0 0,0 0,0
LEAF 11,3 0,0 0,0 0,0 4,2 0,0 0,0 0,0 0,0 0,2
LEAF 11,3 0,0 0,0 0,0 4,2 0,0 0,0 0,0 1,0 2,0
LEAF 11,3 0,0 0,0 0,0 4,2 0,0 0,0 1,0 0,0 2,0
LEAF 11,3 0,0 0,0 0,0 4,2 0,0 0,0 1,0 1,0 0,1
LEAF 11,3 0,0 0,0 0,0 4,2 0,0 0,0 2,0 0,0 1,0
LEAF 11,3 0,0 0,0 0,0 4,2 0,0 0,0 2,0 1,0 0,0
LEAF 11,3 0,0 0,0 0,0 4,2 0,0 0,0 0,1 1,0 1,0
LEAF 11,3 0,0 0,0 0,0 4,2 0,0 0,0 0,2 0,0 0,0
LEAF 11,3 0,0 0,0 0,0 4,2 0,0 1,0 0,0 0,0 2,0
LEAF 11,3 0,0 0,0 0,0 4,2 0,0 1,0 1,0 0,0 0,1
LEAF 11,3 0,0 0,0 0,0 4,2 0,0 2,0 0,0 0,0 1,0
LEAF 11,3 0,0 0,0 0,0 4,2 0,0 0,2 0,0 0,0 0,0
LEAF 11,3 0,0 0,0 0,0 4,2 1,0 0,0 0,0 0,0 2,0
LEAF 11,3 0,0 0,0 0,0 4,2 1,0 1,0 0,0 0,0 0,1
LEAF 11,3 0,0 0,0 0,0 4,2 1,0 2,0 0,0 0,0 0,0
LEAF 11,3 0,0 0,0 0,0 4,2 1,0 0,1 0,0 0,0 1,0
LEAF 11,3 0,0 0,0 0,0 0,3 0,0 0,0 0,0 1,0 3,2
LEAF 11,3 0,0 0,0 0,0 0,3 0,0 0,0 1,0 0,0 3,2
LEAF 11,3 0,0 0,0 0,0 0,3 0,0 0,0 0,1 0,0 4,1
LEAF 11,3 0,0 0,0 0,0 0,3 0,0 0,0 4,1 0,0 0,1
LEAF 11,3 0,0 0,0 0,0 0,3 0,0 0,0 3,2 0,0 1,0
LEAF 11,3 0,0 0,0 0,0 0,3 0,0 0,0 3,2 1,0 0,0
LEAF 11,3 0,0 0,0 0,0 0,3 0,0 1,0 0,0 0,0 3,2
LEAF 11,3 0,0 0,0 0,0 0,3 0,0 0,1 0,0 0,0 4,1
LEAF 11,3 0,0 0,0 0,0 0,3 0,0 4,1 0,0 0,0 0,1
LEAF 11,3 0,0 0,0 0,0 0,3 0,0 3,2 0,0 0,0 1,0
LEAF 11,3 0,0 0,0 0,0 0,3 1,0 0,0 0,0 0,0 3,2
LEAF 11,3 0,0 0,0 0,0 0,3 1,0 3,2 0,0 0,0 0,0
LEAF 11,3 0,0 0,0 0,0 2,3 0,0 0,0 0,0 1,0 1,2
LEAF 11,3 0,0 0,0 0,0 2,3 0,0 0,0 1,0 0,0 1,2
LEAF 11,3 0,0 0,0 0,0 2,3 0,0 0,0 0,1 0,0 2,1
LEAF 11,3 0,0 0,0 0,0 2,3 0,0 0,0 2,1 0,0 0,1
LEAF 11,3 0,0 0,0 0,0 2,3 0,0 0,0 1,2 0,0 1,0
LEAF 11,3 0,0 0,0 0,0 2,3 0,0 0,0 1,2 1,0 0,0
LEAF 11,3 0,0 0,0 0,0 2,3 0,0 1,0 0,0 0,0 1,2
LEAF 11,3 0,0 0,0 0,0 2,3 0,0 0,1 0,0 0,0 2,1
LEAF 11,3 0,0 0,0 0,0 2,3 0,0 2,1 0,0 0,0 0,1
LEAF 11,3 0,0 0,0 0,0 2,3 0,0 1,2 0,0 0,0 1,0
LEAF 11,3 0,0 0,0 0,0 2,3 1,0 0,0 0,0 0,0 1,2
LEAF 11,3 0,0 0,0 0,0 2,3 1,0 1,2 0,0 0,0 0,0
LEAF 11,3 0,0 0,0 0,0 3,3 0,0 0,0 0,0 0,0 1,1
LEAF 11,3 0,0 0,0 0,0 3,3 0,0 0,0 1,0 1,0 1,0
LEAF 11,3 0,0 0,0 0,0 3,3 0,0 0,0 0,1 0,0 0,1
LEAF 11,3 0,0 0,0 0,0 3,3 0,0 0,0 1,1 0,0 0,0
LEAF 11,3 0,0 0,0 0,0 3,3 0,0 1,0 1,0 0,0 1,0
LEAF 11,3 0,0 0,0 0,0 3,3 0,0 0,1 0,0 0,0 0,1
LEAF 11,3 0,0 0,0 0,0 3,3 0,0 1,1 0,0 0,0 0,0
LEAF 11,3 0,0 0,0 0,0 3,3 1,0 1,0 0,0 0,0 1,0
LEAF 11,3 0,0 0,0 0,0 1,4 0,0 0,0 0,0 1,0 2,1
LEAF 11,3 0,0 0,0 0,0 1,4 0,0 0,0 1,0 0,0 2,1
LEAF 11,3 0,0 0,0 0,0 1,4 0,0 0,0 3,0 0,0 0,1
LEAF 11,3 0,0 0,0 0,0 1,4 0,0 0,0 0,1 0,0 3,0
LEAF 11,3 0,0 0,0 0,0 1,4 0,0 0,0 2,1 0,0 1,0
LEAF 11,3 0,0 0,0 0,0 1,4 0,0 0,0 2,1 1,0 0,0
LEAF 11,3 0,0 0,0 0,0 1,4 0,0 1,0 0,0 0,0 2,1
LEAF 11,3 0,0 0,0 0,0 1,4 0,0 3,0 0,0 0,0 0,1
LEAF 11,3 0,0 0,0 0,0 1,4 0,0 0,1 0,0 0,0 3,0
LEAF 11,3 0,0 0,0 0,0 1,4 0,0 2,1 0,0 0,0 1,0
LEAF 11,3 0,0 0,0 0,0 1,4 1,0 0,0 0,0 0,0 2,1
LEAF 11,3 0,0 0,0 0,0 1,4 1,0 2,1 0,0 0,0 0,0
LEAF 11,3 0,0 0,0 0,0 2,4 0,0 0,0 0,0 0,0 2,0
LEAF 11,3 0,0 0,0 0,0 2,4 0,0 0,0 0,0 1,0 0,1
LEAF 11,3 0,0 0,0 0,0 2,4 0,0 0,0 1,0 0,0 0,1
LEAF 11,3 0,0 0,0 0,0 2,4 0,0 0,0 2,0 0,0 0,0
LEAF 11,3 0,0 0,0 0,0 2,4 0,0 0,0 0,1 0,0 1,0
LEAF 11,3 0,0 0,0 0,0 2,4 0,0 0,0 0,1 1,0 0,0
LEAF 11,3 0,0 0,0 0,0 2,4 0,0 1,0 0,0 0,0 0,1
LEAF 11,3 0,0 0,0 0,0 2,4 0,0 2,0 0,0 0,0 0,0
LEAF 11,3 0,0 0,0 0,0 2,4 0,0 0,1 0,0 0,0 1,0
LEAF 11,3 0,0 0,0 0,0 2,4 1,0 0,0 0,0 0,0 0,1
LEAF 11,3 0,0 0,0 0,0 2,4 1,0 0,1 0,0 0,0 0,0
LEAF 11,3 0,0 0,0 0,0 0,5 0,0 0,0 0,0 1,0 3,0
LEAF 11,3 0,0 0,0 0,0 0,5 0,0 0,0 1,0 0,0 3,0
LEAF 11,3 0,0 0,0 0,0 0,5 0,0 0,0 3,0 0,0 1,0
LEAF 11,3 0,0 0,0 0,0 0,5 0,0 0,0 3,0 1,0 0,0
LEAF 11,3 0,0 0,0 0,0 0,5 0,0 1,0 0,0 0,0 3,0
LEAF 11,3 0,0 0,0 0,0 0,5 0,0 3,0 0,0 0,0 1,0
LEAF 11,3 0,0 0,0 0,0 0,5 1,0 0,0 0,0 0,0 3,0
LEAF 11,3 0,0 0,0 0,0 0,5 1,0 3,0 0,0 0,0 0,0
LEAF 11,3 0,0 0,0 0,0 1,5 0,0 0,0 0,0 1,0 1,0
LEAF 11,3 0,0 0,0 0,0 1,5 0,0 0,0 1,0 0,0 1,0
LEAF 11,3 0,0 0,0 0,0 1,5 0,0 0,0 1,0 1,0 0,0
LEAF 11,3 0,0 0,0 0,0 1,5 0,0 1,0 0,0 0,0 1,0
LEAF 11,3 0,0 0,0 0,0 1,5 0,0 1,0 1,0 0,0 0,0
LEAF 11,3 0,0 0,0 1,0 0,0 0,0 0,0 0,0 0,0 5,4
LEAF 11,3 0,0 0,0 1,0 0,0 0,0 0,0 0,0 1,0 1,5
LEAF 11,3 0,0 0,0 1,0 0,0 0,0 0,0 0,0 2,0 4,2
LEAF 11,3 0,0 0,0 1,0 0,0 0,0 0,0 0,0 3,0 8,1
LEAF 11,3 0,0 0,0 1,0 0,0 0,0 0,0 0,0 3,0 0,5
LEAF 11,3 0,0 0,0 1,0 0,0 0,0 0,0 0,0 5,0 8,0
LEAF 11,3 0,0 0,0 1,0 0,0 0,0 0,0 0,0 6,0 0,2
LEAF 11,3 0,0 0,0 1,0 0,0 0,0 0,0 0,0 0,1 2,4
LEAF 11,3 0,0 0,0 1,0 0,0 0,0 0,0 0,0 1,1 5,1
LEAF 11,3 0,0 0,0 1,0 0,0 0,0 0,0 0,0 2,1 9,0
LEAF 11,3 0,0 0,0 1,0 0,0 0,0 0,0 0,0 2,1 1,4
LEAF 11,3 0,0 0,0 1,0 0,0 0,0 0,0 0,0 5,1 1,1
LEAF 11,3 0,0 0,0 1,0 0,0 0,0 0,0 0,0 0,2 6,0
LEAF 11,3 0,0 0,0 1,0 0,0 0,0 0,0 0,0 1,2 2,3
LEAF 11,3 0,0 0,0 1,0 0,0 0,0 0,0 0,0 3,2 0,3
LEAF 11,3 0,0 0,0 1,0 0,0 0,0 0,0 0,0 4,2 2,0
LEAF 11,3 0,0 0,0 1,0 0,0 0,0 0,0 0,0 0,3 3,2
LEAF 11,3 0,0 0,0 1,0 0,0 0,0 0,0 0,0 2,3 1,2
LEAF 11,3 0,0 0,0 1,0 0,0 0,0 0,0 0,0 1,4 2,1
LEAF 11,3 0,0 0,0 1,0 0,0 0,0 0,0 0,0 2,4 0,1
LEAF 11,3 0,0 0,0 1,0 0,0 0,0 0,0 0,0 0,5 3,0
LEAF 11,3 0,0 0,0 1,0 0,0 0,0 0,0 0,0 1,5 1,0
LEAF 11,3 0,0 0,0 1,0 0,0 0,0 0,0 1,0 0,0 1,5
LEAF 11,3 0,0 0,0 1,0 0,0 0,0 0,0 1,0 1,0 3,3
LEAF 11,3 0,0 0,0 1,0 0,0 0,0 0,0 1,0 0,1 4,2
LEAF 11,3 0,0 0,0 1,0 0,0 0,0 0,0 1,0 4,2 0,1
LEAF 11,3 0,0 0,0 1,0 0,0 0,0 0,0 1,0 3,3 1,0
LEAF 11,3 0,0 0,0 1,0 0,0 0,0 0,0 1,0 1,5 0,0
LEAF 11,3 0,0 0,0 1,0 0,0 0,0 0,0 2,0 0,0 4,2
LEAF 11,3 0,0 0,0 1,0 0,0 0,0 0,0 2,0 2,0 9,0
LEAF 11,3 0,0 0,0 1,0 0,0 0,0 0,0 3,0 0,0 8,1
LEAF 11,3 0,0 0,0 1,0 0,0 0,0 0,0 3,0 0,0 0,5
LEAF 11,3 0,0 0,0 1,0 0,0 0,0 0,0 5,0 0,0 8,0
LEAF 11,3 0,0 0,0 1,0 0,0 0,0 0,0 6,0 0,0 0,2
LEAF 11,3 0,0 0,0 1,0 0,0 0,0 0,0 0,1 0,0 2,4
LEAF 11,3 0,0 0,0 1,0 0,0 0,0 0,0 0,1 1,0 4,2
LEAF 11,3 0,0 0,0 1,0 0,0 0,0 0,0 1,1 0,0 5,1
LEAF 11,3 0,0 0,0 1,0 0,0 0,0 0,0 2,1 0,0 9,0
LEAF 11,3 0,0 0,0 1,0 0,0 0,0 0,0 2,1 0,0 1,4
LEAF 11,3 0,0 0,0 1,0 0,0 0,0 0,0 5,1 0,0 1,1
LEAF 11,3 0,0 0,0 1,0 0,0 0,0 0,0 0,2 0,0 6,0
LEAF 11,3 0,0 0,0 1,0 0,0 0,0 0,0 1,2 0,0 2,3
LEAF 11,3 0,0 0,0 1,0 0,0 0,0 0,0 3,2 0,0 0,3
LEAF 11,3 0,0 0,0 1,0 0,0 0,0 0,0 4,2 0,0 2,0
LEAF 11,3 0,0 0,0 1,0 0,0 0,0 0,0 4,2 1,0 0,1
LEAF 11,3 0,0 0,0 1,0 0,0 0,0 0,0 0,3 0,0 3,2
LEAF 11,3 0,0 0,0 1,0 0,0 0,0 0,0 2,3 0,0 1,2
LEAF 11,3 0,0 0,0 1,0 0,0 0,0 0,0 3,3 1,0 1,0
LEAF 11,3 0,0 0,0 1,0 0,0 0,0 0,0 1,4 0,0 2,1
LEAF 11,3 0,0 0,0 1,0 0,0 0,0 0,0 2,4 0,0 0,1
LEAF 11,3 0,0 0,0 1,0 0,0 0,0 0,0 0,5 0,0 3,0
LEAF 11,3 0,0 0,0 1,0 0,0 0,0 0,0 1,5 0,0 1,0
LEAF 11,3 0,0 0,0 1,0 0,0 0,0 0,0 1,5 1,0 0,0
LEAF 11,3 0,0 0,0 1,0 0,0 0,0 1,0 0,0 0,0 1,5
LEAF 11,3 0,0 0,0 1,0 0,0 0,0 1,0 0,0 1,0 3,3
LEAF 11,3 0,0 0,0 1,0 0,0 0,0 1,0 0,0 0,1 4,2
LEAF 11,3 0,0 0,0 1,0 0,0 0,0 1,0 0,0 4,2 0,1
LEAF 11,3 0,0 0,0 1,0 0,0 0,0 1,0 0,0 3,3 1,0
LEAF 11,3 0,0 0,0 1,0 0,0 0,0 1,0 0,0 1,5 0,0
LEAF 11,3 0,0 0,0 1,0 0,0 0,0 1,0 1,0 0,0 3,3
LEAF 11,3 0,0 0,0 1,0 0,0 0,0 1,0 1,0 3,3 0,0
LEAF 11,3 0,0 0,0 1,0 0,0 0,0 1,0 0,1 0,0 4,2
LEAF 11,3 0,0 0,0 1,0 0,0 0,0 1,0 4,2 0,0 0,1
LEAF 11,3 0,0 0,0 1,0 0,0 0,0 1,0 3,3 0,0 1,0
LEAF 11,3 0,0 0,0 1,0 0,0 0,0 1,0 3,3 1,0 0,0
LEAF 11,3 0,0 0,0 1,0 0,0 0,0 1,0 1,5 0,0 0,0
LEAF 11,3 0,0 0,0 1,0 0,0 0,0 2,0 0,0 0,0 4,2
LEAF 11,3 0,0 0,0 1,0 0,0 0,0 2,0 0,0 2,0 9,0
LEAF 11,3 0,0 0,0 1,0 0,0 0,0 2,0 0,0 4,2 0,0
LEAF 11,3 0,0 0,0 1,0 0,0 0,0 2,0 2,0 0,0 9,0
LEAF 11,3 0,0 0,0 1,0 0,0 0,0 2,0 4,2 0,0 0,0
LEAF 11,3 0,0 0,0 1,0 0,0 0,0 3,0 0,0 0,0 8,1
LEAF 11,3 0,0 0,0 1,0 0,0 0,0 3,0 0,0 0,0 0,5
LEAF 11,3 0,0 0,0 1,0 0,0 0,0 3,0 0,0 0,5 0,0
LEAF 11,3 0,0 0,0 1,0 0,0 0,0 3,0 0,5 0,0 0,0
LEAF 11,3 0,0 0,0 1,0 0,0 0,0 5,0 0,0 0,0 8,0
LEAF 11,3 0,0 0,0 1,0 0,0 0,0 6,0 0,0 0,0 0,2
LEAF 11,3 0,0 0,0 1,0 0,0 0,0 6,0 0,0 0,2 0,0
LEAF 11,3 0,0 0,0 1,0 0,0 0,0 6,0 0,2 0,0 0,0
LEAF 11,3 0,0 0,0 1,0 0,0 0,0 0,1 0,0 0,0 2,4
LEAF 11,3 0,0 0,0 1,0 0,0 0,0 0,1 0,0 1,0 4,2
LEAF 11,3 0,0 0,0 1,0 0,0 0,0 0,1 0,0 0,1 5,1
LEAF 11,3 0,0 0,0 1,0 0,0 0,0 0,1 0,0 5,1 0,1
LEAF 11,3 0,0 0,0 1,0 0,0 0,0 0,1 0,0 4,2 1,0
LEAF 11,3 0,0 0,0 1,0 0,0 0,0 0,1 0,0 2,4 0,0
LEAF 11,3 0,0 0,0 1,0 0,0 0,0 0,1 1,0 0,0 4,2
LEAF 11,3 0,0 0,0 1,0 0,0 0,0 0,1 1,0 4,2 0,0
LEAF 11,3 0,0 0,0 1,0 0,0 0,0 0,1 0,1 0,0 5,1
LEAF 11,3 0,0 0,0 1,0 0,0 0,0 0,1 5,1 0,0 0,1
LEAF 11,3 0,0 0,0 1,0 0,0 0,0 0,1 4,2 0,0 1,0
LEAF 11,3 0,0 0,0 1,0 0,0 0,0 0,1 4,2 1,0 0,0
LEAF 11,3 0,0 0,0 1,0 0,0 0,0 0,1 2,4 0,0 0,0
LEAF 11,3 0,0 0,0 1,0 0,0 0,0 1,1 0,0 0,0 5,1
LEAF 11,3 0,0 0,0 1,0 0,0 0,0 1,1 0,0 5,1 0,0
LEAF 11,3 0,0 0,0 1,0 0,0 0,0 1,1 5,1 0,0 0,0
LEAF 11,3 0,0 0,0 1,0 0,0 0,0 2,1 0,0 0,0 9,0
LEAF 11,3 0,0 0,0 1,0 0,0 0,0 2,1 0,0 0,0 1,4
LEAF 11,3 0,0 0,0 1,0 0,0 0,0 2,1 0,0 1,4 0,0
LEAF 11,3 0,0 0,0 1,0 0,0 0,0 2,1 1,4 0,0 0,0
LEAF 11,3 0,0 0,0 1,0 0,0 0,0 5,1 0,0 0,0 1,1
LEAF 11,3 0,0 0,0 1,0 0,0 0,0 5,1 0,0 0,1 0,1
LEAF 11,3 0,0 0,0 1,0 0,0 0,0 5,1 0,0 1,1 0,0
LEAF 11,3 0,0 0,0 1,0 0,0 0,0 5,1 0,1 0,0 0,1
LEAF 11,3 0,0 0,0 1,0 0,0 0,0 5,1 1,1 0,0 0,0
LEAF 11,3 0,0 0,0 1,0 0,0 0,0 0,2 0,0 0,0 6,0
LEAF 11,3 0,0 0,0 1,0 0,0 0,0 0,2 0,0 6,0 0,0
LEAF 11,3 0,0 0,0 1,0 0,0 0,0 0,2 6,0 0,0 0,0
LEAF 11,3 0,0 0,0 1,0 0,0 0,0 1,2 0,0 0,0 2,3
LEAF 11,3 0,0 0,0 1,0 0,0 0,0 1,2 0,0 2,3 0,0
LEAF 11,3 0,0 0,0 1,0 0,0 0,0 1,2 2,3 0,0 0,0
LEAF 11,3 0,0 0,0 1,0 0,0 0,0 3,2 0,0 0,0 0,3
LEAF 11,3 0,0 0,0 1,0 0,0 0,0 3,2 0,0 0,3 0,0
LEAF 11,3 0,0 0,0 1,0 0,0 0,0 3,2 0,3 0,0 0,0
LEAF 11,3 0,0 0,0 1,0 0,0 0,0 4,2 0,0 0,0 2,0
LEAF 11,3 0,0 0,0 1,0 0,0 0,0 4,2 0,0 1,0 0,1
LEAF 11,3 0,0 0,0 1,0 0,0 0,0 4,2 0,0 2,0 0,0
LEAF 11,3 0,0 0,0 1,0 0,0 0,0 4,2 0,0 0,1 1,0
LEAF 11,3 0,0 0,0 1,0 0,0 0,0 4,2 1,0 0,0 0,1
LEAF 11,3 0,0 0,0 1,0 0,0 0,0 4,2 1,0 0,1 0,0
LEAF 11,3 0,0 0,0 1,0 0,0 0,0 4,2 2,0 0,0 0,0
LEAF 11,3 0,0 0,0 1,0 0,0 0,0 4,2 0,1 0,0 1,0
LEAF 11,3 0,0 0,0 1,0 0,0 0,0 4,2 0,1 1,0 0,0
LEAF 11,3 0,0 0,0 1,0 0,0 0,0 0,3 0,0 0,0 3,2
LEAF 11,3 0,0 0,0 1,0 0,0 0,0 0,3 0,0 3,2 0,0
LEAF 11,3 0,0 0,0 1,0 0,0 0,0 0,3 3,2 0,0 0,0
LEAF 11,3 0,0 0,0 1,0 0,0 0,0 2,3 0,0 0,0 1,2
LEAF 11,3 0,0 0,0 1,0 0,0 0,0 2,3 0,0 1,2 0,0
LEAF 11,3 0,0 0,0 1,0 0,0 0,0 2,3 1,2 0,0 0,0
LEAF 11,3 0,0 0,0 1,0 0,0 0,0 3,3 0,0 1,0 1,0
LEAF 11,3 0,0 0,0 1,0 0,0 0,0 3,3 1,0 0,0 1,0
LEAF 11,3 0,0 0,0 1,0 0,0 0,0 3,3 1,0 1,0 0,0
LEAF 11,3 0,0 0,0 1,0 0,0 0,0 1,4 0,0 0,0 2,1
LEAF 11,3 0,0 0,0 1,0 0,0 0,0 1,4 0,0 2,1 0,0
LEAF 11,3 0,0 0,0 1,0 0,0 0,0 1,4 2,1 0,0 0,0
LEAF 11,3 0,0 0,0 1,0 0,0 0,0 2,4 0,0 0,0 0,1
LEAF 11,3 0,0 0,0 1,0 0,0 0,0 2,4 0,0 0,1 0,0
LEAF 11,3 0,0 0,0 1,0 0,0 0,0 2,4 0,1 0,0 0,0
LEAF 11,3 0,0 0,0 1,0 0,0 0,0 0,5 0,0 0,0 3,0
LEAF 11,3 0,0 0,0 1,0 0,0 0,0 0,5 0,0 3,0 0,0
LEAF 11,3 0,0 0,0 1,0 0,0 0,0 0,5 3,0 0,0 0,0
LEAF 11,3 0,0 0,0 1,0 0,0 0,0 1,5 0,0 0,0 1,0
LEAF 11,3 0,0 0,0 1,0 0,0 0,0 1,5 0,0 1,0 0,0
LEAF 11,3 0,0 0,0 1,0 0,0 1,0 0,0 0,0 0,0 1,5
LEAF 11,3 0,0 0,0 1,0 0,0 1,0 0,0 0,0 1,0 3,3
LEAF 11,3 0,0 0,0 1,0 0,0 1,0 0,0 0,0 0,1 4,2
LEAF 11,3 0,0 0,0 1,0 0,0 1,0 0,0 0,0 4,2 0,1
LEAF 11,3 0,0 0,0 1,0 0,0 1,0 0,0 0,0 3,3 1,0
LEAF 11,3 0,0 0,0 1,0 0,0 1,0 0,0 0,0 1,5 0,0
LEAF 11,3 0,0 0,0 1,0 0,0 1,0 0,0 1,0 0,0 3,3
LEAF 11,3 0,0 0,0 1,0 0,0 1,0 0,0 0,1 0,0 4,2
LEAF 11,3 0,0 0,0 1,0 0,0 1,0 0,0 4,2 0,0 0,1
LEAF 11,3 0,0 0,0 1,0 0,0 1,0 0,0 3,3 0,0 1,0
LEAF 11,3 0,0 0,0 1,0 0,0 1,0 0,0 3,3 1,0 0,0
LEAF 11,3 0,0 0,0 1,0 0,0 1,0 0,0 1,5 0,0 0,0
LEAF 11,3 0,0 0,0 1,0 0,0 1,0 1,0 0,0 0,0 3,3
LEAF 11,3 0,0 0,0 1,0 0,0 1,0 1,0 0,0 3,3 0,0
LEAF 11,3 0,0 0,0 1,0 0,0 1,0 1,0 3,3 0,0 0,0
LEAF 11,3 0,0 0,0 1,0 0,0 1,0 0,1 0,0 0,0 4,2
LEAF 11,3 0,0 0,0 1,0 0,0 1,0 4,2 0,0 0,0 0,1
LEAF 11,3 0,0 0,0 1,0 0,0 1,0 3,3 0,0 0,0 1,0
LEAF 11,3 0,0 0,0 1,0 0,0 2,0 0,0 0,0 0,0 4,2
LEAF 11,3 0,0 0,0 1,0 0,0 2,0 0,0 0,0 2,0 9,0
LEAF 11,3 0,0 0,0 1,0 0,0 2,0 0,0 0,0 4,2 0,0
LEAF 11,3 0,0 0,0 1,0 0,0 2,0 0,0 2,0 0,0 9,0
LEAF 11,3 0,0 0,0 1,0 0,0 2,0 0,0 4,2 0,0 0,0
LEAF 11,3 0,0 0,0 1,0 0,0 2,0 2,0 0,0 0,0 9,0
LEAF 11,3 0,0 0,0 1,0 0,0 2,0 4,2 0,0 0,0 0,0
LEAF 11,3 0,0 0,0 1,0 0,0 3,0 0,0 0,0 0,0 8,1
LEAF 11,3 0,0 0,0 1,0 0,0 3,0 0,0 0,0 0,0 0,5
LEAF 11,3 0,0 0,0 1,0 0,0 3,0 0,0 0,0 0,5 0,0
LEAF 11,3 0,0 0,0 1,0 0,0 3,0 0,0 0,5 0,0 0,0
LEAF 11,3 0,0 0,0 1,0 0,0 3,0 0,5 0,0 0,0 0,0
LEAF 11,3 0,0 0,0 1,0 0,0 5,0 0,0 0,0 0,0 8,0
LEAF 11,3 0,0 0,0 1,0 0,0 6,0 0,0 0,0 0,0 0,2
LEAF 11,3 0,0 0,0 1,0 0,0 6,0 0,0 0,0 0,2 0,0
LEAF 11,3 0,0 0,0 1,0 0,0 6,0 0,0 0,2 0,0 0,0
LEAF 11,3 0,0 0,0 1,0 0,0 6,0 0,2 0,0 0,0 0,0
LEAF 11,3 0,0 0,0 1,0 0,0 0,1 0,0 0,0 0,0 2,4
LEAF 11,3 0,0 0,0 1,0 0,0 0,1 0,0 0,0 1,0 4,2
LEAF 11,3 0,0 0,0 1,0 0,0 0,1 0,0 0,0 0,1 5,1
LEAF 11,3 0,0 0,0 1,0 0,0 0,1 0,0 0,0 5,1 0,1
LEAF 11,3 0,0 0,0 1,0 0,0 0,1 0,0 0,0 4,2 1,0
LEAF 11,3 0,0 0,0 1,0 0,0 0,1 0,0 0,0 2,4 0,0
LEAF 11,3 0,0 0,0 1,0 0,0 0,1 0,0 1,0 0,0 4,2
LEAF 11,3 0,0 0,0 1,0 0,0 0,1 0,0 0,1 0,0 5,1
LEAF 11,3 0,0 0,0 1,0 0,0 0,1 0,0 5,1 0,0 0,1
LEAF 11,3 0,0 0,0 1,0 0,0 0,1 0,0 4,2 0,0 1,0
LEAF 11,3 0,0 0,0 1,0 0,0 0,1 0,0 4,2 1,0 0,0
LEAF 11,3 0,0 0,0 1,0 0,0 0,1 0,0 2,4 0,0 0,0
LEAF 11,3 0,0 0,0 1,0 0,0 0,1 1,0 0,0 0,0 4,2
LEAF 11,3 0,0 0,0 1,0 0,0 0,1 1,0 4,2 0,0 0,0
LEAF 11,3 0,0 0,0 1,0 0,0 0,1 0,1 0,0 0,0 5,1
LEAF 11,3 0,0 0,0 1,0 0,0 0,1 5,1 0,0 0,0 0,1
LEAF 11,3 0,0 0,0 1,0 0,0 0,1 4,2 0,0 0,0 1,0
LEAF 11,3 0,0 0,0 1,0 0,0 0,1 2,4 0,0 0,0 0,0
LEAF 11,3 0,0 0,0 1,0 0,0 1,1 0,0 0,0 0,0 5,1
LEAF 11,3 0,0 0,0 1,0 0,0 1,1 0,0 0,0 5,1 0,0
LEAF 11,3 0,0 0,0 1,0 0,0 1,1 0,0 5,1 0,0 0,0
LEAF 11,3 0,0 0,0 1,0 0,0 1,1 5,1 0,0 0,0 0,0
LEAF 11,3 0,0 0,0 1,0 0,0 2,1 0,0 0,0 0,0 9,0
LEAF 11,3 0,0 0,0 1,0 0,0 2,1 0,0 0,0 0,0 1,4
LEAF 11,3 0,0 0,0 1,0 0,0 2,1 0,0 0,0 1,4 0,0
LEAF 11,3 0,0 0,0 1,0 0,0 2,1 0,0 1,4 0,0 0,0
LEAF 11,3 0,0 0,0 1,0 0,0 2,1 1,4 0,0 0,0 0,0
LEAF 11,3 0,0 0,0 1,0 0,0 5,1 0,0 0,0 0,0 1,1
LEAF 11,3 0,0 0,0 1,0 0,0 5,1 0,0 0,0 0,1 0,1
LEAF 11,3 0,0 0,0 1,0 0,0 5,1 0,0 0,0 1,1 0,0
LEAF 11,3 0,0 0,0 1,0 0,0 5,1 0,0 0,1 0,0 0,1
LEAF 11,3 0,0 0,0 1,0 0,0 5,1 0,0 1,1 0,0 0,0
LEAF 11,3 0,0 0,0 1,0 0,0 5,1 0,1 0,0 0,0 0,1
LEAF 11,3 0,0 0,0 1,0 0,0 5,1 1,1 0,0 0,0 0,0
LEAF 11,3 0,0 0,0 1,0 0,0 0,2 0,0 0,0 0,0 6,0
LEAF 11,3 0,0 0,0 1,0 0,0 0,2 0,0 0,0 6,0 0,0
LEAF 11,3 0,0 0,0 1,0 0,0 0,2 0,0 6,0 0,0 0,0
LEAF 11,3 0,0 0,0 1,0 0,0 0,2 6,0 0,0 0,0 0,0
LEAF 11,3 0,0 0,0 1,0 0,0 1,2 0,0 0,0 0,0 2,3
LEAF 11,3 0,0 0,0 1,0 0,0 1,2 0,0 0,0 2,3 0,0
LEAF 11,3 0,0 0,0 1,0 0,0 1,2 0,0 2,3 0,0 0,0
LEAF 11,3 0,0 0,0 1,0 0,0 1,2 2,3 0,0 0,0 0,0
LEAF 11,3 0,0 0,0 1,0 0,0 3,2 0,0 0,0 0,0 0,3
LEAF 11,3 0,0 0,0 1,0 0,0 3,2 0,0 0,0 0,3 0,0
LEAF 11,3 0,0 0,0 1,0 0,0 3,2 0,0 0,3 0,0 0,0
LEAF 11,3 0,0 0,0 1,0 0,0 3,2 0,3 0,0 0,0 0,0
LEAF 11,3 0,0 0,0 1,0 0,0 4,2 0,0 0,0 0,0 2,0
LEAF 11,3 0,0 0,0 1,0 0,0 4,2 0,0 0,0 1,0 0,1
LEAF 11,3 0,0 0,0 1,0 0,0 4,2 0,0 0,0 2,0 0,0
LEAF 11,3 0,0 0,0 1,0 0,0 4,2 0,0 0,0 0,1 1,0
LEAF 11,3 0,0 0,0 1,0 0,0 4,2 0,0 1,0 0,0 0,1
LEAF 11,3 0,0 0,0 1,0 0,0 4,2 0,0 2,0 0,0 0,0
LEAF 11,3 0,0 0,0 1,0 0,0 4,2 0,0 0,1 0,0 1,0
LEAF 11,3 0,0 0,0 1,0 0,0 4,2 0,0 0,1 1,0 0,0
LEAF 11,3 0,0 0,0 1,0 0,0 4,2 1,0 0,0 0,0 0,1
LEAF 11,3 0,0 0,0 1,0 0,0 4,2 1,0 0,1 0,0 0,0
LEAF 11,3 0,0 0,0 1,0 0,0 4,2 2,0 0,0 0,0 0,0
LEAF 11,3 0,0 0,0 1,0 0,0 4,2 0,1 0,0 0,0 1,0
LEAF 11,3 0,0 0,0 1,0 0,0 0,3 0,0 0,0 0,0 3,2
LEAF 11,3 0,0 0,0 1,0 0,0 0,3 0,0 0,0 3,2 0,0
LEAF 11,3 0,0 0,0 1,0 0,0 0,3 0,0 3,2 0,0 0,0
LEAF 11,3 0,0 0,0 1,0 0,0 0,3 3,2 0,0 0,0 0,0
LEAF 11,3 0,0 0,0 1,0 0,0 2,3 0,0 0,0 0,0 1,2
LEAF 11,3 0,0 0,0 1,0 0,0 2,3 0,0 0,0 1,2 0,0
LEAF 11,3 0,0 0,0 1,0 0,0 2,3 0,0 1,2 0,0 0,0
LEAF 11,3 0,0 0,0 1,0 0,0 2,3 1,2 0,0 0,0 0,0
LEAF 11,3 0,0 0,0 1,0 0,0 3,3 0,0 0,0 1,0 1,0
LEAF 11,3 0,0 0,0 1,0 0,0 3,3 0,0 1,0 0,0 1,0
LEAF 11,3 0,0 0,0 1,0 0,0 3,3 0,0 1,0 1,0 0,0
LEAF 11,3 0,0 0,0 1,0 0,0 3,3 1,0 0,0 0,0 1,0
LEAF 11,3 0,0 0,0 1,0 0,0 3,3 1,0 0,0 1,0 0,0
LEAF 11,3 0,0 0,0 1,0 0,0 3,3 1,0 1,0 0,0 0,0
LEAF 11,3 0,0 0,0 1,0 0,0 1,4 0,0 0,0 0,0 2,1
LEAF 11,3 0,0 0,0 1,0 0,0 1,4 0,0 0,0 2,1 0,0
LEAF 11,3 0,0 0,0 1,0 0,0 1,4 0,0 2,1 0,0 0,0
LEAF 11,3 0,0 0,0 1,0 0,0 1,4 2,1 0,0 0,0 0,0
LEAF 11,3 0,0 0,0 1,0 0,0 2,4 0,0 0,0 0,0 0,1
LEAF 11,3 0,0 0,0 1,0 0,0 2,4 0,0 0,0 0,1 0,0
LEAF 11,3 0,0 0,0 1,0 0,0 2,4 0,0 0,1 0,0 0,0
LEAF 11,3 0,0 0,0 1,0 0,0 0,5 0,0 0,0 0,0 3,0
LEAF 11,3 0,0 0,0 1,0 0,0 0,5 0,0 0,0 3,0 0,0
LEAF 11,3 0,0 0,0 1,0 0,0 0,5 0,0 3,0 0,0 0,0
LEAF 11,3 0,0 0,0 1,0 0,0 0,5 3,0 0,0 0,0 0,0
LEAF 11,3 0,0 0,0 1,0 0,0 1,5 0,0 0,0 0,0 1,0
LEAF 11,3 0,0 0,0 1,0 0,0 1,5 0,0 0,0 1,0 0,0
LEAF 11,3 0,0 0,0 1,0 0,0 1,5 0,0 1,0 0,0 0,0
LEAF 11,3 0,0 0,0 1,0 1,0 0,0 0,0 0,0 0,0 1,5
LEAF 11,3 0,0 0,0 1,0 1,0 0,0 0,0 0,0 1,0 3,3
LEAF 11,3 0,0 0,0 1,0 1,0 0,0 0,0 0,0 0,1 4,2
LEAF 11,3 0,0 0,0 1,0 1,0 0,0 0,0 0,0 4,2 0,1
LEAF 11,3 0,0 0,0 1,0 1,0 0,0 0,0 0,0 3,3 1,0
LEAF 11,3 0,0 0,0 1,0 1,0 0,0 0,0 0,0 1,5 0,0
LEAF 11,3 0,0 0,0 1,0 1,0 0,0 0,0 1,0 0,0 3,3
LEAF 11,3 0,0 0,0 1,0 1,0 0,0 0,0 0,1 0,0 4,2
LEAF 11,3 0,0 0,0 1,0 1,0 0,0 0,0 4,2 0,0 0,1
LEAF 11,3 0,0 0,0 1,0 1,0 0,0 0,0 3,3 0,0 1,0
LEAF 11,3 0,0 0,0 1,0 1,0 0,0 0,0 3,3 1,0 0,0
LEAF 11,3 0,0 0,0 1,0 1,0 0,0 0,0 1,5 0,0 0,0
LEAF 11,3 0,0 0,0 1,0 1,0 0,0 1,0 0,0 0,0 3,3
LEAF 11,3 0,0 0,0 1,0 1,0 0,0 1,0 3,3 0,0 0,0
LEAF 11,3 0,0 0,0 1,0 1,0 0,0 0,1 0,0 0,0 4,2
LEAF 11,3 0,0 0,0 1,0 1,0 0,0 4,2 0,0 0,0 0,1
LEAF 11,3 0,0 0,0 1,0 1,0 0,0 3,3 0,0 0,0 1,0
LEAF 11,3 0,0 0,0 1,0 1,0 0,0 1,5 0,0 0,0 0,0
LEAF 11,3 0,0 0,0 1,0 1,0 1,0 0,0 0,0 0,0 3,3
LEAF 11,3 0,0 0,0 1,0 1,0 1,0 0,0 0,0 3,3 0,0
LEAF 11,3 0,0 0,0 1,0 1,0 1,0 0,0 3,3 0,0 0,0
LEAF 11,3 0,0 0,0 1,0 1,0 1,0 3,3 0,0 0,0 0,0
LEAF 11,3 0,0 0,0 1,0 1,0 0,1 0,0 0,0 0,0 4,2
LEAF 11,3 0,0 0,0 1,0 1,0 0,1 0,0 0,0 4,2 0,0
LEAF 11,3 0,0 0,0 1,0 1,0 0,1 0,0 4,2 0,0 0,0
LEAF 11,3 0,0 0,0 1,0 1,0 0,1 4,2 0,0 0,0 0,0
LEAF 11,3 0,0 0,0 1,0 1,0 4,2 0,0 0,0 0,0 0,1
LEAF 11,3 0,0 0,0 1,0 1,0 4,2 0,0 0,0 0,1 0,0
LEAF 11,3 0,0 0,0 1,0 1,0 4,2 0,0 0,1 0,0 0,0
LEAF 11,3 0,0 0,0 1,0 1,0 4,2 0,1 0,0 0,0 0,0
LEAF 11,3 0,0 0,0 1,0 1,0 3,3 0,0 0,0 0,0 1,0
LEAF 11,3 0,0 0,0 1,0 1,0 3,3 0,0 0,0 1,0 0,0
LEAF 11,3 0,0 0,0 1,0 1,0 3,3 0,0 1,0 0,0 0,0
LEAF 11,3 0,0 0,0 1,0 2,0 0,0 0,0 0,0 0,0 4,2
LEAF 11,3 0,0 0,0 1,0 2,0 0,0 0,0 0,0 2,0 9,0
LEAF 11,3 0,0 0,0 1,0 2,0 0,0 0,0 2,0 0,0 9,0
LEAF 11,3 0,0 0,0 1,0 2,0 0,0 0,0 4,2 0,0 0,0
LEAF 11,3 0,0 0,0 1,0 2,0 0,0 2,0 0,0 0,0 9,0
LEAF 11,3 0,0 0,0 1,0 2,0 0,0 4,2 0,0 0,0 0,0
LEAF 11,3 0,0 0,0 1,0 2,0 2,0 0,0 0,0 0,0 9,0
LEAF 11,3 0,0 0,0 1,0 3,0 0,0 0,0 0,0 0,0 8,1
LEAF 11,3 0,0 0,0 1,0 3,0 0,0 0,0 0,0 0,0 0,5
LEAF 11,3 0,0 0,0 1,0 3,0 0,0 0,0 0,5 0,0 0,0
LEAF 11,3 0,0 0,0 1,0 3,0 0,0 0,5 0,0 0,0 0,0
LEAF 11,3 0,0 0,0 1,0 5,0 0,0 0,0 0,0 0,0 8,0
LEAF 11,3 0,0 0,0 1,0 6,0 0,0 0,0 0,0 0,0 0,2
LEAF 11,3 0,0 0,0 1,0 6,0 0,0 0,0 0,2 0,0 0,0
LEAF 11,3 0,0 0,0 1,0 6,0 0,0 0,2 0,0 0,0 0,0
LEAF 11,3 0,0 0,0 1,0 0,1 0,0 0,0 0,0 0,0 2,4
LEAF 11,3 0,0 0,0 1,0 0,1 0,0 0,0 0,0 1,0 4,2
LEAF 11,3 0,0 0,0 1,0 0,1 0,0 0,0 1,0 0,0 4,2
LEAF 11,3 0,0 0,0 1,0 0,1 0,0 0,0 0,1 0,0 5,1
LEAF 11,3 0,0 0,0 1,0 0,1 0,0 0,0 5,1 0,0 0,1
LEAF 11,3 0,0 0,0 1,0 0,1 0,0 0,0 4,2 0,0 1,0
LEAF 11,3 0,0 0,0 1,0 0,1 0,0 0,0 4,2 1,0 0,0
LEAF 11,3 0,0 0,0 1,0 0,1 0,0 0,0 2,4 0,0 0,0
LEAF 11,3 0,0 0,0 1,0 0,1 0,0 1,0 0,0 0,0 4,2
LEAF 11,3 0,0 0,0 1,0 0,1 0,0 0,1 0,0 0,0 5,1
LEAF 11,3 0,0 0,0 1,0 0,1 0,0 5,1 0,0 0,0 0,1
LEAF 11,3 0,0 0,0 1,0 0,1 0,0 4,2 0,0 0,0 1,0
LEAF 11,3 0,0 0,0 1,0 0,1 0,0 2,4 0,0 0,0 0,0
LEAF 11,3 0,0 0,0 1,0 0,1 1,0 0,0 0,0 0,0 4,2
LEAF 11,3 0,0 0,0 1,0 0,1 1,0 4,2 0,0 0,0 0,0
LEAF 11,3 0,0 0,0 1,0 1,1 0,0 0,0 0,0 0,0 5,1
LEAF 11,3 0,0 0,0 1,0 1,1 0,0 0,0 5,1 0,0 0,0
LEAF 11,3 0,0 0,0 1,0 1,1 0,0 5,1 0,0 0,0 0,0
LEAF 11,3 0,0 0,0 1,0 2,1 0,0 0,0 0,0 0,0 9,0
LEAF 11,3 0,0 0,0 1,0 2,1 0,0 0,0 0,0 0,0 1,4
LEAF 11,3 0,0 0,0 1,0 2,1 0,0 0,0 1,4 0,0 0,0
LEAF 11,3 0,0 0,0 1,0 2,1 0,0 1,4 0,0 0,0 0,0
LEAF 11,3 0,0 0,0 1,0 5,1 0,0 0,0 0,0 0,0 1,1
LEAF 11,3 0,0 0,0 1,0 5,1 0,0 0,0 0,1 0,0 0,1
LEAF 11,3 0,0 0,0 1,0 5,1 0,0 0,0 1,1 0,0 0,0
LEAF 11,3 0,0 0,0 1,0 5,1 0,0 0,1 0,0 0,0 0,1
LEAF 11,3 0,0 0,0 1,0 5,1 0,0 1,1 0,0 0,0 0,0
LEAF 11,3 0,0 0,0 1,0 0,2 0,0 0,0 0,0 0,0 6,0
LEAF 11,3 0,0 0,0 1,0 0,2 0,0 0,0 6,0 0,0 0,0
LEAF 11,3 0,0 0,0 1,0 0,2 0,0 6,0 0,0 0,0 0,0
LEAF 11,3 0,0 0,0 1,0 1,2 0,0 0,0 0,0 0,0 2,3
LEAF 11,3 0,0 0,0 1,0 1,2 0,0 0,0 2,3 0,0 0,0
LEAF 11,3 0,0 0,0 1,0 1,2 0,0 2,3 0,0 0,0 0,0
LEAF 11,3 0,0 0,0 1,0 3,2 0,0 0,0 0,0 0,0 0,3
LEAF 11,3 0,0 0,0 1,0 3,2 0,0 0,0 0,3 0,0 0,0
LEAF 11,3 0,0 0,0 1,0 3,2 0,0 0,3 0,0 0,0 0,0
LEAF 11,3 0,0 0,0 1,0 4,2 0,0 0,0 0,0 0,0 2,0
LEAF 11,3 0,0 0,0 1,0 4,2 0,0 0,0 0,0 1,0 0,1
LEAF 11,3 0,0 0,0 1,0 4,2 0,0 0,0 1,0 0,0 0,1
LEAF 11,3 0,0 0,0 1,0 4,2 0,0 0,0 2,0 0,0 0,0
LEAF 11,3 0,0 0,0 1,0 4,2 0,0 0,0 0,1 0,0 1,0
LEAF 11,3 0,0 0,0 1,0 4,2 0,0 0,0 0,1 1,0 0,0
LEAF 11,3 0,0 0,0 1,0 4,2 0,0 1,0 0,0 0,0 0,1
LEAF 11,3 0,0 0,0 1,0 4,2 0,0 2,0 0,0 0,0 0,0
LEAF 11,3 0,0 0,0 1,0 4,2 0,0 0,1 0,0 0,0 1,0
LEAF 11,3 0,0 0,0 1,0 4,2 1,0 0,0 0,0 0,0 0,1
LEAF 11,3 0,0 0,0 1,0 4,2 1,0 0,1 0,0 0,0 0,0
LEAF 11,3 0,0 0,0 1,0 0,3 0,0 0,0 0,0 0,0 3,2
LEAF 11,3 0,0 0,0 1,0 0,3 0,0 0,0 3,2 0,0 0,0
LEAF 11,3 0,0 0,0 1,0 0,3 0,0 3,2 0,0 0,0 0,0
LEAF 11,3 0,0 0,0 1,0 2,3 0,0 0,0 0,0 0,0 1,2
LEAF 11,3 0,0 0,0 1,0 2,3 0,0 0,0 1,2 0,0 0,0
LEAF 11,3 0,0 0,0 1,0 2,3 0,0 1,2 0,0 0,0 0,0
LEAF 11,3 0,0 0,0 1,0 3,3 0,0 0,0 0,0 1,0 1,0
LEAF 11,3 0,0 0,0 1,0 3,3 0,0 0,0 1,0 0,0 1,0
LEAF 11,3 0,0 0,0 1,0 3,3 0,0 0,0 1,0 1,0 0,0
LEAF 11,3 0,0 0,0 1,0 3,3 0,0 1,0 0,0 0,0 1,0
LEAF 11,3 0,0 0,0 1,0 3,3 0,0 1,0 1,0 0,0 0,0
LEAF 11,3 0,0 0,0 1,0 3,3 1,0 0,0 0,0 0,0 1,0
LEAF 11,3 0,0 0,0 1,0 1,4 0,0 0,0 0,0 0,0 2,1
LEAF 11,3 0,0 0,0 1,0 1,4 0,0 0,0 2,1 0,0 0,0
LEAF 11,3 0,0 0,0 1,0 1,4 0,0 2,1 0,0 0,0 0,0
LEAF 11,3 0,0 0,0 1,0 2,4 0,0 0,0 0,0 0,0 0,1
LEAF 11,3 0,0 0,0 1,0 2,4 0,0 0,0 0,1 0,0 0,0
LEAF 11,3 0,0 0,0 1,0 2,4 0,0 0,1 0,0 0,0 0,0
LEAF 11,3 0,0 0,0 1,0 0,5 0,0 0,0 0,0 0,0 3,0
LEAF 11,3 0,0 0,0 1,0 0,5 0,0 0,0 3,0 0,0 0,0
LEAF 11,3 0,0 0,0 1,0 0,5 0,0 3,0 0,0 0,0 0,0
LEAF 11,3 0,0 0,0 2,0 0,0 0,0 0,0 0,0 0,0 2,4
LEAF 11,3 0,0 0,0 2,0 0,0 0,0 0,0 0,0 1,0 4,2
LEAF 11,3 0,0 0,0 2,0 0,0 0,0 0,0 0,0 0,1 5,1
LEAF 11,3 0,0 0,0 2,0 0,0 0,0 0,0 0,0 5,1 0,1
LEAF 11,3 0,0 0,0 2,0 0,0 0,0 0,0 0,0 4,2 1,0
LEAF 11,3 0,0 0,0 2,0 0,0 0,0 0,0 0,0 2,4 0,0
LEAF 11,3 0,0 0,0 2,0 0,0 0,0 0,0 1,0 0,0 4,2
LEAF 11,3 0,0 0,0 2,0 0,0 0,0 0,0 1,0 2,0 9,0
LEAF 11,3 0,0 0,0 2,0 0,0 0,0 0,0 1,0 4,2 0,0
LEAF 11,3 0,0 0,0 2,0 0,0 0,0 0,0 2,0 1,0 9,0
LEAF 11,3 0,0 0,0 2,0 0,0 0,0 0,0 0,1 0,0 5,1
LEAF 11,3 0,0 0,0 2,0 0,0 0,0 0,0 5,1 0,0 0,1
LEAF 11,3 0,0 0,0 2,0 0,0 0,0 0,0 4,2 0,0 1,0
LEAF 11,3 0,0 0,0 2,0 0,0 0,0 0,0 4,2 1,0 0,0
LEAF 11,3 0,0 0,0 2,0 0,0 0,0 0,0 2,4 0,0 0,0
LEAF 11,3 0,0 0,0 2,0 0,0 0,0 1,0 0,0 0,0 4,2
LEAF 11,3 0,0 0,0 2,0 0,0 0,0 1,0 0,0 2,0 9,0
LEAF 11,3 0,0 0,0 2,0 0,0 0,0 1,0 0,0 4,2 0,0
LEAF 11,3 0,0 0,0 2,0 0,0 0,0 1,0 2,0 0,0 9,0
LEAF 11,3 0,0 0,0 2,0 0,0 0,0 1,0 4,2 0,0 0,0
LEAF 11,3 0,0 0,0 2,0 0,0 0,0 2,0 0,0 1,0 9,0
LEAF 11,3 0,0 0,0 2,0 0,0 0,0 2,0 1,0 0,0 9,0
LEAF 11,3 0,0 0,0 2,0 0,0 0,0 0,1 0,0 0,0 5,1
LEAF 11,3 0,0 0,0 2,0 0,0 0,0 0,1 0,0 5,1 0,0
LEAF 11,3 0,0 0,0 2,0 0,0 0,0 0,1 5,1 0,0 0,0
LEAF 11,3 0,0 0,0 2,0 0,0 0,0 5,1 0,0 0,0 0,1
LEAF 11,3 0,0 0,0 2,0 0,0 0,0 5,1 0,0 0,1 0,0
LEAF 11,3 0,0 0,0 2,0 0,0 0,0 5,1 0,1 0,0 0,0
LEAF 11,3 0,0 0,0 2,0 0,0 0,0 4,2 0,0 0,0 1,0
LEAF 11,3 0,0 0,0 2,0 0,0 0,0 4,2 0,0 1,0 0,0
LEAF 11,3 0,0 0,0 2,0 0,0 0,0 4,2 1,0 0,0 0,0
LEAF 11,3 0,0 0,0 2,0 0,0 0,0 2,4 0,0 0,0 0,0
LEAF 11,3 0,0 0,0 2,0 0,0 1,0 0,0 0,0 0,0 4,2
LEAF 11,3 0,0 0,0 2,0 0,0 1,0 0,0 0,0 2,0 9,0
LEAF 11,3 0,0 0,0 2,0 0,0 1,0 0,0 0,0 4,2 0,0
LEAF 11,3 0,0 0,0 2,0 0,0 1,0 0,0 2,0 0,0 9,0
LEAF 11,3 0,0 0,0 2,0 0,0 1,0 0,0 4,2 0,0 0,0
LEAF 11,3 0,0 0,0 2,0 0,0 1,0 2,0 0,0 0,0 9,0
LEAF 11,3 0,0 0,0 2,0 0,0 1,0 4,2 0,0 0,0 0,0
LEAF 11,3 0,0 0,0 2,0 0,0 2,0 0,0 0,0 1,0 9,0
LEAF 11,3 0,0 0,0 2,0 0,0 2,0 0,0 1,0 0,0 9,0
LEAF 11,3 0,0 0,0 2,0 0,0 2,0 1,0 0,0 0,0 9,0
LEAF 11,3 0,0 0,0 2,0 0,0 0,1 0,0 0,0 0,0 5,1
LEAF 11,3 0,0 0,0 2,0 0,0 0,1 0,0 0,0 5,1 0,0
LEAF 11,3 0,0 0,0 2,0 0,0 0,1 0,0 5,1 0,0 0,0
LEAF 11,3 0,0 0,0 2,0 0,0 0,1 5,1 0,0 0,0 0,0
LEAF 11,3 0,0 0,0 2,0 0,0 5,1 0,0 0,0 0,0 0,1
LEAF 11,3 0,0 0,0 2,0 0,0 5,1 0,0 0,0 0,1 0,0
LEAF 11,3 0,0 0,0 2,0 0,0 5,1 0,0 0,1 0,0 0,0
LEAF 11,3 0,0 0,0 2,0 0,0 5,1 0,1 0,0 0,0 0,0
LEAF 11,3 0,0 0,0 2,0 0,0 4,2 0,0 0,0 0,0 1,0
LEAF 11,3 0,0 0,0 2,0 0,0 4,2 0,0 0,0 1,0 0,0
LEAF 11,3 0,0 0,0 2,0 0,0 4,2 0,0 1,0 0,0 0,0
LEAF 11,3 0,0 0,0 2,0 0,0 4,2 1,0 0,0 0,0 0,0
LEAF 11,3 0,0 0,0 2,0 0,0 2,4 0,0 0,0 0,0 0,0
LEAF 11,3 0,0 0,0 2,0 1,0 0,0 0,0 0,0 0,0 4,2
LEAF 11,3 0,0 0,0 2,0 1,0 0,0 0,0 0,0 2,0 9,0
LEAF 11,3 0,0 0,0 2,0 1,0 0,0 0,0 0,0 4,2 0,0
LEAF 11,3 0,0 0,0 2,0 1,0 0,0 0,0 2,0 0,0 9,0
LEAF 11,3 0,0 0,0 2,0 1,0 0,0 0,0 4,2 0,0 0,0
LEAF 11,3 0,0 0,0 2,0 1,0 0,0 2,0 0,0 0,0 9,0
LEAF 11,3 0,0 0,0 2,0 1,0 0,0 4,2 0,0 0,0 0,0
LEAF 11,3 0,0 0,0 2,0 1,0 2,0 0,0 0,0 0,0 9,0
LEAF 11,3 0,0 0,0 2,0 1,0 4,2 0,0 0,0 0,0 0,0
LEAF 11,3 0,0 0,0 2,0 2,0 0,0 0,0 0,0 1,0 9,0
LEAF 11,3 0,0 0,0 2,0 2,0 0,0 0,0 1,0 0,0 9,0
LEAF 11,3 0,0 0,0 2,0 2,0 0,0 1,0 0,0 0,0 9,0
LEAF 11,3 0,0 0,0 2,0 2,0 1,0 0,0 0,0 0,0 9,0
LEAF 11,3 0,0 0,0 2,0 0,1 0,0 0,0 0,0 0,0 5,1
LEAF 11,3 0,0 0,0 2,0 0,1 0,0 0,0 5,1 0,0 0,0
LEAF 11,3 0,0 0,0 2,0 0,1 0,0 5,1 0,0 0,0 0,0
LEAF 11,3 0,0 0,0 2,0 5,1 0,0 0,0 0,0 0,0 0,1
LEAF 11,3 0,0 0,0 2,0 5,1 0,0 0,0 0,1 0,0 0,0
LEAF 11,3 0,0 0,0 2,0 5,1 0,0 0,1 0,0 0,0 0,0
LEAF 11,3 0,0 0,0 2,0 4,2 0,0 0,0 0,0 0,0 1,0
LEAF 11,3 0,0 0,0 2,0 4,2 0,0 0,0 0,0 1,0 0,0
LEAF 11,3 0,0 0,0 2,0 4,2 0,0 0,0 1,0 0,0 0,0
LEAF 11,3 0,0 0,0 2,0 4,2 0,0 1,0 0,0 0,0 0,0
LEAF 11,3 0,0 0,0 3,0 0,0 0,0 0,0 0,0 0,0 6,0
LEAF 11,3 0,0 0,0 3,0 0,0 0,0 0,0 0,0 1,0 8,1
LEAF 11,3 0,0 0,0 3,0 0,0 0,0 0,0 0,0 1,0 0,5
LEAF 11,3 0,0 0,0 3,0 0,0 0,0 0,0 0,0 6,0 0,0
LEAF 11,3 0,0 0,0 3,0 0,0 0,0 0,0 0,0 0,1 9,0
LEAF 11,3 0,0 0,0 3,0 0,0 0,0 0,0 0,0 0,1 1,4
LEAF 11,3 0,0 0,0 3,0 0,0 0,0 0,0 0,0 1,4 0,1
LEAF 11,3 0,0 0,0 3,0 0,0 0,0 0,0 0,0 0,5 1,0
LEAF 11,3 0,0 0,0 3,0 0,0 0,0 0,0 1,0 0,0 8,1
LEAF 11,3 0,0 0,0 3,0 0,0 0,0 0,0 1,0 0,0 0,5
LEAF 11,3 0,0 0,0 3,0 0,0 0,0 0,0 1,0 0,5 0,0
LEAF 11,3 0,0 0,0 3,0 0,0 0,0 0,0 6,0 0,0 0,0
LEAF 11,3 0,0 0,0 3,0 0,0 0,0 0,0 0,1 0,0 9,0
LEAF 11,3 0,0 0,0 3,0 0,0 0,0 0,0 0,1 0,0 1,4
LEAF 11,3 0,0 0,0 3,0 0,0 0,0 0,0 1,4 0,0 0,1
LEAF 11,3 0,0 0,0 3,0 0,0 0,0 0,0 0,5 0,0 1,0
LEAF 11,3 0,0 0,0 3,0 0,0 0,0 0,0 0,5 1,0 0,0
LEAF 11,3 0,0 0,0 3,0 0,0 0,0 1,0 0,0 0,0 8,1
LEAF 11,3 0,0 0,0 3,0 0,0 0,0 1,0 0,0 0,0 0,5
LEAF 11,3 0,0 0,0 3,0 0,0 0,0 1,0 0,0 0,5 0,0
LEAF 11,3 0,0 0,0 3,0 0,0 0,0 1,0 0,5 0,0 0,0
LEAF 11,3 0,0 0,0 3,0 0,0 0,0 6,0 0,0 0,0 0,0
LEAF 11,3 0,0 0,0 3,0 0,0 0,0 0,1 0,0 0,0 9,0
LEAF 11,3 0,0 0,0 3,0 0,0 0,0 0,1 0,0 0,0 1,4
LEAF 11,3 0,0 0,0 3,0 0,0 0,0 0,1 0,0 1,4 0,0
LEAF 11,3 0,0 0,0 3,0 0,0 0,0 0,1 1,4 0,0 0,0
LEAF 11,3 0,0 0,0 3,0 0,0 0,0 1,4 0,0 0,0 0,1
LEAF 11,3 0,0 0,0 3,0 0,0 0,0 1,4 0,0 0,1 0,0
LEAF 11,3 0,0 0,0 3,0 0,0 0,0 1,4 0,1 0,0 0,0
LEAF 11,3 0,0 0,0 3,0 0,0 0,0 0,5 0,0 0,0 1,0
LEAF 11,3 0,0 0,0 3,0 0,0 0,0 0,5 0,0 1,0 0,0
LEAF 11,3 0,0 0,0 3,0 0,0 0,0 0,5 1,0 0,0 0,0
LEAF 11,3 0,0 0,0 3,0 0,0 1,0 0,0 0,0 0,0 8,1
LEAF 11,3 0,0 0,0 3,0 0,0 1,0 0,0 0,0 0,0 0,5
LEAF 11,3 0,0 0,0 3,0 0,0 1,0 0,0 0,0 0,5 0,0
LEAF 11,3 0,0 0,0 3,0 0,0 1,0 0,0 0,5 0,0 0,0
LEAF 11,3 0,0 0,0 3,0 0,0 1,0 0,5 0,0 0,0 0,0
LEAF 11,3 0,0 0,0 3,0 0,0 6,0 0,0 0,0 0,0 0,0
LEAF 11,3 0,0 0,0 3,0 0,0 0,1 0,0 0,0 0,0 9,0
LEAF 11,3 0,0 0,0 3,0 0,0 0,1 0,0 0,0 0,0 1,4
LEAF 11,3 0,0 0,0 3,0 0,0 0,1 0,0 0,0 1,4 0,0
LEAF 11,3 0,0 0,0 3,0 0,0 0,1 0,0 1,4 0,0 0,0
LEAF 11,3 0,0 0,0 3,0 0,0 0,1 1,4 0,0 0,0 0,0
LEAF 11,3 0,0 0,0 3,0 0,0 1,4 0,0 0,0 0,0 0,1
LEAF 11,3 0,0 0,0 3,0 0,0 1,4 0,0 0,0 0,1 0,0
LEAF 11,3 0,0 0,0 3,0 0,0 1,4 0,0 0,1 0,0 0,0
LEAF 11,3 0,0 0,0 3,0 0,0 1,4 0,1 0,0 0,0 0,0
LEAF 11,3 0,0 0,0 3,0 0,0 0,5 0,0 0,0 0,0 1,0
LEAF 11,3 0,0 0,0 3,0 0,0 0,5 0,0 0,0 1,0 0,0
LEAF 11,3 0,0 0,0 3,0 0,0 0,5 0,0 1,0 0,0 0,0
LEAF 11,3 0,0 0,0 3,0 0,0 0,5 1,0 0,0 0,0 0,0
LEAF 11,3 0,0 0,0 3,0 1,0 0,0 0,0 0,0 0,0 8,1
LEAF 11,3 0,0 0,0 3,0 1,0 0,0 0,0 0,0 0,0 0,5
LEAF 11,3 0,0 0,0 3,0 1,0 0,0 0,0 0,0 0,5 0,0
LEAF 11,3 0,0 0,0 3,0 1,0 0,0 0,0 0,5 0,0 0,0
LEAF 11,3 0,0 0,0 3,0 1,0 0,0 0,5 0,0 0,0 0,0
LEAF 11,3 0,0 0,0 3,0 1,0 0,5 0,0 0,0 0,0 0,0
LEAF 11,3 0,0 0,0 3,0 6,0 0,0 0,0 0,0 0,0 0,0
LEAF 11,3 0,0 0,0 3,0 0,1 0,0 0,0 0,0 0,0 9,0
LEAF 11,3 0,0 0,0 3,0 0,1 0,0 0,0 0,0 0,0 1,4
LEAF 11,3 0,0 0,0 3,0 0,1 0,0 0,0 1,4 0,0 0,0
LEAF 11,3 0,0 0,0 3,0 0,1 0,0 1,4 0,0 0,0 0,0
LEAF 11,3 0,0 0,0 3,0 1,4 0,0 0,0 0,0 0,0 0,1
LEAF 11,3 0,0 0,0 3,0 1,4 0,0 0,0 0,1 0,0 0,0
LEAF 11,3 0,0 0,0 3,0 1,4 0,0 0,1 0,0 0,0 0,0
LEAF 11,3 0,0 0,0 3,0 0,5 0,0 0,0 0,0 0,0 1,0
LEAF 11,3 0,0 0,0 3,0 0,5 0,0 0,0 0,0 1,0 0,0
LEAF 11,3 0,0 0,0 3,0 0,5 0,0 0,0 1,0 0,0 0,0
LEAF 11,3 0,0 0,0 3,0 0,5 0,0 1,0 0,0 0,0 0,0
LEAF 11,3 0,0 0,0 3,0 0,5 1,0 0,0 0,0 0,0 0,0
LEAF 11,3 0,0 0,0 4,0 0,0 0,0 0,0 0,0 0,0 3,2
LEAF 11,3 0,0 0,0 4,0 0,0 0,0 0,0 0,0 3,2 0,0
LEAF 11,3 0,0 0,0 4,0 0,0 0,0 0,0 3,2 0,0 0,0
LEAF 11,3 0,0 0,0 4,0 0,0 0,0 3,2 0,0 0,0 0,0
LEAF 11,3 0,0 0,0 4,0 0,0 3,2 0,0 0,0 0,0 0,0
LEAF 11,3 0,0 0,0 4,0 3,2 0,0 0,0 0,0 0,0 0,0
LEAF 11,3 0,0 0,0 5,0 0,0 0,0 0,0 0,0 0,0 2,2
LEAF 11,3 0,0 0,0 5,0 0,0 0,0 0,0 0,0 1,0 8,0
LEAF 11,3 0,0 0,0 5,0 0,0 0,0 0,0 0,0 2,2 0,0
LEAF 11,3 0,0 0,0 5,0 0,0 0,0 0,0 1,0 0,0 8,0
LEAF 11,3 0,0 0,0 5,0 0,0 0,0 0,0 2,2 0,0 0,0
LEAF 11,3 0,0 0,0 5,0 0,0 0,0 1,0 0,0 0,0 8,0
LEAF 11,3 0,0 0,0 5,0 0,0 0,0 2,2 0,0 0,0 0,0
LEAF 11,3 0,0 0,0 5,0 0,0 1,0 0,0 0,0 0,0 8,0
LEAF 11,3 0,0 0,0 5,0 0,0 2,2 0,0 0,0 0,0 0,0
LEAF 11,3 0,0 0,0 5,0 1,0 0,0 0,0 0,0 0,0 8,0
LEAF 11,3 0,0 0,0 5,0 2,2 0,0 0,0 0,0 0,0 0,0
LEAF 11,3 0,0 0,0 6,0 0,0 0,0 0,0 0,0 0,0 3,0
LEAF 11,3 0,0 0,0 6,0 0,0 0,0 0,0 0,0 1,0 0,2
LEAF 11,3 0,0 0,0 6,0 0,0 0,0 0,0 0,0 3,0 0,0
LEAF 11,3 0,0 0,0 6,0 0,0 0,0 0,0 0,0 0,1 1,1
LEAF 11,3 0,0 0,0 6,0 0,0 0,0 0,0 0,0 1,1 0,1
LEAF 11,3 0,0 0,0 6,0 0,0 0,0 0,0 0,0 0,2 1,0
LEAF 11,3 0,0 0,0 6,0 0,0 0,0 0,0 1,0 0,0 0,2
LEAF 11,3 0,0 0,0 6,0 0,0 0,0 0,0 1,0 0,2 0,0
LEAF 11,3 0,0 0,0 6,0 0,0 0,0 0,0 3,0 0,0 0,0
LEAF 11,3 0,0 0,0 6,0 0,0 0,0 0,0 0,1 0,0 1,1
LEAF 11,3 0,0 0,0 6,0 0,0 0,0 0,0 1,1 0,0 0,1
LEAF 11,3 0,0 0,0 6,0 0,0 0,0 0,0 0,2 0,0 1,0
LEAF 11,3 0,0 0,0 6,0 0,0 0,0 0,0 0,2 1,0 0,0
LEAF 11,3 0,0 0,0 6,0 0,0 0,0 1,0 0,0 0,0 0,2
LEAF 11,3 0,0 0,0 6,0 0,0 0,0 1,0 0,0 0,2 0,0
LEAF 11,3 0,0 0,0 6,0 0,0 0,0 1,0 0,2 0,0 0,0
LEAF 11,3 0,0 0,0 6,0 0,0 0,0 3,0 0,0 0,0 0,0
LEAF 11,3 0,0 0,0 6,0 0,0 0,0 0,1 0,0 0,0 1,1
LEAF 11,3 0,0 0,0 6,0 0,0 0,0 0,1 0,0 0,1 0,1
LEAF 11,3 0,0 0,0 6,0 0,0 0,0 0,1 0,0 1,1 0,0
LEAF 11,3 0,0 0,0 6,0 0,0 0,0 0,1 0,1 0,0 0,1
LEAF 11,3 0,0 0,0 6,0 0,0 0,0 0,1 1,1 0,0 0,0
LEAF 11,3 0,0 0,0 6,0 0,0 0,0 1,1 0,0 0,0 0,1
LEAF 11,3 0,0 0,0 6,0 0,0 0,0 1,1 0,0 0,1 0,0
LEAF 11,3 0,0 0,0 6,0 0,0 0,0 1,1 0,1 0,0 0,0
LEAF 11,3 0,0 0,0 6,0 0,0 0,0 0,2 0,0 0,0 1,0
LEAF 11,3 0,0 0,0 6,0 0,0 0,0 0,2 0,0 1,0 0,0
LEAF 11,3 0,0 0,0 6,0 0,0 0,0 0,2 1,0 0,0 0,0
LEAF 11,3 0,0 0,0 6,0 0,0 1,0 0,0 0,0 0,0 0,2
LEAF 11,3 0,0 0,0 6,0 0,0 1,0 0,0 0,0 0,2 0,0
LEAF 11,3 0,0 0,0 6,0 0,0 1,0 0,0 0,2 0,0 0,0
LEAF 11,3 0,0 0,0 6,0 0,0 1,0 0,2 0,0 0,0 0,0
LEAF 11,3 0,0 0,0 6,0 0,0 3,0 0,0 0,0 0,0 0,0
LEAF 11,3 0,0 0,0 6,0 0,0 0,1 0,0 0,0 0,0 1,1
LEAF 11,3 0,0 0,0 6,0 0,0 0,1 0,0 0,0 0,1 0,1
LEAF 11,3 0,0 0,0 6,0 0,0 0,1 0,0 0,0 1,1 0,0
LEAF 11,3 0,0 0,0 6,0 0,0 0,1 0,0 0,1 0,0 0,1
LEAF 11,3 0,0 0,0 6,0 0,0 0,1 0,0 1,1 0,0 0,0
LEAF 11,3 0,0 0,0 6,0 0,0 0,1 0,1 0,0 0,0 0,1
LEAF 11,3 0,0 0,0 6,0 0,0 0,1 1,1 0,0 0,0 0,0
LEAF 11,3 0,0 0,0 6,0 0,0 1,1 0,0 0,0 0,0 0,1
LEAF 11,3 0,0 0,0 6,0 0,0 1,1 0,0 0,0 0,1 0,0
LEAF 11,3 0,0 0,0 6,0 0,0 1,1 0,0 0,1 0,0 0,0
LEAF 11,3 0,0 0,0 6,0 0,0 1,1 0,1 0,0 0,0 0,0
LEAF 11,3 0,0 0,0 6,0 0,0 0,2 0,0 0,0 0,0 1,0
LEAF 11,3 0,0 0,0 6,0 0,0 0,2 0,0 0,0 1,0 0,0
LEAF 11,3 0,0 0,0 6,0 0,0 0,2 0,0 1,0 0,0 0,0
LEAF 11,3 0,0 0,0 6,0 0,0 0,2 1,0 0,0 0,0 0,0
LEAF 11,3 0,0 0,0 6,0 1,0 0,0 0,0 0,0 0,0 0,2
LEAF 11,3 0,0 0,0 6,0 1,0 0,0 0,0 0,0 0,2 0,0
LEAF 11,3 0,0 0,0 6,0 1,0 0,0 0,0 0,2 0,0 0,0
LEAF 11,3 0,0 0,0 6,0 1,0 0,0 0,2 0,0 0,0 0,0
LEAF 11,3 0,0 0,0 6,0 1,0 0,2 0,0 0,0 0,0 0,0
LEAF 11,3 0,0 0,0 6,0 3,0 0,0 0,0 0,0 0,0 0,0
LEAF 11,3 0,0 0,0 6,0 0,1 0,0 0,0 0,0 0,0 1,1
LEAF 11,3 0,0 0,0 6,0 0,1 0,0 0,0 0,1 0,0 0,1
LEAF 11,3 0,0 0,0 6,0 0,1 0,0 0,0 1,1 0,0 0,0
LEAF 11,3 0,0 0,0 6,0 0,1 0,0 0,1 0,0 0,0 0,1
LEAF 11,3 0,0 0,0 6,0 0,1 0,0 1,1 0,0 0,0 0,0
LEAF 11,3 0,0 0,0 6,0 1,1 0,0 0,0 0,0 0,0 0,1
LEAF 11,3 0,0 0,0 6,0 1,1 0,0 0,0 0,1 0,0 0,0
LEAF 11,3 0,0 0,0 6,0 1,1 0,0 0,1 0,0 0,0 0,0
LEAF 11,3 0,0 0,0 6,0 0,2 0,0 0,0 0,0 0,0 1,0
LEAF 11,3 0,0 0,0 6,0 0,2 0,0 0,0 0,0 1,0 0,0
LEAF 11,3 0,0 0,0 6,0 0,2 0,0 0,0 1,0 0,0 0,0
LEAF 11,3 0,0 0,0 6,0 0,2 0,0 1,0 0,0 0,0 0,0
LEAF 11,3 0,0 0,0 6,0 0,2 1,0 0,0 0,0 0,0 0,0
LEAF 11,3 0,0 0,0 0,1 0,0 0,0 0,0 0,0 0,0 6,3
LEAF 11,3 0,0 0,0 0,1 0,0 0,0 0,0 0,0 0,0 0,6
LEAF 11,3 0,0 0,0 0,1 0,0 0,0 0,0 0,0 1,0 2,4
LEAF 11,3 0,0 0,0 0,1 0,0 0,0 0,0 0,0 2,0 5,1
LEAF 11,3 0,0 0,0 0,1 0,0 0,0 0,0 0,0 3,0 9,0
LEAF 11,3 0,0 0,0 0,1 0,0 0,0 0,0 0,0 3,0 1,4
LEAF 11,3 0,0 0,0 0,1 0,0 0,0 0,0 0,0 6,0 1,1
LEAF 11,3 0,0 0,0 0,1 0,0 0,0 0,0 0,0 0,1 3,3
LEAF 11,3 0,0 0,0 0,1 0,0 0,0 0,0 0,0 1,1 6,0
LEAF 11,3 0,0 0,0 0,1 0,0 0,0 0,0 0,0 2,1 2,3
LEAF 11,3 0,0 0,0 0,1 0,0 0,0 0,0 0,0 4,1 0,3
LEAF 11,3 0,0 0,0 0,1 0,0 0,0 0,0 0,0 5,1 2,0
LEAF 11,3 0,0 0,0 0,1 0,0 0,0 0,0 0,0 1,2 3,2
LEAF 11,3 0,0 0,0 0,1 0,0 0,0 0,0 0,0 3,2 1,2
LEAF 11,3 0,0 0,0 0,1 0,0 0,0 0,0 0,0 0,3 4,1
LEAF 11,3 0,0 0,0 0,1 0,0 0,0 0,0 0,0 2,3 2,1
LEAF 11,3 0,0 0,0 0,1 0,0 0,0 0,0 0,0 3,3 0,1
LEAF 11,3 0,0 0,0 0,1 0,0 0,0 0,0 0,0 1,4 3,0
LEAF 11,3 0,0 0,0 0,1 0,0 0,0 0,0 0,0 2,4 1,0
LEAF 11,3 0,0 0,0 0,1 0,0 0,0 0,0 0,0 0,6 0,0
LEAF 11,3 0,0 0,0 0,1 0,0 0,0 0,0 1,0 0,0 2,4
LEAF 11,3 0,0 0,0 0,1 0,0 0,0 0,0 1,0 1,0 4,2
LEAF 11,3 0,0 0,0 0,1 0,0 0,0 0,0 1,0 0,1 5,1
LEAF 11,3 0,0 0,0 0,1 0,0 0,0 0,0 1,0 5,1 0,1
LEAF 11,3 0,0 0,0 0,1 0,0 0,0 0,0 1,0 4,2 1,0
LEAF 11,3 0,0 0,0 0,1 0,0 0,0 0,0 1,0 2,4 0,0
LEAF 11,3 0,0 0,0 0,1 0,0 0,0 0,0 2,0 0,0 5,1
LEAF 11,3 0,0 0,0 0,1 0,0 0,0 0,0 3,0 0,0 9,0
LEAF 11,3 0,0 0,0 0,1 0,0 0,0 0,0 3,0 0,0 1,4
LEAF 11,3 0,0 0,0 0,1 0,0 0,0 0,0 6,0 0,0 1,1
LEAF 11,3 0,0 0,0 0,1 0,0 0,0 0,0 0,1 0,0 3,3
LEAF 11,3 0,0 0,0 0,1 0,0 0,0 0,0 0,1 1,0 5,1
LEAF 11,3 0,0 0,0 0,1 0,0 0,0 0,0 1,1 0,0 6,0
LEAF 11,3 0,0 0,0 0,1 0,0 0,0 0,0 2,1 0,0 2,3
LEAF 11,3 0,0 0,0 0,1 0,0 0,0 0,0 4,1 0,0 0,3
LEAF 11,3 0,0 0,0 0,1 0,0 0,0 0,0 5,1 0,0 2,0
LEAF 11,3 0,0 0,0 0,1 0,0 0,0 0,0 5,1 1,0 0,1
LEAF 11,3 0,0 0,0 0,1 0,0 0,0 0,0 1,2 0,0 3,2
LEAF 11,3 0,0 0,0 0,1 0,0 0,0 0,0 3,2 0,0 1,2
LEAF 11,3 0,0 0,0 0,1 0,0 0,0 0,0 4,2 1,0 1,0
LEAF 11,3 0,0 0,0 0,1 0,0 0,0 0,0 0,3 0,0 4,1
LEAF 11,3 0,0 0,0 0,1 0,0 0,0 0,0 2,3 0,0 2,1
LEAF 11,3 0,0 0,0 0,1 0,0 0,0 0,0 3,3 0,0 0,1
LEAF 11,3 0,0 0,0 0,1 0,0 0,0 0,0 1,4 0,0 3,0
LEAF 11,3 0,0 0,0 0,1 0,0 0,0 0,0 2,4 0,0 1,0
LEAF 11,3 0,0 0,0 0,1 0,0 0,0 0,0 2,4 1,0 0,0
LEAF 11,3 0,0 0,0 0,1 0,0 0,0 0,0 0,6 0,0 0,0
LEAF 11,3 0,0 0,0 0,1 0,0 0,0 1,0 0,0 0,0 2,4
LEAF 11,3 0,0 0,0 0,1 0,0 0,0 1,0 0,0 1,0 4,2
LEAF 11,3 0,0 0,0 0,1 0,0 0,0 1,0 0,0 0,1 5,1
LEAF 11,3 0,0 0,0 0,1 0,0 0,0 1,0 0,0 5,1 0,1
LEAF 11,3 0,0 0,0 0,1 0,0 0,0 1,0 0,0 4,2 1,0
LEAF 11,3 0,0 0,0 0,1 0,0 0,0 1,0 0,0 2,4 0,0
LEAF 11,3 0,0 0,0 0,1 0,0 0,0 1,0 1,0 0,0 4,2
LEAF 11,3 0,0 0,0 0,1 0,0 0,0 1,0 1,0 4,2 0,0
LEAF 11,3 0,0 0,0 0,1 0,0 0,0 1,0 0,1 0,0 5,1
LEAF 11,3 0,0 0,0 0,1 0,0 0,0 1,0 5,1 0,0 0,1
LEAF 11,3 0,0 0,0 0,1 0,0 0,0 1,0 4,2 0,0 1,0
LEAF 11,3 0,0 0,0 0,1 0,0 0,0 1,0 4,2 1,0 0,0
LEAF 11,3 0,0 0,0 0,1 0,0 0,0 1,0 2,4 0,0 0,0
LEAF 11,3 0,0 0,0 0,1 0,0 0,0 2,0 0,0 0,0 5,1
LEAF 11,3 0,0 0,0 0,1 0,0 0,0 2,0 0,0 5,1 0,0
LEAF 11,3 0,0 0,0 0,1 0,0 0,0 2,0 5,1 0,0 0,0
LEAF 11,3 0,0 0,0 0,1 0,0 0,0 3,0 0,0 0,0 9,0
LEAF 11,3 0,0 0,0 0,1 0,0 0,0 3,0 0,0 0,0 1,4
LEAF 11,3 0,0 0,0 0,1 0,0 0,0 3,0 0,0 1,4 0,0
LEAF 11,3 0,0 0,0 0,1 0,0 0,0 3,0 1,4 0,0 0,0
LEAF 11,3 0,0 0,0 0,1 0,0 0,0 6,0 0,0 0,0 1,1
LEAF 11,3 0,0 0,0 0,1 0,0 0,0 6,0 0,0 0,1 0,1
LEAF 11,3 0,0 0,0 0,1 0,0 0,0 6,0 0,0 1,1 0,0
LEAF 11,3 0,0 0,0 0,1 0,0 0,0 6,0 0,1 0,0 0,1
LEAF 11,3 0,0 0,0 0,1 0,0 0,0 6,0 1,1 0,0 0,0
LEAF 11,3 0,0 0,0 0,1 0,0 0,0 0,1 0,0 0,0 3,3
LEAF 11,3 0,0 0,0 0,1 0,0 0,0 0,1 0,0 1,0 5,1
LEAF 11,3 0,0 0,0 0,1 0,0 0,0 0,1 0,0 6,0 0,1
LEAF 11,3 0,0 0,0 0,1 0,0 0,0 0,1 0,0 0,1 6,0
LEAF 11,3 0,0 0,0 0,1 0,0 0,0 0,1 0,0 5,1 1,0
LEAF 11,3 0,0 0,0 0,1 0,0 0,0 0,1 0,0 3,3 0,0
LEAF 11,3 0,0 0,0 0,1 0,0 0,0 0,1 1,0 0,0 5,1
LEAF 11,3 0,0 0,0 0,1 0,0 0,0 0,1 1,0 5,1 0,0
LEAF 11,3 0,0 0,0 0,1 0,0 0,0 0,1 6,0 0,0 0,1
LEAF 11,3 0,0 0,0 0,1 0,0 0,0 0,1 0,1 0,0 6,0
LEAF 11,3 0,0 0,0 0,1 0,0 0,0 0,1 5,1 0,0 1,0
LEAF 11,3 0,0 0,0 0,1 0,0 0,0 0,1 5,1 1,0 0,0
LEAF 11,3 0,0 0,0 0,1 0,0 0,0 0,1 3,3 0,0 0,0
LEAF 11,3 0,0 0,0 0,1 0,0 0,0 1,1 0,0 0,0 6,0
LEAF 11,3 0,0 0,0 0,1 0,0 0,0 1,1 0,0 6,0 0,0
LEAF 11,3 0,0 0,0 0,1 0,0 0,0 1,1 6,0 0,0 0,0
LEAF 11,3 0,0 0,0 0,1 0,0 0,0 2,1 0,0 0,0 2,3
LEAF 11,3 0,0 0,0 0,1 0,0 0,0 2,1 0,0 2,3 0,0
LEAF 11,3 0,0 0,0 0,1 0,0 0,0 2,1 2,3 0,0 0,0
LEAF 11,3 0,0 0,0 0,1 0,0 0,0 4,1 0,0 0,0 0,3
LEAF 11,3 0,0 0,0 0,1 0,0 0,0 4,1 0,0 0,3 0,0
LEAF 11,3 0,0 0,0 0,1 0,0 0,0 4,1 0,3 0,0 0,0
LEAF 11,3 0,0 0,0 0,1 0,0 0,0 5,1 0,0 0,0 2,0
LEAF 11,3 0,0 0,0 0,1 0,0 0,0 5,1 0,0 1,0 0,1
LEAF 11,3 0,0 0,0 0,1 0,0 0,0 5,1 0,0 2,0 0,0
LEAF 11,3 0,0 0,0 0,1 0,0 0,0 5,1 0,0 0,1 1,0
LEAF 11,3 0,0 0,0 0,1 0,0 0,0 5,1 1,0 0,0 0,1
LEAF 11,3 0,0 0,0 0,1 0,0 0,0 5,1 1,0 0,1 0,0
LEAF 11,3 0,0 0,0 0,1 0,0 0,0 5,1 2,0 0,0 0,0
LEAF 11,3 0,0 0,0 0,1 0,0 0,0 5,1 0,1 0,0 1,0
LEAF 11,3 0,0 0,0 0,1 0,0 0,0 5,1 0,1 1,0 0,0
LEAF 11,3 0,0 0,0 0,1 0,0 0,0 1,2 0,0 0,0 3,2
LEAF 11,3 0,0 0,0 0,1 0,0 0,0 1,2 0,0 3,2 0,0
LEAF 11,3 0,0 0,0 0,1 0,0 0,0 1,2 3,2 0,0 0,0
LEAF 11,3 0,0 0,0 0,1 0,0 0,0 3,2 0,0 0,0 1,2
LEAF 11,3 0,0 0,0 0,1 0,0 0,0 3,2 0,0 1,2 0,0
LEAF 11,3 0,0 0,0 0,1 0,0 0,0 3,2 1,2 0,0 0,0
LEAF 11,3 0,0 0,0 0,1 0,0 0,0 4,2 0,0 1,0 1,0
LEAF 11,3 0,0 0,0 0,1 0,0 0,0 4,2 1,0 0,0 1,0
LEAF 11,3 0,0 0,0 0,1 0,0 0,0 4,2 1,0 1,0 0,0
LEAF 11,3 0,0 0,0 0,1 0,0 0,0 0,3 0,0 0,0 4,1
LEAF 11,3 0,0 0,0 0,1 0,0 0,0 0,3 0,0 4,1 0,0
LEAF 11,3 0,0 0,0 0,1 0,0 0,0 0,3 4,1 0,0 0,0
LEAF 11,3 0,0 0,0 0,1 0,0 0,0 2,3 0,0 0,0 2,1
LEAF 11,3 0,0 0,0 0,1 0,0 0,0 2,3 0,0 2,1 0,0
LEAF 11,3 0,0 0,0 0,1 0,0 0,0 2,3 2,1 0,0 0,0
LEAF 11,3 0,0 0,0 0,1 0,0 0,0 3,3 0,0 0,0 0,1
LEAF 11,3 0,0 0,0 0,1 0,0 0,0 3,3 0,0 0,1 0,0
LEAF 11,3 0,0 0,0 0,1 0,0 0,0 3,3 0,1 0,0 0,0
LEAF 11,3 0,0 0,0 0,1 0,0 0,0 1,4 0,0 0,0 3,0
LEAF 11,3 0,0 0,0 0,1 0,0 0,0 1,4 0,0 3,0 0,0
LEAF 11,3 0,0 0,0 0,1 0,0 0,0 1,4 3,0 0,0 0,0
LEAF 11,3 0,0 0,0 0,1 0,0 0,0 2,4 0,0 0,0 1,0
LEAF 11,3 0,0 0,0 0,1 0,0 0,0 2,4 0,0 1,0 0,0
LEAF 11,3 0,0 0,0 0,1 0,0 0,0 2,4 1,0 0,0 0,0
LEAF 11,3 0,0 0,0 0,1 0,0 1,0 0,0 0,0 0,0 2,4
LEAF 11,3 0,0 0,0 0,1 0,0 1,0 0,0 0,0 1,0 4,2
LEAF 11,3 0,0 0,0 0,1 0,0 1,0 0,0 0,0 0,1 5,1
LEAF 11,3 0,0 0,0 0,1 0,0 1,0 0,0 0,0 5,1 0,1
LEAF 11,3 0,0 0,0 0,1 0,0 1,0 0,0 0,0 4,2 1,0
LEAF 11,3 0,0 0,0 0,1 0,0 1,0 0,0 0,0 2,4 0,0
LEAF 11,3 0,0 0,0 0,1 0,0 1,0 0,0 1,0 0,0 4,2
LEAF 11,3 0,0 0,0 0,1 0,0 1,0 0,0 0,1 0,0 5,1
LEAF 11,3 0,0 0,0 0,1 0,0 1,0 0,0 5,1 0,0 0,1
LEAF 11,3 0,0 0,0 0,1 0,0 1,0 0,0 4,2 0,0 1,0
LEAF 11,3 0,0 0,0 0,1 0,0 1,0 0,0 4,2 1,0 0,0
LEAF 11,3 0,0 0,0 0,1 0,0 1,0 0,0 2,4 0,0 0,0
LEAF 11,3 0,0 0,0 0,1 0,0 1,0 1,0 0,0 0,0 4,2
LEAF 11,3 0,0 0,0 0,1 0,0 1,0 1,0 0,0 4,2 0,0
LEAF 11,3 0,0 0,0 0,1 0,0 1,0 1,0 4,2 0,0 0,0
LEAF 11,3 0,0 0,0 0,1 0,0 1,0 0,1 0,0 0,0 5,1
LEAF 11,3 0,0 0,0 0,1 0,0 1,0 5,1 0,0 0,0 0,1
LEAF 11,3 0,0 0,0 0,1 0,0 1,0 4,2 0,0 0,0 1,0
LEAF 11,3 0,0 0,0 0,1 0,0 1,0 2,4 0,0 0,0 0,0
LEAF 11,3 0,0 0,0 0,1 0,0 2,0 0,0 0,0 0,0 5,1
LEAF 11,3 0,0 0,0 0,1 0,0 2,0 0,0 0,0 5,1 0,0
LEAF 11,3 0,0 0,0 0,1 0,0 2,0 0,0 5,1 0,0 0,0
LEAF 11,3 0,0 0,0 0,1 0,0 2,0 5,1 0,0 0,0 0,0
LEAF 11,3 0,0 0,0 0,1 0,0 3,0 0,0 0,0 0,0 9,0
LEAF 11,3 0,0 0,0 0,1 0,0 3,0 0,0 0,0 0,0 1,4
LEAF 11,3 0,0 0,0 0,1 0,0 3,0 0,0 0,0 1,4 0,0
LEAF 11,3 0,0 0,0 0,1 0,0 3,0 0,0 1,4 0,0 0,0
LEAF 11,3 0,0 0,0 0,1 0,0 3,0 1,4 0,0 0,0 0,0
LEAF 11,3 0,0 0,0 0,1 0,0 6,0 0,0 0,0 0,0 1,1
LEAF 11,3 0,0 0,0 0,1 0,0 6,0 0,0 0,0 0,1 0,1
LEAF 11,3 0,0 0,0 0,1 0,0 6,0 0,0 0,0 1,1 0,0
LEAF 11,3 0,0 0,0 0,1 0,0 6,0 0,0 0,1 0,0 0,1
LEAF 11,3 0,0 0,0 0,1 0,0 6,0 0,0 1,1 0,0 0,0
LEAF 11,3 0,0 0,0 0,1 0,0 6,0 0,1 0,0 0,0 0,1
LEAF 11,3 0,0 0,0 0,1 0,0 6,0 1,1 0,0 0,0 0,0
LEAF 11,3 0,0 0,0 0,1 0,0 0,1 0,0 0,0 0,0 3,3
LEAF 11,3 0,0 0,0 0,1 0,0 0,1 0,0 0,0 1,0 5,1
LEAF 11,3 0,0 0,0 0,1 0,0 0,1 0,0 0,0 6,0 0,1
LEAF 11,3 0,0 0,0 0,1 0,0 0,1 0,0 0,0 0,1 6,0
LEAF 11,3 0,0 0,0 0,1 0,0 0,1 0,0 0,0 5,1 1,0
LEAF 11,3 0,0 0,0 0,1 0,0 0,1 0,0 0,0 3,3 0,0
LEAF 11,3 0,0 0,0 0,1 0,0 0,1 0,0 1,0 0,0 5,1
LEAF 11,3 0,0 0,0 0,1 0,0 0,1 0,0 6,0 0,0 0,1
LEAF 11,3 0,0 0,0 0,1 0,0 0,1 0,0 0,1 0,0 6,0
LEAF 11,3 0,0 0,0 0,1 0,0 0,1 0,0 5,1 0,0 1,0
LEAF 11,3 0,0 0,0 0,1 0,0 0,1 0,0 5,1 1,0 0,0
LEAF 11,3 0,0 0,0 0,1 0,0 0,1 0,0 3,3 0,0 0,0
LEAF 11,3 0,0 0,0 0,1 0,0 0,1 1,0 0,0 0,0 5,1
LEAF 11,3 0,0 0,0 0,1 0,0 0,1 1,0 5,1 0,0 0,0
LEAF 11,3 0,0 0,0 0,1 0,0 0,1 6,0 0,0 0,0 0,1
LEAF 11,3 0,0 0,0 0,1 0,0 0,1 0,1 0,0 0,0 6,0
LEAF 11,3 0,0 0,0 0,1 0,0 0,1 5,1 0,0 0,0 1,0
LEAF 11,3 0,0 0,0 0,1 0,0 0,1 3,3 0,0 0,0 0,0
LEAF 11,3 0,0 0,0 0,1 0,0 1,1 0,0 0,0 0,0 6,0
LEAF 11,3 0,0 0,0 0,1 0,0 1,1 0,0 0,0 6,0 0,0
LEAF 11,3 0,0 0,0 0,1 0,0 1,1 0,0 6,0 0,0 0,0
LEAF 11,3 0,0 0,0 0,1 0,0 1,1 6,0 0,0 0,0 0,0
LEAF 11,3 0,0 0,0 0,1 0,0 2,1 0,0 0,0 0,0 2,3
LEAF 11,3 0,0 0,0 0,1 0,0 2,1 0,0 0,0 2,3 0,0
LEAF 11,3 0,0 0,0 0,1 0,0 2,1 0,0 2,3 0,0 0,0
LEAF 11,3 0,0 0,0 0,1 0,0 2,1 2,3 0,0 0,0 0,0
LEAF 11,3 0,0 0,0 0,1 0,0 4,1 0,0 0,0 0,0 0,3
LEAF 11,3 0,0 0,0 0,1 0,0 4,1 0,0 0,0 0,3 0,0
LEAF 11,3 0,0 0,0 0,1 0,0 4,1 0,0 0,3 0,0 0,0
LEAF 11,3 0,0 0,0 0,1 0,0 4,1 0,3 0,0 0,0 0,0
LEAF 11,3 0,0 0,0 0,1 0,0 5,1 0,0 0,0 0,0 2,0
LEAF 11,3 0,0 0,0 0,1 0,0 5,1 0,0 0,0 1,0 0,1
LEAF 11,3 0,0 0,0 0,1 0,0 5,1 0,0 0,0 2,0 0,0
LEAF 11,3 0,0 0,0 0,1 0,0 5,1 0,0 0,0 0,1 1,0
LEAF 11,3 0,0 0,0 0,1 0,0 5,1 0,0 1,0 0,0 0,1
LEAF 11,3 0,0 0,0 0,1 0,0 5,1 0,0 2,0 0,0 0,0
LEAF 11,3 0,0 0,0 0,1 0,0 5,1 0,0 0,1 0,0 1,0
LEAF 11,3 0,0 0,0 0,1 0,0 5,1 0,0 0,1 1,0 0,0
LEAF 11,3 0,0 0,0 0,1 0,0 5,1 1,0 0,0 0,0 0,1
LEAF 11,3 0,0 0,0 0,1 0,0 5,1 1,0 0,1 0,0 0,0
LEAF 11,3 0,0 0,0 0,1 0,0 5,1 2,0 0,0 0,0 0,0
LEAF 11,3 0,0 0,0 0,1 0,0 5,1 0,1 0,0 0,0 1,0
LEAF 11,3 0,0 0,0 0,1 0,0 1,2 0,0 0,0 0,0 3,2
LEAF 11,3 0,0 0,0 0,1 0,0 1,2 0,0 0,0 3,2 0,0
LEAF 11,3 0,0 0,0 0,1 0,0 1,2 0,0 3,2 0,0 0,0
LEAF 11,3 0,0 0,0 0,1 0,0 1,2 3,2 0,0 0,0 0,0
LEAF 11,3 0,0 0,0 0,1 0,0 3,2 0,0 0,0 0,0 1,2
LEAF 11,3 0,0 0,0 0,1 0,0 3,2 0,0 0,0 1,2 0,0
LEAF 11,3 0,0 0,0 0,1 0,0 3,2 0,0 1,2 0,0 0,0
LEAF 11,3 0,0 0,0 0,1 0,0 3,2 1,2 0,0 0,0 0,0
LEAF 11,3 0,0 0,0 0,1 0,0 4,2 0,0 0,0 1,0 1,0
LEAF 11,3 0,0 0,0 0,1 0,0 4,2 0,0 1,0 0,0 1,0
LEAF 11,3 0,0 0,0 0,1 0,0 4,2 0,0 1,0 1,0 0,0
LEAF 11,3 0,0 0,0 0,1 0,0 4,2 1,0 0,0 0,0 1,0
LEAF 11,3 0,0 0,0 0,1 0,0 4,2 1,0 0,0 1,0 0,0
LEAF 11,3 0,0 0,0 0,1 0,0 4,2 1,0 1,0 0,0 0,0
LEAF 11,3 0,0 0,0 0,1 0,0 0,3 0,0 0,0 0,0 4,1
LEAF 11,3 0,0 0,0 0,1 0,0 0,3 0,0 0,0 4,1 0,0
LEAF 11,3 0,0 0,0 0,1 0,0 0,3 0,0 4,1 0,0 0,0
LEAF 11,3 0,0 0,0 0,1 0,0 0,3 4,1 0,0 0,0 0,0
LEAF 11,3 0,0 0,0 0,1 0,0 2,3 0,0 0,0 0,0 2,1
LEAF 11,3 0,0 0,0 0,1 0,0 2,3 0,0 0,0 2,1 0,0
LEAF 11,3 0,0 0,0 0,1 0,0 2,3 0,0 2,1 0,0 0,0
LEAF 11,3 0,0 0,0 0,1 0,0 2,3 2,1 0,0 0,0 0,0
LEAF 11,3 0,0 0,0 0,1 0,0 3,3 0,0 0,0 0,0 0,1
LEAF 11,3 0,0 0,0 0,1 0,0 3,3 0,0 0,0 0,1 0,0
LEAF 11,3 0,0 0,0 0,1 0,0 3,3 0,0 0,1 0,0 0,0
LEAF 11,3 0,0 0,0 0,1 0,0 3,3 0,1 0,0 0,0 0,0
LEAF 11,3 0,0 0,0 0,1 0,0 1,4 0,0 0,0 0,0 3,0
LEAF 11,3 0,0 0,0 0,1 0,0 1,4 0,0 0,0 3,0 0,0
LEAF 11,3 0,0 0,0 0,1 0,0 1,4 0,0 3,0 0,0 0,0
LEAF 11,3 0,0 0,0 0,1 0,0 1,4 3,0 0,0 0,0 0,0
LEAF 11,3 0,0 0,0 0,1 0,0 2,4 0,0 0,0 0,0 1,0
LEAF 11,3 0,0 0,0 0,1 0,0 2,4 0,0 0,0 1,0 0,0
LEAF 11,3 0,0 0,0 0,1 0,0 2,4 0,0 1,0 0,0 0,0
LEAF 11,3 0,0 0,0 0,1 0,0 2,4 1,0 0,0 0,0 0,0
LEAF 11,3 0,0 0,0 0,1 1,0 0,0 0,0 0,0 0,0 2,4
LEAF 11,3 0,0 0,0 0,1 1,0 0,0 0,0 0,0 1,0 4,2
LEAF 11,3 0,0 0,0 0,1 1,0 0,0 0,0 0,0 0,1 5,1
LEAF 11,3 0,0 0,0 0,1 1,0 0,0 0,0 0,0 5,1 0,1
LEAF 11,3 0,0 0,0 0,1 1,0 0,0 0,0 0,0 4,2 1,0
LEAF 11,3 0,0 0,0 0,1 1,0 0,0 0,0 0,0 2,4 0,0
LEAF 11,3 0,0 0,0 0,1 1,0 0,0 0,0 1,0 0,0 4,2
LEAF 11,3 0,0 0,0 0,1 1,0 0,0 0,0 0,1 0,0 5,1
LEAF 11,3 0,0 0,0 0,1 1,0 0,0 0,0 5,1 0,0 0,1
LEAF 11,3 0,0 0,0 0,1 1,0 0,0 0,0 4,2 0,0 1,0
LEAF 11,3 0,0 0,0 0,1 1,0 0,0 0,0 4,2 1,0 0,0
LEAF 11,3 0,0 0,0 0,1 1,0 0,0 0,0 2,4 0,0 0,0
LEAF 11,3 0,0 0,0 0,1 1,0 0,0 1,0 0,0 0,0 4,2
LEAF 11,3 0,0 0,0 0,1 1,0 0,0 1,0 4,2 0,0 0,0
LEAF 11,3 0,0 0,0 0,1 1,0 0,0 0,1 0,0 0,0 5,1
LEAF 11,3 0,0 0,0 0,1 1,0 0,0 5,1 0,0 0,0 0,1
LEAF 11,3 0,0 0,0 0,1 1,0 0,0 4,2 0,0 0,0 1,0
LEAF 11,3 0,0 0,0 0,1 1,0 0,0 2,4 0,0 0,0 0,0
LEAF 11,3 0,0 0,0 0,1 1,0 1,0 0,0 0,0 0,0 4,2
LEAF 11,3 0,0 0,0 0,1 1,0 1,0 0,0 0,0 4,2 0,0
LEAF 11,3 0,0 0,0 0,1 1,0 1,0 0,0 4,2 0,0 0,0
LEAF 11,3 0,0 0,0 0,1 1,0 1,0 4,2 0,0 0,0 0,0
LEAF 11,3 0,0 0,0 0,1 1,0 0,1 0,0 0,0 0,0 5,1
LEAF 11,3 0,0 0,0 0,1 1,0 0,1 0,0 0,0 5,1 0,0
LEAF 11,3 0,0 0,0 0,1 1,0 0,1 0,0 5,1 0,0 0,0
LEAF 11,3 0,0 0,0 0,1 1,0 0,1 5,1 0,0 0,0 0,0
LEAF 11,3 0,0 0,0 0,1 1,0 5,1 0,0 0,0 0,0 0,1
LEAF 11,3 0,0 0,0 0,1 1,0 5,1 0,0 0,0 0,1 0,0
LEAF 11,3 0,0 0,0 0,1 1,0 5,1 0,0 0,1 0,0 0,0
LEAF 11,3 0,0 0,0 0,1 1,0 5,1 0,1 0,0 0,0 0,0
LEAF 11,3 0,0 0,0 0,1 1,0 4,2 0,0 0,0 0,0 1,0
LEAF 11,3 0,0 0,0 0,1 1,0 4,2 0,0 0,0 1,0 0,0
LEAF 11,3 0,0 0,0 0,1 1,0 4,2 0,0 1,0 0,0 0,0
LEAF 11,3 0,0 0,0 0,1 1,0 4,2 1,0 0,0 0,0 0,0
LEAF 11,3 0,0 0,0 0,1 1,0 2,4 0,0 0,0 0,0 0,0
LEAF 11,3 0,0 0,0 0,1 2,0 0,0 0,0 0,0 0,0 5,1
LEAF 11,3 0,0 0,0 0,1 2,0 0,0 0,0 5,1 0,0 0,0
LEAF 11,3 0,0 0,0 0,1 2,0 0,0 5,1 0,0 0,0 0,0
LEAF 11,3 0,0 0,0 0,1 3,0 0,0 0,0 0,0 0,0 9,0
LEAF 11,3 0,0 0,0 0,1 3,0 0,0 0,0 0,0 0,0 1,4
LEAF 11,3 0,0 0,0 0,1 3,0 0,0 0,0 1,4 0,0 0,0
LEAF 11,3 0,0 0,0 0,1 3,0 0,0 1,4 0,0 0,0 0,0
LEAF 11,3 0,0 0,0 0,1 6,0 0,0 0,0 0,0 0,0 1,1
LEAF 11,3 0,0 0,0 0,1 6,0 0,0 0,0 0,1 0,0 0,1
LEAF 11,3 0,0 0,0 0,1 6,0 0,0 0,0 1,1 0,0 0,0
LEAF 11,3 0,0 0,0 0,1 6,0 0,0 0,1 0,0 0,0 0,1
LEAF 11,3 0,0 0,0 0,1 6,0 0,0 1,1 0,0 0,0 0,0
LEAF 11,3 0,0 0,0 0,1 0,1 0,0 0,0 0,0 0,0 3,3
LEAF 11,3 0,0 0,0 0,1 0,1 0,0 0,0 0,0 1,0 5,1
LEAF 11,3 0,0 0,0 0,1 0,1 0,0 0,0 1,0 0,0 5,1
LEAF 11,3 0,0 0,0 0,1 0,1 0,0 0,0 6,0 0,0 0,1
LEAF 11,3 0,0 0,0 0,1 0,1 0,0 0,0 0,1 0,0 6,0
LEAF 11,3 0,0 0,0 0,1 0,1 0,0 0,0 5,1 0,0 1,0
LEAF 11,3 0,0 0,0 0,1 0,1 0,0 0,0 5,1 1,0 0,0
LEAF 11,3 0,0 0,0 0,1 0,1 0,0 0,0 3,3 0,0 0,0
LEAF 11,3 0,0 0,0 0,1 0,1 0,0 1,0 0,0 0,0 5,1
LEAF 11,3 0,0 0,0 0,1 0,1 0,0 6,0 0,0 0,0 0,1
LEAF 11,3 0,0 0,0 0,1 0,1 0,0 0,1 0,0 0,0 6,0
LEAF 11,3 0,0 0,0 0,1 0,1 0,0 5,1 0,0 0,0 1,0
LEAF 11,3 0,0 0,0 0,1 0,1 0,0 3,3 0,0 0,0 0,0
LEAF 11,3 0,0 0,0 0,1 0,1 1,0 0,0 0,0 0,0 5,1
LEAF 11,3 0,0 0,0 0,1 0,1 1,0 5,1 0,0 0,0 0,0
LEAF 11,3 0,0 0,0 0,1 1,1 0,0 0,0 0,0 0,0 6,0
LEAF 11,3 0,0 0,0 0,1 1,1 0,0 0,0 6,0 0,0 0,0
LEAF 11,3 0,0 0,0 0,1 1,1 0,0 6,0 0,0 0,0 0,0
LEAF 11,3 0,0 0,0 0,1 2,1 0,0 0,0 0,0 0,0 2,3
LEAF 11,3 0,0 0,0 0,1 2,1 0,0 0,0 2,3 0,0 0,0
LEAF 11,3 0,0 0,0 0,1 2,1 0,0 2,3 0,0 0,0 0,0
LEAF 11,3 0,0 0,0 0,1 4,1 0,0 0,0 0,0 0,0 0,3
LEAF 11,3 0,0 0,0 0,1 4,1 0,0 0,0 0,3 0,0 0,0
LEAF 11,3 0,0 0,0 0,1 4,1 0,0 0,3 0,0 0,0 0,0
LEAF 11,3 0,0 0,0 0,1 5,1 0,0 0,0 0,0 0,0 2,0
LEAF 11,3 0,0 0,0 0,1 5,1 0,0 0,0 0,0 1,0 0,1
LEAF 11,3 0,0 0,0 0,1 5,1 0,0 0,0 1,0 0,0 0,1
LEAF 11,3 0,0 0,0 0,1 5,1 0,0 0,0 2,0 0,0 0,0
LEAF 11,3 0,0 0,0 0,1 5,1 0,0 0,0 0,1 0,0 1,0
LEAF 11,3 0,0 0,0 0,1 5,1 0,0 0,0 0,1 1,0 0,0
LEAF 11,3 0,0 0,0 0,1 5,1 0,0 1,0 0,0 0,0 0,1
LEAF 11,3 0,0 0,0 0,1 5,1 0,0 2,0 0,0 0,0 0,0
LEAF 11,3 0,0 0,0 0,1 5,1 0,0 0,1 0,0 0,0 1,0
LEAF 11,3 0,0 0,0 0,1 5,1 1,0 0,0 0,0 0,0 0,1
LEAF 11,3 0,0 0,0 0,1 5,1 1,0 0,1 0,0 0,0 0,0
LEAF 11,3 0,0 0,0 0,1 1,2 0,0 0,0 0,0 0,0 3,2
LEAF 11,3 0,0 0,0 0,1 1,2 0,0 0,0 3,2 0,0 0,0
LEAF 11,3 0,0 0,0 0,1 1,2 0,0 3,2 0,0 0,0 0,0
LEAF 11,3 0,0 0,0 0,1 3,2 0,0 0,0 0,0 0,0 1,2
LEAF 11,3 0,0 0,0 0,1 3,2 0,0 0,0 1,2 0,0 0,0
LEAF 11,3 0,0 0,0 0,1 3,2 0,0 1,2 0,0 0,0 0,0
LEAF 11,3 0,0 0,0 0,1 4,2 0,0 0,0 0,0 1,0 1,0
LEAF 11,3 0,0 0,0 0,1 4,2 0,0 0,0 1,0 0,0 1,0
LEAF 11,3 0,0 0,0 0,1 4,2 0,0 0,0 1,0 1,0 0,0
LEAF 11,3 0,0 0,0 0,1 4,2 0,0 1,0 0,0 0,0 1,0
LEAF 11,3 0,0 0,0 0,1 4,2 0,0 1,0 1,0 0,0 0,0
LEAF 11,3 0,0 0,0 0,1 4,2 1,0 0,0 0,0 0,0 1,0
LEAF 11,3 0,0 0,0 0,1 4,2 1,0 1,0 0,0 0,0 0,0
LEAF 11,3 0,0 0,0 0,1 0,3 0,0 0,0 0,0 0,0 4,1
LEAF 11,3 0,0 0,0 0,1 0,3 0,0 0,0 4,1 0,0 0,0
LEAF 11,3 0,0 0,0 0,1 0,3 0,0 4,1 0,0 0,0 0,0
LEAF 11,3 0,0 0,0 0,1 2,3 0,0 0,0 0,0 0,0 2,1
LEAF 11,3 0,0 0,0 0,1 2,3 0,0 0,0 2,1 0,0 0,0
LEAF 11,3 0,0 0,0 0,1 2,3 0,0 2,1 0,0 0,0 0,0
LEAF 11,3 0,0 0,0 0,1 3,3 0,0 0,0 0,0 0,0 0,1
LEAF 11,3 0,0 0,0 0,1 3,3 0,0 0,0 0,1 0,0 0,0
LEAF 11,3 0,0 0,0 0,1 3,3 0,0 0,1 0,0 0,0 0,0
LEAF 11,3 0,0 0,0 0,1 1,4 0,0 0,0 0,0 0,0 3,0
LEAF 11,3 0,0 0,0 0,1 1,4 0,0 0,0 3,0 0,0 0,0
LEAF 11,3 0,0 0,0 0,1 1,4 0,0 3,0 0,0 0,0 0,0
LEAF 11,3 0,0 0,0 0,1 2,4 0,0 0,0 0,0 0,0 1,0
LEAF 11,3 0,0 0,0 0,1 2,4 0,0 0,0 0,0 1,0 0,0
LEAF 11,3 0,0 0,0 0,1 2,4 0,0 0,0 1,0 0,0 0,0
LEAF 11,3 0,0 0,0 0,1 2,4 0,0 1,0 0,0 0,0 0,0
LEAF 11,3 0,0 0,0 1,1 0,0 0,0 0,0 0,0 0,0 3,3
LEAF 11,3 0,0 0,0 1,1 0,0 0,0 0,0 0,0 1,0 5,1
LEAF 11,3 0,0 0,0 1,1 0,0 0,0 0,0 0,0 6,0 0,1
LEAF 11,3 0,0 0,0 1,1 0,0 0,0 0,0 0,0 0,1 6,0
LEAF 11,3 0,0 0,0 1,1 0,0 0,0 0,0 0,0 5,1 1,0
LEAF 11,3 0,0 0,0 1,1 0,0 0,0 0,0 0,0 3,3 0,0
LEAF 11,3 0,0 0,0 1,1 0,0 0,0 0,0 1,0 0,0 5,1
LEAF 11,3 0,0 0,0 1,1 0,0 0,0 0,0 1,0 5,1 0,0
LEAF 11,3 0,0 0,0 1,1 0,0 0,0 0,0 6,0 0,0 0,1
LEAF 11,3 0,0 0,0 1,1 0,0 0,0 0,0 0,1 0,0 6,0
LEAF 11,3 0,0 0,0 1,1 0,0 0,0 0,0 5,1 0,0 1,0
LEAF 11,3 0,0 0,0 1,1 0,0 0,0 0,0 5,1 1,0 0,0
LEAF 11,3 0,0 0,0 1,1 0,0 0,0 0,0 3,3 0,0 0,0
LEAF 11,3 0,0 0,0 1,1 0,0 0,0 1,0 0,0 0,0 5,1
LEAF 11,3 0,0 0,0 1,1 0,0 0,0 1,0 0,0 5,1 0,0
LEAF 11,3 0,0 0,0 1,1 0,0 0,0 1,0 5,1 0,0 0,0
LEAF 11,3 0,0 0,0 1,1 0,0 0,0 6,0 0,0 0,0 0,1
LEAF 11,3 0,0 0,0 1,1 0,0 0,0 6,0 0,0 0,1 0,0
LEAF 11,3 0,0 0,0 1,1 0,0 0,0 6,0 0,1 0,0 0,0
LEAF 11,3 0,0 0,0 1,1 0,0 0,0 0,1 0,0 0,0 6,0
LEAF 11,3 0,0 0,0 1,1 0,0 0,0 0,1 0,0 6,0 0,0
LEAF 11,3 0,0 0,0 1,1 0,0 0,0 0,1 6,0 0,0 0,0
LEAF 11,3 0,0 0,0 1,1 0,0 0,0 5,1 0,0 0,0 1,0
LEAF 11,3 0,0 0,0 1,1 0,0 0,0 5,1 0,0 1,0 0,0
LEAF 11,3 0,0 0,0 1,1 0,0 0,0 5,1 1,0 0,0 0,0
LEAF 11,3 0,0 0,0 1,1 0,0 0,0 3,3 0,0 0,0 0,0
LEAF 11,3 0,0 0,0 1,1 0,0 1,0 0,0 0,0 0,0 5,1
LEAF 11,3 0,0 0,0 1,1 0,0 1,0 0,0 0,0 5,1 0,0
LEAF 11,3 0,0 0,0 1,1 0,0 1,0 0,0 5,1 0,0 0,0
LEAF 11,3 0,0 0,0 1,1 0,0 1,0 5,1 0,0 0,0 0,0
LEAF 11,3 0,0 0,0 1,1 0,0 6,0 0,0 0,0 0,0 0,1
LEAF 11,3 0,0 0,0 1,1 0,0 6,0 0,0 0,0 0,1 0,0
LEAF 11,3 0,0 0,0 1,1 0,0 6,0 0,0 0,1 0,0 0,0
LEAF 11,3 0,0 0,0 1,1 0,0 6,0 0,1 0,0 0,0 0,0
LEAF 11,3 0,0 0,0 1,1 0,0 0,1 0,0 0,0 0,0 6,0
LEAF 11,3 0,0 0,0 1,1 0,0 0,1 0,0 0,0 6,0 0,0
LEAF 11,3 0,0 0,0 1,1 0,0 0,1 0,0 6,0 0,0 0,0
LEAF 11,3 0,0 0,0 1,1 0,0 0,1 6,0 0,0 0,0 0,0
LEAF 11,3 0,0 0,0 1,1 0,0 5,1 0,0 0,0 0,0 1,0
LEAF 11,3 0,0 0,0 1,1 0,0 5,1 0,0 0,0 1,0 0,0
LEAF 11,3 0,0 0,0 1,1 0,0 5,1 0,0 1,0 0,0 0,0
LEAF 11,3 0,0 0,0 1,1 0,0 5,1 1,0 0,0 0,0 0,0
LEAF 11,3 0,0 0,0 1,1 0,0 3,3 0,0 0,0 0,0 0,0
LEAF 11,3 0,0 0,0 1,1 1,0 0,0 0,0 0,0 0,0 5,1
LEAF 11,3 0,0 0,0 1,1 1,0 0,0 0,0 0,0 5,1 0,0
LEAF 11,3 0,0 0,0 1,1 1,0 0,0 0,0 5,1 0,0 0,0
LEAF 11,3 0,0 0,0 1,1 1,0 0,0 5,1 0,0 0,0 0,0
LEAF 11,3 0,0 0,0 1,1 1,0 5,1 0,0 0,0 0,0 0,0
LEAF 11,3 0,0 0,0 1,1 6,0 0,0 0,0 0,0 0,0 0,1
LEAF 11,3 0,0 0,0 1,1 6,0 0,0 0,0 0,1 0,0 0,0
LEAF 11,3 0,0 0,0 1,1 6,0 0,0 0,1 0,0 0,0 0,0
LEAF 11,3 0,0 0,0 1,1 0,1 0,0 0,0 0,0 0,0 6,0
LEAF 11,3 0,0 0,0 1,1 0,1 0,0 0,0 6,0 0,0 0,0
LEAF 11,3 0,0 0,0 1,1 0,1 0,0 6,0 0,0 0,0 0,0
LEAF 11,3 0,0 0,0 1,1 5,1 0,0 0,0 0,0 0,0 1,0
LEAF 11,3 0,0 0,0 1,1 5,1 0,0 0,0 0,0 1,0 0,0
LEAF 11,3 0,0 0,0 1,1 5,1 0,0 0,0 1,0 0,0 0,0
LEAF 11,3 0,0 0,0 1,1 5,1 0,0 1,0 0,0 0,0 0,0
LEAF 11,3 0,0 0,0 1,1 5,1 1,0 0,0 0,0 0,0 0,0
LEAF 11,3 0,0 0,0 2,1 0,0 0,0 0,0 0,0 1,0 9,0
LEAF 11,3 0,0 0,0 2,1 0,0 0,0 0,0 0,0 1,0 1,4
LEAF 11,3 0,0 0,0 2,1 0,0 0,0 0,0 0,0 0,1 2,3
LEAF 11,3 0,0 0,0 2,1 0,0 0,0 0,0 0,0 2,3 0,1
LEAF 11,3 0,0 0,0 2,1 0,0 0,0 0,0 0,0 1,4 1,0
LEAF 11,3 0,0 0,0 2,1 0,0 0,0 0,0 1,0 0,0 9,0
LEAF 11,3 0,0 0,0 2,1 0,0 0,0 0,0 1,0 0,0 1,4
LEAF 11,3 0,0 0,0 2,1 0,0 0,0 0,0 1,0 1,4 0,0
LEAF 11,3 0,0 0,0 2,1 0,0 0,0 0,0 0,1 0,0 2,3
LEAF 11,3 0,0 0,0 2,1 0,0 0,0 0,0 2,3 0,0 0,1
LEAF 11,3 0,0 0,0 2,1 0,0 0,0 0,0 1,4 0,0 1,0
LEAF 11,3 0,0 0,0 2,1 0,0 0,0 0,0 1,4 1,0 0,0
LEAF 11,3 0,0 0,0 2,1 0,0 0,0 1,0 0,0 0,0 9,0
LEAF 11,3 0,0 0,0 2,1 0,0 0,0 1,0 0,0 0,0 1,4
LEAF 11,3 0,0 0,0 2,1 0,0 0,0 1,0 0,0 1,4 0,0
LEAF 11,3 0,0 0,0 2,1 0,0 0,0 1,0 1,4 0,0 0,0
LEAF 11,3 0,0 0,0 2,1 0,0 0,0 0,1 0,0 0,0 2,3
LEAF 11,3 0,0 0,0 2,1 0,0 0,0 0,1 0,0 2,3 0,0
LEAF 11,3 0,0 0,0 2,1 0,0 0,0 0,1 2,3 0,0 0,0
LEAF 11,3 0,0 0,0 2,1 0,0 0,0 2,3 0,0 0,0 0,1
LEAF 11,3 0,0 0,0 2,1 0,0 0,0 2,3 0,0 0,1 0,0
LEAF 11,3 0,0 0,0 2,1 0,0 0,0 2,3 0,1 0,0 0,0
LEAF 11,3 0,0 0,0 2,1 0,0 0,0 1,4 0,0 0,0 1,0
LEAF 11,3 0,0 0,0 2,1 0,0 0,0 1,4 0,0 1,0 0,0
LEAF 11,3 0,0 0,0 2,1 0,0 0,0 1,4 1,0 0,0 0,0
LEAF 11,3 0,0 0,0 2,1 0,0 1,0 0,0 0,0 0,0 9,0
LEAF 11,3 0,0 0,0 2,1 0,0 1,0 0,0 0,0 0,0 1,4
LEAF 11,3 0,0 0,0 2,1 0,0 1,0 0,0 0,0 1,4 0,0
LEAF 11,3 0,0 0,0 2,1 0,0 1,0 0,0 1,4 0,0 0,0
LEAF 11,3 0,0 0,0 2,1 0,0 1,0 1,4 0,0 0,0 0,0
LEAF 11,3 0,0 0,0 2,1 0,0 0,1 0,0 0,0 0,0 2,3
LEAF 11,3 0,0 0,0 2,1 0,0 0,1 0,0 0,0 2,3 0,0
LEAF 11,3 0,0 0,0 2,1 0,0 0,1 0,0 2,3 0,0 0,0
LEAF 11,3 0,0 0,0 2,1 0,0 0,1 2,3 0,0 0,0 0,0
LEAF 11,3 0,0 0,0 2,1 0,0 2,3 0,0 0,0 0,0 0,1
LEAF 11,3 0,0 0,0 2,1 0,0 2,3 0,0 0,0 0,1 0,0
LEAF 11,3 0,0 0,0 2,1 0,0 2,3 0,0 0,1 0,0 0,0
LEAF 11,3 0,0 0,0 2,1 0,0 2,3 0,1 0,0 0,0 0,0
LEAF 11,3 0,0 0,0 2,1 0,0 1,4 0,0 0,0 0,0 1,0
LEAF 11,3 0,0 0,0 2,1 0,0 1,4 0,0 0,0 1,0 0,0
LEAF 11,3 0,0 0,0 2,1 0,0 1,4 0,0 1,0 0,0 0,0
LEAF 11,3 0,0 0,0 2,1 0,0 1,4 1,0 0,0 0,0 0,0
LEAF 11,3 0,0 0,0 2,1 1,0 0,0 0,0 0,0 0,0 9,0
LEAF 11,3 0,0 0,0 2,1 1,0 0,0 0,0 0,0 0,0 1,4
LEAF 11,3 0,0 0,0 2,1 1,0 0,0 0,0 0,0 1,4 0,0
LEAF 11,3 0,0 0,0 2,1 1,0 0,0 0,0 1,4 0,0 0,0
LEAF 11,3 0,0 0,0 2,1 1,0 0,0 1,4 0,0 0,0 0,0
LEAF 11,3 0,0 0,0 2,1 1,0 1,4 0,0 0,0 0,0 0,0
LEAF 11,3 0,0 0,0 2,1 0,1 0,0 0,0 0,0 0,0 2,3
LEAF 11,3 0,0 0,0 2,1 0,1 0,0 0,0 2,3 0,0 0,0
LEAF 11,3 0,0 0,0 2,1 0,1 0,0 2,3 0,0 0,0 0,0
LEAF 11,3 0,0 0,0 2,1 2,3 0,0 0,0 0,0 0,0 0,1
LEAF 11,3 0,0 0,0 2,1 2,3 0,0 0,0 0,1 0,0 0,0
LEAF 11,3 0,0 0,0 2,1 2,3 0,0 0,1 0,0 0,0 0,0
LEAF 11,3 0,0 0,0 2,1 1,4 0,0 0,0 0,0 0,0 1,0
LEAF 11,3 0,0 0,0 2,1 1,4 0,0 0,0 0,0 1,0 0,0
LEAF 11,3 0,0 0,0 2,1 1,4 0,0 0,0 1,0 0,0 0,0
LEAF 11,3 0,0 0,0 2,1 1,4 0,0 1,0 0,0 0,0 0,0
LEAF 11,3 0,0 0,0 2,1 1,4 1,0 0,0 0,0 0,0 0,0
LEAF 11,3 0,0 0,0 3,1 0,0 0,0 0,0 0,0 0,0 4,1
LEAF 11,3 0,0 0,0 3,1 0,0 0,0 0,0 0,0 4,1 0,0
LEAF 11,3 0,0 0,0 3,1 0,0 0,0 0,0 4,1 0,0 0,0
LEAF 11,3 0,0 0,0 3,1 0,0 0,0 4,1 0,0 0,0 0,0
LEAF 11,3 0,0 0,0 3,1 0,0 4,1 0,0 0,0 0,0 0,0
LEAF 11,3 0,0 0,0 3,1 4,1 0,0 0,0 0,0 0,0 0,0
LEAF 11,3 0,0 0,0 4,1 0,0 0,0 0,0 0,0 0,0 3,1
LEAF 11,3 0,0 0,0 4,1 0,0 0,0 0,0 0,0 0,1 0,3
LEAF 11,3 0,0 0,0 4,1 0,0 0,0 0,0 0,0 3,1 0,0
LEAF 11,3 0,0 0,0 4,1 0,0 0,0 0,0 0,0 0,3 0,1
LEAF 11,3 0,0 0,0 4,1 0,0 0,0 0,0 0,1 0,0 0,3
LEAF 11,3 0,0 0,0 4,1 0,0 0,0 0,0 3,1 0,0 0,0
LEAF 11,3 0,0 0,0 4,1 0,0 0,0 0,0 0,3 0,0 0,1
LEAF 11,3 0,0 0,0 4,1 0,0 0,0 0,1 0,0 0,0 0,3
LEAF 11,3 0,0 0,0 4,1 0,0 0,0 0,1 0,0 0,3 0,0
LEAF 11,3 0,0 0,0 4,1 0,0 0,0 0,1 0,3 0,0 0,0
LEAF 11,3 0,0 0,0 4,1 0,0 0,0 3,1 0,0 0,0 0,0
LEAF 11,3 0,0 0,0 4,1 0,0 0,0 0,3 0,0 0,0 0,1
LEAF 11,3 0,0 0,0 4,1 0,0 0,0 0,3 0,0 0,1 0,0
LEAF 11,3 0,0 0,0 4,1 0,0 0,0 0,3 0,1 0,0 0,0
LEAF 11,3 0,0 0,0 4,1 0,0 0,1 0,0 0,0 0,0 0,3
LEAF 11,3 0,0 0,0 4,1 0,0 0,1 0,0 0,0 0,3 0,0
LEAF 11,3 0,0 0,0 4,1 0,0 0,1 0,0 0,3 0,0 0,0
LEAF 11,3 0,0 0,0 4,1 0,0 0,1 0,3 0,0 0,0 0,0
LEAF 11,3 0,0 0,0 4,1 0,0 3,1 0,0 0,0 0,0 0,0
LEAF 11,3 0,0 0,0 4,1 0,0 0,3 0,0 0,0 0,0 0,1
LEAF 11,3 0,0 0,0 4,1 0,0 0,3 0,0 0,0 0,1 0,0
LEAF 11,3 0,0 0,0 4,1 0,0 0,3 0,0 0,1 0,0 0,0
LEAF 11,3 0,0 0,0 4,1 0,0 0,3 0,1 0,0 0,0 0,0
LEAF 11,3 0,0 0,0 4,1 0,1 0,0 0,0 0,0 0,0 0,3
LEAF 11,3 0,0 0,0 4,1 0,1 0,0 0,0 0,3 0,0 0,0
LEAF 11,3 0,0 0,0 4,1 0,1 0,0 0,3 0,0 0,0 0,0
LEAF 11,3 0,0 0,0 4,1 3,1 0,0 0,0 0,0 0,0 0,0
LEAF 11,3 0,0 0,0 4,1 0,3 0,0 0,0 0,0 0,0 0,1
LEAF 11,3 0,0 0,0 4,1 0,3 0,0 0,0 0,1 0,0 0,0
LEAF 11,3 0,0 0,0 4,1 0,3 0,0 0,1 0,0 0,0 0,0
LEAF 11,3 0,0 0,0 5,1 0,0 0,0 0,0 0,0 1,0 1,1
LEAF 11,3 0,0 0,0 5,1 0,0 0,0 0,0 0,0 2,0 0,1
LEAF 11,3 0,0 0,0 5,1 0,0 0,0 0,0 0,0 0,1 2,0
LEAF 11,3 0,0 0,0 5,1 0,0 0,0 0,0 0,0 1,1 1,0
LEAF 11,3 0,0 0,0 5,1 0,0 0,0 0,0 1,0 0,0 1,1
LEAF 11,3 0,0 0,0 5,1 0,0 0,0 0,0 1,0 0,1 0,1
LEAF 11,3 0,0 0,0 5,1 0,0 0,0 0,0 1,0 1,1 0,0
LEAF 11,3 0,0 0,0 5,1 0,0 0,0 0,0 2,0 0,0 0,1
LEAF 11,3 0,0 0,0 5,1 0,0 0,0 0,0 0,1 0,0 2,0
LEAF 11,3 0,0 0,0 5,1 0,0 0,0 0,0 0,1 1,0 0,1
LEAF 11,3 0,0 0,0 5,1 0,0 0,0 0,0 1,1 0,0 1,0
LEAF 11,3 0,0 0,0 5,1 0,0 0,0 0,0 1,1 1,0 0,0
LEAF 11,3 0,0 0,0 5,1 0,0 0,0 1,0 0,0 0,0 1,1
LEAF 11,3 0,0 0,0 5,1 0,0 0,0 1,0 0,0 0,1 0,1
LEAF 11,3 0,0 0,0 5,1 0,0 0,0 1,0 0,0 1,1 0,0
LEAF 11,3 0,0 0,0 5,1 0,0 0,0 1,0 0,1 0,0 0,1
LEAF 11,3 0,0 0,0 5,1 0,0 0,0 1,0 1,1 0,0 0,0
LEAF 11,3 0,0 0,0 5,1 0,0 0,0 2,0 0,0 0,0 0,1
LEAF 11,3 0,0 0,0 5,1 0,0 0,0 2,0 0,0 0,1 0,0
LEAF 11,3 0,0 0,0 5,1 0,0 0,0 2,0 0,1 0,0 0,0
LEAF 11,3 0,0 0,0 5,1 0,0 0,0 0,1 0,0 0,0 2,0
LEAF 11,3 0,0 0,0 5,1 0,0 0,0 0,1 0,0 1,0 0,1
LEAF 11,3 0,0 0,0 5,1 0,0 0,0 0,1 0,0 2,0 0,0
LEAF 11,3 0,0 0,0 5,1 0,0 0,0 0,1 0,0 0,1 1,0
LEAF 11,3 0,0 0,0 5,1 0,0 0,0 0,1 1,0 0,0 0,1
LEAF 11,3 0,0 0,0 5,1 0,0 0,0 0,1 1,0 0,1 0,0
LEAF 11,3 0,0 0,0 5,1 0,0 0,0 0,1 2,0 0,0 0,0
LEAF 11,3 0,0 0,0 5,1 0,0 0,0 0,1 0,1 0,0 1,0
LEAF 11,3 0,0 0,0 5,1 0,0 0,0 0,1 0,1 1,0 0,0
LEAF 11,3 0,0 0,0 5,1 0,0 0,0 1,1 0,0 0,0 1,0
LEAF 11,3 0,0 0,0 5,1 0,0 0,0 1,1 0,0 1,0 0,0
LEAF 11,3 0,0 0,0 5,1 0,0 0,0 1,1 1,0 0,0 0,0
LEAF 11,3 0,0 0,0 5,1 0,0 1,0 0,0 0,0 0,0 1,1
LEAF 11,3 0,0 0,0 5,1 0,0 1,0 0,0 0,0 0,1 0,1
LEAF 11,3 0,0 0,0 5,1 0,0 1,0 0,0 0,0 1,1 0,0
LEAF 11,3 0,0 0,0 5,1 0,0 1,0 0,0 0,1 0,0 0,1
LEAF 11,3 0,0 0,0 5,1 0,0 1,0 0,0 1,1 0,0 0,0
LEAF 11,3 0,0 0,0 5,1 0,0 1,0 0,1 0,0 0,0 0,1
LEAF 11,3 0,0 0,0 5,1 0,0 1,0 1,1 0,0 0,0 0,0
LEAF 11,3 0,0 0,0 5,1 0,0 2,0 0,0 0,0 0,0 0,1
LEAF 11,3 0,0 0,0 5,1 0,0 2,0 0,0 0,0 0,1 0,0
LEAF 11,3 0,0 0,0 5,1 0,0 2,0 0,0 0,1 0,0 0,0
LEAF 11,3 0,0 0,0 5,1 0,0 2,0 0,1 0,0 0,0 0,0
LEAF 11,3 0,0 0,0 5,1 0,0 0,1 0,0 0,0 0,0 2,0
LEAF 11,3 0,0 0,0 5,1 0,0 0,1 0,0 0,0 1,0 0,1
LEAF 11,3 0,0 0,0 5,1 0,0 0,1 0,0 0,0 2,0 0,0
LEAF 11,3 0,0 0,0 5,1 0,0 0,1 0,0 0,0 0,1 1,0
LEAF 11,3 0,0 0,0 5,1 0,0 0,1 0,0 1,0 0,0 0,1
LEAF 11,3 0,0 0,0 5,1 0,0 0,1 0,0 2,0 0,0 0,0
LEAF 11,3 0,0 0,0 5,1 0,0 0,1 0,0 0,1 0,0 1,0
LEAF 11,3 0,0 0,0 5,1 0,0 0,1 0,0 0,1 1,0 0,0
LEAF 11,3 0,0 0,0 5,1 0,0 0,1 1,0 0,0 0,0 0,1
LEAF 11,3 0,0 0,0 5,1 0,0 0,1 1,0 0,1 0,0 0,0
LEAF 11,3 0,0 0,0 5,1 0,0 0,1 2,0 0,0 0,0 0,0
LEAF 11,3 0,0 0,0 5,1 0,0 0,1 0,1 0,0 0,0 1,0
LEAF 11,3 0,0 0,0 5,1 0,0 1,1 0,0 0,0 0,0 1,0
LEAF 11,3 0,0 0,0 5,1 0,0 1,1 0,0 0,0 1,0 0,0
LEAF 11,3 0,0 0,0 5,1 0,0 1,1 0,0 1,0 0,0 0,0
LEAF 11,3 0,0 0,0 5,1 0,0 1,1 1,0 0,0 0,0 0,0
LEAF 11,3 0,0 0,0 5,1 1,0 0,0 0,0 0,0 0,0 1,1
LEAF 11,3 0,0 0,0 5,1 1,0 0,0 0,0 0,0 0,1 0,1
LEAF 11,3 0,0 0,0 5,1 1,0 0,0 0,0 0,0 1,1 0,0
LEAF 11,3 0,0 0,0 5,1 1,0 0,0 0,0 0,1 0,0 0,1
LEAF 11,3 0,0 0,0 5,1 1,0 0,0 0,0 1,1 0,0 0,0
LEAF 11,3 0,0 0,0 5,1 1,0 0,0 0,1 0,0 0,0 0,1
LEAF 11,3 0,0 0,0 5,1 1,0 0,0 1,1 0,0 0,0 0,0
LEAF 11,3 0,0 0,0 5,1 1,0 0,1 0,0 0,0 0,0 0,1
LEAF 11,3 0,0 0,0 5,1 1,0 0,1 0,0 0,0 0,1 0,0
LEAF 11,3 0,0 0,0 5,1 1,0 0,1 0,0 0,1 0,0 0,0
LEAF 11,3 0,0 0,0 5,1 1,0 0,1 0,1 0,0 0,0 0,0
LEAF 11,3 0,0 0,0 5,1 1,0 1,1 0,0 0,0 0,0 0,0
LEAF 11,3 0,0 0,0 5,1 2,0 0,0 0,0 0,0 0,0 0,1
LEAF 11,3 0,0 0,0 5,1 2,0 0,0 0,0 0,1 0,0 0,0
LEAF 11,3 0,0 0,0 5,1 2,0 0,0 0,1 0,0 0,0 0,0
LEAF 11,3 0,0 0,0 5,1 0,1 0,0 0,0 0,0 0,0 2,0
LEAF 11,3 0,0 0,0 5,1 0,1 0,0 0,0 0,0 1,0 0,1
LEAF 11,3 0,0 0,0 5,1 0,1 0,0 0,0 1,0 0,0 0,1
LEAF 11,3 0,0 0,0 5,1 0,1 0,0 0,0 2,0 0,0 0,0
LEAF 11,3 0,0 0,0 5,1 0,1 0,0 0,0 0,1 0,0 1,0
LEAF 11,3 0,0 0,0 5,1 0,1 0,0 0,0 0,1 1,0 0,0
LEAF 11,3 0,0 0,0 5,1 0,1 0,0 1,0 0,0 0,0 0,1
LEAF 11,3 0,0 0,0 5,1 0,1 0,0 2,0 0,0 0,0 0,0
LEAF 11,3 0,0 0,0 5,1 0,1 0,0 0,1 0,0 0,0 1,0
LEAF 11,3 0,0 0,0 5,1 0,1 1,0 0,0 0,0 0,0 0,1
LEAF 11,3 0,0 0,0 5,1 0,1 1,0 0,1 0,0 0,0 0,0
LEAF 11,3 0,0 0,0 5,1 1,1 0,0 0,0 0,0 0,0 1,0
LEAF 11,3 0,0 0,0 5,1 1,1 0,0 0,0 0,0 1,0 0,0
LEAF 11,3 0,0 0,0 5,1 1,1 0,0 0,0 1,0 0,0 0,0
LEAF 11,3 0,0 0,0 5,1 1,1 0,0 1,0 0,0 0,0 0,0
LEAF 11,3 0,0 0,0 5,1 1,1 1,0 0,0 0,0 0,0 0,0
LEAF 11,3 0,0 0,0 0,2 0,0 0,0 0,0 0,0 0,0 4,2
LEAF 11,3 0,0 0,0 0,2 0,0 0,0 0,0 0,0 1,0 6,0
LEAF 11,3 0,0 0,0 0,2 0,0 0,0 0,0 0,0 6,0 1,0
LEAF 11,3 0,0 0,0 0,2 0,0 0,0 0,0 0,0 4,2 0,0
LEAF 11,3 0,0 0,0 0,2 0,0 0,0 0,0 1,0 0,0 6,0
LEAF 11,3 0,0 0,0 0,2 0,0 0,0 0,0 1,0 6,0 0,0
LEAF 11,3 0,0 0,0 0,2 0,0 0,0 0,0 6,0 0,0 1,0
LEAF 11,3 0,0 0,0 0,2 0,0 0,0 0,0 6,0 1,0 0,0
LEAF 11,3 0,0 0,0 0,2 0,0 0,0 0,0 4,2 0,0 0,0
LEAF 11,3 0,0 0,0 0,2 0,0 0,0 1,0 0,0 0,0 6,0
LEAF 11,3 0,0 0,0 0,2 0,0 0,0 1,0 0,0 6,0 0,0
LEAF 11,3 0,0 0,0 0,2 0,0 0,0 1,0 6,0 0,0 0,0
LEAF 11,3 0,0 0,0 0,2 0,0 0,0 6,0 0,0 0,0 1,0
LEAF 11,3 0,0 0,0 0,2 0,0 0,0 6,0 0,0 1,0 0,0
LEAF 11,3 0,0 0,0 0,2 0,0 0,0 6,0 1,0 0,0 0,0
LEAF 11,3 0,0 0,0 0,2 0,0 0,0 4,2 0,0 0,0 0,0
LEAF 11,3 0,0 0,0 0,2 0,0 1,0 0,0 0,0 0,0 6,0
LEAF 11,3 0,0 0,0 0,2 0,0 1,0 0,0 0,0 6,0 0,0
LEAF 11,3 0,0 0,0 0,2 0,0 1,0 0,0 6,0 0,0 0,0
LEAF 11,3 0,0 0,0 0,2 0,0 1,0 6,0 0,0 0,0 0,0
LEAF 11,3 0,0 0,0 0,2 0,0 6,0 0,0 0,0 0,0 1,0
LEAF 11,3 0,0 0,0 0,2 0,0 6,0 0,0 0,0 1,0 0,0
LEAF 11,3 0,0 0,0 0,2 0,0 6,0 0,0 1,0 0,0 0,0
LEAF 11,3 0,0 0,0 0,2 0,0 6,0 1,0 0,0 0,0 0,0
LEAF 11,3 0,0 0,0 0,2 0,0 4,2 0,0 0,0 0,0 0,0
LEAF 11,3 0,0 0,0 0,2 1,0 0,0 0,0 0,0 0,0 6,0
LEAF 11,3 0,0 0,0 0,2 1,0 0,0 0,0 0,0 6,0 0,0
LEAF 11,3 0,0 0,0 0,2 1,0 0,0 0,0 6,0 0,0 0,0
LEAF 11,3 0,0 0,0 0,2 1,0 0,0 6,0 0,0 0,0 0,0
LEAF 11,3 0,0 0,0 0,2 1,0 6,0 0,0 0,0 0,0 0,0
LEAF 11,3 0,0 0,0 0,2 6,0 0,0 0,0 0,0 0,0 1,0
LEAF 11,3 0,0 0,0 0,2 6,0 0,0 0,0 0,0 1,0 0,0
LEAF 11,3 0,0 0,0 0,2 6,0 0,0 0,0 1,0 0,0 0,0
LEAF 11,3 0,0 0,0 0,2 6,0 0,0 1,0 0,0 0,0 0,0
LEAF 11,3 0,0 0,0 0,2 6,0 1,0 0,0 0,0 0,0 0,0
LEAF 11,3 0,0 0,0 0,2 4,2 0,0 0,0 0,0 0,0 0,0
LEAF 11,3 0,0 0,0 1,2 0,0 0,0 0,0 0,0 1,0 2,3
LEAF 11,3 0,0 0,0 1,2 0,0 0,0 0,0 0,0 0,1 3,2
LEAF 11,3 0,0 0,0 1,2 0,0 0,0 0,0 0,0 3,2 0,1
LEAF 11,3 0,0 0,0 1,2 0,0 0,0 0,0 0,0 2,3 1,0
LEAF 11,3 0,0 0,0 1,2 0,0 0,0 0,0 1,0 0,0 2,3
LEAF 11,3 0,0 0,0 1,2 0,0 0,0 0,0 1,0 2,3 0,0
LEAF 11,3 0,0 0,0 1,2 0,0 0,0 0,0 0,1 0,0 3,2
LEAF 11,3 0,0 0,0 1,2 0,0 0,0 0,0 3,2 0,0 0,1
LEAF 11,3 0,0 0,0 1,2 0,0 0,0 0,0 2,3 0,0 1,0
LEAF 11,3 0,0 0,0 1,2 0,0 0,0 0,0 2,3 1,0 0,0
LEAF 11,3 0,0 0,0 1,2 0,0 0,0 1,0 0,0 0,0 2,3
LEAF 11,3 0,0 0,0 1,2 0,0 0,0 1,0 0,0 2,3 0,0
LEAF 11,3 0,0 0,0 1,2 0,0 0,0 1,0 2,3 0,0 0,0
LEAF 11,3 0,0 0,0 1,2 0,0 0,0 0,1 0,0 0,0 3,2
LEAF 11,3 0,0 0,0 1,2 0,0 0,0 0,1 0,0 3,2 0,0
LEAF 11,3 0,0 0,0 1,2 0,0 0,0 0,1 3,2 0,0 0,0
LEAF 11,3 0,0 0,0 1,2 0,0 0,0 3,2 0,0 0,0 0,1
LEAF 11,3 0,0 0,0 1,2 0,0 0,0 3,2 0,0 0,1 0,0
LEAF 11,3 0,0 0,0 1,2 0,0 0,0 3,2 0,1 0,0 0,0
LEAF 11,3 0,0 0,0 1,2 0,0 0,0 2,3 0,0 0,0 1,0
LEAF 11,3 0,0 0,0 1,2 0,0 0,0 2,3 0,0 1,0 0,0
LEAF 11,3 0,0 0,0 1,2 0,0 0,0 2,3 1,0 0,0 0,0
LEAF 11,3 0,0 0,0 1,2 0,0 1,0 0,0 0,0 0,0 2,3
LEAF 11,3 0,0 0,0 1,2 0,0 1,0 0,0 0,0 2,3 0,0
LEAF 11,3 0,0 0,0 1,2 0,0 1,0 0,0 2,3 0,0 0,0
LEAF 11,3 0,0 0,0 1,2 0,0 1,0 2,3 0,0 0,0 0,0
LEAF 11,3 0,0 0,0 1,2 0,0 0,1 0,0 0,0 0,0 3,2
LEAF 11,3 0,0 0,0 1,2 0,0 0,1 0,0 0,0 3,2 0,0
LEAF 11,3 0,0 0,0 1,2 0,0 0,1 0,0 3,2 0,0 0,0
LEAF 11,3 0,0 0,0 1,2 0,0 0,1 3,2 0,0 0,0 0,0
LEAF 11,3 0,0 0,0 1,2 0,0 3,2 0,0 0,0 0,0 0,1
LEAF 11,3 0,0 0,0 1,2 0,0 3,2 0,0 0,0 0,1 0,0
LEAF 11,3 0,0 0,0 1,2 0,0 3,2 0,0 0,1 0,0 0,0
LEAF 11,3 0,0 0,0 1,2 0,0 3,2 0,1 0,0 0,0 0,0
LEAF 11,3 0,0 0,0 1,2 0,0 2,3 0,0 0,0 0,0 1,0
LEAF 11,3 0,0 0,0 1,2 0,0 2,3 0,0 0,0 1,0 0,0
LEAF 11,3 0,0 0,0 1,2 0,0 2,3 0,0 1,0 0,0 0,0
LEAF 11,3 0,0 0,0 1,2 0,0 2,3 1,0 0,0 0,0 0,0
LEAF 11,3 0,0 0,0 1,2 1,0 0,0 0,0 0,0 0,0 2,3
LEAF 11,3 0,0 0,0 1,2 1,0 0,0 0,0 0,0 2,3 0,0
LEAF 11,3 0,0 0,0 1,2 1,0 0,0 0,0 2,3 0,0 0,0
LEAF 11,3 0,0 0,0 1,2 1,0 0,0 2,3 0,0 0,0 0,0
LEAF 11,3 0,0 0,0 1,2 1,0 2,3 0,0 0,0 0,0 0,0
LEAF 11,3 0,0 0,0 1,2 0,1 0,0 0,0 0,0 0,0 3,2
LEAF 11,3 0,0 0,0 1,2 0,1 0,0 0,0 3,2 0,0 0,0
LEAF 11,3 0,0 0,0 1,2 0,1 0,0 3,2 0,0 0,0 0,0
LEAF 11,3 0,0 0,0 1,2 3,2 0,0 0,0 0,0 0,0 0,1
LEAF 11,3 0,0 0,0 1,2 3,2 0,0 0,0 0,1 0,0 0,0
LEAF 11,3 0,0 0,0 1,2 3,2 0,0 0,1 0,0 0,0 0,0
LEAF 11,3 0,0 0,0 1,2 2,3 0,0 0,0 0,0 0,0 1,0
LEAF 11,3 0,0 0,0 1,2 2,3 0,0 0,0 0,0 1,0 0,0
LEAF 11,3 0,0 0,0 1,2 2,3 0,0 0,0 1,0 0,0 0,0
LEAF 11,3 0,0 0,0 1,2 2,3 0,0 1,0 0,0 0,0 0,0
LEAF 11,3 0,0 0,0 1,2 2,3 1,0 0,0 0,0 0,0 0,0
LEAF 11,3 0,0 0,0 2,2 0,0 0,0 0,0 0,0 0,0 5,0
LEAF 11,3 0,0 0,0 2,2 0,0 0,0 0,0 0,0 5,0 0,0
LEAF 11,3 0,0 0,0 2,2 0,0 0,0 0,0 5,0 0,0 0,0
LEAF 11,3 0,0 0,0 2,2 0,0 0,0 5,0 0,0 0,0 0,0
LEAF 11,3 0,0 0,0 2,2 0,0 5,0 0,0 0,0 0,0 0,0
LEAF 11,3 0,0 0,0 2,2 5,0 0,0 0,0 0,0 0,0 0,0
LEAF 11,3 0,0 0,0 3,2 0,0 0,0 0,0 0,0 0,0 4,0
LEAF 11,3 0,0 0,0 3,2 0,0 0,0 0,0 0,0 1,0 0,3
LEAF 11,3 0,0 0,0 3,2 0,0 0,0 0,0 0,0 4,0 0,0
LEAF 11,3 0,0 0,0 3,2 0,0 0,0 0,0 0,0 0,1 1,2
LEAF 11,3 0,0 0,0 3,2 0,0 0,0 0,0 0,0 1,2 0,1
LEAF 11,3 0,0 0,0 3,2 0,0 0,0 0,0 0,0 0,3 1,0
LEAF 11,3 0,0 0,0 3,2 0,0 0,0 0,0 1,0 0,0 0,3
LEAF 11,3 0,0 0,0 3,2 0,0 0,0 0,0 1,0 0,3 0,0
LEAF 11,3 0,0 0,0 3,2 0,0 0,0 0,0 4,0 0,0 0,0
LEAF 11,3 0,0 0,0 3,2 0,0 0,0 0,0 0,1 0,0 1,2
LEAF 11,3 0,0 0,0 3,2 0,0 0,0 0,0 1,2 0,0 0,1
LEAF 11,3 0,0 0,0 3,2 0,0 0,0 0,0 0,3 0,0 1,0
LEAF 11,3 0,0 0,0 3,2 0,0 0,0 0,0 0,3 1,0 0,0
LEAF 11,3 0,0 0,0 3,2 0,0 0,0 1,0 0,0 0,0 0,3
LEAF 11,3 0,0 0,0 3,2 0,0 0,0 1,0 0,0 0,3 0,0
LEAF 11,3 0,0 0,0 3,2 0,0 0,0 1,0 0,3 0,0 0,0
LEAF 11,3 0,0 0,0 3,2 0,0 0,0 4,0 0,0 0,0 0,0
LEAF 11,3 0,0 0,0 3,2 0,0 0,0 0,1 0,0 0,0 1,2
LEAF 11,3 0,0 0,0 3,2 0,0 0,0 0,1 0,0 1,2 0,0
LEAF 11,3 0,0 0,0 3,2 0,0 0,0 0,1 1,2 0,0 0,0
LEAF 11,3 0,0 0,0 3,2 0,0 0,0 1,2 0,0 0,0 0,1
LEAF 11,3 0,0 0,0 3,2 0,0 0,0 1,2 0,0 0,1 0,0
LEAF 11,3 0,0 0,0 3,2 0,0 0,0 1,2 0,1 0,0 0,0
LEAF 11,3 0,0 0,0 3,2 0,0 0,0 0,3 0,0 0,0 1,0
LEAF 11,3 0,0 0,0 3,2 0,0 0,0 0,3 0,0 1,0 0,0
LEAF 11,3 0,0 0,0 3,2 0,0 0,0 0,3 1,0 0,0 0,0
LEAF 11,3 0,0 0,0 3,2 0,0 1,0 0,0 0,0 0,0 0,3
LEAF 11,3 0,0 0,0 3,2 0,0 1,0 0,0 0,0 0,3 0,0
LEAF 11,3 0,0 0,0 3,2 0,0 1,0 0,0 0,3 0,0 0,0
LEAF 11,3 0,0 0,0 3,2 0,0 1,0 0,3 0,0 0,0 0,0
LEAF 11,3 0,0 0,0 3,2 0,0 4,0 0,0 0,0 0,0 0,0
LEAF 11,3 0,0 0,0 3,2 0,0 0,1 0,0 0,0 0,0 1,2
LEAF 11,3 0,0 0,0 3,2 0,0 0,1 0,0 0,0 1,2 0,0
LEAF 11,3 0,0 0,0 3,2 0,0 0,1 0,0 1,2 0,0 0,0
LEAF 11,3 0,0 0,0 3,2 0,0 0,1 1,2 0,0 0,0 0,0
LEAF 11,3 0,0 0,0 3,2 0,0 1,2 0,0 0,0 0,0 0,1
LEAF 11,3 0,0 0,0 3,2 0,0 1,2 0,0 0,0 0,1 0,0
LEAF 11,3 0,0 0,0 3,2 0,0 1,2 0,0 0,1 0,0 0,0
LEAF 11,3 0,0 0,0 3,2 0,0 1,2 0,1 0,0 0,0 0,0
LEAF 11,3 0,0 0,0 3,2 0,0 0,3 0,0 0,0 0,0 1,0
LEAF 11,3 0,0 0,0 3,2 0,0 0,3 0,0 0,0 1,0 0,0
LEAF 11,3 0,0 0,0 3,2 0,0 0,3 0,0 1,0 0,0 0,0
LEAF 11,3 0,0 0,0 3,2 0,0 0,3 1,0 0,0 0,0 0,0
LEAF 11,3 0,0 0,0 3,2 1,0 0,0 0,0 0,0 0,0 0,3
LEAF 11,3 0,0 0,0 3,2 1,0 0,0 0,0 0,0 0,3 0,0
LEAF 11,3 0,0 0,0 3,2 1,0 0,0 0,0 0,3 0,0 0,0
LEAF 11,3 0,0 0,0 3,2 1,0 0,0 0,3 0,0 0,0 0,0
LEAF 11,3 0,0 0,0 3,2 1,0 0,3 0,0 0,0 0,0 0,0
LEAF 11,3 0,0 0,0 3,2 4,0 0,0 0,0 0,0 0,0 0,0
LEAF 11,3 0,0 0,0 3,2 0,1 0,0 0,0 0,0 0,0 1,2
LEAF 11,3 0,0 0,0 3,2 0,1 0,0 0,0 1,2 0,0 0,0
LEAF 11,3 0,0 0,0 3,2 0,1 0,0 1,2 0,0 0,0 0,0
LEAF 11,3 0,0 0,0 3,2 1,2 0,0 0,0 0,0 0,0 0,1
LEAF 11,3 0,0 0,0 3,2 1,2 0,0 0,0 0,1 0,0 0,0
LEAF 11,3 0,0 0,0 3,2 1,2 0,0 0,1 0,0 0,0 0,0
LEAF 11,3 0,0 0,0 3,2 0,3 0,0 0,0 0,0 0,0 1,0
LEAF 11,3 0,0 0,0 3,2 0,3 0,0 0,0 0,0 1,0 0,0
LEAF 11,3 0,0 0,0 3,2 0,3 0,0 0,0 1,0 0,0 0,0
LEAF 11,3 0,0 0,0 3,2 0,3 0,0 1,0 0,0 0,0 0,0
LEAF 11,3 0,0 0,0 3,2 0,3 1,0 0,0 0,0 0,0 0,0
LEAF 11,3 0,0 0,0 4,2 0,0 0,0 0,0 0,0 0,0 0,2
LEAF 11,3 0,0 0,0 4,2 0,0 0,0 0,0 0,0 1,0 2,0
LEAF 11,3 0,0 0,0 4,2 0,0 0,0 0,0 0,0 2,0 1,0
LEAF 11,3 0,0 0,0 4,2 0,0 0,0 0,0 0,0 0,2 0,0
LEAF 11,3 0,0 0,0 4,2 0,0 0,0 0,0 1,0 0,0 2,0
LEAF 11,3 0,0 0,0 4,2 0,0 0,0 0,0 1,0 1,0 0,1
LEAF 11,3 0,0 0,0 4,2 0,0 0,0 0,0 1,0 2,0 0,0
LEAF 11,3 0,0 0,0 4,2 0,0 0,0 0,0 1,0 0,1 1,0
LEAF 11,3 0,0 0,0 4,2 0,0 0,0 0,0 2,0 0,0 1,0
LEAF 11,3 0,0 0,0 4,2 0,0 0,0 0,0 2,0 1,0 0,0
LEAF 11,3 0,0 0,0 4,2 0,0 0,0 0,0 0,1 1,0 1,0
LEAF 11,3 0,0 0,0 4,2 0,0 0,0 0,0 0,2 0,0 0,0
LEAF 11,3 0,0 0,0 4,2 0,0 0,0 1,0 0,0 0,0 2,0
LEAF 11,3 0,0 0,0 4,2 0,0 0,0 1,0 0,0 1,0 0,1
LEAF 11,3 0,0 0,0 4,2 0,0 0,0 1,0 0,0 2,0 0,0
LEAF 11,3 0,0 0,0 4,2 0,0 0,0 1,0 0,0 0,1 1,0
LEAF 11,3 0,0 0,0 4,2 0,0 0,0 1,0 1,0 0,0 0,1
LEAF 11,3 0,0 0,0 4,2 0,0 0,0 1,0 1,0 0,1 0,0
LEAF 11,3 0,0 0,0 4,2 0,0 0,0 1,0 2,0 0,0 0,0
LEAF 11,3 0,0 0,0 4,2 0,0 0,0 1,0 0,1 0,0 1,0
LEAF 11,3 0,0 0,0 4,2 0,0 0,0 1,0 0,1 1,0 0,0
LEAF 11,3 0,0 0,0 4,2 0,0 0,0 2,0 0,0 0,0 1,0
LEAF 11,3 0,0 0,0 4,2 0,0 0,0 2,0 0,0 1,0 0,0
LEAF 11,3 0,0 0,0 4,2 0,0 0,0 2,0 1,0 0,0 0,0
LEAF 11,3 0,0 0,0 4,2 0,0 0,0 0,1 0,0 1,0 1,0
LEAF 11,3 0,0 0,0 4,2 0,0 0,0 0,1 1,0 0,0 1,0
LEAF 11,3 0,0 0,0 4,2 0,0 0,0 0,1 1,0 1,0 0,0
LEAF 11,3 0,0 0,0 4,2 0,0 0,0 0,2 0,0 0,0 0,0
LEAF 11,3 0,0 0,0 4,2 0,0 1,0 0,0 0,0 0,0 2,0
LEAF 11,3 0,0 0,0 4,2 0,0 1,0 0,0 0,0 1,0 0,1
LEAF 11,3 0,0 0,0 4,2 0,0 1,0 0,0 0,0 2,0 0,0
LEAF 11,3 0,0 0,0 4,2 0,0 1,0 0,0 0,0 0,1 1,0
LEAF 11,3 0,0 0,0 4,2 0,0 1,0 0,0 1,0 0,0 0,1
LEAF 11,3 0,0 0,0 4,2 0,0 1,0 0,0 2,0 0,0 0,0
LEAF 11,3 0,0 0,0 4,2 0,0 1,0 0,0 0,1 0,0 1,0
LEAF 11,3 0,0 0,0 4,2 0,0 1,0 0,0 0,1 1,0 0,0
LEAF 11,3 0,0 0,0 4,2 0,0 1,0 1,0 0,0 0,0 0,1
LEAF 11,3 0,0 0,0 4,2 0,0 1,0 1,0 0,0 0,1 0,0
LEAF 11,3 0,0 0,0 4,2 0,0 1,0 1,0 0,1 0,0 0,0
LEAF 11,3 0,0 0,0 4,2 0,0 1,0 2,0 0,0 0,0 0,0
LEAF 11,3 0,0 0,0 4,2 0,0 1,0 0,1 0,0 0,0 1,0
LEAF 11,3 0,0 0,0 4,2 0,0 2,0 0,0 0,0 0,0 1,0
LEAF 11,3 0,0 0,0 4,2 0,0 2,0 0,0 0,0 1,0 0,0
LEAF 11,3 0,0 0,0 4,2 0,0 2,0 0,0 1,0 0,0 0,0
LEAF 11,3 0,0 0,0 4,2 0,0 2,0 1,0 0,0 0,0 0,0
LEAF 11,3 0,0 0,0 4,2 0,0 0,1 0,0 0,0 1,0 1,0
LEAF 11,3 0,0 0,0 4,2 0,0 0,1 0,0 1,0 0,0 1,0
LEAF 11,3 0,0 0,0 4,2 0,0 0,1 0,0 1,0 1,0 0,0
LEAF 11,3 0,0 0,0 4,2 0,0 0,1 1,0 0,0 0,0 1,0
LEAF 11,3 0,0 0,0 4,2 0,0 0,1 1,0 0,0 1,0 0,0
LEAF 11,3 0,0 0,0 4,2 0,0 0,1 1,0 1,0 0,0 0,0
LEAF 11,3 0,0 0,0 4,2 0,0 0,2 0,0 0,0 0,0 0,0
LEAF 11,3 0,0 0,0 4,2 1,0 0,0 0,0 0,0 0,0 2,0
LEAF 11,3 0,0 0,0 4,2 1,0 0,0 0,0 0,0 1,0 0,1
LEAF 11,3 0,0 0,0 4,2 1,0 0,0 0,0 0,0 2,0 0,0
LEAF 11,3 0,0 0,0 4,2 1,0 0,0 0,0 0,0 0,1 1,0
LEAF 11,3 0,0 0,0 4,2 1,0 0,0 0,0 1,0 0,0 0,1
LEAF 11,3 0,0 0,0 4,2 1,0 0,0 0,0 2,0 0,0 0,0
LEAF 11,3 0,0 0,0 4,2 1,0 0,0 0,0 0,1 0,0 1,0
LEAF 11,3 0,0 0,0 4,2 1,0 0,0 0,0 0,1 1,0 0,0
LEAF 11,3 0,0 0,0 4,2 1,0 0,0 1,0 0,0 0,0 0,1
LEAF 11,3 0,0 0,0 4,2 1,0 0,0 1,0 0,1 0,0 0,0
LEAF 11,3 0,0 0,0 4,2 1,0 0,0 2,0 0,0 0,0 0,0
LEAF 11,3 0,0 0,0 4,2 1,0 0,0 0,1 0,0 0,0 1,0
LEAF 11,3 0,0 0,0 4,2 1,0 1,0 0,0 0,0 0,0 0,1
LEAF 11,3 0,0 0,0 4,2 1,0 1,0 0,0 0,0 0,1 0,0
LEAF 11,3 0,0 0,0 4,2 1,0 1,0 0,0 0,1 0,0 0,0
LEAF 11,3 0,0 0,0 4,2 1,0 1,0 0,1 0,0 0,0 0,0
LEAF 11,3 0,0 0,0 4,2 1,0 2,0 0,0 0,0 0,0 0,0
LEAF 11,3 0,0 0,0 4,2 1,0 0,1 0,0 0,0 0,0 1,0
LEAF 11,3 0,0 0,0 4,2 1,0 0,1 0,0 0,0 1,0 0,0
LEAF 11,3 0,0 0,0 4,2 1,0 0,1 0,0 1,0 0,0 0,0
LEAF 11,3 0,0 0,0 4,2 1,0 0,1 1,0 0,0 0,0 0,0
LEAF 11,3 0,0 0,0 4,2 2,0 0,0 0,0 0,0 0,0 1,0
LEAF 11,3 0,0 0,0 4,2 2,0 0,0 0,0 0,0 1,0 0,0
LEAF 11,3 0,0 0,0 4,2 2,0 0,0 0,0 1,0 0,0 0,0
LEAF 11,3 0,0 0,0 4,2 2,0 0,0 1,0 0,0 0,0 0,0
LEAF 11,3 0,0 0,0 4,2 2,0 1,0 0,0 0,0 0,0 0,0
LEAF 11,3 0,0 0,0 4,2 0,1 0,0 0,0 0,0 1,0 1,0
LEAF 11,3 0,0 0,0 4,2 0,1 0,0 0,0 1,0 0,0 1,0
LEAF 11,3 0,0 0,0 4,2 0,1 0,0 0,0 1,0 1,0 0,0
LEAF 11,3 0,0 0,0 4,2 0,1 0,0 1,0 0,0 0,0 1,0
LEAF 11,3 0,0 0,0 4,2 0,1 0,0 1,0 1,0 0,0 0,0
LEAF 11,3 0,0 0,0 4,2 0,1 1,0 0,0 0,0 0,0 1,0
LEAF 11,3 0,0 0,0 4,2 0,1 1,0 1,0 0,0 0,0 0,0
LEAF 11,3 0,0 0,0 4,2 0,2 0,0 0,0 0,0 0,0 0,0
LEAF 11,3 0,0 0,0 0,3 0,0 0,0 0,0 0,0 1,0 3,2
LEAF 11,3 0,0 0,0 0,3 0,0 0,0 0,0 0,0 0,1 4,1
LEAF 11,3 0,0 0,0 0,3 0,0 0,0 0,0 0,0 4,1 0,1
LEAF 11,3 0,0 0,0 0,3 0,0 0,0 0,0 0,0 3,2 1,0
LEAF 11,3 0,0 0,0 0,3 0,0 0,0 0,0 1,0 0,0 3,2
LEAF 11,3 0,0 0,0 0,3 0,0 0,0 0,0 1,0 3,2 0,0
LEAF 11,3 0,0 0,0 0,3 0,0 0,0 0,0 0,1 0,0 4,1
LEAF 11,3 0,0 0,0 0,3 0,0 0,0 0,0 4,1 0,0 0,1
LEAF 11,3 0,0 0,0 0,3 0,0 0,0 0,0 3,2 0,0 1,0
LEAF 11,3 0,0 0,0 0,3 0,0 0,0 0,0 3,2 1,0 0,0
LEAF 11,3 0,0 0,0 0,3 0,0 0,0 1,0 0,0 0,0 3,2
LEAF 11,3 0,0 0,0 0,3 0,0 0,0 1,0 0,0 3,2 0,0
LEAF 11,3 0,0 0,0 0,3 0,0 0,0 1,0 3,2 0,0 0,0
LEAF 11,3 0,0 0,0 0,3 0,0 0,0 0,1 0,0 0,0 4,1
LEAF 11,3 0,0 0,0 0,3 0,0 0,0 0,1 0,0 4,1 0,0
LEAF 11,3 0,0 0,0 0,3 0,0 0,0 0,1 4,1 0,0 0,0
LEAF 11,3 0,0 0,0 0,3 0,0 0,0 4,1 0,0 0,0 0,1
LEAF 11,3 0,0 0,0 0,3 0,0 0,0 4,1 0,0 0,1 0,0
LEAF 11,3 0,0 0,0 0,3 0,0 0,0 4,1 0,1 0,0 0,0
LEAF 11,3 0,0 0,0 0,3 0,0 0,0 3,2 0,0 0,0 1,0
LEAF 11,3 0,0 0,0 0,3 0,0 0,0 3,2 0,0 1,0 0,0
LEAF 11,3 0,0 0,0 0,3 0,0 0,0 3,2 1,0 0,0 0,0
LEAF 11,3 0,0 0,0 0,3 0,0 1,0 0,0 0,0 0,0 3,2
LEAF 11,3 0,0 0,0 0,3 0,0 1,0 0,0 0,0 3,2 0,0
LEAF 11,3 0,0 0,0 0,3 0,0 1,0 0,0 3,2 0,0 0,0
LEAF 11,3 0,0 0,0 0,3 0,0 1,0 3,2 0,0 0,0 0,0
LEAF 11,3 0,0 0,0 0,3 0,0 0,1 0,0 0,0 0,0 4,1
LEAF 11,3 0,0 0,0 0,3 0,0 0,1 0,0 0,0 4,1 0,0
LEAF 11,3 0,0 0,0 0,3 0,0 0,1 0,0 4,1 0,0 0,0
LEAF 11,3 0,0 0,0 0,3 0,0 0,1 4,1 0,0 0,0 0,0
LEAF 11,3 0,0 0,0 0,3 0,0 4,1 0,0 0,0 0,0 0,1
LEAF 11,3 0,0 0,0 0,3 0,0 4,1 0,0 0,0 0,1 0,0
LEAF 11,3 0,0 0,0 0,3 0,0 4,1 0,0 0,1 0,0 0,0
LEAF 11,3 0,0 0,0 0,3 0,0 4,1 0,1 0,0 0,0 0,0
LEAF 11,3 0,0 0,0 0,3 0,0 3,2 0,0 0,0 0,0 1,0
LEAF 11,3 0,0 0,0 0,3 0,0 3,2 0,0 0,0 1,0 0,0
LEAF 11,3 0,0 0,0 0,3 0,0 3,2 0,0 1,0 0,0 0,0
LEAF 11,3 0,0 0,0 0,3 0,0 3,2 1,0 0,0 0,0 0,0
LEAF 11,3 0,0 0,0 0,3 1,0 0,0 0,0 0,0 0,0 3,2
LEAF 11,3 0,0 0,0 0,3 1,0 0,0 0,0 0,0 3,2 0,0
LEAF 11,3 0,0 0,0 0,3 1,0 0,0 0,0 3,2 0,0 0,0
LEAF 11,3 0,0 0,0 0,3 1,0 0,0 3,2 0,0 0,0 0,0
LEAF 11,3 0,0 0,0 0,3 1,0 3,2 0,0 0,0 0,0 0,0
LEAF 11,3 0,0 0,0 0,3 0,1 0,0 0,0 0,0 0,0 4,1
LEAF 11,3 0,0 0,0 0,3 0,1 0,0 0,0 4,1 0,0 0,0
LEAF 11,3 0,0 0,0 0,3 0,1 0,0 4,1 0,0 0,0 0,0
LEAF 11,3 0,0 0,0 0,3 4,1 0,0 0,0 0,0 0,0 0,1
LEAF 11,3 0,0 0,0 0,3 4,1 0,0 0,0 0,1 0,0 0,0
LEAF 11,3 0,0 0,0 0,3 4,1 0,0 0,1 0,0 0,0 0,0
LEAF 11,3 0,0 0,0 0,3 3,2 0,0 0,0 0,0 0,0 1,0
LEAF 11,3 0,0 0,0 0,3 3,2 0,0 0,0 0,0 1,0 0,0
LEAF 11,3 0,0 0,0 0,3 3,2 0,0 0,0 1,0 0,0 0,0
LEAF 11,3 0,0 0,0 0,3 3,2 0,0 1,0 0,0 0,0 0,0
LEAF 11,3 0,0 0,0 0,3 3,2 1,0 0,0 0,0 0,0 0,0
LEAF 11,3 0,0 0,0 2,3 0,0 0,0 0,0 0,0 1,0 1,2
LEAF 11,3 0,0 0,0 2,3 0,0 0,0 0,0 0,0 0,1 2,1
LEAF 11,3 0,0 0,0 2,3 0,0 0,0 0,0 0,0 2,1 0,1
LEAF 11,3 0,0 0,0 2,3 0,0 0,0 0,0 0,0 1,2 1,0
LEAF 11,3 0,0 0,0 2,3 0,0 0,0 0,0 1,0 0,0 1,2
LEAF 11,3 0,0 0,0 2,3 0,0 0,0 0,0 1,0 1,2 0,0
LEAF 11,3 0,0 0,0 2,3 0,0 0,0 0,0 0,1 0,0 2,1
LEAF 11,3 0,0 0,0 2,3 0,0 0,0 0,0 2,1 0,0 0,1
LEAF 11,3 0,0 0,0 2,3 0,0 0,0 0,0 1,2 0,0 1,0
LEAF 11,3 0,0 0,0 2,3 0,0 0,0 0,0 1,2 1,0 0,0
LEAF 11,3 0,0 0,0 2,3 0,0 0,0 1,0 0,0 0,0 1,2
LEAF 11,3 0,0 0,0 2,3 0,0 0,0 1,0 0,0 1,2 0,0
LEAF 11,3 0,0 0,0 2,3 0,0 0,0 1,0 1,2 0,0 0,0
LEAF 11,3 0,0 0,0 2,3 0,0 0,0 0,1 0,0 0,0 2,1
LEAF 11,3 0,0 0,0 2,3 0,0 0,0 0,1 0,0 2,1 0,0
LEAF 11,3 0,0 0,0 2,3 0,0 0,0 0,1 2,1 0,0 0,0
LEAF 11,3 0,0 0,0 2,3 0,0 0,0 2,1 0,0 0,0 0,1
LEAF 11,3 0,0 0,0 2,3 0,0 0,0 2,1 0,0 0,1 0,0
LEAF 11,3 0,0 0,0 2,3 0,0 0,0 2,1 0,1 0,0 0,0
LEAF 11,3 0,0 0,0 2,3 0,0 0,0 1,2 0,0 0,0 1,0
LEAF 11,3 0,0 0,0 2,3 0,0 0,0 1,2 0,0 1,0 0,0
LEAF 11,3 0,0 0,0 2,3 0,0 0,0 1,2 1,0 0,0 0,0
LEAF 11,3 0,0 0,0 2,3 0,0 1,0 0,0 0,0 0,0 1,2
LEAF 11,3 0,0 0,0 2,3 0,0 1,0 0,0 0,0 1,2 0,0
LEAF 11,3 0,0 0,0 2,3 0,0 1,0 0,0 1,2 0,0 0,0
LEAF 11,3 0,0 0,0 2,3 0,0 1,0 1,2 0,0 0,0 0,0
LEAF 11,3 0,0 0,0 2,3 0,0 0,1 0,0 0,0 0,0 2,1
LEAF 11,3 0,0 0,0 2,3 0,0 0,1 0,0 0,0 2,1 0,0
LEAF 11,3 0,0 0,0 2,3 0,0 0,1 0,0 2,1 0,0 0,0
LEAF 11,3 0,0 0,0 2,3 0,0 0,1 2,1 0,0 0,0 0,0
LEAF 11,3 0,0 0,0 2,3 0,0 2,1 0,0 0,0 0,0 0,1
LEAF 11,3 0,0 0,0 2,3 0,0 2,1 0,0 0,0 0,1 0,0
LEAF 11,3 0,0 0,0 2,3 0,0 2,1 0,0 0,1 0,0 0,0
LEAF 11,3 0,0 0,0 2,3 0,0 2,1 0,1 0,0 0,0 0,0
LEAF 11,3 0,0 0,0 2,3 0,0 1,2 0,0 0,0 0,0 1,0
LEAF 11,3 0,0 0,0 2,3 0,0 1,2 0,0 0,0 1,0 0,0
LEAF 11,3 0,0 0,0 2,3 0,0 1,2 0,0 1,0 0,0 0,0
LEAF 11,3 0,0 0,0 2,3 0,0 1,2 1,0 0,0 0,0 0,0
LEAF 11,3 0,0 0,0 2,3 1,0 0,0 0,0 0,0 0,0 1,2
LEAF 11,3 0,0 0,0 2,3 1,0 0,0 0,0 0,0 1,2 0,0
LEAF 11,3 0,0 0,0 2,3 1,0 0,0 0,0 1,2 0,0 0,0
LEAF 11,3 0,0 0,0 2,3 1,0 0,0 1,2 0,0 0,0 0,0
LEAF 11,3 0,0 0,0 2,3 1,0 1,2 0,0 0,0 0,0 0,0
LEAF 11,3 0,0 0,0 2,3 0,1 0,0 0,0 0,0 0,0 2,1
LEAF 11,3 0,0 0,0 2,3 0,1 0,0 0,0 2,1 0,0 0,0
LEAF 11,3 0,0 0,0 2,3 0,1 0,0 2,1 0,0 0,0 0,0
LEAF 11,3 0,0 0,0 2,3 2,1 0,0 0,0 0,0 0,0 0,1
LEAF 11,3 0,0 0,0 2,3 2,1 0,0 0,0 0,1 0,0 0,0
LEAF 11,3 0,0 0,0 2,3 2,1 0,0 0,1 0,0 0,0 0,0
LEAF 11,3 0,0 0,0 2,3 1,2 0,0 0,0 0,0 0,0 1,0
LEAF 11,3 0,0 0,0 2,3 1,2 0,0 0,0 0,0 1,0 0,0
LEAF 11,3 0,0 0,0 2,3 1,2 0,0 0,0 1,0 0,0 0,0
LEAF 11,3 0,0 0,0 2,3 1,2 0,0 1,0 0,0 0,0 0,0
LEAF 11,3 0,0 0,0 2,3 1,2 1,0 0,0 0,0 0,0 0,0
LEAF 11,3 0,0 0,0 3,3 0,0 0,0 0,0 0,0 0,0 1,1
LEAF 11,3 0,0 0,0 3,3 0,0 0,0 0,0 0,0 0,1 0,1
LEAF 11,3 0,0 0,0 3,3 0,0 0,0 0,0 0,0 1,1 0,0
LEAF 11,3 0,0 0,0 3,3 0,0 0,0 0,0 1,0 1,0 1,0
LEAF 11,3 0,0 0,0 3,3 0,0 0,0 0,0 0,1 0,0 0,1
LEAF 11,3 0,0 0,0 3,3 0,0 0,0 0,0 1,1 0,0 0,0
LEAF 11,3 0,0 0,0 3,3 0,0 0,0 1,0 0,0 1,0 1,0
LEAF 11,3 0,0 0,0 3,3 0,0 0,0 1,0 1,0 0,0 1,0
LEAF 11,3 0,0 0,0 3,3 0,0 0,0 1,0 1,0 1,0 0,0
LEAF 11,3 0,0 0,0 3,3 0,0 0,0 0,1 0,0 0,0 0,1
LEAF 11,3 0,0 0,0 3,3 0,0 0,0 0,1 0,0 0,1 0,0
LEAF 11,3 0,0 0,0 3,3 0,0 0,0 0,1 0,1 0,0 0,0
LEAF 11,3 0,0 0,0 3,3 0,0 0,0 1,1 0,0 0,0 0,0
LEAF 11,3 0,0 0,0 3,3 0,0 1,0 0,0 0,0 1,0 1,0
LEAF 11,3 0,0 0,0 3,3 0,0 1,0 0,0 1,0 0,0 1,0
LEAF 11,3 0,0 0,0 3,3 0,0 1,0 0,0 1,0 1,0 0,0
LEAF 11,3 0,0 0,0 3,3 0,0 1,0 1,0 0,0 0,0 1,0
LEAF 11,3 0,0 0,0 3,3 0,0 1,0 1,0 0,0 1,0 0,0
LEAF 11,3 0,0 0,0 3,3 0,0 1,0 1,0 1,0 0,0 0,0
LEAF 11,3 0,0 0,0 3,3 0,0 0,1 0,0 0,0 0,0 0,1
LEAF 11,3 0,0 0,0 3,3 0,0 0,1 0,0 0,0 0,1 0,0
LEAF 11,3 0,0 0,0 3,3 0,0 0,1 0,0 0,1 0,0 0,0
LEAF 11,3 0,0 0,0 3,3 0,0 0,1 0,1 0,0 0,0 0,0
LEAF 11,3 0,0 0,0 3,3 0,0 1,1 0,0 0,0 0,0 0,0
LEAF 11,3 0,0 0,0 3,3 1,0 0,0 0,0 0,0 1,0 1,0
LEAF 11,3 0,0 0,0 3,3 1,0 0,0 0,0 1,0 0,0 1,0
LEAF 11,3 0,0 0,0 3,3 1,0 0,0 0,0 1,0 1,0 0,0
LEAF 11,3 0,0 0,0 3,3 1,0 0,0 1,0 0,0 0,0 1,0
LEAF 11,3 0,0 0,0 3,3 1,0 0,0 1,0 0,0 1,0 0,0
LEAF 11,3 0,0 0,0 3,3 1,0 0,0 1,0 1,0 0,0 0,0
LEAF 11,3 0,0 0,0 3,3 1,0 1,0 0,0 0,0 0,0 1,0
LEAF 11,3 0,0 0,0 3,3 1,0 1,0 0,0 0,0 1,0 0,0
LEAF 11,3 0,0 0,0 3,3 1,0 1,0 0,0 1,0 0,0 0,0
LEAF 11,3 0,0 0,0 3,3 1,0 1,0 1,0 0,0 0,0 0,0
LEAF 11,3 0,0 0,0 3,3 0,1 0,0 0,0 0,0 0,0 0,1
LEAF 11,3 0,0 0,0 3,3 0,1 0,0 0,0 0,1 0,0 0,0
LEAF 11,3 0,0 0,0 3,3 0,1 0,0 0,1 0,0 0,0 0,0
LEAF 11,3 0,0 0,0 1,4 0,0 0,0 0,0 0,0 1,0 2,1
LEAF 11,3 0,0 0,0 1,4 0,0 0,0 0,0 0,0 3,0 0,1
LEAF 11,3 0,0 0,0 1,4 0,0 0,0 0,0 0,0 0,1 3,0
LEAF 11,3 0,0 0,0 1,4 0,0 0,0 0,0 0,0 2,1 1,0
LEAF 11,3 0,0 0,0 1,4 0,0 0,0 0,0 1,0 0,0 2,1
LEAF 11,3 0,0 0,0 1,4 0,0 0,0 0,0 1,0 2,1 0,0
LEAF 11,3 0,0 0,0 1,4 0,0 0,0 0,0 3,0 0,0 0,1
LEAF 11,3 0,0 0,0 1,4 0,0 0,0 0,0 0,1 0,0 3,0
LEAF 11,3 0,0 0,0 1,4 0,0 0,0 0,0 2,1 0,0 1,0
LEAF 11,3 0,0 0,0 1,4 0,0 0,0 0,0 2,1 1,0 0,0
LEAF 11,3 0,0 0,0 1,4 0,0 0,0 1,0 0,0 0,0 2,1
LEAF 11,3 0,0 0,0 1,4 0,0 0,0 1,0 0,0 2,1 0,0
LEAF 11,3 0,0 0,0 1,4 0,0 0,0 1,0 2,1 0,0 0,0
LEAF 11,3 0,0 0,0 1,4 0,0 0,0 3,0 0,0 0,0 0,1
LEAF 11,3 0,0 0,0 1,4 0,0 0,0 3,0 0,0 0,1 0,0
LEAF 11,3 0,0 0,0 1,4 0,0 0,0 3,0 0,1 0,0 0,0
LEAF 11,3 0,0 0,0 1,4 0,0 0,0 0,1 0,0 0,0 3,0
LEAF 11,3 0,0 0,0 1,4 0,0 0,0 0,1 0,0 3,0 0,0
LEAF 11,3 0,0 0,0 1,4 0,0 0,0 0,1 3,0 0,0 0,0
LEAF 11,3 0,0 0,0 1,4 0,0 0,0 2,1 0,0 0,0 1,0
LEAF 11,3 0,0 0,0 1,4 0,0 0,0 2,1 0,0 1,0 0,0
LEAF 11,3 0,0 0,0 1,4 0,0 0,0 2,1 1,0 0,0 0,0
LEAF 11,3 0,0 0,0 1,4 0,0 1,0 0,0 0,0 0,0 2,1
LEAF 11,3 0,0 0,0 1,4 0,0 1,0 0,0 0,0 2,1 0,0
LEAF 11,3 0,0 0,0 1,4 0,0 1,0 0,0 2,1 0,0 0,0
LEAF 11,3 0,0 0,0 1,4 0,0 1,0 2,1 0,0 0,0 0,0
LEAF 11,3 0,0 0,0 1,4 0,0 3,0 0,0 0,0 0,0 0,1
LEAF 11,3 0,0 0,0 1,4 0,0 3,0 0,0 0,0 0,1 0,0
LEAF 11,3 0,0 0,0 1,4 0,0 3,0 0,0 0,1 0,0 0,0
LEAF 11,3 0,0 0,0 1,4 0,0 3,0 0,1 0,0 0,0 0,0
LEAF 11,3 0,0 0,0 1,4 0,0 0,1 0,0 0,0 0,0 3,0
LEAF 11,3 0,0 0,0 1,4 0,0 0,1 0,0 0,0 3,0 0,0
LEAF 11,3 0,0 0,0 1,4 0,0 0,1 0,0 3,0 0,0 0,0
LEAF 11,3 0,0 0,0 1,4 0,0 0,1 3,0 0,0 0,0 0,0
LEAF 11,3 0,0 0,0 1,4 0,0 2,1 0,0 0,0 0,0 1,0
LEAF 11,3 0,0 0,0 1,4 0,0 2,1 0,0 0,0 1,0 0,0
LEAF 11,3 0,0 0,0 1,4 0,0 2,1 0,0 1,0 0,0 0,0
LEAF 11,3 0,0 0,0 1,4 0,0 2,1 1,0 0,0 0,0 0,0
LEAF 11,3 0,0 0,0 1,4 1,0 0,0 0,0 0,0 0,0 2,1
LEAF 11,3 0,0 0,0 1,4 1,0 0,0 0,0 0,0 2,1 0,0
LEAF 11,3 0,0 0,0 1,4 1,0 0,0 0,0 2,1 0,0 0,0
LEAF 11,3 0,0 0,0 1,4 1,0 0,0 2,1 0,0 0,0 0,0
LEAF 11,3 0,0 0,0 1,4 1,0 2,1 0,0 0,0 0,0 0,0
LEAF 11,3 0,0 0,0 1,4 3,0 0,0 0,0 0,0 0,0 0,1
LEAF 11,3 0,0 0,0 1,4 3,0 0,0 0,0 0,1 0,0 0,0
LEAF 11,3 0,0 0,0 1,4 3,0 0,0 0,1 0,0 0,0 0,0
LEAF 11,3 0,0 0,0 1,4 0,1 0,0 0,0 0,0 0,0 3,0
LEAF 11,3 0,0 0,0 1,4 0,1 0,0 0,0 3,0 0,0 0,0
LEAF 11,3 0,0 0,0 1,4 0,1 0,0 3,0 0,0 0,0 0,0
LEAF 11,3 0,0 0,0 1,4 2,1 0,0 0,0 0,0 0,0 1,0
LEAF 11,3 0,0 0,0 1,4 2,1 0,0 0,0 0,0 1,0 0,0
LEAF 11,3 0,0 0,0 1,4 2,1 0,0 0,0 1,0 0,0 0,0
LEAF 11,3 0,0 0,0 1,4 2,1 0,0 1,0 0,0 0,0 0,0
LEAF 11,3 0,0 0,0 1,4 2,1 1,0 0,0 0,0 0,0 0,0
LEAF 11,3 0,0 0,0 2,4 0,0 0,0 0,0 0,0 0,0 2,0
LEAF 11,3 0,0 0,0 2,4 0,0 0,0 0,0 0,0 1,0 0,1
LEAF 11,3 0,0 0,0 2,4 0,0 0,0 0,0 0,0 2,0 0,0
LEAF 11,3 0,0 0,0 2,4 0,0 0,0 0,0 0,0 0,1 1,0
LEAF 11,3 0,0 0,0 2,4 0,0 0,0 0,0 1,0 0,0 0,1
LEAF 11,3 0,0 0,0 2,4 0,0 0,0 0,0 1,0 0,1 0,0
LEAF 11,3 0,0 0,0 2,4 0,0 0,0 0,0 2,0 0,0 0,0
LEAF 11,3 0,0 0,0 2,4 0,0 0,0 0,0 0,1 0,0 1,0
LEAF 11,3 0,0 0,0 2,4 0,0 0,0 0,0 0,1 1,0 0,0
LEAF 11,3 0,0 0,0 2,4 0,0 0,0 1,0 0,0 0,0 0,1
LEAF 11,3 0,0 0,0 2,4 0,0 0,0 1,0 0,0 0,1 0,0
LEAF 11,3 0,0 0,0 2,4 0,0 0,0 1,0 0,1 0,0 0,0
LEAF 11,3 0,0 0,0 2,4 0,0 0,0 2,0 0,0 0,0 0,0
LEAF 11,3 0,0 0,0 2,4 0,0 0,0 0,1 0,0 0,0 1,0
LEAF 11,3 0,0 0,0 2,4 0,0 0,0 0,1 0,0 1,0 0,0
LEAF 11,3 0,0 0,0 2,4 0,0 0,0 0,1 1,0 0,0 0,0
LEAF 11,3 0,0 0,0 2,4 0,0 1,0 0,0 0,0 0,0 0,1
LEAF 11,3 0,0 0,0 2,4 0,0 1,0 0,0 0,0 0,1 0,0
LEAF 11,3 0,0 0,0 2,4 0,0 1,0 0,0 0,1 0,0 0,0
LEAF 11,3 0,0 0,0 2,4 0,0 1,0 0,1 0,0 0,0 0,0
LEAF 11,3 0,0 0,0 2,4 0,0 2,0 0,0 0,0 0,0 0,0
LEAF 11,3 0,0 0,0 2,4 0,0 0,1 0,0 0,0 0,0 1,0
LEAF 11,3 0,0 0,0 2,4 0,0 0,1 0,0 0,0 1,0 0,0
LEAF 11,3 0,0 0,0 2,4 0,0 0,1 0,0 1,0 0,0 0,0
LEAF 11,3 0,0 0,0 2,4 0,0 0,1 1,0 0,0 0,0 0,0
LEAF 11,3 0,0 0,0 2,4 1,0 0,0 0,0 0,0 0,0 0,1
LEAF 11,3 0,0 0,0 2,4 1,0 0,0 0,0 0,0 0,1 0,0
LEAF 11,3 0,0 0,0 2,4 1,0 0,0 0,0 0,1 0,0 0,0
LEAF 11,3 0,0 0,0 2,4 1,0 0,0 0,1 0,0 0,0 0,0
LEAF 11,3 0,0 0,0 2,4 1,0 0,1 0,0 0,0 0,0 0,0
LEAF 11,3 0,0 0,0 2,4 0,1 0,0 0,0 0,0 0,0 1,0
LEAF 11,3 0,0 0,0 2,4 0,1 0,0 0,0 0,0 1,0 0,0
LEAF 11,3 0,0 0,0 2,4 0,1 0,0 0,0 1,0 0,0 0,0
LEAF 11,3 0,0 0,0 2,4 0,1 0,0 1,0 0,0 0,0 0,0
LEAF 11,3 0,0 0,0 2,4 0,1 1,0 0,0 0,0 0,0 0,0
LEAF 11,3 0,0 0,0 0,5 0,0 0,0 0,0 0,0 1,0 3,0
LEAF 11,3 0,0 0,0 0,5 0,0 0,0 0,0 0,0 3,0 1,0
LEAF 11,3 0,0 0,0 0,5 0,0 0,0 0,0 1,0 0,0 3,0
LEAF 11,3 0,0 0,0 0,5 0,0 0,0 0,0 1,0 3,0 0,0
LEAF 11,3 0,0 0,0 0,5 0,0 0,0 0,0 3,0 0,0 1,0
LEAF 11,3 0,0 0,0 0,5 0,0 0,0 0,0 3,0 1,0 0,0
LEAF 11,3 0,0 0,0 0,5 0,0 0,0 1,0 0,0 0,0 3,0
LEAF 11,3 0,0 0,0 0,5 0,0 0,0 1,0 0,0 3,0 0,0
LEAF 11,3 0,0 0,0 0,5 0,0 0,0 1,0 3,0 0,0 0,0
LEAF 11,3 0,0 0,0 0,5 0,0 0,0 3,0 0,0 0,0 1,0
LEAF 11,3 0,0 0,0 0,5 0,0 0,0 3,0 0,0 1,0 0,0
LEAF 11,3 0,0 0,0 0,5 0,0 0,0 3,0 1,0 0,0 0,0
LEAF 11,3 0,0 0,0 0,5 0,0 1,0 0,0 0,0 0,0 3,0
LEAF 11,3 0,0 0,0 0,5 0,0 1,0 0,0 0,0 3,0 0,0
LEAF 11,3 0,0 0,0 0,5 0,0 1,0 0,0 3,0 0,0 0,0
LEAF 11,3 0,0 0,0 0,5 0,0 1,0 3,0 0,0 0,0 0,0
LEAF 11,3 0,0 0,0 0,5 0,0 3,0 0,0 0,0 0,0 1,0
LEAF 11,3 0,0 0,0 0,5 0,0 3,0 0,0 0,0 1,0 0,0
LEAF 11,3 0,0 0,0 0,5 0,0 3,0 0,0 1,0 0,0 0,0
LEAF 11,3 0,0 0,0 0,5 0,0 3,0 1,0 0,0 0,0 0,0
LEAF 11,3 0,0 0,0 0,5 1,0 0,0 0,0 0,0 0,0 3,0
LEAF 11,3 0,0 0,0 0,5 1,0 0,0 0,0 0,0 3,0 0,0
LEAF 11,3 0,0 0,0 0,5 1,0 0,0 0,0 3,0 0,0 0,0
LEAF 11,3 0,0 0,0 0,5 1,0 0,0 3,0 0,0 0,0 0,0
LEAF 11,3 0,0 0,0 0,5 1,0 3,0 0,0 0,0 0,0 0,0
LEAF 11,3 0,0 0,0 0,5 3,0 0,0 0,0 0,0 0,0 1,0
LEAF 11,3 0,0 0,0 0,5 3,0 0,0 0,0 0,0 1,0 0,0
LEAF 11,3 0,0 0,0 0,5 3,0 0,0 0,0 1,0 0,0 0,0
LEAF 11,3 0,0 0,0 0,5 3,0 0,0 1,0 0,0 0,0 0,0
LEAF 11,3 0,0 0,0 0,5 3,0 1,0 0,0 0,0 0,0 0,0
LEAF 11,3 0,0 0,0 1,5 0,0 0,0 0,0 0,0 1,0 1,0
LEAF 11,3 0,0 0,0 1,5 0,0 0,0 0,0 1,0 0,0 1,0
LEAF 11,3 0,0 0,0 1,5 0,0 0,0 0,0 1,0 1,0 0,0
LEAF 11,3 0,0 0,0 1,5 0,0 0,0 1,0 0,0 0,0 1,0
LEAF 11,3 0,0 0,0 1,5 0,0 0,0 1,0 0,0 1,0 0,0
LEAF 11,3 0,0 0,0 1,5 0,0 0,0 1,0 1,0 0,0 0,0
LEAF 11,3 0,0 0,0 1,5 0,0 1,0 0,0 0,0 0,0 1,0
LEAF 11,3 0,0 0,0 1,5 0,0 1,0 0,0 0,0 1,0 0,0
LEAF 11,3 0,0 0,0 1,5 0,0 1,0 0,0 1,0 0,0 0,0
LEAF 11,3 0,0 0,0 1,5 0,0 1,0 1,0 0,0 0,0 0,0
LEAF 11,3 0,0 0,0 0,6 0,0 0,0 0,0 0,0 0,0 0,1
LEAF 11,3 0,0 0,0 0,6 0,0 0,0 0,0 0,0 0,1 0,0
LEAF 11,3 0,0 0,0 0,6 0,0 0,0 0,0 0,1 0,0 0,0
LEAF 11,3 0,0 1,0 0,0 0,0 0,0 0,0 0,0 0,0 5,4
LEAF 11,3 0,0 1,0 0,0 0,0 0,0 0,0 0,0 1,0 1,5
LEAF 11,3 0,0 1,0 0,0 0,0 0,0 0,0 0,0 2,0 4,2
LEAF 11,3 0,0 1,0 0,0 0,0 0,0 0,0 0,0 3,0 8,1
LEAF 11,3 0,0 1,0 0,0 0,0 0,0 0,0 0,0 3,0 0,5
LEAF 11,3 0,0 1,0 0,0 0,0 0,0 0,0 0,0 5,0 8,0
LEAF 11,3 0,0 1,0 0,0 0,0 0,0 0,0 0,0 6,0 0,2
LEAF 11,3 0,0 1,0 0,0 0,0 0,0 0,0 0,0 0,1 2,4
LEAF 11,3 0,0 1,0 0,0 0,0 0,0 0,0 0,0 1,1 5,1
LEAF 11,3 0,0 1,0 0,0 0,0 0,0 0,0 0,0 2,1 9,0
LEAF 11,3 0,0 1,0 0,0 0,0 0,0 0,0 0,0 2,1 1,4
LEAF 11,3 0,0 1,0 0,0 0,0 0,0 0,0 0,0 5,1 1,1
LEAF 11,3 0,0 1,0 0,0 0,0 0,0 0,0 0,0 0,2 6,0
LEAF 11,3 0,0 1,0 0,0 0,0 0,0 0,0 0,0 1,2 2,3
LEAF 11,3 0,0 1,0 0,0 0,0 0,0 0,0 0,0 3,2 0,3
LEAF 11,3 0,0 1,0 0,0 0,0 0,0 0,0 0,0 4,2 2,0
LEAF 11,3 0,0 1,0 0,0 0,0 0,0 0,0 0,0 0,3 3,2
LEAF 11,3 0,0 1,0 0,0 0,0 0,0 0,0 0,0 2,3 1,2
LEAF 11,3 0,0 1,0 0,0 0,0 0,0 0,0 0,0 1,4 2,1
LEAF 11,3 0,0 1,0 0,0 0,0 0,0 0,0 0,0 2,4 0,1
LEAF 11,3 0,0 1,0 0,0 0,0 0,0 0,0 0,0 0,5 3,0
LEAF 11,3 0,0 1,0 0,0 0,0 0,0 0,0 0,0 1,5 1,0
LEAF 11,3 0,0 1,0 0,0 0,0 0,0 0,0 1,0 0,0 1,5
LEAF 11,3 0,0 1,0 0,0 0,0 0,0 0,0 1,0 1,0 3,3
LEAF 11,3 0,0 1,0 0,0 0,0 0,0 0,0 2,0 0,0 4,2
LEAF 11,3 0,0 1,0 0,0 0,0 0,0 0,0 3,0 0,0 8,1
LEAF 11,3 0,0 1,0 0,0 0,0 0,0 0,0 3,0 0,0 0,5
LEAF 11,3 0,0 1,0 0,0 0,0 0,0 0,0 5,0 0,0 8,0
LEAF 11,3 0,0 1,0 0,0 0,0 0,0 0,0 6,0 0,0 0,2
LEAF 11,3 0,0 1,0 0,0 0,0 0,0 0,0 0,1 0,0 2,4
LEAF 11,3 0,0 1,0 0,0 0,0 0,0 0,0 0,1 1,0 4,2
LEAF 11,3 0,0 1,0 0,0 0,0 0,0 0,0 1,1 0,0 5,1
LEAF 11,3 0,0 1,0 0,0 0,0 0,0 0,0 2,1 0,0 9,0
LEAF 11,3 0,0 1,0 0,0 0,0 0,0 0,0 2,1 0,0 1,4
LEAF 11,3 0,0 1,0 0,0 0,0 0,0 0,0 5,1 0,0 1,1
LEAF 11,3 0,0 1,0 0,0 0,0 0,0 0,0 0,2 0,0 6,0
LEAF 11,3 0,0 1,0 0,0 0,0 0,0 0,0 1,2 0,0 2,3
LEAF 11,3 0,0 1,0 0,0 0,0 0,0 0,0 3,2 0,0 0,3
LEAF 11,3 0,0 1,0 0,0 0,0 0,0 0,0 4,2 0,0 2,0
LEAF 11,3 0,0 1,0 0,0 0,0 0,0 0,0 4,2 1,0 0,1
LEAF 11,3 0,0 1,0 0,0 0,0 0,0 0,0 0,3 0,0 3,2
LEAF 11,3 0,0 1,0 0,0 0,0 0,0 0,0 2,3 0,0 1,2
LEAF 11,3 0,0 1,0 0,0 0,0 0,0 0,0 3,3 1,0 1,0
LEAF 11,3 0,0 1,0 0,0 0,0 0,0 0,0 1,4 0,0 2,1
LEAF 11,3 0,0 1,0 0,0 0,0 0,0 0,0 2,4 0,0 0,1
LEAF 11,3 0,0 1,0 0,0 0,0 0,0 0,0 0,5 0,0 3,0
LEAF 11,3 0,0 1,0 0,0 0,0 0,0 0,0 1,5 0,0 1,0
LEAF 11,3 0,0 1,0 0,0 0,0 0,0 0,0 1,5 1,0 0,0
LEAF 11,3 0,0 1,0 0,0 0,0 0,0 1,0 0,0 0,0 1,5
LEAF 11,3 0,0 1,0 0,0 0,0 0,0 1,0 0,0 1,0 3,3
LEAF 11,3 0,0 1,0 0,0 0,0 0,0 1,0 0,0 0,1 4,2
LEAF 11,3 0,0 1,0 0,0 0,0 0,0 1,0 0,0 4,2 0,1
LEAF 11,3 0,0 1,0 0,0 0,0 0,0 1,0 0,0 3,3 1,0
LEAF 11,3 0,0 1,0 0,0 0,0 0,0 1,0 0,0 1,5 0,0
LEAF 11,3 0,0 1,0 0,0 0,0 0,0 1,0 1,0 0,0 3,3
LEAF 11,3 0,0 1,0 0,0 0,0 0,0 1,0 0,1 0,0 4,2
LEAF 11,3 0,0 1,0 0,0 0,0 0,0 1,0 4,2 0,0 0,1
LEAF 11,3 0,0 1,0 0,0 0,0 0,0 1,0 3,3 0,0 1,0
LEAF 11,3 0,0 1,0 0,0 0,0 0,0 1,0 3,3 1,0 0,0
LEAF 11,3 0,0 1,0 0,0 0,0 0,0 1,0 1,5 0,0 0,0
LEAF 11,3 0,0 1,0 0,0 0,0 0,0 2,0 0,0 0,0 4,2
LEAF 11,3 0,0 1,0 0,0 0,0 0,0 2,0 2,0 0,0 9,0
LEAF 11,3 0,0 1,0 0,0 0,0 0,0 2,0 4,2 0,0 0,0
LEAF 11,3 0,0 1,0 0,0 0,0 0,0 3,0 0,0 0,0 8,1
LEAF 11,3 0,0 1,0 0,0 0,0 0,0 3,0 0,0 0,0 0,5
LEAF 11,3 0,0 1,0 0,0 0,0 0,0 5,0 0,0 0,0 8,0
LEAF 11,3 0,0 1,0 0,0 0,0 0,0 6,0 0,0 0,0 0,2
LEAF 11,3 0,0 1,0 0,0 0,0 0,0 0,1 0,0 0,0 2,4
LEAF 11,3 0,0 1,0 0,0 0,0 0,0 1,1 0,0 0,0 5,1
LEAF 11,3 0,0 1,0 0,0 0,0 0,0 2,1 0,0 0,0 9,0
LEAF 11,3 0,0 1,0 0,0 0,0 0,0 2,1 0,0 0,0 1,4
LEAF 11,3 0,0 1,0 0,0 0,0 0,0 5,1 0,0 0,0 1,1
LEAF 11,3 0,0 1,0 0,0 0,0 0,0 0,2 0,0 0,0 6,0
LEAF 11,3 0,0 1,0 0,0 0,0 0,0 1,2 0,0 0,0 2,3
LEAF 11,3 0,0 1,0 0,0 0,0 0,0 3,2 0,0 0,0 0,3
LEAF 11,3 0,0 1,0 0,0 0,0 0,0 4,2 0,0 0,0 2,0
LEAF 11,3 0,0 1,0 0,0 0,0 0,0 0,3 0,0 0,0 3,2
LEAF 11,3 0,0 1,0 0,0 0,0 0,0 2,3 0,0 0,0 1,2
LEAF 11,3 0,0 1,0 0,0 0,0 0,0 1,4 0,0 0,0 2,1
LEAF 11,3 0,0 1,0 0,0 0,0 0,0 2,4 0,0 0,0 0,1
LEAF 11,3 0,0 1,0 0,0 0,0 0,0 0,5 0,0 0,0 3,0
LEAF 11,3 0,0 1,0 0,0 0,0 0,0 1,5 0,0 0,0 1,0
LEAF 11,3 0,0 1,0 0,0 0,0 1,0 0,0 0,0 0,0 1,5
LEAF 11,3 0,0 1,0 0,0 0,0 1,0 0,0 0,0 1,0 3,3
LEAF 11,3 0,0 1,0 0,0 0,0 1,0 0,0 0,0 0,1 4,2
LEAF 11,3 0,0 1,0 0,0 0,0 1,0 0,0 0,0 4,2 0,1
LEAF 11,3 0,0 1,0 0,0 0,0 1,0 0,0 0,0 3,3 1,0
LEAF 11,3 0,0 1,0 0,0 0,0 1,0 0,0 0,0 1,5 0,0
LEAF 11,3 0,0 1,0 0,0 0,0 1,0 0,0 1,0 0,0 3,3
LEAF 11,3 0,0 1,0 0,0 0,0 1,0 0,0 0,1 0,0 4,2
LEAF 11,3 0,0 1,0 0,0 0,0 1,0 0,0 4,2 0,0 0,1
LEAF 11,3 0,0 1,0 0,0 0,0 1,0 0,0 3,3 0,0 1,0
LEAF 11,3 0,0 1,0 0,0 0,0 1,0 0,0 3,3 1,0 0,0
LEAF 11,3 0,0 1,0 0,0 0,0 1,0 0,0 1,5 0,0 0,0
LEAF 11,3 0,0 1,0 0,0 0,0 1,0 1,0 0,0 0,0 3,3
LEAF 11,3 0,0 1,0 0,0 0,0 1,0 1,0 3,3 0,0 0,0
LEAF 11,3 0,0 1,0 0,0 0,0 1,0 0,1 0,0 0,0 4,2
LEAF 11,3 0,0 1,0 0,0 0,0 1,0 4,2 0,0 0,0 0,1
LEAF 11,3 0,0 1,0 0,0 0,0 1,0 3,3 0,0 0,0 1,0
LEAF 11,3 0,0 1,0 0,0 0,0 2,0 0,0 0,0 0,0 4,2
LEAF 11,3 0,0 1,0 0,0 0,0 2,0 0,0 0,0 2,0 9,0
LEAF 11,3 0,0 1,0 0,0 0,0 2,0 0,0 0,0 4,2 0,0
LEAF 11,3 0,0 1,0 0,0 0,0 2,0 0,0 2,0 0,0 9,0
LEAF 11,3 0,0 1,0 0,0 0,0 2,0 0,0 4,2 0,0 0,0
LEAF 11,3 0,0 1,0 0,0 0,0 2,0 2,0 0,0 0,0 9,0
LEAF 11,3 0,0 1,0 0,0 0,0 2,0 4,2 0,0 0,0 0,0
LEAF 11,3 0,0 1,0 0,0 0,0 3,0 0,0 0,0 0,0 8,1
LEAF 11,3 0,0 1,0 0,0 0,0 3,0 0,0 0,0 0,0 0,5
LEAF 11,3 0,0 1,0 0,0 0,0 3,0 0,0 0,0 0,5 0,0
LEAF 11,3 0,0 1,0 0,0 0,0 3,0 0,0 0,5 0,0 0,0
LEAF 11,3 0,0 1,0 0,0 0,0 3,0 0,5 0,0 0,0 0,0
LEAF 11,3 0,0 1,0 0,0 0,0 5,0 0,0 0,0 0,0 8,0
LEAF 11,3 0,0 1,0 0,0 0,0 6,0 0,0 0,0 0,0 0,2
LEAF 11,3 0,0 1,0 0,0 0,0 6,0 0,0 0,0 0,2 0,0
LEAF 11,3 0,0 1,0 0,0 0,0 6,0 0,0 0,2 0,0 0,0
LEAF 11,3 0,0 1,0 0,0 0,0 6,0 0,2 0,0 0,0 0,0
LEAF 11,3 0,0 1,0 0,0 0,0 0,1 0,0 0,0 0,0 2,4
LEAF 11,3 0,0 1,0 0,0 0,0 0,1 0,0 0,0 1,0 4,2
LEAF 11,3 0,0 1,0 0,0 0,0 0,1 0,0 0,0 0,1 5,1
LEAF 11,3 0,0 1,0 0,0 0,0 0,1 0,0 0,0 5,1 0,1
LEAF 11,3 0,0 1,0 0,0 0,0 0,1 0,0 0,0 4,2 1,0
LEAF 11,3 0,0 1,0 0,0 0,0 0,1 0,0 0,0 2,4 0,0
LEAF 11,3 0,0 1,0 0,0 0,0 0,1 0,0 1,0 0,0 4,2
LEAF 11,3 0,0 1,0 0,0 0,0 0,1 0,0 0,1 0,0 5,1
LEAF 11,3 0,0 1,0 0,0 0,0 0,1 0,0 5,1 0,0 0,1
LEAF 11,3 0,0 1,0 0,0 0,0 0,1 0,0 4,2 0,0 1,0
LEAF 11,3 0,0 1,0 0,0 0,0 0,1 0,0 4,2 1,0 0,0
LEAF 11,3 0,0 1,0 0,0 0,0 0,1 0,0 2,4 0,0 0,0
LEAF 11,3 0,0 1,0 0,0 0,0 0,1 1,0 0,0 0,0 4,2
LEAF 11,3 0,0 1,0 0,0 0,0 0,1 1,0 4,2 0,0 0,0
LEAF 11,3 0,0 1,0 0,0 0,0 0,1 0,1 0,0 0,0 5,1
LEAF 11,3 0,0 1,0 0,0 0,0 0,1 5,1 0,0 0,0 0,1
LEAF 11,3 0,0 1,0 0,0 0,0 0,1 4,2 0,0 0,0 1,0
LEAF 11,3 0,0 1,0 0,0 0,0 0,1 2,4 0,0 0,0 0,0
LEAF 11,3 0,0 1,0 0,0 0,0 1,1 0,0 0,0 0,0 5,1
LEAF 11,3 0,0 1,0 0,0 0,0 1,1 0,0 0,0 5,1 0,0
LEAF 11,3 0,0 1,0 0,0 0,0 1,1 0,0 5,1 0,0 0,0
LEAF 11,3 0,0 1,0 0,0 0,0 1,1 5,1 0,0 0,0 0,0
LEAF 11,3 0,0 1,0 0,0 0,0 2,1 0,0 0,0 0,0 9,0
LEAF 11,3 0,0 1,0 0,0 0,0 2,1 0,0 0,0 0,0 1,4
LEAF 11,3 0,0 1,0 0,0 0,0 2,1 0,0 0,0 1,4 0,0
LEAF 11,3 0,0 1,0 0,0 0,0 2,1 0,0 1,4 0,0 0,0
LEAF 11,3 0,0 1,0 0,0 0,0 2,1 1,4 0,0 0,0 0,0
LEAF 11,3 0,0 1,0 0,0 0,0 5,1 0,0 0,0 0,0 1,1
LEAF 11,3 0,0 1,0 0,0 0,0 5,1 0,0 0,0 0,1 0,1
LEAF 11,3 0,0 1,0 0,0 0,0 5,1 0,0 0,0 1,1 0,0
LEAF 11,3 0,0 1,0 0,0 0,0 5,1 0,0 0,1 0,0 0,1
LEAF 11,3 0,0 1,0 0,0 0,0 5,1 0,0 1,1 0,0 0,0
LEAF 11,3 0,0 1,0 0,0 0,0 5,1 0,1 0,0 0,0 0,1
LEAF 11,3 0,0 1,0 0,0 0,0 5,1 1,1 0,0 0,0 0,0
LEAF 11,3 0,0 1,0 0,0 0,0 0,2 0,0 0,0 0,0 6,0
LEAF 11,3 0,0 1,0 0,0 0,0 0,2 0,0 0,0 6,0 0,0
LEAF 11,3 0,0 1,0 0,0 0,0 0,2 0,0 6,0 0,0 0,0
LEAF 11,3 0,0 1,0 0,0 0,0 0,2 6,0 0,0 0,0 0,0
LEAF 11,3 0,0 1,0 0,0 0,0 1,2 0,0 0,0 0,0 2,3
LEAF 11,3 0,0 1,0 0,0 0,0 1,2 0,0 0,0 2,3 0,0
LEAF 11,3 0,0 1,0 0,0 0,0 1,2 0,0 2,3 0,0 0,0
LEAF 11,3 0,0 1,0 0,0 0,0 1,2 2,3 0,0 0,0 0,0
LEAF 11,3 0,0 1,0 0,0 0,0 3,2 0,0 0,0 0,0 0,3
LEAF 11,3 0,0 1,0 0,0 0,0 3,2 0,0 0,0 0,3 0,0
LEAF 11,3 0,0 1,0 0,0 0,0 3,2 0,0 0,3 0,0 0,0
LEAF 11,3 0,0 1,0 0,0 0,0 3,2 0,3 0,0 0,0 0,0
LEAF 11,3 0,0 1,0 0,0 0,0 4,2 0,0 0,0 0,0 2,0
LEAF 11,3 0,0 1,0 0,0 0,0 4,2 0,0 0,0 1,0 0,1
LEAF 11,3 0,0 1,0 0,0 0,0 4,2 0,0 0,0 2,0 0,0
LEAF 11,3 0,0 1,0 0,0 0,0 4,2 0,0 0,0 0,1 1,0
LEAF 11,3 0,0 1,0 0,0 0,0 4,2 0,0 1,0 0,0 0,1
LEAF 11,3 0,0 1,0 0,0 0,0 4,2 0,0 2,0 0,0 0,0
LEAF 11,3 0,0 1,0 0,0 0,0 4,2 0,0 0,1 0,0 1,0
LEAF 11,3 0,0 1,0 0,0 0,0 4,2 0,0 0,1 1,0 0,0
LEAF 11,3 0,0 1,0 0,0 0,0 4,2 1,0 0,0 0,0 0,1
LEAF 11,3 0,0 1,0 0,0 0,0 4,2 1,0 0,1 0,0 0,0
LEAF 11,3 0,0 1,0 0,0 0,0 4,2 2,0 0,0 0,0 0,0
LEAF 11,3 0,0 1,0 0,0 0,0 4,2 0,1 0,0 0,0 1,0
LEAF 11,3 0,0 1,0 0,0 0,0 0,3 0,0 0,0 0,0 3,2
LEAF 11,3 0,0 1,0 0,0 0,0 0,3 0,0 0,0 3,2 0,0
LEAF 11,3 0,0 1,0 0,0 0,0 0,3 0,0 3,2 0,0 0,0
LEAF 11,3 0,0 1,0 0,0 0,0 0,3 3,2 0,0 0,0 0,0
LEAF 11,3 0,0 1,0 0,0 0,0 2,3 0,0 0,0 0,0 1,2
LEAF 11,3 0,0 1,0 0,0 0,0 2,3 0,0 0,0 1,2 0,0
LEAF 11,3 0,0 1,0 0,0 0,0 2,3 0,0 1,2 0,0 0,0
LEAF 11,3 0,0 1,0 0,0 0,0 2,3 1,2 0,0 0,0 0,0
LEAF 11,3 0,0 1,0 0,0 0,0 3,3 0,0 0,0 1,0 1,0
LEAF 11,3 0,0 1,0 0,0 0,0 3,3 0,0 1,0 0,0 1,0
LEAF 11,3 0,0 1,0 0,0 0,0 3,3 0,0 1,0 1,0 0,0
LEAF 11,3 0,0 1,0 0,0 0,0 3,3 1,0 0,0 0,0 1,0
LEAF 11,3 0,0 1,0 0,0 0,0 3,3 1,0 0,0 1,0 0,0
LEAF 11,3 0,0 1,0 0,0 0,0 3,3 1,0 1,0 0,0 0,0
LEAF 11,3 0,0 1,0 0,0 0,0 1,4 0,0 0,0 0,0 2,1
LEAF 11,3 0,0 1,0 0,0 0,0 1,4 0,0 0,0 2,1 0,0
LEAF 11,3 0,0 1,0 0,0 0,0 1,4 0,0 2,1 0,0 0,0
LEAF 11,3 0,0 1,0 0,0 0,0 1,4 2,1 0,0 0,0 0,0
LEAF 11,3 0,0 1,0 0,0 0,0 2,4 0,0 0,0 0,0 0,1
LEAF 11,3 0,0 1,0 0,0 0,0 2,4 0,0 0,0 0,1 0,0
LEAF 11,3 0,0 1,0 0,0 0,0 2,4 0,0 0,1 0,0 0,0
LEAF 11,3 0,0 1,0 0,0 0,0 2,4 0,1 0,0 0,0 0,0
LEAF 11,3 0,0 1,0 0,0 0,0 0,5 0,0 0,0 0,0 3,0
LEAF 11,3 0,0 1,0 0,0 0,0 0,5 0,0 0,0 3,0 0,0
LEAF 11,3 0,0 1,0 0,0 0,0 0,5 0,0 3,0 0,0 0,0
LEAF 11,3 0,0 1,0 0,0 0,0 0,5 3,0 0,0 0,0 0,0
LEAF 11,3 0,0 1,0 0,0 0,0 1,5 0,0 0,0 0,0 1,0
LEAF 11,3 0,0 1,0 0,0 0,0 1,5 0,0 0,0 1,0 0,0
LEAF 11,3 0,0 1,0 0,0 0,0 1,5 0,0 1,0 0,0 0,0
LEAF 11,3 0,0 1,0 0,0 1,0 0,0 0,0 0,0 0,0 1,5
LEAF 11,3 0,0 1,0 0,0 1,0 0,0 0,0 0,0 1,0 3,3
LEAF 11,3 0,0 1,0 0,0 1,0 0,0 0,0 1,0 0,0 3,3
LEAF 11,3 0,0 1,0 0,0 1,0 0,0 0,0 0,1 0,0 4,2
LEAF 11,3 0,0 1,0 0,0 1,0 0,0 0,0 4,2 0,0 0,1
LEAF 11,3 0,0 1,0 0,0 1,0 0,0 0,0 3,3 0,0 1,0
LEAF 11,3 0,0 1,0 0,0 1,0 0,0 0,0 3,3 1,0 0,0
LEAF 11,3 0,0 1,0 0,0 1,0 0,0 0,0 1,5 0,0 0,0
LEAF 11,3 0,0 1,0 0,0 1,0 0,0 1,0 0,0 0,0 3,3
LEAF 11,3 0,0 1,0 0,0 1,0 0,0 0,1 0,0 0,0 4,2
LEAF 11,3 0,0 1,0 0,0 1,0 0,0 4,2 0,0 0,0 0,1
LEAF 11,3 0,0 1,0 0,0 1,0 0,0 3,3 0,0 0,0 1,0
LEAF 11,3 0,0 1,0 0,0 1,0 0,0 1,5 0,0 0,0 0,0
LEAF 11,3 0,0 1,0 0,0 1,0 1,0 0,0 0,0 0,0 3,3
LEAF 11,3 0,0 1,0 0,0 1,0 1,0 0,0 3,3 0,0 0,0
LEAF 11,3 0,0 1,0 0,0 1,0 1,0 3,3 0,0 0,0 0,0
LEAF 11,3 0,0 1,0 0,0 2,0 0,0 0,0 0,0 0,0 4,2
LEAF 11,3 0,0 1,0 0,0 2,0 0,0 0,0 2,0 0,0 9,0
LEAF 11,3 0,0 1,0 0,0 2,0 0,0 0,0 4,2 0,0 0,0
LEAF 11,3 0,0 1,0 0,0 2,0 0,0 2,0 0,0 0,0 9,0
LEAF 11,3 0,0 1,0 0,0 2,0 0,0 4,2 0,0 0,0 0,0
LEAF 11,3 0,0 1,0 0,0 3,0 0,0 0,0 0,0 0,0 8,1
LEAF 11,3 0,0 1,0 0,0 3,0 0,0 0,0 0,0 0,0 0,5
LEAF 11,3 0,0 1,0 0,0 3,0 0,0 0,0 0,5 0,0 0,0
LEAF 11,3 0,0 1,0 0,0 3,0 0,0 0,5 0,0 0,0 0,0
LEAF 11,3 0,0 1,0 0,0 5,0 0,0 0,0 0,0 0,0 8,0
LEAF 11,3 0,0 1,0 0,0 6,0 0,0 0,0 0,0 0,0 0,2
LEAF 11,3 0,0 1,0 0,0 6,0 0,0 0,0 0,2 0,0 0,0
LEAF 11,3 0,0 1,0 0,0 6,0 0,0 0,2 0,0 0,0 0,0
LEAF 11,3 0,0 1,0 0,0 0,1 0,0 0,0 0,0 0,0 2,4
LEAF 11,3 0,0 1,0 0,0 0,1 0,0 0,0 0,0 1,0 4,2
LEAF 11,3 0,0 1,0 0,0 0,1 0,0 0,0 1,0 0,0 4,2
LEAF 11,3 0,0 1,0 0,0 0,1 0,0 0,0 0,1 0,0 5,1
LEAF 11,3 0,0 1,0 0,0 0,1 0,0 0,0 5,1 0,0 0,1
LEAF 11,3 0,0 1,0 0,0 0,1 0,0 0,0 4,2 0,0 1,0
LEAF 11,3 0,0 1,0 0,0 0,1 0,0 0,0 4,2 1,0 0,0
LEAF 11,3 0,0 1,0 0,0 0,1 0,0 0,0 2,4 0,0 0,0
LEAF 11,3 0,0 1,0 0,0 0,1 0,0 1,0 0,0 0,0 4,2
LEAF 11,3 0,0 1,0 0,0 0,1 0,0 0,1 0,0 0,0 5,1
LEAF 11,3 0,0 1,0 0,0 0,1 0,0 5,1 0,0 0,0 0,1
LEAF 11,3 0,0 1,0 0,0 0,1 0,0 4,2 0,0 0,0 1,0
LEAF 11,3 0,0 1,0 0,0 0,1 0,0 2,4 0,0 0,0 0,0
LEAF 11,3 0,0 1,0 0,0 0,1 1,0 0,0 0,0 0,0 4,2
LEAF 11,3 0,0 1,0 0,0 0,1 1,0 4,2 0,0 0,0 0,0
LEAF 11,3 0,0 1,0 0,0 1,1 0,0 0,0 0,0 0,0 5,1
LEAF 11,3 0,0 1,0 0,0 1,1 0,0 0,0 5,1 0,0 0,0
LEAF 11,3 0,0 1,0 0,0 1,1 0,0 5,1 0,0 0,0 0,0
LEAF 11,3 0,0 1,0 0,0 2,1 0,0 0,0 0,0 0,0 9,0
LEAF 11,3 0,0 1,0 0,0 2,1 0,0 0,0 0,0 0,0 1,4
LEAF 11,3 0,0 1,0 0,0 2,1 0,0 0,0 1,4 0,0 0,0
LEAF 11,3 0,0 1,0 0,0 2,1 0,0 1,4 0,0 0,0 0,0
LEAF 11,3 0,0 1,0 0,0 5,1 0,0 0,0 0,0 0,0 1,1
LEAF 11,3 0,0 1,0 0,0 5,1 0,0 0,0 0,1 0,0 0,1
LEAF 11,3 0,0 1,0 0,0 5,1 0,0 0,0 1,1 0,0 0,0
LEAF 11,3 0,0 1,0 0,0 5,1 0,0 0,1 0,0 0,0 0,1
LEAF 11,3 0,0 1,0 0,0 5,1 0,0 1,1 0,0 0,0 0,0
LEAF 11,3 0,0 1,0 0,0 0,2 0,0 0,0 0,0 0,0 6,0
LEAF 11,3 0,0 1,0 0,0 0,2 0,0 0,0 6,0 0,0 0,0
LEAF 11,3 0,0 1,0 0,0 0,2 0,0 6,0 0,0 0,0 0,0
LEAF 11,3 0,0 1,0 0,0 1,2 0,0 0,0 0,0 0,0 2,3
LEAF 11,3 0,0 1,0 0,0 1,2 0,0 0,0 2,3 0,0 0,0
LEAF 11,3 0,0 1,0 0,0 1,2 0,0 2,3 0,0 0,0 0,0
LEAF 11,3 0,0 1,0 0,0 3,2 0,0 0,0 0,0 0,0 0,3
LEAF 11,3 0,0 1,0 0,0 3,2 0,0 0,0 0,3 0,0 0,0
LEAF 11,3 0,0 1,0 0,0 3,2 0,0 0,3 0,0 0,0 0,0
LEAF 11,3 0,0 1,0 0,0 4,2 0,0 0,0 0,0 0,0 2,0
LEAF 11,3 0,0 1,0 0,0 4,2 0,0 0,0 0,0 1,0 0,1
LEAF 11,3 0,0 1,0 0,0 4,2 0,0 0,0 1,0 0,0 0,1
LEAF 11,3 0,0 1,0 0,0 4,2 0,0 0,0 2,0 0,0 0,0
LEAF 11,3 0,0 1,0 0,0 4,2 0,0 0,0 0,1 0,0 1,0
LEAF 11,3 0,0 1,0 0,0 4,2 0,0 0,0 0,1 1,0 0,0
LEAF 11,3 0,0 1,0 0,0 4,2 0,0 1,0 0,0 0,0 0,1
LEAF 11,3 0,0 1,0 0,0 4,2 0,0 2,0 0,0 0,0 0,0
LEAF 11,3 0,0 1,0 0,0 4,2 0,0 0,1 0,0 0,0 1,0
LEAF 11,3 0,0 1,0 0,0 4,2 1,0 0,0 0,0 0,0 0,1
LEAF 11,3 0,0 1,0 0,0 4,2 1,0 0,1 0,0 0,0 0,0
LEAF 11,3 0,0 1,0 0,0 0,3 0,0 0,0 0,0 0,0 3,2
LEAF 11,3 0,0 1,0 0,0 0,3 0,0 0,0 3,2 0,0 0,0
LEAF 11,3 0,0 1,0 0,0 0,3 0,0 3,2 0,0 0,0 0,0
LEAF 11,3 0,0 1,0 0,0 2,3 0,0 0,0 0,0 0,0 1,2
LEAF 11,3 0,0 1,0 0,0 2,3 0,0 0,0 1,2 0,0 0,0
LEAF 11,3 0,0 1,0 0,0 2,3 0,0 1,2 0,0 0,0 0,0
LEAF 11,3 0,0 1,0 0,0 3,3 0,0 0,0 0,0 1,0 1,0
LEAF 11,3 0,0 1,0 0,0 3,3 0,0 0,0 1,0 0,0 1,0
LEAF 11,3 0,0 1,0 0,0 3,3 0,0 0,0 1,0 1,0 0,0
LEAF 11,3 0,0 1,0 0,0 3,3 0,0 1,0 0,0 0,0 1,0
LEAF 11,3 0,0 1,0 0,0 3,3 0,0 1,0 1,0 0,0 0,0
LEAF 11,3 0,0 1,0 0,0 3,3 1,0 0,0 0,0 0,0 1,0
LEAF 11,3 0,0 1,0 0,0 3,3 1,0 1,0 0,0 0,0 0,0
LEAF 11,3 0,0 1,0 0,0 1,4 0,0 0,0 0,0 0,0 2,1
LEAF 11,3 0,0 1,0 0,0 1,4 0,0 0,0 2,1 0,0 0,0
LEAF 11,3 0,0 1,0 0,0 1,4 0,0 2,1 0,0 0,0 0,0
LEAF 11,3 0,0 1,0 0,0 2,4 0,0 0,0 0,0 0,0 0,1
LEAF 11,3 0,0 1,0 0,0 2,4 0,0 0,0 0,1 0,0 0,0
LEAF 11,3 0,0 1,0 0,0 2,4 0,0 0,1 0,0 0,0 0,0
LEAF 11,3 0,0 1,0 0,0 0,5 0,0 0,0 0,0 0,0 3,0
LEAF 11,3 0,0 1,0 0,0 0,5 0,0 0,0 3,0 0,0 0,0
LEAF 11,3 0,0 1,0 0,0 0,5 0,0 3,0 0,0 0,0 0,0
LEAF 11,3 0,0 1,0 0,0 1,5 0,0 0,0 0,0 0,0 1,0
LEAF 11,3 0,0 1,0 0,0 1,5 0,0 0,0 0,0 1,0 0,0
LEAF 11,3 0,0 1,0 0,0 1,5 0,0 0,0 1,0 0,0 0,0
LEAF 11,3 0,0 1,0 0,0 1,5 0,0 1,0 0,0 0,0 0,0
LEAF 11,3 0,0 1,0 1,0 0,0 0,0 0,0 0,0 0,0 1,5
LEAF 11,3 0,0 1,0 1,0 0,0 0,0 0,0 0,0 1,0 3,3
LEAF 11,3 0,0 1,0 1,0 0,0 0,0 0,0 0,0 0,1 4,2
LEAF 11,3 0,0 1,0 1,0 0,0 0,0 0,0 0,0 4,2 0,1
LEAF 11,3 0,0 1,0 1,0 0,0 0,0 0,0 0,0 3,3 1,0
LEAF 11,3 0,0 1,0 1,0 0,0 0,0 0,0 0,0 1,5 0,0
LEAF 11,3 0,0 1,0 1,0 0,0 0,0 0,0 1,0 0,0 3,3
LEAF 11,3 0,0 1,0 1,0 0,0 0,0 0,0 0,1 0,0 4,2
LEAF 11,3 0,0 1,0 1,0 0,0 0,0 0,0 4,2 0,0 0,1
LEAF 11,3 0,0 1,0 1,0 0,0 0,0 0,0 3,3 0,0 1,0
LEAF 11,3 0,0 1,0 1,0 0,0 0,0 0,0 3,3 1,0 0,0
LEAF 11,3 0,0 1,0 1,0 0,0 0,0 0,0 1,5 0,0 0,0
LEAF 11,3 0,0 1,0 1,0 0,0 0,0 1,0 0,0 0,0 3,3
LEAF 11,3 0,0 1,0 1,0 0,0 0,0 1,0 3,3 0,0 0,0
LEAF 11,3 0,0 1,0 1,0 0,0 0,0 0,1 0,0 0,0 4,2
LEAF 11,3 0,0 1,0 1,0 0,0 0,0 4,2 0,0 0,0 0,1
LEAF 11,3 0,0 1,0 1,0 0,0 0,0 3,3 0,0 0,0 1,0
LEAF 11,3 0,0 1,0 1,0 0,0 0,0 1,5 0,0 0,0 0,0
LEAF 11,3 0,0 1,0 1,0 0,0 1,0 0,0 0,0 0,0 3,3
LEAF 11,3 0,0 1,0 1,0 0,0 1,0 0,0 0,0 3,3 0,0
LEAF 11,3 0,0 1,0 1,0 0,0 1,0 0,0 3,3 0,0 0,0
LEAF 11,3 0,0 1,0 1,0 0,0 1,0 3,3 0,0 0,0 0,0
LEAF 11,3 0,0 1,0 1,0 0,0 0,1 0,0 0,0 0,0 4,2
LEAF 11,3 0,0 1,0 1,0 0,0 0,1 0,0 0,0 4,2 0,0
LEAF 11,3 0,0 1,0 1,0 0,0 0,1 0,0 4,2 0,0 0,0
LEAF 11,3 0,0 1,0 1,0 0,0 0,1 4,2 0,0 0,0 0,0
LEAF 11,3 0,0 1,0 1,0 0,0 4,2 0,0 0,0 0,0 0,1
LEAF 11,3 0,0 1,0 1,0 0,0 4,2 0,0 0,0 0,1 0,0
LEAF 11,3 0,0 1,0 1,0 0,0 4,2 0,0 0,1 0,0 0,0
LEAF 11,3 0,0 1,0 1,0 0,0 4,2 0,1 0,0 0,0 0,0
LEAF 11,3 0,0 1,0 1,0 0,0 3,3 0,0 0,0 0,0 1,0
LEAF 11,3 0,0 1,0 1,0 0,0 3,3 0,0 0,0 1,0 0,0
LEAF 11,3 0,0 1,0 1,0 0,0 3,3 0,0 1,0 0,0 0,0
LEAF 11,3 0,0 1,0 1,0 0,0 3,3 1,0 0,0 0,0 0,0
LEAF 11,3 0,0 1,0 1,0 0,0 1,5 0,0 0,0 0,0 0,0
LEAF 11,3 0,0 1,0 1,0 1,0 0,0 0,0 0,0 0,0 3,3
LEAF 11,3 0,0 1,0 1,0 1,0 0,0 0,0 3,3 0,0 0,0
LEAF 11,3 0,0 1,0 1,0 1,0 0,0 3,3 0,0 0,0 0,0
LEAF 11,3 0,0 1,0 1,0 0,1 0,0 0,0 0,0 0,0 4,2
LEAF 11,3 0,0 1,0 1,0 0,1 0,0 0,0 4,2 0,0 0,0
LEAF 11,3 0,0 1,0 1,0 0,1 0,0 4,2 0,0 0,0 0,0
LEAF 11,3 0,0 1,0 1,0 4,2 0,0 0,0 0,0 0,0 0,1
LEAF 11,3 0,0 1,0 1,0 4,2 0,0 0,0 0,1 0,0 0,0
LEAF 11,3 0,0 1,0 1,0 4,2 0,0 0,1 0,0 0,0 0,0
LEAF 11,3 0,0 1,0 1,0 3,3 0,0 0,0 0,0 0,0 1,0
LEAF 11,3 0,0 1,0 1,0 3,3 0,0 0,0 0,0 1,0 0,0
LEAF 11,3 0,0 1,0 1,0 3,3 0,0 0,0 1,0 0,0 0,0
LEAF 11,3 0,0 1,0 1,0 3,3 0,0 1,0 0,0 0,0 0,0
LEAF 11,3 0,0 1,0 2,0 0,0 0,0 0,0 0,0 0,0 4,2
LEAF 11,3 0,0 1,0 2,0 0,0 0,0 0,0 2,0 0,0 9,0
LEAF 11,3 0,0 1,0 2,0 0,0 0,0 0,0 4,2 0,0 0,0
LEAF 11,3 0,0 1,0 2,0 0,0 0,0 2,0 0,0 0,0 9,0
LEAF 11,3 0,0 1,0 2,0 0,0 0,0 4,2 0,0 0,0 0,0
LEAF 11,3 0,0 1,0 2,0 2,0 0,0 0,0 0,0 0,0 9,0
LEAF 11,3 0,0 1,0 2,0 4,2 0,0 0,0 0,0 0,0 0,0
LEAF 11,3 0,0 1,0 3,0 0,0 0,0 0,0 0,0 0,0 8,1
LEAF 11,3 0,0 1,0 3,0 0,0 0,0 0,0 0,0 0,0 0,5
LEAF 11,3 0,0 1,0 3,0 0,0 0,0 0,5 0,0 0,0 0,0
LEAF 11,3 0,0 1,0 5,0 0,0 0,0 0,0 0,0 0,0 8,0
LEAF 11,3 0,0 1,0 6,0 0,0 0,0 0,0 0,0 0,0 0,2
LEAF 11,3 0,0 1,0 6,0 0,0 0,0 0,2 0,0 0,0 0,0
LEAF 11,3 0,0 1,0 0,1 0,0 0,0 0,0 0,0 0,0 2,4
LEAF 11,3 0,0 1,0 0,1 0,0 0,0 1,0 0,0 0,0 4,2
LEAF 11,3 0,0 1,0 0,1 0,0 0,0 0,1 0,0 0,0 5,1
LEAF 11,3 0,0 1,0 0,1 0,0 0,0 5,1 0,0 0,0 0,1
LEAF 11,3 0,0 1,0 0,1 0,0 0,0 4,2 0,0 0,0 1,0
LEAF 11,3 0,0 1,0 0,1 0,0 0,0 2,4 0,0 0,0 0,0
LEAF 11,3 0,0 1,0 1,1 0,0 0,0 0,0 0,0 0,0 5,1
LEAF 11,3 0,0 1,0 1,1 0,0 0,0 5,1 0,0 0,0 0,0
LEAF 11,3 0,0 1,0 2,1 0,0 0,0 0,0 0,0 0,0 9,0
LEAF 11,3 0,0 1,0 2,1 0,0 0,0 0,0 0,0 0,0 1,4
LEAF 11,3 0,0 1,0 2,1 0,0 0,0 1,4 0,0 0,0 0,0
LEAF 11,3 0,0 1,0 5,1 0,0 0,0 0,0 0,0 0,0 1,1
LEAF 11,3 0,0 1,0 5,1 0,0 0,0 0,1 0,0 0,0 0,1
LEAF 11,3 0,0 1,0 5,1 0,0 0,0 1,1 0,0 0,0 0,0
LEAF 11,3 0,0 1,0 0,2 0,0 0,0 0,0 0,0 0,0 6,0
LEAF 11,3 0,0 1,0 0,2 0,0 0,0 6,0 0,0 0,0 0,0
LEAF 11,3 0,0 1,0 1,2 0,0 0,0 0,0 0,0 0,0 2,3
LEAF 11,3 0,0 1,0 1,2 0,0 0,0 2,3 0,0 0,0 0,0
LEAF 11,3 0,0 1,0 3,2 0,0 0,0 0,0 0,0 0,0 0,3
LEAF 11,3 0,0 1,0 3,2 0,0 0,0 0,3 0,0 0,0 0,0
LEAF 11,3 0,0 1,0 4,2 0,0 0,0 0,0 0,0 0,0 2,0
LEAF 11,3 0,0 1,0 4,2 0,0 0,0 1,0 0,0 0,0 0,1
LEAF 11,3 0,0 1,0 4,2 0,0 0,0 2,0 0,0 0,0 0,0
LEAF 11,3 0,0 1,0 4,2 0,0 0,0 0,1 0,0 0,0 1,0
LEAF 11,3 0,0 1,0 0,3 0,0 0,0 0,0 0,0 0,0 3,2
LEAF 11,3 0,0 1,0 0,3 0,0 0,0 3,2 0,0 0,0 0,0
LEAF 11,3 0,0 1,0 2,3 0,0 0,0 0,0 0,0 0,0 1,2
LEAF 11,3 0,0 1,0 2,3 0,0 0,0 1,2 0,0 0,0 0,0
LEAF 11,3 0,0 1,0 3,3 0,0 0,0 1,0 0,0 0,0 1,0
LEAF 11,3 0,0 1,0 1,4 0,0 0,0 0,0 0,0 0,0 2,1
LEAF 11,3 0,0 1,0 1,4 0,0 0,0 2,1 0,0 0,0 0,0
LEAF 11,3 0,0 1,0 2,4 0,0 0,0 0,0 0,0 0,0 0,1
LEAF 11,3 0,0 1,0 2,4 0,0 0,0 0,1 0,0 0,0 0,0
LEAF 11,3 0,0 1,0 0,5 0,0 0,0 0,0 0,0 0,0 3,0
LEAF 11,3 0,0 1,0 0,5 0,0 0,0 3,0 0,0 0,0 0,0
LEAF 11,3 0,0 2,0 0,0 0,0 0,0 0,0 0,0 0,0 2,4
LEAF 11,3 0,0 2,0 0,0 0,0 0,0 0,0 0,0 1,0 4,2
LEAF 11,3 0,0 2,0 0,0 0,0 0,0 0,0 0,0 0,1 5,1
LEAF 11,3 0,0 2,0 0,0 0,0 0,0 0,0 0,0 5,1 0,1
LEAF 11,3 0,0 2,0 0,0 0,0 0,0 0,0 0,0 4,2 1,0
LEAF 11,3 0,0 2,0 0,0 0,0 0,0 0,0 0,0 2,4 0,0
LEAF 11,3 0,0 2,0 0,0 0,0 0,0 0,0 1,0 0,0 4,2
LEAF 11,3 0,0 2,0 0,0 0,0 0,0 0,0 1,0 2,0 9,0
LEAF 11,3 0,0 2,0 0,0 0,0 0,0 0,0 2,0 1,0 9,0
LEAF 11,3 0,0 2,0 0,0 0,0 0,0 0,0 0,1 0,0 5,1
LEAF 11,3 0,0 2,0 0,0 0,0 0,0 0,0 5,1 0,0 0,1
LEAF 11,3 0,0 2,0 0,0 0,0 0,0 0,0 4,2 0,0 1,0
LEAF 11,3 0,0 2,0 0,0 0,0 0,0 0,0 4,2 1,0 0,0
LEAF 11,3 0,0 2,0 0,0 0,0 0,0 0,0 2,4 0,0 0,0
LEAF 11,3 0,0 2,0 0,0 0,0 0,0 1,0 0,0 0,0 4,2
LEAF 11,3 0,0 2,0 0,0 0,0 0,0 1,0 0,0 2,0 9,0
LEAF 11,3 0,0 2,0 0,0 0,0 0,0 1,0 2,0 0,0 9,0
LEAF 11,3 0,0 2,0 0,0 0,0 0,0 1,0 4,2 0,0 0,0
LEAF 11,3 0,0 2,0 0,0 0,0 0,0 2,0 1,0 0,0 9,0
LEAF 11,3 0,0 2,0 0,0 0,0 0,0 0,1 0,0 0,0 5,1
LEAF 11,3 0,0 2,0 0,0 0,0 0,0 5,1 0,0 0,0 0,1
LEAF 11,3 0,0 2,0 0,0 0,0 0,0 4,2 0,0 0,0 1,0
LEAF 11,3 0,0 2,0 0,0 0,0 0,0 2,4 0,0 0,0 0,0
LEAF 11,3 0,0 2,0 0,0 0,0 1,0 0,0 0,0 0,0 4,2
LEAF 11,3 0,0 2,0 0,0 0,0 1,0 0,0 0,0 2,0 9,0
LEAF 11,3 0,0 2,0 0,0 0,0 1,0 0,0 0,0 4,2 0,0
LEAF 11,3 0,0 2,0 0,0 0,0 1,0 0,0 2,0 0,0 9,0
LEAF 11,3 0,0 2,0 0,0 0,0 1,0 0,0 4,2 0,0 0,0
LEAF 11,3 0,0 2,0 0,0 0,0 1,0 2,0 0,0 0,0 9,0
LEAF 11,3 0,0 2,0 0,0 0,0 1,0 4,2 0,0 0,0 0,0
LEAF 11,3 0,0 2,0 0,0 0,0 2,0 0,0 0,0 1,0 9,0
LEAF 11,3 0,0 2,0 0,0 0,0 2,0 0,0 1,0 0,0 9,0
LEAF 11,3 0,0 2,0 0,0 0,0 2,0 1,0 0,0 0,0 9,0
LEAF 11,3 0,0 2,0 0,0 0,0 0,1 0,0 0,0 0,0 5,1
LEAF 11,3 0,0 2,0 0,0 0,0 0,1 0,0 0,0 5,1 0,0
LEAF 11,3 0,0 2,0 0,0 0,0 0,1 0,0 5,1 0,0 0,0
LEAF 11,3 0,0 2,0 0,0 0,0 0,1 5,1 0,0 0,0 0,0
LEAF 11,3 0,0 2,0 0,0 0,0 5,1 0,0 0,0 0,0 0,1
LEAF 11,3 0,0 2,0 0,0 0,0 5,1 0,0 0,0 0,1 0,0
LEAF 11,3 0,0 2,0 0,0 0,0 5,1 0,0 0,1 0,0 0,0
LEAF 11,3 0,0 2,0 0,0 0,0 5,1 0,1 0,0 0,0 0,0
LEAF 11,3 0,0 2,0 0,0 0,0 4,2 0,0 0,0 0,0 1,0
LEAF 11,3 0,0 2,0 0,0 0,0 4,2 0,0 0,0 1,0 0,0
LEAF 11,3 0,0 2,0 0,0 0,0 4,2 0,0 1,0 0,0 0,0
LEAF 11,3 0,0 2,0 0,0 0,0 4,2 1,0 0,0 0,0 0,0
LEAF 11,3 0,0 2,0 0,0 0,0 2,4 0,0 0,0 0,0 0,0
LEAF 11,3 0,0 2,0 0,0 1,0 0,0 0,0 0,0 0,0 4,2
LEAF 11,3 0,0 2,0 0,0 1,0 0,0 0,0 0,0 2,0 9,0
LEAF 11,3 0,0 2,0 0,0 1,0 0,0 0,0 2,0 0,0 9,0
LEAF 11,3 0,0 2,0 0,0 1,0 0,0 0,0 4,2 0,0 0,0
LEAF 11,3 0,0 2,0 0,0 1,0 0,0 2,0 0,0 0,0 9,0
LEAF 11,3 0,0 2,0 0,0 1,0 0,0 4,2 0,0 0,0 0,0
LEAF 11,3 0,0 2,0 0,0 1,0 2,0 0,0 0,0 0,0 9,0
LEAF 11,3 0,0 2,0 0,0 2,0 0,0 0,0 0,0 1,0 9,0
LEAF 11,3 0,0 2,0 0,0 2,0 0,0 0,0 1,0 0,0 9,0
LEAF 11,3 0,0 2,0 0,0 2,0 0,0 1,0 0,0 0,0 9,0
LEAF 11,3 0,0 2,0 0,0 2,0 1,0 0,0 0,0 0,0 9,0
LEAF 11,3 0,0 2,0 0,0 0,1 0,0 0,0 0,0 0,0 5,1
LEAF 11,3 0,0 2,0 0,0 0,1 0,0 0,0 5,1 0,0 0,0
LEAF 11,3 0,0 2,0 0,0 0,1 0,0 5,1 0,0 0,0 0,0
LEAF 11,3 0,0 2,0 0,0 5,1 0,0 0,0 0,0 0,0 0,1
LEAF 11,3 0,0 2,0 0,0 5,1 0,0 0,0 0,1 0,0 0,0
LEAF 11,3 0,0 2,0 0,0 5,1 0,0 0,1 0,0 0,0 0,0
LEAF 11,3 0,0 2,0 0,0 4,2 0,0 0,0 0,0 0,0 1,0
LEAF 11,3 0,0 2,0 0,0 4,2 0,0 0,0 0,0 1,0 0,0
LEAF 11,3 0,0 2,0 0,0 4,2 0,0 0,0 1,0 0,0 0,0
LEAF 11,3 0,0 2,0 0,0 4,2 0,0 1,0 0,0 0,0 0,0
LEAF 11,3 0,0 2,0 0,0 4,2 1,0 0,0 0,0 0,0 0,0
LEAF 11,3 0,0 2,0 0,0 2,4 0,0 0,0 0,0 0,0 0,0
LEAF 11,3 0,0 2,0 1,0 0,0 0,0 0,0 0,0 0,0 4,2
LEAF 11,3 0,0 2,0 1,0 0,0 0,0 0,0 0,0 2,0 9,0
LEAF 11,3 0,0 2,0 1,0 0,0 0,0 0,0 2,0 0,0 9,0
LEAF 11,3 0,0 2,0 1,0 0,0 0,0 0,0 4,2 0,0 0,0
LEAF 11,3 0,0 2,0 1,0 0,0 0,0 2,0 0,0 0,0 9,0
LEAF 11,3 0,0 2,0 1,0 0,0 0,0 4,2 0,0 0,0 0,0
LEAF 11,3 0,0 2,0 1,0 0,0 2,0 0,0 0,0 0,0 9,0
LEAF 11,3 0,0 2,0 1,0 2,0 0,0 0,0 0,0 0,0 9,0
LEAF 11,3 0,0 2,0 1,0 4,2 0,0 0,0 0,0 0,0 0,0
LEAF 11,3 0,0 2,0 2,0 0,0 0,0 0,0 1,0 0,0 9,0
LEAF 11,3 0,0 2,0 2,0 0,0 0,0 1,0 0,0 0,0 9,0
LEAF 11,3 0,0 2,0 2,0 1,0 0,0 0,0 0,0 0,0 9,0
LEAF 11,3 0,0 2,0 0,1 0,0 0,0 0,0 0,0 0,0 5,1
LEAF 11,3 0,0 2,0 0,1 0,0 0,0 5,1 0,0 0,0 0,0
LEAF 11,3 0,0 2,0 5,1 0,0 0,0 0,0 0,0 0,0 0,1
LEAF 11,3 0,0 2,0 5,1 0,0 0,0 0,1 0,0 0,0 0,0
LEAF 11,3 0,0 2,0 4,2 0,0 0,0 0,0 0,0 0,0 1,0
LEAF 11,3 0,0 2,0 4,2 0,0 0,0 1,0 0,0 0,0 0,0
LEAF 11,3 0,0 3,0 0,0 0,0 0,0 0,0 0,0 0,0 6,0
LEAF 11,3 0,0 3,0 0,0 0,0 0,0 0,0 0,0 1,0 8,1
LEAF 11,3 0,0 3,0 0,0 0,0 0,0 0,0 0,0 1,0 0,5
LEAF 11,3 0,0 3,0 0,0 0,0 0,0 0,0 0,0 6,0 0,0
LEAF 11,3 0,0 3,0 0,0 0,0 0,0 0,0 0,0 0,1 9,0
LEAF 11,3 0,0 3,0 0,0 0,0 0,0 0,0 0,0 0,1 1,4
LEAF 11,3 0,0 3,0 0,0 0,0 0,0 0,0 0,0 1,4 0,1
LEAF 11,3 0,0 3,0 0,0 0,0 0,0 0,0 0,0 0,5 1,0
LEAF 11,3 0,0 3,0 0,0 0,0 0,0 0,0 1,0 0,0 8,1
LEAF 11,3 0,0 3,0 0,0 0,0 0,0 0,0 1,0 0,0 0,5
LEAF 11,3 0,0 3,0 0,0 0,0 0,0 0,0 6,0 0,0 0,0
LEAF 11,3 0,0 3,0 0,0 0,0 0,0 0,0 0,1 0,0 9,0
LEAF 11,3 0,0 3,0 0,0 0,0 0,0 0,0 0,1 0,0 1,4
LEAF 11,3 0,0 3,0 0,0 0,0 0,0 0,0 1,4 0,0 0,1
LEAF 11,3 0,0 3,0 0,0 0,0 0,0 0,0 0,5 0,0 1,0
LEAF 11,3 0,0 3,0 0,0 0,0 0,0 0,0 0,5 1,0 0,0
LEAF 11,3 0,0 3,0 0,0 0,0 0,0 1,0 0,0 0,0 8,1
LEAF 11,3 0,0 3,0 0,0 0,0 0,0 1,0 0,0 0,0 0,5
LEAF 11,3 0,0 3,0 0,0 0,0 0,0 1,0 0,5 0,0 0,0
LEAF 11,3 0,0 3,0 0,0 0,0 0,0 6,0 0,0 0,0 0,0
LEAF 11,3 0,0 3,0 0,0 0,0 0,0 0,1 0,0 0,0 9,0
LEAF 11,3 0,0 3,0 0,0 0,0 0,0 0,1 0,0 0,0 1,4
LEAF 11,3 0,0 3,0 0,0 0,0 0,0 1,4 0,0 0,0 0,1
LEAF 11,3 0,0 3,0 0,0 0,0 0,0 0,5 0,0 0,0 1,0
LEAF 11,3 0,0 3,0 0,0 0,0 1,0 0,0 0,0 0,0 8,1
LEAF 11,3 0,0 3,0 0,0 0,0 1,0 0,0 0,0 0,0 0,5
LEAF 11,3 0,0 3,0 0,0 0,0 1,0 0,0 0,0 0,5 0,0
LEAF 11,3 0,0 3,0 0,0 0,0 1,0 0,0 0,5 0,0 0,0
LEAF 11,3 0,0 3,0 0,0 0,0 1,0 0,5 0,0 0,0 0,0
LEAF 11,3 0,0 3,0 0,0 0,0 6,0 0,0 0,0 0,0 0,0
LEAF 11,3 0,0 3,0 0,0 0,0 0,1 0,0 0,0 0,0 9,0
LEAF 11,3 0,0 3,0 0,0 0,0 0,1 0,0 0,0 0,0 1,4
LEAF 11,3 0,0 3,0 0,0 0,0 0,1 0,0 0,0 1,4 0,0
LEAF 11,3 0,0 3,0 0,0 0,0 0,1 0,0 1,4 0,0 0,0
LEAF 11,3 0,0 3,0 0,0 0,0 0,1 1,4 0,0 0,0 0,0
LEAF 11,3 0,0 3,0 0,0 0,0 1,4 0,0 0,0 0,0 0,1
LEAF 11,3 0,0 3,0 0,0 0,0 1,4 0,0 0,0 0,1 0,0
LEAF 11,3 0,0 3,0 0,0 0,0 1,4 0,0 0,1 0,0 0,0
LEAF 11,3 0,0 3,0 0,0 0,0 1,4 0,1 0,0 0,0 0,0
LEAF 11,3 0,0 3,0 0,0 0,0 0,5 0,0 0,0 0,0 1,0
LEAF 11,3 0,0 3,0 0,0 0,0 0,5 0,0 0,0 1,0 0,0
LEAF 11,3 0,0 3,0 0,0 0,0 0,5 0,0 1,0 0,0 0,0
LEAF 11,3 0,0 3,0 0,0 0,0 0,5 1,0 0,0 0,0 0,0
LEAF 11,3 0,0 3,0 0,0 1,0 0,0 0,0 0,0 0,0 8,1
LEAF 11,3 0,0 3,0 0,0 1,0 0,0 0,0 0,0 0,0 0,5
LEAF 11,3 0,0 3,0 0,0 1,0 0,0 0,0 0,5 0,0 0,0
LEAF 11,3 0,0 3,0 0,0 1,0 0,0 0,5 0,0 0,0 0,0
LEAF 11,3 0,0 3,0 0,0 6,0 0,0 0,0 0,0 0,0 0,0
LEAF 11,3 0,0 3,0 0,0 0,1 0,0 0,0 0,0 0,0 9,0
LEAF 11,3 0,0 3,0 0,0 0,1 0,0 0,0 0,0 0,0 1,4
LEAF 11,3 0,0 3,0 0,0 0,1 0,0 0,0 1,4 0,0 0,0
LEAF 11,3 0,0 3,0 0,0 0,1 0,0 1,4 0,0 0,0 0,0
LEAF 11,3 0,0 3,0 0,0 1,4 0,0 0,0 0,0 0,0 0,1
LEAF 11,3 0,0 3,0 0,0 1,4 0,0 0,0 0,1 0,0 0,0
LEAF 11,3 0,0 3,0 0,0 1,4 0,0 0,1 0,0 0,0 0,0
LEAF 11,3 0,0 3,0 0,0 0,5 0,0 0,0 0,0 0,0 1,0
LEAF 11,3 0,0 3,0 0,0 0,5 0,0 0,0 0,0 1,0 0,0
LEAF 11,3 0,0 3,0 0,0 0,5 0,0 0,0 1,0 0,0 0,0
LEAF 11,3 0,0 3,0 0,0 0,5 0,0 1,0 0,0 0,0 0,0
LEAF 11,3 0,0 3,0 0,0 0,5 1,0 0,0 0,0 0,0 0,0
LEAF 11,3 0,0 3,0 1,0 0,0 0,0 0,0 0,0 0,0 8,1
LEAF 11,3 0,0 3,0 1,0 0,0 0,0 0,0 0,0 0,0 0,5
LEAF 11,3 0,0 3,0 1,0 0,0 0,0 0,0 0,5 0,0 0,0
LEAF 11,3 0,0 3,0 1,0 0,0 0,0 0,5 0,0 0,0 0,0
LEAF 11,3 0,0 3,0 1,0 0,5 0,0 0,0 0,0 0,0 0,0
LEAF 11,3 0,0 3,0 6,0 0,0 0,0 0,0 0,0 0,0 0,0
LEAF 11,3 0,0 3,0 0,1 0,0 0,0 0,0 0,0 0,0 9,0
LEAF 11,3 0,0 3,0 0,1 0,0 0,0 0,0 0,0 0,0 1,4
LEAF 11,3 0,0 3,0 0,1 0,0 0,0 1,4 0,0 0,0 0,0
LEAF 11,3 0,0 3,0 1,4 0,0 0,0 0,0 0,0 0,0 0,1
LEAF 11,3 0,0 3,0 1,4 0,0 0,0 0,1 0,0 0,0 0,0
LEAF 11,3 0,0 3,0 0,5 0,0 0,0 0,0 0,0 0,0 1,0
LEAF 11,3 0,0 3,0 0,5 0,0 0,0 1,0 0,0 0,0 0,0
LEAF 11,3 0,0 4,0 0,0 0,0 0,0 0,0 0,0 0,0 3,2
LEAF 11,3 0,0 4,0 0,0 0,0 0,0 0,0 0,0 3,2 0,0
LEAF 11,3 0,0 4,0 0,0 0,0 0,0 0,0 3,2 0,0 0,0
LEAF 11,3 0,0 4,0 0,0 0,0 0,0 3,2 0,0 0,0 0,0
LEAF 11,3 0,0 4,0 0,0 0,0 3,2 0,0 0,0 0,0 0,0
LEAF 11,3 0,0 4,0 0,0 3,2 0,0 0,0 0,0 0,0 0,0
LEAF 11,3 0,0 4,0 3,2 0,0 0,0 0,0 0,0 0,0 0,0
LEAF 11,3 0,0 5,0 0,0 0,0 0,0 0,0 0,0 0,0 2,2
LEAF 11,3 0,0 5,0 0,0 0,0 0,0 0,0 0,0 1,0 8,0
LEAF 11,3 0,0 5,0 0,0 0,0 0,0 0,0 0,0 2,2 0,0
LEAF 11,3 0,0 5,0 0,0 0,0 0,0 0,0 1,0 0,0 8,0
LEAF 11,3 0,0 5,0 0,0 0,0 0,0 0,0 2,2 0,0 0,0
LEAF 11,3 0,0 5,0 0,0 0,0 0,0 1,0 0,0 0,0 8,0
LEAF 11,3 0,0 5,0 0,0 0,0 0,0 2,2 0,0 0,0 0,0
LEAF 11,3 0,0 5,0 0,0 0,0 1,0 0,0 0,0 0,0 8,0
LEAF 11,3 0,0 5,0 0,0 0,0 2,2 0,0 0,0 0,0 0,0
LEAF 11,3 0,0 5,0 0,0 1,0 0,0 0,0 0,0 0,0 8,0
LEAF 11,3 0,0 5,0 0,0 2,2 0,0 0,0 0,0 0,0 0,0
LEAF 11,3 0,0 5,0 1,0 0,0 0,0 0,0 0,0 0,0 8,0
LEAF 11,3 0,0 5,0 2,2 0,0 0,0 0,0 0,0 0,0 0,0
LEAF 11,3 0,0 6,0 0,0 0,0 0,0 0,0 0,0 0,0 3,0
LEAF 11,3 0,0 6,0 0,0 0,0 0,0 0,0 0,0 1,0 0,2
LEAF 11,3 0,0 6,0 0,0 0,0 0,0 0,0 0,0 3,0 0,0
LEAF 11,3 0,0 6,0 0,0 0,0 0,0 0,0 0,0 0,1 1,1
LEAF 11,3 0,0 6,0 0,0 0,0 0,0 0,0 0,0 1,1 0,1
LEAF 11,3 0,0 6,0 0,0 0,0 0,0 0,0 0,0 0,2 1,0
LEAF 11,3 0,0 6,0 0,0 0,0 0,0 0,0 1,0 0,0 0,2
LEAF 11,3 0,0 6,0 0,0 0,0 0,0 0,0 3,0 0,0 0,0
LEAF 11,3 0,0 6,0 0,0 0,0 0,0 0,0 0,1 0,0 1,1
LEAF 11,3 0,0 6,0 0,0 0,0 0,0 0,0 1,1 0,0 0,1
LEAF 11,3 0,0 6,0 0,0 0,0 0,0 0,0 0,2 0,0 1,0
LEAF 11,3 0,0 6,0 0,0 0,0 0,0 0,0 0,2 1,0 0,0
LEAF 11,3 0,0 6,0 0,0 0,0 0,0 1,0 0,0 0,0 0,2
LEAF 11,3 0,0 6,0 0,0 0,0 0,0 1,0 0,2 0,0 0,0
LEAF 11,3 0,0 6,0 0,0 0,0 0,0 3,0 0,0 0,0 0,0
LEAF 11,3 0,0 6,0 0,0 0,0 0,0 0,1 0,0 0,0 1,1
LEAF 11,3 0,0 6,0 0,0 0,0 0,0 1,1 0,0 0,0 0,1
LEAF 11,3 0,0 6,0 0,0 0,0 0,0 0,2 0,0 0,0 1,0
LEAF 11,3 0,0 6,0 0,0 0,0 1,0 0,0 0,0 0,0 0,2
LEAF 11,3 0,0 6,0 0,0 0,0 1,0 0,0 0,0 0,2 0,0
LEAF 11,3 0,0 6,0 0,0 0,0 1,0 0,0 0,2 0,0 0,0
LEAF 11,3 0,0 6,0 0,0 0,0 1,0 0,2 0,0 0,0 0,0
LEAF 11,3 0,0 6,0 0,0 0,0 3,0 0,0 0,0 0,0 0,0
LEAF 11,3 0,0 6,0 0,0 0,0 0,1 0,0 0,0 0,0 1,1
LEAF 11,3 0,0 6,0 0,0 0,0 0,1 0,0 0,0 0,1 0,1
LEAF 11,3 0,0 6,0 0,0 0,0 0,1 0,0 0,0 1,1 0,0
LEAF 11,3 0,0 6,0 0,0 0,0 0,1 0,0 0,1 0,0 0,1
LEAF 11,3 0,0 6,0 0,0 0,0 0,1 0,0 1,1 0,0 0,0
LEAF 11,3 0,0 6,0 0,0 0,0 0,1 0,1 0,0 0,0 0,1
LEAF 11,3 0,0 6,0 0,0 0,0 0,1 1,1 0,0 0,0 0,0
LEAF 11,3 0,0 6,0 0,0 0,0 1,1 0,0 0,0 0,0 0,1
LEAF 11,3 0,0 6,0 0,0 0,0 1,1 0,0 0,0 0,1 0,0
LEAF 11,3 0,0 6,0 0,0 0,0 1,1 0,0 0,1 0,0 0,0
LEAF 11,3 0,0 6,0 0,0 0,0 1,1 0,1 0,0 0,0 0,0
LEAF 11,3 0,0 6,0 0,0 0,0 0,2 0,0 0,0 0,0 1,0
LEAF 11,3 0,0 6,0 0,0 0,0 0,2 0,0 0,0 1,0 0,0
LEAF 11,3 0,0 6,0 0,0 0,0 0,2 0,0 1,0 0,0 0,0
LEAF 11,3 0,0 6,0 0,0 0,0 0,2 1,0 0,0 0,0 0,0
LEAF 11,3 0,0 6,0 0,0 1,0 0,0 0,0 0,0 0,0 0,2
LEAF 11,3 0,0 6,0 0,0 1,0 0,0 0,0 0,2 0,0 0,0
LEAF 11,3 0,0 6,0 0,0 1,0 0,0 0,2 0,0 0,0 0,0
LEAF 11,3 0,0 6,0 0,0 3,0 0,0 0,0 0,0 0,0 0,0
LEAF 11,3 0,0 6,0 0,0 0,1 0,0 0,0 0,0 0,0 1,1
LEAF 11,3 0,0 6,0 0,0 0,1 0,0 0,0 0,1 0,0 0,1
LEAF 11,3 0,0 6,0 0,0 0,1 0,0 0,0 1,1 0,0 0,0
LEAF 11,3 0,0 6,0 0,0 0,1 0,0 0,1 0,0 0,0 0,1
LEAF 11,3 0,0 6,0 0,0 0,1 0,0 1,1 0,0 0,0 0,0
LEAF 11,3 0,0 6,0 0,0 1,1 0,0 0,0 0,0 0,0 0,1
LEAF 11,3 0,0 6,0 0,0 1,1 0,0 0,0 0,1 0,0 0,0
LEAF 11,3 0,0 6,0 0,0 1,1 0,0 0,1 0,0 0,0 0,0
LEAF 11,3 0,0 6,0 0,0 0,2 0,0 0,0 0,0 0,0 1,0
LEAF 11,3 0,0 6,0 0,0 0,2 0,0 0,0 0,0 1,0 0,0
LEAF 11,3 0,0 6,0 0,0 0,2 0,0 0,0 1,0 0,0 0,0
LEAF 11,3 0,0 6,0 0,0 0,2 0,0 1,0 0,0 0,0 0,0
LEAF 11,3 0,0 6,0 0,0 0,2 1,0 0,0 0,0 0,0 0,0
LEAF 11,3 0,0 6,0 1,0 0,0 0,0 0,0 0,0 0,0 0,2
LEAF 11,3 0,0 6,0 1,0 0,0 0,0 0,0 0,2 0,0 0,0
LEAF 11,3 0,0 6,0 1,0 0,0 0,0 0,2 0,0 0,0 0,0
LEAF 11,3 0,0 6,0 1,0 0,2 0,0 0,0 0,0 0,0 0,0
LEAF 11,3 0,0 6,0 3,0 0,0 0,0 0,0 0,0 0,0 0,0
LEAF 11,3 0,0 6,0 0,1 0,0 0,0 0,0 0,0 0,0 1,1
LEAF 11,3 0,0 6,0 0,1 0,0 0,0 0,1 0,0 0,0 0,1
LEAF 11,3 0,0 6,0 0,1 0,0 0,0 1,1 0,0 0,0 0,0
LEAF 11,3 0,0 6,0 1,1 0,0 0,0 0,0 0,0 0,0 0,1
LEAF 11,3 0,0 6,0 1,1 0,0 0,0 0,1 0,0 0,0 0,0
LEAF 11,3 0,0 6,0 0,2 0,0 0,0 0,0 0,0 0,0 1,0
LEAF 11,3 0,0 6,0 0,2 0,0 0,0 1,0 0,0 0,0 0,0
LEAF 11,3 0,0 0,1 0,0 0,0 0,0 0,0 0,0 0,0 6,3
LEAF 11,3 0,0 0,1 0,0 0,0 0,0 0,0 0,0 0,0 0,6
LEAF 11,3 0,0 0,1 0,0 0,0 0,0 0,0 0,0 1,0 2,4
LEAF 11,3 0,0 0,1 0,0 0,0 0,0 0,0 0,0 2,0 5,1
LEAF 11,3 0,0 0,1 0,0 0,0 0,0 0,0 0,0 3,0 9,0
LEAF 11,3 0,0 0,1 0,0 0,0 0,0 0,0 0,0 3,0 1,4
LEAF 11,3 0,0 0,1 0,0 0,0 0,0 0,0 0,0 6,0 1,1
LEAF 11,3 0,0 0,1 0,0 0,0 0,0 0,0 0,0 0,1 3,3
LEAF 11,3 0,0 0,1 0,0 0,0 0,0 0,0 0,0 1,1 6,0
LEAF 11,3 0,0 0,1 0,0 0,0 0,0 0,0 0,0 2,1 2,3
LEAF 11,3 0,0 0,1 0,0 0,0 0,0 0,0 0,0 4,1 0,3
LEAF 11,3 0,0 0,1 0,0 0,0 0,0 0,0 0,0 5,1 2,0
LEAF 11,3 0,0 0,1 0,0 0,0 0,0 0,0 0,0 1,2 3,2
LEAF 11,3 0,0 0,1 0,0 0,0 0,0 0,0 0,0 3,2 1,2
LEAF 11,3 0,0 0,1 0,0 0,0 0,0 0,0 0,0 0,3 4,1
LEAF 11,3 0,0 0,1 0,0 0,0 0,0 0,0 0,0 2,3 2,1
LEAF 11,3 0,0 0,1 0,0 0,0 0,0 0,0 0,0 3,3 0,1
LEAF 11,3 0,0 0,1 0,0 0,0 0,0 0,0 0,0 1,4 3,0
LEAF 11,3 0,0 0,1 0,0 0,0 0,0 0,0 0,0 2,4 1,0
LEAF 11,3 0,0 0,1 0,0 0,0 0,0 0,0 0,0 0,6 0,0
LEAF 11,3 0,0 0,1 0,0 0,0 0,0 0,0 1,0 0,0 2,4
LEAF 11,3 0,0 0,1 0,0 0,0 0,0 0,0 1,0 1,0 4,2
LEAF 11,3 0,0 0,1 0,0 0,0 0,0 0,0 2,0 0,0 5,1
LEAF 11,3 0,0 0,1 0,0 0,0 0,0 0,0 3,0 0,0 9,0
LEAF 11,3 0,0 0,1 0,0 0,0 0,0 0,0 3,0 0,0 1,4
LEAF 11,3 0,0 0,1 0,0 0,0 0,0 0,0 6,0 0,0 1,1
LEAF 11,3 0,0 0,1 0,0 0,0 0,0 0,0 0,1 0,0 3,3
LEAF 11,3 0,0 0,1 0,0 0,0 0,0 0,0 0,1 1,0 5,1
LEAF 11,3 0,0 0,1 0,0 0,0 0,0 0,0 1,1 0,0 6,0
LEAF 11,3 0,0 0,1 0,0 0,0 0,0 0,0 2,1 0,0 2,3
LEAF 11,3 0,0 0,1 0,0 0,0 0,0 0,0 4,1 0,0 0,3
LEAF 11,3 0,0 0,1 0,0 0,0 0,0 0,0 5,1 0,0 2,0
LEAF 11,3 0,0 0,1 0,0 0,0 0,0 0,0 5,1 1,0 0,1
LEAF 11,3 0,0 0,1 0,0 0,0 0,0 0,0 1,2 0,0 3,2
LEAF 11,3 0,0 0,1 0,0 0,0 0,0 0,0 3,2 0,0 1,2
LEAF 11,3 0,0 0,1 0,0 0,0 0,0 0,0 4,2 1,0 1,0
LEAF 11,3 0,0 0,1 0,0 0,0 0,0 0,0 0,3 0,0 4,1
LEAF 11,3 0,0 0,1 0,0 0,0 0,0 0,0 2,3 0,0 2,1
LEAF 11,3 0,0 0,1 0,0 0,0 0,0 0,0 3,3 0,0 0,1
LEAF 11,3 0,0 0,1 0,0 0,0 0,0 0,0 1,4 0,0 3,0
LEAF 11,3 0,0 0,1 0,0 0,0 0,0 0,0 2,4 0,0 1,0
LEAF 11,3 0,0 0,1 0,0 0,0 0,0 0,0 2,4 1,0 0,0
LEAF 11,3 0,0 0,1 0,0 0,0 0,0 0,0 0,6 0,0 0,0
LEAF 11,3 0,0 0,1 0,0 0,0 0,0 1,0 0,0 0,0 2,4
LEAF 11,3 0,0 0,1 0,0 0,0 0,0 1,0 0,0 1,0 4,2
LEAF 11,3 0,0 0,1 0,0 0,0 0,0 1,0 1,0 0,0 4,2
LEAF 11,3 0,0 0,1 0,0 0,0 0,0 1,0 0,1 0,0 5,1
LEAF 11,3 0,0 0,1 0,0 0,0 0,0 1,0 5,1 0,0 0,1
LEAF 11,3 0,0 0,1 0,0 0,0 0,0 1,0 4,2 0,0 1,0
LEAF 11,3 0,0 0,1 0,0 0,0 0,0 1,0 4,2 1,0 0,0
LEAF 11,3 0,0 0,1 0,0 0,0 0,0 1,0 2,4 0,0 0,0
LEAF 11,3 0,0 0,1 0,0 0,0 0,0 2,0 0,0 0,0 5,1
LEAF 11,3 0,0 0,1 0,0 0,0 0,0 3,0 0,0 0,0 9,0
LEAF 11,3 0,0 0,1 0,0 0,0 0,0 3,0 0,0 0,0 1,4
LEAF 11,3 0,0 0,1 0,0 0,0 0,0 6,0 0,0 0,0 1,1
LEAF 11,3 0,0 0,1 0,0 0,0 0,0 0,1 0,0 0,0 3,3
LEAF 11,3 0,0 0,1 0,0 0,0 0,0 1,1 0,0 0,0 6,0
LEAF 11,3 0,0 0,1 0,0 0,0 0,0 2,1 0,0 0,0 2,3
LEAF 11,3 0,0 0,1 0,0 0,0 0,0 4,1 0,0 0,0 0,3
LEAF 11,3 0,0 0,1 0,0 0,0 0,0 5,1 0,0 0,0 2,0
LEAF 11,3 0,0 0,1 0,0 0,0 0,0 1,2 0,0 0,0 3,2
LEAF 11,3 0,0 0,1 0,0 0,0 0,0 3,2 0,0 0,0 1,2
LEAF 11,3 0,0 0,1 0,0 0,0 0,0 0,3 0,0 0,0 4,1
LEAF 11,3 0,0 0,1 0,0 0,0 0,0 2,3 0,0 0,0 2,1
LEAF 11,3 0,0 0,1 0,0 0,0 0,0 3,3 0,0 0,0 0,1
LEAF 11,3 0,0 0,1 0,0 0,0 0,0 1,4 0,0 0,0 3,0
LEAF 11,3 0,0 0,1 0,0 0,0 0,0 2,4 0,0 0,0 1,0
LEAF 11,3 0,0 0,1 0,0 0,0 1,0 0,0 0,0 0,0 2,4
LEAF 11,3 0,0 0,1 0,0 0,0 1,0 0,0 0,0 1,0 4,2
LEAF 11,3 0,0 0,1 0,0 0,0 1,0 0,0 0,0 0,1 5,1
LEAF 11,3 0,0 0,1 0,0 0,0 1,0 0,0 0,0 5,1 0,1
LEAF 11,3 0,0 0,1 0,0 0,0 1,0 0,0 0,0 4,2 1,0
LEAF 11,3 0,0 0,1 0,0 0,0 1,0 0,0 0,0 2,4 0,0
LEAF 11,3 0,0 0,1 0,0 0,0 1,0 0,0 1,0 0,0 4,2
LEAF 11,3 0,0 0,1 0,0 0,0 1,0 0,0 0,1 0,0 5,1
LEAF 11,3 0,0 0,1 0,0 0,0 1,0 0,0 5,1 0,0 0,1
LEAF 11,3 0,0 0,1 0,0 0,0 1,0 0,0 4,2 0,0 1,0
LEAF 11,3 0,0 0,1 0,0 0,0 1,0 0,0 4,2 1,0 0,0
LEAF 11,3 0,0 0,1 0,0 0,0 1,0 0,0 2,4 0,0 0,0
LEAF 11,3 0,0 0,1 0,0 0,0 1,0 1,0 0,0 0,0 4,2
LEAF 11,3 0,0 0,1 0,0 0,0 1,0 1,0 4,2 0,0 0,0
LEAF 11,3 0,0 0,1 0,0 0,0 1,0 0,1 0,0 0,0 5,1
LEAF 11,3 0,0 0,1 0,0 0,0 1,0 5,1 0,0 0,0 0,1
LEAF 11,3 0,0 0,1 0,0 0,0 1,0 4,2 0,0 0,0 1,0
LEAF 11,3 0,0 0,1 0,0 0,0 1,0 2,4 0,0 0,0 0,0
LEAF 11,3 0,0 0,1 0,0 0,0 2,0 0,0 0,0 0,0 5,1
LEAF 11,3 0,0 0,1 0,0 0,0 2,0 0,0 0,0 5,1 0,0
LEAF 11,3 0,0 0,1 0,0 0,0 2,0 0,0 5,1 0,0 0,0
LEAF 11,3 0,0 0,1 0,0 0,0 2,0 5,1 0,0 0,0 0,0
LEAF 11,3 0,0 0,1 0,0 0,0 3,0 0,0 0,0 0,0 9,0
LEAF 11,3 0,0 0,1 0,0 0,0 3,0 0,0 0,0 0,0 1,4
LEAF 11,3 0,0 0,1 0,0 0,0 3,0 0,0 0,0 1,4 0,0
LEAF 11,3 0,0 0,1 0,0 0,0 3,0 0,0 1,4 0,0 0,0
LEAF 11,3 0,0 0,1 0,0 0,0 3,0 1,4 0,0 0,0 0,0
LEAF 11,3 0,0 0,1 0,0 0,0 6,0 0,0 0,0 0,0 1,1
LEAF 11,3 0,0 0,1 0,0 0,0 6,0 0,0 0,0 0,1 0,1
LEAF 11,3 0,0 0,1 0,0 0,0 6,0 0,0 0,0 1,1 0,0
LEAF 11,3 0,0 0,1 0,0 0,0 6,0 0,0 0,1 0,0 0,1
LEAF 11,3 0,0 0,1 0,0 0,0 6,0 0,0 1,1 0,0 0,0
LEAF 11,3 0,0 0,1 0,0 0,0 6,0 0,1 0,0 0,0 0,1
LEAF 11,3 0,0 0,1 0,0 0,0 6,0 1,1 0,0 0,0 0,0
LEAF 11,3 0,0 0,1 0,0 0,0 0,1 0,0 0,0 0,0 3,3
LEAF 11,3 0,0 0,1 0,0 0,0 0,1 0,0 0,0 1,0 5,1
LEAF 11,3 0,0 0,1 0,0 0,0 0,1 0,0 0,0 6,0 0,1
LEAF 11,3 0,0 0,1 0,0 0,0 0,1 0,0 0,0 0,1 6,0
LEAF 11,3 0,0 0,1 0,0 0,0 0,1 0,0 0,0 5,1 1,0
LEAF 11,3 0,0 0,1 0,0 0,0 0,1 0,0 0,0 3,3 0,0
LEAF 11,3 0,0 0,1 0,0 0,0 0,1 0,0 1,0 0,0 5,1
LEAF 11,3 0,0 0,1 0,0 0,0 0,1 0,0 6,0 0,0 0,1
LEAF 11,3 0,0 0,1 0,0 0,0 0,1 0,0 0,1 0,0 6,0
LEAF 11,3 0,0 0,1 0,0 0,0 0,1 0,0 5,1 0,0 1,0
LEAF 11,3 0,0 0,1 0,0 0,0 0,1 0,0 5,1 1,0 0,0
LEAF 11,3 0,0 0,1 0,0 0,0 0,1 0,0 3,3 0,0 0,0
LEAF 11,3 0,0 0,1 0,0 0,0 0,1 1,0 0,0 0,0 5,1
LEAF 11,3 0,0 0,1 0,0 0,0 0,1 1,0 5,1 0,0 0,0
LEAF 11,3 0,0 0,1 0,0 0,0 0,1 6,0 0,0 0,0 0,1
LEAF 11,3 0,0 0,1 0,0 0,0 0,1 0,1 0,0 0,0 6,0
LEAF 11,3 0,0 0,1 0,0 0,0 0,1 5,1 0,0 0,0 1,0
LEAF 11,3 0,0 0,1 0,0 0,0 0,1 3,3 0,0 0,0 0,0
LEAF 11,3 0,0 0,1 0,0 0,0 1,1 0,0 0,0 0,0 6,0
LEAF 11,3 0,0 0,1 0,0 0,0 1,1 0,0 0,0 6,0 0,0
LEAF 11,3 0,0 0,1 0,0 0,0 1,1 0,0 6,0 0,0 0,0
LEAF 11,3 0,0 0,1 0,0 0,0 1,1 6,0 0,0 0,0 0,0
LEAF 11,3 0,0 0,1 0,0 0,0 2,1 0,0 0,0 0,0 2,3
LEAF 11,3 0,0 0,1 0,0 0,0 2,1 0,0 0,0 2,3 0,0
LEAF 11,3 0,0 0,1 0,0 0,0 2,1 0,0 2,3 0,0 0,0
LEAF 11,3 0,0 0,1 0,0 0,0 2,1 2,3 0,0 0,0 0,0
LEAF 11,3 0,0 0,1 0,0 0,0 4,1 0,0 0,0 0,0 0,3
LEAF 11,3 0,0 0,1 0,0 0,0 4,1 0,0 0,0 0,3 0,0
LEAF 11,3 0,0 0,1 0,0 0,0 4,1 0,0 0,3 0,0 0,0
LEAF 11,3 0,0 0,1 0,0 0,0 4,1 0,3 0,0 0,0 0,0
LEAF 11,3 0,0 0,1 0,0 0,0 5,1 0,0 0,0 0,0 2,0
LEAF 11,3 0,0 0,1 0,0 0,0 5,1 0,0 0,0 1,0 0,1
LEAF 11,3 0,0 0,1 0,0 0,0 5,1 0,0 0,0 2,0 0,0
LEAF 11,3 0,0 0,1 0,0 0,0 5,1 0,0 0,0 0,1 1,0
LEAF 11,3 0,0 0,1 0,0 0,0 5,1 0,0 1,0 0,0 0,1
LEAF 11,3 0,0 0,1 0,0 0,0 5,1 0,0 2,0 0,0 0,0
LEAF 11,3 0,0 0,1 0,0 0,0 5,1 0,0 0,1 0,0 1,0
LEAF 11,3 0,0 0,1 0,0 0,0 5,1 0,0 0,1 1,0 0,0
LEAF 11,3 0,0 0,1 0,0 0,0 5,1 1,0 0,0 0,0 0,1
LEAF 11,3 0,0 0,1 0,0 0,0 5,1 1,0 0,1 0,0 0,0
LEAF 11,3 0,0 0,1 0,0 0,0 5,1 2,0 0,0 0,0 0,0
LEAF 11,3 0,0 0,1 0,0 0,0 5,1 0,1 0,0 0,0 1,0
LEAF 11,3 0,0 0,1 0,0 0,0 1,2 0,0 0,0 0,0 3,2
LEAF 11,3 0,0 0,1 0,0 0,0 1,2 0,0 0,0 3,2 0,0
LEAF 11,3 0,0 0,1 0,0 0,0 1,2 0,0 3,2 0,0 0,0
LEAF 11,3 0,0 0,1 0,0 0,0 1,2 3,2 0,0 0,0 0,0
LEAF 11,3 0,0 0,1 0,0 0,0 3,2 0,0 0,0 0,0 1,2
LEAF 11,3 0,0 0,1 0,0 0,0 3,2 0,0 0,0 1,2 0,0
LEAF 11,3 0,0 0,1 0,0 0,0 3,2 0,0 1,2 0,0 0,0
LEAF 11,3 0,0 0,1 0,0 0,0 3,2 1,2 0,0 0,0 0,0
LEAF 11,3 0,0 0,1 0,0 0,0 4,2 0,0 0,0 1,0 1,0
LEAF 11,3 0,0 0,1 0,0 0,0 4,2 0,0 1,0 0,0 1,0
LEAF 11,3 0,0 0,1 0,0 0,0 4,2 0,0 1,0 1,0 0,0
LEAF 11,3 0,0 0,1 0,0 0,0 4,2 1,0 0,0 0,0 1,0
LEAF 11,3 0,0 0,1 0,0 0,0 4,2 1,0 0,0 1,0 0,0
LEAF 11,3 0,0 0,1 0,0 0,0 4,2 1,0 1,0 0,0 0,0
LEAF 11,3 0,0 0,1 0,0 0,0 0,3 0,0 0,0 0,0 4,1
LEAF 11,3 0,0 0,1 0,0 0,0 0,3 0,0 0,0 4,1 0,0
LEAF 11,3 0,0 0,1 0,0 0,0 0,3 0,0 4,1 0,0 0,0
LEAF 11,3 0,0 0,1 0,0 0,0 0,3 4,1 0,0 0,0 0,0
LEAF 11,3 0,0 0,1 0,0 0,0 2,3 0,0 0,0 0,0 2,1
LEAF 11,3 0,0 0,1 0,0 0,0 2,3 0,0 0,0 2,1 0,0
LEAF 11,3 0,0 0,1 0,0 0,0 2,3 0,0 2,1 0,0 0,0
LEAF 11,3 0,0 0,1 0,0 0,0 2,3 2,1 0,0 0,0 0,0
LEAF 11,3 0,0 0,1 0,0 0,0 3,3 0,0 0,0 0,0 0,1
LEAF 11,3 0,0 0,1 0,0 0,0 3,3 0,0 0,0 0,1 0,0
LEAF 11,3 0,0 0,1 0,0 0,0 3,3 0,0 0,1 0,0 0,0
LEAF 11,3 0,0 0,1 0,0 0,0 3,3 0,1 0,0 0,0 0,0
LEAF 11,3 0,0 0,1 0,0 0,0 1,4 0,0 0,0 0,0 3,0
LEAF 11,3 0,0 0,1 0,0 0,0 1,4 0,0 0,0 3,0 0,0
LEAF 11,3 0,0 0,1 0,0 0,0 1,4 0,0 3,0 0,0 0,0
LEAF 11,3 0,0 0,1 0,0 0,0 1,4 3,0 0,0 0,0 0,0
LEAF 11,3 0,0 0,1 0,0 0,0 2,4 0,0 0,0 0,0 1,0
LEAF 11,3 0,0 0,1 0,0 0,0 2,4 0,0 0,0 1,0 0,0
LEAF 11,3 0,0 0,1 0,0 0,0 2,4 0,0 1,0 0,0 0,0
LEAF 11,3 0,0 0,1 0,0 0,0 2,4 1,0 0,0 0,0 0,0
LEAF 11,3 0,0 0,1 0,0 1,0 0,0 0,0 0,0 0,0 2,4
LEAF 11,3 0,0 0,1 0,0 1,0 0,0 0,0 0,0 1,0 4,2
LEAF 11,3 0,0 0,1 0,0 1,0 0,0 0,0 1,0 0,0 4,2
LEAF 11,3 0,0 0,1 0,0 1,0 0,0 0,0 0,1 0,0 5,1
LEAF 11,3 0,0 0,1 0,0 1,0 0,0 0,0 5,1 0,0 0,1
LEAF 11,3 0,0 0,1 0,0 1,0 0,0 0,0 4,2 0,0 1,0
LEAF 11,3 0,0 0,1 0,0 1,0 0,0 0,0 4,2 1,0 0,0
LEAF 11,3 0,0 0,1 0,0 1,0 0,0 0,0 2,4 0,0 0,0
LEAF 11,3 0,0 0,1 0,0 1,0 0,0 1,0 0,0 0,0 4,2
LEAF 11,3 0,0 0,1 0,0 1,0 0,0 0,1 0,0 0,0 5,1
LEAF 11,3 0,0 0,1 0,0 1,0 0,0 5,1 0,0 0,0 0,1
LEAF 11,3 0,0 0,1 0,0 1,0 0,0 4,2 0,0 0,0 1,0
LEAF 11,3 0,0 0,1 0,0 1,0 0,0 2,4 0,0 0,0 0,0
LEAF 11,3 0,0 0,1 0,0 1,0 1,0 0,0 0,0 0,0 4,2
LEAF 11,3 0,0 0,1 0,0 1,0 1,0 0,0 4,2 0,0 0,0
LEAF 11,3 0,0 0,1 0,0 1,0 1,0 4,2 0,0 0,0 0,0
LEAF 11,3 0,0 0,1 0,0 2,0 0,0 0,0 0,0 0,0 5,1
LEAF 11,3 0,0 0,1 0,0 2,0 0,0 0,0 5,1 0,0 0,0
LEAF 11,3 0,0 0,1 0,0 2,0 0,0 5,1 0,0 0,0 0,0
LEAF 11,3 0,0 0,1 0,0 3,0 0,0 0,0 0,0 0,0 9,0
LEAF 11,3 0,0 0,1 0,0 3,0 0,0 0,0 0,0 0,0 1,4
LEAF 11,3 0,0 0,1 0,0 3,0 0,0 0,0 1,4 0,0 0,0
LEAF 11,3 0,0 0,1 0,0 3,0 0,0 1,4 0,0 0,0 0,0
LEAF 11,3 0,0 0,1 0,0 6,0 0,0 0,0 0,0 0,0 1,1
LEAF 11,3 0,0 0,1 0,0 6,0 0,0 0,0 0,1 0,0 0,1
LEAF 11,3 0,0 0,1 0,0 6,0 0,0 0,0 1,1 0,0 0,0
LEAF 11,3 0,0 0,1 0,0 6,0 0,0 0,1 0,0 0,0 0,1
LEAF 11,3 0,0 0,1 0,0 6,0 0,0 1,1 0,0 0,0 0,0
LEAF 11,3 0,0 0,1 0,0 0,1 0,0 0,0 0,0 0,0 3,3
LEAF 11,3 0,0 0,1 0,0 0,1 0,0 0,0 0,0 1,0 5,1
LEAF 11,3 0,0 0,1 0,0 0,1 0,0 0,0 1,0 0,0 5,1
LEAF 11,3 0,0 0,1 0,0 0,1 0,0 0,0 6,0 0,0 0,1
LEAF 11,3 0,0 0,1 0,0 0,1 0,0 0,0 0,1 0,0 6,0
LEAF 11,3 0,0 0,1 0,0 0,1 0,0 0,0 5,1 0,0 1,0
LEAF 11,3 0,0 0,1 0,0 0,1 0,0 0,0 5,1 1,0 0,0
LEAF 11,3 0,0 0,1 0,0 0,1 0,0 0,0 3,3 0,0 0,0
LEAF 11,3 0,0 0,1 0,0 0,1 0,0 1,0 0,0 0,0 5,1
LEAF 11,3 0,0 0,1 0,0 0,1 0,0 6,0 0,0 0,0 0,1
LEAF 11,3 0,0 0,1 0,0 0,1 0,0 0,1 0,0 0,0 6,0
LEAF 11,3 0,0 0,1 0,0 0,1 0,0 5,1 0,0 0,0 1,0
LEAF 11,3 0,0 0,1 0,0 0,1 0,0 3,3 0,0 0,0 0,0
LEAF 11,3 0,0 0,1 0,0 0,1 1,0 0,0 0,0 0,0 5,1
LEAF 11,3 0,0 0,1 0,0 0,1 1,0 5,1 0,0 0,0 0,0
LEAF 11,3 0,0 0,1 0,0 1,1 0,0 0,0 0,0 0,0 6,0
LEAF 11,3 0,0 0,1 0,0 1,1 0,0 0,0 6,0 0,0 0,0
LEAF 11,3 0,0 0,1 0,0 1,1 0,0 6,0 0,0 0,0 0,0
LEAF 11,3 0,0 0,1 0,0 2,1 0,0 0,0 0,0 0,0 2,3
LEAF 11,3 0,0 0,1 0,0 2,1 0,0 0,0 2,3 0,0 0,0
LEAF 11,3 0,0 0,1 0,0 2,1 0,0 2,3 0,0 0,0 0,0
LEAF 11,3 0,0 0,1 0,0 4,1 0,0 0,0 0,0 0,0 0,3
LEAF 11,3 0,0 0,1 0,0 4,1 0,0 0,0 0,3 0,0 0,0
LEAF 11,3 0,0 0,1 0,0 4,1 0,0 0,3 0,0 0,0 0,0
LEAF 11,3 0,0 0,1 0,0 5,1 0,0 0,0 0,0 0,0 2,0
LEAF 11,3 0,0 0,1 0,0 5,1 0,0 0,0 0,0 1,0 0,1
LEAF 11,3 0,0 0,1 0,0 5,1 0,0 0,0 1,0 0,0 0,1
LEAF 11,3 0,0 0,1 0,0 5,1 0,0 0,0 2,0 0,0 0,0
LEAF 11,3 0,0 0,1 0,0 5,1 0,0 0,0 0,1 0,0 1,0
LEAF 11,3 0,0 0,1 0,0 5,1 0,0 0,0 0,1 1,0 0,0
LEAF 11,3 0,0 0,1 0,0 5,1 0,0 1,0 0,0 0,0 0,1
LEAF 11,3 0,0 0,1 0,0 5,1 0,0 2,0 0,0 0,0 0,0
LEAF 11,3 0,0 0,1 0,0 5,1 0,0 0,1 0,0 0,0 1,0
LEAF 11,3 0,0 0,1 0,0 5,1 1,0 0,0 0,0 0,0 0,1
LEAF 11,3 0,0 0,1 0,0 5,1 1,0 0,1 0,0 0,0 0,0
LEAF 11,3 0,0 0,1 0,0 1,2 0,0 0,0 0,0 0,0 3,2
LEAF 11,3 0,0 0,1 0,0 1,2 0,0 0,0 3,2 0,0 0,0
LEAF 11,3 0,0 0,1 0,0 1,2 0,0 3,2 0,0 0,0 0,0
LEAF 11,3 0,0 0,1 0,0 3,2 0,0 0,0 0,0 0,0 1,2
LEAF 11,3 0,0 0,1 0,0 3,2 0,0 0,0 1,2 0,0 0,0
LEAF 11,3 0,0 0,1 0,0 3,2 0,0 1,2 0,0 0,0 0,0
LEAF 11,3 0,0 0,1 0,0 4,2 0,0 0,0 0,0 1,0 1,0
LEAF 11,3 0,0 0,1 0,0 4,2 0,0 0,0 1,0 0,0 1,0
LEAF 11,3 0,0 0,1 0,0 4,2 0,0 0,0 1,0 1,0 0,0
LEAF 11,3 0,0 0,1 0,0 4,2 0,0 1,0 0,0 0,0 1,0
LEAF 11,3 0,0 0,1 0,0 4,2 0,0 1,0 1,0 0,0 0,0
LEAF 11,3 0,0 0,1 0,0 4,2 1,0 0,0 0,0 0,0 1,0
LEAF 11,3 0,0 0,1 0,0 4,2 1,0 1,0 0,0 0,0 0,0
LEAF 11,3 0,0 0,1 0,0 0,3 0,0 0,0 0,0 0,0 4,1
LEAF 11,3 0,0 0,1 0,0 0,3 0,0 0,0 4,1 0,0 0,0
LEAF 11,3 0,0 0,1 0,0 0,3 0,0 4,1 0,0 0,0 0,0
LEAF 11,3 0,0 0,1 0,0 2,3 0,0 0,0 0,0 0,0 2,1
LEAF 11,3 0,0 0,1 0,0 2,3 0,0 0,0 2,1 0,0 0,0
LEAF 11,3 0,0 0,1 0,0 2,3 0,0 2,1 0,0 0,0 0,0
LEAF 11,3 0,0 0,1 0,0 3,3 0,0 0,0 0,0 0,0 0,1
LEAF 11,3 0,0 0,1 0,0 3,3 0,0 0,0 0,1 0,0 0,0
LEAF 11,3 0,0 0,1 0,0 3,3 0,0 0,1 0,0 0,0 0,0
LEAF 11,3 0,0 0,1 0,0 1,4 0,0 0,0 0,0 0,0 3,0
LEAF 11,3 0,0 0,1 0,0 1,4 0,0 0,0 3,0 0,0 0,0
LEAF 11,3 0,0 0,1 0,0 1,4 0,0 3,0 0,0 0,0 0,0
LEAF 11,3 0,0 0,1 0,0 2,4 0,0 0,0 0,0 0,0 1,0
LEAF 11,3 0,0 0,1 0,0 2,4 0,0 0,0 0,0 1,0 0,0
LEAF 11,3 0,0 0,1 0,0 2,4 0,0 0,0 1,0 0,0 0,0
LEAF 11,3 0,0 0,1 0,0 2,4 0,0 1,0 0,0 0,0 0,0
LEAF 11,3 0,0 0,1 0,0 2,4 1,0 0,0 0,0 0,0 0,0
LEAF 11,3 0,0 0,1 1,0 0,0 0,0 0,0 0,0 0,0 2,4
LEAF 11,3 0,0 0,1 1,0 0,0 0,0 0,0 0,0 1,0 4,2
LEAF 11,3 0,0 0,1 1,0 0,0 0,0 0,0 1,0 0,0 4,2
LEAF 11,3 0,0 0,1 1,0 0,0 0,0 0,0 0,1 0,0 5,1
LEAF 11,3 0,0 0,1 1,0 0,0 0,0 0,0 5,1 0,0 0,1
LEAF 11,3 0,0 0,1 1,0 0,0 0,0 0,0 4,2 0,0 1,0
LEAF 11,3 0,0 0,1 1,0 0,0 0,0 0,0 4,2 1,0 0,0
LEAF 11,3 0,0 0,1 1,0 0,0 0,0 0,0 2,4 0,0 0,0
LEAF 11,3 0,0 0,1 1,0 0,0 0,0 1,0 0,0 0,0 4,2
LEAF 11,3 0,0 0,1 1,0 0,0 0,0 0,1 0,0 0,0 5,1
LEAF 11,3 0,0 0,1 1,0 0,0 0,0 5,1 0,0 0,0 0,1
LEAF 11,3 0,0 0,1 1,0 0,0 0,0 4,2 0,0 0,0 1,0
LEAF 11,3 0,0 0,1 1,0 0,0 0,0 2,4 0,0 0,0 0,0
LEAF 11,3 0,0 0,1 1,0 0,0 1,0 0,0 0,0 0,0 4,2
LEAF 11,3 0,0 0,1 1,0 0,0 1,0 4,2 0,0 0,0 0,0
LEAF 11,3 0,0 0,1 1,0 1,0 0,0 0,0 0,0 0,0 4,2
LEAF 11,3 0,0 0,1 1,0 1,0 0,0 0,0 4,2 0,0 0,0
LEAF 11,3 0,0 0,1 1,0 1,0 0,0 4,2 0,0 0,0 0,0
LEAF 11,3 0,0 0,1 1,0 0,1 0,0 0,0 0,0 0,0 5,1
LEAF 11,3 0,0 0,1 1,0 0,1 0,0 0,0 5,1 0,0 0,0
LEAF 11,3 0,0 0,1 1,0 0,1 0,0 5,1 0,0 0,0 0,0
LEAF 11,3 0,0 0,1 1,0 5,1 0,0 0,0 0,0 0,0 0,1
LEAF 11,3 0,0 0,1 1,0 5,1 0,0 0,0 0,1 0,0 0,0
LEAF 11,3 0,0 0,1 1,0 5,1 0,0 0,1 0,0 0,0 0,0
LEAF 11,3 0,0 0,1 1,0 4,2 0,0 0,0 0,0 0,0 1,0
LEAF 11,3 0,0 0,1 1,0 4,2 0,0 0,0 0,0 1,0 0,0
LEAF 11,3 0,0 0,1 1,0 4,2 0,0 0,0 1,0 0,0 0,0
LEAF 11,3 0,0 0,1 1,0 4,2 0,0 1,0 0,0 0,0 0,0
LEAF 11,3 0,0 0,1 1,0 4,2 1,0 0,0 0,0 0,0 0,0
LEAF 11,3 0,0 0,1 1,0 2,4 0,0 0,0 0,0 0,0 0,0
LEAF 11,3 0,0 0,1 2,0 0,0 0,0 0,0 0,0 0,0 5,1
LEAF 11,3 0,0 0,1 2,0 0,0 0,0 5,1 0,0 0,0 0,0
LEAF 11,3 0,0 0,1 3,0 0,0 0,0 0,0 0,0 0,0 9,0
LEAF 11,3 0,0 0,1 3,0 0,0 0,0 0,0 0,0 0,0 1,4
LEAF 11,3 0,0 0,1 3,0 0,0 0,0 1,4 0,0 0,0 0,0
LEAF 11,3 0,0 0,1 6,0 0,0 0,0 0,0 0,0 0,0 1,1
LEAF 11,3 0,0 0,1 6,0 0,0 0,0 0,1 0,0 0,0 0,1
LEAF 11,3 0,0 0,1 6,0 0,0 0,0 1,1 0,0 0,0 0,0
LEAF 11,3 0,0 0,1 0,1 0,0 0,0 0,0 0,0 0,0 3,3
LEAF 11,3 0,0 0,1 0,1 0,0 0,0 1,0 0,0 0,0 5,1
LEAF 11,3 0,0 0,1 0,1 0,0 0,0 6,0 0,0 0,0 0,1
LEAF 11,3 0,0 0,1 0,1 0,0 0,0 0,1 0,0 0,0 6,0
LEAF 11,3 0,0 0,1 0,1 0,0 0,0 5,1 0,0 0,0 1,0
LEAF 11,3 0,0 0,1 0,1 0,0 0,0 3,3 0,0 0,0 0,0
LEAF 11,3 0,0 0,1 1,1 0,0 0,0 0,0 0,0 0,0 6,0
LEAF 11,3 0,0 0,1 1,1 0,0 0,0 6,0 0,0 0,0 0,0
LEAF 11,3 0,0 0,1 2,1 0,0 0,0 0,0 0,0 0,0 2,3
LEAF 11,3 0,0 0,1 2,1 0,0 0,0 2,3 0,0 0,0 0,0
LEAF 11,3 0,0 0,1 4,1 0,0 0,0 0,0 0,0 0,0 0,3
LEAF 11,3 0,0 0,1 4,1 0,0 0,0 0,3 0,0 0,0 0,0
LEAF 11,3 0,0 0,1 5,1 0,0 0,0 0,0 0,0 0,0 2,0
LEAF 11,3 0,0 0,1 5,1 0,0 0,0 1,0 0,0 0,0 0,1
LEAF 11,3 0,0 0,1 5,1 0,0 0,0 2,0 0,0 0,0 0,0
LEAF 11,3 0,0 0,1 5,1 0,0 0,0 0,1 0,0 0,0 1,0
LEAF 11,3 0,0 0,1 1,2 0,0 0,0 0,0 0,0 0,0 3,2
LEAF 11,3 0,0 0,1 1,2 0,0 0,0 3,2 0,0 0,0 0,0
LEAF 11,3 0,0 0,1 3,2 0,0 0,0 0,0 0,0 0,0 1,2
LEAF 11,3 0,0 0,1 3,2 0,0 0,0 1,2 0,0 0,0 0,0
LEAF 11,3 0,0 0,1 4,2 0,0 0,0 1,0 0,0 0,0 1,0
LEAF 11,3 0,0 0,1 0,3 0,0 0,0 0,0 0,0 0,0 4,1
LEAF 11,3 0,0 0,1 0,3 0,0 0,0 4,1 0,0 0,0 0,0
LEAF 11,3 0,0 0,1 2,3 0,0 0,0 0,0 0,0 0,0 2,1
LEAF 11,3 0,0 0,1 2,3 0,0 0,0 2,1 0,0 0,0 0,0
LEAF 11,3 0,0 0,1 3,3 0,0 0,0 0,0 0,0 0,0 0,1
LEAF 11,3 0,0 0,1 3,3 0,0 0,0 0,1 0,0 0,0 0,0
LEAF 11,3 0,0 0,1 1,4 0,0 0,0 0,0 0,0 0,0 3,0
LEAF 11,3 0,0 0,1 1,4 0,0 0,0 3,0 0,0 0,0 0,0
LEAF 11,3 0,0 0,1 2,4 0,0 0,0 0,0 0,0 0,0 1,0
LEAF 11,3 0,0 0,1 2,4 0,0 0,0 1,0 0,0 0,0 0,0
LEAF 11,3 0,0 1,1 0,0 0,0 0,0 0,0 0,0 0,0 3,3
LEAF 11,3 0,0 1,1 0,0 0,0 0,0 0,0 0,0 1,0 5,1
LEAF 11,3 0,0 1,1 0,0 0,0 0,0 0,0 0,0 6,0 0,1
LEAF 11,3 0,0 1,1 0,0 0,0 0,0 0,0 0,0 0,1 6,0
LEAF 11,3 0,0 1,1 0,0 0,0 0,0 0,0 0,0 5,1 1,0
LEAF 11,3 0,0 1,1 0,0 0,0 0,0 0,0 0,0 3,3 0,0
LEAF 11,3 0,0 1,1 0,0 0,0 0,0 0,0 1,0 0,0 5,1
LEAF 11,3 0,0 1,1 0,0 0,0 0,0 0,0 6,0 0,0 0,1
LEAF 11,3 0,0 1,1 0,0 0,0 0,0 0,0 0,1 0,0 6,0
LEAF 11,3 0,0 1,1 0,0 0,0 0,0 0,0 5,1 0,0 1,0
LEAF 11,3 0,0 1,1 0,0 0,0 0,0 0,0 5,1 1,0 0,0
LEAF 11,3 0,0 1,1 0,0 0,0 0,0 0,0 3,3 0,0 0,0
LEAF 11,3 0,0 1,1 0,0 0,0 0,0 1,0 0,0 0,0 5,1
LEAF 11,3 0,0 1,1 0,0 0,0 0,0 1,0 5,1 0,0 0,0
LEAF 11,3 0,0 1,1 0,0 0,0 0,0 6,0 0,0 0,0 0,1
LEAF 11,3 0,0 1,1 0,0 0,0 0,0 0,1 0,0 0,0 6,0
LEAF 11,3 0,0 1,1 0,0 0,0 0,0 5,1 0,0 0,0 1,0
LEAF 11,3 0,0 1,1 0,0 0,0 0,0 3,3 0,0 0,0 0,0
LEAF 11,3 0,0 1,1 0,0 0,0 1,0 0,0 0,0 0,0 5,1
LEAF 11,3 0,0 1,1 0,0 0,0 1,0 0,0 0,0 5,1 0,0
LEAF 11,3 0,0 1,1 0,0 0,0 1,0 0,0 5,1 0,0 0,0
LEAF 11,3 0,0 1,1 0,0 0,0 1,0 5,1 0,0 0,0 0,0
LEAF 11,3 0,0 1,1 0,0 0,0 6,0 0,0 0,0 0,0 0,1
LEAF 11,3 0,0 1,1 0,0 0,0 6,0 0,0 0,0 0,1 0,0
LEAF 11,3 0,0 1,1 0,0 0,0 6,0 0,0 0,1 0,0 0,0
LEAF 11,3 0,0 1,1 0,0 0,0 6,0 0,1 0,0 0,0 0,0
LEAF 11,3 0,0 1,1 0,0 0,0 0,1 0,0 0,0 0,0 6,0
LEAF 11,3 0,0 1,1 0,0 0,0 0,1 0,0 0,0 6,0 0,0
LEAF 11,3 0,0 1,1 0,0 0,0 0,1 0,0 6,0 0,0 0,0
LEAF 11,3 0,0 1,1 0,0 0,0 0,1 6,0 0,0 0,0 0,0
LEAF 11,3 0,0 1,1 0,0 0,0 5,1 0,0 0,0 0,0 1,0
LEAF 11,3 0,0 1,1 0,0 0,0 5,1 0,0 0,0 1,0 0,0
LEAF 11,3 0,0 1,1 0,0 0,0 5,1 0,0 1,0 0,0 0,0
LEAF 11,3 0,0 1,1 0,0 0,0 5,1 1,0 0,0 0,0 0,0
LEAF 11,3 0,0 1,1 0,0 0,0 3,3 0,0 0,0 0,0 0,0
LEAF 11,3 0,0 1,1 0,0 1,0 0,0 0,0 0,0 0,0 5,1
LEAF 11,3 0,0 1,1 0,0 1,0 0,0 0,0 5,1 0,0 0,0
LEAF 11,3 0,0 1,1 0,0 1,0 0,0 5,1 0,0 0,0 0,0
LEAF 11,3 0,0 1,1 0,0 6,0 0,0 0,0 0,0 0,0 0,1
LEAF 11,3 0,0 1,1 0,0 6,0 0,0 0,0 0,1 0,0 0,0
LEAF 11,3 0,0 1,1 0,0 6,0 0,0 0,1 0,0 0,0 0,0
LEAF 11,3 0,0 1,1 0,0 0,1 0,0 0,0 0,0 0,0 6,0
LEAF 11,3 0,0 1,1 0,0 0,1 0,0 0,0 6,0 0,0 0,0
LEAF 11,3 0,0 1,1 0,0 0,1 0,0 6,0 0,0 0,0 0,0
LEAF 11,3 0,0 1,1 0,0 5,1 0,0 0,0 0,0 0,0 1,0
LEAF 11,3 0,0 1,1 0,0 5,1 0,0 0,0 0,0 1,0 0,0
LEAF 11,3 0,0 1,1 0,0 5,1 0,0 0,0 1,0 0,0 0,0
LEAF 11,3 0,0 1,1 0,0 5,1 0,0 1,0 0,0 0,0 0,0
LEAF 11,3 0,0 1,1 0,0 5,1 1,0 0,0 0,0 0,0 0,0
LEAF 11,3 0,0 1,1 0,0 3,3 0,0 0,0 0,0 0,0 0,0
LEAF 11,3 0,0 1,1 1,0 0,0 0,0 0,0 0,0 0,0 5,1
LEAF 11,3 0,0 1,1 1,0 0,0 0,0 0,0 5,1 0,0 0,0
LEAF 11,3 0,0 1,1 1,0 0,0 0,0 5,1 0,0 0,0 0,0
LEAF 11,3 0,0 1,1 1,0 5,1 0,0 0,0 0,0 0,0 0,0
LEAF 11,3 0,0 1,1 6,0 0,0 0,0 0,0 0,0 0,0 0,1
LEAF 11,3 0,0 1,1 6,0 0,0 0,0 0,1 0,0 0,0 0,0
LEAF 11,3 0,0 1,1 0,1 0,0 0,0 0,0 0,0 0,0 6,0
LEAF 11,3 0,0 1,1 0,1 0,0 0,0 6,0 0,0 0,0 0,0
LEAF 11,3 0,0 1,1 5,1 0,0 0,0 0,0 0,0 0,0 1,0
LEAF 11,3 0,0 1,1 5,1 0,0 0,0 1,0 0,0 0,0 0,0
LEAF 11,3 0,0 2,1 0,0 0,0 0,0 0,0 0,0 1,0 9,0
LEAF 11,3 0,0 2,1 0,0 0,0 0,0 0,0 0,0 1,0 1,4
LEAF 11,3 0,0 2,1 0,0 0,0 0,0 0,0 0,0 0,1 2,3
LEAF 11,3 0,0 2,1 0,0 0,0 0,0 0,0 0,0 2,3 0,1
LEAF 11,3 0,0 2,1 0,0 0,0 0,0 0,0 0,0 1,4 1,0
LEAF 11,3 0,0 2,1 0,0 0,0 0,0 0,0 1,0 0,0 9,0
LEAF 11,3 0,0 2,1 0,0 0,0 0,0 0,0 1,0 0,0 1,4
LEAF 11,3 0,0 2,1 0,0 0,0 0,0 0,0 0,1 0,0 2,3
LEAF 11,3 0,0 2,1 0,0 0,0 0,0 0,0 2,3 0,0 0,1
LEAF 11,3 0,0 2,1 0,0 0,0 0,0 0,0 1,4 0,0 1,0
LEAF 11,3 0,0 2,1 0,0 0,0 0,0 0,0 1,4 1,0 0,0
LEAF 11,3 0,0 2,1 0,0 0,0 0,0 1,0 0,0 0,0 9,0
LEAF 11,3 0,0 2,1 0,0 0,0 0,0 1,0 0,0 0,0 1,4
LEAF 11,3 0,0 2,1 0,0 0,0 0,0 1,0 1,4 0,0 0,0
LEAF 11,3 0,0 2,1 0,0 0,0 0,0 0,1 0,0 0,0 2,3
LEAF 11,3 0,0 2,1 0,0 0,0 0,0 2,3 0,0 0,0 0,1
LEAF 11,3 0,0 2,1 0,0 0,0 0,0 1,4 0,0 0,0 1,0
LEAF 11,3 0,0 2,1 0,0 0,0 1,0 0,0 0,0 0,0 9,0
LEAF 11,3 0,0 2,1 0,0 0,0 1,0 0,0 0,0 0,0 1,4
LEAF 11,3 0,0 2,1 0,0 0,0 1,0 0,0 0,0 1,4 0,0
LEAF 11,3 0,0 2,1 0,0 0,0 1,0 0,0 1,4 0,0 0,0
LEAF 11,3 0,0 2,1 0,0 0,0 1,0 1,4 0,0 0,0 0,0
LEAF 11,3 0,0 2,1 0,0 0,0 0,1 0,0 0,0 0,0 2,3
LEAF 11,3 0,0 2,1 0,0 0,0 0,1 0,0 0,0 2,3 0,0
LEAF 11,3 0,0 2,1 0,0 0,0 0,1 0,0 2,3 0,0 0,0
LEAF 11,3 0,0 2,1 0,0 0,0 0,1 2,3 0,0 0,0 0,0
LEAF 11,3 0,0 2,1 0,0 0,0 2,3 0,0 0,0 0,0 0,1
LEAF 11,3 0,0 2,1 0,0 0,0 2,3 0,0 0,0 0,1 0,0
LEAF 11,3 0,0 2,1 0,0 0,0 2,3 0,0 0,1 0,0 0,0
LEAF 11,3 0,0 2,1 0,0 0,0 2,3 0,1 0,0 0,0 0,0
LEAF 11,3 0,0 2,1 0,0 0,0 1,4 0,0 0,0 0,0 1,0
LEAF 11,3 0,0 2,1 0,0 0,0 1,4 0,0 0,0 1,0 0,0
LEAF 11,3 0,0 2,1 0,0 0,0 1,4 0,0 1,0 0,0 0,0
LEAF 11,3 0,0 2,1 0,0 0,0 1,4 1,0 0,0 0,0 0,0
LEAF 11,3 0,0 2,1 0,0 1,0 0,0 0,0 0,0 0,0 9,0
LEAF 11,3 0,0 2,1 0,0 1,0 0,0 0,0 0,0 0,0 1,4
LEAF 11,3 0,0 2,1 0,0 1,0 0,0 0,0 1,4 0,0 0,0
LEAF 11,3 0,0 2,1 0,0 1,0 0,0 1,4 0,0 0,0 0,0
LEAF 11,3 0,0 2,1 0,0 0,1 0,0 0,0 0,0 0,0 2,3
LEAF 11,3 0,0 2,1 0,0 0,1 0,0 0,0 2,3 0,0 0,0
LEAF 11,3 0,0 2,1 0,0 0,1 0,0 2,3 0,0 0,0 0,0
LEAF 11,3 0,0 2,1 0,0 2,3 0,0 0,0 0,0 0,0 0,1
LEAF 11,3 0,0 2,1 0,0 2,3 0,0 0,0 0,1 0,0 0,0
LEAF 11,3 0,0 2,1 0,0 2,3 0,0 0,1 0,0 0,0 0,0
LEAF 11,3 0,0 2,1 0,0 1,4 0,0 0,0 0,0 0,0 1,0
LEAF 11,3 0,0 2,1 0,0 1,4 0,0 0,0 0,0 1,0 0,0
LEAF 11,3 0,0 2,1 0,0 1,4 0,0 0,0 1,0 0,0 0,0
LEAF 11,3 0,0 2,1 0,0 1,4 0,0 1,0 0,0 0,0 0,0
LEAF 11,3 0,0 2,1 0,0 1,4 1,0 0,0 0,0 0,0 0,0
LEAF 11,3 0,0 2,1 1,0 0,0 0,0 0,0 0,0 0,0 9,0
LEAF 11,3 0,0 2,1 1,0 0,0 0,0 0,0 0,0 0,0 1,4
LEAF 11,3 0,0 2,1 1,0 0,0 0,0 0,0 1,4 0,0 0,0
LEAF 11,3 0,0 2,1 1,0 0,0 0,0 1,4 0,0 0,0 0,0
LEAF 11,3 0,0 2,1 1,0 1,4 0,0 0,0 0,0 0,0 0,0
LEAF 11,3 0,0 2,1 0,1 0,0 0,0 0,0 0,0 0,0 2,3
LEAF 11,3 0,0 2,1 0,1 0,0 0,0 2,3 0,0 0,0 0,0
LEAF 11,3 0,0 2,1 2,3 0,0 0,0 0,0 0,0 0,0 0,1
LEAF 11,3 0,0 2,1 2,3 0,0 0,0 0,1 0,0 0,0 0,0
LEAF 11,3 0,0 2,1 1,4 0,0 0,0 0,0 0,0 0,0 1,0
LEAF 11,3 0,0 2,1 1,4 0,0 0,0 1,0 0,0 0,0 0,0
LEAF 11,3 0,0 3,1 0,0 0,0 0,0 0,0 0,0 0,0 4,1
LEAF 11,3 0,0 3,1 0,0 0,0 0,0 0,0 0,0 4,1 0,0
LEAF 11,3 0,0 3,1 0,0 0,0 0,0 0,0 4,1 0,0 0,0
LEAF 11,3 0,0 3,1 0,0 0,0 0,0 4,1 0,0 0,0 0,0
LEAF 11,3 0,0 3,1 0,0 0,0 4,1 0,0 0,0 0,0 0,0
LEAF 11,3 0,0 3,1 0,0 4,1 0,0 0,0 0,0 0,0 0,0
LEAF 11,3 0,0 3,1 4,1 0,0 0,0 0,0 0,0 0,0 0,0
LEAF 11,3 0,0 4,1 0,0 0,0 0,0 0,0 0,0 0,0 3,1
LEAF 11,3 0,0 4,1 0,0 0,0 0,0 0,0 0,0 0,1 0,3
LEAF 11,3 0,0 4,1 0,0 0,0 0,0 0,0 0,0 3,1 0,0
LEAF 11,3 0,0 4,1 0,0 0,0 0,0 0,0 0,0 0,3 0,1
LEAF 11,3 0,0 4,1 0,0 0,0 0,0 0,0 0,1 0,0 0,3
LEAF 11,3 0,0 4,1 0,0 0,0 0,0 0,0 3,1 0,0 0,0
LEAF 11,3 0,0 4,1 0,0 0,0 0,0 0,0 0,3 0,0 0,1
LEAF 11,3 0,0 4,1 0,0 0,0 0,0 0,1 0,0 0,0 0,3
LEAF 11,3 0,0 4,1 0,0 0,0 0,0 3,1 0,0 0,0 0,0
LEAF 11,3 0,0 4,1 0,0 0,0 0,0 0,3 0,0 0,0 0,1
LEAF 11,3 0,0 4,1 0,0 0,0 0,1 0,0 0,0 0,0 0,3
LEAF 11,3 0,0 4,1 0,0 0,0 0,1 0,0 0,0 0,3 0,0
LEAF 11,3 0,0 4,1 0,0 0,0 0,1 0,0 0,3 0,0 0,0
LEAF 11,3 0,0 4,1 0,0 0,0 0,1 0,3 0,0 0,0 0,0
LEAF 11,3 0,0 4,1 0,0 0,0 3,1 0,0 0,0 0,0 0,0
LEAF 11,3 0,0 4,1 0,0 0,0 0,3 0,0 0,0 0,0 0,1
LEAF 11,3 0,0 4,1 0,0 0,0 0,3 0,0 0,0 0,1 0,0
LEAF 11,3 0,0 4,1 0,0 0,0 0,3 0,0 0,1 0,0 0,0
LEAF 11,3 0,0 4,1 0,0 0,0 0,3 0,1 0,0 0,0 0,0
LEAF 11,3 0,0 4,1 0,0 0,1 0,0 0,0 0,0 0,0 0,3
LEAF 11,3 0,0 4,1 0,0 0,1 0,0 0,0 0,3 0,0 0,0
LEAF 11,3 0,0 4,1 0,0 0,1 0,0 0,3 0,0 0,0 0,0
LEAF 11,3 0,0 4,1 0,0 3,1 0,0 0,0 0,0 0,0 0,0
LEAF 11,3 0,0 4,1 0,0 0,3 0,0 0,0 0,0 0,0 0,1
LEAF 11,3 0,0 4,1 0,0 0,3 0,0 0,0 0,1 0,0 0,0
LEAF 11,3 0,0 4,1 0,0 0,3 0,0 0,1 0,0 0,0 0,0
LEAF 11,3 0,0 4,1 0,1 0,0 0,0 0,0 0,0 0,0 0,3
LEAF 11,3 0,0 4,1 0,1 0,0 0,0 0,3 0,0 0,0 0,0
LEAF 11,3 0,0 4,1 3,1 0,0 0,0 0,0 0,0 0,0 0,0
LEAF 11,3 0,0 4,1 0,3 0,0 0,0 0,0 0,0 0,0 0,1
LEAF 11,3 0,0 4,1 0,3 0,0 0,0 0,1 0,0 0,0 0,0
LEAF 11,3 0,0 5,1 0,0 0,0 0,0 0,0 0,0 1,0 1,1
LEAF 11,3 0,0 5,1 0,0 0,0 0,0 0,0 0,0 2,0 0,1
LEAF 11,3 0,0 5,1 0,0 0,0 0,0 0,0 0,0 0,1 2,0
LEAF 11,3 0,0 5,1 0,0 0,0 0,0 0,0 0,0 1,1 1,0
LEAF 11,3 0,0 5,1 0,0 0,0 0,0 0,0 1,0 0,0 1,1
LEAF 11,3 0,0 5,1 0,0 0,0 0,0 0,0 2,0 0,0 0,1
LEAF 11,3 0,0 5,1 0,0 0,0 0,0 0,0 0,1 0,0 2,0
LEAF 11,3 0,0 5,1 0,0 0,0 0,0 0,0 0,1 1,0 0,1
LEAF 11,3 0,0 5,1 0,0 0,0 0,0 0,0 1,1 0,0 1,0
LEAF 11,3 0,0 5,1 0,0 0,0 0,0 0,0 1,1 1,0 0,0
LEAF 11,3 0,0 5,1 0,0 0,0 0,0 1,0 0,0 0,0 1,1
LEAF 11,3 0,0 5,1 0,0 0,0 0,0 1,0 0,1 0,0 0,1
LEAF 11,3 0,0 5,1 0,0 0,0 0,0 1,0 1,1 0,0 0,0
LEAF 11,3 0,0 5,1 0,0 0,0 0,0 2,0 0,0 0,0 0,1
LEAF 11,3 0,0 5,1 0,0 0,0 0,0 0,1 0,0 0,0 2,0
LEAF 11,3 0,0 5,1 0,0 0,0 0,0 1,1 0,0 0,0 1,0
LEAF 11,3 0,0 5,1 0,0 0,0 1,0 0,0 0,0 0,0 1,1
LEAF 11,3 0,0 5,1 0,0 0,0 1,0 0,0 0,0 0,1 0,1
LEAF 11,3 0,0 5,1 0,0 0,0 1,0 0,0 0,0 1,1 0,0
LEAF 11,3 0,0 5,1 0,0 0,0 1,0 0,0 0,1 0,0 0,1
LEAF 11,3 0,0 5,1 0,0 0,0 1,0 0,0 1,1 0,0 0,0
LEAF 11,3 0,0 5,1 0,0 0,0 1,0 0,1 0,0 0,0 0,1
LEAF 11,3 0,0 5,1 0,0 0,0 1,0 1,1 0,0 0,0 0,0
LEAF 11,3 0,0 5,1 0,0 0,0 2,0 0,0 0,0 0,0 0,1
LEAF 11,3 0,0 5,1 0,0 0,0 2,0 0,0 0,0 0,1 0,0
LEAF 11,3 0,0 5,1 0,0 0,0 2,0 0,0 0,1 0,0 0,0
LEAF 11,3 0,0 5,1 0,0 0,0 2,0 0,1 0,0 0,0 0,0
LEAF 11,3 0,0 5,1 0,0 0,0 0,1 0,0 0,0 0,0 2,0
LEAF 11,3 0,0 5,1 0,0 0,0 0,1 0,0 0,0 1,0 0,1
LEAF 11,3 0,0 5,1 0,0 0,0 0,1 0,0 0,0 2,0 0,0
LEAF 11,3 0,0 5,1 0,0 0,0 0,1 0,0 0,0 0,1 1,0
LEAF 11,3 0,0 5,1 0,0 0,0 0,1 0,0 1,0 0,0 0,1
LEAF 11,3 0,0 5,1 0,0 0,0 0,1 0,0 2,0 0,0 0,0
LEAF 11,3 0,0 5,1 0,0 0,0 0,1 0,0 0,1 0,0 1,0
LEAF 11,3 0,0 5,1 0,0 0,0 0,1 0,0 0,1 1,0 0,0
LEAF 11,3 0,0 5,1 0,0 0,0 0,1 1,0 0,0 0,0 0,1
LEAF 11,3 0,0 5,1 0,0 0,0 0,1 1,0 0,1 0,0 0,0
LEAF 11,3 0,0 5,1 0,0 0,0 0,1 2,0 0,0 0,0 0,0
LEAF 11,3 0,0 5,1 0,0 0,0 0,1 0,1 0,0 0,0 1,0
LEAF 11,3 0,0 5,1 0,0 0,0 1,1 0,0 0,0 0,0 1,0
LEAF 11,3 0,0 5,1 0,0 0,0 1,1 0,0 0,0 1,0 0,0
LEAF 11,3 0,0 5,1 0,0 0,0 1,1 0,0 1,0 0,0 0,0
LEAF 11,3 0,0 5,1 0,0 0,0 1,1 1,0 0,0 0,0 0,0
LEAF 11,3 0,0 5,1 0,0 1,0 0,0 0,0 0,0 0,0 1,1
LEAF 11,3 0,0 5,1 0,0 1,0 0,0 0,0 0,1 0,0 0,1
LEAF 11,3 0,0 5,1 0,0 1,0 0,0 0,0 1,1 0,0 0,0
LEAF 11,3 0,0 5,1 0,0 1,0 0,0 0,1 0,0 0,0 0,1
LEAF 11,3 0,0 5,1 0,0 1,0 0,0 1,1 0,0 0,0 0,0
LEAF 11,3 0,0 5,1 0,0 2,0 0,0 0,0 0,0 0,0 0,1
LEAF 11,3 0,0 5,1 0,0 2,0 0,0 0,0 0,1 0,0 0,0
LEAF 11,3 0,0 5,1 0,0 2,0 0,0 0,1 0,0 0,0 0,0
LEAF 11,3 0,0 5,1 0,0 0,1 0,0 0,0 0,0 0,0 2,0
LEAF 11,3 0,0 5,1 0,0 0,1 0,0 0,0 0,0 1,0 0,1
LEAF 11,3 0,0 5,1 0,0 0,1 0,0 0,0 1,0 0,0 0,1
LEAF 11,3 0,0 5,1 0,0 0,1 0,0 0,0 2,0 0,0 0,0
LEAF 11,3 0,0 5,1 0,0 0,1 0,0 0,0 0,1 0,0 1,0
LEAF 11,3 0,0 5,1 0,0 0,1 0,0 0,0 0,1 1,0 0,0
LEAF 11,3 0,0 5,1 0,0 0,1 0,0 1,0 0,0 0,0 0,1
LEAF 11,3 0,0 5,1 0,0 0,1 0,0 2,0 0,0 0,0 0,0
LEAF 11,3 0,0 5,1 0,0 0,1 0,0 0,1 0,0 0,0 1,0
LEAF 11,3 0,0 5,1 0,0 0,1 1,0 0,0 0,0 0,0 0,1
LEAF 11,3 0,0 5,1 0,0 0,1 1,0 0,1 0,0 0,0 0,0
LEAF 11,3 0,0 5,1 0,0 1,1 0,0 0,0 0,0 0,0 1,0
LEAF 11,3 0,0 5,1 0,0 1,1 0,0 0,0 0,0 1,0 0,0
LEAF 11,3 0,0 5,1 0,0 1,1 0,0 0,0 1,0 0,0 0,0
LEAF 11,3 0,0 5,1 0,0 1,1 0,0 1,0 0,0 0,0 0,0
LEAF 11,3 0,0 5,1 0,0 1,1 1,0 0,0 0,0 0,0 0,0
LEAF 11,3 0,0 5,1 1,0 0,0 0,0 0,0 0,0 0,0 1,1
LEAF 11,3 0,0 5,1 1,0 0,0 0,0 0,0 0,1 0,0 0,1
LEAF 11,3 0,0 5,1 1,0 0,0 0,0 0,0 1,1 0,0 0,0
LEAF 11,3 0,0 5,1 1,0 0,0 0,0 0,1 0,0 0,0 0,1
LEAF 11,3 0,0 5,1 1,0 0,0 0,0 1,1 0,0 0,0 0,0
LEAF 11,3 0,0 5,1 1,0 0,1 0,0 0,0 0,0 0,0 0,1
LEAF 11,3 0,0 5,1 1,0 0,1 0,0 0,0 0,1 0,0 0,0
LEAF 11,3 0,0 5,1 1,0 0,1 0,0 0,1 0,0 0,0 0,0
LEAF 11,3 0,0 5,1 1,0 1,1 0,0 0,0 0,0 0,0 0,0
LEAF 11,3 0,0 5,1 2,0 0,0 0,0 0,0 0,0 0,0 0,1
LEAF 11,3 0,0 5,1 2,0 0,0 0,0 0,1 0,0 0,0 0,0
LEAF 11,3 0,0 5,1 0,1 0,0 0,0 0,0 0,0 0,0 2,0
LEAF 11,3 0,0 5,1 0,1 0,0 0,0 1,0 0,0 0,0 0,1
LEAF 11,3 0,0 5,1 0,1 0,0 0,0 2,0 0,0 0,0 0,0
LEAF 11,3 0,0 5,1 0,1 0,0 0,0 0,1 0,0 0,0 1,0
LEAF 11,3 0,0 5,1 1,1 0,0 0,0 0,0 0,0 0,0 1,0
LEAF 11,3 0,0 5,1 1,1 0,0 0,0 1,0 0,0 0,0 0,0
LEAF 11,3 0,0 0,2 0,0 0,0 0,0 0,0 0,0 0,0 4,2
LEAF 11,3 0,0 0,2 0,0 0,0 0,0 0,0 0,0 1,0 6,0
LEAF 11,3 0,0 0,2 0,0 0,0 0,0 0,0 0,0 6,0 1,0
LEAF 11,3 0,0 0,2 0,0 0,0 0,0 0,0 0,0 4,2 0,0
LEAF 11,3 0,0 0,2 0,0 0,0 0,0 0,0 1,0 0,0 6,0
LEAF 11,3 0,0 0,2 0,0 0,0 0,0 0,0 6,0 0,0 1,0
LEAF 11,3 0,0 0,2 0,0 0,0 0,0 0,0 6,0 1,0 0,0
LEAF 11,3 0,0 0,2 0,0 0,0 0,0 0,0 4,2 0,0 0,0
LEAF 11,3 0,0 0,2 0,0 0,0 0,0 1,0 0,0 0,0 6,0
LEAF 11,3 0,0 0,2 0,0 0,0 0,0 1,0 6,0 0,0 0,0
LEAF 11,3 0,0 0,2 0,0 0,0 0,0 6,0 0,0 0,0 1,0
LEAF 11,3 0,0 0,2 0,0 0,0 0,0 4,2 0,0 0,0 0,0
LEAF 11,3 0,0 0,2 0,0 0,0 1,0 0,0 0,0 0,0 6,0
LEAF 11,3 0,0 0,2 0,0 0,0 1,0 0,0 0,0 6,0 0,0
LEAF 11,3 0,0 0,2 0,0 0,0 1,0 0,0 6,0 0,0 0,0
LEAF 11,3 0,0 0,2 0,0 0,0 1,0 6,0 0,0 0,0 0,0
LEAF 11,3 0,0 0,2 0,0 0,0 6,0 0,0 0,0 0,0 1,0
LEAF 11,3 0,0 0,2 0,0 0,0 6,0 0,0 0,0 1,0 0,0
LEAF 11,3 0,0 0,2 0,0 0,0 6,0 0,0 1,0 0,0 0,0
LEAF 11,3 0,0 0,2 0,0 0,0 6,0 1,0 0,0 0,0 0,0
LEAF 11,3 0,0 0,2 0,0 0,0 4,2 0,0 0,0 0,0 0,0
LEAF 11,3 0,0 0,2 0,0 1,0 0,0 0,0 0,0 0,0 6,0
LEAF 11,3 0,0 0,2 0,0 1,0 0,0 0,0 6,0 0,0 0,0
LEAF 11,3 0,0 0,2 0,0 1,0 0,0 6,0 0,0 0,0 0,0
LEAF 11,3 0,0 0,2 0,0 6,0 0,0 0,0 0,0 0,0 1,0
LEAF 11,3 0,0 0,2 0,0 6,0 0,0 0,0 0,0 1,0 0,0
LEAF 11,3 0,0 0,2 0,0 6,0 0,0 0,0 1,0 0,0 0,0
LEAF 11,3 0,0 0,2 0,0 6,0 0,0 1,0 0,0 0,0 0,0
LEAF 11,3 0,0 0,2 0,0 6,0 1,0 0,0 0,0 0,0 0,0
LEAF 11,3 0,0 0,2 0,0 4,2 0,0 0,0 0,0 0,0 0,0
LEAF 11,3 0,0 0,2 1,0 0,0 0,0 0,0 0,0 0,0 6,0
LEAF 11,3 0,0 0,2 1,0 0,0 0,0 0,0 6,0 0,0 0,0
LEAF 11,3 0,0 0,2 1,0 0,0 0,0 6,0 0,0 0,0 0,0
LEAF 11,3 0,0 0,2 1,0 6,0 0,0 0,0 0,0 0,0 0,0
LEAF 11,3 0,0 0,2 6,0 0,0 0,0 0,0 0,0 0,0 1,0
LEAF 11,3 0,0 0,2 6,0 0,0 0,0 1,0 0,0 0,0 0,0
LEAF 11,3 0,0 0,2 4,2 0,0 0,0 0,0 0,0 0,0 0,0
LEAF 11,3 0,0 1,2 0,0 0,0 0,0 0,0 0,0 1,0 2,3
LEAF 11,3 0,0 1,2 0,0 0,0 0,0 0,0 0,0 0,1 3,2
LEAF 11,3 0,0 1,2 0,0 0,0 0,0 0,0 0,0 3,2 0,1
LEAF 11,3 0,0 1,2 0,0 0,0 0,0 0,0 0,0 2,3 1,0
LEAF 11,3 0,0 1,2 0,0 0,0 0,0 0,0 1,0 0,0 2,3
LEAF 11,3 0,0 1,2 0,0 0,0 0,0 0,0 0,1 0,0 3,2
LEAF 11,3 0,0 1,2 0,0 0,0 0,0 0,0 3,2 0,0 0,1
LEAF 11,3 0,0 1,2 0,0 0,0 0,0 0,0 2,3 0,0 1,0
LEAF 11,3 0,0 1,2 0,0 0,0 0,0 0,0 2,3 1,0 0,0
LEAF 11,3 0,0 1,2 0,0 0,0 0,0 1,0 0,0 0,0 2,3
LEAF 11,3 0,0 1,2 0,0 0,0 0,0 1,0 2,3 0,0 0,0
LEAF 11,3 0,0 1,2 0,0 0,0 0,0 0,1 0,0 0,0 3,2
LEAF 11,3 0,0 1,2 0,0 0,0 0,0 3,2 0,0 0,0 0,1
LEAF 11,3 0,0 1,2 0,0 0,0 0,0 2,3 0,0 0,0 1,0
LEAF 11,3 0,0 1,2 0,0 0,0 1,0 0,0 0,0 0,0 2,3
LEAF 11,3 0,0 1,2 0,0 0,0 1,0 0,0 0,0 2,3 0,0
LEAF 11,3 0,0 1,2 0,0 0,0 1,0 0,0 2,3 0,0 0,0
LEAF 11,3 0,0 1,2 0,0 0,0 1,0 2,3 0,0 0,0 0,0
LEAF 11,3 0,0 1,2 0,0 0,0 0,1 0,0 0,0 0,0 3,2
LEAF 11,3 0,0 1,2 0,0 0,0 0,1 0,0 0,0 3,2 0,0
LEAF 11,3 0,0 1,2 0,0 0,0 0,1 0,0 3,2 0,0 0,0
LEAF 11,3 0,0 1,2 0,0 0,0 0,1 3,2 0,0 0,0 0,0
LEAF 11,3 0,0 1,2 0,0 0,0 3,2 0,0 0,0 0,0 0,1
LEAF 11,3 0,0 1,2 0,0 0,0 3,2 0,0 0,0 0,1 0,0
LEAF 11,3 0,0 1,2 0,0 0,0 3,2 0,0 0,1 0,0 0,0
LEAF 11,3 0,0 1,2 0,0 0,0 3,2 0,1 0,0 0,0 0,0
LEAF 11,3 0,0 1,2 0,0 0,0 2,3 0,0 0,0 0,0 1,0
LEAF 11,3 0,0 1,2 0,0 0,0 2,3 0,0 0,0 1,0 0,0
LEAF 11,3 0,0 1,2 0,0 0,0 2,3 0,0 1,0 0,0 0,0
LEAF 11,3 0,0 1,2 0,0 0,0 2,3 1,0 0,0 0,0 0,0
LEAF 11,3 0,0 1,2 0,0 1,0 0,0 0,0 0,0 0,0 2,3
LEAF 11,3 0,0 1,2 0,0 1,0 0,0 0,0 2,3 0,0 0,0
LEAF 11,3 0,0 1,2 0,0 1,0 0,0 2,3 0,0 0,0 0,0
LEAF 11,3 0,0 1,2 0,0 0,1 0,0 0,0 0,0 0,0 3,2
LEAF 11,3 0,0 1,2 0,0 0,1 0,0 0,0 3,2 0,0 0,0
LEAF 11,3 0,0 1,2 0,0 0,1 0,0 3,2 0,0 0,0 0,0
LEAF 11,3 0,0 1,2 0,0 3,2 0,0 0,0 0,0 0,0 0,1
LEAF 11,3 0,0 1,2 0,0 3,2 0,0 0,0 0,1 0,0 0,0
LEAF 11,3 0,0 1,2 0,0 3,2 0,0 0,1 0,0 0,0 0,0
LEAF 11,3 0,0 1,2 0,0 2,3 0,0 0,0 0,0 0,0 1,0
LEAF 11,3 0,0 1,2 0,0 2,3 0,0 0,0 0,0 1,0 0,0
LEAF 11,3 0,0 1,2 0,0 2,3 0,0 0,0 1,0 0,0 0,0
LEAF 11,3 0,0 1,2 0,0 2,3 0,0 1,0 0,0 0,0 0,0
LEAF 11,3 0,0 1,2 0,0 2,3 1,0 0,0 0,0 0,0 0,0
LEAF 11,3 0,0 1,2 1,0 0,0 0,0 0,0 0,0 0,0 2,3
LEAF 11,3 0,0 1,2 1,0 0,0 0,0 0,0 2,3 0,0 0,0
LEAF 11,3 0,0 1,2 1,0 0,0 0,0 2,3 0,0 0,0 0,0
LEAF 11,3 0,0 1,2 1,0 2,3 0,0 0,0 0,0 0,0 0,0
LEAF 11,3 0,0 1,2 0,1 0,0 0,0 0,0 0,0 0,0 3,2
LEAF 11,3 0,0 1,2 0,1 0,0 0,0 3,2 0,0 0,0 0,0
LEAF 11,3 0,0 1,2 3,2 0,0 0,0 0,0 0,0 0,0 0,1
LEAF 11,3 0,0 1,2 3,2 0,0 0,0 0,1 0,0 0,0 0,0
LEAF 11,3 0,0 1,2 2,3 0,0 0,0 0,0 0,0 0,0 1,0
LEAF 11,3 0,0 1,2 2,3 0,0 0,0 1,0 0,0 0,0 0,0
LEAF 11,3 0,0 2,2 0,0 0,0 0,0 0,0 0,0 0,0 5,0
LEAF 11,3 0,0 2,2 0,0 0,0 0,0 0,0 0,0 5,0 0,0
LEAF 11,3 0,0 2,2 0,0 0,0 0,0 0,0 5,0 0,0 0,0
LEAF 11,3 0,0 2,2 0,0 0,0 0,0 5,0 0,0 0,0 0,0
LEAF 11,3 0,0 2,2 0,0 0,0 5,0 0,0 0,0 0,0 0,0
LEAF 11,3 0,0 2,2 0,0 5,0 0,0 0,0 0,0 0,0 0,0
LEAF 11,3 0,0 2,2 5,0 0,0 0,0 0,0 0,0 0,0 0,0
LEAF 11,3 0,0 3,2 0,0 0,0 0,0 0,0 0,0 0,0 4,0
LEAF 11,3 0,0 3,2 0,0 0,0 0,0 0,0 0,0 1,0 0,3
LEAF 11,3 0,0 3,2 0,0 0,0 0,0 0,0 0,0 4,0 0,0
LEAF 11,3 0,0 3,2 0,0 0,0 0,0 0,0 0,0 0,1 1,2
LEAF 11,3 0,0 3,2 0,0 0,0 0,0 0,0 0,0 1,2 0,1
LEAF 11,3 0,0 3,2 0,0 0,0 0,0 0,0 0,0 0,3 1,0
LEAF 11,3 0,0 3,2 0,0 0,0 0,0 0,0 1,0 0,0 0,3
LEAF 11,3 0,0 3,2 0,0 0,0 0,0 0,0 4,0 0,0 0,0
LEAF 11,3 0,0 3,2 0,0 0,0 0,0 0,0 0,1 0,0 1,2
LEAF 11,3 0,0 3,2 0,0 0,0 0,0 0,0 1,2 0,0 0,1
LEAF 11,3 0,0 3,2 0,0 0,0 0,0 0,0 0,3 0,0 1,0
LEAF 11,3 0,0 3,2 0,0 0,0 0,0 0,0 0,3 1,0 0,0
LEAF 11,3 0,0 3,2 0,0 0,0 0,0 1,0 0,0 0,0 0,3
LEAF 11,3 0,0 3,2 0,0 0,0 0,0 1,0 0,3 0,0 0,0
LEAF 11,3 0,0 3,2 0,0 0,0 0,0 4,0 0,0 0,0 0,0
LEAF 11,3 0,0 3,2 0,0 0,0 0,0 0,1 0,0 0,0 1,2
LEAF 11,3 0,0 3,2 0,0 0,0 0,0 1,2 0,0 0,0 0,1
LEAF 11,3 0,0 3,2 0,0 0,0 0,0 0,3 0,0 0,0 1,0
LEAF 11,3 0,0 3,2 0,0 0,0 1,0 0,0 0,0 0,0 0,3
LEAF 11,3 0,0 3,2 0,0 0,0 1,0 0,0 0,0 0,3 0,0
LEAF 11,3 0,0 3,2 0,0 0,0 1,0 0,0 0,3 0,0 0,0
LEAF 11,3 0,0 3,2 0,0 0,0 1,0 0,3 0,0 0,0 0,0
LEAF 11,3 0,0 3,2 0,0 0,0 4,0 0,0 0,0 0,0 0,0
LEAF 11,3 0,0 3,2 0,0 0,0 0,1 0,0 0,0 0,0 1,2
LEAF 11,3 0,0 3,2 0,0 0,0 0,1 0,0 0,0 1,2 0,0
LEAF 11,3 0,0 3,2 0,0 0,0 0,1 0,0 1,2 0,0 0,0
LEAF 11,3 0,0 3,2 0,0 0,0 0,1 1,2 0,0 0,0 0,0
LEAF 11,3 0,0 3,2 0,0 0,0 1,2 0,0 0,0 0,0 0,1
LEAF 11,3 0,0 3,2 0,0 0,0 1,2 0,0 0,0 0,1 0,0
LEAF 11,3 0,0 3,2 0,0 0,0 1,2 0,0 0,1 0,0 0,0
LEAF 11,3 0,0 3,2 0,0 0,0 1,2 0,1 0,0 0,0 0,0
LEAF 11,3 0,0 3,2 0,0 0,0 0,3 0,0 0,0 0,0 1,0
LEAF 11,3 0,0 3,2 0,0 0,0 0,3 0,0 0,0 1,0 0,0
LEAF 11,3 0,0 3,2 0,0 0,0 0,3 0,0 1,0 0,0 0,0
LEAF 11,3 0,0 3,2 0,0 0,0 0,3 1,0 0,0 0,0 0,0
LEAF 11,3 0,0 3,2 0,0 1,0 0,0 0,0 0,0 0,0 0,3
LEAF 11,3 0,0 3,2 0,0 1,0 0,0 0,0 0,3 0,0 0,0
LEAF 11,3 0,0 3,2 0,0 1,0 0,0 0,3 0,0 0,0 0,0
LEAF 11,3 0,0 3,2 0,0 4,0 0,0 0,0 0,0 0,0 0,0
LEAF 11,3 0,0 3,2 0,0 0,1 0,0 0,0 0,0 0,0 1,2
LEAF 11,3 0,0 3,2 0,0 0,1 0,0 0,0 1,2 0,0 0,0
LEAF 11,3 0,0 3,2 0,0 0,1 0,0 1,2 0,0 0,0 0,0
LEAF 11,3 0,0 3,2 0,0 1,2 0,0 0,0 0,0 0,0 0,1
LEAF 11,3 0,0 3,2 0,0 1,2 0,0 0,0 0,1 0,0 0,0
LEAF 11,3 0,0 3,2 0,0 1,2 0,0 0,1 0,0 0,0 0,0
LEAF 11,3 0,0 3,2 0,0 0,3 0,0 0,0 0,0 0,0 1,0
LEAF 11,3 0,0 3,2 0,0 0,3 0,0 0,0 0,0 1,0 0,0
LEAF 11,3 0,0 3,2 0,0 0,3 0,0 0,0 1,0 0,0 0,0
LEAF 11,3 0,0 3,2 0,0 0,3 0,0 1,0 0,0 0,0 0,0
LEAF 11,3 0,0 3,2 0,0 0,3 1,0 0,0 0,0 0,0 0,0
LEAF 11,3 0,0 3,2 1,0 0,0 0,0 0,0 0,0 0,0 0,3
LEAF 11,3 0,0 3,2 1,0 0,0 0,0 0,0 0,3 0,0 0,0
LEAF 11,3 0,0 3,2 1,0 0,0 0,0 0,3 0,0 0,0 0,0
LEAF 11,3 0,0 3,2 1,0 0,3 0,0 0,0 0,0 0,0 0,0
LEAF 11,3 0,0 3,2 4,0 0,0 0,0 0,0 0,0 0,0 0,0
LEAF 11,3 0,0 3,2 0,1 0,0 0,0 0,0 0,0 0,0 1,2
LEAF 11,3 0,0 3,2 0,1 0,0 0,0 1,2 0,0 0,0 0,0
LEAF 11,3 0,0 3,2 1,2 0,0 0,0 0,0 0,0 0,0 0,1
LEAF 11,3 0,0 3,2 1,2 0,0 0,0 0,1 0,0 0,0 0,0
LEAF 11,3 0,0 3,2 0,3 0,0 0,0 0,0 0,0 0,0 1,0
LEAF 11,3 0,0 3,2 0,3 0,0 0,0 1,0 0,0 0,0 0,0
LEAF 11,3 0,0 4,2 0,0 0,0 0,0 0,0 0,0 0,0 0,2
LEAF 11,3 0,0 4,2 0,0 0,0 0,0 0,0 0,0 1,0 2,0
LEAF 11,3 0,0 4,2 0,0 0,0 0,0 0,0 0,0 2,0 1,0
LEAF 11,3 0,0 4,2 0,0 0,0 0,0 0,0 0,0 0,2 0,0
LEAF 11,3 0,0 4,2 0,0 0,0 0,0 0,0 1,0 0,0 2,0
LEAF 11,3 0,0 4,2 0,0 0,0 0,0 0,0 1,0 1,0 0,1
LEAF 11,3 0,0 4,2 0,0 0,0 0,0 0,0 1,0 2,0 0,0
LEAF 11,3 0,0 4,2 0,0 0,0 0,0 0,0 2,0 0,0 1,0
LEAF 11,3 0,0 4,2 0,0 0,0 0,0 0,0 2,0 1,0 0,0
LEAF 11,3 0,0 4,2 0,0 0,0 0,0 0,0 0,1 1,0 1,0
LEAF 11,3 0,0 4,2 0,0 0,0 0,0 0,0 0,2 0,0 0,0
LEAF 11,3 0,0 4,2 0,0 0,0 0,0 1,0 0,0 0,0 2,0
LEAF 11,3 0,0 4,2 0,0 0,0 0,0 1,0 0,0 1,0 0,1
LEAF 11,3 0,0 4,2 0,0 0,0 0,0 1,0 1,0 0,0 0,1
LEAF 11,3 0,0 4,2 0,0 0,0 0,0 1,0 2,0 0,0 0,0
LEAF 11,3 0,0 4,2 0,0 0,0 0,0 1,0 0,1 0,0 1,0
LEAF 11,3 0,0 4,2 0,0 0,0 0,0 1,0 0,1 1,0 0,0
LEAF 11,3 0,0 4,2 0,0 0,0 0,0 2,0 0,0 0,0 1,0
LEAF 11,3 0,0 4,2 0,0 0,0 0,0 2,0 1,0 0,0 0,0
LEAF 11,3 0,0 4,2 0,0 0,0 0,0 0,2 0,0 0,0 0,0
LEAF 11,3 0,0 4,2 0,0 0,0 1,0 0,0 0,0 0,0 2,0
LEAF 11,3 0,0 4,2 0,0 0,0 1,0 0,0 0,0 1,0 0,1
LEAF 11,3 0,0 4,2 0,0 0,0 1,0 0,0 0,0 2,0 0,0
LEAF 11,3 0,0 4,2 0,0 0,0 1,0 0,0 0,0 0,1 1,0
LEAF 11,3 0,0 4,2 0,0 0,0 1,0 0,0 1,0 0,0 0,1
LEAF 11,3 0,0 4,2 0,0 0,0 1,0 0,0 2,0 0,0 0,0
LEAF 11,3 0,0 4,2 0,0 0,0 1,0 0,0 0,1 0,0 1,0
LEAF 11,3 0,0 4,2 0,0 0,0 1,0 0,0 0,1 1,0 0,0
LEAF 11,3 0,0 4,2 0,0 0,0 1,0 1,0 0,0 0,0 0,1
LEAF 11,3 0,0 4,2 0,0 0,0 1,0 1,0 0,1 0,0 0,0
LEAF 11,3 0,0 4,2 0,0 0,0 1,0 2,0 0,0 0,0 0,0
LEAF 11,3 0,0 4,2 0,0 0,0 1,0 0,1 0,0 0,0 1,0
LEAF 11,3 0,0 4,2 0,0 0,0 2,0 0,0 0,0 0,0 1,0
LEAF 11,3 0,0 4,2 0,0 0,0 2,0 0,0 0,0 1,0 0,0
LEAF 11,3 0,0 4,2 0,0 0,0 2,0 0,0 1,0 0,0 0,0
LEAF 11,3 0,0 4,2 0,0 0,0 2,0 1,0 0,0 0,0 0,0
LEAF 11,3 0,0 4,2 0,0 0,0 0,1 0,0 0,0 1,0 1,0
LEAF 11,3 0,0 4,2 0,0 0,0 0,1 0,0 1,0 0,0 1,0
LEAF 11,3 0,0 4,2 0,0 0,0 0,1 0,0 1,0 1,0 0,0
LEAF 11,3 0,0 4,2 0,0 0,0 0,1 1,0 0,0 0,0 1,0
LEAF 11,3 0,0 4,2 0,0 0,0 0,1 1,0 0,0 1,0 0,0
LEAF 11,3 0,0 4,2 0,0 0,0 0,1 1,0 1,0 0,0 0,0
LEAF 11,3 0,0 4,2 0,0 0,0 0,2 0,0 0,0 0,0 0,0
LEAF 11,3 0,0 4,2 0,0 1,0 0,0 0,0 0,0 0,0 2,0
LEAF 11,3 0,0 4,2 0,0 1,0 0,0 0,0 0,0 1,0 0,1
LEAF 11,3 0,0 4,2 0,0 1,0 0,0 0,0 0,0 2,0 0,0
LEAF 11,3 0,0 4,2 0,0 1,0 0,0 0,0 1,0 0,0 0,1
LEAF 11,3 0,0 4,2 0,0 1,0 0,0 0,0 2,0 0,0 0,0
LEAF 11,3 0,0 4,2 0,0 1,0 0,0 0,0 0,1 0,0 1,0
LEAF 11,3 0,0 4,2 0,0 1,0 0,0 0,0 0,1 1,0 0,0
LEAF 11,3 0,0 4,2 0,0 1,0 0,0 1,0 0,0 0,0 0,1
LEAF 11,3 0,0 4,2 0,0 1,0 0,0 2,0 0,0 0,0 0,0
LEAF 11,3 0,0 4,2 0,0 1,0 0,0 0,1 0,0 0,0 1,0
LEAF 11,3 0,0 4,2 0,0 1,0 1,0 0,0 0,0 0,0 0,1
LEAF 11,3 0,0 4,2 0,0 1,0 1,0 0,0 0,1 0,0 0,0
LEAF 11,3 0,0 4,2 0,0 1,0 1,0 0,1 0,0 0,0 0,0
LEAF 11,3 0,0 4,2 0,0 1,0 2,0 0,0 0,0 0,0 0,0
LEAF 11,3 0,0 4,2 0,0 2,0 0,0 0,0 0,0 0,0 1,0
LEAF 11,3 0,0 4,2 0,0 2,0 0,0 0,0 0,0 1,0 0,0
LEAF 11,3 0,0 4,2 0,0 2,0 0,0 0,0 1,0 0,0 0,0
LEAF 11,3 0,0 4,2 0,0 2,0 0,0 1,0 0,0 0,0 0,0
LEAF 11,3 0,0 4,2 0,0 2,0 1,0 0,0 0,0 0,0 0,0
LEAF 11,3 0,0 4,2 0,0 0,1 0,0 0,0 0,0 1,0 1,0
LEAF 11,3 0,0 4,2 0,0 0,1 0,0 0,0 1,0 0,0 1,0
LEAF 11,3 0,0 4,2 0,0 0,1 0,0 0,0 1,0 1,0 0,0
LEAF 11,3 0,0 4,2 0,0 0,1 0,0 1,0 0,0 0,0 1,0
LEAF 11,3 0,0 4,2 0,0 0,1 0,0 1,0 1,0 0,0 0,0
LEAF 11,3 0,0 4,2 0,0 0,1 1,0 0,0 0,0 0,0 1,0
LEAF 11,3 0,0 4,2 0,0 0,1 1,0 1,0 0,0 0,0 0,0
LEAF 11,3 0,0 4,2 0,0 0,2 0,0 0,0 0,0 0,0 0,0
LEAF 11,3 0,0 4,2 1,0 0,0 0,0 0,0 0,0 0,0 2,0
LEAF 11,3 0,0 4,2 1,0 0,0 0,0 0,0 0,0 1,0 0,1
LEAF 11,3 0,0 4,2 1,0 0,0 0,0 0,0 1,0 0,0 0,1
LEAF 11,3 0,0 4,2 1,0 0,0 0,0 0,0 2,0 0,0 0,0
LEAF 11,3 0,0 4,2 1,0 0,0 0,0 0,0 0,1 0,0 1,0
LEAF 11,3 0,0 4,2 1,0 0,0 0,0 0,0 0,1 1,0 0,0
LEAF 11,3 0,0 4,2 1,0 0,0 0,0 1,0 0,0 0,0 0,1
LEAF 11,3 0,0 4,2 1,0 0,0 0,0 2,0 0,0 0,0 0,0
LEAF 11,3 0,0 4,2 1,0 0,0 0,0 0,1 0,0 0,0 1,0
LEAF 11,3 0,0 4,2 1,0 0,0 1,0 0,0 0,0 0,0 0,1
LEAF 11,3 0,0 4,2 1,0 0,0 1,0 0,1 0,0 0,0 0,0
LEAF 11,3 0,0 4,2 1,0 1,0 0,0 0,0 0,0 0,0 0,1
LEAF 11,3 0,0 4,2 1,0 1,0 0,0 0,0 0,1 0,0 0,0
LEAF 11,3 0,0 4,2 1,0 1,0 0,0 0,1 0,0 0,0 0,0
LEAF 11,3 0,0 4,2 1,0 2,0 0,0 0,0 0,0 0,0 0,0
LEAF 11,3 0,0 4,2 1,0 0,1 0,0 0,0 0,0 0,0 1,0
LEAF 11,3 0,0 4,2 1,0 0,1 0,0 0,0 0,0 1,0 0,0
LEAF 11,3 0,0 4,2 1,0 0,1 0,0 0,0 1,0 0,0 0,0
LEAF 11,3 0,0 4,2 1,0 0,1 0,0 1,0 0,0 0,0 0,0
LEAF 11,3 0,0 4,2 1,0 0,1 1,0 0,0 0,0 0,0 0,0
LEAF 11,3 0,0 4,2 2,0 0,0 0,0 0,0 0,0 0,0 1,0
LEAF 11,3 0,0 4,2 2,0 0,0 0,0 0,0 1,0 0,0 0,0
LEAF 11,3 0,0 4,2 2,0 0,0 0,0 1,0 0,0 0,0 0,0
LEAF 11,3 0,0 4,2 2,0 1,0 0,0 0,0 0,0 0,0 0,0
LEAF 11,3 0,0 4,2 0,1 0,0 0,0 1,0 0,0 0,0 1,0
LEAF 11,3 0,0 4,2 0,2 0,0 0,0 0,0 0,0 0,0 0,0
LEAF 11,3 0,0 0,3 0,0 0,0 0,0 0,0 0,0 1,0 3,2
LEAF 11,3 0,0 0,3 0,0 0,0 0,0 0,0 0,0 0,1 4,1
LEAF 11,3 0,0 0,3 0,0 0,0 0,0 0,0 0,0 4,1 0,1
LEAF 11,3 0,0 0,3 0,0 0,0 0,0 0,0 0,0 3,2 1,0
LEAF 11,3 0,0 0,3 0,0 0,0 0,0 0,0 1,0 0,0 3,2
LEAF 11,3 0,0 0,3 0,0 0,0 0,0 0,0 0,1 0,0 4,1
LEAF 11,3 0,0 0,3 0,0 0,0 0,0 0,0 4,1 0,0 0,1
LEAF 11,3 0,0 0,3 0,0 0,0 0,0 0,0 3,2 0,0 1,0
LEAF 11,3 0,0 0,3 0,0 0,0 0,0 0,0 3,2 1,0 0,0
LEAF 11,3 0,0 0,3 0,0 0,0 0,0 1,0 0,0 0,0 3,2
LEAF 11,3 0,0 0,3 0,0 0,0 0,0 1,0 3,2 0,0 0,0
LEAF 11,3 0,0 0,3 0,0 0,0 0,0 0,1 0,0 0,0 4,1
LEAF 11,3 0,0 0,3 0,0 0,0 0,0 4,1 0,0 0,0 0,1
LEAF 11,3 0,0 0,3 0,0 0,0 0,0 3,2 0,0 0,0 1,0
LEAF 11,3 0,0 0,3 0,0 0,0 1,0 0,0 0,0 0,0 3,2
LEAF 11,3 0,0 0,3 0,0 0,0 1,0 0,0 0,0 3,2 0,0
LEAF 11,3 0,0 0,3 0,0 0,0 1,0 0,0 3,2 0,0 0,0
LEAF 11,3 0,0 0,3 0,0 0,0 1,0 3,2 0,0 0,0 0,0
LEAF 11,3 0,0 0,3 0,0 0,0 0,1 0,0 0,0 0,0 4,1
LEAF 11,3 0,0 0,3 0,0 0,0 0,1 0,0 0,0 4,1 0,0
LEAF 11,3 0,0 0,3 0,0 0,0 0,1 0,0 4,1 0,0 0,0
LEAF 11,3 0,0 0,3 0,0 0,0 0,1 4,1 0,0 0,0 0,0
LEAF 11,3 0,0 0,3 0,0 0,0 4,1 0,0 0,0 0,0 0,1
LEAF 11,3 0,0 0,3 0,0 0,0 4,1 0,0 0,0 0,1 0,0
LEAF 11,3 0,0 0,3 0,0 0,0 4,1 0,0 0,1 0,0 0,0
LEAF 11,3 0,0 0,3 0,0 0,0 4,1 0,1 0,0 0,0 0,0
LEAF 11,3 0,0 0,3 0,0 0,0 3,2 0,0 0,0 0,0 1,0
LEAF 11,3 0,0 0,3 0,0 0,0 3,2 0,0 0,0 1,0 0,0
LEAF 11,3 0,0 0,3 0,0 0,0 3,2 0,0 1,0 0,0 0,0
LEAF 11,3 0,0 0,3 0,0 0,0 3,2 1,0 0,0 0,0 0,0
LEAF 11,3 0,0 0,3 0,0 1,0 0,0 0,0 0,0 0,0 3,2
LEAF 11,3 0,0 0,3 0,0 1,0 0,0 0,0 3,2 0,0 0,0
LEAF 11,3 0,0 0,3 0,0 1,0 0,0 3,2 0,0 0,0 0,0
LEAF 11,3 0,0 0,3 0,0 0,1 0,0 0,0 0,0 0,0 4,1
LEAF 11,3 0,0 0,3 0,0 0,1 0,0 0,0 4,1 0,0 0,0
LEAF 11,3 0,0 0,3 0,0 0,1 0,0 4,1 0,0 0,0 0,0
LEAF 11,3 0,0 0,3 0,0 4,1 0,0 0,0 0,0 0,0 0,1
LEAF 11,3 0,0 0,3 0,0 4,1 0,0 0,0 0,1 0,0 0,0
LEAF 11,3 0,0 0,3 0,0 4,1 0,0 0,1 0,0 0,0 0,0
LEAF 11,3 0,0 0,3 0,0 3,2 0,0 0,0 0,0 0,0 1,0
LEAF 11,3 0,0 0,3 0,0 3,2 0,0 0,0 0,0 1,0 0,0
LEAF 11,3 0,0 0,3 0,0 3,2 0,0 0,0 1,0 0,0 0,0
LEAF 11,3 0,0 0,3 0,0 3,2 0,0 1,0 0,0 0,0 0,0
LEAF 11,3 0,0 0,3 0,0 3,2 1,0 0,0 0,0 0,0 0,0
LEAF 11,3 0,0 0,3 1,0 0,0 0,0 0,0 0,0 0,0 3,2
LEAF 11,3 0,0 0,3 1,0 0,0 0,0 0,0 3,2 0,0 0,0
LEAF 11,3 0,0 0,3 1,0 0,0 0,0 3,2 0,0 0,0 0,0
LEAF 11,3 0,0 0,3 1,0 3,2 0,0 0,0 0,0 0,0 0,0
LEAF 11,3 0,0 0,3 0,1 0,0 0,0 0,0 0,0 0,0 4,1
LEAF 11,3 0,0 0,3 0,1 0,0 0,0 4,1 0,0 0,0 0,0
LEAF 11,3 0,0 0,3 4,1 0,0 0,0 0,0 0,0 0,0 0,1
LEAF 11,3 0,0 0,3 4,1 0,0 0,0 0,1 0,0 0,0 0,0
LEAF 11,3 0,0 0,3 3,2 0,0 0,0 0,0 0,0 0,0 1,0
LEAF 11,3 0,0 0,3 3,2 0,0 0,0 1,0 0,0 0,0 0,0
LEAF 11,3 0,0 2,3 0,0 0,0 0,0 0,0 0,0 1,0 1,2
LEAF 11,3 0,0 2,3 0,0 0,0 0,0 0,0 0,0 0,1 2,1
LEAF 11,3 0,0 2,3 0,0 0,0 0,0 0,0 0,0 2,1 0,1
LEAF 11,3 0,0 2,3 0,0 0,0 0,0 0,0 0,0 1,2 1,0
LEAF 11,3 0,0 2,3 0,0 0,0 0,0 0,0 1,0 0,0 1,2
LEAF 11,3 0,0 2,3 0,0 0,0 0,0 0,0 0,1 0,0 2,1
LEAF 11,3 0,0 2,3 0,0 0,0 0,0 0,0 2,1 0,0 0,1
LEAF 11,3 0,0 2,3 0,0 0,0 0,0 0,0 1,2 0,0 1,0
LEAF 11,3 0,0 2,3 0,0 0,0 0,0 0,0 1,2 1,0 0,0
LEAF 11,3 0,0 2,3 0,0 0,0 0,0 1,0 0,0 0,0 1,2
LEAF 11,3 0,0 2,3 0,0 0,0 0,0 1,0 1,2 0,0 0,0
LEAF 11,3 0,0 2,3 0,0 0,0 0,0 0,1 0,0 0,0 2,1
LEAF 11,3 0,0 2,3 0,0 0,0 0,0 2,1 0,0 0,0 0,1
LEAF 11,3 0,0 2,3 0,0 0,0 0,0 1,2 0,0 0,0 1,0
LEAF 11,3 0,0 2,3 0,0 0,0 1,0 0,0 0,0 0,0 1,2
LEAF 11,3 0,0 2,3 0,0 0,0 1,0 0,0 0,0 1,2 0,0
LEAF 11,3 0,0 2,3 0,0 0,0 1,0 0,0 1,2 0,0 0,0
LEAF 11,3 0,0 2,3 0,0 0,0 1,0 1,2 0,0 0,0 0,0
LEAF 11,3 0,0 2,3 0,0 0,0 0,1 0,0 0,0 0,0 2,1
LEAF 11,3 0,0 2,3 0,0 0,0 0,1 0,0 0,0 2,1 0,0
LEAF 11,3 0,0 2,3 0,0 0,0 0,1 0,0 2,1 0,0 0,0
LEAF 11,3 0,0 2,3 0,0 0,0 0,1 2,1 0,0 0,0 0,0
LEAF 11,3 0,0 2,3 0,0 0,0 2,1 0,0 0,0 0,0 0,1
LEAF 11,3 0,0 2,3 0,0 0,0 2,1 0,0 0,0 0,1 0,0
LEAF 11,3 0,0 2,3 0,0 0,0 2,1 0,0 0,1 0,0 0,0
LEAF 11,3 0,0 2,3 0,0 0,0 2,1 0,1 0,0 0,0 0,0
LEAF 11,3 0,0 2,3 0,0 0,0 1,2 0,0 0,0 0,0 1,0
LEAF 11,3 0,0 2,3 0,0 0,0 1,2 0,0 0,0 1,0 0,0
LEAF 11,3 0,0 2,3 0,0 0,0 1,2 0,0 1,0 0,0 0,0
LEAF 11,3 0,0 2,3 0,0 0,0 1,2 1,0 0,0 0,0 0,0
LEAF 11,3 0,0 2,3 0,0 1,0 0,0 0,0 0,0 0,0 1,2
LEAF 11,3 0,0 2,3 0,0 1,0 0,0 0,0 1,2 0,0 0,0
LEAF 11,3 0,0 2,3 0,0 1,0 0,0 1,2 0,0 0,0 0,0
LEAF 11,3 0,0 2,3 0,0 0,1 0,0 0,0 0,0 0,0 2,1
LEAF 11,3 0,0 2,3 0,0 0,1 0,0 0,0 2,1 0,0 0,0
LEAF 11,3 0,0 2,3 0,0 0,1 0,0 2,1 0,0 0,0 0,0
LEAF 11,3 0,0 2,3 0,0 2,1 0,0 0,0 0,0 0,0 0,1
LEAF 11,3 0,0 2,3 0,0 2,1 0,0 0,0 0,1 0,0 0,0
LEAF 11,3 0,0 2,3 0,0 2,1 0,0 0,1 0,0 0,0 0,0
LEAF 11,3 0,0 2,3 0,0 1,2 0,0 0,0 0,0 0,0 1,0
LEAF 11,3 0,0 2,3 0,0 1,2 0,0 0,0 0,0 1,0 0,0
LEAF 11,3 0,0 2,3 0,0 1,2 0,0 0,0 1,0 0,0 0,0
LEAF 11,3 0,0 2,3 0,0 1,2 0,0 1,0 0,0 0,0 0,0
LEAF 11,3 0,0 2,3 0,0 1,2 1,0 0,0 0,0 0,0 0,0
LEAF 11,3 0,0 2,3 1,0 0,0 0,0 0,0 0,0 0,0 1,2
LEAF 11,3 0,0 2,3 1,0 0,0 0,0 0,0 1,2 0,0 0,0
LEAF 11,3 0,0 2,3 1,0 0,0 0,0 1,2 0,0 0,0 0,0
LEAF 11,3 0,0 2,3 1,0 1,2 0,0 0,0 0,0 0,0 0,0
LEAF 11,3 0,0 2,3 0,1 0,0 0,0 0,0 0,0 0,0 2,1
LEAF 11,3 0,0 2,3 0,1 0,0 0,0 2,1 0,0 0,0 0,0
LEAF 11,3 0,0 2,3 2,1 0,0 0,0 0,0 0,0 0,0 0,1
LEAF 11,3 0,0 2,3 2,1 0,0 0,0 0,1 0,0 0,0 0,0
LEAF 11,3 0,0 2,3 1,2 0,0 0,0 0,0 0,0 0,0 1,0
LEAF 11,3 0,0 2,3 1,2 0,0 0,0 1,0 0,0 0,0 0,0
LEAF 11,3 0,0 3,3 0,0 0,0 0,0 0,0 0,0 0,0 1,1
LEAF 11,3 0,0 3,3 0,0 0,0 0,0 0,0 0,0 0,1 0,1
LEAF 11,3 0,0 3,3 0,0 0,0 0,0 0,0 0,0 1,1 0,0
LEAF 11,3 0,0 3,3 0,0 0,0 0,0 0,0 1,0 1,0 1,0
LEAF 11,3 0,0 3,3 0,0 0,0 0,0 0,0 0,1 0,0 0,1
LEAF 11,3 0,0 3,3 0,0 0,0 0,0 0,0 1,1 0,0 0,0
LEAF 11,3 0,0 3,3 0,0 0,0 0,0 1,0 0,0 1,0 1,0
LEAF 11,3 0,0 3,3 0,0 0,0 0,0 1,0 1,0 0,0 1,0
LEAF 11,3 0,0 3,3 0,0 0,0 0,0 1,0 1,0 1,0 0,0
LEAF 11,3 0,0 3,3 0,0 0,0 0,0 0,1 0,0 0,0 0,1
LEAF 11,3 0,0 3,3 0,0 0,0 0,0 1,1 0,0 0,0 0,0
LEAF 11,3 0,0 3,3 0,0 0,0 1,0 0,0 0,0 1,0 1,0
LEAF 11,3 0,0 3,3 0,0 0,0 1,0 0,0 1,0 0,0 1,0
LEAF 11,3 0,0 3,3 0,0 0,0 1,0 0,0 1,0 1,0 0,0
LEAF 11,3 0,0 3,3 0,0 0,0 1,0 1,0 0,0 0,0 1,0
LEAF 11,3 0,0 3,3 0,0 0,0 1,0 1,0 0,0 1,0 0,0
LEAF 11,3 0,0 3,3 0,0 0,0 1,0 1,0 1,0 0,0 0,0
LEAF 11,3 0,0 3,3 0,0 0,0 0,1 0,0 0,0 0,0 0,1
LEAF 11,3 0,0 3,3 0,0 0,0 0,1 0,0 0,0 0,1 0,0
LEAF 11,3 0,0 3,3 0,0 0,0 0,1 0,0 0,1 0,0 0,0
LEAF 11,3 0,0 3,3 0,0 0,0 0,1 0,1 0,0 0,0 0,0
LEAF 11,3 0,0 3,3 0,0 0,0 1,1 0,0 0,0 0,0 0,0
LEAF 11,3 0,0 3,3 0,0 1,0 0,0 0,0 0,0 1,0 1,0
LEAF 11,3 0,0 3,3 0,0 1,0 0,0 0,0 1,0 0,0 1,0
LEAF 11,3 0,0 3,3 0,0 1,0 0,0 0,0 1,0 1,0 0,0
LEAF 11,3 0,0 3,3 0,0 1,0 0,0 1,0 0,0 0,0 1,0
LEAF 11,3 0,0 3,3 0,0 1,0 0,0 1,0 1,0 0,0 0,0
LEAF 11,3 0,0 3,3 0,0 1,0 1,0 0,0 0,0 0,0 1,0
LEAF 11,3 0,0 3,3 0,0 1,0 1,0 0,0 0,0 1,0 0,0
LEAF 11,3 0,0 3,3 0,0 1,0 1,0 0,0 1,0 0,0 0,0
LEAF 11,3 0,0 3,3 0,0 1,0 1,0 1,0 0,0 0,0 0,0
LEAF 11,3 0,0 3,3 0,0 0,1 0,0 0,0 0,0 0,0 0,1
LEAF 11,3 0,0 3,3 0,0 0,1 0,0 0,0 0,1 0,0 0,0
LEAF 11,3 0,0 3,3 0,0 0,1 0,0 0,1 0,0 0,0 0,0
LEAF 11,3 0,0 3,3 0,0 1,1 0,0 0,0 0,0 0,0 0,0
LEAF 11,3 0,0 3,3 1,0 0,0 0,0 0,0 0,0 1,0 1,0
LEAF 11,3 0,0 3,3 1,0 0,0 0,0 0,0 1,0 0,0 1,0
LEAF 11,3 0,0 3,3 1,0 0,0 0,0 0,0 1,0 1,0 0,0
LEAF 11,3 0,0 3,3 1,0 0,0 0,0 1,0 0,0 0,0 1,0
LEAF 11,3 0,0 3,3 1,0 0,0 0,0 1,0 1,0 0,0 0,0
LEAF 11,3 0,0 3,3 1,0 0,0 1,0 0,0 0,0 0,0 1,0
LEAF 11,3 0,0 3,3 1,0 0,0 1,0 1,0 0,0 0,0 0,0
LEAF 11,3 0,0 3,3 1,0 1,0 0,0 0,0 0,0 0,0 1,0
LEAF 11,3 0,0 3,3 1,0 1,0 0,0 0,0 0,0 1,0 0,0
LEAF 11,3 0,0 3,3 1,0 1,0 0,0 0,0 1,0 0,0 0,0
LEAF 11,3 0,0 3,3 1,0 1,0 0,0 1,0 0,0 0,0 0,0
LEAF 11,3 0,0 3,3 1,0 1,0 1,0 0,0 0,0 0,0 0,0
LEAF 11,3 0,0 3,3 0,1 0,0 0,0 0,0 0,0 0,0 0,1
LEAF 11,3 0,0 3,3 0,1 0,0 0,0 0,1 0,0 0,0 0,0
LEAF 11,3 0,0 3,3 1,1 0,0 0,0 0,0 0,0 0,0 0,0
LEAF 11,3 0,0 1,4 0,0 0,0 0,0 0,0 0,0 1,0 2,1
LEAF 11,3 0,0 1,4 0,0 0,0 0,0 0,0 0,0 3,0 0,1
LEAF 11,3 0,0 1,4 0,0 0,0 0,0 0,0 0,0 0,1 3,0
LEAF 11,3 0,0 1,4 0,0 0,0 0,0 0,0 0,0 2,1 1,0
LEAF 11,3 0,0 1,4 0,0 0,0 0,0 0,0 1,0 0,0 2,1
LEAF 11,3 0,0 1,4 0,0 0,0 0,0 0,0 3,0 0,0 0,1
LEAF 11,3 0,0 1,4 0,0 0,0 0,0 0,0 0,1 0,0 3,0
LEAF 11,3 0,0 1,4 0,0 0,0 0,0 0,0 2,1 0,0 1,0
LEAF 11,3 0,0 1,4 0,0 0,0 0,0 0,0 2,1 1,0 0,0
LEAF 11,3 0,0 1,4 0,0 0,0 0,0 1,0 0,0 0,0 2,1
LEAF 11,3 0,0 1,4 0,0 0,0 0,0 1,0 2,1 0,0 0,0
LEAF 11,3 0,0 1,4 0,0 0,0 0,0 3,0 0,0 0,0 0,1
LEAF 11,3 0,0 1,4 0,0 0,0 0,0 0,1 0,0 0,0 3,0
LEAF 11,3 0,0 1,4 0,0 0,0 0,0 2,1 0,0 0,0 1,0
LEAF 11,3 0,0 1,4 0,0 0,0 1,0 0,0 0,0 0,0 2,1
LEAF 11,3 0,0 1,4 0,0 0,0 1,0 0,0 0,0 2,1 0,0
LEAF 11,3 0,0 1,4 0,0 0,0 1,0 0,0 2,1 0,0 0,0
LEAF 11,3 0,0 1,4 0,0 0,0 1,0 2,1 0,0 0,0 0,0
LEAF 11,3 0,0 1,4 0,0 0,0 3,0 0,0 0,0 0,0 0,1
LEAF 11,3 0,0 1,4 0,0 0,0 3,0 0,0 0,0 0,1 0,0
LEAF 11,3 0,0 1,4 0,0 0,0 3,0 0,0 0,1 0,0 0,0
LEAF 11,3 0,0 1,4 0,0 0,0 3,0 0,1 0,0 0,0 0,0
LEAF 11,3 0,0 1,4 0,0 0,0 0,1 0,0 0,0 0,0 3,0
LEAF 11,3 0,0 1,4 0,0 0,0 0,1 0,0 0,0 3,0 0,0
LEAF 11,3 0,0 1,4 0,0 0,0 0,1 0,0 3,0 0,0 0,0
LEAF 11,3 0,0 1,4 0,0 0,0 0,1 3,0 0,0 0,0 0,0
LEAF 11,3 0,0 1,4 0,0 0,0 2,1 0,0 0,0 0,0 1,0
LEAF 11,3 0,0 1,4 0,0 0,0 2,1 0,0 0,0 1,0 0,0
LEAF 11,3 0,0 1,4 0,0 0,0 2,1 0,0 1,0 0,0 0,0
LEAF 11,3 0,0 1,4 0,0 0,0 2,1 1,0 0,0 0,0 0,0
LEAF 11,3 0,0 1,4 0,0 1,0 0,0 0,0 0,0 0,0 2,1
LEAF 11,3 0,0 1,4 0,0 1,0 0,0 0,0 2,1 0,0 0,0
LEAF 11,3 0,0 1,4 0,0 1,0 0,0 2,1 0,0 0,0 0,0
LEAF 11,3 0,0 1,4 0,0 3,0 0,0 0,0 0,0 0,0 0,1
LEAF 11,3 0,0 1,4 0,0 3,0 0,0 0,0 0,1 0,0 0,0
LEAF 11,3 0,0 1,4 0,0 3,0 0,0 0,1 0,0 0,0 0,0
LEAF 11,3 0,0 1,4 0,0 0,1 0,0 0,0 0,0 0,0 3,0
LEAF 11,3 0,0 1,4 0,0 0,1 0,0 0,0 3,0 0,0 0,0
LEAF 11,3 0,0 1,4 0,0 0,1 0,0 3,0 0,0 0,0 0,0
LEAF 11,3 0,0 1,4 0,0 2,1 0,0 0,0 0,0 0,0 1,0
LEAF 11,3 0,0 1,4 0,0 2,1 0,0 0,0 0,0 1,0 0,0
LEAF 11,3 0,0 1,4 0,0 2,1 0,0 0,0 1,0 0,0 0,0
LEAF 11,3 0,0 1,4 0,0 2,1 0,0 1,0 0,0 0,0 0,0
LEAF 11,3 0,0 1,4 0,0 2,1 1,0 0,0 0,0 0,0 0,0
LEAF 11,3 0,0 1,4 1,0 0,0 0,0 0,0 0,0 0,0 2,1
LEAF 11,3 0,0 1,4 1,0 0,0 0,0 0,0 2,1 0,0 0,0
LEAF 11,3 0,0 1,4 1,0 0,0 0,0 2,1 0,0 0,0 0,0
LEAF 11,3 0,0 1,4 1,0 2,1 0,0 0,0 0,0 0,0 0,0
LEAF 11,3 0,0 1,4 3,0 0,0 0,0 0,0 0,0 0,0 0,1
LEAF 11,3 0,0 1,4 3,0 0,0 0,0 0,1 0,0 0,0 0,0
LEAF 11,3 0,0 1,4 0,1 0,0 0,0 0,0 0,0 0,0 3,0
LEAF 11,3 0,0 1,4 0,1 0,0 0,0 3,0 0,0 0,0 0,0
LEAF 11,3 0,0 1,4 2,1 0,0 0,0 0,0 0,0 0,0 1,0
LEAF 11,3 0,0 1,4 2,1 0,0 0,0 1,0 0,0 0,0 0,0
LEAF 11,3 0,0 2,4 0,0 0,0 0,0 0,0 0,0 0,0 2,0
LEAF 11,3 0,0 2,4 0,0 0,0 0,0 0,0 0,0 1,0 0,1
LEAF 11,3 0,0 2,4 0,0 0,0 0,0 0,0 0,0 2,0 0,0
LEAF 11,3 0,0 2,4 0,0 0,0 0,0 0,0 0,0 0,1 1,0
LEAF 11,3 0,0 2,4 0,0 0,0 0,0 0,0 1,0 0,0 0,1
LEAF 11,3 0,0 2,4 0,0 0,0 0,0 0,0 2,0 0,0 0,0
LEAF 11,3 0,0 2,4 0,0 0,0 0,0 0,0 0,1 0,0 1,0
LEAF 11,3 0,0 2,4 0,0 0,0 0,0 0,0 0,1 1,0 0,0
LEAF 11,3 0,0 2,4 0,0 0,0 0,0 1,0 0,0 0,0 0,1
LEAF 11,3 0,0 2,4 0,0 0,0 0,0 1,0 0,1 0,0 0,0
LEAF 11,3 0,0 2,4 0,0 0,0 0,0 2,0 0,0 0,0 0,0
LEAF 11,3 0,0 2,4 0,0 0,0 0,0 0,1 0,0 0,0 1,0
LEAF 11,3 0,0 2,4 0,0 0,0 1,0 0,0 0,0 0,0 0,1
LEAF 11,3 0,0 2,4 0,0 0,0 1,0 0,0 0,0 0,1 0,0
LEAF 11,3 0,0 2,4 0,0 0,0 1,0 0,0 0,1 0,0 0,0
LEAF 11,3 0,0 2,4 0,0 0,0 1,0 0,1 0,0 0,0 0,0
LEAF 11,3 0,0 2,4 0,0 0,0 2,0 0,0 0,0 0,0 0,0
LEAF 11,3 0,0 2,4 0,0 0,0 0,1 0,0 0,0 0,0 1,0
LEAF 11,3 0,0 2,4 0,0 0,0 0,1 0,0 0,0 1,0 0,0
LEAF 11,3 0,0 2,4 0,0 0,0 0,1 0,0 1,0 0,0 0,0
LEAF 11,3 0,0 2,4 0,0 0,0 0,1 1,0 0,0 0,0 0,0
LEAF 11,3 0,0 2,4 0,0 1,0 0,0 0,0 0,0 0,0 0,1
LEAF 11,3 0,0 2,4 0,0 1,0 0,0 0,0 0,1 0,0 0,0
LEAF 11,3 0,0 2,4 0,0 1,0 0,0 0,1 0,0 0,0 0,0
LEAF 11,3 0,0 2,4 0,0 2,0 0,0 0,0 0,0 0,0 0,0
LEAF 11,3 0,0 2,4 0,0 0,1 0,0 0,0 0,0 0,0 1,0
LEAF 11,3 0,0 2,4 0,0 0,1 0,0 0,0 0,0 1,0 0,0
LEAF 11,3 0,0 2,4 0,0 0,1 0,0 0,0 1,0 0,0 0,0
LEAF 11,3 0,0 2,4 0,0 0,1 0,0 1,0 0,0 0,0 0,0
LEAF 11,3 0,0 2,4 0,0 0,1 1,0 0,0 0,0 0,0 0,0
LEAF 11,3 0,0 2,4 1,0 0,0 0,0 0,0 0,0 0,0 0,1
LEAF 11,3 0,0 2,4 1,0 0,0 0,0 0,0 0,1 0,0 0,0
LEAF 11,3 0,0 2,4 1,0 0,0 0,0 0,1 0,0 0,0 0,0
LEAF 11,3 0,0 2,4 1,0 0,1 0,0 0,0 0,0 0,0 0,0
LEAF 11,3 0,0 2,4 2,0 0,0 0,0 0,0 0,0 0,0 0,0
LEAF 11,3 0,0 2,4 0,1 0,0 0,0 0,0 0,0 0,0 1,0
LEAF 11,3 0,0 2,4 0,1 0,0 0,0 1,0 0,0 0,0 0,0
LEAF 11,3 0,0 0,5 0,0 0,0 0,0 0,0 0,0 1,0 3,0
LEAF 11,3 0,0 0,5 0,0 0,0 0,0 0,0 0,0 3,0 1,0
LEAF 11,3 0,0 0,5 0,0 0,0 0,0 0,0 1,0 0,0 3,0
LEAF 11,3 0,0 0,5 0,0 0,0 0,0 0,0 3,0 0,0 1,0
LEAF 11,3 0,0 0,5 0,0 0,0 0,0 0,0 3,0 1,0 0,0
LEAF 11,3 0,0 0,5 0,0 0,0 0,0 1,0 0,0 0,0 3,0
LEAF 11,3 0,0 0,5 0,0 0,0 0,0 1,0 3,0 0,0 0,0
LEAF 11,3 0,0 0,5 0,0 0,0 0,0 3,0 0,0 0,0 1,0
LEAF 11,3 0,0 0,5 0,0 0,0 1,0 0,0 0,0 0,0 3,0
LEAF 11,3 0,0 0,5 0,0 0,0 1,0 0,0 0,0 3,0 0,0
LEAF 11,3 0,0 0,5 0,0 0,0 1,0 0,0 3,0 0,0 0,0
LEAF 11,3 0,0 0,5 0,0 0,0 1,0 3,0 0,0 0,0 0,0
LEAF 11,3 0,0 0,5 0,0 0,0 3,0 0,0 0,0 0,0 1,0
LEAF 11,3 0,0 0,5 0,0 0,0 3,0 0,0 0,0 1,0 0,0
LEAF 11,3 0,0 0,5 0,0 0,0 3,0 0,0 1,0 0,0 0,0
LEAF 11,3 0,0 0,5 0,0 0,0 3,0 1,0 0,0 0,0 0,0
LEAF 11,3 0,0 0,5 0,0 1,0 0,0 0,0 0,0 0,0 3,0
LEAF 11,3 0,0 0,5 0,0 1,0 0,0 0,0 3,0 0,0 0,0
LEAF 11,3 0,0 0,5 0,0 1,0 0,0 3,0 0,0 0,0 0,0
LEAF 11,3 0,0 0,5 0,0 3,0 0,0 0,0 0,0 0,0 1,0
LEAF 11,3 0,0 0,5 0,0 3,0 0,0 0,0 0,0 1,0 0,0
LEAF 11,3 0,0 0,5 0,0 3,0 0,0 0,0 1,0 0,0 0,0
LEAF 11,3 0,0 0,5 0,0 3,0 0,0 1,0 0,0 0,0 0,0
LEAF 11,3 0,0 0,5 0,0 3,0 1,0 0,0 0,0 0,0 0,0
LEAF 11,3 0,0 0,5 1,0 0,0 0,0 0,0 0,0 0,0 3,0
LEAF 11,3 0,0 0,5 1,0 0,0 0,0 0,0 3,0 0,0 0,0
LEAF 11,3 0,0 0,5 1,0 0,0 0,0 3,0 0,0 0,0 0,0
LEAF 11,3 0,0 0,5 1,0 3,0 0,0 0,0 0,0 0,0 0,0
LEAF 11,3 0,0 0,5 3,0 0,0 0,0 0,0 0,0 0,0 1,0
LEAF 11,3 0,0 0,5 3,0 0,0 0,0 1,0 0,0 0,0 0,0
LEAF 11,3 0,0 1,5 0,0 0,0 0,0 0,0 0,0 1,0 1,0
LEAF 11,3 0,0 1,5 0,0 0,0 0,0 0,0 1,0 0,0 1,0
LEAF 11,3 0,0 1,5 0,0 0,0 0,0 0,0 1,0 1,0 0,0
LEAF 11,3 0,0 1,5 0,0 0,0 0,0 1,0 0,0 0,0 1,0
LEAF 11,3 0,0 1,5 0,0 0,0 0,0 1,0 0,0 1,0 0,0
LEAF 11,3 0,0 1,5 0,0 0,0 0,0 1,0 1,0 0,0 0,0
LEAF 11,3 0,0 1,5 0,0 0,0 1,0 0,0 0,0 0,0 1,0
LEAF 11,3 0,0 1,5 0,0 0,0 1,0 0,0 0,0 1,0 0,0
LEAF 11,3 0,0 1,5 0,0 0,0 1,0 0,0 1,0 0,0 0,0
LEAF 11,3 0,0 1,5 0,0 0,0 1,0 1,0 0,0 0,0 0,0
LEAF 11,3 0,0 1,5 0,0 1,0 0,0 0,0 0,0 0,0 1,0
LEAF 11,3 0,0 1,5 0,0 1,0 0,0 0,0 0,0 1,0 0,0
LEAF 11,3 0,0 1,5 0,0 1,0 0,0 0,0 1,0 0,0 0,0
LEAF 11,3 0,0 1,5 0,0 1,0 0,0 1,0 0,0 0,0 0,0
LEAF 11,3 0,0 1,5 0,0 1,0 1,0 0,0 0,0 0,0 0,0
LEAF 11,3 0,0 1,5 1,0 0,0 0,0 0,0 0,0 0,0 1,0
LEAF 11,3 0,0 1,5 1,0 0,0 0,0 0,0 0,0 1,0 0,0
LEAF 11,3 0,0 1,5 1,0 0,0 0,0 0,0 1,0 0,0 0,0
LEAF 11,3 0,0 1,5 1,0 0,0 0,0 1,0 0,0 0,0 0,0
LEAF 11,3 0,0 1,5 1,0 0,0 1,0 0,0 0,0 0,0 0,0
LEAF 11,3 0,0 1,5 1,0 1,0 0,0 0,0 0,0 0,0 0,0
LEAF 11,3 0,0 0,6 0,0 0,0 0,0 0,0 0,0 0,0 0,1
LEAF 11,3 0,0 0,6 0,0 0,0 0,0 0,0 0,0 0,1 0,0
LEAF 11,3 0,0 0,6 0,0 0,0 0,0 0,0 0,1 0,0 0,0
LEAF 11,3 0,0 0,6 0,0 0,0 0,0 0,1 0,0 0,0 0,0
LEAF 11,3 0,0 0,6 0,0 0,0 0,1 0,0 0,0 0,0 0,0
LEAF 11,3 0,0 0,6 0,0 0,1 0,0 0,0 0,0 0,0 0,0
LEAF 11,3 0,0 0,6 0,1 0,0 0,0 0,0 0,0 0,0 0,0
LEAF 11,3 1,0 0,0 0,0 0,0 0,0 0,0 0,0 0,0 5,4
LEAF 11,3 1,0 0,0 0,0 0,0 0,0 0,0 0,0 1,0 1,5
LEAF 11,3 1,0 0,0 0,0 0,0 0,0 0,0 0,0 2,0 4,2
LEAF 11,3 1,0 0,0 0,0 0,0 0,0 0,0 0,0 3,0 8,1
LEAF 11,3 1,0 0,0 0,0 0,0 0,0 0,0 0,0 3,0 0,5
LEAF 11,3 1,0 0,0 0,0 0,0 0,0 0,0 0,0 5,0 8,0
LEAF 11,3 1,0 0,0 0,0 0,0 0,0 0,0 0,0 6,0 0,2
LEAF 11,3 1,0 0,0 0,0 0,0 0,0 0,0 0,0 0,1 2,4
LEAF 11,3 1,0 0,0 0,0 0,0 0,0 0,0 0,0 1,1 5,1
LEAF 11,3 1,0 0,0 0,0 0,0 0,0 0,0 0,0 2,1 9,0
LEAF 11,3 1,0 0,0 0,0 0,0 0,0 0,0 0,0 2,1 1,4
LEAF 11,3 1,0 0,0 0,0 0,0 0,0 0,0 0,0 5,1 1,1
LEAF 11,3 1,0 0,0 0,0 0,0 0,0 0,0 0,0 0,2 6,0
LEAF 11,3 1,0 0,0 0,0 0,0 0,0 0,0 0,0 1,2 2,3
LEAF 11,3 1,0 0,0 0,0 0,0 0,0 0,0 0,0 3,2 0,3
LEAF 11,3 1,0 0,0 0,0 0,0 0,0 0,0 0,0 4,2 2,0
LEAF 11,3 1,0 0,0 0,0 0,0 0,0 0,0 0,0 0,3 3,2
LEAF 11,3 1,0 0,0 0,0 0,0 0,0 0,0 0,0 2,3 1,2
LEAF 11,3 1,0 0,0 0,0 0,0 0,0 0,0 0,0 1,4 2,1
LEAF 11,3 1,0 0,0 0,0 0,0 0,0 0,0 0,0 2,4 0,1
LEAF 11,3 1,0 0,0 0,0 0,0 0,0 0,0 0,0 0,5 3,0
LEAF 11,3 1,0 0,0 0,0 0,0 0,0 0,0 0,0 1,5 1,0
LEAF 11,3 1,0 0,0 0,0 0,0 0,0 0,0 1,0 0,0 1,5
LEAF 11,3 1,0 0,0 0,0 0,0 0,0 0,0 1,0 1,0 3,3
LEAF 11,3 1,0 0,0 0,0 0,0 0,0 0,0 2,0 0,0 4,2
LEAF 11,3 1,0 0,0 0,0 0,0 0,0 0,0 3,0 0,0 8,1
LEAF 11,3 1,0 0,0 0,0 0,0 0,0 0,0 3,0 0,0 0,5
LEAF 11,3 1,0 0,0 0,0 0,0 0,0 0,0 5,0 0,0 8,0
LEAF 11,3 1,0 0,0 0,0 0,0 0,0 0,0 6,0 0,0 0,2
LEAF 11,3 1,0 0,0 0,0 0,0 0,0 0,0 0,1 0,0 2,4
LEAF 11,3 1,0 0,0 0,0 0,0 0,0 0,0 0,1 1,0 4,2
LEAF 11,3 1,0 0,0 0,0 0,0 0,0 0,0 1,1 0,0 5,1
LEAF 11,3 1,0 0,0 0,0 0,0 0,0 0,0 2,1 0,0 9,0
LEAF 11,3 1,0 0,0 0,0 0,0 0,0 0,0 2,1 0,0 1,4
LEAF 11,3 1,0 0,0 0,0 0,0 0,0 0,0 5,1 0,0 1,1
LEAF 11,3 1,0 0,0 0,0 0,0 0,0 0,0 0,2 0,0 6,0
LEAF 11,3 1,0 0,0 0,0 0,0 0,0 0,0 1,2 0,0 2,3
LEAF 11,3 1,0 0,0 0,0 0,0 0,0 0,0 3,2 0,0 0,3
LEAF 11,3 1,0 0,0 0,0 0,0 0,0 0,0 4,2 0,0 2,0
LEAF 11,3 1,0 0,0 0,0 0,0 0,0 0,0 4,2 1,0 0,1
LEAF 11,3 1,0 0,0 0,0 0,0 0,0 0,0 0,3 0,0 3,2
LEAF 11,3 1,0 0,0 0,0 0,0 0,0 0,0 2,3 0,0 1,2
LEAF 11,3 1,0 0,0 0,0 0,0 0,0 0,0 3,3 1,0 1,0
LEAF 11,3 1,0 0,0 0,0 0,0 0,0 0,0 1,4 0,0 2,1
LEAF 11,3 1,0 0,0 0,0 0,0 0,0 0,0 2,4 0,0 0,1
LEAF 11,3 1,0 0,0 0,0 0,0 0,0 0,0 0,5 0,0 3,0
LEAF 11,3 1,0 0,0 0,0 0,0 0,0 0,0 1,5 0,0 1,0
LEAF 11,3 1,0 0,0 0,0 0,0 0,0 0,0 1,5 1,0 0,0
LEAF 11,3 1,0 0,0 0,0 0,0 0,0 1,0 0,0 0,0 1,5
LEAF 11,3 1,0 0,0 0,0 0,0 0,0 1,0 0,0 1,0 3,3
LEAF 11,3 1,0 0,0 0,0 0,0 0,0 1,0 1,0 0,0 3,3
LEAF 11,3 1,0 0,0 0,0 0,0 0,0 1,0 0,1 0,0 4,2
LEAF 11,3 1,0 0,0 0,0 0,0 0,0 1,0 4,2 0,0 0,1
LEAF 11,3 1,0 0,0 0,0 0,0 0,0 1,0 3,3 0,0 1,0
LEAF 11,3 1,0 0,0 0,0 0,0 0,0 1,0 3,3 1,0 0,0
LEAF 11,3 1,0 0,0 0,0 0,0 0,0 1,0 1,5 0,0 0,0
LEAF 11,3 1,0 0,0 0,0 0,0 0,0 2,0 0,0 0,0 4,2
LEAF 11,3 1,0 0,0 0,0 0,0 0,0 3,0 0,0 0,0 8,1
LEAF 11,3 1,0 0,0 0,0 0,0 0,0 3,0 0,0 0,0 0,5
LEAF 11,3 1,0 0,0 0,0 0,0 0,0 5,0 0,0 0,0 8,0
LEAF 11,3 1,0 0,0 0,0 0,0 0,0 6,0 0,0 0,0 0,2
LEAF 11,3 1,0 0,0 0,0 0,0 0,0 0,1 0,0 0,0 2,4
LEAF 11,3 1,0 0,0 0,0 0,0 0,0 1,1 0,0 0,0 5,1
LEAF 11,3 1,0 0,0 0,0 0,0 0,0 2,1 0,0 0,0 9,0
LEAF 11,3 1,0 0,0 0,0 0,0 0,0 2,1 0,0 0,0 1,4
LEAF 11,3 1,0 0,0 0,0 0,0 0,0 5,1 0,0 0,0 1,1
LEAF 11,3 1,0 0,0 0,0 0,0 0,0 0,2 0,0 0,0 6,0
LEAF 11,3 1,0 0,0 0,0 0,0 0,0 1,2 0,0 0,0 2,3
LEAF 11,3 1,0 0,0 0,0 0,0 0,0 3,2 0,0 0,0 0,3
LEAF 11,3 1,0 0,0 0,0 0,0 0,0 4,2 0,0 0,0 2,0
LEAF 11,3 1,0 0,0 0,0 0,0 0,0 0,3 0,0 0,0 3,2
LEAF 11,3 1,0 0,0 0,0 0,0 0,0 2,3 0,0 0,0 1,2
LEAF 11,3 1,0 0,0 0,0 0,0 0,0 1,4 0,0 0,0 2,1
LEAF 11,3 1,0 0,0 0,0 0,0 0,0 2,4 0,0 0,0 0,1
LEAF 11,3 1,0 0,0 0,0 0,0 0,0 0,5 0,0 0,0 3,0
LEAF 11,3 1,0 0,0 0,0 0,0 0,0 1,5 0,0 0,0 1,0
LEAF 11,3 1,0 0,0 0,0 0,0 1,0 0,0 0,0 0,0 1,5
LEAF 11,3 1,0 0,0 0,0 0,0 1,0 0,0 0,0 1,0 3,3
LEAF 11,3 1,0 0,0 0,0 0,0 1,0 0,0 0,0 0,1 4,2
LEAF 11,3 1,0 0,0 0,0 0,0 1,0 0,0 0,0 4,2 0,1
LEAF 11,3 1,0 0,0 0,0 0,0 1,0 0,0 0,0 3,3 1,0
LEAF 11,3 1,0 0,0 0,0 0,0 1,0 0,0 0,0 1,5 0,0
LEAF 11,3 1,0 0,0 0,0 0,0 1,0 0,0 1,0 0,0 3,3
LEAF 11,3 1,0 0,0 0,0 0,0 1,0 0,0 0,1 0,0 4,2
LEAF 11,3 1,0 0,0 0,0 0,0 1,0 0,0 4,2 0,0 0,1
LEAF 11,3 1,0 0,0 0,0 0,0 1,0 0,0 3,3 0,0 1,0
LEAF 11,3 1,0 0,0 0,0 0,0 1,0 0,0 3,3 1,0 0,0
LEAF 11,3 1,0 0,0 0,0 0,0 1,0 0,0 1,5 0,0 0,0
LEAF 11,3 1,0 0,0 0,0 0,0 1,0 1,0 0,0 0,0 3,3
LEAF 11,3 1,0 0,0 0,0 0,0 1,0 1,0 3,3 0,0 0,0
LEAF 11,3 1,0 0,0 0,0 0,0 1,0 0,1 0,0 0,0 4,2
LEAF 11,3 1,0 0,0 0,0 0,0 1,0 4,2 0,0 0,0 0,1
LEAF 11,3 1,0 0,0 0,0 0,0 1,0 3,3 0,0 0,0 1,0
LEAF 11,3 1,0 0,0 0,0 0,0 2,0 0,0 0,0 0,0 4,2
LEAF 11,3 1,0 0,0 0,0 0,0 2,0 0,0 0,0 2,0 9,0
LEAF 11,3 1,0 0,0 0,0 0,0 2,0 0,0 0,0 4,2 0,0
LEAF 11,3 1,0 0,0 0,0 0,0 2,0 0,0 2,0 0,0 9,0
LEAF 11,3 1,0 0,0 0,0 0,0 2,0 0,0 4,2 0,0 0,0
LEAF 11,3 1,0 0,0 0,0 0,0 2,0 2,0 0,0 0,0 9,0
LEAF 11,3 1,0 0,0 0,0 0,0 2,0 4,2 0,0 0,0 0,0
LEAF 11,3 1,0 0,0 0,0 0,0 3,0 0,0 0,0 0,0 8,1
LEAF 11,3 1,0 0,0 0,0 0,0 3,0 0,0 0,0 0,0 0,5
LEAF 11,3 1,0 0,0 0,0 0,0 3,0 0,0 0,0 0,5 0,0
LEAF 11,3 1,0 0,0 0,0 0,0 3,0 0,0 0,5 0,0 0,0
LEAF 11,3 1,0 0,0 0,0 0,0 3,0 0,5 0,0 0,0 0,0
LEAF 11,3 1,0 0,0 0,0 0,0 5,0 0,0 0,0 0,0 8,0
LEAF 11,3 1,0 0,0 0,0 0,0 6,0 0,0 0,0 0,0 0,2
LEAF 11,3 1,0 0,0 0,0 0,0 6,0 0,0 0,0 0,2 0,0
LEAF 11,3 1,0 0,0 0,0 0,0 6,0 0,0 0,2 0,0 0,0
LEAF 11,3 1,0 0,0 0,0 0,0 6,0 0,2 0,0 0,0 0,0
LEAF 11,3 1,0 0,0 0,0 0,0 0,1 0,0 0,0 0,0 2,4
LEAF 11,3 1,0 0,0 0,0 0,0 0,1 0,0 0,0 1,0 4,2
LEAF 11,3 1,0 0,0 0,0 0,0 0,1 0,0 0,0 0,1 5,1
LEAF 11,3 1,0 0,0 0,0 0,0 0,1 0,0 0,0 5,1 0,1
LEAF 11,3 1,0 0,0 0,0 0,0 0,1 0,0 0,0 4,2 1,0
LEAF 11,3 1,0 0,0 0,0 0,0 0,1 0,0 0,0 2,4 0,0
LEAF 11,3 1,0 0,0 0,0 0,0 0,1 0,0 1,0 0,0 4,2
LEAF 11,3 1,0 0,0 0,0 0,0 0,1 0,0 0,1 0,0 5,1
LEAF 11,3 1,0 0,0 0,0 0,0 0,1 0,0 5,1 0,0 0,1
LEAF 11,3 1,0 0,0 0,0 0,0 0,1 0,0 4,2 0,0 1,0
LEAF 11,3 1,0 0,0 0,0 0,0 0,1 0,0 4,2 1,0 0,0
LEAF 11,3 1,0 0,0 0,0 0,0 0,1 0,0 2,4 0,0 0,0
LEAF 11,3 1,0 0,0 0,0 0,0 0,1 1,0 0,0 0,0 4,2
LEAF 11,3 1,0 0,0 0,0 0,0 0,1 1,0 4,2 0,0 0,0
LEAF 11,3 1,0 0,0 0,0 0,0 0,1 0,1 0,0 0,0 5,1
LEAF 11,3 1,0 0,0 0,0 0,0 0,1 5,1 0,0 0,0 0,1
LEAF 11,3 1,0 0,0 0,0 0,0 0,1 4,2 0,0 0,0 1,0
LEAF 11,3 1,0 0,0 0,0 0,0 0,1 2,4 0,0 0,0 0,0
LEAF 11,3 1,0 0,0 0,0 0,0 1,1 0,0 0,0 0,0 5,1
LEAF 11,3 1,0 0,0 0,0 0,0 1,1 0,0 0,0 5,1 0,0
LEAF 11,3 1,0 0,0 0,0 0,0 1,1 0,0 5,1 0,0 0,0
LEAF 11,3 1,0 0,0 0,0 0,0 1,1 5,1 0,0 0,0 0,0
LEAF 11,3 1,0 0,0 0,0 0,0 2,1 0,0 0,0 0,0 9,0
LEAF 11,3 1,0 0,0 0,0 0,0 2,1 0,0 0,0 0,0 1,4
LEAF 11,3 1,0 0,0 0,0 0,0 2,1 0,0 0,0 1,4 0,0
LEAF 11,3 1,0 0,0 0,0 0,0 2,1 0,0 1,4 0,0 0,0
LEAF 11,3 1,0 0,0 0,0 0,0 2,1 1,4 0,0 0,0 0,0
LEAF 11,3 1,0 0,0 0,0 0,0 5,1 0,0 0,0 0,0 1,1
LEAF 11,3 1,0 0,0 0,0 0,0 5,1 0,0 0,0 0,1 0,1
LEAF 11,3 1,0 0,0 0,0 0,0 5,1 0,0 0,0 1,1 0,0
LEAF 11,3 1,0 0,0 0,0 0,0 5,1 0,0 0,1 0,0 0,1
LEAF 11,3 1,0 0,0 0,0 0,0 5,1 0,0 1,1 0,0 0,0
LEAF 11,3 1,0 0,0 0,0 0,0 5,1 0,1 0,0 0,0 0,1
LEAF 11,3 1,0 0,0 0,0 0,0 5,1 1,1 0,0 0,0 0,0
LEAF 11,3 1,0 0,0 0,0 0,0 0,2 0,0 0,0 0,0 6,0
LEAF 11,3 1,0 0,0 0,0 0,0 0,2 0,0 0,0 6,0 0,0
LEAF 11,3 1,0 0,0 0,0 0,0 0,2 0,0 6,0 0,0 0,0
LEAF 11,3 1,0 0,0 0,0 0,0 0,2 6,0 0,0 0,0 0,0
LEAF 11,3 1,0 0,0 0,0 0,0 1,2 0,0 0,0 0,0 2,3
LEAF 11,3 1,0 0,0 0,0 0,0 1,2 0,0 0,0 2,3 0,0
LEAF 11,3 1,0 0,0 0,0 0,0 1,2 0,0 2,3 0,0 0,0
LEAF 11,3 1,0 0,0 0,0 0,0 1,2 2,3 0,0 0,0 0,0
LEAF 11,3 1,0 0,0 0,0 0,0 3,2 0,0 0,0 0,0 0,3
LEAF 11,3 1,0 0,0 0,0 0,0 3,2 0,0 0,0 0,3 0,0
LEAF 11,3 1,0 0,0 0,0 0,0 3,2 0,0 0,3 0,0 0,0
LEAF 11,3 1,0 0,0 0,0 0,0 3,2 0,3 0,0 0,0 0,0
LEAF 11,3 1,0 0,0 0,0 0,0 4,2 0,0 0,0 0,0 2,0
LEAF 11,3 1,0 0,0 0,0 0,0 4,2 0,0 0,0 1,0 0,1
LEAF 11,3 1,0 0,0 0,0 0,0 4,2 0,0 0,0 2,0 0,0
LEAF 11,3 1,0 0,0 0,0 0,0 4,2 0,0 0,0 0,1 1,0
LEAF 11,3 1,0 0,0 0,0 0,0 4,2 0,0 1,0 0,0 0,1
LEAF 11,3 1,0 0,0 0,0 0,0 4,2 0,0 2,0 0,0 0,0
LEAF 11,3 1,0 0,0 0,0 0,0 4,2 0,0 0,1 0,0 1,0
LEAF 11,3 1,0 0,0 0,0 0,0 4,2 0,0 0,1 1,0 0,0
LEAF 11,3 1,0 0,0 0,0 0,0 4,2 1,0 0,0 0,0 0,1
LEAF 11,3 1,0 0,0 0,0 0,0 4,2 1,0 0,1 0,0 0,0
LEAF 11,3 1,0 0,0 0,0 0,0 4,2 2,0 0,0 0,0 0,0
LEAF 11,3 1,0 0,0 0,0 0,0 4,2 0,1 0,0 0,0 1,0
LEAF 11,3 1,0 0,0 0,0 0,0 0,3 0,0 0,0 0,0 3,2
LEAF 11,3 1,0 0,0 0,0 0,0 0,3 0,0 0,0 3,2 0,0
LEAF 11,3 1,0 0,0 0,0 0,0 0,3 0,0 3,2 0,0 0,0
LEAF 11,3 1,0 0,0 0,0 0,0 0,3 3,2 0,0 0,0 0,0
LEAF 11,3 1,0 0,0 0,0 0,0 2,3 0,0 0,0 0,0 1,2
LEAF 11,3 1,0 0,0 0,0 0,0 2,3 0,0 0,0 1,2 0,0
LEAF 11,3 1,0 0,0 0,0 0,0 2,3 0,0 1,2 0,0 0,0
LEAF 11,3 1,0 0,0 0,0 0,0 2,3 1,2 0,0 0,0 0,0
LEAF 11,3 1,0 0,0 0,0 0,0 3,3 0,0 0,0 1,0 1,0
LEAF 11,3 1,0 0,0 0,0 0,0 3,3 0,0 1,0 0,0 1,0
LEAF 11,3 1,0 0,0 0,0 0,0 3,3 0,0 1,0 1,0 0,0
LEAF 11,3 1,0 0,0 0,0 0,0 3,3 1,0 0,0 0,0 1,0
LEAF 11,3 1,0 0,0 0,0 0,0 3,3 1,0 0,0 1,0 0,0
LEAF 11,3 1,0 0,0 0,0 0,0 3,3 1,0 1,0 0,0 0,0
LEAF 11,3 1,0 0,0 0,0 0,0 1,4 0,0 0,0 0,0 2,1
LEAF 11,3 1,0 0,0 0,0 0,0 1,4 0,0 0,0 2,1 0,0
LEAF 11,3 1,0 0,0 0,0 0,0 1,4 0,0 2,1 0,0 0,0
LEAF 11,3 1,0 0,0 0,0 0,0 1,4 2,1 0,0 0,0 0,0
LEAF 11,3 1,0 0,0 0,0 0,0 2,4 0,0 0,0 0,0 0,1
LEAF 11,3 1,0 0,0 0,0 0,0 2,4 0,0 0,0 0,1 0,0
LEAF 11,3 1,0 0,0 0,0 0,0 2,4 0,0 0,1 0,0 0,0
LEAF 11,3 1,0 0,0 0,0 0,0 2,4 0,1 0,0 0,0 0,0
LEAF 11,3 1,0 0,0 0,0 0,0 0,5 0,0 0,0 0,0 3,0
LEAF 11,3 1,0 0,0 0,0 0,0 0,5 0,0 0,0 3,0 0,0
LEAF 11,3 1,0 0,0 0,0 0,0 0,5 0,0 3,0 0,0 0,0
LEAF 11,3 1,0 0,0 0,0 0,0 0,5 3,0 0,0 0,0 0,0
LEAF 11,3 1,0 0,0 0,0 0,0 1,5 0,0 0,0 0,0 1,0
LEAF 11,3 1,0 0,0 0,0 0,0 1,5 0,0 0,0 1,0 0,0
LEAF 11,3 1,0 0,0 0,0 0,0 1,5 0,0 1,0 0,0 0,0
LEAF 11,3 1,0 0,0 0,0 1,0 0,0 0,0 0,0 0,0 1,5
LEAF 11,3 1,0 0,0 0,0 1,0 0,0 0,0 0,0 1,0 3,3
LEAF 11,3 1,0 0,0 0,0 1,0 0,0 0,0 1,0 0,0 3,3
LEAF 11,3 1,0 0,0 0,0 1,0 0,0 0,0 0,1 0,0 4,2
LEAF 11,3 1,0 0,0 0,0 1,0 0,0 0,0 4,2 0,0 0,1
LEAF 11,3 1,0 0,0 0,0 1,0 0,0 0,0 3,3 0,0 1,0
LEAF 11,3 1,0 0,0 0,0 1,0 0,0 0,0 3,3 1,0 0,0
LEAF 11,3 1,0 0,0 0,0 1,0 0,0 0,0 1,5 0,0 0,0
LEAF 11,3 1,0 0,0 0,0 1,0 0,0 1,0 0,0 0,0 3,3
LEAF 11,3 1,0 0,0 0,0 1,0 0,0 0,1 0,0 0,0 4,2
LEAF 11,3 1,0 0,0 0,0 1,0 0,0 4,2 0,0 0,0 0,1
LEAF 11,3 1,0 0,0 0,0 1,0 0,0 3,3 0,0 0,0 1,0
LEAF 11,3 1,0 0,0 0,0 1,0 0,0 1,5 0,0 0,0 0,0
LEAF 11,3 1,0 0,0 0,0 1,0 1,0 0,0 0,0 0,0 3,3
LEAF 11,3 1,0 0,0 0,0 1,0 1,0 0,0 3,3 0,0 0,0
LEAF 11,3 1,0 0,0 0,0 1,0 1,0 3,3 0,0 0,0 0,0
LEAF 11,3 1,0 0,0 0,0 2,0 0,0 0,0 0,0 0,0 4,2
LEAF 11,3 1,0 0,0 0,0 2,0 0,0 0,0 2,0 0,0 9,0
LEAF 11,3 1,0 0,0 0,0 2,0 0,0 0,0 4,2 0,0 0,0
LEAF 11,3 1,0 0,0 0,0 2,0 0,0 2,0 0,0 0,0 9,0
LEAF 11,3 1,0 0,0 0,0 2,0 0,0 4,2 0,0 0,0 0,0
LEAF 11,3 1,0 0,0 0,0 3,0 0,0 0,0 0,0 0,0 8,1
LEAF 11,3 1,0 0,0 0,0 3,0 0,0 0,0 0,0 0,0 0,5
LEAF 11,3 1,0 0,0 0,0 3,0 0,0 0,0 0,5 0,0 0,0
LEAF 11,3 1,0 0,0 0,0 3,0 0,0 0,5 0,0 0,0 0,0
LEAF 11,3 1,0 0,0 0,0 5,0 0,0 0,0 0,0 0,0 8,0
LEAF 11,3 1,0 0,0 0,0 6,0 0,0 0,0 0,0 0,0 0,2
LEAF 11,3 1,0 0,0 0,0 6,0 0,0 0,0 0,2 0,0 0,0
LEAF 11,3 1,0 0,0 0,0 6,0 0,0 0,2 0,0 0,0 0,0
LEAF 11,3 1,0 0,0 0,0 0,1 0,0 0,0 0,0 0,0 2,4
LEAF 11,3 1,0 0,0 0,0 0,1 0,0 0,0 0,0 1,0 4,2
LEAF 11,3 1,0 0,0 0,0 0,1 0,0 0,0 1,0 0,0 4,2
LEAF 11,3 1,0 0,0 0,0 0,1 0,0 0,0 0,1 0,0 5,1
LEAF 11,3 1,0 0,0 0,0 0,1 0,0 0,0 5,1 0,0 0,1
LEAF 11,3 1,0 0,0 0,0 0,1 0,0 0,0 4,2 0,0 1,0
LEAF 11,3 1,0 0,0 0,0 0,1 0,0 0,0 4,2 1,0 0,0
LEAF 11,3 1,0 0,0 0,0 0,1 0,0 0,0 2,4 0,0 0,0
LEAF 11,3 1,0 0,0 0,0 0,1 0,0 1,0 0,0 0,0 4,2
LEAF 11,3 1,0 0,0 0,0 0,1 0,0 0,1 0,0 0,0 5,1
LEAF 11,3 1,0 0,0 0,0 0,1 0,0 5,1 0,0 0,0 0,1
LEAF 11,3 1,0 0,0 0,0 0,1 0,0 4,2 0,0 0,0 1,0
LEAF 11,3 1,0 0,0 0,0 0,1 0,0 2,4 0,0 0,0 0,0
LEAF 11,3 1,0 0,0 0,0 0,1 1,0 0,0 0,0 0,0 4,2
LEAF 11,3 1,0 0,0 0,0 0,1 1,0 4,2 0,0 0,0 0,0
LEAF 11,3 1,0 0,0 0,0 1,1 0,0 0,0 0,0 0,0 5,1
LEAF 11,3 1,0 0,0 0,0 1,1 0,0 0,0 5,1 0,0 0,0
LEAF 11,3 1,0 0,0 0,0 1,1 0,0 5,1 0,0 0,0 0,0
LEAF 11,3 1,0 0,0 0,0 2,1 0,0 0,0 0,0 0,0 9,0
LEAF 11,3 1,0 0,0 0,0 2,1 0,0 0,0 0,0 0,0 1,4
LEAF 11,3 1,0 0,0 0,0 2,1 0,0 0,0 1,4 0,0 0,0
LEAF 11,3 1,0 0,0 0,0 2,1 0,0 1,4 0,0 0,0 0,0
LEAF 11,3 1,0 0,0 0,0 5,1 0,0 0,0 0,0 0,0 1,1
LEAF 11,3 1,0 0,0 0,0 5,1 0,0 0,0 0,1 0,0 0,1
LEAF 11,3 1,0 0,0 0,0 5,1 0,0 0,0 1,1 0,0 0,0
LEAF 11,3 1,0 0,0 0,0 5,1 0,0 0,1 0,0 0,0 0,1
LEAF 11,3 1,0 0,0 0,0 5,1 0,0 1,1 0,0 0,0 0,0
LEAF 11,3 1,0 0,0 0,0 0,2 0,0 0,0 0,0 0,0 6,0
LEAF 11,3 1,0 0,0 0,0 0,2 0,0 0,0 6,0 0,0 0,0
LEAF 11,3 1,0 0,0 0,0 0,2 0,0 6,0 0,0 0,0 0,0
LEAF 11,3 1,0 0,0 0,0 1,2 0,0 0,0 0,0 0,0 2,3
LEAF 11,3 1,0 0,0 0,0 1,2 0,0 0,0 2,3 0,0 0,0
LEAF 11,3 1,0 0,0 0,0 1,2 0,0 2,3 0,0 0,0 0,0
LEAF 11,3 1,0 0,0 0,0 3,2 0,0 0,0 0,0 0,0 0,3
LEAF 11,3 1,0 0,0 0,0 3,2 0,0 0,0 0,3 0,0 0,0
LEAF 11,3 1,0 0,0 0,0 3,2 0,0 0,3 0,0 0,0 0,0
LEAF 11,3 1,0 0,0 0,0 4,2 0,0 0,0 0,0 0,0 2,0
LEAF 11,3 1,0 0,0 0,0 4,2 0,0 0,0 0,0 1,0 0,1
LEAF 11,3 1,0 0,0 0,0 4,2 0,0 0,0 1,0 0,0 0,1
LEAF 11,3 1,0 0,0 0,0 4,2 0,0 0,0 2,0 0,0 0,0
LEAF 11,3 1,0 0,0 0,0 4,2 0,0 0,0 0,1 0,0 1,0
LEAF 11,3 1,0 0,0 0,0 4,2 0,0 0,0 0,1 1,0 0,0
LEAF 11,3 1,0 0,0 0,0 4,2 0,0 1,0 0,0 0,0 0,1
LEAF 11,3 1,0 0,0 0,0 4,2 0,0 2,0 0,0 0,0 0,0
LEAF 11,3 1,0 0,0 0,0 4,2 0,0 0,1 0,0 0,0 1,0
LEAF 11,3 1,0 0,0 0,0 4,2 1,0 0,0 0,0 0,0 0,1
LEAF 11,3 1,0 0,0 0,0 4,2 1,0 0,1 0,0 0,0 0,0
LEAF 11,3 1,0 0,0 0,0 0,3 0,0 0,0 0,0 0,0 3,2
LEAF 11,3 1,0 0,0 0,0 0,3 0,0 0,0 3,2 0,0 0,0
LEAF 11,3 1,0 0,0 0,0 0,3 0,0 3,2 0,0 0,0 0,0
LEAF 11,3 1,0 0,0 0,0 2,3 0,0 0,0 0,0 0,0 1,2
LEAF 11,3 1,0 0,0 0,0 2,3 0,0 0,0 1,2 0,0 0,0
LEAF 11,3 1,0 0,0 0,0 2,3 0,0 1,2 0,0 0,0 0,0
LEAF 11,3 1,0 0,0 0,0 3,3 0,0 0,0 0,0 1,0 1,0
LEAF 11,3 1,0 0,0 0,0 3,3 0,0 0,0 1,0 0,0 1,0
LEAF 11,3 1,0 0,0 0,0 3,3 0,0 0,0 1,0 1,0 0,0
LEAF 11,3 1,0 0,0 0,0 3,3 0,0 1,0 0,0 0,0 1,0
LEAF 11,3 1,0 0,0 0,0 3,3 0,0 1,0 1,0 0,0 0,0
LEAF 11,3 1,0 0,0 0,0 3,3 1,0 0,0 0,0 0,0 1,0
LEAF 11,3 1,0 0,0 0,0 3,3 1,0 1,0 0,0 0,0 0,0
LEAF 11,3 1,0 0,0 0,0 1,4 0,0 0,0 0,0 0,0 2,1
LEAF 11,3 1,0 0,0 0,0 1,4 0,0 0,0 2,1 0,0 0,0
LEAF 11,3 1,0 0,0 0,0 1,4 0,0 2,1 0,0 0,0 0,0
LEAF 11,3 1,0 0,0 0,0 2,4 0,0 0,0 0,0 0,0 0,1
LEAF 11,3 1,0 0,0 0,0 2,4 0,0 0,0 0,1 0,0 0,0
LEAF 11,3 1,0 0,0 0,0 2,4 0,0 0,1 0,0 0,0 0,0
LEAF 11,3 1,0 0,0 0,0 0,5 0,0 0,0 0,0 0,0 3,0
LEAF 11,3 1,0 0,0 0,0 0,5 0,0 0,0 3,0 0,0 0,0
LEAF 11,3 1,0 0,0 0,0 0,5 0,0 3,0 0,0 0,0 0,0
LEAF 11,3 1,0 0,0 0,0 1,5 0,0 0,0 0,0 0,0 1,0
LEAF 11,3 1,0 0,0 0,0 1,5 0,0 0,0 0,0 1,0 0,0
LEAF 11,3 1,0 0,0 0,0 1,5 0,0 0,0 1,0 0,0 0,0
LEAF 11,3 1,0 0,0 0,0 1,5 0,0 1,0 0,0 0,0 0,0
LEAF 11,3 1,0 0,0 1,0 0,0 0,0 0,0 0,0 0,0 1,5
LEAF 11,3 1,0 0,0 1,0 0,0 0,0 0,0 0,0 1,0 3,3
LEAF 11,3 1,0 0,0 1,0 0,0 0,0 0,0 1,0 0,0 3,3
LEAF 11,3 1,0 0,0 1,0 0,0 0,0 0,0 0,1 0,0 4,2
LEAF 11,3 1,0 0,0 1,0 0,0 0,0 0,0 4,2 0,0 0,1
LEAF 11,3 1,0 0,0 1,0 0,0 0,0 0,0 3,3 0,0 1,0
LEAF 11,3 1,0 0,0 1,0 0,0 0,0 0,0 3,3 1,0 0,0
LEAF 11,3 1,0 0,0 1,0 0,0 0,0 0,0 1,5 0,0 0,0
LEAF 11,3 1,0 0,0 1,0 0,0 0,0 1,0 0,0 0,0 3,3
LEAF 11,3 1,0 0,0 1,0 0,0 0,0 0,1 0,0 0,0 4,2
LEAF 11,3 1,0 0,0 1,0 0,0 0,0 4,2 0,0 0,0 0,1
LEAF 11,3 1,0 0,0 1,0 0,0 0,0 3,3 0,0 0,0 1,0
LEAF 11,3 1,0 0,0 1,0 0,0 0,0 1,5 0,0 0,0 0,0
LEAF 11,3 1,0 0,0 1,0 0,0 1,0 0,0 0,0 0,0 3,3
LEAF 11,3 1,0 0,0 1,0 0,0 1,0 3,3 0,0 0,0 0,0
LEAF 11,3 1,0 0,0 1,0 1,0 0,0 0,0 0,0 0,0 3,3
LEAF 11,3 1,0 0,0 1,0 1,0 0,0 0,0 3,3 0,0 0,0
LEAF 11,3 1,0 0,0 1,0 1,0 0,0 3,3 0,0 0,0 0,0
LEAF 11,3 1,0 0,0 1,0 0,1 0,0 0,0 0,0 0,0 4,2
LEAF 11,3 1,0 0,0 1,0 0,1 0,0 0,0 4,2 0,0 0,0
LEAF 11,3 1,0 0,0 1,0 0,1 0,0 4,2 0,0 0,0 0,0
LEAF 11,3 1,0 0,0 1,0 4,2 0,0 0,0 0,0 0,0 0,1
LEAF 11,3 1,0 0,0 1,0 4,2 0,0 0,0 0,1 0,0 0,0
LEAF 11,3 1,0 0,0 1,0 4,2 0,0 0,1 0,0 0,0 0,0
LEAF 11,3 1,0 0,0 1,0 3,3 0,0 0,0 0,0 0,0 1,0
LEAF 11,3 1,0 0,0 1,0 3,3 0,0 0,0 0,0 1,0 0,0
LEAF 11,3 1,0 0,0 1,0 3,3 0,0 0,0 1,0 0,0 0,0
LEAF 11,3 1,0 0,0 1,0 3,3 0,0 1,0 0,0 0,0 0,0
LEAF 11,3 1,0 0,0 1,0 3,3 1,0 0,0 0,0 0,0 0,0
LEAF 11,3 1,0 0,0 2,0 0,0 0,0 0,0 0,0 0,0 4,2
LEAF 11,3 1,0 0,0 2,0 0,0 0,0 2,0 0,0 0,0 9,0
LEAF 11,3 1,0 0,0 2,0 0,0 0,0 4,2 0,0 0,0 0,0
LEAF 11,3 1,0 0,0 3,0 0,0 0,0 0,0 0,0 0,0 8,1
LEAF 11,3 1,0 0,0 3,0 0,0 0,0 0,0 0,0 0,0 0,5
LEAF 11,3 1,0 0,0 3,0 0,0 0,0 0,5 0,0 0,0 0,0
LEAF 11,3 1,0 0,0 5,0 0,0 0,0 0,0 0,0 0,0 8,0
LEAF 11,3 1,0 0,0 6,0 0,0 0,0 0,0 0,0 0,0 0,2
LEAF 11,3 1,0 0,0 6,0 0,0 0,0 0,2 0,0 0,0 0,0
LEAF 11,3 1,0 0,0 0,1 0,0 0,0 0,0 0,0 0,0 2,4
LEAF 11,3 1,0 0,0 0,1 0,0 0,0 1,0 0,0 0,0 4,2
LEAF 11,3 1,0 0,0 0,1 0,0 0,0 0,1 0,0 0,0 5,1
LEAF 11,3 1,0 0,0 0,1 0,0 0,0 5,1 0,0 0,0 0,1
LEAF 11,3 1,0 0,0 0,1 0,0 0,0 4,2 0,0 0,0 1,0
LEAF 11,3 1,0 0,0 0,1 0,0 0,0 2,4 0,0 0,0 0,0
LEAF 11,3 1,0 0,0 1,1 0,0 0,0 0,0 0,0 0,0 5,1
LEAF 11,3 1,0 0,0 1,1 0,0 0,0 5,1 0,0 0,0 0,0
LEAF 11,3 1,0 0,0 2,1 0,0 0,0 0,0 0,0 0,0 9,0
LEAF 11,3 1,0 0,0 2,1 0,0 0,0 0,0 0,0 0,0 1,4
LEAF 11,3 1,0 0,0 2,1 0,0 0,0 1,4 0,0 0,0 0,0
LEAF 11,3 1,0 0,0 5,1 0,0 0,0 0,0 0,0 0,0 1,1
LEAF 11,3 1,0 0,0 5,1 0,0 0,0 0,1 0,0 0,0 0,1
LEAF 11,3 1,0 0,0 5,1 0,0 0,0 1,1 0,0 0,0 0,0
LEAF 11,3 1,0 0,0 0,2 0,0 0,0 0,0 0,0 0,0 6,0
LEAF 11,3 1,0 0,0 0,2 0,0 0,0 6,0 0,0 0,0 0,0
LEAF 11,3 1,0 0,0 1,2 0,0 0,0 0,0 0,0 0,0 2,3
LEAF 11,3 1,0 0,0 1,2 0,0 0,0 2,3 0,0 0,0 0,0
LEAF 11,3 1,0 0,0 3,2 0,0 0,0 0,0 0,0 0,0 0,3
LEAF 11,3 1,0 0,0 3,2 0,0 0,0 0,3 0,0 0,0 0,0
LEAF 11,3 1,0 0,0 4,2 0,0 0,0 0,0 0,0 0,0 2,0
LEAF 11,3 1,0 0,0 4,2 0,0 0,0 1,0 0,0 0,0 0,1
LEAF 11,3 1,0 0,0 4,2 0,0 0,0 2,0 0,0 0,0 0,0
LEAF 11,3 1,0 0,0 4,2 0,0 0,0 0,1 0,0 0,0 1,0
LEAF 11,3 1,0 0,0 0,3 0,0 0,0 0,0 0,0 0,0 3,2
LEAF 11,3 1,0 0,0 0,3 0,0 0,0 3,2 0,0 0,0 0,0
LEAF 11,3 1,0 0,0 2,3 0,0 0,0 0,0 0,0 0,0 1,2
LEAF 11,3 1,0 0,0 2,3 0,0 0,0 1,2 0,0 0,0 0,0
LEAF 11,3 1,0 0,0 3,3 0,0 0,0 1,0 0,0 0,0 1,0
LEAF 11,3 1,0 0,0 1,4 0,0 0,0 0,0 0,0 0,0 2,1
LEAF 11,3 1,0 0,0 1,4 0,0 0,0 2,1 0,0 0,0 0,0
LEAF 11,3 1,0 0,0 2,4 0,0 0,0 0,0 0,0 0,0 0,1
LEAF 11,3 1,0 0,0 2,4 0,0 0,0 0,1 0,0 0,0 0,0
LEAF 11,3 1,0 0,0 0,5 0,0 0,0 0,0 0,0 0,0 3,0
LEAF 11,3 1,0 0,0 0,5 0,0 0,0 3,0 0,0 0,0 0,0
LEAF 11,3 1,0 0,0 1,5 0,0 0,0 0,0 0,0 0,0 1,0
LEAF 11,3 1,0 0,0 1,5 0,0 0,0 1,0 0,0 0,0 0,0
LEAF 11,3 1,0 1,0 0,0 0,0 0,0 0,0 0,0 0,0 1,5
LEAF 11,3 1,0 1,0 0,0 0,0 0,0 0,0 0,0 1,0 3,3
LEAF 11,3 1,0 1,0 0,0 0,0 0,0 0,0 0,0 0,1 4,2
LEAF 11,3 1,0 1,0 0,0 0,0 0,0 0,0 0,0 4,2 0,1
LEAF 11,3 1,0 1,0 0,0 0,0 0,0 0,0 0,0 3,3 1,0
LEAF 11,3 1,0 1,0 0,0 0,0 0,0 0,0 0,0 1,5 0,0
LEAF 11,3 1,0 1,0 0,0 0,0 0,0 0,0 1,0 0,0 3,3
LEAF 11,3 1,0 1,0 0,0 0,0 0,0 0,0 0,1 0,0 4,2
LEAF 11,3 1,0 1,0 0,0 0,0 0,0 0,0 4,2 0,0 0,1
LEAF 11,3 1,0 1,0 0,0 0,0 0,0 0,0 3,3 0,0 1,0
LEAF 11,3 1,0 1,0 0,0 0,0 0,0 0,0 3,3 1,0 0,0
LEAF 11,3 1,0 1,0 0,0 0,0 0,0 0,0 1,5 0,0 0,0
LEAF 11,3 1,0 1,0 0,0 0,0 0,0 1,0 0,0 0,0 3,3
LEAF 11,3 1,0 1,0 0,0 0,0 0,0 1,0 3,3 0,0 0,0
LEAF 11,3 1,0 1,0 0,0 0,0 0,0 0,1 0,0 0,0 4,2
LEAF 11,3 1,0 1,0 0,0 0,0 0,0 4,2 0,0 0,0 0,1
LEAF 11,3 1,0 1,0 0,0 0,0 0,0 3,3 0,0 0,0 1,0
LEAF 11,3 1,0 1,0 0,0 0,0 0,0 1,5 0,0 0,0 0,0
LEAF 11,3 1,0 1,0 0,0 0,0 1,0 0,0 0,0 0,0 3,3
LEAF 11,3 1,0 1,0 0,0 0,0 1,0 0,0 0,0 3,3 0,0
LEAF 11,3 1,0 1,0 0,0 0,0 1,0 0,0 3,3 0,0 0,0
LEAF 11,3 1,0 1,0 0,0 0,0 1,0 3,3 0,0 0,0 0,0
LEAF 11,3 1,0 1,0 0,0 0,0 0,1 0,0 0,0 0,0 4,2
LEAF 11,3 1,0 1,0 0,0 0,0 0,1 0,0 0,0 4,2 0,0
LEAF 11,3 1,0 1,0 0,0 0,0 0,1 0,0 4,2 0,0 0,0
LEAF 11,3 1,0 1,0 0,0 0,0 0,1 4,2 0,0 0,0 0,0
LEAF 11,3 1,0 1,0 0,0 0,0 4,2 0,0 0,0 0,0 0,1
LEAF 11,3 1,0 1,0 0,0 0,0 4,2 0,0 0,0 0,1 0,0
LEAF 11,3 1,0 1,0 0,0 0,0 4,2 0,0 0,1 0,0 0,0
LEAF 11,3 1,0 1,0 0,0 0,0 4,2 0,1 0,0 0,0 0,0
LEAF 11,3 1,0 1,0 0,0 0,0 3,3 0,0 0,0 0,0 1,0
LEAF 11,3 1,0 1,0 0,0 0,0 3,3 0,0 0,0 1,0 0,0
LEAF 11,3 1,0 1,0 0,0 0,0 3,3 0,0 1,0 0,0 0,0
LEAF 11,3 1,0 1,0 0,0 0,0 3,3 1,0 0,0 0,0 0,0
LEAF 11,3 1,0 1,0 0,0 0,0 1,5 0,0 0,0 0,0 0,0
LEAF 11,3 1,0 1,0 0,0 1,0 0,0 0,0 0,0 0,0 3,3
LEAF 11,3 1,0 1,0 0,0 1,0 0,0 0,0 3,3 0,0 0,0
LEAF 11,3 1,0 1,0 0,0 1,0 0,0 3,3 0,0 0,0 0,0
LEAF 11,3 1,0 1,0 0,0 0,1 0,0 0,0 0,0 0,0 4,2
LEAF 11,3 1,0 1,0 0,0 0,1 0,0 0,0 4,2 0,0 0,0
LEAF 11,3 1,0 1,0 0,0 0,1 0,0 4,2 0,0 0,0 0,0
LEAF 11,3 1,0 1,0 0,0 4,2 0,0 0,0 0,0 0,0 0,1
LEAF 11,3 1,0 1,0 0,0 4,2 0,0 0,0 0,1 0,0 0,0
LEAF 11,3 1,0 1,0 0,0 4,2 0,0 0,1 0,0 0,0 0,0
LEAF 11,3 1,0 1,0 0,0 3,3 0,0 0,0 0,0 0,0 1,0
LEAF 11,3 1,0 1,0 0,0 3,3 0,0 0,0 0,0 1,0 0,0
LEAF 11,3 1,0 1,0 0,0 3,3 0,0 0,0 1,0 0,0 0,0
LEAF 11,3 1,0 1,0 0,0 3,3 0,0 1,0 0,0 0,0 0,0
LEAF 11,3 1,0 1,0 0,0 3,3 1,0 0,0 0,0 0,0 0,0
LEAF 11,3 1,0 1,0 0,0 1,5 0,0 0,0 0,0 0,0 0,0
LEAF 11,3 1,0 1,0 1,0 0,0 0,0 0,0 0,0 0,0 3,3
LEAF 11,3 1,0 1,0 1,0 0,0 0,0 0,0 3,3 0,0 0,0
LEAF 11,3 1,0 1,0 1,0 0,0 0,0 3,3 0,0 0,0 0,0
LEAF 11,3 1,0 1,0 1,0 3,3 0,0 0,0 0,0 0,0 0,0
LEAF 11,3 1,0 1,0 0,1 0,0 0,0 0,0 0,0 0,0 4,2
LEAF 11,3 1,0 1,0 0,1 0,0 0,0 4,2 0,0 0,0 0,0
LEAF 11,3 1,0 1,0 4,2 0,0 0,0 0,0 0,0 0,0 0,1
LEAF 11,3 1,0 1,0 4,2 0,0 0,0 0,1 0,0 0,0 0,0
LEAF 11,3 1,0 1,0 3,3 0,0 0,0 0,0 0,0 0,0 1,0
LEAF 11,3 1,0 1,0 3,3 0,0 0,0 1,0 0,0 0,0 0,0
LEAF 11,3 1,0 2,0 0,0 0,0 0,0 0,0 0,0 0,0 4,2
LEAF 11,3 1,0 2,0 0,0 0,0 0,0 0,0 0,0 2,0 9,0
LEAF 11,3 1,0 2,0 0,0 0,0 0,0 0,0 0,0 4,2 0,0
LEAF 11,3 1,0 2,0 0,0 0,0 0,0 0,0 2,0 0,0 9,0
LEAF 11,3 1,0 2,0 0,0 0,0 0,0 0,0 4,2 0,0 0,0
LEAF 11,3 1,0 2,0 0,0 0,0 0,0 2,0 0,0 0,0 9,0
LEAF 11,3 1,0 2,0 0,0 0,0 0,0 4,2 0,0 0,0 0,0
LEAF 11,3 1,0 2,0 0,0 0,0 2,0 0,0 0,0 0,0 9,0
LEAF 11,3 1,0 2,0 0,0 0,0 4,2 0,0 0,0 0,0 0,0
LEAF 11,3 1,0 2,0 0,0 2,0 0,0 0,0 0,0 0,0 9,0
LEAF 11,3 1,0 2,0 0,0 4,2 0,0 0,0 0,0 0,0 0,0
LEAF 11,3 1,0 2,0 2,0 0,0 0,0 0,0 0,0 0,0 9,0
LEAF 11,3 1,0 2,0 4,2 0,0 0,0 0,0 0,0 0,0 0,0
LEAF 11,3 1,0 3,0 0,0 0,0 0,0 0,0 0,0 0,0 8,1
LEAF 11,3 1,0 3,0 0,0 0,0 0,0 0,0 0,0 0,0 0,5
LEAF 11,3 1,0 3,0 0,0 0,0 0,0 0,0 0,0 0,5 0,0
LEAF 11,3 1,0 3,0 0,0 0,0 0,0 0,0 0,5 0,0 0,0
LEAF 11,3 1,0 3,0 0,0 0,0 0,0 0,5 0,0 0,0 0,0
LEAF 11,3 1,0 3,0 0,0 0,0 0,5 0,0 0,0 0,0 0,0
LEAF 11,3 1,0 3,0 0,0 0,5 0,0 0,0 0,0 0,0 0,0
LEAF 11,3 1,0 3,0 0,5 0,0 0,0 0,0 0,0 0,0 0,0
LEAF 11,3 1,0 5,0 0,0 0,0 0,0 0,0 0,0 0,0 8,0
LEAF 11,3 1,0 6,0 0,0 0,0 0,0 0,0 0,0 0,0 0,2
LEAF 11,3 1,0 6,0 0,0 0,0 0,0 0,0 0,0 0,2 0,0
LEAF 11,3 1,0 6,0 0,0 0,0 0,0 0,0 0,2 0,0 0,0
LEAF 11,3 1,0 6,0 0,0 0,0 0,0 0,2 0,0 0,0 0,0
LEAF 11,3 1,0 6,0 0,0 0,0 0,2 0,0 0,0 0,0 0,0
LEAF 11,3 1,0 6,0 0,0 0,2 0,0 0,0 0,0 0,0 0,0
LEAF 11,3 1,0 6,0 0,2 0,0 0,0 0,0 0,0 0,0 0,0
LEAF 11,3 1,0 0,1 0,0 0,0 0,0 0,0 0,0 0,0 2,4
LEAF 11,3 1,0 0,1 0,0 0,0 0,0 0,0 0,0 1,0 4,2
LEAF 11,3 1,0 0,1 0,0 0,0 0,0 0,0 0,0 0,1 5,1
LEAF 11,3 1,0 0,1 0,0 0,0 0,0 0,0 0,0 5,1 0,1
LEAF 11,3 1,0 0,1 0,0 0,0 0,0 0,0 0,0 4,2 1,0
LEAF 11,3 1,0 0,1 0,0 0,0 0,0 0,0 0,0 2,4 0,0
LEAF 11,3 1,0 0,1 0,0 0,0 0,0 0,0 1,0 0,0 4,2
LEAF 11,3 1,0 0,1 0,0 0,0 0,0 0,0 0,1 0,0 5,1
LEAF 11,3 1,0 0,1 0,0 0,0 0,0 0,0 5,1 0,0 0,1
LEAF 11,3 1,0 0,1 0,0 0,0 0,0 0,0 4,2 0,0 1,0
LEAF 11,3 1,0 0,1 0,0 0,0 0,0 0,0 4,2 1,0 0,0
LEAF 11,3 1,0 0,1 0,0 0,0 0,0 0,0 2,4 0,0 0,0
LEAF 11,3 1,0 0,1 0,0 0,0 0,0 1,0 0,0 0,0 4,2
LEAF 11,3 1,0 0,1 0,0 0,0 0,0 1,0 4,2 0,0 0,0
LEAF 11,3 1,0 0,1 0,0 0,0 0,0 0,1 0,0 0,0 5,1
LEAF 11,3 1,0 0,1 0,0 0,0 0,0 5,1 0,0 0,0 0,1
LEAF 11,3 1,0 0,1 0,0 0,0 0,0 4,2 0,0 0,0 1,0
LEAF 11,3 1,0 0,1 0,0 0,0 0,0 2,4 0,0 0,0 0,0
LEAF 11,3 1,0 0,1 0,0 0,0 1,0 0,0 0,0 0,0 4,2
LEAF 11,3 1,0 0,1 0,0 0,0 1,0 0,0 0,0 4,2 0,0
LEAF 11,3 1,0 0,1 0,0 0,0 1,0 0,0 4,2 0,0 0,0
LEAF 11,3 1,0 0,1 0,0 0,0 1,0 4,2 0,0 0,0 0,0
LEAF 11,3 1,0 0,1 0,0 0,0 0,1 0,0 0,0 0,0 5,1
LEAF 11,3 1,0 0,1 0,0 0,0 0,1 0,0 0,0 5,1 0,0
LEAF 11,3 1,0 0,1 0,0 0,0 0,1 0,0 5,1 0,0 0,0
LEAF 11,3 1,0 0,1 0,0 0,0 0,1 5,1 0,0 0,0 0,0
LEAF 11,3 1,0 0,1 0,0 0,0 5,1 0,0 0,0 0,0 0,1
LEAF 11,3 1,0 0,1 0,0 0,0 5,1 0,0 0,0 0,1 0,0
LEAF 11,3 1,0 0,1 0,0 0,0 5,1 0,0 0,1 0,0 0,0
LEAF 11,3 1,0 0,1 0,0 0,0 5,1 0,1 0,0 0,0 0,0
LEAF 11,3 1,0 0,1 0,0 0,0 4,2 0,0 0,0 0,0 1,0
LEAF 11,3 1,0 0,1 0,0 0,0 4,2 0,0 0,0 1,0 0,0
LEAF 11,3 1,0 0,1 0,0 0,0 4,2 0,0 1,0 0,0 0,0
LEAF 11,3 1,0 0,1 0,0 0,0 4,2 1,0 0,0 0,0 0,0
LEAF 11,3 1,0 0,1 0,0 0,0 2,4 0,0 0,0 0,0 0,0
LEAF 11,3 1,0 0,1 0,0 1,0 0,0 0,0 0,0 0,0 4,2
LEAF 11,3 1,0 0,1 0,0 1,0 0,0 0,0 4,2 0,0 0,0
LEAF 11,3 1,0 0,1 0,0 1,0 0,0 4,2 0,0 0,0 0,0
LEAF 11,3 1,0 0,1 0,0 0,1 0,0 0,0 0,0 0,0 5,1
LEAF 11,3 1,0 0,1 0,0 0,1 0,0 0,0 5,1 0,0 0,0
LEAF 11,3 1,0 0,1 0,0 0,1 0,0 5,1 0,0 0,0 0,0
LEAF 11,3 1,0 0,1 0,0 5,1 0,0 0,0 0,0 0,0 0,1
LEAF 11,3 1,0 0,1 0,0 5,1 0,0 0,0 0,1 0,0 0,0
LEAF 11,3 1,0 0,1 0,0 5,1 0,0 0,1 0,0 0,0 0,0
LEAF 11,3 1,0 0,1 0,0 4,2 0,0 0,0 0,0 0,0 1,0
LEAF 11,3 1,0 0,1 0,0 4,2 0,0 0,0 0,0 1,0 0,0
LEAF 11,3 1,0 0,1 0,0 4,2 0,0 0,0 1,0 0,0 0,0
LEAF 11,3 1,0 0,1 0,0 4,2 0,0 1,0 0,0 0,0 0,0
LEAF 11,3 1,0 0,1 0,0 4,2 1,0 0,0 0,0 0,0 0,0
LEAF 11,3 1,0 0,1 0,0 2,4 0,0 0,0 0,0 0,0 0,0
LEAF 11,3 1,0 0,1 1,0 0,0 0,0 0,0 0,0 0,0 4,2
LEAF 11,3 1,0 0,1 1,0 0,0 0,0 0,0 4,2 0,0 0,0
LEAF 11,3 1,0 0,1 1,0 0,0 0,0 4,2 0,0 0,0 0,0
LEAF 11,3 1,0 0,1 1,0 4,2 0,0 0,0 0,0 0,0 0,0
LEAF 11,3 1,0 0,1 0,1 0,0 0,0 0,0 0,0 0,0 5,1
LEAF 11,3 1,0 0,1 0,1 0,0 0,0 5,1 0,0 0,0 0,0
LEAF 11,3 1,0 0,1 5,1 0,0 0,0 0,0 0,0 0,0 0,1
LEAF 11,3 1,0 0,1 5,1 0,0 0,0 0,1 0,0 0,0 0,0
LEAF 11,3 1,0 0,1 4,2 0,0 0,0 0,0 0,0 0,0 1,0
LEAF 11,3 1,0 0,1 4,2 0,0 0,0 1,0 0,0 0,0 0,0
LEAF 11,3 1,0 0,1 2,4 0,0 0,0 0,0 0,0 0,0 0,0
LEAF 11,3 1,0 1,1 0,0 0,0 0,0 0,0 0,0 0,0 5,1
LEAF 11,3 1,0 1,1 0,0 0,0 0,0 0,0 0,0 5,1 0,0
LEAF 11,3 1,0 1,1 0,0 0,0 0,0 0,0 5,1 0,0 0,0
LEAF 11,3 1,0 1,1 0,0 0,0 0,0 5,1 0,0 0,0 0,0
LEAF 11,3 1,0 1,1 0,0 0,0 5,1 0,0 0,0 0,0 0,0
LEAF 11,3 1,0 1,1 0,0 5,1 0,0 0,0 0,0 0,0 0,0
LEAF 11,3 1,0 1,1 5,1 0,0 0,0 0,0 0,0 0,0 0,0
LEAF 11,3 1,0 2,1 0,0 0,0 0,0 0,0 0,0 0,0 9,0
LEAF 11,3 1,0 2,1 0,0 0,0 0,0 0,0 0,0 0,0 1,4
LEAF 11,3 1,0 2,1 0,0 0,0 0,0 0,0 0,0 1,4 0,0
LEAF 11,3 1,0 2,1 0,0 0,0 0,0 0,0 1,4 0,0 0,0
LEAF 11,3 1,0 2,1 0,0 0,0 0,0 1,4 0,0 0,0 0,0
LEAF 11,3 1,0 2,1 0,0 0,0 1,4 0,0 0,0 0,0 0,0
LEAF 11,3 1,0 2,1 0,0 1,4 0,0 0,0 0,0 0,0 0,0
LEAF 11,3 1,0 2,1 1,4 0,0 0,0 0,0 0,0 0,0 0,0
LEAF 11,3 1,0 5,1 0,0 0,0 0,0 0,0 0,0 0,0 1,1
LEAF 11,3 1,0 5,1 0,0 0,0 0,0 0,0 0,0 0,1 0,1
LEAF 11,3 1,0 5,1 0,0 0,0 0,0 0,0 0,0 1,1 0,0
LEAF 11,3 1,0 5,1 0,0 0,0 0,0 0,0 0,1 0,0 0,1
LEAF 11,3 1,0 5,1 0,0 0,0 0,0 0,0 1,1 0,0 0,0
LEAF 11,3 1,0 5,1 0,0 0,0 0,0 0,1 0,0 0,0 0,1
LEAF 11,3 1,0 5,1 0,0 0,0 0,0 1,1 0,0 0,0 0,0
LEAF 11,3 1,0 5,1 0,0 0,0 0,1 0,0 0,0 0,0 0,1
LEAF 11,3 1,0 5,1 0,0 0,0 0,1 0,0 0,0 0,1 0,0
LEAF 11,3 1,0 5,1 0,0 0,0 0,1 0,0 0,1 0,0 0,0
LEAF 11,3 1,0 5,1 0,0 0,0 0,1 0,1 0,0 0,0 0,0
LEAF 11,3 1,0 5,1 0,0 0,0 1,1 0,0 0,0 0,0 0,0
LEAF 11,3 1,0 5,1 0,0 0,1 0,0 0,0 0,0 0,0 0,1
LEAF 11,3 1,0 5,1 0,0 0,1 0,0 0,0 0,1 0,0 0,0
LEAF 11,3 1,0 5,1 0,0 0,1 0,0 0,1 0,0 0,0 0,0
LEAF 11,3 1,0 5,1 0,0 1,1 0,0 0,0 0,0 0,0 0,0
LEAF 11,3 1,0 5,1 0,1 0,0 0,0 0,0 0,0 0,0 0,1
LEAF 11,3 1,0 5,1 0,1 0,0 0,0 0,1 0,0 0,0 0,0
LEAF 11,3 1,0 5,1 1,1 0,0 0,0 0,0 0,0 0,0 0,0
LEAF 11,3 1,0 0,2 0,0 0,0 0,0 0,0 0,0 0,0 6,0
LEAF 11,3 1,0 0,2 0,0 0,0 0,0 0,0 0,0 6,0 0,0
LEAF 11,3 1,0 0,2 0,0 0,0 0,0 0,0 6,0 0,0 0,0
LEAF 11,3 1,0 0,2 0,0 0,0 0,0 6,0 0,0 0,0 0,0
LEAF 11,3 1,0 0,2 0,0 0,0 6,0 0,0 0,0 0,0 0,0
LEAF 11,3 1,0 0,2 0,0 6,0 0,0 0,0 0,0 0,0 0,0
LEAF 11,3 1,0 0,2 6,0 0,0 0,0 0,0 0,0 0,0 0,0
LEAF 11,3 1,0 1,2 0,0 0,0 0,0 0,0 0,0 0,0 2,3
LEAF 11,3 1,0 1,2 0,0 0,0 0,0 0,0 0,0 2,3 0,0
LEAF 11,3 1,0 1,2 0,0 0,0 0,0 0,0 2,3 0,0 0,0
LEAF 11,3 1,0 1,2 0,0 0,0 0,0 2,3 0,0 0,0 0,0
LEAF 11,3 1,0 1,2 0,0 0,0 2,3 0,0 0,0 0,0 0,0
LEAF 11,3 1,0 1,2 0,0 2,3 0,0 0,0 0,0 0,0 0,0
LEAF 11,3 1,0 1,2 2,3 0,0 0,0 0,0 0,0 0,0 0,0
LEAF 11,3 1,0 3,2 0,0 0,0 0,0 0,0 0,0 0,0 0,3
LEAF 11,3 1,0 3,2 0,0 0,0 0,0 0,0 0,0 0,3 0,0
LEAF 11,3 1,0 3,2 0,0 0,0 0,0 0,0 0,3 0,0 0,0
LEAF 11,3 1,0 3,2 0,0 0,0 0,0 0,3 0,0 0,0 0,0
LEAF 11,3 1,0 3,2 0,0 0,0 0,3 0,0 0,0 0,0 0,0
LEAF 11,3 1,0 3,2 0,0 0,3 0,0 0,0 0,0 0,0 0,0
LEAF 11,3 1,0 3,2 0,3 0,0 0,0 0,0 0,0 0,0 0,0
LEAF 11,3 1,0 4,2 0,0 0,0 0,0 0,0 0,0 0,0 2,0
LEAF 11,3 1,0 4,2 0,0 0,0 0,0 0,0 0,0 1,0 0,1
LEAF 11,3 1,0 4,2 0,0 0,0 0,0 0,0 0,0 2,0 0,0
LEAF 11,3 1,0 4,2 0,0 0,0 0,0 0,0 0,0 0,1 1,0
LEAF 11,3 1,0 4,2 0,0 0,0 0,0 0,0 1,0 0,0 0,1
LEAF 11,3 1,0 4,2 0,0 0,0 0,0 0,0 2,0 0,0 0,0
LEAF 11,3 1,0 4,2 0,0 0,0 0,0 0,0 0,1 0,0 1,0
LEAF 11,3 1,0 4,2 0,0 0,0 0,0 0,0 0,1 1,0 0,0
LEAF 11,3 1,0 4,2 0,0 0,0 0,0 1,0 0,0 0,0 0,1
LEAF 11,3 1,0 4,2 0,0 0,0 0,0 1,0 0,1 0,0 0,0
LEAF 11,3 1,0 4,2 0,0 0,0 0,0 2,0 0,0 0,0 0,0
LEAF 11,3 1,0 4,2 0,0 0,0 0,0 0,1 0,0 0,0 1,0
LEAF 11,3 1,0 4,2 0,0 0,0 1,0 0,0 0,0 0,0 0,1
LEAF 11,3 1,0 4,2 0,0 0,0 1,0 0,0 0,0 0,1 0,0
LEAF 11,3 1,0 4,2 0,0 0,0 1,0 0,0 0,1 0,0 0,0
LEAF 11,3 1,0 4,2 0,0 0,0 1,0 0,1 0,0 0,0 0,0
LEAF 11,3 1,0 4,2 0,0 0,0 2,0 0,0 0,0 0,0 0,0
LEAF 11,3 1,0 4,2 0,0 0,0 0,1 0,0 0,0 0,0 1,0
LEAF 11,3 1,0 4,2 0,0 0,0 0,1 0,0 0,0 1,0 0,0
LEAF 11,3 1,0 4,2 0,0 0,0 0,1 0,0 1,0 0,0 0,0
LEAF 11,3 1,0 4,2 0,0 0,0 0,1 1,0 0,0 0,0 0,0
LEAF 11,3 1,0 4,2 0,0 1,0 0,0 0,0 0,0 0,0 0,1
LEAF 11,3 1,0 4,2 0,0 1,0 0,0 0,0 0,1 0,0 0,0
LEAF 11,3 1,0 4,2 0,0 1,0 0,0 0,1 0,0 0,0 0,0
LEAF 11,3 1,0 4,2 0,0 2,0 0,0 0,0 0,0 0,0 0,0
LEAF 11,3 1,0 4,2 0,0 0,1 0,0 0,0 0,0 0,0 1,0
LEAF 11,3 1,0 4,2 0,0 0,1 0,0 0,0 0,0 1,0 0,0
LEAF 11,3 1,0 4,2 0,0 0,1 0,0 0,0 1,0 0,0 0,0
LEAF 11,3 1,0 4,2 0,0 0,1 0,0 1,0 0,0 0,0 0,0
LEAF 11,3 1,0 4,2 0,0 0,1 1,0 0,0 0,0 0,0 0,0
LEAF 11,3 1,0 4,2 1,0 0,0 0,0 0,0 0,0 0,0 0,1
LEAF 11,3 1,0 4,2 1,0 0,0 0,0 0,0 0,1 0,0 0,0
LEAF 11,3 1,0 4,2 1,0 0,0 0,0 0,1 0,0 0,0 0,0
LEAF 11,3 1,0 4,2 1,0 0,1 0,0 0,0 0,0 0,0 0,0
LEAF 11,3 1,0 4,2 2,0 0,0 0,0 0,0 0,0 0,0 0,0
LEAF 11,3 1,0 4,2 0,1 0,0 0,0 0,0 0,0 0,0 1,0
LEAF 11,3 1,0 4,2 0,1 0,0 0,0 1,0 0,0 0,0 0,0
LEAF 11,3 1,0 0,3 0,0 0,0 0,0 0,0 0,0 0,0 3,2
LEAF 11,3 1,0 0,3 0,0 0,0 0,0 0,0 0,0 3,2 0,0
LEAF 11,3 1,0 0,3 0,0 0,0 0,0 0,0 3,2 0,0 0,0
LEAF 11,3 1,0 0,3 0,0 0,0 0,0 3,2 0,0 0,0 0,0
LEAF 11,3 1,0 0,3 0,0 0,0 3,2 0,0 0,0 0,0 0,0
LEAF 11,3 1,0 0,3 0,0 3,2 0,0 0,0 0,0 0,0 0,0
LEAF 11,3 1,0 0,3 3,2 0,0 0,0 0,0 0,0 0,0 0,0
LEAF 11,3 1,0 2,3 0,0 0,0 0,0 0,0 0,0 0,0 1,2
LEAF 11,3 1,0 2,3 0,0 0,0 0,0 0,0 0,0 1,2 0,0
LEAF 11,3 1,0 2,3 0,0 0,0 0,0 0,0 1,2 0,0 0,0
LEAF 11,3 1,0 2,3 0,0 0,0 0,0 1,2 0,0 0,0 0,0
LEAF 11,3 1,0 2,3 0,0 0,0 1,2 0,0 0,0 0,0 0,0
LEAF 11,3 1,0 2,3 0,0 1,2 0,0 0,0 0,0 0,0 0,0
LEAF 11,3 1,0 2,3 1,2 0,0 0,0 0,0 0,0 0,0 0,0
LEAF 11,3 1,0 3,3 0,0 0,0 0,0 0,0 0,0 1,0 1,0
LEAF 11,3 1,0 3,3 0,0 0,0 0,0 0,0 1,0 0,0 1,0
LEAF 11,3 1,0 3,3 0,0 0,0 0,0 0,0 1,0 1,0 0,0
LEAF 11,3 1,0 3,3 0,0 0,0 0,0 1,0 0,0 0,0 1,0
LEAF 11,3 1,0 3,3 0,0 0,0 0,0 1,0 0,0 1,0 0,0
LEAF 11,3 1,0 3,3 0,0 0,0 0,0 1,0 1,0 0,0 0,0
LEAF 11,3 1,0 3,3 0,0 0,0 1,0 0,0 0,0 0,0 1,0
LEAF 11,3 1,0 3,3 0,0 0,0 1,0 0,0 0,0 1,0 0,0
LEAF 11,3 1,0 3,3 0,0 0,0 1,0 0,0 1,0 0,0 0,0
LEAF 11,3 1,0 3,3 0,0 0,0 1,0 1,0 0,0 0,0 0,0
LEAF 11,3 1,0 3,3 0,0 1,0 0,0 0,0 0,0 0,0 1,0
LEAF 11,3 1,0 3,3 0,0 1,0 0,0 0,0 0,0 1,0 0,0
LEAF 11,3 1,0 3,3 0,0 1,0 0,0 0,0 1,0 0,0 0,0
LEAF 11,3 1,0 3,3 0,0 1,0 0,0 1,0 0,0 0,0 0,0
LEAF 11,3 1,0 3,3 0,0 1,0 1,0 0,0 0,0 0,0 0,0
LEAF 11,3 1,0 3,3 1,0 0,0 0,0 0,0 0,0 0,0 1,0
LEAF 11,3 1,0 3,3 1,0 0,0 0,0 0,0 0,0 1,0 0,0
LEAF 11,3 1,0 3,3 1,0 0,0 0,0 0,0 1,0 0,0 0,0
LEAF 11,3 1,0 3,3 1,0 0,0 0,0 1,0 0,0 0,0 0,0
LEAF 11,3 1,0 3,3 1,0 0,0 1,0 0,0 0,0 0,0 0,0
LEAF 11,3 1,0 3,3 1,0 1,0 0,0 0,0 0,0 0,0 0,0
LEAF 11,3 1,0 1,4 0,0 0,0 0,0 0,0 0,0 0,0 2,1
LEAF 11,3 1,0 1,4 0,0 0,0 0,0 0,0 0,0 2,1 0,0
LEAF 11,3 1,0 1,4 0,0 0,0 0,0 0,0 2,1 0,0 0,0
LEAF 11,3 1,0 1,4 0,0 0,0 0,0 2,1 0,0 0,0 0,0
LEAF 11,3 1,0 1,4 0,0 0,0 2,1 0,0 0,0 0,0 0,0
LEAF 11,3 1,0 1,4 0,0 2,1 0,0 0,0 0,0 0,0 0,0
LEAF 11,3 1,0 1,4 2,1 0,0 0,0 0,0 0,0 0,0 0,0
LEAF 11,3 1,0 2,4 0,0 0,0 0,0 0,0 0,0 0,0 0,1
LEAF 11,3 1,0 2,4 0,0 0,0 0,0 0,0 0,0 0,1 0,0
LEAF 11,3 1,0 2,4 0,0 0,0 0,0 0,0 0,1 0,0 0,0
LEAF 11,3 1,0 2,4 0,0 0,0 0,0 0,1 0,0 0,0 0,0
LEAF 11,3 1,0 2,4 0,0 0,0 0,1 0,0 0,0 0,0 0,0
LEAF 11,3 1,0 2,4 0,0 0,1 0,0 0,0 0,0 0,0 0,0
LEAF 11,3 1,0 2,4 0,1 0,0 0,0 0,0 0,0 0,0 0,0
LEAF 11,3 1,0 0,5 0,0 0,0 0,0 0,0 0,0 0,0 3,0
LEAF 11,3 1,0 0,5 0,0 0,0 0,0 0,0 0,0 3,0 0,0
LEAF 11,3 1,0 0,5 0,0 0,0 0,0 0,0 3,0 0,0 0,0
LEAF 11,3 1,0 0,5 0,0 0,0 0,0 3,0 0,0 0,0 0,0
LEAF 11,3 1,0 0,5 0,0 0,0 3,0 0,0 0,0 0,0 0,0
LEAF 11,3 1,0 0,5 0,0 3,0 0,0 0,0 0,0 0,0 0,0
LEAF 11,3 1,0 0,5 3,0 0,0 0,0 0,0 0,0 0,0 0,0
LEAF 11,3 1,0 1,5 0,0 0,0 0,0 0,0 0,0 0,0 1,0
LEAF 11,3 1,0 1,5 0,0 0,0 0,0 0,0 0,0 1,0 0,0
LEAF 11,3 1,0 1,5 0,0 0,0 0,0 0,0 1,0 0,0 0,0
LEAF 11,3 1,0 1,5 0,0 0,0 0,0 1,0 0,0 0,0 0,0
LEAF 11,3 1,0 1,5 0,0 0,0 1,0 0,0 0,0 0,0 0,0
LEAF 11,3 1,0 1,5 0,0 1,0 0,0 0,0 0,0 0,0 0,0
LEAF 11,3 1,0 1,5 1,0 0,0 0,0 0,0 0,0 0,0 0,0
LEAF 11,3 2,0 0,0 0,0 0,0 0,0 0,0 0,0 0,0 2,4
LEAF 11,3 2,0 0,0 0,0 0,0 0,0 0,0 0,0 1,0 4,2
LEAF 11,3 2,0 0,0 0,0 0,0 0,0 0,0 1,0 0,0 4,2
LEAF 11,3 2,0 0,0 0,0 0,0 0,0 0,0 2,0 1,0 9,0
LEAF 11,3 2,0 0,0 0,0 0,0 0,0 0,0 0,1 0,0 5,1
LEAF 11,3 2,0 0,0 0,0 0,0 0,0 0,0 5,1 0,0 0,1
LEAF 11,3 2,0 0,0 0,0 0,0 0,0 0,0 4,2 0,0 1,0
LEAF 11,3 2,0 0,0 0,0 0,0 0,0 0,0 4,2 1,0 0,0
LEAF 11,3 2,0 0,0 0,0 0,0 0,0 0,0 2,4 0,0 0,0
LEAF 11,3 2,0 0,0 0,0 0,0 0,0 1,0 0,0 0,0 4,2
LEAF 11,3 2,0 0,0 0,0 0,0 0,0 1,0 2,0 0,0 9,0
LEAF 11,3 2,0 0,0 0,0 0,0 0,0 0,1 0,0 0,0 5,1
LEAF 11,3 2,0 0,0 0,0 0,0 0,0 5,1 0,0 0,0 0,1
LEAF 11,3 2,0 0,0 0,0 0,0 0,0 4,2 0,0 0,0 1,0
LEAF 11,3 2,0 0,0 0,0 0,0 0,0 2,4 0,0 0,0 0,0
LEAF 11,3 2,0 0,0 0,0 0,0 1,0 0,0 0,0 0,0 4,2
LEAF 11,3 2,0 0,0 0,0 0,0 1,0 0,0 2,0 0,0 9,0
LEAF 11,3 2,0 0,0 0,0 0,0 1,0 0,0 4,2 0,0 0,0
LEAF 11,3 2,0 0,0 0,0 0,0 1,0 2,0 0,0 0,0 9,0
LEAF 11,3 2,0 0,0 0,0 0,0 1,0 4,2 0,0 0,0 0,0
LEAF 11,3 2,0 0,0 0,0 0,0 2,0 1,0 0,0 0,0 9,0
LEAF 11,3 2,0 0,0 0,0 1,0 0,0 0,0 0,0 0,0 4,2
LEAF 11,3 2,0 0,0 0,0 1,0 0,0 0,0 2,0 0,0 9,0
LEAF 11,3 2,0 0,0 0,0 1,0 0,0 0,0 4,2 0,0 0,0
LEAF 11,3 2,0 0,0 0,0 1,0 0,0 2,0 0,0 0,0 9,0
LEAF 11,3 2,0 0,0 0,0 1,0 0,0 4,2 0,0 0,0 0,0
LEAF 11,3 2,0 0,0 0,0 2,0 0,0 0,0 0,0 1,0 9,0
LEAF 11,3 2,0 0,0 0,0 2,0 0,0 0,0 1,0 0,0 9,0
LEAF 11,3 2,0 0,0 0,0 2,0 0,0 1,0 0,0 0,0 9,0
LEAF 11,3 2,0 0,0 0,0 2,0 1,0 0,0 0,0 0,0 9,0
LEAF 11,3 2,0 0,0 0,0 0,1 0,0 0,0 0,0 0,0 5,1
LEAF 11,3 2,0 0,0 0,0 0,1 0,0 0,0 5,1 0,0 0,0
LEAF 11,3 2,0 0,0 0,0 0,1 0,0 5,1 0,0 0,0 0,0
LEAF 11,3 2,0 0,0 0,0 5,1 0,0 0,0 0,0 0,0 0,1
LEAF 11,3 2,0 0,0 0,0 5,1 0,0 0,0 0,1 0,0 0,0
LEAF 11,3 2,0 0,0 0,0 5,1 0,0 0,1 0,0 0,0 0,0
LEAF 11,3 2,0 0,0 0,0 4,2 0,0 0,0 0,0 0,0 1,0
LEAF 11,3 2,0 0,0 0,0 4,2 0,0 0,0 0,0 1,0 0,0
LEAF 11,3 2,0 0,0 0,0 4,2 0,0 0,0 1,0 0,0 0,0
LEAF 11,3 2,0 0,0 0,0 4,2 0,0 1,0 0,0 0,0 0,0
LEAF 11,3 2,0 0,0 0,0 4,2 1,0 0,0 0,0 0,0 0,0
LEAF 11,3 2,0 0,0 0,0 2,4 0,0 0,0 0,0 0,0 0,0
LEAF 11,3 2,0 0,0 1,0 0,0 0,0 0,0 0,0 0,0 4,2
LEAF 11,3 2,0 0,0 1,0 0,0 0,0 0,0 2,0 0,0 9,0
LEAF 11,3 2,0 0,0 1,0 0,0 0,0 2,0 0,0 0,0 9,0
LEAF 11,3 2,0 0,0 1,0 0,0 0,0 4,2 0,0 0,0 0,0
LEAF 11,3 2,0 0,0 1,0 2,0 0,0 0,0 0,0 0,0 9,0
LEAF 11,3 2,0 0,0 2,0 0,0 0,0 1,0 0,0 0,0 9,0
LEAF 11,3 2,0 0,0 0,1 0,0 0,0 0,0 0,0 0,0 5,1
LEAF 11,3 2,0 0,0 0,1 0,0 0,0 5,1 0,0 0,0 0,0
LEAF 11,3 2,0 0,0 5,1 0,0 0,0 0,0 0,0 0,0 0,1
LEAF 11,3 2,0 0,0 5,1 0,0 0,0 0,1 0,0 0,0 0,0
LEAF 11,3 2,0 0,0 4,2 0,0 0,0 0,0 0,0 0,0 1,0
LEAF 11,3 2,0 0,0 4,2 0,0 0,0 1,0 0,0 0,0 0,0
LEAF 11,3 2,0 0,0 2,4 0,0 0,0 0,0 0,0 0,0 0,0
LEAF 11,3 2,0 1,0 0,0 0,0 0,0 0,0 0,0 0,0 4,2
LEAF 11,3 2,0 1,0 0,0 0,0 0,0 0,0 2,0 0,0 9,0
LEAF 11,3 2,0 1,0 0,0 0,0 0,0 0,0 4,2 0,0 0,0
LEAF 11,3 2,0 1,0 0,0 0,0 0,0 2,0 0,0 0,0 9,0
LEAF 11,3 2,0 1,0 0,0 0,0 0,0 4,2 0,0 0,0 0,0
LEAF 11,3 2,0 1,0 0,0 2,0 0,0 0,0 0,0 0,0 9,0
LEAF 11,3 2,0 1,0 0,0 4,2 0,0 0,0 0,0 0,0 0,0
LEAF 11,3 2,0 1,0 2,0 0,0 0,0 0,0 0,0 0,0 9,0
LEAF 11,3 2,0 1,0 4,2 0,0 0,0 0,0 0,0 0,0 0,0
LEAF 11,3 2,0 2,0 0,0 0,0 0,0 1,0 0,0 0,0 9,0
LEAF 11,3 2,0 2,0 1,0 0,0 0,0 0,0 0,0 0,0 9,0
LEAF 11,3 3,0 0,0 0,0 0,0 0,0 0,0 0,0 0,0 6,0
LEAF 11,3 3,0 0,0 0,0 0,0 0,0 0,0 0,0 1,0 8,1
LEAF 11,3 3,0 0,0 0,0 0,0 0,0 0,0 0,0 1,0 0,5
LEAF 11,3 3,0 0,0 0,0 0,0 0,0 0,0 1,0 0,0 8,1
LEAF 11,3 3,0 0,0 0,0 0,0 0,0 0,0 1,0 0,0 0,5
LEAF 11,3 3,0 0,0 0,0 0,0 0,0 0,0 6,0 0,0 0,0
LEAF 11,3 3,0 0,0 0,0 0,0 0,0 0,0 0,1 0,0 9,0
LEAF 11,3 3,0 0,0 0,0 0,0 0,0 0,0 0,1 0,0 1,4
LEAF 11,3 3,0 0,0 0,0 0,0 0,0 0,0 1,4 0,0 0,1
LEAF 11,3 3,0 0,0 0,0 0,0 0,0 0,0 0,5 0,0 1,0
LEAF 11,3 3,0 0,0 0,0 0,0 0,0 0,0 0,5 1,0 0,0
LEAF 11,3 3,0 0,0 0,0 0,0 0,0 1,0 0,0 0,0 8,1
LEAF 11,3 3,0 0,0 0,0 0,0 0,0 1,0 0,0 0,0 0,5
LEAF 11,3 3,0 0,0 0,0 0,0 0,0 6,0 0,0 0,0 0,0
LEAF 11,3 3,0 0,0 0,0 0,0 0,0 0,1 0,0 0,0 9,0
LEAF 11,3 3,0 0,0 0,0 0,0 0,0 0,1 0,0 0,0 1,4
LEAF 11,3 3,0 0,0 0,0 0,0 0,0 1,4 0,0 0,0 0,1
LEAF 11,3 3,0 0,0 0,0 0,0 0,0 0,5 0,0 0,0 1,0
LEAF 11,3 3,0 0,0 0,0 0,0 1,0 0,0 0,0 0,0 8,1
LEAF 11,3 3,0 0,0 0,0 0,0 1,0 0,0 0,0 0,0 0,5
LEAF 11,3 3,0 0,0 0,0 0,0 1,0 0,5 0,0 0,0 0,0
LEAF 11,3 3,0 0,0 0,0 1,0 0,0 0,0 0,0 0,0 8,1
LEAF 11,3 3,0 0,0 0,0 1,0 0,0 0,0 0,0 0,0 0,5
LEAF 11,3 3,0 0,0 0,0 1,0 0,0 0,0 0,5 0,0 0,0
LEAF 11,3 3,0 0,0 0,0 1,0 0,0 0,5 0,0 0,0 0,0
LEAF 11,3 3,0 0,0 0,0 6,0 0,0 0,0 0,0 0,0 0,0
LEAF 11,3 3,0 0,0 0,0 0,1 0,0 0,0 0,0 0,0 9,0
LEAF 11,3 3,0 0,0 0,0 0,1 0,0 0,0 0,0 0,0 1,4
LEAF 11,3 3,0 0,0 0,0 0,1 0,0 0,0 1,4 0,0 0,0
LEAF 11,3 3,0 0,0 0,0 0,1 0,0 1,4 0,0 0,0 0,0
LEAF 11,3 3,0 0,0 0,0 1,4 0,0 0,0 0,0 0,0 0,1
LEAF 11,3 3,0 0,0 0,0 1,4 0,0 0,0 0,1 0,0 0,0
LEAF 11,3 3,0 0,0 0,0 1,4 0,0 0,1 0,0 0,0 0,0
LEAF 11,3 3,0 0,0 0,0 0,5 0,0 0,0 0,0 0,0 1,0
LEAF 11,3 3,0 0,0 0,0 0,5 0,0 0,0 0,0 1,0 0,0
LEAF 11,3 3,0 0,0 0,0 0,5 0,0 0,0 1,0 0,0 0,0
LEAF 11,3 3,0 0,0 0,0 0,5 0,0 1,0 0,0 0,0 0,0
LEAF 11,3 3,0 0,0 0,0 0,5 1,0 0,0 0,0 0,0 0,0
LEAF 11,3 3,0 0,0 1,0 0,0 0,0 0,0 0,0 0,0 8,1
LEAF 11,3 3,0 0,0 1,0 0,0 0,0 0,0 0,0 0,0 0,5
LEAF 11,3 3,0 0,0 1,0 0,0 0,0 0,5 0,0 0,0 0,0
LEAF 11,3 3,0 0,0 6,0 0,0 0,0 0,0 0,0 0,0 0,0
LEAF 11,3 3,0 0,0 0,1 0,0 0,0 0,0 0,0 0,0 9,0
LEAF 11,3 3,0 0,0 0,1 0,0 0,0 0,0 0,0 0,0 1,4
LEAF 11,3 3,0 0,0 0,1 0,0 0,0 1,4 0,0 0,0 0,0
LEAF 11,3 3,0 0,0 1,4 0,0 0,0 0,0 0,0 0,0 0,1
LEAF 11,3 3,0 0,0 1,4 0,0 0,0 0,1 0,0 0,0 0,0
LEAF 11,3 3,0 0,0 0,5 0,0 0,0 0,0 0,0 0,0 1,0
LEAF 11,3 3,0 0,0 0,5 0,0 0,0 1,0 0,0 0,0 0,0
LEAF 11,3 3,0 1,0 0,0 0,0 0,0 0,0 0,0 0,0 8,1
LEAF 11,3 3,0 1,0 0,0 0,0 0,0 0,0 0,0 0,0 0,5
LEAF 11,3 3,0 1,0 0,0 0,0 0,0 0,5 0,0 0,0 0,0
LEAF 11,3 3,0 1,0 0,5 0,0 0,0 0,0 0,0 0,0 0,0
LEAF 11,3 4,0 0,0 0,0 0,0 0,0 0,0 0,0 0,0 3,2
LEAF 11,3 4,0 0,0 0,0 0,0 0,0 0,0 3,2 0,0 0,0
LEAF 11,3 4,0 0,0 0,0 0,0 0,0 3,2 0,0 0,0 0,0
LEAF 11,3 4,0 0,0 0,0 3,2 0,0 0,0 0,0 0,0 0,0
LEAF 11,3 4,0 0,0 3,2 0,0 0,0 0,0 0,0 0,0 0,0
LEAF 11,3 5,0 0,0 0,0 0,0 0,0 0,0 0,0 0,0 2,2
LEAF 11,3 5,0 0,0 0,0 0,0 0,0 0,0 0,0 1,0 8,0
LEAF 11,3 5,0 0,0 0,0 0,0 0,0 0,0 1,0 0,0 8,0
LEAF 11,3 5,0 0,0 0,0 0,0 0,0 0,0 2,2 0,0 0,0
LEAF 11,3 5,0 0,0 0,0 0,0 0,0 1,0 0,0 0,0 8,0
LEAF 11,3 5,0 0,0 0,0 0,0 0,0 2,2 0,0 0,0 0,0
LEAF 11,3 5,0 0,0 0,0 0,0 1,0 0,0 0,0 0,0 8,0
LEAF 11,3 5,0 0,0 0,0 1,0 0,0 0,0 0,0 0,0 8,0
LEAF 11,3 5,0 0,0 0,0 2,2 0,0 0,0 0,0 0,0 0,0
LEAF 11,3 5,0 0,0 1,0 0,0 0,0 0,0 0,0 0,0 8,0
LEAF 11,3 5,0 0,0 2,2 0,0 0,0 0,0 0,0 0,0 0,0
LEAF 11,3 5,0 1,0 0,0 0,0 0,0 0,0 0,0 0,0 8,0
LEAF 11,3 6,0 0,0 0,0 0,0 0,0 0,0 0,0 0,0 3,0
LEAF 11,3 6,0 0,0 0,0 0,0 0,0 0,0 0,0 1,0 0,2
LEAF 11,3 6,0 0,0 0,0 0,0 0,0 0,0 1,0 0,0 0,2
LEAF 11,3 6,0 0,0 0,0 0,0 0,0 0,0 3,0 0,0 0,0
LEAF 11,3 6,0 0,0 0,0 0,0 0,0 0,0 0,1 0,0 1,1
LEAF 11,3 6,0 0,0 0,0 0,0 0,0 0,0 1,1 0,0 0,1
LEAF 11,3 6,0 0,0 0,0 0,0 0,0 0,0 0,2 0,0 1,0
LEAF 11,3 6,0 0,0 0,0 0,0 0,0 0,0 0,2 1,0 0,0
LEAF 11,3 6,0 0,0 0,0 0,0 0,0 1,0 0,0 0,0 0,2
LEAF 11,3 6,0 0,0 0,0 0,0 0,0 3,0 0,0 0,0 0,0
LEAF 11,3 6,0 0,0 0,0 0,0 0,0 0,1 0,0 0,0 1,1
LEAF 11,3 6,0 0,0 0,0 0,0 0,0 1,1 0,0 0,0 0,1
LEAF 11,3 6,0 0,0 0,0 0,0 0,0 0,2 0,0 0,0 1,0
LEAF 11,3 6,0 0,0 0,0 0,0 1,0 0,0 0,0 0,0 0,2
LEAF 11,3 6,0 0,0 0,0 0,0 1,0 0,2 0,0 0,0 0,0
LEAF 11,3 6,0 0,0 0,0 1,0 0,0 0,0 0,0 0,0 0,2
LEAF 11,3 6,0 0,0 0,0 1,0 0,0 0,0 0,2 0,0 0,0
LEAF 11,3 6,0 0,0 0,0 1,0 0,0 0,2 0,0 0,0 0,0
LEAF 11,3 6,0 0,0 0,0 3,0 0,0 0,0 0,0 0,0 0,0
LEAF 11,3 6,0 0,0 0,0 0,1 0,0 0,0 0,0 0,0 1,1
LEAF 11,3 6,0 0,0 0,0 0,1 0,0 0,0 0,1 0,0 0,1
LEAF 11,3 6,0 0,0 0,0 0,1 0,0 0,0 1,1 0,0 0,0
LEAF 11,3 6,0 0,0 0,0 0,1 0,0 0,1 0,0 0,0 0,1
LEAF 11,3 6,0 0,0 0,0 0,1 0,0 1,1 0,0 0,0 0,0
LEAF 11,3 6,0 0,0 0,0 1,1 0,0 0,0 0,0 0,0 0,1
LEAF 11,3 6,0 0,0 0,0 1,1 0,0 0,0 0,1 0,0 0,0
LEAF 11,3 6,0 0,0 0,0 1,1 0,0 0,1 0,0 0,0 0,0
LEAF 11,3 6,0 0,0 0,0 0,2 0,0 0,0 0,0 0,0 1,0
LEAF 11,3 6,0 0,0 0,0 0,2 0,0 0,0 0,0 1,0 0,0
LEAF 11,3 6,0 0,0 0,0 0,2 0,0 0,0 1,0 0,0 0,0
LEAF 11,3 6,0 0,0 0,0 0,2 0,0 1,0 0,0 0,0 0,0
LEAF 11,3 6,0 0,0 0,0 0,2 1,0 0,0 0,0 0,0 0,0
LEAF 11,3 6,0 0,0 1,0 0,0 0,0 0,0 0,0 0,0 0,2
LEAF 11,3 6,0 0,0 1,0 0,0 0,0 0,2 0,0 0,0 0,0
LEAF 11,3 6,0 0,0 3,0 0,0 0,0 0,0 0,0 0,0 0,0
LEAF 11,3 6,0 0,0 0,1 0,0 0,0 0,0 0,0 0,0 1,1
LEAF 11,3 6,0 0,0 0,1 0,0 0,0 0,1 0,0 0,0 0,1
LEAF 11,3 6,0 0,0 0,1 0,0 0,0 1,1 0,0 0,0 0,0
LEAF 11,3 6,0 0,0 1,1 0,0 0,0 0,0 0,0 0,0 0,1
LEAF 11,3 6,0 0,0 1,1 0,0 0,0 0,1 0,0 0,0 0,0
LEAF 11,3 6,0 0,0 0,2 0,0 0,0 0,0 0,0 0,0 1,0
LEAF 11,3 6,0 0,0 0,2 0,0 0,0 1,0 0,0 0,0 0,0
LEAF 11,3 0,1 0,0 0,0 0,0 0,0 0,0 0,0 0,0 6,3
LEAF 11,3 0,1 0,0 0,0 0,0 0,0 0,0 0,0 0,0 0,6
LEAF 11,3 0,1 0,0 0,0 0,0 0,0 0,0 0,0 1,0 2,4
LEAF 11,3 0,1 0,0 0,0 0,0 0,0 0,0 1,0 0,0 2,4
LEAF 11,3 0,1 0,0 0,0 0,0 0,0 0,0 1,0 1,0 4,2
LEAF 11,3 0,1 0,0 0,0 0,0 0,0 0,0 2,0 0,0 5,1
LEAF 11,3 0,1 0,0 0,0 0,0 0,0 0,0 3,0 0,0 9,0
LEAF 11,3 0,1 0,0 0,0 0,0 0,0 0,0 3,0 0,0 1,4
LEAF 11,3 0,1 0,0 0,0 0,0 0,0 0,0 6,0 0,0 1,1
LEAF 11,3 0,1 0,0 0,0 0,0 0,0 0,0 0,1 0,0 3,3
LEAF 11,3 0,1 0,0 0,0 0,0 0,0 0,0 0,1 1,0 5,1
LEAF 11,3 0,1 0,0 0,0 0,0 0,0 0,0 1,1 0,0 6,0
LEAF 11,3 0,1 0,0 0,0 0,0 0,0 0,0 2,1 0,0 2,3
LEAF 11,3 0,1 0,0 0,0 0,0 0,0 0,0 4,1 0,0 0,3
LEAF 11,3 0,1 0,0 0,0 0,0 0,0 0,0 5,1 0,0 2,0
LEAF 11,3 0,1 0,0 0,0 0,0 0,0 0,0 5,1 1,0 0,1
LEAF 11,3 0,1 0,0 0,0 0,0 0,0 0,0 1,2 0,0 3,2
LEAF 11,3 0,1 0,0 0,0 0,0 0,0 0,0 3,2 0,0 1,2
LEAF 11,3 0,1 0,0 0,0 0,0 0,0 0,0 4,2 1,0 1,0
LEAF 11,3 0,1 0,0 0,0 0,0 0,0 0,0 0,3 0,0 4,1
LEAF 11,3 0,1 0,0 0,0 0,0 0,0 0,0 2,3 0,0 2,1
LEAF 11,3 0,1 0,0 0,0 0,0 0,0 0,0 3,3 0,0 0,1
LEAF 11,3 0,1 0,0 0,0 0,0 0,0 0,0 1,4 0,0 3,0
LEAF 11,3 0,1 0,0 0,0 0,0 0,0 0,0 2,4 0,0 1,0
LEAF 11,3 0,1 0,0 0,0 0,0 0,0 0,0 2,4 1,0 0,0
LEAF 11,3 0,1 0,0 0,0 0,0 0,0 0,0 0,6 0,0 0,0
LEAF 11,3 0,1 0,0 0,0 0,0 0,0 1,0 0,0 0,0 2,4
LEAF 11,3 0,1 0,0 0,0 0,0 0,0 1,0 1,0 0,0 4,2
LEAF 11,3 0,1 0,0 0,0 0,0 0,0 2,0 0,0 0,0 5,1
LEAF 11,3 0,1 0,0 0,0 0,0 0,0 3,0 0,0 0,0 9,0
LEAF 11,3 0,1 0,0 0,0 0,0 0,0 3,0 0,0 0,0 1,4
LEAF 11,3 0,1 0,0 0,0 0,0 0,0 6,0 0,0 0,0 1,1
LEAF 11,3 0,1 0,0 0,0 0,0 0,0 0,1 0,0 0,0 3,3
LEAF 11,3 0,1 0,0 0,0 0,0 0,0 1,1 0,0 0,0 6,0
LEAF 11,3 0,1 0,0 0,0 0,0 0,0 2,1 0,0 0,0 2,3
LEAF 11,3 0,1 0,0 0,0 0,0 0,0 4,1 0,0 0,0 0,3
LEAF 11,3 0,1 0,0 0,0 0,0 0,0 5,1 0,0 0,0 2,0
LEAF 11,3 0,1 0,0 0,0 0,0 0,0 1,2 0,0 0,0 3,2
LEAF 11,3 0,1 0,0 0,0 0,0 0,0 3,2 0,0 0,0 1,2
LEAF 11,3 0,1 0,0 0,0 0,0 0,0 0,3 0,0 0,0 4,1
LEAF 11,3 0,1 0,0 0,0 0,0 0,0 2,3 0,0 0,0 2,1
LEAF 11,3 0,1 0,0 0,0 0,0 0,0 3,3 0,0 0,0 0,1
LEAF 11,3 0,1 0,0 0,0 0,0 0,0 1,4 0,0 0,0 3,0
LEAF 11,3 0,1 0,0 0,0 0,0 0,0 2,4 0,0 0,0 1,0
LEAF 11,3 0,1 0,0 0,0 0,0 1,0 0,0 0,0 0,0 2,4
LEAF 11,3 0,1 0,0 0,0 0,0 1,0 1,0 0,0 0,0 4,2
LEAF 11,3 0,1 0,0 0,0 0,0 1,0 0,1 0,0 0,0 5,1
LEAF 11,3 0,1 0,0 0,0 0,0 1,0 5,1 0,0 0,0 0,1
LEAF 11,3 0,1 0,0 0,0 0,0 1,0 4,2 0,0 0,0 1,0
LEAF 11,3 0,1 0,0 0,0 0,0 1,0 2,4 0,0 0,0 0,0
LEAF 11,3 0,1 0,0 0,0 1,0 0,0 0,0 0,0 0,0 2,4
LEAF 11,3 0,1 0,0 0,0 1,0 0,0 0,0 0,0 1,0 4,2
LEAF 11,3 0,1 0,0 0,0 1,0 0,0 0,0 1,0 0,0 4,2
LEAF 11,3 0,1 0,0 0,0 1,0 0,0 0,0 0,1 0,0 5,1
LEAF 11,3 0,1 0,0 0,0 1,0 0,0 0,0 5,1 0,0 0,1
LEAF 11,3 0,1 0,0 0,0 1,0 0,0 0,0 4,2 0,0 1,0
LEAF 11,3 0,1 0,0 0,0 1,0 0,0 0,0 4,2 1,0 0,0
LEAF 11,3 0,1 0,0 0,0 1,0 0,0 0,0 2,4 0,0 0,0
LEAF 11,3 0,1 0,0 0,0 1,0 0,0 1,0 0,0 0,0 4,2
LEAF 11,3 0,1 0,0 0,0 1,0 0,0 0,1 0,0 0,0 5,1
LEAF 11,3 0,1 0,0 0,0 1,0 0,0 5,1 0,0 0,0 0,1
LEAF 11,3 0,1 0,0 0,0 1,0 0,0 4,2 0,0 0,0 1,0
LEAF 11,3 0,1 0,0 0,0 1,0 0,0 2,4 0,0 0,0 0,0
LEAF 11,3 0,1 0,0 0,0 1,0 1,0 0,0 0,0 0,0 4,2
LEAF 11,3 0,1 0,0 0,0 1,0 1,0 4,2 0,0 0,0 0,0
LEAF 11,3 0,1 0,0 0,0 2,0 0,0 0,0 0,0 0,0 5,1
LEAF 11,3 0,1 0,0 0,0 2,0 0,0 0,0 5,1 0,0 0,0
LEAF 11,3 0,1 0,0 0,0 2,0 0,0 5,1 0,0 0,0 0,0
LEAF 11,3 0,1 0,0 0,0 3,0 0,0 0,0 0,0 0,0 9,0
LEAF 11,3 0,1 0,0 0,0 3,0 0,0 0,0 0,0 0,0 1,4
LEAF 11,3 0,1 0,0 0,0 3,0 0,0 0,0 1,4 0,0 0,0
LEAF 11,3 0,1 0,0 0,0 3,0 0,0 1,4 0,0 0,0 0,0
LEAF 11,3 0,1 0,0 0,0 6,0 0,0 0,0 0,0 0,0 1,1
LEAF 11,3 0,1 0,0 0,0 6,0 0,0 0,0 0,1 0,0 0,1
LEAF 11,3 0,1 0,0 0,0 6,0 0,0 0,0 1,1 0,0 0,0
LEAF 11,3 0,1 0,0 0,0 6,0 0,0 0,1 0,0 0,0 0,1
LEAF 11,3 0,1 0,0 0,0 6,0 0,0 1,1 0,0 0,0 0,0
LEAF 11,3 0,1 0,0 0,0 0,1 0,0 0,0 0,0 0,0 3,3
LEAF 11,3 0,1 0,0 0,0 0,1 0,0 0,0 0,0 1,0 5,1
LEAF 11,3 0,1 0,0 0,0 0,1 0,0 0,0 1,0 0,0 5,1
LEAF 11,3 0,1 0,0 0,0 0,1 0,0 0,0 6,0 0,0 0,1
LEAF 11,3 0,1 0,0 0,0 0,1 0,0 0,0 0,1 0,0 6,0
LEAF 11,3 0,1 0,0 0,0 0,1 0,0 0,0 5,1 0,0 1,0
LEAF 11,3 0,1 0,0 0,0 0,1 0,0 0,0 5,1 1,0 0,0
LEAF 11,3 0,1 0,0 0,0 0,1 0,0 0,0 3,3 0,0 0,0
LEAF 11,3 0,1 0,0 0,0 0,1 0,0 1,0 0,0 0,0 5,1
LEAF 11,3 0,1 0,0 0,0 0,1 0,0 6,0 0,0 0,0 0,1
LEAF 11,3 0,1 0,0 0,0 0,1 0,0 0,1 0,0 0,0 6,0
LEAF 11,3 0,1 0,0 0,0 0,1 0,0 5,1 0,0 0,0 1,0
LEAF 11,3 0,1 0,0 0,0 0,1 0,0 3,3 0,0 0,0 0,0
LEAF 11,3 0,1 0,0 0,0 0,1 1,0 0,0 0,0 0,0 5,1
LEAF 11,3 0,1 0,0 0,0 0,1 1,0 5,1 0,0 0,0 0,0
LEAF 11,3 0,1 0,0 0,0 1,1 0,0 0,0 0,0 0,0 6,0
LEAF 11,3 0,1 0,0 0,0 1,1 0,0 0,0 6,0 0,0 0,0
LEAF 11,3 0,1 0,0 0,0 1,1 0,0 6,0 0,0 0,0 0,0
LEAF 11,3 0,1 0,0 0,0 2,1 0,0 0,0 0,0 0,0 2,3
LEAF 11,3 0,1 0,0 0,0 2,1 0,0 0,0 2,3 0,0 0,0
LEAF 11,3 0,1 0,0 0,0 2,1 0,0 2,3 0,0 0,0 0,0
LEAF 11,3 0,1 0,0 0,0 4,1 0,0 0,0 0,0 0,0 0,3
LEAF 11,3 0,1 0,0 0,0 4,1 0,0 0,0 0,3 0,0 0,0
LEAF 11,3 0,1 0,0 0,0 4,1 0,0 0,3 0,0 0,0 0,0
LEAF 11,3 0,1 0,0 0,0 5,1 0,0 0,0 0,0 0,0 2,0
LEAF 11,3 0,1 0,0 0,0 5,1 0,0 0,0 0,0 1,0 0,1
LEAF 11,3 0,1 0,0 0,0 5,1 0,0 0,0 1,0 0,0 0,1
LEAF 11,3 0,1 0,0 0,0 5,1 0,0 0,0 2,0 0,0 0,0
LEAF 11,3 0,1 0,0 0,0 5,1 0,0 0,0 0,1 0,0 1,0
LEAF 11,3 0,1 0,0 0,0 5,1 0,0 0,0 0,1 1,0 0,0
LEAF 11,3 0,1 0,0 0,0 5,1 0,0 1,0 0,0 0,0 0,1
LEAF 11,3 0,1 0,0 0,0 5,1 0,0 2,0 0,0 0,0 0,0
LEAF 11,3 0,1 0,0 0,0 5,1 0,0 0,1 0,0 0,0 1,0
LEAF 11,3 0,1 0,0 0,0 5,1 1,0 0,0 0,0 0,0 0,1
LEAF 11,3 0,1 0,0 0,0 5,1 1,0 0,1 0,0 0,0 0,0
LEAF 11,3 0,1 0,0 0,0 1,2 0,0 0,0 0,0 0,0 3,2
LEAF 11,3 0,1 0,0 0,0 1,2 0,0 0,0 3,2 0,0 0,0
LEAF 11,3 0,1 0,0 0,0 1,2 0,0 3,2 0,0 0,0 0,0
LEAF 11,3 0,1 0,0 0,0 3,2 0,0 0,0 0,0 0,0 1,2
LEAF 11,3 0,1 0,0 0,0 3,2 0,0 0,0 1,2 0,0 0,0
LEAF 11,3 0,1 0,0 0,0 3,2 0,0 1,2 0,0 0,0 0,0
LEAF 11,3 0,1 0,0 0,0 4,2 0,0 0,0 0,0 1,0 1,0
LEAF 11,3 0,1 0,0 0,0 4,2 0,0 0,0 1,0 0,0 1,0
LEAF 11,3 0,1 0,0 0,0 4,2 0,0 0,0 1,0 1,0 0,0
LEAF 11,3 0,1 0,0 0,0 4,2 0,0 1,0 0,0 0,0 1,0
LEAF 11,3 0,1 0,0 0,0 4,2 0,0 1,0 1,0 0,0 0,0
LEAF 11,3 0,1 0,0 0,0 4,2 1,0 0,0 0,0 0,0 1,0
LEAF 11,3 0,1 0,0 0,0 4,2 1,0 1,0 0,0 0,0 0,0
LEAF 11,3 0,1 0,0 0,0 0,3 0,0 0,0 0,0 0,0 4,1
LEAF 11,3 0,1 0,0 0,0 0,3 0,0 0,0 4,1 0,0 0,0
LEAF 11,3 0,1 0,0 0,0 0,3 0,0 4,1 0,0 0,0 0,0
LEAF 11,3 0,1 0,0 0,0 2,3 0,0 0,0 0,0 0,0 2,1
LEAF 11,3 0,1 0,0 0,0 2,3 0,0 0,0 2,1 0,0 0,0
LEAF 11,3 0,1 0,0 0,0 2,3 0,0 2,1 0,0 0,0 0,0
LEAF 11,3 0,1 0,0 0,0 3,3 0,0 0,0 0,0 0,0 0,1
LEAF 11,3 0,1 0,0 0,0 3,3 0,0 0,0 0,1 0,0 0,0
LEAF 11,3 0,1 0,0 0,0 3,3 0,0 0,1 0,0 0,0 0,0
LEAF 11,3 0,1 0,0 0,0 1,4 0,0 0,0 0,0 0,0 3,0
LEAF 11,3 0,1 0,0 0,0 1,4 0,0 0,0 3,0 0,0 0,0
LEAF 11,3 0,1 0,0 0,0 1,4 0,0 3,0 0,0 0,0 0,0
LEAF 11,3 0,1 0,0 0,0 2,4 0,0 0,0 0,0 0,0 1,0
LEAF 11,3 0,1 0,0 0,0 2,4 0,0 0,0 0,0 1,0 0,0
LEAF 11,3 0,1 0,0 0,0 2,4 0,0 0,0 1,0 0,0 0,0
LEAF 11,3 0,1 0,0 0,0 2,4 0,0 1,0 0,0 0,0 0,0
LEAF 11,3 0,1 0,0 0,0 2,4 1,0 0,0 0,0 0,0 0,0
LEAF 11,3 0,1 0,0 1,0 0,0 0,0 0,0 0,0 0,0 2,4
LEAF 11,3 0,1 0,0 1,0 0,0 0,0 0,0 1,0 0,0 4,2
LEAF 11,3 0,1 0,0 1,0 0,0 0,0 1,0 0,0 0,0 4,2
LEAF 11,3 0,1 0,0 1,0 0,0 0,0 0,1 0,0 0,0 5,1
LEAF 11,3 0,1 0,0 1,0 0,0 0,0 5,1 0,0 0,0 0,1
LEAF 11,3 0,1 0,0 1,0 0,0 0,0 4,2 0,0 0,0 1,0
LEAF 11,3 0,1 0,0 1,0 0,0 0,0 2,4 0,0 0,0 0,0
LEAF 11,3 0,1 0,0 1,0 1,0 0,0 0,0 0,0 0,0 4,2
LEAF 11,3 0,1 0,0 1,0 1,0 0,0 4,2 0,0 0,0 0,0
LEAF 11,3 0,1 0,0 2,0 0,0 0,0 0,0 0,0 0,0 5,1
LEAF 11,3 0,1 0,0 2,0 0,0 0,0 5,1 0,0 0,0 0,0
LEAF 11,3 0,1 0,0 3,0 0,0 0,0 0,0 0,0 0,0 9,0
LEAF 11,3 0,1 0,0 3,0 0,0 0,0 0,0 0,0 0,0 1,4
LEAF 11,3 0,1 0,0 3,0 0,0 0,0 1,4 0,0 0,0 0,0
LEAF 11,3 0,1 0,0 6,0 0,0 0,0 0,0 0,0 0,0 1,1
LEAF 11,3 0,1 0,0 6,0 0,0 0,0 0,1 0,0 0,0 0,1
LEAF 11,3 0,1 0,0 6,0 0,0 0,0 1,1 0,0 0,0 0,0
LEAF 11,3 0,1 0,0 0,1 0,0 0,0 0,0 0,0 0,0 3,3
LEAF 11,3 0,1 0,0 0,1 0,0 0,0 1,0 0,0 0,0 5,1
LEAF 11,3 0,1 0,0 0,1 0,0 0,0 6,0 0,0 0,0 0,1
LEAF 11,3 0,1 0,0 0,1 0,0 0,0 0,1 0,0 0,0 6,0
LEAF 11,3 0,1 0,0 0,1 0,0 0,0 5,1 0,0 0,0 1,0
LEAF 11,3 0,1 0,0 0,1 0,0 0,0 3,3 0,0 0,0 0,0
LEAF 11,3 0,1 0,0 1,1 0,0 0,0 0,0 0,0 0,0 6,0
LEAF 11,3 0,1 0,0 1,1 0,0 0,0 6,0 0,0 0,0 0,0
LEAF 11,3 0,1 0,0 2,1 0,0 0,0 0,0 0,0 0,0 2,3
LEAF 11,3 0,1 0,0 2,1 0,0 0,0 2,3 0,0 0,0 0,0
LEAF 11,3 0,1 0,0 4,1 0,0 0,0 0,0 0,0 0,0 0,3
LEAF 11,3 0,1 0,0 4,1 0,0 0,0 0,3 0,0 0,0 0,0
LEAF 11,3 0,1 0,0 5,1 0,0 0,0 0,0 0,0 0,0 2,0
LEAF 11,3 0,1 0,0 5,1 0,0 0,0 1,0 0,0 0,0 0,1
LEAF 11,3 0,1 0,0 5,1 0,0 0,0 2,0 0,0 0,0 0,0
LEAF 11,3 0,1 0,0 5,1 0,0 0,0 0,1 0,0 0,0 1,0
LEAF 11,3 0,1 0,0 1,2 0,0 0,0 0,0 0,0 0,0 3,2
LEAF 11,3 0,1 0,0 1,2 0,0 0,0 3,2 0,0 0,0 0,0
LEAF 11,3 0,1 0,0 3,2 0,0 0,0 0,0 0,0 0,0 1,2
LEAF 11,3 0,1 0,0 3,2 0,0 0,0 1,2 0,0 0,0 0,0
LEAF 11,3 0,1 0,0 4,2 0,0 0,0 1,0 0,0 0,0 1,0
LEAF 11,3 0,1 0,0 0,3 0,0 0,0 0,0 0,0 0,0 4,1
LEAF 11,3 0,1 0,0 0,3 0,0 0,0 4,1 0,0 0,0 0,0
LEAF 11,3 0,1 0,0 2,3 0,0 0,0 0,0 0,0 0,0 2,1
LEAF 11,3 0,1 0,0 2,3 0,0 0,0 2,1 0,0 0,0 0,0
LEAF 11,3 0,1 0,0 3,3 0,0 0,0 0,0 0,0 0,0 0,1
LEAF 11,3 0,1 0,0 3,3 0,0 0,0 0,1 0,0 0,0 0,0
LEAF 11,3 0,1 0,0 1,4 0,0 0,0 0,0 0,0 0,0 3,0
LEAF 11,3 0,1 0,0 1,4 0,0 0,0 3,0 0,0 0,0 0,0
LEAF 11,3 0,1 0,0 2,4 0,0 0,0 0,0 0,0 0,0 1,0
LEAF 11,3 0,1 0,0 2,4 0,0 0,0 1,0 0,0 0,0 0,0
LEAF 11,3 0,1 1,0 0,0 0,0 0,0 0,0 0,0 0,0 2,4
LEAF 11,3 0,1 1,0 0,0 0,0 0,0 1,0 0,0 0,0 4,2
LEAF 11,3 0,1 1,0 0,0 0,0 0,0 0,1 0,0 0,0 5,1
LEAF 11,3 0,1 1,0 0,0 0,0 0,0 5,1 0,0 0,0 0,1
LEAF 11,3 0,1 1,0 0,0 0,0 0,0 4,2 0,0 0,0 1,0
LEAF 11,3 0,1 1,0 0,0 0,0 0,0 2,4 0,0 0,0 0,0
LEAF 11,3 0,1 1,0 1,0 0,0 0,0 0,0 0,0 0,0 4,2
LEAF 11,3 0,1 1,0 1,0 0,0 0,0 4,2 0,0 0,0 0,0
LEAF 11,3 0,1 1,0 0,1 0,0 0,0 0,0 0,0 0,0 5,1
LEAF 11,3 0,1 1,0 0,1 0,0 0,0 5,1 0,0 0,0 0,0
LEAF 11,3 0,1 1,0 5,1 0,0 0,0 0,0 0,0 0,0 0,1
LEAF 11,3 0,1 1,0 5,1 0,0 0,0 0,1 0,0 0,0 0,0
LEAF 11,3 0,1 1,0 4,2 0,0 0,0 0,0 0,0 0,0 1,0
LEAF 11,3 0,1 1,0 4,2 0,0 0,0 1,0 0,0 0,0 0,0
LEAF 11,3 0,1 1,0 2,4 0,0 0,0 0,0 0,0 0,0 0,0
LEAF 11,3 1,1 0,0 0,0 0,0 0,0 0,0 0,0 0,0 3,3
LEAF 11,3 1,1 0,0 0,0 0,0 0,0 0,0 0,0 1,0 5,1
LEAF 11,3 1,1 0,0 0,0 0,0 0,0 0,0 1,0 0,0 5,1
LEAF 11,3 1,1 0,0 0,0 0,0 0,0 0,0 6,0 0,0 0,1
LEAF 11,3 1,1 0,0 0,0 0,0 0,0 0,0 0,1 0,0 6,0
LEAF 11,3 1,1 0,0 0,0 0,0 0,0 0,0 5,1 0,0 1,0
LEAF 11,3 1,1 0,0 0,0 0,0 0,0 0,0 5,1 1,0 0,0
LEAF 11,3 1,1 0,0 0,0 0,0 0,0 0,0 3,3 0,0 0,0
LEAF 11,3 1,1 0,0 0,0 0,0 0,0 1,0 0,0 0,0 5,1
LEAF 11,3 1,1 0,0 0,0 0,0 0,0 6,0 0,0 0,0 0,1
LEAF 11,3 1,1 0,0 0,0 0,0 0,0 0,1 0,0 0,0 6,0
LEAF 11,3 1,1 0,0 0,0 0,0 0,0 5,1 0,0 0,0 1,0
LEAF 11,3 1,1 0,0 0,0 0,0 0,0 3,3 0,0 0,0 0,0
LEAF 11,3 1,1 0,0 0,0 0,0 1,0 0,0 0,0 0,0 5,1
LEAF 11,3 1,1 0,0 0,0 0,0 1,0 5,1 0,0 0,0 0,0
LEAF 11,3 1,1 0,0 0,0 1,0 0,0 0,0 0,0 0,0 5,1
LEAF 11,3 1,1 0,0 0,0 1,0 0,0 0,0 5,1 0,0 0,0
LEAF 11,3 1,1 0,0 0,0 1,0 0,0 5,1 0,0 0,0 0,0
LEAF 11,3 1,1 0,0 0,0 6,0 0,0 0,0 0,0 0,0 0,1
LEAF 11,3 1,1 0,0 0,0 6,0 0,0 0,0 0,1 0,0 0,0
LEAF 11,3 1,1 0,0 0,0 6,0 0,0 0,1 0,0 0,0 0,0
LEAF 11,3 1,1 0,0 0,0 0,1 0,0 0,0 0,0 0,0 6,0
LEAF 11,3 1,1 0,0 0,0 0,1 0,0 0,0 6,0 0,0 0,0
LEAF 11,3 1,1 0,0 0,0 0,1 0,0 6,0 0,0 0,0 0,0
LEAF 11,3 1,1 0,0 0,0 5,1 0,0 0,0 0,0 0,0 1,0
LEAF 11,3 1,1 0,0 0,0 5,1 0,0 0,0 0,0 1,0 0,0
LEAF 11,3 1,1 0,0 0,0 5,1 0,0 0,0 1,0 0,0 0,0
LEAF 11,3 1,1 0,0 0,0 5,1 0,0 1,0 0,0 0,0 0,0
LEAF 11,3 1,1 0,0 0,0 5,1 1,0 0,0 0,0 0,0 0,0
LEAF 11,3 1,1 0,0 0,0 3,3 0,0 0,0 0,0 0,0 0,0
LEAF 11,3 1,1 0,0 1,0 0,0 0,0 0,0 0,0 0,0 5,1
LEAF 11,3 1,1 0,0 1,0 0,0 0,0 5,1 0,0 0,0 0,0
LEAF 11,3 1,1 0,0 6,0 0,0 0,0 0,0 0,0 0,0 0,1
LEAF 11,3 1,1 0,0 6,0 0,0 0,0 0,1 0,0 0,0 0,0
LEAF 11,3 1,1 0,0 0,1 0,0 0,0 0,0 0,0 0,0 6,0
LEAF 11,3 1,1 0,0 0,1 0,0 0,0 6,0 0,0 0,0 0,0
LEAF 11,3 1,1 0,0 5,1 0,0 0,0 0,0 0,0 0,0 1,0
LEAF 11,3 1,1 0,0 5,1 0,0 0,0 1,0 0,0 0,0 0,0
LEAF 11,3 1,1 0,0 3,3 0,0 0,0 0,0 0,0 0,0 0,0
LEAF 11,3 1,1 1,0 0,0 0,0 0,0 0,0 0,0 0,0 5,1
LEAF 11,3 1,1 1,0 0,0 0,0 0,0 5,1 0,0 0,0 0,0
LEAF 11,3 1,1 1,0 5,1 0,0 0,0 0,0 0,0 0,0 0,0
LEAF 11,3 2,1 0,0 0,0 0,0 0,0 0,0 0,0 1,0 9,0
LEAF 11,3 2,1 0,0 0,0 0,0 0,0 0,0 0,0 1,0 1,4
LEAF 11,3 2,1 0,0 0,0 0,0 0,0 0,0 1,0 0,0 9,0
LEAF 11,3 2,1 0,0 0,0 0,0 0,0 0,0 1,0 0,0 1,4
LEAF 11,3 2,1 0,0 0,0 0,0 0,0 0,0 0,1 0,0 2,3
LEAF 11,3 2,1 0,0 0,0 0,0 0,0 0,0 2,3 0,0 0,1
LEAF 11,3 2,1 0,0 0,0 0,0 0,0 0,0 1,4 0,0 1,0
LEAF 11,3 2,1 0,0 0,0 0,0 0,0 0,0 1,4 1,0 0,0
LEAF 11,3 2,1 0,0 0,0 0,0 0,0 1,0 0,0 0,0 9,0
LEAF 11,3 2,1 0,0 0,0 0,0 0,0 1,0 0,0 0,0 1,4
LEAF 11,3 2,1 0,0 0,0 0,0 0,0 0,1 0,0 0,0 2,3
LEAF 11,3 2,1 0,0 0,0 0,0 0,0 2,3 0,0 0,0 0,1
LEAF 11,3 2,1 0,0 0,0 0,0 0,0 1,4 0,0 0,0 1,0
LEAF 11,3 2,1 0,0 0,0 0,0 1,0 0,0 0,0 0,0 9,0
LEAF 11,3 2,1 0,0 0,0 0,0 1,0 0,0 0,0 0,0 1,4
LEAF 11,3 2,1 0,0 0,0 0,0 1,0 1,4 0,0 0,0 0,0
LEAF 11,3 2,1 0,0 0,0 1,0 0,0 0,0 0,0 0,0 9,0
LEAF 11,3 2,1 0,0 0,0 1,0 0,0 0,0 0,0 0,0 1,4
LEAF 11,3 2,1 0,0 0,0 1,0 0,0 0,0 1,4 0,0 0,0
LEAF 11,3 2,1 0,0 0,0 1,0 0,0 1,4 0,0 0,0 0,0
LEAF 11,3 2,1 0,0 0,0 0,1 0,0 0,0 0,0 0,0 2,3
LEAF 11,3 2,1 0,0 0,0 0,1 0,0 0,0 2,3 0,0 0,0
LEAF 11,3 2,1 0,0 0,0 0,1 0,0 2,3 0,0 0,0 0,0
LEAF 11,3 2,1 0,0 0,0 2,3 0,0 0,0 0,0 0,0 0,1
LEAF 11,3 2,1 0,0 0,0 2,3 0,0 0,0 0,1 0,0 0,0
LEAF 11,3 2,1 0,0 0,0 2,3 0,0 0,1 0,0 0,0 0,0
LEAF 11,3 2,1 0,0 0,0 1,4 0,0 0,0 0,0 0,0 1,0
LEAF 11,3 2,1 0,0 0,0 1,4 0,0 0,0 0,0 1,0 0,0
LEAF 11,3 2,1 0,0 0,0 1,4 0,0 0,0 1,0 0,0 0,0
LEAF 11,3 2,1 0,0 0,0 1,4 0,0 1,0 0,0 0,0 0,0
LEAF 11,3 2,1 0,0 0,0 1,4 1,0 0,0 0,0 0,0 0,0
LEAF 11,3 2,1 0,0 1,0 0,0 0,0 0,0 0,0 0,0 9,0
LEAF 11,3 2,1 0,0 1,0 0,0 0,0 0,0 0,0 0,0 1,4
LEAF 11,3 2,1 0,0 1,0 0,0 0,0 1,4 0,0 0,0 0,0
LEAF 11,3 2,1 0,0 0,1 0,0 0,0 0,0 0,0 0,0 2,3
LEAF 11,3 2,1 0,0 0,1 0,0 0,0 2,3 0,0 0,0 0,0
LEAF 11,3 2,1 0,0 2,3 0,0 0,0 0,0 0,0 0,0 0,1
LEAF 11,3 2,1 0,0 2,3 0,0 0,0 0,1 0,0 0,0 0,0
LEAF 11,3 2,1 0,0 1,4 0,0 0,0 0,0 0,0 0,0 1,0
LEAF 11,3 2,1 0,0 1,4 0,0 0,0 1,0 0,0 0,0 0,0
LEAF 11,3 2,1 1,0 0,0 0,0 0,0 0,0 0,0 0,0 9,0
LEAF 11,3 2,1 1,0 0,0 0,0 0,0 0,0 0,0 0,0 1,4
LEAF 11,3 2,1 1,0 0,0 0,0 0,0 1,4 0,0 0,0 0,0
LEAF 11,3 2,1 1,0 1,4 0,0 0,0 0,0 0,0 0,0 0,0
LEAF 11,3 3,1 0,0 0,0 0,0 0,0 0,0 0,0 0,0 4,1
LEAF 11,3 3,1 0,0 0,0 0,0 0,0 0,0 4,1 0,0 0,0
LEAF 11,3 3,1 0,0 0,0 0,0 0,0 4,1 0,0 0,0 0,0
LEAF 11,3 3,1 0,0 0,0 4,1 0,0 0,0 0,0 0,0 0,0
LEAF 11,3 3,1 0,0 4,1 0,0 0,0 0,0 0,0 0,0 0,0
LEAF 11,3 4,1 0,0 0,0 0,0 0,0 0,0 0,0 0,0 3,1
LEAF 11,3 4,1 0,0 0,0 0,0 0,0 0,0 0,1 0,0 0,3
LEAF 11,3 4,1 0,0 0,0 0,0 0,0 0,0 3,1 0,0 0,0
LEAF 11,3 4,1 0,0 0,0 0,0 0,0 0,0 0,3 0,0 0,1
LEAF 11,3 4,1 0,0 0,0 0,0 0,0 0,1 0,0 0,0 0,3
LEAF 11,3 4,1 0,0 0,0 0,0 0,0 3,1 0,0 0,0 0,0
LEAF 11,3 4,1 0,0 0,0 0,0 0,0 0,3 0,0 0,0 0,1
LEAF 11,3 4,1 0,0 0,0 0,1 0,0 0,0 0,0 0,0 0,3
LEAF 11,3 4,1 0,0 0,0 0,1 0,0 0,0 0,3 0,0 0,0
LEAF 11,3 4,1 0,0 0,0 0,1 0,0 0,3 0,0 0,0 0,0
LEAF 11,3 4,1 0,0 0,0 3,1 0,0 0,0 0,0 0,0 0,0
LEAF 11,3 4,1 0,0 0,0 0,3 0,0 0,0 0,0 0,0 0,1
LEAF 11,3 4,1 0,0 0,0 0,3 0,0 0,0 0,1 0,0 0,0
LEAF 11,3 4,1 0,0 0,0 0,3 0,0 0,1 0,0 0,0 0,0
LEAF 11,3 4,1 0,0 0,1 0,0 0,0 0,0 0,0 0,0 0,3
LEAF 11,3 4,1 0,0 0,1 0,0 0,0 0,3 0,0 0,0 0,0
LEAF 11,3 4,1 0,0 3,1 0,0 0,0 0,0 0,0 0,0 0,0
LEAF 11,3 4,1 0,0 0,3 0,0 0,0 0,0 0,0 0,0 0,1
LEAF 11,3 4,1 0,0 0,3 0,0 0,0 0,1 0,0 0,0 0,0
LEAF 11,3 0,2 0,0 0,0 0,0 0,0 0,0 0,0 0,0 4,2
LEAF 11,3 0,2 0,0 0,0 0,0 0,0 0,0 0,0 1,0 6,0
LEAF 11,3 0,2 0,0 0,0 0,0 0,0 0,0 1,0 0,0 6,0
LEAF 11,3 0,2 0,0 0,0 0,0 0,0 0,0 6,0 0,0 1,0
LEAF 11,3 0,2 0,0 0,0 0,0 0,0 0,0 6,0 1,0 0,0
LEAF 11,3 0,2 0,0 0,0 0,0 0,0 0,0 4,2 0,0 0,0
LEAF 11,3 0,2 0,0 0,0 0,0 0,0 1,0 0,0 0,0 6,0
LEAF 11,3 0,2 0,0 0,0 0,0 0,0 6,0 0,0 0,0 1,0
LEAF 11,3 0,2 0,0 0,0 0,0 0,0 4,2 0,0 0,0 0,0
LEAF 11,3 0,2 0,0 0,0 0,0 1,0 0,0 0,0 0,0 6,0
LEAF 11,3 0,2 0,0 0,0 0,0 1,0 6,0 0,0 0,0 0,0
LEAF 11,3 0,2 0,0 0,0 1,0 0,0 0,0 0,0 0,0 6,0
LEAF 11,3 0,2 0,0 0,0 1,0 0,0 0,0 6,0 0,0 0,0
LEAF 11,3 0,2 0,0 0,0 1,0 0,0 6,0 0,0 0,0 0,0
LEAF 11,3 0,2 0,0 0,0 6,0 0,0 0,0 0,0 0,0 1,0
LEAF 11,3 0,2 0,0 0,0 6,0 0,0 0,0 0,0 1,0 0,0
LEAF 11,3 0,2 0,0 0,0 6,0 0,0 0,0 1,0 0,0 0,0
LEAF 11,3 0,2 0,0 0,0 6,0 0,0 1,0 0,0 0,0 0,0
LEAF 11,3 0,2 0,0 0,0 6,0 1,0 0,0 0,0 0,0 0,0
LEAF 11,3 0,2 0,0 0,0 4,2 0,0 0,0 0,0 0,0 0,0
LEAF 11,3 0,2 0,0 1,0 0,0 0,0 0,0 0,0 0,0 6,0
LEAF 11,3 0,2 0,0 1,0 0,0 0,0 6,0 0,0 0,0 0,0
LEAF 11,3 0,2 0,0 6,0 0,0 0,0 0,0 0,0 0,0 1,0
LEAF 11,3 0,2 0,0 6,0 0,0 0,0 1,0 0,0 0,0 0,0
LEAF 11,3 0,2 0,0 4,2 0,0 0,0 0,0 0,0 0,0 0,0
LEAF 11,3 0,2 1,0 0,0 0,0 0,0 0,0 0,0 0,0 6,0
LEAF 11,3 0,2 1,0 0,0 0,0 0,0 6,0 0,0 0,0 0,0
LEAF 11,3 0,2 1,0 6,0 0,0 0,0 0,0 0,0 0,0 0,0
LEAF 11,3 1,2 0,0 0,0 0,0 0,0 0,0 0,0 1,0 2,3
LEAF 11,3 1,2 0,0 0,0 0,0 0,0 0,0 1,0 0,0 2,3
LEAF 11,3 1,2 0,0 0,0 0,0 0,0 0,0 0,1 0,0 3,2
LEAF 11,3 1,2 0,0 0,0 0,0 0,0 0,0 3,2 0,0 0,1
LEAF 11,3 1,2 0,0 0,0 0,0 0,0 0,0 2,3 0,0 1,0
LEAF 11,3 1,2 0,0 0,0 0,0 0,0 0,0 2,3 1,0 0,0
LEAF 11,3 1,2 0,0 0,0 0,0 0,0 1,0 0,0 0,0 2,3
LEAF 11,3 1,2 0,0 0,0 0,0 0,0 0,1 0,0 0,0 3,2
LEAF 11,3 1,2 0,0 0,0 0,0 0,0 3,2 0,0 0,0 0,1
LEAF 11,3 1,2 0,0 0,0 0,0 0,0 2,3 0,0 0,0 1,0
LEAF 11,3 1,2 0,0 0,0 0,0 1,0 0,0 0,0 0,0 2,3
LEAF 11,3 1,2 0,0 0,0 0,0 1,0 2,3 0,0 0,0 0,0
LEAF 11,3 1,2 0,0 0,0 1,0 0,0 0,0 0,0 0,0 2,3
LEAF 11,3 1,2 0,0 0,0 1,0 0,0 0,0 2,3 0,0 0,0
LEAF 11,3 1,2 0,0 0,0 1,0 0,0 2,3 0,0 0,0 0,0
LEAF 11,3 1,2 0,0 0,0 0,1 0,0 0,0 0,0 0,0 3,2
LEAF 11,3 1,2 0,0 0,0 0,1 0,0 0,0 3,2 0,0 0,0
LEAF 11,3 1,2 0,0 0,0 0,1 0,0 3,2 0,0 0,0 0,0
LEAF 11,3 1,2 0,0 0,0 3,2 0,0 0,0 0,0 0,0 0,1
LEAF 11,3 1,2 0,0 0,0 3,2 0,0 0,0 0,1 0,0 0,0
LEAF 11,3 1,2 0,0 0,0 3,2 0,0 0,1 0,0 0,0 0,0
LEAF 11,3 1,2 0,0 0,0 2,3 0,0 0,0 0,0 0,0 1,0
LEAF 11,3 1,2 0,0 0,0 2,3 0,0 0,0 0,0 1,0 0,0
LEAF 11,3 1,2 0,0 0,0 2,3 0,0 0,0 1,0 0,0 0,0
LEAF 11,3 1,2 0,0 0,0 2,3 0,0 1,0 0,0 0,0 0,0
LEAF 11,3 1,2 0,0 0,0 2,3 1,0 0,0 0,0 0,0 0,0
LEAF 11,3 1,2 0,0 1,0 0,0 0,0 0,0 0,0 0,0 2,3
LEAF 11,3 1,2 0,0 1,0 0,0 0,0 2,3 0,0 0,0 0,0
LEAF 11,3 1,2 0,0 0,1 0,0 0,0 0,0 0,0 0,0 3,2
LEAF 11,3 1,2 0,0 0,1 0,0 0,0 3,2 0,0 0,0 0,0
LEAF 11,3 1,2 0,0 3,2 0,0 0,0 0,0 0,0 0,0 0,1
LEAF 11,3 1,2 0,0 3,2 0,0 0,0 0,1 0,0 0,0 0,0
LEAF 11,3 1,2 0,0 2,3 0,0 0,0 0,0 0,0 0,0 1,0
LEAF 11,3 1,2 0,0 2,3 0,0 0,0 1,0 0,0 0,0 0,0
LEAF 11,3 1,2 1,0 0,0 0,0 0,0 0,0 0,0 0,0 2,3
LEAF 11,3 1,2 1,0 0,0 0,0 0,0 2,3 0,0 0,0 0,0
LEAF 11,3 1,2 1,0 2,3 0,0 0,0 0,0 0,0 0,0 0,0
LEAF 11,3 2,2 0,0 0,0 0,0 0,0 0,0 0,0 0,0 5,0
LEAF 11,3 2,2 0,0 0,0 0,0 0,0 0,0 5,0 0,0 0,0
LEAF 11,3 2,2 0,0 0,0 0,0 0,0 5,0 0,0 0,0 0,0
LEAF 11,3 2,2 0,0 0,0 5,0 0,0 0,0 0,0 0,0 0,0
LEAF 11,3 2,2 0,0 5,0 0,0 0,0 0,0 0,0 0,0 0,0
LEAF 11,3 3,2 0,0 0,0 0,0 0,0 0,0 0,0 0,0 4,0
LEAF 11,3 3,2 0,0 0,0 0,0 0,0 0,0 0,0 1,0 0,3
LEAF 11,3 3,2 0,0 0,0 0,0 0,0 0,0 1,0 0,0 0,3
LEAF 11,3 3,2 0,0 0,0 0,0 0,0 0,0 4,0 0,0 0,0
LEAF 11,3 3,2 0,0 0,0 0,0 0,0 0,0 0,1 0,0 1,2
LEAF 11,3 3,2 0,0 0,0 0,0 0,0 0,0 1,2 0,0 0,1
LEAF 11,3 3,2 0,0 0,0 0,0 0,0 0,0 0,3 0,0 1,0
LEAF 11,3 3,2 0,0 0,0 0,0 0,0 0,0 0,3 1,0 0,0
LEAF 11,3 3,2 0,0 0,0 0,0 0,0 1,0 0,0 0,0 0,3
LEAF 11,3 3,2 0,0 0,0 0,0 0,0 4,0 0,0 0,0 0,0
LEAF 11,3 3,2 0,0 0,0 0,0 0,0 0,1 0,0 0,0 1,2
LEAF 11,3 3,2 0,0 0,0 0,0 0,0 1,2 0,0 0,0 0,1
LEAF 11,3 3,2 0,0 0,0 0,0 0,0 0,3 0,0 0,0 1,0
LEAF 11,3 3,2 0,0 0,0 0,0 1,0 0,0 0,0 0,0 0,3
LEAF 11,3 3,2 0,0 0,0 0,0 1,0 0,3 0,0 0,0 0,0
LEAF 11,3 3,2 0,0 0,0 1,0 0,0 0,0 0,0 0,0 0,3
LEAF 11,3 3,2 0,0 0,0 1,0 0,0 0,0 0,3 0,0 0,0
LEAF 11,3 3,2 0,0 0,0 1,0 0,0 0,3 0,0 0,0 0,0
LEAF 11,3 3,2 0,0 0,0 4,0 0,0 0,0 0,0 0,0 0,0
LEAF 11,3 3,2 0,0 0,0 0,1 0,0 0,0 0,0 0,0 1,2
LEAF 11,3 3,2 0,0 0,0 0,1 0,0 0,0 1,2 0,0 0,0
LEAF 11,3 3,2 0,0 0,0 0,1 0,0 1,2 0,0 0,0 0,0
LEAF 11,3 3,2 0,0 0,0 1,2 0,0 0,0 0,0 0,0 0,1
LEAF 11,3 3,2 0,0 0,0 1,2 0,0 0,0 0,1 0,0 0,0
LEAF 11,3 3,2 0,0 0,0 1,2 0,0 0,1 0,0 0,0 0,0
LEAF 11,3 3,2 0,0 0,0 0,3 0,0 0,0 0,0 0,0 1,0
LEAF 11,3 3,2 0,0 0,0 0,3 0,0 0,0 0,0 1,0 0,0
LEAF 11,3 3,2 0,0 0,0 0,3 0,0 0,0 1,0 0,0 0,0
LEAF 11,3 3,2 0,0 0,0 0,3 0,0 1,0 0,0 0,0 0,0
LEAF 11,3 3,2 0,0 0,0 0,3 1,0 0,0 0,0 0,0 0,0
LEAF 11,3 3,2 0,0 1,0 0,0 0,0 0,0 0,0 0,0 0,3
LEAF 11,3 3,2 0,0 1,0 0,0 0,0 0,3 0,0 0,0 0,0
LEAF 11,3 3,2 0,0 4,0 0,0 0,0 0,0 0,0 0,0 0,0
LEAF 11,3 3,2 0,0 0,1 0,0 0,0 0,0 0,0 0,0 1,2
LEAF 11,3 3,2 0,0 0,1 0,0 0,0 1,2 0,0 0,0 0,0
LEAF 11,3 3,2 0,0 1,2 0,0 0,0 0,0 0,0 0,0 0,1
LEAF 11,3 3,2 0,0 1,2 0,0 0,0 0,1 0,0 0,0 0,0
LEAF 11,3 3,2 0,0 0,3 0,0 0,0 0,0 0,0 0,0 1,0
LEAF 11,3 3,2 0,0 0,3 0,0 0,0 1,0 0,0 0,0 0,0
LEAF 11,3 3,2 1,0 0,0 0,0 0,0 0,0 0,0 0,0 0,3
LEAF 11,3 3,2 1,0 0,0 0,0 0,0 0,3 0,0 0,0 0,0
LEAF 11,3 3,2 1,0 0,3 0,0 0,0 0,0 0,0 0,0 0,0
LEAF 11,3 0,3 0,0 0,0 0,0 0,0 0,0 0,0 1,0 3,2
LEAF 11,3 0,3 0,0 0,0 0,0 0,0 0,0 1,0 0,0 3,2
LEAF 11,3 0,3 0,0 0,0 0,0 0,0 0,0 0,1 0,0 4,1
LEAF 11,3 0,3 0,0 0,0 0,0 0,0 0,0 4,1 0,0 0,1
LEAF 11,3 0,3 0,0 0,0 0,0 0,0 0,0 3,2 0,0 1,0
LEAF 11,3 0,3 0,0 0,0 0,0 0,0 0,0 3,2 1,0 0,0
LEAF 11,3 0,3 0,0 0,0 0,0 0,0 1,0 0,0 0,0 3,2
LEAF 11,3 0,3 0,0 0,0 0,0 0,0 0,1 0,0 0,0 4,1
LEAF 11,3 0,3 0,0 0,0 0,0 0,0 4,1 0,0 0,0 0,1
LEAF 11,3 0,3 0,0 0,0 0,0 0,0 3,2 0,0 0,0 1,0
LEAF 11,3 0,3 0,0 0,0 0,0 1,0 0,0 0,0 0,0 3,2
LEAF 11,3 0,3 0,0 0,0 0,0 1,0 3,2 0,0 0,0 0,0
LEAF 11,3 0,3 0,0 0,0 1,0 0,0 0,0 0,0 0,0 3,2
LEAF 11,3 0,3 0,0 0,0 1,0 0,0 0,0 3,2 0,0 0,0
LEAF 11,3 0,3 0,0 0,0 1,0 0,0 3,2 0,0 0,0 0,0
LEAF 11,3 0,3 0,0 0,0 0,1 0,0 0,0 0,0 0,0 4,1
LEAF 11,3 0,3 0,0 0,0 0,1 0,0 0,0 4,1 0,0 0,0
LEAF 11,3 0,3 0,0 0,0 0,1 0,0 4,1 0,0 0,0 0,0
LEAF 11,3 0,3 0,0 0,0 4,1 0,0 0,0 0,0 0,0 0,1
LEAF 11,3 0,3 0,0 0,0 4,1 0,0 0,0 0,1 0,0 0,0
LEAF 11,3 0,3 0,0 0,0 4,1 0,0 0,1 0,0 0,0 0,0
LEAF 11,3 0,3 0,0 0,0 3,2 0,0 0,0 0,0 0,0 1,0
LEAF 11,3 0,3 0,0 0,0 3,2 0,0 0,0 0,0 1,0 0,0
LEAF 11,3 0,3 0,0 0,0 3,2 0,0 0,0 1,0 0,0 0,0
LEAF 11,3 0,3 0,0 0,0 3,2 0,0 1,0 0,0 0,0 0,0
LEAF 11,3 0,3 0,0 0,0 3,2 1,0 0,0 0,0 0,0 0,0
LEAF 11,3 0,3 0,0 1,0 0,0 0,0 0,0 0,0 0,0 3,2
LEAF 11,3 0,3 0,0 1,0 0,0 0,0 3,2 0,0 0,0 0,0
LEAF 11,3 0,3 0,0 0,1 0,0 0,0 0,0 0,0 0,0 4,1
LEAF 11,3 0,3 0,0 0,1 0,0 0,0 4,1 0,0 0,0 0,0
LEAF 11,3 0,3 0,0 4,1 0,0 0,0 0,0 0,0 0,0 0,1
LEAF 11,3 0,3 0,0 4,1 0,0 0,0 0,1 0,0 0,0 0,0
LEAF 11,3 0,3 0,0 3,2 0,0 0,0 0,0 0,0 0,0 1,0
LEAF 11,3 0,3 0,0 3,2 0,0 0,0 1,0 0,0 0,0 0,0
LEAF 11,3 0,3 1,0 0,0 0,0 0,0 0,0 0,0 0,0 3,2
LEAF 11,3 0,3 1,0 0,0 0,0 0,0 3,2 0,0 0,0 0,0
LEAF 11,3 0,3 1,0 3,2 0,0 0,0 0,0 0,0 0,0 0,0
LEAF 11,3 2,3 0,0 0,0 0,0 0,0 0,0 0,0 1,0 1,2
LEAF 11,3 2,3 0,0 0,0 0,0 0,0 0,0 1,0 0,0 1,2
LEAF 11,3 2,3 0,0 0,0 0,0 0,0 0,0 0,1 0,0 2,1
LEAF 11,3 2,3 0,0 0,0 0,0 0,0 0,0 2,1 0,0 0,1
LEAF 11,3 2,3 0,0 0,0 0,0 0,0 0,0 1,2 0,0 1,0
LEAF 11,3 2,3 0,0 0,0 0,0 0,0 0,0 1,2 1,0 0,0
LEAF 11,3 2,3 0,0 0,0 0,0 0,0 1,0 0,0 0,0 1,2
LEAF 11,3 2,3 0,0 0,0 0,0 0,0 0,1 0,0 0,0 2,1
LEAF 11,3 2,3 0,0 0,0 0,0 0,0 2,1 0,0 0,0 0,1
LEAF 11,3 2,3 0,0 0,0 0,0 0,0 1,2 0,0 0,0 1,0
LEAF 11,3 2,3 0,0 0,0 0,0 1,0 0,0 0,0 0,0 1,2
LEAF 11,3 2,3 0,0 0,0 0,0 1,0 1,2 0,0 0,0 0,0
LEAF 11,3 2,3 0,0 0,0 1,0 0,0 0,0 0,0 0,0 1,2
LEAF 11,3 2,3 0,0 0,0 1,0 0,0 0,0 1,2 0,0 0,0
LEAF 11,3 2,3 0,0 0,0 1,0 0,0 1,2 0,0 0,0 0,0
LEAF 11,3 2,3 0,0 0,0 0,1 0,0 0,0 0,0 0,0 2,1
LEAF 11,3 2,3 0,0 0,0 0,1 0,0 0,0 2,1 0,0 0,0
LEAF 11,3 2,3 0,0 0,0 0,1 0,0 2,1 0,0 0,0 0,0
LEAF 11,3 2,3 0,0 0,0 2,1 0,0 0,0 0,0 0,0 0,1
LEAF 11,3 2,3 0,0 0,0 2,1 0,0 0,0 0,1 0,0 0,0
LEAF 11,3 2,3 0,0 0,0 2,1 0,0 0,1 0,0 0,0 0,0
LEAF 11,3 2,3 0,0 0,0 1,2 0,0 0,0 0,0 0,0 1,0
LEAF 11,3 2,3 0,0 0,0 1,2 0,0 0,0 0,0 1,0 0,0
LEAF 11,3 2,3 0,0 0,0 1,2 0,0 0,0 1,0 0,0 0,0
LEAF 11,3 2,3 0,0 0,0 1,2 0,0 1,0 0,0 0,0 0,0
LEAF 11,3 2,3 0,0 0,0 1,2 1,0 0,0 0,0 0,0 0,0
LEAF 11,3 2,3 0,0 1,0 0,0 0,0 0,0 0,0 0,0 1,2
LEAF 11,3 2,3 0,0 1,0 0,0 0,0 1,2 0,0 0,0 0,0
LEAF 11,3 2,3 0,0 0,1 0,0 0,0 0,0 0,0 0,0 2,1
LEAF 11,3 2,3 0,0 0,1 0,0 0,0 2,1 0,0 0,0 0,0
LEAF 11,3 2,3 0,0 2,1 0,0 0,0 0,0 0,0 0,0 0,1
LEAF 11,3 2,3 0,0 2,1 0,0 0,0 0,1 0,0 0,0 0,0
LEAF 11,3 2,3 0,0 1,2 0,0 0,0 0,0 0,0 0,0 1,0
LEAF 11,3 2,3 0,0 1,2 0,0 0,0 1,0 0,0 0,0 0,0
LEAF 11,3 2,3 1,0 0,0 0,0 0,0 0,0 0,0 0,0 1,2
LEAF 11,3 2,3 1,0 0,0 0,0 0,0 1,2 0,0 0,0 0,0
LEAF 11,3 2,3 1,0 1,2 0,0 0,0 0,0 0,0 0,0 0,0
LEAF 11,3 1,4 0,0 0,0 0,0 0,0 0,0 0,0 1,0 2,1
LEAF 11,3 1,4 0,0 0,0 0,0 0,0 0,0 1,0 0,0 2,1
LEAF 11,3 1,4 0,0 0,0 0,0 0,0 0,0 3,0 0,0 0,1
LEAF 11,3 1,4 0,0 0,0 0,0 0,0 0,0 0,1 0,0 3,0
LEAF 11,3 1,4 0,0 0,0 0,0 0,0 0,0 2,1 0,0 1,0
LEAF 11,3 1,4 0,0 0,0 0,0 0,0 0,0 2,1 1,0 0,0
LEAF 11,3 1,4 0,0 0,0 0,0 0,0 1,0 0,0 0,0 2,1
LEAF 11,3 1,4 0,0 0,0 0,0 0,0 3,0 0,0 0,0 0,1
LEAF 11,3 1,4 0,0 0,0 0,0 0,0 0,1 0,0 0,0 3,0
LEAF 11,3 1,4 0,0 0,0 0,0 0,0 2,1 0,0 0,0 1,0
LEAF 11,3 1,4 0,0 0,0 0,0 1,0 0,0 0,0 0,0 2,1
LEAF 11,3 1,4 0,0 0,0 0,0 1,0 2,1 0,0 0,0 0,0
LEAF 11,3 1,4 0,0 0,0 1,0 0,0 0,0 0,0 0,0 2,1
LEAF 11,3 1,4 0,0 0,0 1,0 0,0 0,0 2,1 0,0 0,0
LEAF 11,3 1,4 0,0 0,0 1,0 0,0 2,1 0,0 0,0 0,0
LEAF 11,3 1,4 0,0 0,0 3,0 0,0 0,0 0,0 0,0 0,1
LEAF 11,3 1,4 0,0 0,0 3,0 0,0 0,0 0,1 0,0 0,0
LEAF 11,3 1,4 0,0 0,0 3,0 0,0 0,1 0,0 0,0 0,0
LEAF 11,3 1,4 0,0 0,0 0,1 0,0 0,0 0,0 0,0 3,0
LEAF 11,3 1,4 0,0 0,0 0,1 0,0 0,0 3,0 0,0 0,0
LEAF 11,3 1,4 0,0 0,0 0,1 0,0 3,0 0,0 0,0 0,0
LEAF 11,3 1,4 0,0 0,0 2,1 0,0 0,0 0,0 0,0 1,0
LEAF 11,3 1,4 0,0 0,0 2,1 0,0 0,0 0,0 1,0 0,0
LEAF 11,3 1,4 0,0 0,0 2,1 0,0 0,0 1,0 0,0 0,0
LEAF 11,3 1,4 0,0 0,0 2,1 0,0 1,0 0,0 0,0 0,0
LEAF 11,3 1,4 0,0 0,0 2,1 1,0 0,0 0,0 0,0 0,0
LEAF 11,3 1,4 0,0 1,0 0,0 0,0 0,0 0,0 0,0 2,1
LEAF 11,3 1,4 0,0 1,0 0,0 0,0 2,1 0,0 0,0 0,0
LEAF 11,3 1,4 0,0 3,0 0,0 0,0 0,0 0,0 0,0 0,1
LEAF 11,3 1,4 0,0 3,0 0,0 0,0 0,1 0,0 0,0 0,0
LEAF 11,3 1,4 0,0 0,1 0,0 0,0 0,0 0,0 0,0 3,0
LEAF 11,3 1,4 0,0 0,1 0,0 0,0 3,0 0,0 0,0 0,0
LEAF 11,3 1,4 0,0 2,1 0,0 0,0 0,0 0,0 0,0 1,0
LEAF 11,3 1,4 0,0 2,1 0,0 0,0 1,0 0,0 0,0 0,0
LEAF 11,3 1,4 1,0 0,0 0,0 0,0 0,0 0,0 0,0 2,1
LEAF 11,3 1,4 1,0 0,0 0,0 0,0 2,1 0,0 0,0 0,0
LEAF 11,3 1,4 1,0 2,1 0,0 0,0 0,0 0,0 0,0 0,0
LEAF 11,3 0,5 0,0 0,0 0,0 0,0 0,0 0,0 1,0 3,0
LEAF 11,3 0,5 0,0 0,0 0,0 0,0 0,0 1,0 0,0 3,0
LEAF 11,3 0,5 0,0 0,0 0,0 0,0 0,0 3,0 0,0 1,0
LEAF 11,3 0,5 0,0 0,0 0,0 0,0 0,0 3,0 1,0 0,0
LEAF 11,3 0,5 0,0 0,0 0,0 0,0 1,0 0,0 0,0 3,0
LEAF 11,3 0,5 0,0 0,0 0,0 0,0 3,0 0,0 0,0 1,0
LEAF 11,3 0,5 0,0 0,0 0,0 1,0 0,0 0,0 0,0 3,0
LEAF 11,3 0,5 0,0 0,0 0,0 1,0 3,0 0,0 0,0 0,0
LEAF 11,3 0,5 0,0 0,0 1,0 0,0 0,0 0,0 0,0 3,0
LEAF 11,3 0,5 0,0 0,0 1,0 0,0 0,0 3,0 0,0 0,0
LEAF 11,3 0,5 0,0 0,0 1,0 0,0 3,0 0,0 0,0 0,0
LEAF 11,3 0,5 0,0 0,0 3,0 0,0 0,0 0,0 0,0 1,0
LEAF 11,3 0,5 0,0 0,0 3,0 0,0 0,0 0,0 1,0 0,0
LEAF 11,3 0,5 0,0 0,0 3,0 0,0 0,0 1,0 0,0 0,0
LEAF 11,3 0,5 0,0 0,0 3,0 0,0 1,0 0,0 0,0 0,0
LEAF 11,3 0,5 0,0 0,0 3,0 1,0 0,0 0,0 0,0 0,0
LEAF 11,3 0,5 0,0 1,0 0,0 0,0 0,0 0,0 0,0 3,0
LEAF 11,3 0,5 0,0 1,0 0,0 0,0 3,0 0,0 0,0 0,0
LEAF 11,3 0,5 0,0 3,0 0,0 0,0 0,0 0,0 0,0 1,0
LEAF 11,3 0,5 0,0 3,0 0,0 0,0 1,0 0,0 0,0 0,0
LEAF 11,3 0,5 1,0 0,0 0,0 0,0 0,0 0,0 0,0 3,0
LEAF 11,3 0,5 1,0 0,0 0,0 0,0 3,0 0,0 0,0 0,0
LEAF 11,3 0,5 1,0 3,0 0,0 0,0 0,0 0,0 0,0 0,0
LEAF 12,3 0,0 0,0 0,0 0,0 0,0 0,0 0,0 0,0 4,0
LEAF 12,3 0,0 0,0 0,0 0,0 0,0 0,0 0,0 0,0 5,0
LEAF 12,3 0,0 0,0 0,0 0,0 0,0 0,0 0,0 0,0 8,0
LEAF 12,3 0,0 0,0 0,0 0,0 0,0 1,0 0,0 0,0 0,3
LEAF 12,3 0,0 0,0 0,0 0,0 0,0 1,0 0,0 0,0 0,4
LEAF 12,3 0,0 0,0 0,0 0,0 0,0 1,0 0,0 0,0 4,4
LEAF 12,3 0,0 0,0 0,0 0,0 0,0 2,0 0,0 0,0 3,1
LEAF 12,3 0,0 0,0 0,0 0,0 0,0 2,0 0,0 0,0 7,1
LEAF 12,3 0,0 0,0 0,0 0,0 0,0 2,0 0,0 0,0 3,4
LEAF 12,3 0,0 0,0 0,0 0,0 0,0 3,0 0,0 0,0 1,2
LEAF 12,3 0,0 0,0 0,0 0,0 0,0 4,0 0,0 0,0 0,0
LEAF 12,3 0,0 0,0 0,0 0,0 0,0 4,0 0,0 0,0 1,1
LEAF 12,3 0,0 0,0 0,0 0,0 0,0 4,0 0,0 0,0 6,1
LEAF 12,3 0,0 0,0 0,0 0,0 0,0 5,0 0,0 0,0 0,0
LEAF 12,3 0,0 0,0 0,0 0,0 0,0 0,1 0,0 0,0 1,2
LEAF 12,3 0,0 0,0 0,0 0,0 0,0 0,1 0,0 0,0 1,3
LEAF 12,3 0,0 0,0 0,0 0,0 0,0 0,1 0,0 0,0 5,3
LEAF 12,3 0,0 0,0 0,0 0,0 0,0 1,1 0,0 0,0 4,0
LEAF 12,3 0,0 0,0 0,0 0,0 0,0 1,1 0,0 0,0 8,0
LEAF 12,3 0,0 0,0 0,0 0,0 0,0 1,1 0,0 0,0 4,3
LEAF 12,3 0,0 0,0 0,0 0,0 0,0 2,1 0,0 0,0 2,1
LEAF 12,3 0,0 0,0 0,0 0,0 0,0 3,1 0,0 0,0 2,0
LEAF 12,3 0,0 0,0 0,0 0,0 0,0 3,1 0,0 0,0 7,0
LEAF 12,3 0,0 0,0 0,0 0,0 0,0 0,2 0,0 0,0 0,2
LEAF 12,3 0,0 0,0 0,0 0,0 0,0 0,2 0,0 0,0 5,2
LEAF 12,3 0,0 0,0 0,0 0,0 0,0 1,2 0,0 0,0 3,0
LEAF 12,3 0,0 0,0 0,0 0,0 0,0 1,2 0,0 0,0 0,1
LEAF 12,3 0,0 0,0 0,0 0,0 0,0 0,3 0,0 0,0 1,0
LEAF 12,3 0,0 0,0 0,0 0,0 0,0 1,3 0,0 0,0 0,1
LEAF 12,3 0,0 0,0 0,0 0,0 0,0 0,4 0,0 0,0 1,0
LEAF 12,3 0,0 0,0 1,0 0,0 0,0 0,0 0,0 0,0 0,3
LEAF 12,3 0,0 0,0 1,0 0,0 0,0 0,0 0,0 0,0 0,4
LEAF 12,3 0,0 0,0 1,0 0,0 0,0 0,0 0,0 0,0 4,4
LEAF 12,3 0,0 0,0 1,0 0,0 0,0 1,0 0,0 0,0 2,2
LEAF 12,3 0,0 0,0 1,0 0,0 0,0 1,0 0,0 0,0 6,2
LEAF 12,3 0,0 0,0 1,0 0,0 0,0 3,0 0,0 0,0 3,0
LEAF 12,3 0,0 0,0 1,0 0,0 0,0 5,0 0,0 0,0 5,1
LEAF 12,3 0,0 0,0 1,0 0,0 0,0 6,0 0,0 0,0 4,1
LEAF 12,3 0,0 0,0 1,0 0,0 0,0 0,1 0,0 0,0 3,1
LEAF 12,3 0,0 0,0 1,0 0,0 0,0 0,1 0,0 0,0 7,1
LEAF 12,3 0,0 0,0 1,0 0,0 0,0 1,1 0,0 0,0 0,3
LEAF 12,3 0,0 0,0 1,0 0,0 0,0 3,1 0,0 0,0 0,1
LEAF 12,3 0,0 0,0 1,0 0,0 0,0 4,1 0,0 0,0 6,0
LEAF 12,3 0,0 0,0 1,0 0,0 0,0 5,1 0,0 0,0 5,0
LEAF 12,3 0,0 0,0 1,0 0,0 0,0 0,2 0,0 0,0 1,2
LEAF 12,3 0,0 0,0 1,0 0,0 0,0 1,2 0,0 0,0 0,2
LEAF 12,3 0,0 0,0 1,0 0,0 0,0 2,2 0,0 0,0 1,0
LEAF 12,3 0,0 0,0 1,0 0,0 0,0 0,3 0,0 0,0 0,0
LEAF 12,3 0,0 0,0 1,0 0,0 0,0 0,3 0,0 0,0 1,1
LEAF 12,3 0,0 0,0 1,0 0,0 0,0 0,4 0,0 0,0 0,0
LEAF 12,3 0,0 0,0 2,0 0,0 0,0 0,0 0,0 0,0 3,1
LEAF 12,3 0,0 0,0 2,0 0,0 0,0 0,0 0,0 0,0 7,1
LEAF 12,3 0,0 0,0 2,0 0,0 0,0 0,0 0,0 0,0 3,4
LEAF 12,3 0,0 0,0 2,0 0,0 0,0 2,0 0,0 0,0 2,1
LEAF 12,3 0,0 0,0 2,0 0,0 0,0 0,1 0,0 0,0 0,3
LEAF 12,3 0,0 0,0 3,0 0,0 0,0 0,0 0,0 0,0 1,2
LEAF 12,3 0,0 0,0 3,0 0,0 0,0 1,0 0,0 0,0 3,0
LEAF 12,3 0,0 0,0 4,0 0,0 0,0 0,0 0,0 0,0 0,0
LEAF 12,3 0,0 0,0 4,0 0,0 0,0 0,0 0,0 0,0 1,1
LEAF 12,3 0,0 0,0 4,0 0,0 0,0 0,0 0,0 0,0 6,1
LEAF 12,3 0,0 0,0 4,0 0,0 0,0 0,1 0,0 0,0 0,1
LEAF 12,3 0,0 0,0 5,0 0,0 0,0 0,0 0,0 0,0 0,0
LEAF 12,3 0,0 0,0 5,0 0,0 0,0 1,0 0,0 0,0 5,1
LEAF 12,3 0,0 0,0 5,0 0,0 0,0 0,1 0,0 0,0 6,0
LEAF 12,3 0,0 0,0 6,0 0,0 0,0 1,0 0,0 0,0 4,1
LEAF 12,3 0,0 0,0 6,0 0,0 0,0 0,1 0,0 0,0 5,0
LEAF 12,3 0,0 0,0 0,1 0,0 0,0 0,0 0,0 0,0 1,2
LEAF 12,3 0,0 0,0 0,1 0,0 0,0 0,0 0,0 0,0 1,3
LEAF 12,3 0,0 0,0 0,1 0,0 0,0 0,0 0,0 0,0 5,3
LEAF 12,3 0,0 0,0 0,1 0,0 0,0 1,0 0,0 0,0 3,1
LEAF 12,3 0,0 0,0 0,1 0,0 0,0 1,0 0,0 0,0 7,1
LEAF 12,3 0,0 0,0 0,1 0,0 0,0 2,0 0,0 0,0 0,3
LEAF 12,3 0,0 0,0 0,1 0,0 0,0 4,0 0,0 0,0 0,1
LEAF 12,3 0,0 0,0 0,1 0,0 0,0 5,0 0,0 0,0 6,0
LEAF 12,3 0,0 0,0 0,1 0,0 0,0 6,0 0,0 0,0 5,0
LEAF 12,3 0,0 0,0 0,1 0,0 0,0 0,1 0,0 0,0 4,0
LEAF 12,3 0,0 0,0 0,1 0,0 0,0 0,1 0,0 0,0 8,0
LEAF 12,3 0,0 0,0 0,1 0,0 0,0 1,1 0,0 0,0 1,2
LEAF 12,3 0,0 0,0 0,1 0,0 0,0 2,1 0,0 0,0 0,2
LEAF 12,3 0,0 0,0 0,1 0,0 0,0 3,1 0,0 0,0 1,0
LEAF 12,3 0,0 0,0 0,1 0,0 0,0 0,2 0,0 0,0 2,1
LEAF 12,3 0,0 0,0 0,1 0,0 0,0 1,2 0,0 0,0 0,0
LEAF 12,3 0,0 0,0 0,1 0,0 0,0 1,2 0,0 0,0 1,1
LEAF 12,3 0,0 0,0 0,1 0,0 0,0 0,3 0,0 0,0 2,0
LEAF 12,3 0,0 0,0 0,1 0,0 0,0 1,3 0,0 0,0 0,0
LEAF 12,3 0,0 0,0 1,1 0,0 0,0 0,0 0,0 0,0 4,0
LEAF 12,3 0,0 0,0 1,1 0,0 0,0 0,0 0,0 0,0 8,0
LEAF 12,3 0,0 0,0 1,1 0,0 0,0 0,0 0,0 0,0 4,3
LEAF 12,3 0,0 0,0 1,1 0,0 0,0 1,0 0,0 0,0 0,3
LEAF 12,3 0,0 0,0 1,1 0,0 0,0 0,1 0,0 0,0 1,2
LEAF 12,3 0,0 0,0 2,1 0,0 0,0 0,0 0,0 0,0 2,1
LEAF 12,3 0,0 0,0 2,1 0,0 0,0 0,1 0,0 0,0 0,2
LEAF 12,3 0,0 0,0 3,1 0,0 0,0 0,0 0,0 0,0 2,0
LEAF 12,3 0,0 0,0 3,1 0,0 0,0 0,0 0,0 0,0 7,0
LEAF 12,3 0,0 0,0 3,1 0,0 0,0 1,0 0,0 0,0 0,1
LEAF 12,3 0,0 0,0 3,1 0,0 0,0 0,1 0,0 0,0 1,0
LEAF 12,3 0,0 0,0 4,1 0,0 0,0 1,0 0,0 0,0 6,0
LEAF 12,3 0,0 0,0 5,1 0,0 0,0 1,0 0,0 0,0 5,0
LEAF 12,3 0,0 0,0 0,2 0,0 0,0 0,0 0,0 0,0 0,2
LEAF 12,3 0,0 0,0 0,2 0,0 0,0 0,0 0,0 0,0 5,2
LEAF 12,3 0,0 0,0 0,2 0,0 0,0 1,0 0,0 0,0 1,2
LEAF 12,3 0,0 0,0 0,2 0,0 0,0 0,1 0,0 0,0 2,1
LEAF 12,3 0,0 0,0 1,2 0,0 0,0 0,0 0,0 0,0 3,0
LEAF 12,3 0,0 0,0 1,2 0,0 0,0 0,0 0,0 0,0 0,1
LEAF 12,3 0,0 0,0 1,2 0,0 0,0 1,0 0,0 0,0 0,2
LEAF 12,3 0,0 0,0 1,2 0,0 0,0 0,1 0,0 0,0 0,0
LEAF 12,3 0,0 0,0 1,2 0,0 0,0 0,1 0,0 0,0 1,1
LEAF 12,3 0,0 0,0 2,2 0,0 0,0 1,0 0,0 0,0 1,0
LEAF 12,3 0,0 0,0 0,3 0,0 0,0 0,0 0,0 0,0 1,0
LEAF 12,3 0,0 0,0 0,3 0,0 0,0 1,0 0,0 0,0 0,0
LEAF 12,3 0,0 0,0 0,3 0,0 0,0 1,0 0,0 0,0 1,1
LEAF 12,3 0,0 0,0 0,3 0,0 0,0 0,1 0,0 0,0 2,0
LEAF 12,3 0,0 0,0 1,3 0,0 0,0 0,0 0,0 0,0 0,1
LEAF 12,3 0,0 0,0 1,3 0,0 0,0 0,1 0,0 0,0 0,0
LEAF 12,3 0,0 0,0 0,4 0,0 0,0 0,0 0,0 0,0 1,0
LEAF 12,3 0,0 0,0 0,4 0,0 0,0 1,0 0,0 0,0 0,0
LEAF 13,3 0,0 0,0 0,0 0,0 0,0 0,0 0,0 0,0 6,0
LEAF 13,3 0,0 0,0 0,0 0,0 0,0 0,0 0,0 0,0 0,6
LEAF 13,3 0,0 0,0 0,0 0,0 0,0 1,0 0,0 0,0 2,4
LEAF 13,3 0,0 0,0 0,0 0,0 0,0 1,0 0,0 0,0 0,5
LEAF 13,3 0,0 0,0 0,0 0,0 0,0 2,0 0,0 0,0 5,1
LEAF 13,3 0,0 0,0 0,0 0,0 0,0 2,0 0,0 0,0 3,2
LEAF 13,3 0,0 0,0 0,0 0,0 0,0 3,0 0,0 0,0 0,4
LEAF 13,3 0,0 0,0 0,0 0,0 0,0 3,0 0,0 0,0 1,4
LEAF 13,3 0,0 0,0 0,0 0,0 0,0 5,0 0,0 0,0 0,2
LEAF 13,3 0,0 0,0 0,0 0,0 0,0 6,0 0,0 0,0 0,0
LEAF 13,3 0,0 0,0 0,0 0,0 0,0 6,0 0,0 0,0 1,1
LEAF 13,3 0,0 0,0 0,0 0,0 0,0 0,1 0,0 0,0 3,3
LEAF 13,3 0,0 0,0 0,0 0,0 0,0 0,1 0,0 0,0 1,4
LEAF 13,3 0,0 0,0 0,0 0,0 0,0 1,1 0,0 0,0 6,0
LEAF 13,3 0,0 0,0 0,0 0,0 0,0 1,1 0,0 0,0 4,1
LEAF 13,3 0,0 0,0 0,0 0,0 0,0 2,1 0,0 0,0 1,3
LEAF 13,3 0,0 0,0 0,0 0,0 0,0 2,1 0,0 0,0 2,3
LEAF 13,3 0,0 0,0 0,0 0,0 0,0 3,1 0,0 0,0 0,3
LEAF 13,3 0,0 0,0 0,0 0,0 0,0 4,1 0,0 0,0 1,1
LEAF 13,3 0,0 0,0 0,0 0,0 0,0 4,1 0,0 0,0 0,3
LEAF 13,3 0,0 0,0 0,0 0,0 0,0 5,1 0,0 0,0 2,0
LEAF 13,3 0,0 0,0 0,0 0,0 0,0 0,2 0,0 0,0 5,0
LEAF 13,3 0,0 0,0 0,0 0,0 0,0 1,2 0,0 0,0 2,2
LEAF 13,3 0,0 0,0 0,0 0,0 0,0 1,2 0,0 0,0 3,2
LEAF 13,3 0,0 0,0 0,0 0,0 0,0 2,2 0,0 0,0 1,2
LEAF 13,3 0,0 0,0 0,0 0,0 0,0 3,2 0,0 0,0 2,0
LEAF 13,3 0,0 0,0 0,0 0,0 0,0 3,2 0,0 0,0 1,2
LEAF 13,3 0,0 0,0 0,0 0,0 0,0 0,3 0,0 0,0 3,1
LEAF 13,3 0,0 0,0 0,0 0,0 0,0 0,3 0,0 0,0 4,1
LEAF 13,3 0,0 0,0 0,0 0,0 0,0 1,3 0,0 0,0 2,1
LEAF 13,3 0,0 0,0 0,0 0,0 0,0 2,3 0,0 0,0 2,1
LEAF 13,3 0,0 0,0 0,0 0,0 0,0 3,3 0,0 0,0 0,1
LEAF 13,3 0,0 0,0 0,0 0,0 0,0 0,4 0,0 0,0 3,0
LEAF 13,3 0,0 0,0 0,0 0,0 0,0 1,4 0,0 0,0 3,0
LEAF 13,3 0,0 0,0 0,0 0,0 0,0 1,4 0,0 0,0 0,1
LEAF 13,3 0,0 0,0 0,0 0,0 0,0 2,4 0,0 0,0 1,0
LEAF 13,3 0,0 0,0 0,0 0,0 0,0 0,5 0,0 0,0 1,0
LEAF 13,3 0,0 0,0 1,0 0,0 0,0 0,0 0,0 0,0 2,4
LEAF 13,3 0,0 0,0 1,0 0,0 0,0 0,0 0,0 0,0 0,5
LEAF 13,3 0,0 0,0 1,0 0,0 0,0 1,0 0,0 0,0 4,2
LEAF 13,3 0,0 0,0 1,0 0,0 0,0 1,0 0,0 0,0 2,3
LEAF 13,3 0,0 0,0 1,0 0,0 0,0 2,0 0,0 0,0 5,0
LEAF 13,3 0,0 0,0 1,0 0,0 0,0 3,0 0,0 0,0 2,2
LEAF 13,3 0,0 0,0 1,0 0,0 0,0 3,0 0,0 0,0 3,2
LEAF 13,3 0,0 0,0 1,0 0,0 0,0 4,0 0,0 0,0 1,2
LEAF 13,3 0,0 0,0 1,0 0,0 0,0 4,0 0,0 0,0 1,3
LEAF 13,3 0,0 0,0 1,0 0,0 0,0 5,0 0,0 0,0 2,0
LEAF 13,3 0,0 0,0 1,0 0,0 0,0 5,0 0,0 0,0 1,2
LEAF 13,3 0,0 0,0 1,0 0,0 0,0 0,1 0,0 0,0 5,1
LEAF 13,3 0,0 0,0 1,0 0,0 0,0 0,1 0,0 0,0 3,2
LEAF 13,3 0,0 0,0 1,0 0,0 0,0 2,1 0,0 0,0 3,1
LEAF 13,3 0,0 0,0 1,0 0,0 0,0 2,1 0,0 0,0 4,1
LEAF 13,3 0,0 0,0 1,0 0,0 0,0 3,1 0,0 0,0 2,1
LEAF 13,3 0,0 0,0 1,0 0,0 0,0 3,1 0,0 0,0 2,2
LEAF 13,3 0,0 0,0 1,0 0,0 0,0 4,1 0,0 0,0 2,1
LEAF 13,3 0,0 0,0 1,0 0,0 0,0 5,1 0,0 0,0 0,1
LEAF 13,3 0,0 0,0 1,0 0,0 0,0 1,2 0,0 0,0 4,0
LEAF 13,3 0,0 0,0 1,0 0,0 0,0 1,2 0,0 0,0 5,0
LEAF 13,3 0,0 0,0 1,0 0,0 0,0 2,2 0,0 0,0 3,0
LEAF 13,3 0,0 0,0 1,0 0,0 0,0 2,2 0,0 0,0 3,1
LEAF 13,3 0,0 0,0 1,0 0,0 0,0 3,2 0,0 0,0 3,0
LEAF 13,3 0,0 0,0 1,0 0,0 0,0 3,2 0,0 0,0 0,1
LEAF 13,3 0,0 0,0 1,0 0,0 0,0 4,2 0,0 0,0 1,0
LEAF 13,3 0,0 0,0 1,0 0,0 0,0 1,3 0,0 0,0 4,0
LEAF 13,3 0,0 0,0 1,0 0,0 0,0 2,3 0,0 0,0 1,0
LEAF 13,3 0,0 0,0 1,0 0,0 0,0 2,4 0,0 0,0 0,0
LEAF 13,3 0,0 0,0 1,0 0,0 0,0 0,5 0,0 0,0 0,0
LEAF 13,3 0,0 0,0 2,0 0,0 0,0 0,0 0,0 0,0 5,1
LEAF 13,3 0,0 0,0 2,0 0,0 0,0 0,0 0,0 0,0 3,2
LEAF 13,3 0,0 0,0 2,0 0,0 0,0 1,0 0,0 0,0 5,0
LEAF 13,3 0,0 0,0 2,0 0,0 0,0 2,0 0,0 0,0 1,3
LEAF 13,3 0,0 0,0 2,0 0,0 0,0 2,0 0,0 0,0 2,3
LEAF 13,3 0,0 0,0 3,0 0,0 0,0 0,0 0,0 0,0 0,4
LEAF 13,3 0,0 0,0 3,0 0,0 0,0 0,0 0,0 0,0 1,4
LEAF 13,3 0,0 0,0 3,0 0,0 0,0 1,0 0,0 0,0 2,2
LEAF 13,3 0,0 0,0 3,0 0,0 0,0 1,0 0,0 0,0 3,2
LEAF 13,3 0,0 0,0 3,0 0,0 0,0 0,1 0,0 0,0 3,1
LEAF 13,3 0,0 0,0 3,0 0,0 0,0 0,1 0,0 0,0 4,1
LEAF 13,3 0,0 0,0 4,0 0,0 0,0 1,0 0,0 0,0 1,2
LEAF 13,3 0,0 0,0 4,0 0,0 0,0 1,0 0,0 0,0 1,3
LEAF 13,3 0,0 0,0 4,0 0,0 0,0 0,1 0,0 0,0 2,1
LEAF 13,3 0,0 0,0 4,0 0,0 0,0 0,1 0,0 0,0 2,2
LEAF 13,3 0,0 0,0 5,0 0,0 0,0 0,0 0,0 0,0 0,2
LEAF 13,3 0,0 0,0 5,0 0,0 0,0 1,0 0,0 0,0 2,0
LEAF 13,3 0,0 0,0 5,0 0,0 0,0 1,0 0,0 0,0 1,2
LEAF 13,3 0,0 0,0 5,0 0,0 0,0 0,1 0,0 0,0 2,1
LEAF 13,3 0,0 0,0 6,0 0,0 0,0 0,0 0,0 0,0 0,0
LEAF 13,3 0,0 0,0 6,0 0,0 0,0 0,0 0,0 0,0 1,1
LEAF 13,3 0,0 0,0 6,0 0,0 0,0 0,1 0,0 0,0 0,1
LEAF 13,3 0,0 0,0 0,1 0,0 0,0 0,0 0,0 0,0 3,3
LEAF 13,3 0,0 0,0 0,1 0,0 0,0 0,0 0,0 0,0 1,4
LEAF 13,3 0,0 0,0 0,1 0,0 0,0 1,0 0,0 0,0 5,1
LEAF 13,3 0,0 0,0 0,1 0,0 0,0 1,0 0,0 0,0 3,2
LEAF 13,3 0,0 0,0 0,1 0,0 0,0 3,0 0,0 0,0 3,1
LEAF 13,3 0,0 0,0 0,1 0,0 0,0 3,0 0,0 0,0 4,1
LEAF 13,3 0,0 0,0 0,1 0,0 0,0 4,0 0,0 0,0 2,1
LEAF 13,3 0,0 0,0 0,1 0,0 0,0 4,0 0,0 0,0 2,2
LEAF 13,3 0,0 0,0 0,1 0,0 0,0 5,0 0,0 0,0 2,1
LEAF 13,3 0,0 0,0 0,1 0,0 0,0 6,0 0,0 0,0 0,1
LEAF 13,3 0,0 0,0 0,1 0,0 0,0 0,1 0,0 0,0 6,0
LEAF 13,3 0,0 0,0 0,1 0,0 0,0 0,1 0,0 0,0 4,1
LEAF 13,3 0,0 0,0 0,1 0,0 0,0 2,1 0,0 0,0 4,0
LEAF 13,3 0,0 0,0 0,1 0,0 0,0 2,1 0,0 0,0 5,0
LEAF 13,3 0,0 0,0 0,1 0,0 0,0 3,1 0,0 0,0 3,0
LEAF 13,3 0,0 0,0 0,1 0,0 0,0 3,1 0,0 0,0 3,1
LEAF 13,3 0,0 0,0 0,1 0,0 0,0 4,1 0,0 0,0 3,0
LEAF 13,3 0,0 0,0 0,1 0,0 0,0 4,1 0,0 0,0 0,1
LEAF 13,3 0,0 0,0 0,1 0,0 0,0 5,1 0,0 0,0 1,0
LEAF 13,3 0,0 0,0 0,1 0,0 0,0 2,2 0,0 0,0 4,0
LEAF 13,3 0,0 0,0 0,1 0,0 0,0 3,2 0,0 0,0 1,0
LEAF 13,3 0,0 0,0 0,1 0,0 0,0 3,3 0,0 0,0 0,0
LEAF 13,3 0,0 0,0 0,1 0,0 0,0 1,4 0,0 0,0 0,0
LEAF 13,3 0,0 0,0 1,1 0,0 0,0 0,0 0,0 0,0 6,0
LEAF 13,3 0,0 0,0 1,1 0,0 0,0 0,0 0,0 0,0 4,1
LEAF 13,3 0,0 0,0 2,1 0,0 0,0 0,0 0,0 0,0 1,3
LEAF 13,3 0,0 0,0 2,1 0,0 0,0 0,0 0,0 0,0 2,3
LEAF 13,3 0,0 0,0 2,1 0,0 0,0 1,0 0,0 0,0 3,1
LEAF 13,3 0,0 0,0 2,1 0,0 0,0 1,0 0,0 0,0 4,1
LEAF 13,3 0,0 0,0 2,1 0,0 0,0 0,1 0,0 0,0 4,0
LEAF 13,3 0,0 0,0 2,1 0,0 0,0 0,1 0,0 0,0 5,0
LEAF 13,3 0,0 0,0 3,1 0,0 0,0 0,0 0,0 0,0 0,3
LEAF 13,3 0,0 0,0 3,1 0,0 0,0 1,0 0,0 0,0 2,1
LEAF 13,3 0,0 0,0 3,1 0,0 0,0 1,0 0,0 0,0 2,2
LEAF 13,3 0,0 0,0 3,1 0,0 0,0 0,1 0,0 0,0 3,0
LEAF 13,3 0,0 0,0 3,1 0,0 0,0 0,1 0,0 0,0 3,1
LEAF 13,3 0,0 0,0 4,1 0,0 0,0 0,0 0,0 0,0 1,1
LEAF 13,3 0,0 0,0 4,1 0,0 0,0 0,0 0,0 0,0 0,3
LEAF 13,3 0,0 0,0 4,1 0,0 0,0 1,0 0,0 0,0 2,1
LEAF 13,3 0,0 0,0 4,1 0,0 0,0 0,1 0,0 0,0 3,0
LEAF 13,3 0,0 0,0 4,1 0,0 0,0 0,1 0,0 0,0 0,1
LEAF 13,3 0,0 0,0 5,1 0,0 0,0 0,0 0,0 0,0 2,0
LEAF 13,3 0,0 0,0 5,1 0,0 0,0 1,0 0,0 0,0 0,1
LEAF 13,3 0,0 0,0 5,1 0,0 0,0 0,1 0,0 0,0 1,0
LEAF 13,3 0,0 0,0 0,2 0,0 0,0 0,0 0,0 0,0 5,0
LEAF 13,3 0,0 0,0 1,2 0,0 0,0 0,0 0,0 0,0 2,2
LEAF 13,3 0,0 0,0 1,2 0,0 0,0 0,0 0,0 0,0 3,2
LEAF 13,3 0,0 0,0 1,2 0,0 0,0 1,0 0,0 0,0 4,0
LEAF 13,3 0,0 0,0 1,2 0,0 0,0 1,0 0,0 0,0 5,0
LEAF 13,3 0,0 0,0 2,2 0,0 0,0 0,0 0,0 0,0 1,2
LEAF 13,3 0,0 0,0 2,2 0,0 0,0 1,0 0,0 0,0 3,0
LEAF 13,3 0,0 0,0 2,2 0,0 0,0 1,0 0,0 0,0 3,1
LEAF 13,3 0,0 0,0 2,2 0,0 0,0 0,1 0,0 0,0 4,0
LEAF 13,3 0,0 0,0 3,2 0,0 0,0 0,0 0,0 0,0 2,0
LEAF 13,3 0,0 0,0 3,2 0,0 0,0 0,0 0,0 0,0 1,2
LEAF 13,3 0,0 0,0 3,2 0,0 0,0 1,0 0,0 0,0 3,0
LEAF 13,3 0,0 0,0 3,2 0,0 0,0 1,0 0,0 0,0 0,1
LEAF 13,3 0,0 0,0 3,2 0,0 0,0 0,1 0,0 0,0 1,0
LEAF 13,3 0,0 0,0 4,2 0,0 0,0 1,0 0,0 0,0 1,0
LEAF 13,3 0,0 0,0 0,3 0,0 0,0 0,0 0,0 0,0 3,1
LEAF 13,3 0,0 0,0 0,3 0,0 0,0 0,0 0,0 0,0 4,1
LEAF 13,3 0,0 0,0 1,3 0,0 0,0 0,0 0,0 0,0 2,1
LEAF 13,3 0,0 0,0 1,3 0,0 0,0 1,0 0,0 0,0 4,0
LEAF 13,3 0,0 0,0 2,3 0,0 0,0 0,0 0,0 0,0 2,1
LEAF 13,3 0,0 0,0 2,3 0,0 0,0 1,0 0,0 0,0 1,0
LEAF 13,3 0,0 0,0 3,3 0,0 0,0 0,0 0,0 0,0 0,1
LEAF 13,3 0,0 0,0 3,3 0,0 0,0 0,1 0,0 0,0 0,0
LEAF 13,3 0,0 0,0 0,4 0,0 0,0 0,0 0,0 0,0 3,0
LEAF 13,3 0,0 0,0 1,4 0,0 0,0 0,0 0,0 0,0 3,0
LEAF 13,3 0,0 0,0 1,4 0,0 0,0 0,0 0,0 0,0 0,1
LEAF 13,3 0,0 0,0 1,4 0,0 0,0 0,1 0,0 0,0 0,0
LEAF 13,3 0,0 0,0 2,4 0,0 0,0 0,0 0,0 0,0 1,0
LEAF 13,3 0,0 0,0 2,4 0,0 0,0 1,0 0,0 0,0 0,0
LEAF 13,3 0,0 0,0 0,5 0,0 0,0 0,0 0,0 0,0 1,0
LEAF 13,3 0,0 0,0 0,5 0,0 0,0 1,0 0,0 0,0 0,0
LEAF 14,3 0,0 0,0 0,0 0,0 0,0 1,0 0,0 0,0 0,2
LEAF 14,3 0,0 0,0 0,0 0,0 0,0 0,1 0,0 0,0 1,1
LEAF 14,3 0,0 0,0 0,0 0,0 0,0 0,1 0,0 0,0 0,3
LEAF 14,3 0,0 0,0 0,0 0,0 0,0 1,1 0,0 0,0 0,1
LEAF 14,3 0,0 0,0 0,0 0,0 0,0 0,2 0,0 0,0 1,0
LEAF 14,3 0,0 0,0 0,0 0,0 0,0 0,3 0,0 0,0 0,1
LEAF 14,3 0,0 0,0 1,0 0,0 0,0 0,0 0,0 0,0 0,2
LEAF 14,3 0,0 0,0 1,0 0,0 0,0 1,0 0,0 0,0 2,0
LEAF 14,3 0,0 0,0 1,0 0,0 0,0 2,0 0,0 0,0 1,0
LEAF 14,3 0,0 0,0 1,0 0,0 0,0 1,1 0,0 0,0 0,2
LEAF 14,3 0,0 0,0 1,0 0,0 0,0 0,2 0,0 0,0 0,0
LEAF 14,3 0,0 0,0 1,0 0,0 0,0 0,2 0,0 0,0 1,1
LEAF 14,3 0,0 0,0 2,0 0,0 0,0 1,0 0,0 0,0 1,0
LEAF 14,3 0,0 0,0 2,0 0,0 0,0 0,1 0,0 0,0 0,2
LEAF 14,3 0,0 0,0 0,1 0,0 0,0 0,0 0,0 0,0 1,1
LEAF 14,3 0,0 0,0 0,1 0,0 0,0 0,0 0,0 0,0 0,3
LEAF 14,3 0,0 0,0 0,1 0,0 0,0 2,0 0,0 0,0 0,2
LEAF 14,3 0,0 0,0 0,1 0,0 0,0 0,1 0,0 0,0 0,1
LEAF 14,3 0,0 0,0 0,1 0,0 0,0 1,1 0,0 0,0 0,0
LEAF 14,3 0,0 0,0 0,1 0,0 0,0 1,1 0,0 0,0 1,1
LEAF 14,3 0,0 0,0 0,1 0,0 0,0 0,2 0,0 0,0 2,0
LEAF 14,3 0,0 0,0 0,1 0,0 0,0 0,3 0,0 0,0 0,0
LEAF 14,3 0,0 0,0 1,1 0,0 0,0 0,0 0,0 0,0 0,1
LEAF 14,3 0,0 0,0 1,1 0,0 0,0 1,0 0,0 0,0 0,2
LEAF 14,3 0,0 0,0 1,1 0,0 0,0 0,1 0,0 0,0 0,0
LEAF 14,3 0,0 0,0 1,1 0,0 0,0 0,1 0,0 0,0 1,1
LEAF 14,3 0,0 0,0 0,2 0,0 0,0 0,0 0,0 0,0 1,0
LEAF 14,3 0,0 0,0 0,2 0,0 0,0 1,0 0,0 0,0 0,0
LEAF 14,3 0,0 0,0 0,2 0,0 0,0 1,0 0,0 0,0 1,1
LEAF 14,3 0,0 0,0 0,2 0,0 0,0 0,1 0,0 0,0 2,0
LEAF 14,3 0,0 0,0 0,3 0,0 0,0 0,0 0,0 0,0 0,1
LEAF 14,3 0,0 0,0 0,3 0,0 0,0 0,1 0,0 0,0 0,0
LEAF 20,3 0,0 0,0 0,0 0,0 0,0 0,0 0,0 0,0 0,0
LEAF 6,7 0,0 0,0 0,0 0,0 0,0 0,0 0,0 0,0 5,3
LEAF 6,7 5,3 0,0 0,0 0,0 0,0 0,0 0,0 0,0 0,0
LEAF 7,7 0,0 0,0 0,0 0,0 0,0 0,0 0,0 1,0 3,3
LEAF 7,7 0,0 0,0 0,0 0,0 0,0 0,0 0,0 2,0 6,0
LEAF 7,7 0,0 0,0 0,0 0,0 0,0 0,0 0,0 6,0 2,0
LEAF 7,7 0,0 0,0 0,0 0,0 0,0 0,0 0,0 0,1 4,2
LEAF 7,7 0,0 0,0 0,0 0,0 0,0 0,0 0,0 4,2 0,1
LEAF 7,7 0,0 0,0 0,0 0,0 0,0 0,0 0,0 3,3 1,0
LEAF 7,7 0,0 0,0 0,0 0,0 0,0 0,0 1,0 0,0 3,3
LEAF 7,7 0,0 0,0 0,0 0,0 0,0 0,0 1,0 1,0 5,1
LEAF 7,7 0,0 0,0 0,0 0,0 0,0 0,0 1,0 3,0 4,1
LEAF 7,7 0,0 0,0 0,0 0,0 0,0 0,0 1,0 5,0 2,1
LEAF 7,7 0,0 0,0 0,0 0,0 0,0 0,0 1,0 6,0 0,1
LEAF 7,7 0,0 0,0 0,0 0,0 0,0 0,0 1,0 0,1 6,0
LEAF 7,7 0,0 0,0 0,0 0,0 0,0 0,0 1,0 2,1 5,0
LEAF 7,7 0,0 0,0 0,0 0,0 0,0 0,0 1,0 4,1 3,0
LEAF 7,7 0,0 0,0 0,0 0,0 0,0 0,0 1,0 5,1 1,0
LEAF 7,7 0,0 0,0 0,0 0,0 0,0 0,0 1,0 3,3 0,0
LEAF 7,7 0,0 0,0 0,0 0,0 0,0 0,0 2,0 0,0 6,0
LEAF 7,7 0,0 0,0 0,0 0,0 0,0 0,0 3,0 1,0 4,1
LEAF 7,7 0,0 0,0 0,0 0,0 0,0 0,0 5,0 1,0 2,1
LEAF 7,7 0,0 0,0 0,0 0,0 0,0 0,0 6,0 0,0 2,0
LEAF 7,7 0,0 0,0 0,0 0,0 0,0 0,0 6,0 1,0 0,1
LEAF 7,7 0,0 0,0 0,0 0,0 0,0 0,0 0,1 0,0 4,2
LEAF 7,7 0,0 0,0 0,0 0,0 0,0 0,0 0,1 1,0 6,0
LEAF 7,7 0,0 0,0 0,0 0,0 0,0 0,0 2,1 1,0 5,0
LEAF 7,7 0,0 0,0 0,0 0,0 0,0 0,0 4,1 1,0 3,0
LEAF 7,7 0,0 0,0 0,0 0,0 0,0 0,0 5,1 1,0 1,0
LEAF 7,7 0,0 0,0 0,0 0,0 0,0 0,0 4,2 0,0 0,1
LEAF 7,7 0,0 0,0 0,0 0,0 0,0 0,0 3,3 0,0 1,0
LEAF 7,7 0,0 0,0 0,0 0,0 0,0 0,0 3,3 1,0 0,0
LEAF 7,7 0,0 0,0 0,0 0,0 0,0 1,0 0,0 0,0 3,3
LEAF 7,7 0,0 0,0 0,0 0,0 0,0 1,0 0,0 1,0 5,1
LEAF 7,7 0,0 0,0 0,0 0,0 0,0 1,0 0,0 3,0 4,1
LEAF 7,7 0,0 0,0 0,0 0,0 0,0 1,0 0,0 5,0 2,1
LEAF 7,7 0,0 0,0 0,0 0,0 0,0 1,0 0,0 6,0 0,1
LEAF 7,7 0,0 0,0 0,0 0,0 0,0 1,0 0,0 0,1 6,0
LEAF 7,7 0,0 0,0 0,0 0,0 0,0 1,0 0,0 2,1 5,0
LEAF 7,7 0,0 0,0 0,0 0,0 0,0 1,0 0,0 4,1 3,0
LEAF 7,7 0,0 0,0 0,0 0,0 0,0 1,0 0,0 5,1 1,0
LEAF 7,7 0,0 0,0 0,0 0,0 0,0 1,0 0,0 3,3 0,0
LEAF 7,7 0,0 0,0 0,0 0,0 0,0 1,0 1,0 0,0 5,1
LEAF 7,7 0,0 0,0 0,0 0,0 0,0 1,0 1,0 5,1 0,0
LEAF 7,7 0,0 0,0 0,0 0,0 0,0 1,0 3,0 0,0 4,1
LEAF 7,7 0,0 0,0 0,0 0,0 0,0 1,0 5,0 0,0 2,1
LEAF 7,7 0,0 0,0 0,0 0,0 0,0 1,0 6,0 0,0 0,1
LEAF 7,7 0,0 0,0 0,0 0,0 0,0 1,0 0,1 0,0 6,0
LEAF 7,7 0,0 0,0 0,0 0,0 0,0 1,0 2,1 0,0 5,0
LEAF 7,7 0,0 0,0 0,0 0,0 0,0 1,0 4,1 0,0 3,0
LEAF 7,7 0,0 0,0 0,0 0,0 0,0 1,0 5,1 0,0 1,0
LEAF 7,7 0,0 0,0 0,0 0,0 0,0 1,0 5,1 1,0 0,0
LEAF 7,7 0,0 0,0 0,0 0,0 0,0 1,0 3,3 0,0 0,0
LEAF 7,7 0,0 0,0 0,0 0,0 0,0 2,0 0,0 0,0 6,0
LEAF 7,7 0,0 0,0 0,0 0,0 0,0 2,0 0,0 6,0 0,0
LEAF 7,7 0,0 0,0 0,0 0,0 0,0 2,0 6,0 0,0 0,0
LEAF 7,7 0,0 0,0 0,0 0,0 0,0 3,0 0,0 1,0 4,1
LEAF 7,7 0,0 0,0 0,0 0,0 0,0 3,0 0,0 5,0 0,1
LEAF 7,7 0,0 0,0 0,0 0,0 0,0 3,0 0,0 0,1 5,0
LEAF 7,7 0,0 0,0 0,0 0,0 0,0 3,0 0,0 4,1 1,0
LEAF 7,7 0,0 0,0 0,0 0,0 0,0 3,0 1,0 0,0 4,1
LEAF 7,7 0,0 0,0 0,0 0,0 0,0 3,0 1,0 4,1 0,0
LEAF 7,7 0,0 0,0 0,0 0,0 0,0 3,0 5,0 0,0 0,1
LEAF 7,7 0,0 0,0 0,0 0,0 0,0 3,0 0,1 0,0 5,0
LEAF 7,7 0,0 0,0 0,0 0,0 0,0 3,0 4,1 0,0 1,0
LEAF 7,7 0,0 0,0 0,0 0,0 0,0 3,0 4,1 1,0 0,0
LEAF 7,7 0,0 0,0 0,0 0,0 0,0 5,0 0,0 1,0 2,1
LEAF 7,7 0,0 0,0 0,0 0,0 0,0 5,0 0,0 3,0 0,1
LEAF 7,7 0,0 0,0 0,0 0,0 0,0 5,0 0,0 0,1 3,0
LEAF 7,7 0,0 0,0 0,0 0,0 0,0 5,0 0,0 2,1 1,0
LEAF 7,7 0,0 0,0 0,0 0,0 0,0 5,0 1,0 0,0 2,1
LEAF 7,7 0,0 0,0 0,0 0,0 0,0 5,0 1,0 2,1 0,0
LEAF 7,7 0,0 0,0 0,0 0,0 0,0 5,0 3,0 0,0 0,1
LEAF 7,7 0,0 0,0 0,0 0,0 0,0 5,0 0,1 0,0 3,0
LEAF 7,7 0,0 0,0 0,0 0,0 0,0 5,0 2,1 0,0 1,0
LEAF 7,7 0,0 0,0 0,0 0,0 0,0 5,0 2,1 1,0 0,0
LEAF 7,7 0,0 0,0 0,0 0,0 0,0 6,0 0,0 0,0 2,0
LEAF 7,7 0,0 0,0 0,0 0,0 0,0 6,0 0,0 1,0 0,1
LEAF 7,7 0,0 0,0 0,0 0,0 0,0 6,0 0,0 2,0 0,0
LEAF 7,7 0,0 0,0 0,0 0,0 0,0 6,0 0,0 0,1 1,0
LEAF 7,7 0,0 0,0 0,0 0,0 0,0 6,0 1,0 0,0 0,1
LEAF 7,7 0,0 0,0 0,0 0,0 0,0 6,0 1,0 0,1 0,0
LEAF 7,7 0,0 0,0 0,0 0,0 0,0 6,0 2,0 0,0 0,0
LEAF 7,7 0,0 0,0 0,0 0,0 0,0 6,0 0,1 0,0 1,0
LEAF 7,7 0,0 0,0 0,0 0,0 0,0 6,0 0,1 1,0 0,0
LEAF 7,7 0,0 0,0 0,0 0,0 0,0 0,1 0,0 0,0 4,2
LEAF 7,7 0,0 0,0 0,0 0,0 0,0 0,1 0,0 1,0 6,0
LEAF 7,7 0,0 0,0 0,0 0,0 0,0 0,1 0,0 3,0 5,0
LEAF 7,7 0,0 0,0 0,0 0,0 0,0 0,1 0,0 5,0 3,0
LEAF 7,7 0,0 0,0 0,0 0,0 0,0 0,1 0,0 6,0 1,0
LEAF 7,7 0,0 0,0 0,0 0,0 0,0 0,1 0,0 4,2 0,0
LEAF 7,7 0,0 0,0 0,0 0,0 0,0 0,1 1,0 0,0 6,0
LEAF 7,7 0,0 0,0 0,0 0,0 0,0 0,1 1,0 6,0 0,0
LEAF 7,7 0,0 0,0 0,0 0,0 0,0 0,1 3,0 0,0 5,0
LEAF 7,7 0,0 0,0 0,0 0,0 0,0 0,1 5,0 0,0 3,0
LEAF 7,7 0,0 0,0 0,0 0,0 0,0 0,1 6,0 0,0 1,0
LEAF 7,7 0,0 0,0 0,0 0,0 0,0 0,1 6,0 1,0 0,0
LEAF 7,7 0,0 0,0 0,0 0,0 0,0 0,1 4,2 0,0 0,0
LEAF 7,7 0,0 0,0 0,0 0,0 0,0 2,1 0,0 1,0 5,0
LEAF 7,7 0,0 0,0 0,0 0,0 0,0 2,1 0,0 5,0 1,0
LEAF 7,7 0,0 0,0 0,0 0,0 0,0 2,1 1,0 0,0 5,0
LEAF 7,7 0,0 0,0 0,0 0,0 0,0 2,1 1,0 5,0 0,0
LEAF 7,7 0,0 0,0 0,0 0,0 0,0 2,1 5,0 0,0 1,0
LEAF 7,7 0,0 0,0 0,0 0,0 0,0 2,1 5,0 1,0 0,0
LEAF 7,7 0,0 0,0 0,0 0,0 0,0 4,1 0,0 1,0 3,0
LEAF 7,7 0,0 0,0 0,0 0,0 0,0 4,1 0,0 3,0 1,0
LEAF 7,7 0,0 0,0 0,0 0,0 0,0 4,1 1,0 0,0 3,0
LEAF 7,7 0,0 0,0 0,0 0,0 0,0 4,1 1,0 3,0 0,0
LEAF 7,7 0,0 0,0 0,0 0,0 0,0 4,1 3,0 0,0 1,0
LEAF 7,7 0,0 0,0 0,0 0,0 0,0 4,1 3,0 1,0 0,0
LEAF 7,7 0,0 0,0 0,0 0,0 0,0 5,1 0,0 1,0 1,0
LEAF 7,7 0,0 0,0 0,0 0,0 0,0 5,1 1,0 0,0 1,0
LEAF 7,7 0,0 0,0 0,0 0,0 0,0 5,1 1,0 1,0 0,0
LEAF 7,7 0,0 0,0 0,0 0,0 0,0 4,2 0,0 0,0 0,1
LEAF 7,7 0,0 0,0 0,0 0,0 0,0 4,2 0,0 0,1 0,0
LEAF 7,7 0,0 0,0 0,0 0,0 0,0 4,2 0,1 0,0 0,0
LEAF 7,7 0,0 0,0 0,0 0,0 0,0 3,3 0,0 0,0 1,0
LEAF 7,7 0,0 0,0 0,0 0,0 0,0 3,3 0,0 1,0 0,0
LEAF 7,7 0,0 0,0 0,0 0,0 0,0 3,3 1,0 0,0 0,0
LEAF 7,7 0,0 0,0 0,0 0,0 1,0 0,0 0,0 0,0 3,3
LEAF 7,7 0,0 0,0 0,0 0,0 1,0 0,0 0,0 1,0 5,1
LEAF 7,7 0,0 0,0 0,0 0,0 1,0 0,0 0,0 3,0 4,1
LEAF 7,7 0,0 0,0 0,0 0,0 1,0 0,0 0,0 5,0 2,1
LEAF 7,7 0,0 0,0 0,0 0,0 1,0 0,0 0,0 6,0 0,1
LEAF 7,7 0,0 0,0 0,0 0,0 1,0 0,0 0,0 0,1 6,0
LEAF 7,7 0,0 0,0 0,0 0,0 1,0 0,0 0,0 2,1 5,0
LEAF 7,7 0,0 0,0 0,0 0,0 1,0 0,0 0,0 4,1 3,0
LEAF 7,7 0,0 0,0 0,0 0,0 1,0 0,0 0,0 5,1 1,0
LEAF 7,7 0,0 0,0 0,0 0,0 1,0 0,0 0,0 3,3 0,0
LEAF 7,7 0,0 0,0 0,0 0,0 1,0 0,0 1,0 0,0 5,1
LEAF 7,7 0,0 0,0 0,0 0,0 1,0 0,0 3,0 0,0 4,1
LEAF 7,7 0,0 0,0 0,0 0,0 1,0 0,0 5,0 0,0 2,1
LEAF 7,7 0,0 0,0 0,0 0,0 1,0 0,0 6,0 0,0 0,1
LEAF 7,7 0,0 0,0 0,0 0,0 1,0 0,0 0,1 0,0 6,0
LEAF 7,7 0,0 0,0 0,0 0,0 1,0 0,0 2,1 0,0 5,0
LEAF 7,7 0,0 0,0 0,0 0,0 1,0 0,0 4,1 0,0 3,0
LEAF 7,7 0,0 0,0 0,0 0,0 1,0 0,0 5,1 0,0 1,0
LEAF 7,7 0,0 0,0 0,0 0,0 1,0 0,0 5,1 1,0 0,0
LEAF 7,7 0,0 0,0 0,0 0,0 1,0 0,0 3,3 0,0 0,0
LEAF 7,7 0,0 0,0 0,0 0,0 1,0 1,0 0,0 0,0 5,1
LEAF 7,7 0,0 0,0 0,0 0,0 1,0 1,0 0,0 5,1 0,0
LEAF 7,7 0,0 0,0 0,0 0,0 1,0 1,0 5,1 0,0 0,0
LEAF 7,7 0,0 0,0 0,0 0,0 1,0 3,0 0,0 0,0 4,1
LEAF 7,7 0,0 0,0 0,0 0,0 1,0 5,0 0,0 0,0 2,1
LEAF 7,7 0,0 0,0 0,0 0,0 1,0 6,0 0,0 0,0 0,1
LEAF 7,7 0,0 0,0 0,0 0,0 1,0 0,1 0,0 0,0 6,0
LEAF 7,7 0,0 0,0 0,0 0,0 1,0 2,1 0,0 0,0 5,0
LEAF 7,7 0,0 0,0 0,0 0,0 1,0 4,1 0,0 0,0 3,0
LEAF 7,7 0,0 0,0 0,0 0,0 1,0 5,1 0,0 0,0 1,0
LEAF 7,7 0,0 0,0 0,0 0,0 1,0 3,3 0,0 0,0 0,0
LEAF 7,7 0,0 0,0 0,0 0,0 2,0 0,0 0,0 0,0 6,0
LEAF 7,7 0,0 0,0 0,0 0,0 2,0 0,0 0,0 6,0 0,0
LEAF 7,7 0,0 0,0 0,0 0,0 2,0 0,0 6,0 0,0 0,0
LEAF 7,7 0,0 0,0 0,0 0,0 2,0 6,0 0,0 0,0 0,0
LEAF 7,7 0,0 0,0 0,0 0,0 3,0 0,0 0,0 1,0 4,1
LEAF 7,7 0,0 0,0 0,0 0,0 3,0 0,0 0,0 5,0 0,1
LEAF 7,7 0,0 0,0 0,0 0,0 3,0 0,0 0,0 0,1 5,0
LEAF 7,7 0,0 0,0 0,0 0,0 3,0 0,0 0,0 4,1 1,0
LEAF 7,7 0,0 0,0 0,0 0,0 3,0 0,0 1,0 0,0 4,1
LEAF 7,7 0,0 0,0 0,0 0,0 3,0 0,0 5,0 0,0 0,1
LEAF 7,7 0,0 0,0 0,0 0,0 3,0 0,0 0,1 0,0 5,0
LEAF 7,7 0,0 0,0 0,0 0,0 3,0 0,0 4,1 0,0 1,0
LEAF 7,7 0,0 0,0 0,0 0,0 3,0 0,0 4,1 1,0 0,0
LEAF 7,7 0,0 0,0 0,0 0,0 3,0 1,0 0,0 0,0 4,1
LEAF 7,7 0,0 0,0 0,0 0,0 3,0 1,0 4,1 0,0 0,0
LEAF 7,7 0,0 0,0 0,0 0,0 3,0 5,0 0,0 0,0 0,1
LEAF 7,7 0,0 0,0 0,0 0,0 3,0 0,1 0,0 0,0 5,0
LEAF 7,7 0,0 0,0 0,0 0,0 3,0 4,1 0,0 0,0 1,0
LEAF 7,7 0,0 0,0 0,0 0,0 5,0 0,0 0,0 1,0 2,1
LEAF 7,7 0,0 0,0 0,0 0,0 5,0 0,0 0,0 3,0 0,1
LEAF 7,7 0,0 0,0 0,0 0,0 5,0 0,0 0,0 0,1 3,0
LEAF 7,7 0,0 0,0 0,0 0,0 5,0 0,0 0,0 2,1 1,0
LEAF 7,7 0,0 0,0 0,0 0,0 5,0 0,0 1,0 0,0 2,1
LEAF 7,7 0,0 0,0 0,0 0,0 5,0 0,0 3,0 0,0 0,1
LEAF 7,7 0,0 0,0 0,0 0,0 5,0 0,0 0,1 0,0 3,0
LEAF 7,7 0,0 0,0 0,0 0,0 5,0 0,0 2,1 0,0 1,0
LEAF 7,7 0,0 0,0 0,0 0,0 5,0 0,0 2,1 1,0 0,0
LEAF 7,7 0,0 0,0 0,0 0,0 5,0 1,0 0,0 0,0 2,1
LEAF 7,7 0,0 0,0 0,0 0,0 5,0 1,0 2,1 0,0 0,0
LEAF 7,7 0,0 0,0 0,0 0,0 5,0 3,0 0,0 0,0 0,1
LEAF 7,7 0,0 0,0 0,0 0,0 5,0 0,1 0,0 0,0 3,0
LEAF 7,7 0,0 0,0 0,0 0,0 5,0 2,1 0,0 0,0 1,0
LEAF 7,7 0,0 0,0 0,0 0,0 6,0 0,0 0,0 0,0 2,0
LEAF 7,7 0,0 0,0 0,0 0,0 6,0 0,0 0,0 1,0 0,1
LEAF 7,7 0,0 0,0 0,0 0,0 6,0 0,0 0,0 2,0 0,0
LEAF 7,7 0,0 0,0 0,0 0,0 6,0 0,0 0,0 0,1 1,0
LEAF 7,7 0,0 0,0 0,0 0,0 6,0 0,0 1,0 0,0 0,1
LEAF 7,7 0,0 0,0 0,0 0,0 6,0 0,0 2,0 0,0 0,0
LEAF 7,7 0,0 0,0 0,0 0,0 6,0 0,0 0,1 0,0 1,0
LEAF 7,7 0,0 0,0 0,0 0,0 6,0 0,0 0,1 1,0 0,0
LEAF 7,7 0,0 0,0 0,0 0,0 6,0 1,0 0,0 0,0 0,1
LEAF 7,7 0,0 0,0 0,0 0,0 6,0 1,0 0,1 0,0 0,0
LEAF 7,7 0,0 0,0 0,0 0,0 6,0 2,0 0,0 0,0 0,0
LEAF 7,7 0,0 0,0 0,0 0,0 6,0 0,1 0,0 0,0 1,0
LEAF 7,7 0,0 0,0 0,0 0,0 0,1 0,0 0,0 0,0 4,2
LEAF 7,7 0,0 0,0 0,0 0,0 0,1 0,0 0,0 1,0 6,0
LEAF 7,7 0,0 0,0 0,0 0,0 0,1 0,0 0,0 3,0 5,0
LEAF 7,7 0,0 0,0 0,0 0,0 0,1 0,0 0,0 5,0 3,0
LEAF 7,7 0,0 0,0 0,0 0,0 0,1 0,0 0,0 6,0 1,0
LEAF 7,7 0,0 0,0 0,0 0,0 0,1 0,0 0,0 4,2 0,0
LEAF 7,7 0,0 0,0 0,0 0,0 0,1 0,0 1,0 0,0 6,0
LEAF 7,7 0,0 0,0 0,0 0,0 0,1 0,0 3,0 0,0 5,0
LEAF 7,7 0,0 0,0 0,0 0,0 0,1 0,0 5,0 0,0 3,0
LEAF 7,7 0,0 0,0 0,0 0,0 0,1 0,0 6,0 0,0 1,0
LEAF 7,7 0,0 0,0 0,0 0,0 0,1 0,0 6,0 1,0 0,0
LEAF 7,7 0,0 0,0 0,0 0,0 0,1 0,0 4,2 0,0 0,0
LEAF 7,7 0,0 0,0 0,0 0,0 0,1 1,0 0,0 0,0 6,0
LEAF 7,7 0,0 0,0 0,0 0,0 0,1 1,0 6,0 0,0 0,0
LEAF 7,7 0,0 0,0 0,0 0,0 0,1 3,0 0,0 0,0 5,0
LEAF 7,7 0,0 0,0 0,0 0,0 0,1 5,0 0,0 0,0 3,0
LEAF 7,7 0,0 0,0 0,0 0,0 0,1 6,0 0,0 0,0 1,0
LEAF 7,7 0,0 0,0 0,0 0,0 0,1 4,2 0,0 0,0 0,0
LEAF 7,7 0,0 0,0 0,0 0,0 2,1 0,0 0,0 1,0 5,0
LEAF 7,7 0,0 0,0 0,0 0,0 2,1 0,0 0,0 5,0 1,0
LEAF 7,7 0,0 0,0 0,0 0,0 2,1 0,0 1,0 0,0 5,0
LEAF 7,7 0,0 0,0 0,0 0,0 2,1 0,0 5,0 0,0 1,0
LEAF 7,7 0,0 0,0 0,0 0,0 2,1 0,0 5,0 1,0 0,0
LEAF 7,7 0,0 0,0 0,0 0,0 2,1 1,0 0,0 0,0 5,0
LEAF 7,7 0,0 0,0 0,0 0,0 2,1 1,0 5,0 0,0 0,0
LEAF 7,7 0,0 0,0 0,0 0,0 2,1 5,0 0,0 0,0 1,0
LEAF 7,7 0,0 0,0 0,0 0,0 4,1 0,0 0,0 1,0 3,0
LEAF 7,7 0,0 0,0 0,0 0,0 4,1 0,0 0,0 3,0 1,0
LEAF 7,7 0,0 0,0 0,0 0,0 4,1 0,0 1,0 0,0 3,0
LEAF 7,7 0,0 0,0 0,0 0,0 4,1 0,0 3,0 0,0 1,0
LEAF 7,7 0,0 0,0 0,0 0,0 4,1 0,0 3,0 1,0 0,0
LEAF 7,7 0,0 0,0 0,0 0,0 4,1 1,0 0,0 0,0 3,0
LEAF 7,7 0,0 0,0 0,0 0,0 4,1 1,0 3,0 0,0 0,0
LEAF 7,7 0,0 0,0 0,0 0,0 4,1 3,0 0,0 0,0 1,0
LEAF 7,7 0,0 0,0 0,0 0,0 5,1 0,0 0,0 1,0 1,0
LEAF 7,7 0,0 0,0 0,0 0,0 5,1 0,0 1,0 0,0 1,0
LEAF 7,7 0,0 0,0 0,0 0,0 5,1 0,0 1,0 1,0 0,0
LEAF 7,7 0,0 0,0 0,0 0,0 5,1 1,0 0,0 0,0 1,0
LEAF 7,7 0,0 0,0 0,0 0,0 5,1 1,0 0,0 1,0 0,0
LEAF 7,7 0,0 0,0 0,0 0,0 5,1 1,0 1,0 0,0 0,0
LEAF 7,7 0,0 0,0 0,0 0,0 4,2 0,0 0,0 0,0 0,1
LEAF 7,7 0,0 0,0 0,0 0,0 4,2 0,0 0,0 0,1 0,0
LEAF 7,7 0,0 0,0 0,0 0,0 4,2 0,0 0,1 0,0 0,0
LEAF 7,7 0,0 0,0 0,0 0,0 4,2 0,1 0,0 0,0 0,0
LEAF 7,7 0,0 0,0 0,0 0,0 3,3 0,0 0,0 0,0 1,0
LEAF 7,7 0,0 0,0 0,0 0,0 3,3 0,0 0,0 1,0 0,0
LEAF 7,7 0,0 0,0 0,0 0,0 3,3 0,0 1,0 0,0 0,0
LEAF 7,7 0,0 0,0 0,0 0,0 3,3 1,0 0,0 0,0 0,0
LEAF 7,7 0,0 0,0 0,0 1,0 0,0 0,0 0,0 0,0 3,3
LEAF 7,7 0,0 0,0 0,0 1,0 0,0 0,0 0,0 1,0 5,1
LEAF 7,7 0,0 0,0 0,0 1,0 0,0 0,0 0,0 3,0 4,1
LEAF 7,7 0,0 0,0 0,0 1,0 0,0 0,0 0,0 5,0 2,1
LEAF 7,7 0,0 0,0 0,0 1,0 0,0 0,0 0,0 6,0 0,1
LEAF 7,7 0,0 0,0 0,0 1,0 0,0 0,0 0,0 0,1 6,0
LEAF 7,7 0,0 0,0 0,0 1,0 0,0 0,0 0,0 2,1 5,0
LEAF 7,7 0,0 0,0 0,0 1,0 0,0 0,0 0,0 4,1 3,0
LEAF 7,7 0,0 0,0 0,0 1,0 0,0 0,0 0,0 5,1 1,0
LEAF 7,7 0,0 0,0 0,0 1,0 0,0 0,0 0,0 3,3 0,0
LEAF 7,7 0,0 0,0 0,0 1,0 0,0 0,0 1,0 0,0 5,1
LEAF 7,7 0,0 0,0 0,0 1,0 0,0 0,0 3,0 0,0 4,1
LEAF 7,7 0,0 0,0 0,0 1,0 0,0 0,0 5,0 0,0 2,1
LEAF 7,7 0,0 0,0 0,0 1,0 0,0 0,0 6,0 0,0 0,1
LEAF 7,7 0,0 0,0 0,0 1,0 0,0 0,0 0,1 0,0 6,0
LEAF 7,7 0,0 0,0 0,0 1,0 0,0 0,0 2,1 0,0 5,0
LEAF 7,7 0,0 0,0 0,0 1,0 0,0 0,0 4,1 0,0 3,0
LEAF 7,7 0,0 0,0 0,0 1,0 0,0 0,0 5,1 0,0 1,0
LEAF 7,7 0,0 0,0 0,0 1,0 0,0 0,0 5,1 1,0 0,0
LEAF 7,7 0,0 0,0 0,0 1,0 0,0 0,0 3,3 0,0 0,0
LEAF 7,7 0,0 0,0 0,0 1,0 0,0 1,0 0,0 0,0 5,1
LEAF 7,7 0,0 0,0 0,0 1,0 0,0 1,0 5,1 0,0 0,0
LEAF 7,7 0,0 0,0 0,0 1,0 0,0 3,0 0,0 0,0 4,1
LEAF 7,7 0,0 0,0 0,0 1,0 0,0 5,0 0,0 0,0 2,1
LEAF 7,7 0,0 0,0 0,0 1,0 0,0 6,0 0,0 0,0 0,1
LEAF 7,7 0,0 0,0 0,0 1,0 0,0 0,1 0,0 0,0 6,0
LEAF 7,7 0,0 0,0 0,0 1,0 0,0 2,1 0,0 0,0 5,0
LEAF 7,7 0,0 0,0 0,0 1,0 0,0 4,1 0,0 0,0 3,0
LEAF 7,7 0,0 0,0 0,0 1,0 0,0 5,1 0,0 0,0 1,0
LEAF 7,7 0,0 0,0 0,0 1,0 0,0 3,3 0,0 0,0 0,0
LEAF 7,7 0,0 0,0 0,0 1,0 1,0 0,0 0,0 0,0 5,1
LEAF 7,7 0,0 0,0 0,0 1,0 1,0 0,0 0,0 5,1 0,0
LEAF 7,7 0,0 0,0 0,0 1,0 1,0 0,0 5,1 0,0 0,0
LEAF 7,7 0,0 0,0 0,0 1,0 1,0 5,1 0,0 0,0 0,0
LEAF 7,7 0,0 0,0 0,0 1,0 3,0 0,0 0,0 0,0 4,1
LEAF 7,7 0,0 0,0 0,0 1,0 3,0 0,0 0,0 4,1 0,0
LEAF 7,7 0,0 0,0 0,0 1,0 3,0 0,0 4,1 0,0 0,0
LEAF 7,7 0,0 0,0 0,0 1,0 3,0 4,1 0,0 0,0 0,0
LEAF 7,7 0,0 0,0 0,0 1,0 5,0 0,0 0,0 0,0 2,1
LEAF 7,7 0,0 0,0 0,0 1,0 5,0 0,0 0,0 2,1 0,0
LEAF 7,7 0,0 0,0 0,0 1,0 5,0 0,0 2,1 0,0 0,0
LEAF 7,7 0,0 0,0 0,0 1,0 5,0 2,1 0,0 0,0 0,0
LEAF 7,7 0,0 0,0 0,0 1,0 6,0 0,0 0,0 0,0 0,1
LEAF 7,7 0,0 0,0 0,0 1,0 6,0 0,0 0,0 0,1 0,0
LEAF 7,7 0,0 0,0 0,0 1,0 6,0 0,0 0,1 0,0 0,0
LEAF 7,7 0,0 0,0 0,0 1,0 6,0 0,1 0,0 0,0 0,0
LEAF 7,7 0,0 0,0 0,0 1,0 0,1 0,0 0,0 0,0 6,0
LEAF 7,7 0,0 0,0 0,0 1,0 0,1 0,0 0,0 6,0 0,0
LEAF 7,7 0,0 0,0 0,0 1,0 0,1 0,0 6,0 0,0 0,0
LEAF 7,7 0,0 0,0 0,0 1,0 0,1 6,0 0,0 0,0 0,0
LEAF 7,7 0,0 0,0 0,0 1,0 2,1 0,0 0,0 0,0 5,0
LEAF 7,7 0,0 0,0 0,0 1,0 2,1 0,0 0,0 5,0 0,0
LEAF 7,7 0,0 0,0 0,0 1,0 2,1 0,0 5,0 0,0 0,0
LEAF 7,7 0,0 0,0 0,0 1,0 2,1 5,0 0,0 0,0 0,0
LEAF 7,7 0,0 0,0 0,0 1,0 4,1 0,0 0,0 0,0 3,0
LEAF 7,7 0,0 0,0 0,0 1,0 4,1 0,0 0,0 3,0 0,0
LEAF 7,7 0,0 0,0 0,0 1,0 4,1 0,0 3,0 0,0 0,0
LEAF 7,7 0,0 0,0 0,0 1,0 4,1 3,0 0,0 0,0 0,0
LEAF 7,7 0,0 0,0 0,0 1,0 5,1 0,0 0,0 0,0 1,0
LEAF 7,7 0,0 0,0 0,0 1,0 5,1 0,0 0,0 1,0 0,0
LEAF 7,7 0,0 0,0 0,0 1,0 5,1 0,0 1,0 0,0 0,0
LEAF 7,7 0,0 0,0 0,0 1,0 5,1 1,0 0,0 0,0 0,0
LEAF 7,7 0,0 0,0 0,0 1,0 3,3 0,0 0,0 0,0 0,0
LEAF 7,7 0,0 0,0 0,0 2,0 0,0 0,0 0,0 0,0 6,0
LEAF 7,7 0,0 0,0 0,0 2,0 0,0 0,0 6,0 0,0 0,0
LEAF 7,7 0,0 0,0 0,0 2,0 0,0 6,0 0,0 0,0 0,0
LEAF 7,7 0,0 0,0 0,0 3,0 0,0 0,0 0,0 1,0 4,1
LEAF 7,7 0,0 0,0 0,0 3,0 0,0 0,0 1,0 0,0 4,1
LEAF 7,7 0,0 0,0 0,0 3,0 0,0 0,0 5,0 0,0 0,1
LEAF 7,7 0,0 0,0 0,0 3,0 0,0 0,0 0,1 0,0 5,0
LEAF 7,7 0,0 0,0 0,0 3,0 0,0 0,0 4,1 0,0 1,0
LEAF 7,7 0,0 0,0 0,0 3,0 0,0 0,0 4,1 1,0 0,0
LEAF 7,7 0,0 0,0 0,0 3,0 0,0 1,0 0,0 0,0 4,1
LEAF 7,7 0,0 0,0 0,0 3,0 0,0 5,0 0,0 0,0 0,1
LEAF 7,7 0,0 0,0 0,0 3,0 0,0 0,1 0,0 0,0 5,0
LEAF 7,7 0,0 0,0 0,0 3,0 0,0 4,1 0,0 0,0 1,0
LEAF 7,7 0,0 0,0 0,0 3,0 1,0 0,0 0,0 0,0 4,1
LEAF 7,7 0,0 0,0 0,0 3,0 1,0 4,1 0,0 0,0 0,0
LEAF 7,7 0,0 0,0 0,0 5,0 0,0 0,0 0,0 1,0 2,1
LEAF 7,7 0,0 0,0 0,0 5,0 0,0 0,0 1,0 0,0 2,1
LEAF 7,7 0,0 0,0 0,0 5,0 0,0 0,0 3,0 0,0 0,1
LEAF 7,7 0,0 0,0 0,0 5,0 0,0 0,0 0,1 0,0 3,0
LEAF 7,7 0,0 0,0 0,0 5,0 0,0 0,0 2,1 0,0 1,0
LEAF 7,7 0,0 0,0 0,0 5,0 0,0 0,0 2,1 1,0 0,0
LEAF 7,7 0,0 0,0 0,0 5,0 0,0 1,0 0,0 0,0 2,1
LEAF 7,7 0,0 0,0 0,0 5,0 0,0 3,0 0,0 0,0 0,1
LEAF 7,7 0,0 0,0 0,0 5,0 0,0 0,1 0,0 0,0 3,0
LEAF 7,7 0,0 0,0 0,0 5,0 0,0 2,1 0,0 0,0 1,0
LEAF 7,7 0,0 0,0 0,0 5,0 1,0 0,0 0,0 0,0 2,1
LEAF 7,7 0,0 0,0 0,0 5,0 1,0 2,1 0,0 0,0 0,0
LEAF 7,7 0,0 0,0 0,0 6,0 0,0 0,0 0,0 0,0 2,0
LEAF 7,7 0,0 0,0 0,0 6,0 0,0 0,0 0,0 1,0 0,1
LEAF 7,7 0,0 0,0 0,0 6,0 0,0 0,0 1,0 0,0 0,1
LEAF 7,7 0,0 0,0 0,0 6,0 0,0 0,0 2,0 0,0 0,0
LEAF 7,7 0,0 0,0 0,0 6,0 0,0 0,0 0,1 0,0 1,0
LEAF 7,7 0,0 0,0 0,0 6,0 0,0 0,0 0,1 1,0 0,0
LEAF 7,7 0,0 0,0 0,0 6,0 0,0 1,0 0,0 0,0 0,1
LEAF 7,7 0,0 0,0 0,0 6,0 0,0 2,0 0,0 0,0 0,0
LEAF 7,7 0,0 0,0 0,0 6,0 0,0 0,1 0,0 0,0 1,0
LEAF 7,7 0,0 0,0 0,0 6,0 1,0 0,0 0,0 0,0 0,1
LEAF 7,7 0,0 0,0 0,0 6,0 1,0 0,1 0,0 0,0 0,0
LEAF 7,7 0,0 0,0 0,0 0,1 0,0 0,0 0,0 0,0 4,2
LEAF 7,7 0,0 0,0 0,0 0,1 0,0 0,0 0,0 1,0 6,0
LEAF 7,7 0,0 0,0 0,0 0,1 0,0 0,0 1,0 0,0 6,0
LEAF 7,7 0,0 0,0 0,0 0,1 0,0 0,0 3,0 0,0 5,0
LEAF 7,7 0,0 0,0 0,0 0,1 0,0 0,0 5,0 0,0 3,0
LEAF 7,7 0,0 0,0 0,0 0,1 0,0 0,0 6,0 0,0 1,0
LEAF 7,7 0,0 0,0 0,0 0,1 0,0 0,0 6,0 1,0 0,0
LEAF 7,7 0,0 0,0 0,0 0,1 0,0 0,0 4,2 0,0 0,0
LEAF 7,7 0,0 0,0 0,0 0,1 0,0 1,0 0,0 0,0 6,0
LEAF 7,7 0,0 0,0 0,0 0,1 0,0 3,0 0,0 0,0 5,0
LEAF 7,7 0,0 0,0 0,0 0,1 0,0 5,0 0,0 0,0 3,0
LEAF 7,7 0,0 0,0 0,0 0,1 0,0 6,0 0,0 0,0 1,0
LEAF 7,7 0,0 0,0 0,0 0,1 0,0 4,2 0,0 0,0 0,0
LEAF 7,7 0,0 0,0 0,0 0,1 1,0 0,0 0,0 0,0 6,0
LEAF 7,7 0,0 0,0 0,0 0,1 1,0 6,0 0,0 0,0 0,0
LEAF 7,7 0,0 0,0 0,0 2,1 0,0 0,0 0,0 1,0 5,0
LEAF 7,7 0,0 0,0 0,0 2,1 0,0 0,0 1,0 0,0 5,0
LEAF 7,7 0,0 0,0 0,0 2,1 0,0 0,0 5,0 0,0 1,0
LEAF 7,7 0,0 0,0 0,0 2,1 0,0 0,0 5,0 1,0 0,0
LEAF 7,7 0,0 0,0 0,0 2,1 0,0 1,0 0,0 0,0 5,0
LEAF 7,7 0,0 0,0 0,0 2,1 0,0 5,0 0,0 0,0 1,0
LEAF 7,7 0,0 0,0 0,0 2,1 1,0 0,0 0,0 0,0 5,0
LEAF 7,7 0,0 0,0 0,0 2,1 1,0 5,0 0,0 0,0 0,0
LEAF 7,7 0,0 0,0 0,0 4,1 0,0 0,0 0,0 1,0 3,0
LEAF 7,7 0,0 0,0 0,0 4,1 0,0 0,0 1,0 0,0 3,0
LEAF 7,7 0,0 0,0 0,0 4,1 0,0 0,0 3,0 0,0 1,0
LEAF 7,7 0,0 0,0 0,0 4,1 0,0 0,0 3,0 1,0 0,0
LEAF 7,7 0,0 0,0 0,0 4,1 0,0 1,0 0,0 0,0 3,0
LEAF 7,7 0,0 0,0 0,0 4,1 0,0 3,0 0,0 0,0 1,0
LEAF 7,7 0,0 0,0 0,0 4,1 1,0 0,0 0,0 0,0 3,0
LEAF 7,7 0,0 0,0 0,0 4,1 1,0 3,0 0,0 0,0 0,0
LEAF 7,7 0,0 0,0 0,0 5,1 0,0 0,0 0,0 1,0 1,0
LEAF 7,7 0,0 0,0 0,0 5,1 0,0 0,0 1,0 0,0 1,0
LEAF 7,7 0,0 0,0 0,0 5,1 0,0 0,0 1,0 1,0 0,0
LEAF 7,7 0,0 0,0 0,0 5,1 0,0 1,0 0,0 0,0 1,0
LEAF 7,7 0,0 0,0 0,0 5,1 0,0 1,0 1,0 0,0 0,0
LEAF 7,7 0,0 0,0 0,0 5,1 1,0 0,0 0,0 0,0 1,0
LEAF 7,7 0,0 0,0 0,0 5,1 1,0 1,0 0,0 0,0 0,0
LEAF 7,7 0,0 0,0 0,0 4,2 0,0 0,0 0,0 0,0 0,1
LEAF 7,7 0,0 0,0 0,0 4,2 0,0 0,0 0,1 0,0 0,0
LEAF 7,7 0,0 0,0 0,0 4,2 0,0 0,1 0,0 0,0 0,0
LEAF 7,7 0,0 0,0 0,0 3,3 0,0 0,0 0,0 0,0 1,0
LEAF 7,7 0,0 0,0 0,0 3,3 0,0 0,0 0,0 1,0 0,0
LEAF 7,7 0,0 0,0 0,0 3,3 0,0 0,0 1,0 0,0 0,0
LEAF 7,7 0,0 0,0 0,0 3,3 0,0 1,0 0,0 0,0 0,0
LEAF 7,7 0,0 0,0 0,0 3,3 1,0 0,0 0,0 0,0 0,0
LEAF 7,7 0,0 0,0 1,0 0,0 0,0 0,0 0,0 0,0 3,3
LEAF 7,7 0,0 0,0 1,0 0,0 0,0 0,0 0,0 1,0 5,1
LEAF 7,7 0,0 0,0 1,0 0,0 0,0 0,0 0,0 3,0 4,1
LEAF 7,7 0,0 0,0 1,0 0,0 0,0 0,0 0,0 5,0 2,1
LEAF 7,7 0,0 0,0 1,0 0,0 0,0 0,0 0,0 6,0 0,1
LEAF 7,7 0,0 0,0 1,0 0,0 0,0 0,0 0,0 0,1 6,0
LEAF 7,7 0,0 0,0 1,0 0,0 0,0 0,0 0,0 2,1 5,0
LEAF 7,7 0,0 0,0 1,0 0,0 0,0 0,0 0,0 4,1 3,0
LEAF 7,7 0,0 0,0 1,0 0,0 0,0 0,0 0,0 5,1 1,0
LEAF 7,7 0,0 0,0 1,0 0,0 0,0 0,0 0,0 3,3 0,0
LEAF 7,7 0,0 0,0 1,0 0,0 0,0 0,0 1,0 0,0 5,1
LEAF 7,7 0,0 0,0 1,0 0,0 0,0 0,0 1,0 5,1 0,0
LEAF 7,7 0,0 0,0 1,0 0,0 0,0 0,0 3,0 0,0 4,1
LEAF 7,7 0,0 0,0 1,0 0,0 0,0 0,0 5,0 0,0 2,1
LEAF 7,7 0,0 0,0 1,0 0,0 0,0 0,0 6,0 0,0 0,1
LEAF 7,7 0,0 0,0 1,0 0,0 0,0 0,0 0,1 0,0 6,0
LEAF 7,7 0,0 0,0 1,0 0,0 0,0 0,0 2,1 0,0 5,0
LEAF 7,7 0,0 0,0 1,0 0,0 0,0 0,0 4,1 0,0 3,0
LEAF 7,7 0,0 0,0 1,0 0,0 0,0 0,0 5,1 0,0 1,0
LEAF 7,7 0,0 0,0 1,0 0,0 0,0 0,0 5,1 1,0 0,0
LEAF 7,7 0,0 0,0 1,0 0,0 0,0 0,0 3,3 0,0 0,0
LEAF 7,7 0,0 0,0 1,0 0,0 0,0 1,0 0,0 0,0 5,1
LEAF 7,7 0,0 0,0 1,0 0,0 0,0 1,0 0,0 5,1 0,0
LEAF 7,7 0,0 0,0 1,0 0,0 0,0 1,0 5,1 0,0 0,0
LEAF 7,7 0,0 0,0 1,0 0,0 0,0 3,0 0,0 0,0 4,1
LEAF 7,7 0,0 0,0 1,0 0,0 0,0 3,0 0,0 4,1 0,0
LEAF 7,7 0,0 0,0 1,0 0,0 0,0 3,0 4,1 0,0 0,0
LEAF 7,7 0,0 0,0 1,0 0,0 0,0 5,0 0,0 0,0 2,1
LEAF 7,7 0,0 0,0 1,0 0,0 0,0 5,0 0,0 2,1 0,0
LEAF 7,7 0,0 0,0 1,0 0,0 0,0 5,0 2,1 0,0 0,0
LEAF 7,7 0,0 0,0 1,0 0,0 0,0 6,0 0,0 0,0 0,1
LEAF 7,7 0,0 0,0 1,0 0,0 0,0 6,0 0,0 0,1 0,0
LEAF 7,7 0,0 0,0 1,0 0,0 0,0 6,0 0,1 0,0 0,0
LEAF 7,7 0,0 0,0 1,0 0,0 0,0 0,1 0,0 0,0 6,0
LEAF 7,7 0,0 0,0 1,0 0,0 0,0 0,1 0,0 6,0 0,0
LEAF 7,7 0,0 0,0 1,0 0,0 0,0 0,1 6,0 0,0 0,0
LEAF 7,7 0,0 0,0 1,0 0,0 0,0 2,1 0,0 0,0 5,0
LEAF 7,7 0,0 0,0 1,0 0,0 0,0 2,1 0,0 5,0 0,0
LEAF 7,7 0,0 0,0 1,0 0,0 0,0 2,1 5,0 0,0 0,0
LEAF 7,7 0,0 0,0 1,0 0,0 0,0 4,1 0,0 0,0 3,0
LEAF 7,7 0,0 0,0 1,0 0,0 0,0 4,1 0,0 3,0 0,0
LEAF 7,7 0,0 0,0 1,0 0,0 0,0 4,1 3,0 0,0 0,0
LEAF 7,7 0,0 0,0 1,0 0,0 0,0 5,1 0,0 0,0 1,0
LEAF 7,7 0,0 0,0 1,0 0,0 0,0 5,1 0,0 1,0 0,0
LEAF 7,7 0,0 0,0 1,0 0,0 0,0 5,1 1,0 0,0 0,0
LEAF 7,7 0,0 0,0 1,0 0,0 0,0 3,3 0,0 0,0 0,0
LEAF 7,7 0,0 0,0 1,0 0,0 1,0 0,0 0,0 0,0 5,1
LEAF 7,7 0,0 0,0 1,0 0,0 1,0 0,0 0,0 5,1 0,0
LEAF 7,7 0,0 0,0 1,0 0,0 1,0 0,0 5,1 0,0 0,0
LEAF 7,7 0,0 0,0 1,0 0,0 1,0 5,1 0,0 0,0 0,0
LEAF 7,7 0,0 0,0 1,0 0,0 3,0 0,0 0,0 0,0 4,1
LEAF 7,7 0,0 0,0 1,0 0,0 3,0 0,0 0,0 4,1 0,0
LEAF 7,7 0,0 0,0 1,0 0,0 3,0 0,0 4,1 0,0 0,0
LEAF 7,7 0,0 0,0 1,0 0,0 3,0 4,1 0,0 0,0 0,0
LEAF 7,7 0,0 0,0 1,0 0,0 5,0 0,0 0,0 0,0 2,1
LEAF 7,7 0,0 0,0 1,0 0,0 5,0 0,0 0,0 2,1 0,0
LEAF 7,7 0,0 0,0 1,0 0,0 5,0 0,0 2,1 0,0 0,0
LEAF 7,7 0,0 0,0 1,0 0,0 5,0 2,1 0,0 0,0 0,0
LEAF 7,7 0,0 0,0 1,0 0,0 6,0 0,0 0,0 0,0 0,1
LEAF 7,7 0,0 0,0 1,0 0,0 6,0 0,0 0,0 0,1 0,0
LEAF 7,7 0,0 0,0 1,0 0,0 6,0 0,0 0,1 0,0 0,0
LEAF 7,7 0,0 0,0 1,0 0,0 6,0 0,1 0,0 0,0 0,0
LEAF 7,7 0,0 0,0 1,0 0,0 0,1 0,0 0,0 0,0 6,0
LEAF 7,7 0,0 0,0 1,0 0,0 0,1 0,0 0,0 6,0 0,0
LEAF 7,7 0,0 0,0 1,0 0,0 0,1 0,0 6,0 0,0 0,0
LEAF 7,7 0,0 0,0 1,0 0,0 0,1 6,0 0,0 0,0 0,0
LEAF 7,7 0,0 0,0 1,0 0,0 2,1 0,0 0,0 0,0 5,0
LEAF 7,7 0,0 0,0 1,0 0,0 2,1 0,0 0,0 5,0 0,0
LEAF 7,7 0,0 0,0 1,0 0,0 2,1 0,0 5,0 0,0 0,0
LEAF 7,7 0,0 0,0 1,0 0,0 2,1 5,0 0,0 0,0 0,0
LEAF 7,7 0,0 0,0 1,0 0,0 4,1 0,0 0,0 0,0 3,0
LEAF 7,7 0,0 0,0 1,0 0,0 4,1 0,0 0,0 3,0 0,0
LEAF 7,7 0,0 0,0 1,0 0,0 4,1 0,0 3,0 0,0 0,0
LEAF 7,7 0,0 0,0 1,0 0,0 4,1 3,0 0,0 0,0 0,0
LEAF 7,7 0,0 0,0 1,0 0,0 5,1 0,0 0,0 0,0 1,0
LEAF 7,7 0,0 0,0 1,0 0,0 5,1 0,0 0,0 1,0 0,0
LEAF 7,7 0,0 0,0 1,0 0,0 5,1 0,0 1,0 0,0 0,0
LEAF 7,7 0,0 0,0 1,0 0,0 5,1 1,0 0,0 0,0 0,0
LEAF 7,7 0,0 0,0 1,0 0,0 3,3 0,0 0,0 0,0 0,0
LEAF 7,7 0,0 0,0 1,0 1,0 0,0 0,0 0,0 0,0 5,1
LEAF 7,7 0,0 0,0 1,0 1,0 0,0 0,0 0,0 5,1 0,0
LEAF 7,7 0,0 0,0 1,0 1,0 0,0 0,0 5,1 0,0 0,0
LEAF 7,7 0,0 0,0 1,0 1,0 0,0 5,1 0,0 0,0 0,0
LEAF 7,7 0,0 0,0 1,0 1,0 5,1 0,0 0,0 0,0 0,0
LEAF 7,7 0,0 0,0 1,0 3,0 0,0 0,0 0,0 0,0 4,1
LEAF 7,7 0,0 0,0 1,0 3,0 0,0 0,0 4,1 0,0 0,0
LEAF 7,7 0,0 0,0 1,0 3,0 0,0 4,1 0,0 0,0 0,0
LEAF 7,7 0,0 0,0 1,0 5,0 0,0 0,0 0,0 0,0 2,1
LEAF 7,7 0,0 0,0 1,0 5,0 0,0 0,0 2,1 0,0 0,0
LEAF 7,7 0,0 0,0 1,0 5,0 0,0 2,1 0,0 0,0 0,0
LEAF 7,7 0,0 0,0 1,0 6,0 0,0 0,0 0,0 0,0 0,1
LEAF 7,7 0,0 0,0 1,0 6,0 0,0 0,0 0,1 0,0 0,0
LEAF 7,7 0,0 0,0 1,0 6,0 0,0 0,1 0,0 0,0 0,0
LEAF 7,7 0,0 0,0 1,0 0,1 0,0 0,0 0,0 0,0 6,0
LEAF 7,7 0,0 0,0 1,0 0,1 0,0 0,0 6,0 0,0 0,0
LEAF 7,7 0,0 0,0 1,0 0,1 0,0 6,0 0,0 0,0 0,0
LEAF 7,7 0,0 0,0 1,0 2,1 0,0 0,0 0,0 0,0 5,0
LEAF 7,7 0,0 0,0 1,0 2,1 0,0 0,0 5,0 0,0 0,0
LEAF 7,7 0,0 0,0 1,0 2,1 0,0 5,0 0,0 0,0 0,0
LEAF 7,7 0,0 0,0 1,0 4,1 0,0 0,0 0,0 0,0 3,0
LEAF 7,7 0,0 0,0 1,0 4,1 0,0 0,0 3,0 0,0 0,0
LEAF 7,7 0,0 0,0 1,0 4,1 0,0 3,0 0,0 0,0 0,0
LEAF 7,7 0,0 0,0 1,0 5,1 0,0 0,0 0,0 0,0 1,0
LEAF 7,7 0,0 0,0 1,0 5,1 0,0 0,0 0,0 1,0 0,0
LEAF 7,7 0,0 0,0 1,0 5,1 0,0 0,0 1,0 0,0 0,0
LEAF 7,7 0,0 0,0 1,0 5,1 0,0 1,0 0,0 0,0 0,0
LEAF 7,7 0,0 0,0 1,0 5,1 1,0 0,0 0,0 0,0 0,0
LEAF 7,7 0,0 0,0 1,0 3,3 0,0 0,0 0,0 0,0 0,0
LEAF 7,7 0,0 0,0 2,0 0,0 0,0 0,0 0,0 0,0 6,0
LEAF 7,7 0,0 0,0 2,0 0,0 0,0 0,0 0,0 6,0 0,0
LEAF 7,7 0,0 0,0 2,0 0,0 0,0 0,0 6,0 0,0 0,0
LEAF 7,7 0,0 0,0 2,0 0,0 0,0 6,0 0,0 0,0 0,0
LEAF 7,7 0,0 0,0 2,0 0,0 6,0 0,0 0,0 0,0 0,0
LEAF 7,7 0,0 0,0 2,0 6,0 0,0 0,0 0,0 0,0 0,0
LEAF 7,7 0,0 0,0 3,0 0,0 0,0 0,0 0,0 1,0 4,1
LEAF 7,7 0,0 0,0 3,0 0,0 0,0 0,0 0,0 5,0 0,1
LEAF 7,7 0,0 0,0 3,0 0,0 0,0 0,0 0,0 0,1 5,0
LEAF 7,7 0,0 0,0 3,0 0,0 0,0 0,0 0,0 4,1 1,0
LEAF 7,7 0,0 0,0 3,0 0,0 0,0 0,0 1,0 0,0 4,1
LEAF 7,7 0,0 0,0 3,0 0,0 0,0 0,0 1,0 4,1 0,0
LEAF 7,7 0,0 0,0 3,0 0,0 0,0 0,0 5,0 0,0 0,1
LEAF 7,7 0,0 0,0 3,0 0,0 0,0 0,0 0,1 0,0 5,0
LEAF 7,7 0,0 0,0 3,0 0,0 0,0 0,0 4,1 0,0 1,0
LEAF 7,7 0,0 0,0 3,0 0,0 0,0 0,0 4,1 1,0 0,0
LEAF 7,7 0,0 0,0 3,0 0,0 0,0 1,0 0,0 0,0 4,1
LEAF 7,7 0,0 0,0 3,0 0,0 0,0 1,0 0,0 4,1 0,0
LEAF 7,7 0,0 0,0 3,0 0,0 0,0 1,0 4,1 0,0 0,0
LEAF 7,7 0,0 0,0 3,0 0,0 0,0 5,0 0,0 0,0 0,1
LEAF 7,7 0,0 0,0 3,0 0,0 0,0 5,0 0,0 0,1 0,0
LEAF 7,7 0,0 0,0 3,0 0,0 0,0 5,0 0,1 0,0 0,0
LEAF 7,7 0,0 0,0 3,0 0,0 0,0 0,1 0,0 0,0 5,0
LEAF 7,7 0,0 0,0 3,0 0,0 0,0 0,1 0,0 5,0 0,0
LEAF 7,7 0,0 0,0 3,0 0,0 0,0 0,1 5,0 0,0 0,0
LEAF 7,7 0,0 0,0 3,0 0,0 0,0 4,1 0,0 0,0 1,0
LEAF 7,7 0,0 0,0 3,0 0,0 0,0 4,1 0,0 1,0 0,0
LEAF 7,7 0,0 0,0 3,0 0,0 0,0 4,1 1,0 0,0 0,0
LEAF 7,7 0,0 0,0 3,0 0,0 1,0 0,0 0,0 0,0 4,1
LEAF 7,7 0,0 0,0 3,0 0,0 1,0 0,0 0,0 4,1 0,0
LEAF 7,7 0,0 0,0 3,0 0,0 1,0 0,0 4,1 0,0 0,0
LEAF 7,7 0,0 0,0 3,0 0,0 1,0 4,1 0,0 0,0 0,0
LEAF 7,7 0,0 0,0 3,0 0,0 5,0 0,0 0,0 0,0 0,1
LEAF 7,7 0,0 0,0 3,0 0,0 5,0 0,0 0,0 0,1 0,0
LEAF 7,7 0,0 0,0 3,0 0,0 5,0 0,0 0,1 0,0 0,0
LEAF 7,7 0,0 0,0 3,0 0,0 5,0 0,1 0,0 0,0 0,0
LEAF 7,7 0,0 0,0 3,0 0,0 0,1 0,0 0,0 0,0 5,0
LEAF 7,7 0,0 0,0 3,0 0,0 0,1 0,0 0,0 5,0 0,0
LEAF 7,7 0,0 0,0 3,0 0,0 0,1 0,0 5,0 0,0 0,0
LEAF 7,7 0,0 0,0 3,0 0,0 0,1 5,0 0,0 0,0 0,0
LEAF 7,7 0,0 0,0 3,0 0,0 4,1 0,0 0,0 0,0 1,0
LEAF 7,7 0,0 0,0 3,0 0,0 4,1 0,0 0,0 1,0 0,0
LEAF 7,7 0,0 0,0 3,0 0,0 4,1 0,0 1,0 0,0 0,0
LEAF 7,7 0,0 0,0 3,0 0,0 4,1 1,0 0,0 0,0 0,0
LEAF 7,7 0,0 0,0 3,0 1,0 0,0 0,0 0,0 0,0 4,1
LEAF 7,7 0,0 0,0 3,0 1,0 0,0 0,0 0,0 4,1 0,0
LEAF 7,7 0,0 0,0 3,0 1,0 0,0 0,0 4,1 0,0 0,0
LEAF 7,7 0,0 0,0 3,0 1,0 0,0 4,1 0,0 0,0 0,0
LEAF 7,7 0,0 0,0 3,0 1,0 4,1 0,0 0,0 0,0 0,0
LEAF 7,7 0,0 0,0 3,0 5,0 0,0 0,0 0,0 0,0 0,1
LEAF 7,7 0,0 0,0 3,0 5,0 0,0 0,0 0,1 0,0 0,0
LEAF 7,7 0,0 0,0 3,0 5,0 0,0 0,1 0,0 0,0 0,0
LEAF 7,7 0,0 0,0 3,0 0,1 0,0 0,0 0,0 0,0 5,0
LEAF 7,7 0,0 0,0 3,0 0,1 0,0 0,0 5,0 0,0 0,0
LEAF 7,7 0,0 0,0 3,0 0,1 0,0 5,0 0,0 0,0 0,0
LEAF 7,7 0,0 0,0 3,0 4,1 0,0 0,0 0,0 0,0 1,0
LEAF 7,7 0,0 0,0 3,0 4,1 0,0 0,0 0,0 1,0 0,0
LEAF 7,7 0,0 0,0 3,0 4,1 0,0 0,0 1,0 0,0 0,0
LEAF 7,7 0,0 0,0 3,0 4,1 0,0 1,0 0,0 0,0 0,0
LEAF 7,7 0,0 0,0 3,0 4,1 1,0 0,0 0,0 0,0 0,0
LEAF 7,7 0,0 0,0 5,0 0,0 0,0 0,0 0,0 1,0 2,1
LEAF 7,7 0,0 0,0 5,0 0,0 0,0 0,0 0,0 3,0 0,1
LEAF 7,7 0,0 0,0 5,0 0,0 0,0 0,0 0,0 0,1 3,0
LEAF 7,7 0,0 0,0 5,0 0,0 0,0 0,0 0,0 2,1 1,0
LEAF 7,7 0,0 0,0 5,0 0,0 0,0 0,0 1,0 0,0 2,1
LEAF 7,7 0,0 0,0 5,0 0,0 0,0 0,0 1,0 2,1 0,0
LEAF 7,7 0,0 0,0 5,0 0,0 0,0 0,0 3,0 0,0 0,1
LEAF 7,7 0,0 0,0 5,0 0,0 0,0 0,0 0,1 0,0 3,0
LEAF 7,7 0,0 0,0 5,0 0,0 0,0 0,0 2,1 0,0 1,0
LEAF 7,7 0,0 0,0 5,0 0,0 0,0 0,0 2,1 1,0 0,0
LEAF 7,7 0,0 0,0 5,0 0,0 0,0 1,0 0,0 0,0 2,1
LEAF 7,7 0,0 0,0 5,0 0,0 0,0 1,0 0,0 2,1 0,0
LEAF 7,7 0,0 0,0 5,0 0,0 0,0 1,0 2,1 0,0 0,0
LEAF 7,7 0,0 0,0 5,0 0,0 0,0 3,0 0,0 0,0 0,1
LEAF 7,7 0,0 0,0 5,0 0,0 0,0 3,0 0,0 0,1 0,0
LEAF 7,7 0,0 0,0 5,0 0,0 0,0 3,0 0,1 0,0 0,0
LEAF 7,7 0,0 0,0 5,0 0,0 0,0 0,1 0,0 0,0 3,0
LEAF 7,7 0,0 0,0 5,0 0,0 0,0 0,1 0,0 3,0 0,0
LEAF 7,7 0,0 0,0 5,0 0,0 0,0 0,1 3,0 0,0 0,0
LEAF 7,7 0,0 0,0 5,0 0,0 0,0 2,1 0,0 0,0 1,0
LEAF 7,7 0,0 0,0 5,0 0,0 0,0 2,1 0,0 1,0 0,0
LEAF 7,7 0,0 0,0 5,0 0,0 0,0 2,1 1,0 0,0 0,0
LEAF 7,7 0,0 0,0 5,0 0,0 1,0 0,0 0,0 0,0 2,1
LEAF 7,7 0,0 0,0 5,0 0,0 1,0 0,0 0,0 2,1 0,0
LEAF 7,7 0,0 0,0 5,0 0,0 1,0 0,0 2,1 0,0 0,0
LEAF 7,7 0,0 0,0 5,0 0,0 1,0 2,1 0,0 0,0 0,0
LEAF 7,7 0,0 0,0 5,0 0,0 3,0 0,0 0,0 0,0 0,1
LEAF 7,7 0,0 0,0 5,0 0,0 3,0 0,0 0,0 0,1 0,0
LEAF 7,7 0,0 0,0 5,0 0,0 3,0 0,0 0,1 0,0 0,0
LEAF 7,7 0,0 0,0 5,0 0,0 3,0 0,1 0,0 0,0 0,0
LEAF 7,7 0,0 0,0 5,0 0,0 0,1 0,0 0,0 0,0 3,0
LEAF 7,7 0,0 0,0 5,0 0,0 0,1 0,0 0,0 3,0 0,0
LEAF 7,7 0,0 0,0 5,0 0,0 0,1 0,0 3,0 0,0 0,0
LEAF 7,7 0,0 0,0 5,0 0,0 0,1 3,0 0,0 0,0 0,0
LEAF 7,7 0,0 0,0 5,0 0,0 2,1 0,0 0,0 0,0 1,0
LEAF 7,7 0,0 0,0 5,0 0,0 2,1 0,0 0,0 1,0 0,0
LEAF 7,7 0,0 0,0 5,0 0,0 2,1 0,0 1,0 0,0 0,0
LEAF 7,7 0,0 0,0 5,0 0,0 2,1 1,0 0,0 0,0 0,0
LEAF 7,7 0,0 0,0 5,0 1,0 0,0 0,0 0,0 0,0 2,1
LEAF 7,7 0,0 0,0 5,0 1,0 0,0 0,0 0,0 2,1 0,0
LEAF 7,7 0,0 0,0 5,0 1,0 0,0 0,0 2,1 0,0 0,0
LEAF 7,7 0,0 0,0 5,0 1,0 0,0 2,1 0,0 0,0 0,0
LEAF 7,7 0,0 0,0 5,0 1,0 2,1 0,0 0,0 0,0 0,0
LEAF 7,7 0,0 0,0 5,0 3,0 0,0 0,0 0,0 0,0 0,1
LEAF 7,7 0,0 0,0 5,0 3,0 0,0 0,0 0,1 0,0 0,0
LEAF 7,7 0,0 0,0 5,0 3,0 0,0 0,1 0,0 0,0 0,0
LEAF 7,7 0,0 0,0 5,0 0,1 0,0 0,0 0,0 0,0 3,0
LEAF 7,7 0,0 0,0 5,0 0,1 0,0 0,0 3,0 0,0 0,0
LEAF 7,7 0,0 0,0 5,0 0,1 0,0 3,0 0,0 0,0 0,0
LEAF 7,7 0,0 0,0 5,0 2,1 0,0 0,0 0,0 0,0 1,0
LEAF 7,7 0,0 0,0 5,0 2,1 0,0 0,0 0,0 1,0 0,0
LEAF 7,7 0,0 0,0 5,0 2,1 0,0 0,0 1,0 0,0 0,0
LEAF 7,7 0,0 0,0 5,0 2,1 0,0 1,0 0,0 0,0 0,0
LEAF 7,7 0,0 0,0 5,0 2,1 1,0 0,0 0,0 0,0 0,0
LEAF 7,7 0,0 0,0 6,0 0,0 0,0 0,0 0,0 0,0 2,0
LEAF 7,7 0,0 0,0 6,0 0,0 0,0 0,0 0,0 1,0 0,1
LEAF 7,7 0,0 0,0 6,0 0,0 0,0 0,0 0,0 2,0 0,0
LEAF 7,7 0,0 0,0 6,0 0,0 0,0 0,0 0,0 0,1 1,0
LEAF 7,7 0,0 0,0 6,0 0,0 0,0 0,0 1,0 0,0 0,1
LEAF 7,7 0,0 0,0 6,0 0,0 0,0 0,0 1,0 0,1 0,0
LEAF 7,7 0,0 0,0 6,0 0,0 0,0 0,0 2,0 0,0 0,0
LEAF 7,7 0,0 0,0 6,0 0,0 0,0 0,0 0,1 0,0 1,0
LEAF 7,7 0,0 0,0 6,0 0,0 0,0 0,0 0,1 1,0 0,0
LEAF 7,7 0,0 0,0 6,0 0,0 0,0 1,0 0,0 0,0 0,1
LEAF 7,7 0,0 0,0 6,0 0,0 0,0 1,0 0,0 0,1 0,0
LEAF 7,7 0,0 0,0 6,0 0,0 0,0 1,0 0,1 0,0 0,0
LEAF 7,7 0,0 0,0 6,0 0,0 0,0 2,0 0,0 0,0 0,0
LEAF 7,7 0,0 0,0 6,0 0,0 0,0 0,1 0,0 0,0 1,0
LEAF 7,7 0,0 0,0 6,0 0,0 0,0 0,1 0,0 1,0 0,0
LEAF 7,7 0,0 0,0 6,0 0,0 0,0 0,1 1,0 0,0 0,0
LEAF 7,7 0,0 0,0 6,0 0,0 1,0 0,0 0,0 0,0 0,1
LEAF 7,7 0,0 0,0 6,0 0,0 1,0 0,0 0,0 0,1 0,0
LEAF 7,7 0,0 0,0 6,0 0,0 1,0 0,0 0,1 0,0 0,0
LEAF 7,7 0,0 0,0 6,0 0,0 1,0 0,1 0,0 0,0 0,0
LEAF 7,7 0,0 0,0 6,0 0,0 2,0 0,0 0,0 0,0 0,0
LEAF 7,7 0,0 0,0 6,0 0,0 0,1 0,0 0,0 0,0 1,0
LEAF 7,7 0,0 0,0 6,0 0,0 0,1 0,0 0,0 1,0 0,0
LEAF 7,7 0,0 0,0 6,0 0,0 0,1 0,0 1,0 0,0 0,0
LEAF 7,7 0,0 0,0 6,0 0,0 0,1 1,0 0,0 0,0 0,0
LEAF 7,7 0,0 0,0 6,0 1,0 0,0 0,0 0,0 0,0 0,1
LEAF 7,7 0,0 0,0 6,0 1,0 0,0 0,0 0,0 0,1 0,0
LEAF 7,7 0,0 0,0 6,0 1,0 0,0 0,0 0,1 0,0 0,0
LEAF 7,7 0,0 0,0 6,0 1,0 0,0 0,1 0,0 0,0 0,0
LEAF 7,7 0,0 0,0 6,0 1,0 0,1 0,0 0,0 0,0 0,0
LEAF 7,7 0,0 0,0 6,0 2,0 0,0 0,0 0,0 0,0 0,0
LEAF 7,7 0,0 0,0 6,0 0,1 0,0 0,0 0,0 0,0 1,0
LEAF 7,7 0,0 0,0 6,0 0,1 0,0 0,0 0,0 1,0 0,0
LEAF 7,7 0,0 0,0 6,0 0,1 0,0 0,0 1,0 0,0 0,0
LEAF 7,7 0,0 0,0 6,0 0,1 0,0 1,0 0,0 0,0 0,0
LEAF 7,7 0,0 0,0 6,0 0,1 1,0 0,0 0,0 0,0 0,0
LEAF 7,7 0,0 0,0 0,1 0,0 0,0 0,0 0,0 0,0 4,2
LEAF 7,7 0,0 0,0 0,1 0,0 0,0 0,0 0,0 1,0 6,0
LEAF 7,7 0,0 0,0 0,1 0,0 0,0 0,0 0,0 3,0 5,0
LEAF 7,7 0,0 0,0 0,1 0,0 0,0 0,0 0,0 5,0 3,0
LEAF 7,7 0,0 0,0 0,1 0,0 0,0 0,0 0,0 6,0 1,0
LEAF 7,7 0,0 0,0 0,1 0,0 0,0 0,0 0,0 4,2 0,0
LEAF 7,7 0,0 0,0 0,1 0,0 0,0 0,0 1,0 0,0 6,0
LEAF 7,7 0,0 0,0 0,1 0,0 0,0 0,0 1,0 6,0 0,0
LEAF 7,7 0,0 0,0 0,1 0,0 0,0 0,0 3,0 0,0 5,0
LEAF 7,7 0,0 0,0 0,1 0,0 0,0 0,0 5,0 0,0 3,0
LEAF 7,7 0,0 0,0 0,1 0,0 0,0 0,0 6,0 0,0 1,0
LEAF 7,7 0,0 0,0 0,1 0,0 0,0 0,0 6,0 1,0 0,0
LEAF 7,7 0,0 0,0 0,1 0,0 0,0 0,0 4,2 0,0 0,0
LEAF 7,7 0,0 0,0 0,1 0,0 0,0 1,0 0,0 0,0 6,0
LEAF 7,7 0,0 0,0 0,1 0,0 0,0 1,0 0,0 6,0 0,0
LEAF 7,7 0,0 0,0 0,1 0,0 0,0 1,0 6,0 0,0 0,0
LEAF 7,7 0,0 0,0 0,1 0,0 0,0 3,0 0,0 0,0 5,0
LEAF 7,7 0,0 0,0 0,1 0,0 0,0 3,0 0,0 5,0 0,0
LEAF 7,7 0,0 0,0 0,1 0,0 0,0 3,0 5,0 0,0 0,0
LEAF 7,7 0,0 0,0 0,1 0,0 0,0 5,0 0,0 0,0 3,0
LEAF 7,7 0,0 0,0 0,1 0,0 0,0 5,0 0,0 3,0 0,0
LEAF 7,7 0,0 0,0 0,1 0,0 0,0 5,0 3,0 0,0 0,0
LEAF 7,7 0,0 0,0 0,1 0,0 0,0 6,0 0,0 0,0 1,0
LEAF 7,7 0,0 0,0 0,1 0,0 0,0 6,0 0,0 1,0 0,0
LEAF 7,7 0,0 0,0 0,1 0,0 0,0 6,0 1,0 0,0 0,0
LEAF 7,7 0,0 0,0 0,1 0,0 0,0 4,2 0,0 0,0 0,0
LEAF 7,7 0,0 0,0 0,1 0,0 1,0 0,0 0,0 0,0 6,0
LEAF 7,7 0,0 0,0 0,1 0,0 1,0 0,0 0,0 6,0 0,0
LEAF 7,7 0,0 0,0 0,1 0,0 1,0 0,0 6,0 0,0 0,0
LEAF 7,7 0,0 0,0 0,1 0,0 1,0 6,0 0,0 0,0 0,0
LEAF 7,7 0,0 0,0 0,1 0,0 3,0 0,0 0,0 0,0 5,0
LEAF 7,7 0,0 0,0 0,1 0,0 3,0 0,0 0,0 5,0 0,0
LEAF 7,7 0,0 0,0 0,1 0,0 3,0 0,0 5,0 0,0 0,0
LEAF 7,7 0,0 0,0 0,1 0,0 3,0 5,0 0,0 0,0 0,0
LEAF 7,7 0,0 0,0 0,1 0,0 5,0 0,0 0,0 0,0 3,0
LEAF 7,7 0,0 0,0 0,1 0,0 5,0 0,0 0,0 3,0 0,0
LEAF 7,7 0,0 0,0 0,1 0,0 5,0 0,0 3,0 0,0 0,0
LEAF 7,7 0,0 0,0 0,1 0,0 5,0 3,0 0,0 0,0 0,0
LEAF 7,7 0,0 0,0 0,1 0,0 6,0 0,0 0,0 0,0 1,0
LEAF 7,7 0,0 0,0 0,1 0,0 6,0 0,0 0,0 1,0 0,0
LEAF 7,7 0,0 0,0 0,1 0,0 6,0 0,0 1,0 0,0 0,0
LEAF 7,7 0,0 0,0 0,1 0,0 6,0 1,0 0,0 0,0 0,0
LEAF 7,7 0,0 0,0 0,1 0,0 4,2 0,0 0,0 0,0 0,0
LEAF 7,7 0,0 0,0 0,1 1,0 0,0 0,0 0,0 0,0 6,0
LEAF 7,7 0,0 0,0 0,1 1,0 0,0 0,0 0,0 6,0 0,0
LEAF 7,7 0,0 0,0 0,1 1,0 0,0 0,0 6,0 0,0 0,0
LEAF 7,7 0,0 0,0 0,1 1,0 0,0 6,0 0,0 0,0 0,0
LEAF 7,7 0,0 0,0 0,1 1,0 6,0 0,0 0,0 0,0 0,0
LEAF 7,7 0,0 0,0 0,1 3,0 0,0 0,0 0,0 0,0 5,0
LEAF 7,7 0,0 0,0 0,1 3,0 0,0 0,0 5,0 0,0 0,0
LEAF 7,7 0,0 0,0 0,1 3,0 0,0 5,0 0,0 0,0 0,0
LEAF 7,7 0,0 0,0 0,1 5,0 0,0 0,0 0,0 0,0 3,0
LEAF 7,7 0,0 0,0 0,1 5,0 0,0 0,0 3,0 0,0 0,0
LEAF 7,7 0,0 0,0 0,1 5,0 0,0 3,0 0,0 0,0 0,0
LEAF 7,7 0,0 0,0 0,1 6,0 0,0 0,0 0,0 0,0 1,0
LEAF 7,7 0,0 0,0 0,1 6,0 0,0 0,0 0,0 1,0 0,0
LEAF 7,7 0,0 0,0 0,1 6,0 0,0 0,0 1,0 0,0 0,0
LEAF 7,7 0,0 0,0 0,1 6,0 0,0 1,0 0,0 0,0 0,0
LEAF 7,7 0,0 0,0 0,1 6,0 1,0 0,0 0,0 0,0 0,0
LEAF 7,7 0,0 0,0 0,1 4,2 0,0 0,0 0,0 0,0 0,0
LEAF 7,7 0,0 0,0 2,1 0,0 0,0 0,0 0,0 1,0 5,0
LEAF 7,7 0,0 0,0 2,1 0,0 0,0 0,0 0,0 5,0 1,0
LEAF 7,7 0,0 0,0 2,1 0,0 0,0 0,0 1,0 0,0 5,0
LEAF 7,7 0,0 0,0 2,1 0,0 0,0 0,0 1,0 5,0 0,0
LEAF 7,7 0,0 0,0 2,1 0,0 0,0 0,0 5,0 0,0 1,0
LEAF 7,7 0,0 0,0 2,1 0,0 0,0 0,0 5,0 1,0 0,0
LEAF 7,7 0,0 0,0 2,1 0,0 0,0 1,0 0,0 0,0 5,0
LEAF 7,7 0,0 0,0 2,1 0,0 0,0 1,0 0,0 5,0 0,0
LEAF 7,7 0,0 0,0 2,1 0,0 0,0 1,0 5,0 0,0 0,0
LEAF 7,7 0,0 0,0 2,1 0,0 0,0 5,0 0,0 0,0 1,0
LEAF 7,7 0,0 0,0 2,1 0,0 0,0 5,0 0,0 1,0 0,0
LEAF 7,7 0,0 0,0 2,1 0,0 0,0 5,0 1,0 0,0 0,0
LEAF 7,7 0,0 0,0 2,1 0,0 1,0 0,0 0,0 0,0 5,0
LEAF 7,7 0,0 0,0 2,1 0,0 1,0 0,0 0,0 5,0 0,0
LEAF 7,7 0,0 0,0 2,1 0,0 1,0 0,0 5,0 0,0 0,0
LEAF 7,7 0,0 0,0 2,1 0,0 1,0 5,0 0,0 0,0 0,0
LEAF 7,7 0,0 0,0 2,1 0,0 5,0 0,0 0,0 0,0 1,0
LEAF 7,7 0,0 0,0 2,1 0,0 5,0 0,0 0,0 1,0 0,0
LEAF 7,7 0,0 0,0 2,1 0,0 5,0 0,0 1,0 0,0 0,0
LEAF 7,7 0,0 0,0 2,1 0,0 5,0 1,0 0,0 0,0 0,0
LEAF 7,7 0,0 0,0 2,1 1,0 0,0 0,0 0,0 0,0 5,0
LEAF 7,7 0,0 0,0 2,1 1,0 0,0 0,0 0,0 5,0 0,0
LEAF 7,7 0,0 0,0 2,1 1,0 0,0 0,0 5,0 0,0 0,0
LEAF 7,7 0,0 0,0 2,1 1,0 0,0 5,0 0,0 0,0 0,0
LEAF 7,7 0,0 0,0 2,1 1,0 5,0 0,0 0,0 0,0 0,0
LEAF 7,7 0,0 0,0 2,1 5,0 0,0 0,0 0,0 0,0 1,0
LEAF 7,7 0,0 0,0 2,1 5,0 0,0 0,0 0,0 1,0 0,0
LEAF 7,7 0,0 0,0 2,1 5,0 0,0 0,0 1,0 0,0 0,0
LEAF 7,7 0,0 0,0 2,1 5,0 0,0 1,0 0,0 0,0 0,0
LEAF 7,7 0,0 0,0 2,1 5,0 1,0 0,0 0,0 0,0 0,0
LEAF 7,7 0,0 0,0 4,1 0,0 0,0 0,0 0,0 1,0 3,0
LEAF 7,7 0,0 0,0 4,1 0,0 0,0 0,0 0,0 3,0 1,0
LEAF 7,7 0,0 0,0 4,1 0,0 0,0 0,0 1,0 0,0 3,0
LEAF 7,7 0,0 0,0 4,1 0,0 0,0 0,0 1,0 3,0 0,0
LEAF 7,7 0,0 0,0 4,1 0,0 0,0 0,0 3,0 0,0 1,0
LEAF 7,7 0,0 0,0 4,1 0,0 0,0 0,0 3,0 1,0 0,0
LEAF 7,7 0,0 0,0 4,1 0,0 0,0 1,0 0,0 0,0 3,0
LEAF 7,7 0,0 0,0 4,1 0,0 0,0 1,0 0,0 3,0 0,0
LEAF 7,7 0,0 0,0 4,1 0,0 0,0 1,0 3,0 0,0 0,0
LEAF 7,7 0,0 0,0 4,1 0,0 0,0 3,0 0,0 0,0 1,0
LEAF 7,7 0,0 0,0 4,1 0,0 0,0 3,0 0,0 1,0 0,0
LEAF 7,7 0,0 0,0 4,1 0,0 0,0 3,0 1,0 0,0 0,0
LEAF 7,7 0,0 0,0 4,1 0,0 1,0 0,0 0,0 0,0 3,0
LEAF 7,7 0,0 0,0 4,1 0,0 1,0 0,0 0,0 3,0 0,0
LEAF 7,7 0,0 0,0 4,1 0,0 1,0 0,0 3,0 0,0 0,0
LEAF 7,7 0,0 0,0 4,1 0,0 1,0 3,0 0,0 0,0 0,0
LEAF 7,7 0,0 0,0 4,1 0,0 3,0 0,0 0,0 0,0 1,0
LEAF 7,7 0,0 0,0 4,1 0,0 3,0 0,0 0,0 1,0 0,0
LEAF 7,7 0,0 0,0 4,1 0,0 3,0 0,0 1,0 0,0 0,0
LEAF 7,7 0,0 0,0 4,1 0,0 3,0 1,0 0,0 0,0 0,0
LEAF 7,7 0,0 0,0 4,1 1,0 0,0 0,0 0,0 0,0 3,0
LEAF 7,7 0,0 0,0 4,1 1,0 0,0 0,0 0,0 3,0 0,0
LEAF 7,7 0,0 0,0 4,1 1,0 0,0 0,0 3,0 0,0 0,0
LEAF 7,7 0,0 0,0 4,1 1,0 0,0 3,0 0,0 0,0 0,0
LEAF 7,7 0,0 0,0 4,1 1,0 3,0 0,0 0,0 0,0 0,0
LEAF 7,7 0,0 0,0 4,1 3,0 0,0 0,0 0,0 0,0 1,0
LEAF 7,7 0,0 0,0 4,1 3,0 0,0 0,0 0,0 1,0 0,0
LEAF 7,7 0,0 0,0 4,1 3,0 0,0 0,0 1,0 0,0 0,0
LEAF 7,7 0,0 0,0 4,1 3,0 0,0 1,0 0,0 0,0 0,0
LEAF 7,7 0,0 0,0 4,1 3,0 1,0 0,0 0,0 0,0 0,0
LEAF 7,7 0,0 0,0 5,1 0,0 0,0 0,0 0,0 1,0 1,0
LEAF 7,7 0,0 0,0 5,1 0,0 0,0 0,0 1,0 0,0 1,0
LEAF 7,7 0,0 0,0 5,1 0,0 0,0 0,0 1,0 1,0 0,0
LEAF 7,7 0,0 0,0 5,1 0,0 0,0 1,0 0,0 0,0 1,0
LEAF 7,7 0,0 0,0 5,1 0,0 0,0 1,0 0,0 1,0 0,0
LEAF 7,7 0,0 0,0 5,1 0,0 0,0 1,0 1,0 0,0 0,0
LEAF 7,7 0,0 0,0 5,1 0,0 1,0 0,0 0,0 0,0 1,0
LEAF 7,7 0,0 0,0 5,1 0,0 1,0 0,0 0,0 1,0 0,0
LEAF 7,7 0,0 0,0 5,1 0,0 1,0 0,0 1,0 0,0 0,0
LEAF 7,7 0,0 0,0 5,1 0,0 1,0 1,0 0,0 0,0 0,0
LEAF 7,7 0,0 0,0 5,1 1,0 0,0 0,0 0,0 0,0 1,0
LEAF 7,7 0,0 0,0 5,1 1,0 0,0 0,0 0,0 1,0 0,0
LEAF 7,7 0,0 0,0 5,1 1,0 0,0 0,0 1,0 0,0 0,0
LEAF 7,7 0,0 0,0 5,1 1,0 0,0 1,0 0,0 0,0 0,0
LEAF 7,7 0,0 0,0 5,1 1,0 1,0 0,0 0,0 0,0 0,0
LEAF 7,7 0,0 0,0 4,2 0,0 0,0 0,0 0,0 0,0 0,1
LEAF 7,7 0,0 0,0 4,2 0,0 0,0 0,0 0,0 0,1 0,0
LEAF 7,7 0,0 0,0 4,2 0,0 0,0 0,0 0,1 0,0 0,0
LEAF 7,7 0,0 0,0 4,2 0,0 0,0 0,1 0,0 0,0 0,0
LEAF 7,7 0,0 0,0 4,2 0,0 0,1 0,0 0,0 0,0 0,0
LEAF 7,7 0,0 0,0 4,2 0,1 0,0 0,0 0,0 0,0 0,0
LEAF 7,7 0,0 0,0 3,3 0,0 0,0 0,0 0,0 0,0 1,0
LEAF 7,7 0,0 0,0 3,3 0,0 0,0 0,0 0,0 1,0 0,0
LEAF 7,7 0,0 0,0 3,3 0,0 0,0 0,0 1,0 0,0 0,0
LEAF 7,7 0,0 0,0 3,3 0,0 0,0 1,0 0,0 0,0 0,0
LEAF 7,7 0,0 0,0 3,3 0,0 1,0 0,0 0,0 0,0 0,0
LEAF 7,7 0,0 0,0 3,3 1,0 0,0 0,0 0,0 0,0 0,0
LEAF 7,7 0,0 1,0 0,0 0,0 0,0 0,0 0,0 0,0 3,3
LEAF 7,7 0,0 1,0 0,0 0,0 0,0 0,0 0,0 1,0 5,1
LEAF 7,7 0,0 1,0 0,0 0,0 0,0 0,0 0,0 3,0 4,1
LEAF 7,7 0,0 1,0 0,0 0,0 0,0 0,0 0,0 5,0 2,1
LEAF 7,7 0,0 1,0 0,0 0,0 0,0 0,0 0,0 6,0 0,1
LEAF 7,7 0,0 1,0 0,0 0,0 0,0 0,0 0,0 0,1 6,0
LEAF 7,7 0,0 1,0 0,0 0,0 0,0 0,0 0,0 2,1 5,0
LEAF 7,7 0,0 1,0 0,0 0,0 0,0 0,0 0,0 4,1 3,0
LEAF 7,7 0,0 1,0 0,0 0,0 0,0 0,0 0,0 5,1 1,0
LEAF 7,7 0,0 1,0 0,0 0,0 0,0 0,0 0,0 3,3 0,0
LEAF 7,7 0,0 1,0 0,0 0,0 0,0 0,0 1,0 0,0 5,1
LEAF 7,7 0,0 1,0 0,0 0,0 0,0 0,0 3,0 0,0 4,1
LEAF 7,7 0,0 1,0 0,0 0,0 0,0 0,0 5,0 0,0 2,1
LEAF 7,7 0,0 1,0 0,0 0,0 0,0 0,0 6,0 0,0 0,1
LEAF 7,7 0,0 1,0 0,0 0,0 0,0 0,0 0,1 0,0 6,0
LEAF 7,7 0,0 1,0 0,0 0,0 0,0 0,0 2,1 0,0 5,0
LEAF 7,7 0,0 1,0 0,0 0,0 0,0 0,0 4,1 0,0 3,0
LEAF 7,7 0,0 1,0 0,0 0,0 0,0 0,0 5,1 0,0 1,0
LEAF 7,7 0,0 1,0 0,0 0,0 0,0 0,0 5,1 1,0 0,0
LEAF 7,7 0,0 1,0 0,0 0,0 0,0 0,0 3,3 0,0 0,0
LEAF 7,7 0,0 1,0 0,0 0,0 0,0 1,0 0,0 0,0 5,1
LEAF 7,7 0,0 1,0 0,0 0,0 0,0 1,0 0,0 5,1 0,0
LEAF 7,7 0,0 1,0 0,0 0,0 0,0 1,0 5,1 0,0 0,0
LEAF 7,7 0,0 1,0 0,0 0,0 0,0 3,0 0,0 0,0 4,1
LEAF 7,7 0,0 1,0 0,0 0,0 0,0 5,0 0,0 0,0 2,1
LEAF 7,7 0,0 1,0 0,0 0,0 0,0 6,0 0,0 0,0 0,1
LEAF 7,7 0,0 1,0 0,0 0,0 0,0 0,1 0,0 0,0 6,0
LEAF 7,7 0,0 1,0 0,0 0,0 0,0 2,1 0,0 0,0 5,0
LEAF 7,7 0,0 1,0 0,0 0,0 0,0 4,1 0,0 0,0 3,0
LEAF 7,7 0,0 1,0 0,0 0,0 0,0 5,1 0,0 0,0 1,0
LEAF 7,7 0,0 1,0 0,0 0,0 0,0 3,3 0,0 0,0 0,0
LEAF 7,7 0,0 1,0 0,0 0,0 1,0 0,0 0,0 0,0 5,1
LEAF 7,7 0,0 1,0 0,0 0,0 1,0 0,0 0,0 5,1 0,0
LEAF 7,7 0,0 1,0 0,0 0,0 1,0 0,0 5,1 0,0 0,0
LEAF 7,7 0,0 1,0 0,0 0,0 1,0 5,1 0,0 0,0 0,0
LEAF 7,7 0,0 1,0 0,0 0,0 3,0 0,0 0,0 0,0 4,1
LEAF 7,7 0,0 1,0 0,0 0,0 3,0 0,0 0,0 4,1 0,0
LEAF 7,7 0,0 1,0 0,0 0,0 3,0 0,0 4,1 0,0 0,0
LEAF 7,7 0,0 1,0 0,0 0,0 3,0 4,1 0,0 0,0 0,0
LEAF 7,7 0,0 1,0 0,0 0,0 5,0 0,0 0,0 0,0 2,1
LEAF 7,7 0,0 1,0 0,0 0,0 5,0 0,0 0,0 2,1 0,0
LEAF 7,7 0,0 1,0 0,0 0,0 5,0 0,0 2,1 0,0 0,0
LEAF 7,7 0,0 1,0 0,0 0,0 5,0 2,1 0,0 0,0 0,0
LEAF 7,7 0,0 1,0 0,0 0,0 6,0 0,0 0,0 0,0 0,1
LEAF 7,7 0,0 1,0 0,0 0,0 6,0 0,0 0,0 0,1 0,0
LEAF 7,7 0,0 1,0 0,0 0,0 6,0 0,0 0,1 0,0 0,0
LEAF 7,7 0,0 1,0 0,0 0,0 6,0 0,1 0,0 0,0 0,0
LEAF 7,7 0,0 1,0 0,0 0,0 0,1 0,0 0,0 0,0 6,0
LEAF 7,7 0,0 1,0 0,0 0,0 0,1 0,0 0,0 6,0 0,0
LEAF 7,7 0,0 1,0 0,0 0,0 0,1 0,0 6,0 0,0 0,0
LEAF 7,7 0,0 1,0 0,0 0,0 0,1 6,0 0,0 0,0 0,0
LEAF 7,7 0,0 1,0 0,0 0,0 2,1 0,0 0,0 0,0 5,0
LEAF 7,7 0,0 1,0 0,0 0,0 2,1 0,0 0,0 5,0 0,0
LEAF 7,7 0,0 1,0 0,0 0,0 2,1 0,0 5,0 0,0 0,0
LEAF 7,7 0,0 1,0 0,0 0,0 2,1 5,0 0,0 0,0 0,0
LEAF 7,7 0,0 1,0 0,0 0,0 4,1 0,0 0,0 0,0 3,0
LEAF 7,7 0,0 1,0 0,0 0,0 4,1 0,0 0,0 3,0 0,0
LEAF 7,7 0,0 1,0 0,0 0,0 4,1 0,0 3,0 0,0 0,0
LEAF 7,7 0,0 1,0 0,0 0,0 4,1 3,0 0,0 0,0 0,0
LEAF 7,7 0,0 1,0 0,0 0,0 5,1 0,0 0,0 0,0 1,0
LEAF 7,7 0,0 1,0 0,0 0,0 5,1 0,0 0,0 1,0 0,0
LEAF 7,7 0,0 1,0 0,0 0,0 5,1 0,0 1,0 0,0 0,0
LEAF 7,7 0,0 1,0 0,0 0,0 5,1 1,0 0,0 0,0 0,0
LEAF 7,7 0,0 1,0 0,0 0,0 3,3 0,0 0,0 0,0 0,0
LEAF 7,7 0,0 1,0 0,0 1,0 0,0 0,0 0,0 0,0 5,1
LEAF 7,7 0,0 1,0 0,0 1,0 0,0 0,0 5,1 0,0 0,0
LEAF 7,7 0,0 1,0 0,0 1,0 0,0 5,1 0,0 0,0 0,0
LEAF 7,7 0,0 1,0 0,0 3,0 0,0 0,0 0,0 0,0 4,1
LEAF 7,7 0,0 1,0 0,0 3,0 0,0 0,0 4,1 0,0 0,0
LEAF 7,7 0,0 1,0 0,0 3,0 0,0 4,1 0,0 0,0 0,0
LEAF 7,7 0,0 1,0 0,0 5,0 0,0 0,0 0,0 0,0 2,1
LEAF 7,7 0,0 1,0 0,0 5,0 0,0 0,0 2,1 0,0 0,0
LEAF 7,7 0,0 1,0 0,0 5,0 0,0 2,1 0,0 0,0 0,0
LEAF 7,7 0,0 1,0 0,0 6,0 0,0 0,0 0,0 0,0 0,1
LEAF 7,7 0,0 1,0 0,0 6,0 0,0 0,0 0,1 0,0 0,0
LEAF 7,7 0,0 1,0 0,0 6,0 0,0 0,1 0,0 0,0 0,0
LEAF 7,7 0,0 1,0 0,0 0,1 0,0 0,0 0,0 0,0 6,0
LEAF 7,7 0,0 1,0 0,0 0,1 0,0 0,0 6,0 0,0 0,0
LEAF 7,7 0,0 1,0 0,0 0,1 0,0 6,0 0,0 0,0 0,0
LEAF 7,7 0,0 1,0 0,0 2,1 0,0 0,0 0,0 0,0 5,0
LEAF 7,7 0,0 1,0 0,0 2,1 0,0 0,0 5,0 0,0 0,0
LEAF 7,7 0,0 1,0 0,0 2,1 0,0 5,0 0,0 0,0 0,0
LEAF 7,7 0,0 1,0 0,0 4,1 0,0 0,0 0,0 0,0 3,0
LEAF 7,7 0,0 1,0 0,0 4,1 0,0 0,0 3,0 0,0 0,0
LEAF 7,7 0,0 1,0 0,0 4,1 0,0 3,0 0,0 0,0 0,0
LEAF 7,7 0,0 1,0 0,0 5,1 0,0 0,0 0,0 0,0 1,0
LEAF 7,7 0,0 1,0 0,0 5,1 0,0 0,0 0,0 1,0 0,0
LEAF 7,7 0,0 1,0 0,0 5,1 0,0 0,0 1,0 0,0 0,0
LEAF 7,7 0,0 1,0 0,0 5,1 0,0 1,0 0,0 0,0 0,0
LEAF 7,7 0,0 1,0 0,0 5,1 1,0 0,0 0,0 0,0 0,0
LEAF 7,7 0,0 1,0 0,0 3,3 0,0 0,0 0,0 0,0 0,0
LEAF 7,7 0,0 1,0 1,0 0,0 0,0 0,0 0,0 0,0 5,1
LEAF 7,7 0,0 1,0 1,0 0,0 0,0 0,0 0,0 5,1 0,0
LEAF 7,7 0,0 1,0 1,0 0,0 0,0 0,0 5,1 0,0 0,0
LEAF 7,7 0,0 1,0 1,0 0,0 0,0 5,1 0,0 0,0 0,0
LEAF 7,7 0,0 1,0 1,0 0,0 5,1 0,0 0,0 0,0 0,0
LEAF 7,7 0,0 1,0 1,0 5,1 0,0 0,0 0,0 0,0 0,0
LEAF 7,7 0,0 1,0 3,0 0,0 0,0 0,0 0,0 0,0 4,1
LEAF 7,7 0,0 1,0 3,0 0,0 0,0 4,1 0,0 0,0 0,0
LEAF 7,7 0,0 1,0 5,0 0,0 0,0 0,0 0,0 0,0 2,1
LEAF 7,7 0,0 1,0 5,0 0,0 0,0 2,1 0,0 0,0 0,0
LEAF 7,7 0,0 1,0 6,0 0,0 0,0 0,0 0,0 0,0 0,1
LEAF 7,7 0,0 1,0 6,0 0,0 0,0 0,1 0,0 0,0 0,0
LEAF 7,7 0,0 1,0 0,1 0,0 0,0 0,0 0,0 0,0 6,0
LEAF 7,7 0,0 1,0 0,1 0,0 0,0 6,0 0,0 0,0 0,0
LEAF 7,7 0,0 1,0 2,1 0,0 0,0 0,0 0,0 0,0 5,0
LEAF 7,7 0,0 1,0 2,1 0,0 0,0 5,0 0,0 0,0 0,0
LEAF 7,7 0,0 1,0 4,1 0,0 0,0 0,0 0,0 0,0 3,0
LEAF 7,7 0,0 1,0 4,1 0,0 0,0 3,0 0,0 0,0 0,0
LEAF 7,7 0,0 1,0 5,1 0,0 0,0 0,0 0,0 0,0 1,0
LEAF 7,7 0,0 1,0 5,1 0,0 0,0 1,0 0,0 0,0 0,0
LEAF 7,7 0,0 1,0 3,3 0,0 0,0 0,0 0,0 0,0 0,0
LEAF 7,7 0,0 2,0 0,0 0,0 0,0 0,0 0,0 0,0 6,0
LEAF 7,7 0,0 2,0 0,0 0,0 0,0 0,0 0,0 6,0 0,0
LEAF 7,7 0,0 2,0 0,0 0,0 0,0 0,0 6,0 0,0 0,0
LEAF 7,7 0,0 2,0 0,0 0,0 0,0 6,0 0,0 0,0 0,0
LEAF 7,7 0,0 2,0 0,0 0,0 6,0 0,0 0,0 0,0 0,0
LEAF 7,7 0,0 2,0 0,0 6,0 0,0 0,0 0,0 0,0 0,0
LEAF 7,7 0,0 2,0 6,0 0,0 0,0 0,0 0,0 0,0 0,0
LEAF 7,7 0,0 3,0 0,0 0,0 0,0 0,0 0,0 1,0 4,1
LEAF 7,7 0,0 3,0 0,0 0,0 0,0 0,0 0,0 5,0 0,1
LEAF 7,7 0,0 3,0 0,0 0,0 0,0 0,0 0,0 0,1 5,0
LEAF 7,7 0,0 3,0 0,0 0,0 0,0 0,0 0,0 4,1 1,0
LEAF 7,7 0,0 3,0 0,0 0,0 0,0 0,0 1,0 0,0 4,1
LEAF 7,7 0,0 3,0 0,0 0,0 0,0 0,0 5,0 0,0 0,1
LEAF 7,7 0,0 3,0 0,0 0,0 0,0 0,0 0,1 0,0 5,0
LEAF 7,7 0,0 3,0 0,0 0,0 0,0 0,0 4,1 0,0 1,0
LEAF 7,7 0,0 3,0 0,0 0,0 0,0 0,0 4,1 1,0 0,0
LEAF 7,7 0,0 3,0 0,0 0,0 0,0 1,0 0,0 0,0 4,1
LEAF 7,7 0,0 3,0 0,0 0,0 0,0 1,0 4,1 0,0 0,0
LEAF 7,7 0,0 3,0 0,0 0,0 0,0 5,0 0,0 0,0 0,1
LEAF 7,7 0,0 3,0 0,0 0,0 0,0 0,1 0,0 0,0 5,0
LEAF 7,7 0,0 3,0 0,0 0,0 0,0 4,1 0,0 0,0 1,0
LEAF 7,7 0,0 3,0 0,0 0,0 1,0 0,0 0,0 0,0 4,1
LEAF 7,7 0,0 3,0 0,0 0,0 1,0 0,0 0,0 4,1 0,0
LEAF 7,7 0,0 3,0 0,0 0,0 1,0 0,0 4,1 0,0 0,0
LEAF 7,7 0,0 3,0 0,0 0,0 1,0 4,1 0,0 0,0 0,0
LEAF 7,7 0,0 3,0 0,0 0,0 5,0 0,0 0,0 0,0 0,1
LEAF 7,7 0,0 3,0 0,0 0,0 5,0 0,0 0,0 0,1 0,0
LEAF 7,7 0,0 3,0 0,0 0,0 5,0 0,0 0,1 0,0 0,0
LEAF 7,7 0,0 3,0 0,0 0,0 5,0 0,1 0,0 0,0 0,0
LEAF 7,7 0,0 3,0 0,0 0,0 0,1 0,0 0,0 0,0 5,0
LEAF 7,7 0,0 3,0 0,0 0,0 0,1 0,0 0,0 5,0 0,0
LEAF 7,7 0,0 3,0 0,0 0,0 0,1 0,0 5,0 0,0 0,0
LEAF 7,7 0,0 3,0 0,0 0,0 0,1 5,0 0,0 0,0 0,0
LEAF 7,7 0,0 3,0 0,0 0,0 4,1 0,0 0,0 0,0 1,0
LEAF 7,7 0,0 3,0 0,0 0,0 4,1 0,0 0,0 1,0 0,0
LEAF 7,7 0,0 3,0 0,0 0,0 4,1 0,0 1,0 0,0 0,0
LEAF 7,7 0,0 3,0 0,0 0,0 4,1 1,0 0,0 0,0 0,0
LEAF 7,7 0,0 3,0 0,0 1,0 0,0 0,0 0,0 0,0 4,1
LEAF 7,7 0,0 3,0 0,0 1,0 0,0 0,0 4,1 0,0 0,0
LEAF 7,7 0,0 3,0 0,0 1,0 0,0 4,1 0,0 0,0 0,0
LEAF 7,7 0,0 3,0 0,0 5,0 0,0 0,0 0,0 0,0 0,1
LEAF 7,7 0,0 3,0 0,0 5,0 0,0 0,0 0,1 0,0 0,0
LEAF 7,7 0,0 3,0 0,0 5,0 0,0 0,1 0,0 0,0 0,0
LEAF 7,7 0,0 3,0 0,0 0,1 0,0 0,0 0,0 0,0 5,0
LEAF 7,7 0,0 3,0 0,0 0,1 0,0 0,0 5,0 0,0 0,0
LEAF 7,7 0,0 3,0 0,0 0,1 0,0 5,0 0,0 0,0 0,0
LEAF 7,7 0,0 3,0 0,0 4,1 0,0 0,0 0,0 0,0 1,0
LEAF 7,7 0,0 3,0 0,0 4,1 0,0 0,0 0,0 1,0 0,0
LEAF 7,7 0,0 3,0 0,0 4,1 0,0 0,0 1,0 0,0 0,0
LEAF 7,7 0,0 3,0 0,0 4,1 0,0 1,0 0,0 0,0 0,0
LEAF 7,7 0,0 3,0 0,0 4,1 1,0 0,0 0,0 0,0 0,0
LEAF 7,7 0,0 3,0 1,0 0,0 0,0 0,0 0,0 0,0 4,1
LEAF 7,7 0,0 3,0 1,0 0,0 0,0 0,0 4,1 0,0 0,0
LEAF 7,7 0,0 3,0 1,0 0,0 0,0 4,1 0,0 0,0 0,0
LEAF 7,7 0,0 3,0 1,0 4,1 0,0 0,0 0,0 0,0 0,0
LEAF 7,7 0,0 3,0 5,0 0,0 0,0 0,0 0,0 0,0 0,1
LEAF 7,7 0,0 3,0 5,0 0,0 0,0 0,1 0,0 0,0 0,0
LEAF 7,7 0,0 3,0 0,1 0,0 0,0 0,0 0,0 0,0 5,0
LEAF 7,7 0,0 3,0 0,1 0,0 0,0 5,0 0,0 0,0 0,0
LEAF 7,7 0,0 3,0 4,1 0,0 0,0 0,0 0,0 0,0 1,0
LEAF 7,7 0,0 3,0 4,1 0,0 0,0 1,0 0,0 0,0 0,0
LEAF 7,7 0,0 5,0 0,0 0,0 0,0 0,0 0,0 1,0 2,1
LEAF 7,7 0,0 5,0 0,0 0,0 0,0 0,0 0,0 3,0 0,1
LEAF 7,7 0,0 5,0 0,0 0,0 0,0 0,0 0,0 0,1 3,0
LEAF 7,7 0,0 5,0 0,0 0,0 0,0 0,0 0,0 2,1 1,0
LEAF 7,7 0,0 5,0 0,0 0,0 0,0 0,0 1,0 0,0 2,1
LEAF 7,7 0,0 5,0 0,0 0,0 0,0 0,0 3,0 0,0 0,1
LEAF 7,7 0,0 5,0 0,0 0,0 0,0 0,0 0,1 0,0 3,0
LEAF 7,7 0,0 5,0 0,0 0,0 0,0 0,0 2,1 0,0 1,0
LEAF 7,7 0,0 5,0 0,0 0,0 0,0 0,0 2,1 1,0 0,0
LEAF 7,7 0,0 5,0 0,0 0,0 0,0 1,0 0,0 0,0 2,1
LEAF 7,7 0,0 5,0 0,0 0,0 0,0 1,0 2,1 0,0 0,0
LEAF 7,7 0,0 5,0 0,0 0,0 0,0 3,0 0,0 0,0 0,1
LEAF 7,7 0,0 5,0 0,0 0,0 0,0 0,1 0,0 0,0 3,0
LEAF 7,7 0,0 5,0 0,0 0,0 0,0 2,1 0,0 0,0 1,0
LEAF 7,7 0,0 5,0 0,0 0,0 1,0 0,0 0,0 0,0 2,1
LEAF 7,7 0,0 5,0 0,0 0,0 1,0 0,0 0,0 2,1 0,0
LEAF 7,7 0,0 5,0 0,0 0,0 1,0 0,0 2,1 0,0 0,0
LEAF 7,7 0,0 5,0 0,0 0,0 1,0 2,1 0,0 0,0 0,0
LEAF 7,7 0,0 5,0 0,0 0,0 3,0 0,0 0,0 0,0 0,1
LEAF 7,7 0,0 5,0 0,0 0,0 3,0 0,0 0,0 0,1 0,0
LEAF 7,7 0,0 5,0 0,0 0,0 3,0 0,0 0,1 0,0 0,0
LEAF 7,7 0,0 5,0 0,0 0,0 3,0 0,1 0,0 0,0 0,0
LEAF 7,7 0,0 5,0 0,0 0,0 0,1 0,0 0,0 0,0 3,0
LEAF 7,7 0,0 5,0 0,0 0,0 0,1 0,0 0,0 3,0 0,0
LEAF 7,7 0,0 5,0 0,0 0,0 0,1 0,0 3,0 0,0 0,0
LEAF 7,7 0,0 5,0 0,0 0,0 0,1 3,0 0,0 0,0 0,0
LEAF 7,7 0,0 5,0 0,0 0,0 2,1 0,0 0,0 0,0 1,0
LEAF 7,7 0,0 5,0 0,0 0,0 2,1 0,0 0,0 1,0 0,0
LEAF 7,7 0,0 5,0 0,0 0,0 2,1 0,0 1,0 0,0 0,0
LEAF 7,7 0,0 5,0 0,0 0,0 2,1 1,0 0,0 0,0 0,0
LEAF 7,7 0,0 5,0 0,0 1,0 0,0 0,0 0,0 0,0 2,1
LEAF 7,7 0,0 5,0 0,0 1,0 0,0 0,0 2,1 0,0 0,0
LEAF 7,7 0,0 5,0 0,0 1,0 0,0 2,1 0,0 0,0 0,0
LEAF 7,7 0,0 5,0 0,0 3,0 0,0 0,0 0,0 0,0 0,1
LEAF 7,7 0,0 5,0 0,0 3,0 0,0 0,0 0,1 0,0 0,0
LEAF 7,7 0,0 5,0 0,0 3,0 0,0 0,1 0,0 0,0 0,0
LEAF 7,7 0,0 5,0 0,0 0,1 0,0 0,0 0,0 0,0 3,0
LEAF 7,7 0,0 5,0 0,0 0,1 0,0 0,0 3,0 0,0 0,0
LEAF 7,7 0,0 5,0 0,0 0,1 0,0 3,0 0,0 0,0 0,0
LEAF 7,7 0,0 5,0 0,0 2,1 0,0 0,0 0,0 0,0 1,0
LEAF 7,7 0,0 5,0 0,0 2,1 0,0 0,0 0,0 1,0 0,0
LEAF 7,7 0,0 5,0 0,0 2,1 0,0 0,0 1,0 0,0 0,0
LEAF 7,7 0,0 5,0 0,0 2,1 0,0 1,0 0,0 0,0 0,0
LEAF 7,7 0,0 5,0 0,0 2,1 1,0 0,0 0,0 0,0 0,0
LEAF 7,7 0,0 5,0 1,0 0,0 0,0 0,0 0,0 0,0 2,1
LEAF 7,7 0,0 5,0 1,0 0,0 0,0 0,0 2,1 0,0 0,0
LEAF 7,7 0,0 5,0 1,0 0,0 0,0 2,1 0,0 0,0 0,0
LEAF 7,7 0,0 5,0 1,0 2,1 0,0 0,0 0,0 0,0 0,0
LEAF 7,7 0,0 5,0 3,0 0,0 0,0 0,0 0,0 0,0 0,1
LEAF 7,7 0,0 5,0 3,0 0,0 0,0 0,1 0,0 0,0 0,0
LEAF 7,7 0,0 5,0 0,1 0,0 0,0 0,0 0,0 0,0 3,0
LEAF 7,7 0,0 5,0 0,1 0,0 0,0 3,0 0,0 0,0 0,0
LEAF 7,7 0,0 5,0 2,1 0,0 0,0 0,0 0,0 0,0 1,0
LEAF 7,7 0,0 5,0 2,1 0,0 0,0 1,0 0,0 0,0 0,0
LEAF 7,7 0,0 6,0 0,0 0,0 0,0 0,0 0,0 0,0 2,0
LEAF 7,7 0,0 6,0 0,0 0,0 0,0 0,0 0,0 1,0 0,1
LEAF 7,7 0,0 6,0 0,0 0,0 0,0 0,0 0,0 2,0 0,0
LEAF 7,7 0,0 6,0 0,0 0,0 0,0 0,0 0,0 0,1 1,0
LEAF 7,7 0,0 6,0 0,0 0,0 0,0 0,0 1,0 0,0 0,1
LEAF 7,7 0,0 6,0 0,0 0,0 0,0 0,0 2,0 0,0 0,0
LEAF 7,7 0,0 6,0 0,0 0,0 0,0 0,0 0,1 0,0 1,0
LEAF 7,7 0,0 6,0 0,0 0,0 0,0 0,0 0,1 1,0 0,0
LEAF 7,7 0,0 6,0 0,0 0,0 0,0 1,0 0,0 0,0 0,1
LEAF 7,7 0,0 6,0 0,0 0,0 0,0 1,0 0,1 0,0 0,0
LEAF 7,7 0,0 6,0 0,0 0,0 0,0 2,0 0,0 0,0 0,0
LEAF 7,7 0,0 6,0 0,0 0,0 0,0 0,1 0,0 0,0 1,0
LEAF 7,7 0,0 6,0 0,0 0,0 1,0 0,0 0,0 0,0 0,1
LEAF 7,7 0,0 6,0 0,0 0,0 1,0 0,0 0,0 0,1 0,0
LEAF 7,7 0,0 6,0 0,0 0,0 1,0 0,0 0,1 0,0 0,0
LEAF 7,7 0,0 6,0 0,0 0,0 1,0 0,1 0,0 0,0 0,0
LEAF 7,7 0,0 6,0 0,0 0,0 2,0 0,0 0,0 0,0 0,0
LEAF 7,7 0,0 6,0 0,0 0,0 0,1 0,0 0,0 0,0 1,0
LEAF 7,7 0,0 6,0 0,0 0,0 0,1 0,0 0,0 1,0 0,0
LEAF 7,7 0,0 6,0 0,0 0,0 0,1 0,0 1,0 0,0 0,0
LEAF 7,7 0,0 6,0 0,0 0,0 0,1 1,0 0,0 0,0 0,0
LEAF 7,7 0,0 6,0 0,0 1,0 0,0 0,0 0,0 0,0 0,1
LEAF 7,7 0,0 6,0 0,0 1,0 0,0 0,0 0,1 0,0 0,0
LEAF 7,7 0,0 6,0 0,0 1,0 0,0 0,1 0,0 0,0 0,0
LEAF 7,7 0,0 6,0 0,0 2,0 0,0 0,0 0,0 0,0 0,0
LEAF 7,7 0,0 6,0 0,0 0,1 0,0 0,0 0,0 0,0 1,0
LEAF 7,7 0,0 6,0 0,0 0,1 0,0 0,0 0,0 1,0 0,0
LEAF 7,7 0,0 6,0 0,0 0,1 0,0 0,0 1,0 0,0 0,0
LEAF 7,7 0,0 6,0 0,0 0,1 0,0 1,0 0,0 0,0 0,0
LEAF 7,7 0,0 6,0 0,0 0,1 1,0 0,0 0,0 0,0 0,0
LEAF 7,7 0,0 6,0 1,0 0,0 0,0 0,0 0,0 0,0 0,1
LEAF 7,7 0,0 6,0 1,0 0,0 0,0 0,0 0,1 0,0 0,0
LEAF 7,7 0,0 6,0 1,0 0,0 0,0 0,1 0,0 0,0 0,0
LEAF 7,7 0,0 6,0 1,0 0,1 0,0 0,0 0,0 0,0 0,0
LEAF 7,7 0,0 6,0 2,0 0,0 0,0 0,0 0,0 0,0 0,0
LEAF 7,7 0,0 6,0 0,1 0,0 0,0 0,0 0,0 0,0 1,0
LEAF 7,7 0,0 6,0 0,1 0,0 0,0 1,0 0,0 0,0 0,0
LEAF 7,7 0,0 0,1 0,0 0,0 0,0 0,0 0,0 0,0 4,2
LEAF 7,7 0,0 0,1 0,0 0,0 0,0 0,0 0,0 1,0 6,0
LEAF 7,7 0,0 0,1 0,0 0,0 0,0 0,0 0,0 3,0 5,0
LEAF 7,7 0,0 0,1 0,0 0,0 0,0 0,0 0,0 5,0 3,0
LEAF 7,7 0,0 0,1 0,0 0,0 0,0 0,0 0,0 6,0 1,0
LEAF 7,7 0,0 0,1 0,0 0,0 0,0 0,0 0,0 4,2 0,0
LEAF 7,7 0,0 0,1 0,0 0,0 0,0 0,0 1,0 0,0 6,0
LEAF 7,7 0,0 0,1 0,0 0,0 0,0 0,0 3,0 0,0 5,0
LEAF 7,7 0,0 0,1 0,0 0,0 0,0 0,0 5,0 0,0 3,0
LEAF 7,7 0,0 0,1 0,0 0,0 0,0 0,0 6,0 0,0 1,0
LEAF 7,7 0,0 0,1 0,0 0,0 0,0 0,0 6,0 1,0 0,0
LEAF 7,7 0,0 0,1 0,0 0,0 0,0 0,0 4,2 0,0 0,0
LEAF 7,7 0,0 0,1 0,0 0,0 0,0 1,0 0,0 0,0 6,0
LEAF 7,7 0,0 0,1 0,0 0,0 0,0 1,0 6,0 0,0 0,0
LEAF 7,7 0,0 0,1 0,0 0,0 0,0 3,0 0,0 0,0 5,0
LEAF 7,7 0,0 0,1 0,0 0,0 0,0 5,0 0,0 0,0 3,0
LEAF 7,7 0,0 0,1 0,0 0,0 0,0 6,0 0,0 0,0 1,0
LEAF 7,7 0,0 0,1 0,0 0,0 0,0 4,2 0,0 0,0 0,0
LEAF 7,7 0,0 0,1 0,0 0,0 1,0 0,0 0,0 0,0 6,0
LEAF 7,7 0,0 0,1 0,0 0,0 1,0 0,0 0,0 6,0 0,0
LEAF 7,7 0,0 0,1 0,0 0,0 1,0 0,0 6,0 0,0 0,0
LEAF 7,7 0,0 0,1 0,0 0,0 1,0 6,0 0,0 0,0 0,0
LEAF 7,7 0,0 0,1 0,0 0,0 3,0 0,0 0,0 0,0 5,0
LEAF 7,7 0,0 0,1 0,0 0,0 3,0 0,0 0,0 5,0 0,0
LEAF 7,7 0,0 0,1 0,0 0,0 3,0 0,0 5,0 0,0 0,0
LEAF 7,7 0,0 0,1 0,0 0,0 3,0 5,0 0,0 0,0 0,0
LEAF 7,7 0,0 0,1 0,0 0,0 5,0 0,0 0,0 0,0 3,0
LEAF 7,7 0,0 0,1 0,0 0,0 5,0 0,0 0,0 3,0 0,0
LEAF 7,7 0,0 0,1 0,0 0,0 5,0 0,0 3,0 0,0 0,0
LEAF 7,7 0,0 0,1 0,0 0,0 5,0 3,0 0,0 0,0 0,0
LEAF 7,7 0,0 0,1 0,0 0,0 6,0 0,0 0,0 0,0 1,0
LEAF 7,7 0,0 0,1 0,0 0,0 6,0 0,0 0,0 1,0 0,0
LEAF 7,7 0,0 0,1 0,0 0,0 6,0 0,0 1,0 0,0 0,0
LEAF 7,7 0,0 0,1 0,0 0,0 6,0 1,0 0,0 0,0 0,0
LEAF 7,7 0,0 0,1 0,0 0,0 4,2 0,0 0,0 0,0 0,0
LEAF 7,7 0,0 0,1 0,0 1,0 0,0 0,0 0,0 0,0 6,0
LEAF 7,7 0,0 0,1 0,0 1,0 0,0 0,0 6,0 0,0 0,0
LEAF 7,7 0,0 0,1 0,0 1,0 0,0 6,0 0,0 0,0 0,0
LEAF 7,7 0,0 0,1 0,0 3,0 0,0 0,0 0,0 0,0 5,0
LEAF 7,7 0,0 0,1 0,0 3,0 0,0 0,0 5,0 0,0 0,0
LEAF 7,7 0,0 0,1 0,0 3,0 0,0 5,0 0,0 0,0 0,0
LEAF 7,7 0,0 0,1 0,0 5,0 0,0 0,0 0,0 0,0 3,0
LEAF 7,7 0,0 0,1 0,0 5,0 0,0 0,0 3,0 0,0 0,0
LEAF 7,7 0,0 0,1 0,0 5,0 0,0 3,0 0,0 0,0 0,0
LEAF 7,7 0,0 0,1 0,0 6,0 0,0 0,0 0,0 0,0 1,0
LEAF 7,7 0,0 0,1 0,0 6,0 0,0 0,0 0,0 1,0 0,0
LEAF 7,7 0,0 0,1 0,0 6,0 0,0 0,0 1,0 0,0 0,0
LEAF 7,7 0,0 0,1 0,0 6,0 0,0 1,0 0,0 0,0 0,0
LEAF 7,7 0,0 0,1 0,0 6,0 1,0 0,0 0,0 0,0 0,0
LEAF 7,7 0,0 0,1 0,0 4,2 0,0 0,0 0,0 0,0 0,0
LEAF 7,7 0,0 0,1 1,0 0,0 0,0 0,0 0,0 0,0 6,0
LEAF 7,7 0,0 0,1 1,0 0,0 0,0 0,0 6,0 0,0 0,0
LEAF 7,7 0,0 0,1 1,0 0,0 0,0 6,0 0,0 0,0 0,0
LEAF 7,7 0,0 0,1 1,0 6,0 0,0 0,0 0,0 0,0 0,0
LEAF 7,7 0,0 0,1 3,0 0,0 0,0 0,0 0,0 0,0 5,0
LEAF 7,7 0,0 0,1 3,0 0,0 0,0 5,0 0,0 0,0 0,0
LEAF 7,7 0,0 0,1 5,0 0,0 0,0 0,0 0,0 0,0 3,0
LEAF 7,7 0,0 0,1 5,0 0,0 0,0 3,0 0,0 0,0 0,0
LEAF 7,7 0,0 0,1 6,0 0,0 0,0 0,0 0,0 0,0 1,0
LEAF 7,7 0,0 0,1 6,0 0,0 0,0 1,0 0,0 0,0 0,0
LEAF 7,7 0,0 0,1 4,2 0,0 0,0 0,0 0,0 0,0 0,0
LEAF 7,7 0,0 2,1 0,0 0,0 0,0 0,0 0,0 1,0 5,0
LEAF 7,7 0,0 2,1 0,0 0,0 0,0 0,0 0,0 5,0 1,0
LEAF 7,7 0,0 2,1 0,0 0,0 0,0 0,0 1,0 0,0 5,0
LEAF 7,7 0,0 2,1 0,0 0,0 0,0 0,0 5,0 0,0 1,0
LEAF 7,7 0,0 2,1 0,0 0,0 0,0 0,0 5,0 1,0 0,0
LEAF 7,7 0,0 2,1 0,0 0,0 0,0 1,0 0,0 0,0 5,0
LEAF 7,7 0,0 2,1 0,0 0,0 0,0 1,0 5,0 0,0 0,0
LEAF 7,7 0,0 2,1 0,0 0,0 0,0 5,0 0,0 0,0 1,0
LEAF 7,7 0,0 2,1 0,0 0,0 1,0 0,0 0,0 0,0 5,0
LEAF 7,7 0,0 2,1 0,0 0,0 1,0 0,0 0,0 5,0 0,0
LEAF 7,7 0,0 2,1 0,0 0,0 1,0 0,0 5,0 0,0 0,0
LEAF 7,7 0,0 2,1 0,0 0,0 1,0 5,0 0,0 0,0 0,0
LEAF 7,7 0,0 2,1 0,0 0,0 5,0 0,0 0,0 0,0 1,0
LEAF 7,7 0,0 2,1 0,0 0,0 5,0 0,0 0,0 1,0 0,0
LEAF 7,7 0,0 2,1 0,0 0,0 5,0 0,0 1,0 0,0 0,0
LEAF 7,7 0,0 2,1 0,0 0,0 5,0 1,0 0,0 0,0 0,0
LEAF 7,7 0,0 2,1 0,0 1,0 0,0 0,0 0,0 0,0 5,0
LEAF 7,7 0,0 2,1 0,0 1,0 0,0 0,0 5,0 0,0 0,0
LEAF 7,7 0,0 2,1 0,0 1,0 0,0 5,0 0,0 0,0 0,0
LEAF 7,7 0,0 2,1 0,0 5,0 0,0 0,0 0,0 0,0 1,0
LEAF 7,7 0,0 2,1 0,0 5,0 0,0 0,0 0,0 1,0 0,0
LEAF 7,7 0,0 2,1 0,0 5,0 0,0 0,0 1,0 0,0 0,0
LEAF 7,7 0,0 2,1 0,0 5,0 0,0 1,0 0,0 0,0 0,0
LEAF 7,7 0,0 2,1 0,0 5,0 1,0 0,0 0,0 0,0 0,0
LEAF 7,7 0,0 2,1 1,0 0,0 0,0 0,0 0,0 0,0 5,0
LEAF 7,7 0,0 2,1 1,0 0,0 0,0 0,0 5,0 0,0 0,0
LEAF 7,7 0,0 2,1 1,0 0,0 0,0 5,0 0,0 0,0 0,0
LEAF 7,7 0,0 2,1 1,0 5,0 0,0 0,0 0,0 0,0 0,0
LEAF 7,7 0,0 2,1 5,0 0,0 0,0 0,0 0,0 0,0 1,0
LEAF 7,7 0,0 2,1 5,0 0,0 0,0 1,0 0,0 0,0 0,0
LEAF 7,7 0,0 4,1 0,0 0,0 0,0 0,0 0,0 1,0 3,0
LEAF 7,7 0,0 4,1 0,0 0,0 0,0 0,0 0,0 3,0 1,0
LEAF 7,7 0,0 4,1 0,0 0,0 0,0 0,0 1,0 0,0 3,0
LEAF 7,7 0,0 4,1 0,0 0,0 0,0 0,0 3,0 0,0 1,0
LEAF 7,7 0,0 4,1 0,0 0,0 0,0 0,0 3,0 1,0 0,0
LEAF 7,7 0,0 4,1 0,0 0,0 0,0 1,0 0,0 0,0 3,0
LEAF 7,7 0,0 4,1 0,0 0,0 0,0 1,0 3,0 0,0 0,0
LEAF 7,7 0,0 4,1 0,0 0,0 0,0 3,0 0,0 0,0 1,0
LEAF 7,7 0,0 4,1 0,0 0,0 1,0 0,0 0,0 0,0 3,0
LEAF 7,7 0,0 4,1 0,0 0,0 1,0 0,0 0,0 3,0 0,0
LEAF 7,7 0,0 4,1 0,0 0,0 1,0 0,0 3,0 0,0 0,0
LEAF 7,7 0,0 4,1 0,0 0,0 1,0 3,0 0,0 0,0 0,0
LEAF 7,7 0,0 4,1 0,0 0,0 3,0 0,0 0,0 0,0 1,0
LEAF 7,7 0,0 4,1 0,0 0,0 3,0 0,0 0,0 1,0 0,0
LEAF 7,7 0,0 4,1 0,0 0,0 3,0 0,0 1,0 0,0 0,0
LEAF 7,7 0,0 4,1 0,0 0,0 3,0 1,0 0,0 0,0 0,0
LEAF 7,7 0,0 4,1 0,0 1,0 0,0 0,0 0,0 0,0 3,0
LEAF 7,7 0,0 4,1 0,0 1,0 0,0 0,0 3,0 0,0 0,0
LEAF 7,7 0,0 4,1 0,0 1,0 0,0 3,0 0,0 0,0 0,0
LEAF 7,7 0,0 4,1 0,0 3,0 0,0 0,0 0,0 0,0 1,0
LEAF 7,7 0,0 4,1 0,0 3,0 0,0 0,0 0,0 1,0 0,0
LEAF 7,7 0,0 4,1 0,0 3,0 0,0 0,0 1,0 0,0 0,0
LEAF 7,7 0,0 4,1 0,0 3,0 0,0 1,0 0,0 0,0 0,0
LEAF 7,7 0,0 4,1 0,0 3,0 1,0 0,0 0,0 0,0 0,0
LEAF 7,7 0,0 4,1 1,0 0,0 0,0 0,0 0,0 0,0 3,0
LEAF 7,7 0,0 4,1 1,0 0,0 0,0 0,0 3,0 0,0 0,0
LEAF 7,7 0,0 4,1 1,0 0,0 0,0 3,0 0,0 0,0 0,0
LEAF 7,7 0,0 4,1 1,0 3,0 0,0 0,0 0,0 0,0 0,0
LEAF 7,7 0,0 4,1 3,0 0,0 0,0 0,0 0,0 0,0 1,0
LEAF 7,7 0,0 4,1 3,0 0,0 0,0 1,0 0,0 0,0 0,0
LEAF 7,7 0,0 5,1 0,0 0,0 0,0 0,0 0,0 1,0 1,0
LEAF 7,7 0,0 5,1 0,0 0,0 0,0 0,0 1,0 0,0 1,0
LEAF 7,7 0,0 5,1 0,0 0,0 0,0 0,0 1,0 1,0 0,0
LEAF 7,7 0,0 5,1 0,0 0,0 0,0 1,0 0,0 0,0 1,0
LEAF 7,7 0,0 5,1 0,0 0,0 0,0 1,0 0,0 1,0 0,0
LEAF 7,7 0,0 5,1 0,0 0,0 0,0 1,0 1,0 0,0 0,0
LEAF 7,7 0,0 5,1 0,0 0,0 1,0 0,0 0,0 0,0 1,0
LEAF 7,7 0,0 5,1 0,0 0,0 1,0 0,0 0,0 1,0 0,0
LEAF 7,7 0,0 5,1 0,0 0,0 1,0 0,0 1,0 0,0 0,0
LEAF 7,7 0,0 5,1 0,0 0,0 1,0 1,0 0,0 0,0 0,0
LEAF 7,7 0,0 5,1 0,0 1,0 0,0 0,0 0,0 0,0 1,0
LEAF 7,7 0,0 5,1 0,0 1,0 0,0 0,0 0,0 1,0 0,0
LEAF 7,7 0,0 5,1 0,0 1,0 0,0 0,0 1,0 0,0 0,0
LEAF 7,7 0,0 5,1 0,0 1,0 0,0 1,0 0,0 0,0 0,0
LEAF 7,7 0,0 5,1 0,0 1,0 1,0 0,0 0,0 0,0 0,0
LEAF 7,7 0,0 5,1 1,0 0,0 0,0 0,0 0,0 0,0 1,0
LEAF 7,7 0,0 5,1 1,0 0,0 0,0 0,0 0,0 1,0 0,0
LEAF 7,7 0,0 5,1 1,0 0,0 0,0 0,0 1,0 0,0 0,0
LEAF 7,7 0,0 5,1 1,0 0,0 0,0 1,0 0,0 0,0 0,0
LEAF 7,7 0,0 5,1 1,0 0,0 1,0 0,0 0,0 0,0 0,0
LEAF 7,7 0,0 5,1 1,0 1,0 0,0 0,0 0,0 0,0 0,0
LEAF 7,7 0,0 4,2 0,0 0,0 0,0 0,0 0,0 0,0 0,1
LEAF 7,7 0,0 4,2 0,0 0,0 0,0 0,0 0,0 0,1 0,0
LEAF 7,7 0,0 4,2 0,0 0,0 0,0 0,0 0,1 0,0 0,0
LEAF 7,7 0,0 4,2 0,0 0,0 0,0 0,1 0,0 0,0 0,0
LEAF 7,7 0,0 4,2 0,0 0,0 0,1 0,0 0,0 0,0 0,0
LEAF 7,7 0,0 4,2 0,0 0,1 0,0 0,0 0,0 0,0 0,0
LEAF 7,7 0,0 4,2 0,1 0,0 0,0 0,0 0,0 0,0 0,0
LEAF 7,7 0,0 3,3 0,0 0,0 0,0 0,0 0,0 0,0 1,0
LEAF 7,7 0,0 3,3 0,0 0,0 0,0 0,0 0,0 1,0 0,0
LEAF 7,7 0,0 3,3 0,0 0,0 0,0 0,0 1,0 0,0 0,0
LEAF 7,7 0,0 3,3 0,0 0,0 0,0 1,0 0,0 0,0 0,0
LEAF 7,7 0,0 3,3 0,0 0,0 1,0 0,0 0,0 0,0 0,0
LEAF 7,7 0,0 3,3 0,0 1,0 0,0 0,0 0,0 0,0 0,0
LEAF 7,7 0,0 3,3 1,0 0,0 0,0 0,0 0,0 0,0 0,0
LEAF 7,7 1,0 0,0 0,0 0,0 0,0 0,0 0,0 0,0 3,3
LEAF 7,7 1,0 0,0 0,0 0,0 0,0 0,0 0,0 1,0 5,1
LEAF 7,7 1,0 0,0 0,0 0,0 0,0 0,0 0,0 3,0 4,1
LEAF 7,7 1,0 0,0 0,0 0,0 0,0 0,0 0,0 5,0 2,1
LEAF 7,7 1,0 0,0 0,0 0,0 0,0 0,0 0,0 6,0 0,1
LEAF 7,7 1,0 0,0 0,0 0,0 0,0 0,0 0,0 0,1 6,0
LEAF 7,7 1,0 0,0 0,0 0,0 0,0 0,0 0,0 2,1 5,0
LEAF 7,7 1,0 0,0 0,0 0,0 0,0 0,0 0,0 4,1 3,0
LEAF 7,7 1,0 0,0 0,0 0,0 0,0 0,0 0,0 5,1 1,0
LEAF 7,7 1,0 0,0 0,0 0,0 0,0 0,0 0,0 3,3 0,0
LEAF 7,7 1,0 0,0 0,0 0,0 0,0 0,0 1,0 0,0 5,1
LEAF 7,7 1,0 0,0 0,0 0,0 0,0 0,0 3,0 0,0 4,1
LEAF 7,7 1,0 0,0 0,0 0,0 0,0 0,0 5,0 0,0 2,1
LEAF 7,7 1,0 0,0 0,0 0,0 0,0 0,0 6,0 0,0 0,1
LEAF 7,7 1,0 0,0 0,0 0,0 0,0 0,0 0,1 0,0 6,0
LEAF 7,7 1,0 0,0 0,0 0,0 0,0 0,0 2,1 0,0 5,0
LEAF 7,7 1,0 0,0 0,0 0,0 0,0 0,0 4,1 0,0 3,0
LEAF 7,7 1,0 0,0 0,0 0,0 0,0 0,0 5,1 0,0 1,0
LEAF 7,7 1,0 0,0 0,0 0,0 0,0 0,0 5,1 1,0 0,0
LEAF 7,7 1,0 0,0 0,0 0,0 0,0 0,0 3,3 0,0 0,0
LEAF 7,7 1,0 0,0 0,0 0,0 0,0 1,0 0,0 0,0 5,1
LEAF 7,7 1,0 0,0 0,0 0,0 0,0 1,0 5,1 0,0 0,0
LEAF 7,7 1,0 0,0 0,0 0,0 0,0 3,0 0,0 0,0 4,1
LEAF 7,7 1,0 0,0 0,0 0,0 0,0 5,0 0,0 0,0 2,1
LEAF 7,7 1,0 0,0 0,0 0,0 0,0 6,0 0,0 0,0 0,1
LEAF 7,7 1,0 0,0 0,0 0,0 0,0 0,1 0,0 0,0 6,0
LEAF 7,7 1,0 0,0 0,0 0,0 0,0 2,1 0,0 0,0 5,0
LEAF 7,7 1,0 0,0 0,0 0,0 0,0 4,1 0,0 0,0 3,0
LEAF 7,7 1,0 0,0 0,0 0,0 0,0 5,1 0,0 0,0 1,0
LEAF 7,7 1,0 0,0 0,0 0,0 0,0 3,3 0,0 0,0 0,0
LEAF 7,7 1,0 0,0 0,0 0,0 1,0 0,0 0,0 0,0 5,1
LEAF 7,7 1,0 0,0 0,0 0,0 1,0 0,0 0,0 5,1 0,0
LEAF 7,7 1,0 0,0 0,0 0,0 1,0 0,0 5,1 0,0 0,0
LEAF 7,7 1,0 0,0 0,0 0,0 1,0 5,1 0,0 0,0 0,0
LEAF 7,7 1,0 0,0 0,0 0,0 3,0 0,0 0,0 0,0 4,1
LEAF 7,7 1,0 0,0 0,0 0,0 3,0 0,0 0,0 4,1 0,0
LEAF 7,7 1,0 0,0 0,0 0,0 3,0 0,0 4,1 0,0 0,0
LEAF 7,7 1,0 0,0 0,0 0,0 3,0 4,1 0,0 0,0 0,0
LEAF 7,7 1,0 0,0 0,0 0,0 5,0 0,0 0,0 0,0 2,1
LEAF 7,7 1,0 0,0 0,0 0,0 5,0 0,0 0,0 2,1 0,0
LEAF 7,7 1,0 0,0 0,0 0,0 5,0 0,0 2,1 0,0 0,0
LEAF 7,7 1,0 0,0 0,0 0,0 5,0 2,1 0,0 0,0 0,0
LEAF 7,7 1,0 0,0 0,0 0,0 6,0 0,0 0,0 0,0 0,1
LEAF 7,7 1,0 0,0 0,0 0,0 6,0 0,0 0,0 0,1 0,0
LEAF 7,7 1,0 0,0 0,0 0,0 6,0 0,0 0,1 0,0 0,0
LEAF 7,7 1,0 0,0 0,0 0,0 6,0 0,1 0,0 0,0 0,0
LEAF 7,7 1,0 0,0 0,0 0,0 0,1 0,0 0,0 0,0 6,0
LEAF 7,7 1,0 0,0 0,0 0,0 0,1 0,0 0,0 6,0 0,0
LEAF 7,7 1,0 0,0 0,0 0,0 0,1 0,0 6,0 0,0 0,0
LEAF 7,7 1,0 0,0 0,0 0,0 0,1 6,0 0,0 0,0 0,0
LEAF 7,7 1,0 0,0 0,0 0,0 2,1 0,0 0,0 0,0 5,0
LEAF 7,7 1,0 0,0 0,0 0,0 2,1 0,0 0,0 5,0 0,0
LEAF 7,7 1,0 0,0 0,0 0,0 2,1 0,0 5,0 0,0 0,0
LEAF 7,7 1,0 0,0 0,0 0,0 2,1 5,0 0,0 0,0 0,0
LEAF 7,7 1,0 0,0 0,0 0,0 4,1 0,0 0,0 0,0 3,0
LEAF 7,7 1,0 0,0 0,0 0,0 4,1 0,0 0,0 3,0 0,0
LEAF 7,7 1,0 0,0 0,0 0,0 4,1 0,0 3,0 0,0 0,0
LEAF 7,7 1,0 0,0 0,0 0,0 4,1 3,0 0,0 0,0 0,0
LEAF 7,7 1,0 0,0 0,0 0,0 5,1 0,0 0,0 0,0 1,0
LEAF 7,7 1,0 0,0 0,0 0,0 5,1 0,0 0,0 1,0 0,0
LEAF 7,7 1,0 0,0 0,0 0,0 5,1 0,0 1,0 0,0 0,0
LEAF 7,7 1,0 0,0 0,0 0,0 5,1 1,0 0,0 0,0 0,0
LEAF 7,7 1,0 0,0 0,0 0,0 3,3 0,0 0,0 0,0 0,0
LEAF 7,7 1,0 0,0 0,0 1,0 0,0 0,0 0,0 0,0 5,1
LEAF 7,7 1,0 0,0 0,0 1,0 0,0 0,0 5,1 0,0 0,0
LEAF 7,7 1,0 0,0 0,0 1,0 0,0 5,1 0,0 0,0 0,0
LEAF 7,7 1,0 0,0 0,0 3,0 0,0 0,0 0,0 0,0 4,1
LEAF 7,7 1,0 0,0 0,0 3,0 0,0 0,0 4,1 0,0 0,0
LEAF 7,7 1,0 0,0 0,0 3,0 0,0 4,1 0,0 0,0 0,0
LEAF 7,7 1,0 0,0 0,0 5,0 0,0 0,0 0,0 0,0 2,1
LEAF 7,7 1,0 0,0 0,0 5,0 0,0 0,0 2,1 0,0 0,0
LEAF 7,7 1,0 0,0 0,0 5,0 0,0 2,1 0,0 0,0 0,0
LEAF 7,7 1,0 0,0 0,0 6,0 0,0 0,0 0,0 0,0 0,1
LEAF 7,7 1,0 0,0 0,0 6,0 0,0 0,0 0,1 0,0 0,0
LEAF 7,7 1,0 0,0 0,0 6,0 0,0 0,1 0,0 0,0 0,0
LEAF 7,7 1,0 0,0 0,0 0,1 0,0 0,0 0,0 0,0 6,0
LEAF 7,7 1,0 0,0 0,0 0,1 0,0 0,0 6,0 0,0 0,0
LEAF 7,7 1,0 0,0 0,0 0,1 0,0 6,0 0,0 0,0 0,0
LEAF 7,7 1,0 0,0 0,0 2,1 0,0 0,0 0,0 0,0 5,0
LEAF 7,7 1,0 0,0 0,0 2,1 0,0 0,0 5,0 0,0 0,0
LEAF 7,7 1,0 0,0 0,0 2,1 0,0 5,0 0,0 0,0 0,0
LEAF 7,7 1,0 0,0 0,0 4,1 0,0 0,0 0,0 0,0 3,0
LEAF 7,7 1,0 0,0 0,0 4,1 0,0 0,0 3,0 0,0 0,0
LEAF 7,7 1,0 0,0 0,0 4,1 0,0 3,0 0,0 0,0 0,0
LEAF 7,7 1,0 0,0 0,0 5,1 0,0 0,0 0,0 0,0 1,0
LEAF 7,7 1,0 0,0 0,0 5,1 0,0 0,0 0,0 1,0 0,0
LEAF 7,7 1,0 0,0 0,0 5,1 0,0 0,0 1,0 0,0 0,0
LEAF 7,7 1,0 0,0 0,0 5,1 0,0 1,0 0,0 0,0 0,0
LEAF 7,7 1,0 0,0 0,0 5,1 1,0 0,0 0,0 0,0 0,0
LEAF 7,7 1,0 0,0 0,0 3,3 0,0 0,0 0,0 0,0 0,0
LEAF 7,7 1,0 0,0 1,0 0,0 0,0 0,0 0,0 0,0 5,1
LEAF 7,7 1,0 0,0 1,0 0,0 0,0 0,0 5,1 0,0 0,0
LEAF 7,7 1,0 0,0 1,0 0,0 0,0 5,1 0,0 0,0 0,0
LEAF 7,7 1,0 0,0 1,0 5,1 0,0 0,0 0,0 0,0 0,0
LEAF 7,7 1,0 0,0 3,0 0,0 0,0 0,0 0,0 0,0 4,1
LEAF 7,7 1,0 0,0 3,0 0,0 0,0 4,1 0,0 0,0 0,0
LEAF 7,7 1,0 0,0 5,0 0,0 0,0 0,0 0,0 0,0 2,1
LEAF 7,7 1,0 0,0 5,0 0,0 0,0 2,1 0,0 0,0 0,0
LEAF 7,7 1,0 0,0 6,0 0,0 0,0 0,0 0,0 0,0 0,1
LEAF 7,7 1,0 0,0 6,0 0,0 0,0 0,1 0,0 0,0 0,0
LEAF 7,7 1,0 0,0 0,1 0,0 0,0 0,0 0,0 0,0 6,0
LEAF 7,7 1,0 0,0 0,1 0,0 0,0 6,0 0,0 0,0 0,0
LEAF 7,7 1,0 0,0 2,1 0,0 0,0 0,0 0,0 0,0 5,0
LEAF 7,7 1,0 0,0 2,1 0,0 0,0 5,0 0,0 0,0 0,0
LEAF 7,7 1,0 0,0 4,1 0,0 0,0 0,0 0,0 0,0 3,0
LEAF 7,7 1,0 0,0 4,1 0,0 0,0 3,0 0,0 0,0 0,0
LEAF 7,7 1,0 0,0 5,1 0,0 0,0 0,0 0,0 0,0 1,0
LEAF 7,7 1,0 0,0 5,1 0,0 0,0 1,0 0,0 0,0 0,0
LEAF 7,7 1,0 0,0 3,3 0,0 0,0 0,0 0,0 0,0 0,0
LEAF 7,7 1,0 1,0 0,0 0,0 0,0 0,0 0,0 0,0 5,1
LEAF 7,7 1,0 1,0 0,0 0,0 0,0 0,0 0,0 5,1 0,0
LEAF 7,7 1,0 1,0 0,0 0,0 0,0 0,0 5,1 0,0 0,0
LEAF 7,7 1,0 1,0 0,0 0,0 0,0 5,1 0,0 0,0 0,0
LEAF 7,7 1,0 1,0 0,0 0,0 5,1 0,0 0,0 0,0 0,0
LEAF 7,7 1,0 1,0 0,0 5,1 0,0 0,0 0,0 0,0 0,0
LEAF 7,7 1,0 1,0 5,1 0,0 0,0 0,0 0,0 0,0 0,0
LEAF 7,7 1,0 3,0 0,0 0,0 0,0 0,0 0,0 0,0 4,1
LEAF 7,7 1,0 3,0 0,0 0,0 0,0 0,0 0,0 4,1 0,0
LEAF 7,7 1,0 3,0 0,0 0,0 0,0 0,0 4,1 0,0 0,0
LEAF 7,7 1,0 3,0 0,0 0,0 0,0 4,1 0,0 0,0 0,0
LEAF 7,7 1,0 3,0 0,0 0,0 4,1 0,0 0,0 0,0 0,0
LEAF 7,7 1,0 3,0 0,0 4,1 0,0 0,0 0,0 0,0 0,0
LEAF 7,7 1,0 3,0 4,1 0,0 0,0 0,0 0,0 0,0 0,0
LEAF 7,7 1,0 5,0 0,0 0,0 0,0 0,0 0,0 0,0 2,1
LEAF 7,7 1,0 5,0 0,0 0,0 0,0 0,0 0,0 2,1 0,0
LEAF 7,7 1,0 5,0 0,0 0,0 0,0 0,0 2,1 0,0 0,0
LEAF 7,7 1,0 5,0 0,0 0,0 0,0 2,1 0,0 0,0 0,0
LEAF 7,7 1,0 5,0 0,0 0,0 2,1 0,0 0,0 0,0 0,0
LEAF 7,7 1,0 5,0 0,0 2,1 0,0 0,0 0,0 0,0 0,0
LEAF 7,7 1,0 5,0 2,1 0,0 0,0 0,0 0,0 0,0 0,0
LEAF 7,7 1,0 6,0 0,0 0,0 0,0 0,0 0,0 0,0 0,1
LEAF 7,7 1,0 6,0 0,0 0,0 0,0 0,0 0,0 0,1 0,0
LEAF 7,7 1,0 6,0 0,0 0,0 0,0 0,0 0,1 0,0 0,0
LEAF 7,7 1,0 6,0 0,0 0,0 0,0 0,1 0,0 0,0 0,0
LEAF 7,7 1,0 6,0 0,0 0,0 0,1 0,0 0,0 0,0 0,0
LEAF 7,7 1,0 6,0 0,0 0,1 0,0 0,0 0,0 0,0 0,0
LEAF 7,7 1,0 6,0 0,1 0,0 0,0 0,0 0,0 0,0 0,0
LEAF 7,7 1,0 0,1 0,0 0,0 0,0 0,0 0,0 0,0 6,0
LEAF 7,7 1,0 0,1 0,0 0,0 0,0 0,0 0,0 6,0 0,0
LEAF 7,7 1,0 0,1 0,0 0,0 0,0 0,0 6,0 0,0 0,0
LEAF 7,7 1,0 0,1 0,0 0,0 0,0 6,0 0,0 0,0 0,0
LEAF 7,7 1,0 0,1 0,0 0,0 6,0 0,0 0,0 0,0 0,0
LEAF 7,7 1,0 0,1 0,0 6,0 0,0 0,0 0,0 0,0 0,0
LEAF 7,7 1,0 0,1 6,0 0,0 0,0 0,0 0,0 0,0 0,0
LEAF 7,7 1,0 2,1 0,0 0,0 0,0 0,0 0,0 0,0 5,0
LEAF 7,7 1,0 2,1 0,0 0,0 0,0 0,0 0,0 5,0 0,0
LEAF 7,7 1,0 2,1 0,0 0,0 0,0 0,0 5,0 0,0 0,0
LEAF 7,7 1,0 2,1 0,0 0,0 0,0 5,0 0,0 0,0 0,0
LEAF 7,7 1,0 2,1 0,0 0,0 5,0 0,0 0,0 0,0 0,0
LEAF 7,7 1,0 2,1 0,0 5,0 0,0 0,0 0,0 0,0 0,0
LEAF 7,7 1,0 2,1 5,0 0,0 0,0 0,0 0,0 0,0 0,0
LEAF 7,7 1,0 4,1 0,0 0,0 0,0 0,0 0,0 0,0 3,0
LEAF 7,7 1,0 4,1 0,0 0,0 0,0 0,0 0,0 3,0 0,0
LEAF 7,7 1,0 4,1 0,0 0,0 0,0 0,0 3,0 0,0 0,0
LEAF 7,7 1,0 4,1 0,0 0,0 0,0 3,0 0,0 0,0 0,0
LEAF 7,7 1,0 4,1 0,0 0,0 3,0 0,0 0,0 0,0 0,0
LEAF 7,7 1,0 4,1 0,0 3,0 0,0 0,0 0,0 0,0 0,0
LEAF 7,7 1,0 4,1 3,0 0,0 0,0 0,0 0,0 0,0 0,0
LEAF 7,7 1,0 5,1 0,0 0,0 0,0 0,0 0,0 0,0 1,0
LEAF 7,7 1,0 5,1 0,0 0,0 0,0 0,0 0,0 1,0 0,0
LEAF 7,7 1,0 5,1 0,0 0,0 0,0 0,0 1,0 0,0 0,0
LEAF 7,7 1,0 5,1 0,0 0,0 0,0 1,0 0,0 0,0 0,0
LEAF 7,7 1,0 5,1 0,0 0,0 1,0 0,0 0,0 0,0 0,0
LEAF 7,7 1,0 5,1 0,0 1,0 0,0 0,0 0,0 0,0 0,0
LEAF 7,7 1,0 5,1 1,0 0,0 0,0 0,0 0,0 0,0 0,0
LEAF 7,7 1,0 3,3 0,0 0,0 0,0 0,0 0,0 0,0 0,0
LEAF 7,7 2,0 0,0 0,0 0,0 0,0 0,0 0,0 0,0 6,0
LEAF 7,7 2,0 0,0 0,0 0,0 0,0 0,0 6,0 0,0 0,0
LEAF 7,7 2,0 0,0 0,0 0,0 0,0 6,0 0,0 0,0 0,0
LEAF 7,7 2,0 0,0 0,0 6,0 0,0 0,0 0,0 0,0 0,0
LEAF 7,7 2,0 0,0 6,0 0,0 0,0 0,0 0,0 0,0 0,0
LEAF 7,7 3,0 0,0 0,0 0,0 0,0 0,0 0,0 1,0 4,1
LEAF 7,7 3,0 0,0 0,0 0,0 0,0 0,0 1,0 0,0 4,1
LEAF 7,7 3,0 0,0 0,0 0,0 0,0 0,0 5,0 0,0 0,1
LEAF 7,7 3,0 0,0 0,0 0,0 0,0 0,0 0,1 0,0 5,0
LEAF 7,7 3,0 0,0 0,0 0,0 0,0 0,0 4,1 0,0 1,0
LEAF 7,7 3,0 0,0 0,0 0,0 0,0 0,0 4,1 1,0 0,0
LEAF 7,7 3,0 0,0 0,0 0,0 0,0 1,0 0,0 0,0 4,1
LEAF 7,7 3,0 0,0 0,0 0,0 0,0 5,0 0,0 0,0 0,1
LEAF 7,7 3,0 0,0 0,0 0,0 0,0 0,1 0,0 0,0 5,0
LEAF 7,7 3,0 0,0 0,0 0,0 0,0 4,1 0,0 0,0 1,0
LEAF 7,7 3,0 0,0 0,0 0,0 1,0 0,0 0,0 0,0 4,1
LEAF 7,7 3,0 0,0 0,0 0,0 1,0 4,1 0,0 0,0 0,0
LEAF 7,7 3,0 0,0 0,0 1,0 0,0 0,0 0,0 0,0 4,1
LEAF 7,7 3,0 0,0 0,0 1,0 0,0 0,0 4,1 0,0 0,0
LEAF 7,7 3,0 0,0 0,0 1,0 0,0 4,1 0,0 0,0 0,0
LEAF 7,7 3,0 0,0 0,0 5,0 0,0 0,0 0,0 0,0 0,1
LEAF 7,7 3,0 0,0 0,0 5,0 0,0 0,0 0,1 0,0 0,0
LEAF 7,7 3,0 0,0 0,0 5,0 0,0 0,1 0,0 0,0 0,0
LEAF 7,7 3,0 0,0 0,0 0,1 0,0 0,0 0,0 0,0 5,0
LEAF 7,7 3,0 0,0 0,0 0,1 0,0 0,0 5,0 0,0 0,0
LEAF 7,7 3,0 0,0 0,0 0,1 0,0 5,0 0,0 0,0 0,0
LEAF 7,7 3,0 0,0 0,0 4,1 0,0 0,0 0,0 0,0 1,0
LEAF 7,7 3,0 0,0 0,0 4,1 0,0 0,0 0,0 1,0 0,0
LEAF 7,7 3,0 0,0 0,0 4,1 0,0 0,0 1,0 0,0 0,0
LEAF 7,7 3,0 0,0 0,0 4,1 0,0 1,0 0,0 0,0 0,0
LEAF 7,7 3,0 0,0 0,0 4,1 1,0 0,0 0,0 0,0 0,0
LEAF 7,7 3,0 0,0 1,0 0,0 0,0 0,0 0,0 0,0 4,1
LEAF 7,7 3,0 0,0 1,0 0,0 0,0 4,1 0,0 0,0 0,0
LEAF 7,7 3,0 0,0 5,0 0,0 0,0 0,0 0,0 0,0 0,1
LEAF 7,7 3,0 0,0 5,0 0,0 0,0 0,1 0,0 0,0 0,0
LEAF 7,7 3,0 0,0 0,1 0,0 0,0 0,0 0,0 0,0 5,0
LEAF 7,7 3,0 0,0 0,1 0,0 0,0 5,0 0,0 0,0 0,0
LEAF 7,7 3,0 0,0 4,1 0,0 0,0 0,0 0,0 0,0 1,0
LEAF 7,7 3,0 0,0 4,1 0,0 0,0 1,0 0,0 0,0 0,0
LEAF 7,7 3,0 1,0 0,0 0,0 0,0 0,0 0,0 0,0 4,1
LEAF 7,7 3,0 1,0 0,0 0,0 0,0 4,1 0,0 0,0 0,0
LEAF 7,7 3,0 1,0 4,1 0,0 0,0 0,0 0,0 0,0 0,0
LEAF 7,7 0,1 0,0 0,0 0,0 0,0 0,0 0,0 0,0 4,2
LEAF 7,7 0,1 0,0 0,0 0,0 0,0 0,0 0,0 1,0 6,0
LEAF 7,7 0,1 0,0 0,0 0,0 0,0 0,0 1,0 0,0 6,0
LEAF 7,7 0,1 0,0 0,0 0,0 0,0 0,0 3,0 0,0 5,0
LEAF 7,7 0,1 0,0 0,0 0,0 0,0 0,0 5,0 0,0 3,0
LEAF 7,7 0,1 0,0 0,0 0,0 0,0 0,0 6,0 0,0 1,0
LEAF 7,7 0,1 0,0 0,0 0,0 0,0 0,0 6,0 1,0 0,0
LEAF 7,7 0,1 0,0 0,0 0,0 0,0 0,0 4,2 0,0 0,0
LEAF 7,7 0,1 0,0 0,0 0,0 0,0 1,0 0,0 0,0 6,0
LEAF 7,7 0,1 0,0 0,0 0,0 0,0 3,0 0,0 0,0 5,0
LEAF 7,7 0,1 0,0 0,0 0,0 0,0 5,0 0,0 0,0 3,0
LEAF 7,7 0,1 0,0 0,0 0,0 0,0 6,0 0,0 0,0 1,0
LEAF 7,7 0,1 0,0 0,0 0,0 0,0 4,2 0,0 0,0 0,0
LEAF 7,7 0,1 0,0 0,0 0,0 1,0 0,0 0,0 0,0 6,0
LEAF 7,7 0,1 0,0 0,0 0,0 1,0 6,0 0,0 0,0 0,0
LEAF 7,7 0,1 0,0 0,0 1,0 0,0 0,0 0,0 0,0 6,0
LEAF 7,7 0,1 0,0 0,0 1,0 0,0 0,0 6,0 0,0 0,0
LEAF 7,7 0,1 0,0 0,0 1,0 0,0 6,0 0,0 0,0 0,0
LEAF 7,7 0,1 0,0 0,0 3,0 0,0 0,0 0,0 0,0 5,0
LEAF 7,7 0,1 0,0 0,0 3,0 0,0 0,0 5,0 0,0 0,0
LEAF 7,7 0,1 0,0 0,0 3,0 0,0 5,0 0,0 0,0 0,0
LEAF 7,7 0,1 0,0 0,0 5,0 0,0 0,0 0,0 0,0 3,0
LEAF 7,7 0,1 0,0 0,0 5,0 0,0 0,0 3,0 0,0 0,0
LEAF 7,7 0,1 0,0 0,0 5,0 0,0 3,0 0,0 0,0 0,0
LEAF 7,7 0,1 0,0 0,0 6,0 0,0 0,0 0,0 0,0 1,0
LEAF 7,7 0,1 0,0 0,0 6,0 0,0 0,0 0,0 1,0 0,0
LEAF 7,7 0,1 0,0 0,0 6,0 0,0 0,0 1,0 0,0 0,0
LEAF 7,7 0,1 0,0 0,0 6,0 0,0 1,0 0,0 0,0 0,0
LEAF 7,7 0,1 0,0 0,0 6,0 1,0 0,0 0,0 0,0 0,0
LEAF 7,7 0,1 0,0 0,0 4,2 0,0 0,0 0,0 0,0 0,0
LEAF 7,7 0,1 0,0 1,0 0,0 0,0 0,0 0,0 0,0 6,0
LEAF 7,7 0,1 0,0 1,0 0,0 0,0 6,0 0,0 0,0 0,0
LEAF 7,7 0,1 0,0 3,0 0,0 0,0 0,0 0,0 0,0 5,0
LEAF 7,7 0,1 0,0 3,0 0,0 0,0 5,0 0,0 0,0 0,0
LEAF 7,7 0,1 0,0 5,0 0,0 0,0 0,0 0,0 0,0 3,0
LEAF 7,7 0,1 0,0 5,0 0,0 0,0 3,0 0,0 0,0 0,0
LEAF 7,7 0,1 0,0 6,0 0,0 0,0 0,0 0,0 0,0 1,0
LEAF 7,7 0,1 0,0 6,0 0,0 0,0 1,0 0,0 0,0 0,0
LEAF 7,7 0,1 0,0 4,2 0,0 0,0 0,0 0,0 0,0 0,0
LEAF 7,7 0,1 1,0 0,0 0,0 0,0 0,0 0,0 0,0 6,0
LEAF 7,7 0,1 1,0 0,0 0,0 0,0 6,0 0,0 0,0 0,0
LEAF 7,7 0,1 1,0 6,0 0,0 0,0 0,0 0,0 0,0 0,0
LEAF 7,7 2,1 0,0 0,0 0,0 0,0 0,0 0,0 1,0 5,0
LEAF 7,7 2,1 0,0 0,0 0,0 0,0 0,0 1,0 0,0 5,0
LEAF 7,7 2,1 0,0 0,0 0,0 0,0 0,0 5,0 0,0 1,0
LEAF 7,7 2,1 0,0 0,0 0,0 0,0 0,0 5,0 1,0 0,0
LEAF 7,7 2,1 0,0 0,0 0,0 0,0 1,0 0,0 0,0 5,0
LEAF 7,7 2,1 0,0 0,0 0,0 0,0 5,0 0,0 0,0 1,0
LEAF 7,7 2,1 0,0 0,0 0,0 1,0 0,0 0,0 0,0 5,0
LEAF 7,7 2,1 0,0 0,0 0,0 1,0 5,0 0,0 0,0 0,0
LEAF 7,7 2,1 0,0 0,0 1,0 0,0 0,0 0,0 0,0 5,0
LEAF 7,7 2,1 0,0 0,0 1,0 0,0 0,0 5,0 0,0 0,0
LEAF 7,7 2,1 0,0 0,0 1,0 0,0 5,0 0,0 0,0 0,0
LEAF 7,7 2,1 0,0 0,0 5,0 0,0 0,0 0,0 0,0 1,0
LEAF 7,7 2,1 0,0 0,0 5,0 0,0 0,0 0,0 1,0 0,0
LEAF 7,7 2,1 0,0 0,0 5,0 0,0 0,0 1,0 0,0 0,0
LEAF 7,7 2,1 0,0 0,0 5,0 0,0 1,0 0,0 0,0 0,0
LEAF 7,7 2,1 0,0 0,0 5,0 1,0 0,0 0,0 0,0 0,0
LEAF 7,7 2,1 0,0 1,0 0,0 0,0 0,0 0,0 0,0 5,0
LEAF 7,7 2,1 0,0 1,0 0,0 0,0 5,0 0,0 0,0 0,0
LEAF 7,7 2,1 0,0 5,0 0,0 0,0 0,0 0,0 0,0 1,0
LEAF 7,7 2,1 0,0 5,0 0,0 0,0 1,0 0,0 0,0 0,0
LEAF 7,7 2,1 1,0 0,0 0,0 0,0 0,0 0,0 0,0 5,0
LEAF 7,7 2,1 1,0 0,0 0,0 0,0 5,0 0,0 0,0 0,0
LEAF 7,7 2,1 1,0 5,0 0,0 0,0 0,0 0,0 0,0 0,0
LEAF 8,7 0,0 0,0 0,0 0,0 0,0 0,0 0,0 0,0 2,1
LEAF 8,7 0,0 0,0 0,0 0,0 0,0 0,0 0,0 0,0 2,2
LEAF 8,7 0,0 0,0 0,0 0,0 0,0 1,0 0,0 0,0 4,0
LEAF 8,7 0,0 0,0 0,0 0,0 0,0 1,0 0,0 0,0 8,0
LEAF 8,7 0,0 0,0 0,0 0,0 0,0 2,0 0,0 0,0 2,0
LEAF 8,7 0,0 0,0 0,0 0,0 0,0 2,0 0,0 0,0 7,0
LEAF 8,7 0,0 0,0 0,0 0,0 0,0 2,0 0,0 0,0 1,2
LEAF 8,7 0,0 0,0 0,0 0,0 0,0 3,0 0,0 0,0 0,2
LEAF 8,7 0,0 0,0 0,0 0,0 0,0 4,0 0,0 0,0 1,0
LEAF 8,7 0,0 0,0 0,0 0,0 0,0 0,1 0,0 0,0 0,2
LEAF 8,7 0,0 0,0 0,0 0,0 0,0 1,1 0,0 0,0 2,1
LEAF 8,7 0,0 0,0 0,0 0,0 0,0 2,1 0,0 0,0 0,0
LEAF 8,7 0,0 0,0 0,0 0,0 0,0 2,1 0,0 0,0 1,1
LEAF 8,7 0,0 0,0 0,0 0,0 0,0 0,2 0,0 0,0 3,0
LEAF 8,7 0,0 0,0 0,0 0,0 0,0 0,2 0,0 0,0 0,1
LEAF 8,7 0,0 0,0 0,0 0,0 0,0 1,2 0,0 0,0 2,0
LEAF 8,7 0,0 0,0 0,0 0,0 0,0 2,2 0,0 0,0 0,0
LEAF 8,7 0,0 0,0 1,0 0,0 0,0 0,0 0,0 0,0 4,0
LEAF 8,7 0,0 0,0 1,0 0,0 0,0 0,0 0,0 0,0 8,0
LEAF 8,7 0,0 0,0 1,0 0,0 0,0 1,0 0,0 0,0 1,1
LEAF 8,7 0,0 0,0 1,0 0,0 0,0 1,0 0,0 0,0 0,3
LEAF 8,7 0,0 0,0 1,0 0,0 0,0 2,0 0,0 0,0 3,0
LEAF 8,7 0,0 0,0 1,0 0,0 0,0 2,0 0,0 0,0 0,1
LEAF 8,7 0,0 0,0 1,0 0,0 0,0 3,0 0,0 0,0 2,0
LEAF 8,7 0,0 0,0 1,0 0,0 0,0 4,0 0,0 0,0 0,0
LEAF 8,7 0,0 0,0 1,0 0,0 0,0 0,1 0,0 0,0 2,0
LEAF 8,7 0,0 0,0 1,0 0,0 0,0 0,1 0,0 0,0 1,2
LEAF 8,7 0,0 0,0 1,0 0,0 0,0 1,1 0,0 0,0 1,0
LEAF 8,7 0,0 0,0 1,0 0,0 0,0 0,2 0,0 0,0 0,2
LEAF 8,7 0,0 0,0 1,0 0,0 0,0 1,2 0,0 0,0 0,1
LEAF 8,7 0,0 0,0 1,0 0,0 0,0 0,3 0,0 0,0 1,0
LEAF 8,7 0,0 0,0 2,0 0,0 0,0 0,0 0,0 0,0 2,0
LEAF 8,7 0,0 0,0 2,0 0,0 0,0 0,0 0,0 0,0 7,0
LEAF 8,7 0,0 0,0 2,0 0,0 0,0 0,0 0,0 0,0 1,2
LEAF 8,7 0,0 0,0 2,0 0,0 0,0 1,0 0,0 0,0 3,0
LEAF 8,7 0,0 0,0 2,0 0,0 0,0 1,0 0,0 0,0 0,1
LEAF 8,7 0,0 0,0 2,0 0,0 0,0 2,0 0,0 0,0 0,0
LEAF 8,7 0,0 0,0 2,0 0,0 0,0 2,0 0,0 0,0 1,1
LEAF 8,7 0,0 0,0 2,0 0,0 0,0 0,1 0,0 0,0 1,0
LEAF 8,7 0,0 0,0 3,0 0,0 0,0 0,0 0,0 0,0 0,2
LEAF 8,7 0,0 0,0 3,0 0,0 0,0 1,0 0,0 0,0 2,0
LEAF 8,7 0,0 0,0 4,0 0,0 0,0 0,0 0,0 0,0 1,0
LEAF 8,7 0,0 0,0 4,0 0,0 0,0 1,0 0,0 0,0 0,0
LEAF 8,7 0,0 0,0 0,1 0,0 0,0 0,0 0,0 0,0 0,2
LEAF 8,7 0,0 0,0 0,1 0,0 0,0 1,0 0,0 0,0 2,0
LEAF 8,7 0,0 0,0 0,1 0,0 0,0 1,0 0,0 0,0 1,2
LEAF 8,7 0,0 0,0 0,1 0,0 0,0 2,0 0,0 0,0 1,0
LEAF 8,7 0,0 0,0 0,1 0,0 0,0 0,1 0,0 0,0 2,1
LEAF 8,7 0,0 0,0 0,1 0,0 0,0 1,1 0,0 0,0 0,2
LEAF 8,7 0,0 0,0 0,1 0,0 0,0 2,1 0,0 0,0 0,1
LEAF 8,7 0,0 0,0 0,1 0,0 0,0 0,2 0,0 0,0 0,0
LEAF 8,7 0,0 0,0 0,1 0,0 0,0 0,2 0,0 0,0 1,1
LEAF 8,7 0,0 0,0 0,1 0,0 0,0 1,2 0,0 0,0 1,0
LEAF 8,7 0,0 0,0 1,1 0,0 0,0 0,0 0,0 0,0 2,1
LEAF 8,7 0,0 0,0 1,1 0,0 0,0 1,0 0,0 0,0 1,0
LEAF 8,7 0,0 0,0 1,1 0,0 0,0 0,1 0,0 0,0 0,2
LEAF 8,7 0,0 0,0 2,1 0,0 0,0 0,0 0,0 0,0 0,0
LEAF 8,7 0,0 0,0 2,1 0,0 0,0 0,0 0,0 0,0 1,1
LEAF 8,7 0,0 0,0 2,1 0,0 0,0 0,1 0,0 0,0 0,1
LEAF 8,7 0,0 0,0 0,2 0,0 0,0 0,0 0,0 0,0 3,0
LEAF 8,7 0,0 0,0 0,2 0,0 0,0 0,0 0,0 0,0 0,1
LEAF 8,7 0,0 0,0 0,2 0,0 0,0 1,0 0,0 0,0 0,2
LEAF 8,7 0,0 0,0 0,2 0,0 0,0 0,1 0,0 0,0 0,0
LEAF 8,7 0,0 0,0 0,2 0,0 0,0 0,1 0,0 0,0 1,1
LEAF 8,7 0,0 0,0 1,2 0,0 0,0 0,0 0,0 0,0 2,0
LEAF 8,7 0,0 0,0 1,2 0,0 0,0 1,0 0,0 0,0 0,1
LEAF 8,7 0,0 0,0 1,2 0,0 0,0 0,1 0,0 0,0 1,0
LEAF 8,7 0,0 0,0 2,2 0,0 0,0 0,0 0,0 0,0 0,0
LEAF 8,7 0,0 0,0 0,3 0,0 0,0 1,0 0,0 0,0 1,0
LEAF 9,7 0,0 0,0 0,0 0,0 0,0 0,0 0,0 0,0 4,2
LEAF 9,7 0,0 0,0 0,0 0,0 0,0 0,0 0,0 0,0 2,3
LEAF 9,7 0,0 0,0 0,0 0,0 0,0 1,0 0,0 0,0 6,0
LEAF 9,7 0,0 0,0 0,0 0,0 0,0 1,0 0,0 0,0 4,1
LEAF 9,7 0,0 0,0 0,0 0,0 0,0 3,0 0,0 0,0 4,0
LEAF 9,7 0,0 0,0 0,0 0,0 0,0 3,0 0,0 0,0 5,0
LEAF 9,7 0,0 0,0 0,0 0,0 0,0 4,0 0,0 0,0 3,0
LEAF 9,7 0,0 0,0 0,0 0,0 0,0 5,0 0,0 0,0 3,0
LEAF 9,7 0,0 0,0 0,0 0,0 0,0 5,0 0,0 0,0 0,1
LEAF 9,7 0,0 0,0 0,0 0,0 0,0 6,0 0,0 0,0 1,0
LEAF 9,7 0,0 0,0 0,0 0,0 0,0 0,1 0,0 0,0 5,0
LEAF 9,7 0,0 0,0 0,0 0,0 0,0 4,1 0,0 0,0 1,0
LEAF 9,7 0,0 0,0 0,0 0,0 0,0 4,2 0,0 0,0 0,0
LEAF 9,7 0,0 0,0 0,0 0,0 0,0 2,3 0,0 0,0 0,0
LEAF 9,7 0,0 0,0 1,0 0,0 0,0 0,0 0,0 0,0 6,0
LEAF 9,7 0,0 0,0 1,0 0,0 0,0 0,0 0,0 0,0 4,1
LEAF 9,7 0,0 0,0 1,0 0,0 0,0 6,0 0,0 0,0 0,0
LEAF 9,7 0,0 0,0 1,0 0,0 0,0 4,1 0,0 0,0 0,0
LEAF 9,7 0,0 0,0 3,0 0,0 0,0 0,0 0,0 0,0 4,0
LEAF 9,7 0,0 0,0 3,0 0,0 0,0 0,0 0,0 0,0 5,0
LEAF 9,7 0,0 0,0 4,0 0,0 0,0 0,0 0,0 0,0 3,0
LEAF 9,7 0,0 0,0 5,0 0,0 0,0 0,0 0,0 0,0 3,0
LEAF 9,7 0,0 0,0 5,0 0,0 0,0 0,0 0,0 0,0 0,1
LEAF 9,7 0,0 0,0 5,0 0,0 0,0 0,1 0,0 0,0 0,0
LEAF 9,7 0,0 0,0 6,0 0,0 0,0 0,0 0,0 0,0 1,0
LEAF 9,7 0,0 0,0 6,0 0,0 0,0 1,0 0,0 0,0 0,0
LEAF 9,7 0,0 0,0 0,1 0,0 0,0 0,0 0,0 0,0 5,0
LEAF 9,7 0,0 0,0 0,1 0,0 0,0 5,0 0,0 0,0 0,0
LEAF 9,7 0,0 0,0 4,1 0,0 0,0 0,0 0,0 0,0 1,0
LEAF 9,7 0,0 0,0 4,1 0,0 0,0 1,0 0,0 0,0 0,0
LEAF 9,7 0,0 0,0 4,2 0,0 0,0 0,0 0,0 0,0 0,0
LEAF 9,7 0,0 0,0 2,3 0,0 0,0 0,0 0,0 0,0 0,0
LEAF 10,7 0,0 0,0 0,0 0,0 0,0 0,0 0,0 0,0 2,0
LEAF 10,7 0,0 0,0 0,0 0,0 0,0 0,0 0,0 0,0 1,2
LEAF 10,7 0,0 0,0 0,0 0,0 0,0 1,0 0,0 0,0 3,0
LEAF 10,7 0,0 0,0 0,0 0,0 0,0 1,0 0,0 0,0 0,1
LEAF 10,7 0,0 0,0 0,0 0,0 0,0 2,0 0,0 0,0 0,0
LEAF 10,7 0,0 0,0 0,0 0,0 0,0 2,0 0,0 0,0 1,1
LEAF 10,7 0,0 0,0 0,0 0,0 0,0 3,0 0,0 0,0 1,0
LEAF 10,7 0,0 0,0 0,0 0,0 0,0 0,1 0,0 0,0 1,0
LEAF 10,7 0,0 0,0 0,0 0,0 0,0 1,1 0,0 0,0 2,0
LEAF 10,7 0,0 0,0 0,0 0,0 0,0 1,2 0,0 0,0 0,0
LEAF 10,7 0,0 0,0 1,0 0,0 0,0 0,0 0,0 0,0 3,0
LEAF 10,7 0,0 0,0 1,0 0,0 0,0 0,0 0,0 0,0 0,1
LEAF 10,7 0,0 0,0 1,0 0,0 0,0 1,0 0,0 0,0 0,2
LEAF 10,7 0,0 0,0 1,0 0,0 0,0 3,0 0,0 0,0 0,0
LEAF 10,7 0,0 0,0 1,0 0,0 0,0 0,1 0,0 0,0 0,0
LEAF 10,7 0,0 0,0 1,0 0,0 0,0 0,1 0,0 0,0 1,1
LEAF 10,7 0,0 0,0 1,0 0,0 0,0 1,1 0,0 0,0 0,1
LEAF 10,7 0,0 0,0 1,0 0,0 0,0 0,2 0,0 0,0 1,0
LEAF 10,7 0,0 0,0 2,0 0,0 0,0 0,0 0,0 0,0 0,0
LEAF 10,7 0,0 0,0 2,0 0,0 0,0 0,0 0,0 0,0 1,1
LEAF 10,7 0,0 0,0 2,0 0,0 0,0 0,1 0,0 0,0 0,1
LEAF 10,7 0,0 0,0 3,0 0,0 0,0 0,0 0,0 0,0 1,0
LEAF 10,7 0,0 0,0 3,0 0,0 0,0 1,0 0,0 0,0 0,0
LEAF 10,7 0,0 0,0 0,1 0,0 0,0 0,0 0,0 0,0 1,0
LEAF 10,7 0,0 0,0 0,1 0,0 0,0 1,0 0,0 0,0 0,0
LEAF 10,7 0,0 0,0 0,1 0,0 0,0 1,0 0,0 0,0 1,1
LEAF 10,7 0,0 0,0 0,1 0,0 0,0 2,0 0,0 0,0 0,1
LEAF 10,7 0,0 0,0 0,1 0,0 0,0 0,1 0,0 0,0 2,0
LEAF 10,7 0,0 0,0 0,1 0,0 0,0 1,1 0,0 0,0 1,0
LEAF 10,7 0,0 0,0 1,1 0,0 0,0 0,0 0,0 0,0 2,0
LEAF 10,7 0,0 0,0 1,1 0,0 0,0 1,0 0,0 0,0 0,1
LEAF 10,7 0,0 0,0 1,1 0,0 0,0 0,1 0,0 0,0 1,0
LEAF 10,7 0,0 0,0 0,2 0,0 0,0 1,0 0,0 0,0 1,0
LEAF 10,7 0,0 0,0 1,2 0,0 0,0 0,0 0,0 0,0 0,0
LEAF 4,11 0,0 0,0 0,0 0,0 0,0 0,0 0,0 0,0 0,0
LEAF 4,11 0,0 0,0 0,0 0,0 0,0 0,0 0,0 0,0 1,1
LEAF 4,11 0,0 0,0 0,0 0,0 0,0 1,0 0,0 0,0 2,1
LEAF 4,11 0,0 0,0 0,0 0,0 0,0 3,0 0,0 0,0 0,1
LEAF 4,11 0,0 0,0 0,0 0,0 0,0 0,1 0,0 0,0 3,0
LEAF 4,11 0,0 0,0 0,0 0,0 0,0 0,1 0,0 0,0 0,1
LEAF 4,11 0,0 0,0 0,0 0,0 0,0 1,1 0,0 0,0 0,0
LEAF 4,11 0,0 0,0 0,0 0,0 0,0 2,1 0,0 0,0 1,0
LEAF 4,11 0,0 0,0 1,0 0,0 0,0 0,0 0,0 0,0 2,1
LEAF 4,11 0,0 0,0 1,0 0,0 0,0 1,0 0,0 0,0 1,0
LEAF 4,11 0,0 0,0 1,0 0,0 0,0 2,0 0,0 0,0 2,0
LEAF 4,11 0,0 0,0 1,0 0,0 0,0 2,1 0,0 0,0 0,0
LEAF 4,11 0,0 0,0 2,0 0,0 0,0 1,0 0,0 0,0 2,0
LEAF 4,11 0,0 0,0 2,0 0,0 0,0 2,0 0,0 0,0 1,0
LEAF 4,11 0,0 0,0 3,0 0,0 0,0 0,0 0,0 0,0 0,1
LEAF 4,11 0,0 0,0 3,0 0,0 0,0 0,1 0,0 0,0 0,0
LEAF 4,11 0,0 0,0 0,1 0,0 0,0 0,0 0,0 0,0 3,0
LEAF 4,11 0,0 0,0 0,1 0,0 0,0 0,0 0,0 0,0 0,1
LEAF 4,11 0,0 0,0 0,1 0,0 0,0 3,0 0,0 0,0 0,0
LEAF 4,11 0,0 0,0 0,1 0,0 0,0 0,1 0,0 0,0 0,0
LEAF 4,11 0,0 0,0 1,1 0,0 0,0 0,0 0,0 0,0 0,0
LEAF 4,11 0,0 0,0 2,1 0,0 0,0 0,0 0,0 0,0 1,0
LEAF 4,11 0,0 0,0 2,1 0,0 0,0 1,0 0,0 0,0 0,0
LEAF 6,11 0,0 0,0 0,0 0,0 0,0 1,0 0,0 0,0 2,0
LEAF 6,11 0,0 0,0 0,0 0,0 0,0 2,0 0,0 0,0 1,0
LEAF 6,11 0,0 0,0 1,0 0,0 0,0 0,0 0,0 0,0 2,0
LEAF 6,11 0,0 0,0 1,0 0,0 0,0 2,0 0,0 0,0 0,0
LEAF 6,11 0,0 0,0 2,0 0,0 0,0 0,0 0,0 0,0 1,0
LEAF 6,11 0,0 0,0 2,0 0,0 0,0 1,0 0,0 0,0 0,0
B2-DONE b=10 NMAX=41 part=3/4 spectra=19 moment_ok=8505 canonical=2856 tested=2856 candidates=0 lapack_pruned=16491603
