1 1
2 1
3 2
4 3
5 6
6 9
7 14
8 24
9 42
10 72
11 114
12 179
13 284
14 453
15 736
16 1213
17 2016
18 3362
19 5606
20 9318
21 15378
22 25121
23 40614
24 65216
25 104422
26 167118
27 267674
28 429297
29 689478
30 1109149
31 1788032
32 2889897
33 4683664
34 7610640
35 12394998
36 20225081
37 33050490
38 54068421
39 88519060
40 144984819
41 237508938
42 389042467
43 637037274
44 1042494231
45 1704559588
46 2784016254
47 4541026596
48 7395716929
49 12025418264
50 19520838624
51 31637138130
52 51197995818
53 82746399372
54 133593306661
55 215507908700
56 347442650934
57 559927532846
58 902158211789
59 1453432553856
60 2341608184232
61 3772898426272
62 6079983727530
63 9799720131924
64 15798698901852
65 25476215200170
66 41092542070852
67 66300172431244
68 107004027340863
69 172755139743590
70 279009874470109
71 450794007090798
72 728647828409509
73 1178275985286478
74 1906215972439896
75 3085286744112048
76 4995933114878368
77 8093410761613530
78 13116985319108280
79 21267451538897918
80 34495762040404956
81 55972371200732364
82 90850525010131033
83 147507697902271488
84 239564829311155584
85 389170816838211424
86 632345203053415347
87 1027668844840820492
88 1670420388312881511
89 2715570336663218418
90 4415180888502850154
91 7179232784227797946
92 11674545477009188517
93 18985630652394858330
94 30876223979793719891
95 50214450836378693538
96 81663899003930736722
97 132806703447588701544
98 215968350940888565847
99 351182014047194861180
100 571002894535093272476
101 928325201968000573716
102 1509071116161037025163
103 2452782518314370991144
104 3986027749308849443970
105 6476582580419807885506
106 10521277349392745061989
107 17088385639362605794464
108 27748346951992256328342
109 45047509894303682009302
110 73113371320836586479000
111 118634416392292553325372
112 192445970840704241605002
113 312096194347828711118568
114 505996962629864431904446
115 820136993793869093694124
116 1328936523484497616105590
117 2152795190015268399821560
118 3486455362550127246898132
119 5644839812305791424404840
120 9137119465585205024461984
121 14786383347816731280227684
122 23922967992752808305306928
123 38696759488043936376170170
124 62581648479166590714017677
125 101190322301435692343545758
126 163590257868272863696782669
127 264429155454506435870338692
128 427367619478458334474582677
129 690623054241661813553523564
130 1115923229671198801511657772
131 1802966653121642933162411238
132 2912776935989887954886801999
133 4705422154222616781145858574
134 7600936296657173273236655481
135 12277717561859826725342876082
136 19831462771562342145014648900
137 32031889092713955160977666240
138 51737423230130594876957127202
139 83565084785918317084534579358
140 134972649660345225870407631873
141 218006903410919169708972951336
142 352128094523091870149098504068
143 568773281168564279015722505322
144 918729465353013936830094582552
145 1484047135311496160700454891254
146 2397291135004392155632312476591
147 3872649303318800774958784385412
148 6256205326015395353427627251517
149 10107185962408988886313246314090
150 16329273767750975380678606355401
151 26382847995031496307379859354706
152 42628049433578942337335705075232
153 68879341072681621506277633799622
154 111302004499760132822738742961530
155 179861497677234038551435795153356
156 290666772611979510939982291094426
157 469759201714424187283758457370272
158 759239346721467635179621494186081
159 1227174777129499788324649173876932
160 1983623540761548143959649523093309
161 3206550158393134036368972516220314
162 5183744784343714055135425365405340
163 8380632815384085710002511107727186
164 13549974310667247386275255744884042
165 21909345132069091292212500656458488
166 35428304338196884181932466403900426
167 57293073370784160058869754766358618
168 92658516453239941382764677279693696
169 149865152842324491906603709490801836
170 242408939584785643381739676137880486
171 392129697848555073606212627473213682
172 634372527573845232567938119562848636
173 1026343740879367901483058819158015940
174 1660639513877813153415230464864441370
175 2687151065493207448411672104074825910
176 4348535472131704596271071216365868741
177 7037657315606502536887360653293546694
178 11390616585689178304813533495272636249
179 18437419580359969694334698447701049490
180 29846026496094367588828253406196044297
181 48317670525548441551536745484319262590
182 78227253429557404302050839258150013190
183 126660814716838738995030691220754709234
184 205096376149262703986991334842422033006
185 332127297693210059514420623778008473404
186 537874982493499005311648626316488604427
187 871139239465289883651989031860488410428
188 1410985336579463591880653098595983108206
189 2285521544843949423623523304393329563930
190 3702330718202920056874547569814326412532
191 5997790993377687872819315528165814819600
192 9717013568790139870560573253190810310642
193 15743409031568380355551977985501982958456
194 25508701508339472624921124991852468722701
195 41333352876132524364966558469325405963570
196 66978394825692573167976206172707640145654
197 108539984147250332302980610090424310335646
198 175899577590829762794180727272492320213660
199 285074894185619944854008450386322468888454
200 462031295399017125064208309380170490279521
201 748860944281706281531025861196426617517944
202 1213800925364364443814827542736507590466755
203 1967475713282697696300646030066184111375652
204 3189231732580175690714471383686685690355609
205 5169835361002575209751703401133348871024298
206 8380703166719888766207646850376459413283537
207 13586152880099886902163183144270743439266616
208 22025411081853397275361293123171953851901833
209 35707730048703518406900359348298391334574654
210 57890910106844399315042647475508649833196477
211 93857213924405446931392217817134412172519980
212 152171503422958352767852342256572839344210376
213 246721304912321407074340066203873506051920348
214 400024778582761951877583375796564380819234794
215 648594605890184279437361316624790904516435580
216 1051635558270034516636847066278836409405925743
217 1705147627512733343818218551906802823951112370
218 2764794225991001819039787579596308282292425125
219 4482982777628062838370981869029760422233869096
220 7268990244002071246769876744102287629196653285
221 11786454927410337312321011079077698392866666874
222 19111455288053953645024531262492613787033520186
223 30988825526005866506348267049080872472584716922
224 50247751707662524189195388579026739688723393444
225 81475620663072119447010087511626297008507595282
226 132110585529833458910272429221550684645921459502
227 214213003216810655357293359829597376983459393122
228 347337516824811391010487477276505264201323431702
229 563189561183303909231335065752034670677512106846
230 913174805750444483202160644607166648120678907570
231 1480638569279370798189429919718517470657184678190
232 2400708337017749731296659455733373898212276558268
233 3892461657557863900065222562645257626835764916474
234 6311074156608483839545837250632201646382389268456
235 10232355498926784273799607233789685559219999467274
236 16589784947420156672905383502098155723457820308594
237 26896644083987895283227152239197770901762337678848
238 43606079995258543542267677876465279366889156768487
239 70694726763030171133769155593094114036240761363744
240 114608658688022758997834117493343922003163851092406
241 185796571003654109196234781951749022065999067771624
242 301194639241813742102621693123709215873883075379284
243 488253639094826633678723997518843119894091095331672
244 791465307248288759466767271969888846175633008774204
245 1282938572082928445422624747025179155347857153831788
246 2079538084882580098728590391369089100159408047792695
247 3370655678659872138539508960904514226690910788990736
248 5463209670167231283623314888721138865994922105862720
249 8854556094372010989356084884466852364588889346861822
250 14350619829032238570886207660877206178480667254286910
251 23257282762202062671979323969760408828934441751759300
252 37690444232518102895035479762882319828423617312928486
253 61078314878189519692558657560106333358735358021280424
254 98975088518525989421006056933543365933638843710712505
255 160378957460680538514099476882632954363742737538024528
256 259866980735676388073137992831636776202013757306155405
257 421052892937044387055570900361994678142167467757923910
258 682187387615158807635044195354924332300222933889442445
259 1105227923650957874542979814241033382582869771685510312
260 1790526801274649530082754298955533229879748024288096135
261 2900616570918136242289432448820582842193181017124890766
262 4698725494533843371123459079228057865549173753534291408
263 7611142175861544353512860092969122607893386631078029936
264 12328192077698430069468079471447331328519219808811342984
265 19967723784178872686539032530734587017817604602695765782
266 32339788965787970294448204983136693911719648265666140089
267 52375131612972862531882620509244455236627902026037435158
268 84818834133280440001492314120518639436449791526823073256
269 137353150801310598996194855683957953540478200799101950874
270 222414998900650034983131204425655295515309374492559994144
271 360137731068355040939587255359880777568981136813649976540
272 583112438891013401470058131912851184377244483589416041186
273 944093846850760360431621261599932032498268129463338193942
274 1528471299415878396526457679336494441756884404379980307275
275 2474450547791860961818178472859763041211999102506927182798
276 4005712513000675470273354771753523399529986736057779507921
277 6484260434905385381244819973782455651449880953046149674306
278 10495931564420183057596300502084635015571106137404156748046
279 16988757611187469693581388037466774814620724739735030000578
280 27496827252015473068508115200642388502284016617438796782036
281 44502474222812555151326433557693007447847041069308407704720
282 72022241165381635852428072543916861927200194752530958187196
283 116554843525021687618131563390759121589804912351540391285578
284 188614718268397999366225032547630838344361339492215347555480
285 305212806148997659089524242930997621905456152531039399330774
286 493869517967867347370830991363374051954503717889515521841111
287 799105989406476257207753478857529383754546983138612523146640
288 1292943822520969929232390512469233099363749984234004543249013
289 2091888142512997553546224871662974511701915668173405441820320
290 3384396476561666240142072125948377913136924821259605104924683
291 5475306505400397380083427194957901130308436649944541046548432
292 8857690994020561853721158874490505866957657078714555984999705
293 14329069038769878818490326440059513852326084418271402062030276
294 23179350558154600743941967727025957729525100845634344770790225
295 37494785761816516784793391285275943006206991510102533221930362
296 60649510989135170726256998967875429889851216139706877022009921
297 98100458767322499412977954538814190681971487938262493200177842
298 158672833226805822977088908795246137435542219571536797505414933
299 256638858107198807449927613856849662691146707119563389221217644
300 415079273289995166745884590474135423737042116420527880549093311
301 671319050022108370917398298053947950431487702665807062126154844
302 1085717097458821461304948892695695365620197946510485975986246916
303 1755879275276925691979994118237064294987079503879310685933149254
304 2839640636915736289656132146205400879602027343207038331266543479
305 4592226962003000519309653868146002157989653393364948866229000978
306 7426343086625539659633423893132703565108434077169984889228394454
307 12009331754421185202001261856777181137644559177553838546964039180
308 19420271631028914667181629704144062847272448943605307483059355329
309 31403990031773977415112873656846710013310157184918250541428988556
310 50781774617599718815436480528467090543592587977236363636077292699
311 82115446382678092191010969875953379186296744336386815419108545116
312 132781082121749126597503175818781648097318223729446223206325343477
313 214705079765754745839605079875347967466706684059761131640564985550
314 347171131121553522636024336247117257641118528033674142476445316668
315 561358684072800283927512765287003416385074151391087198385001380180
316 907680946356602176747557181400507401266340552714035476559410258724
317 1467649294031491496846591290885563777466449634299625595542107208506
318 2373056136002635005482336414840637075088495754133118721092236518151
319 3836990521208862065077884043483868641633325862270694106742258586434
320 6203985352773294420499252392008360747446470675946863166907408075517
321 10031097297975755739109318624630649788104847567654063434936570805078
322 16218999891138185572415050513800382989357535366421870840856908488975
323 26223940050263628399047948304161503480431254991120954353868935882502
324 42400438188728824732126457945061050771459298164394054971015476004620
325 68555380939430126168928318501884365175952056418550794091037748030752
326 110843904691795388660840895431713401726466348303959852214515386893935
327 179217906402335660507873681045068600225231958653687525343161008274540
328 289768077417240049871888333540228623422172818408875822882107317940966
329 468510647718655920505972097206186842918076331851891875221874556739748
330 757510048421300973468718883924119434521232998472204961221515193519301
331 1224778481934976276920591897419470987405227009289981470541022028910860
332 1980282340104100308891210727429693380424911153056321134705625996747454
333 3201822778150523315358132382324178139270838622271435359619297768770238
334 5176881882380308155691348885061829721590443245379311690367648232498471
335 8370283860348296204911059208025597032986296881067034788251054717088040
336 13533597184870709570501519839299893106675359505324827889096980135883252
337 21882029119398794385258871579882788625265677306891394093083655076629344
338 35380451647211055000000542254754366966666796761614126951988563387410519
339 57205887866615366530381744649134228612499735661962876548948617333076142
340 92495328671414031845339996975151719913220838741767074512599938838202136
341 149554921356138742066327701848420939613252880738899443828631493190501418
342 241815190077470598304306855126252446434942280678380539636272554263654837
343 390992587534983290296139193498388660322766820419837888484884220967247004
344 632201694236739537874511170497150561795809711983916671253178643708524642
345 1022221653721905772449268220147543143150610792034597421288892809230166082
346 1652863107425039928463270054336296395690924747295190374373688627500366696
347 2672582860857541183140940251603356892571376414721643123885598641622008422
348 4321435593895136370591722737311491771691039082516785829945963318497205273
349 6987592486113572597236979559575588790418172482265942399977642345184146836
350 11298735297143340534966426184468966110903776598764047169855610327063901194
351 18269847343890501467642348822731634571305793587334213962593898993652775548
352 29542204314511739997262188282087427396926421926812863457674420989661083281
353 47769846225645268050007038188514636689676437949641775549665661349055739504
354 77244546185661692960963480938815984160659023363016530579413610101212630073
355 124906463787164545289448550974492768090387527636706841723238161204110551038
356 201978513002090862956947623978488289361623498109396380723427533032657138148
357 326609386262117875942576051475780215016002860611814089579567358045613877054
358 528147767703138611735096317286241246762256203237344753632136965177178514555
359 854054513744064358631877232055983939614804420809078080429243300574963116830
360 1381081006729625425474203301389733552814639055349224155975924225115198081781
361 2233346912193373442668627143294748136138984383311047347823926680825497548446
362 3611575996817648181411782104489455026003517765290540691508710280290932821419
363 5840377492480909338643330036843319375172376901725525565014284873329830923044
364 9444712180854421514746142370596458974003898807513498276048239744815255880039
365 15273558837768241626491141588674685628885562933402519916655516328029618817962
366 24699918435027401628814283304540587196461487236666122286768940001966260519697
367 39944281637831994581340531008263006540017513364377382313553417988501286958816
368 64597779154912220316128855869867410595569848273772774249417296825253878457057
369 104468291674627572526598770098519768926736377374520173814660636735657641998476
370 168948908055713517629407852598195473805505012070176706608693425524693558491528
371 273231227935202312491597600984103435449786883807642321695906472201970234273186
372 441885127764982033225415185172803090611748519346457559337265196425722461555453
373 714648688465534809923748064564318647867282716618057572363062623232469942478646
374 1155792948672065290617804956137829289462297182961476732131339241606929336335438
375 1869268823930844418033358693487248799842496769791292749656565095184284683509662
376 3023206600339627860605017917149938719122179732718000383552011151034724956979029
377 4889543263371575421372120829132392737944858659649615779625340435434943006560788
378 7908119458990500385446156088317638377672424031681205908498134416755623764965530
379 12790357130979998595927360287580029787257616078239523871602232689183907960443038
380 20686961355498662433904350802869550765312947778524515666140157195176162450924497
381 33459186528739551097268024380501213337918520323100517437685581945941289974578730
382 54117628366298724322136026317613985391413104432488480149409355032045582431689222
383 87532009168460249217684791939616016129085279889919920138041022959295041218333590
384 141579332912940293787595619718323359110153348095911054247968410051269009898614552
385 229001174251250281495394185820975435542222592906145090259188562752720910956226180
386 370408120476143932583606332548145171198229522682420681218082194242394453086959057
387 599139965575667479626349961961417546681946100476328009824767648986627954092354782
388 969127997454376064798597858047852002091408687238712567357715329240481217312805925
389 1567613903818623174323132923376756303667771195682910294683992881017044951027762450
390 2535725547126957576802015935092715263221328070464339042490472546571954437338413588
391 4101763476752433300866268910745447522284637303208115693216583530196057132874540648
392 6635050973351705985617339150699433279328403339791722651901482173935892293904431260
393 10733052383234281020881867413113082900296966255266588099611855751145092853689792570
394 17362314596636573257242103115717450881899636995431691272438935754593549204893952760
395 28086487538828677161124763820022209456163573143346746521699297870418959283511898706
396 45435229354801545837301341759826615875325018809756666372511863874867605569239569480
397 73501051325170632589178218106284985140126443962138116104876398327637129332111653862
398 118904955366864732796218157826022022522987279717475804358323828522212846558395353265
399 192358763618949470217715052450979752299034760111038186988774041476108490727585987492
400 311192885920036909853211490739155816077858877583426986648673648667822444956149676167
401 503446171283849394408854278624494766868657586491368551074254957969183324549677451842
402 814483255040393220439707398579664116366091691641618228298023737194839753849627252837
403 1317701521276983227847629118285142461877437895019617895638191590026558125164798991176
404 2131855360370380098797577862654896654038965402029649110277368816923229170997300388311
405 3449087839610317201913969614215035739248214511548434134284545666716019702599669080498
406 5580288226838675910190965982034210427326697660260562196263732986879988365880799714742
407 9028485168813792129278875104276990555245203833810026917170018415194149941056366718032
408 14607606109383859880637753143502275736984184547421158892249230008213599753877773954414
409 23634647660694360103274807926141456579478243606660135197788581964328491112524050580606
410 38240640089390144036099193285176279050779237666675175752162699127498083514086991031652
411 61873847910192262981529845824765668014944865691496117741706611315478585746673537244686
412 100114056831750426520221659059088810205854274974707588532181904951456968042370647920753
413 161990283515880456340648124399800609269936114994350305418079751367239010262986219717624
414 262113172258557654009723737026840125390366251610436617643070193674089851972893420342024
415 424125813824508679923624757782582858571444602139141408894877114370287593298471564902264
416 686288218844138415154804298706570917351206427346470236122525097138322419641213028089297
417 1110514814972968243255048143248534597853800560877187845424999468125743753299871395276624
418 1797000258515365819914618354031659068129802488358867831519997771118816292439311333714072
419 2907889398724786104551824689851084505474822515498347810924822472021078429246966733308016
420 4705584532128234646276317676123562801084741015293867769650517750613132775301378805946148
421 7614742336001447205100649272554975281766132371325282396579250567362305657750176981886382
422 12322611794149467020302894297349344059273064710271913544684667060589550360874726627279848
423 19941426603650256060947571286201682257820925326342754612299585479895368912398540588682044
424 32271233379174583757382866470767432509413406675761349329047576660441118242130900701792203
425 52225278273960429918386000798106615841161564653174578203644762513649513315486130227986154
426 84518502710562721746601492500916646109493157790512690412276107718481402518466770309874949
427 136781900003549236185942498846386294031192456873531870526438507747604322644497939691122630
428 221366166833165818811063015180980164886853046111585241584013402127991069549695927306830182
429 358261055301446074966717346001518559684984181135143570336063804710173758565006141123668942
430 579820632831496645623250133512757441309938377025049159952512848150984406248119136023429895
431 938411676269620777563349955889961902504945238403241851046515572098551939402878525094075388
432 1518793656112663573034890100364337080613762535111726749479314479637730830649353961055612927
433 2458157695093715957410050933631236148270324532211035669874110069581361445597178200166119332
434 3978563171714416512476800082565558265594143835067154171921525543843237975705442389663429807
435 6439442725976980478487164874230644350671554334125793326372094696986396389012986692470594212
436 10422592900282789330861510144043957487817746655741954493436615548797133026354840863103589117
437 16869751349072472437833249945919118725041047909851316305024531842426541017118507115217427310
438 27305300229613050112891979515728765713254274950457728759824640032965807653003670492224172539
439 44196771824829412328776903424728730589264622343093078271340750528618465928433328382154458832
440 71538430796742814248303986573419273357966279505468467916326792740324466443014228123805197352
441 115795980613583787835108716447168843991412598848840717406208284725434166096890982223755065752
442 187435876482656816051662961475208836835857042624797924706957981783935481238178675056739763895
443 303401039438639765657770477516360704725033409067742684318095196204428054363771325297538056646
444 491118685383136535590866846757551660700941295713653168681728391138687079415629494726595550885
445 794988497718498619355814250403427817281489421848301947743310839581752821995523647618263645692
446 1286886272746150168822272873040909884815761757689165153831517665518237941777390670894618272907
447 2083168350024989943729363612066740691783044150516187884708411476905215729890317994665988826260
448 3372200485919796106360185715972540169157039766315916505370601055858374875956308826200801532130
449 5458925432903989937203116458117890128791950889701601207754816831910657587482199177702060842394
450 8837015847304170808433816068809376796811611303043366254333100206419580637115006562587615204006
451 14305687712463434966249785031191669700225053866104082294234803300649315726030176425767093540946
452 23158819581313820810326201927643947152871943904399489142474444022429273064133085412931663031133
453 37491136707767913346749872341054717155049254096866542856924246462340685143633322719656024160630
454 60693927760257638171337707451037842179542217311166111667444563038101439608977517080663847697491
455 98257624766066522004809318364196293825924580448656452149168975516939090869467219738457128060330
456 159071215000946053780056349024853995178665766044386353135176748421864261601827747131219700606631
457 257526063489722919168781949057588851400197332370171534320607516651619214582533018034288605931352
458 416922151205936760686883600303990222729103827126109827600025200260148685551464840817625865984571
459 674983062523596029581377406806662561542907556074251631357443901647694371862158899061016909927194
460 1092785288425492062293550787318184386005101100566932494735427814090270940989062267639980013825346
461 1769215755580891514260559001964695778340755133054937059085642022444136677058033232087136448080602
462 2864380347361543807126950060306605755553427567434019917953554891453894504726333006964496612054593
463 4637505474446745966047272482733101830618211268038468146112568853800166191019485519844046360938498
464 7508306319981777179727157964184921572822631049181208209479865707756618774161995402013069576923373
465 12156351831784622033708321327984834239862419797145806953742309333328443779963183158897132588300948
466 19681953679410974162565119413792812065122569078548052682979008588643383510296887315618405789149813
467 31866674899669192051531010698681097519176437068951283145671671367270535142634294931631185378132380
468 51595143956388704353880393538677276074069802360932591558117582934358052908424988416451264588946138
469 83538058200633121802233742260674343921681185455557321584965783855382457112469579229537976415733104
470 135258113858432963479773689222181986299155933984527377681279924497943067466297496170705892712877483
471 219000756933876762824384464416805307833296619595648642721645886205253006830984589762431230313083052
472 354593832503111752492712055291358817098834990569167186393961131967425362273538980926717917190532829
473 574142831856802637068035919549658681686984838654224342556564163785141033294626610937692051764218702
474 929633701230475863325044169562548357409298869460045134945007239418234379981515215152169359447237028
475 1505243810720753538637959905745883691169368742000601629797944233661731242297616530656752519234198648
476 2437276801201285250871069801984942753034089233072221149531797394199495248434500585400646755698751199
477 3946442769212881271367722288350157959898668225293391189353140498331795354264053768664046792308520840
478 6390129350056522264376913357178826815447196908163767524132573188993860715082575965979779225061638308
479 10347044377268228219299716335976263718517563252621027951513437644743412238584615280417684685853754022
480 16754278606045131964729265753255839699939540430638295741142425422620746584776235754318334051604851190
481 27129253903546923462419095394442374108070843956244838003154399905317875301468893864924343455286784396
482 43929129804480595512330548109302019622388949628476314553391603600996743455057892648091600423143153267
483 71132802802283726699937502392448828514389999770408399518008557199559797373658522431040309807045651402
484 115183362022333652828765000728028626502793688321709256828977215555509866111003755870679011361524575112
485 186514253793356106030687555880651922930147286316832004899782405781619076853476031846805243433369614366
486 302020685394392799046933368284692593125210857128462623241884452918036156046998773325539294789455645549
487 489061724488647175505974424235757565887296836479128075667165332612380617556696281508235423621426985188
488 791941176905738543869694795487887361430361673066360538383670088869854041049795422138517633918154047456
489 1282402564194927313494774074686041960693029029151264944111529912786738065472170203637402554371856080062
490 2076624503074172034849372707879531617627971354879435793438839122571635128768762242880589443584035216606
491 3362742821931465254904905673006530188392100890980695495790787224014745158698145448236431755034003427152
492 5445419710517943636031133446402244961538379024198528841475291155289989664759931111626091334451932691437
493 8818018981854139395155151227061636108316657674669505491807377687691892616884525527088094127540444962070
494 14279487049292462345638787992913756091642533667380653304978405749277665996488851581596396252392675871732
495 23123631166174084377193920430738438526743887913146552027249137158399359973365725031684897630966319788472
496 37445639469195814864160221919961840379575047340785135406270055730063578767433745853239691186897887465849
497 60638465635630156305255811156535140693396044018190824691957364876062852610011637350458638481314657982444
498 98196686345270371221446622176937699322179165112162222894372931407338595761436785358685526653807957832488
499 159018291244635195360386497450550591090802852304520795075676993481402149634264016913301249892268016358850
500 257512844608091790832972202524489398817236492978722489626431056304793805537219129926621006943131840694538
501 417015520347138273746352110309702889393399103936093937978581713502347114141589169366807400243887348347290
502 675315929564850294200488171579086554599562753897855290329694258885120329406847842800213347533849559650543
503 1093611749267852019381273551506428661360708629483434151787452030946668069025590104494107068115043171107174
504 1771008656473968350509934172090786542278937224905923536894706417782363583820920241314262990396029748468568
505 2868002260716069912618282348672423189328613201316657255349551158232570894904605357614620078596931602978364
506 4644506013399496774995554413040607653718325912374710272153614037011303763079854812306085083835052813244975
507 7521435764804511107435761133720131883976766294904798894367271402164778159695541038820091486516408419947918
508 12180443456890379022513897553783731307361001472644991723056153509209676573318689943532696883861773560981387
509 19725432038549855703947843552471779663517806389728977815114605599761924904067870081744955152498222346149364
510 31944123081463354447057405606912845715167046043566376370968551963301573358774790777394363334541382462660281
511 51731656700695547220847771394967405540887705661061014394047746077753062933256067263515869367282744232814040
512 83776598121143508106353912677389449294072030007605226517361639489102784001826801882547917159041988129020973
513 135671904610974901428861094315345311521082065289909649988929367916759113625527159934859632989259567137836580
514 219714104597391561917246426809191591675871237474899988176225018672048644900933093017822172273801576350487198
515 355817019104303205563623592981486366595272300862656929784602833641923707107625410796526621006891969808599404
516 576230457418388353121074759583640712602688687912163850360916568662413569946481944486005572780603980114318413
517 933182025935012434443859040400571190474919649611118928349628308949437242651530441655794814111177203393437270
518 1511252851329595803415017476449311054894447869137053456458605348948771980108953994012956371793264142441681990
519 2447419770292417921146219870247784000975456180636570607309077169826637678829020907286477506906179328393641226
520 3963513188669298045786843349264988267376765266951428324675156302157726805141343302264549260279813389955760546
521 6418781836485399056504501875012872134102527438649730357060874404890498489557736094350335352297014531648764228
522 10395020182325829238170512221025545339200639573262596723350341457202672050612729588774933710443587328706133595
523 16834430319959387920939874595451591438904281912950614648975534691850238462426534287890718833773318125607689708
524 27262886082095298431141833004977025276404596423359538703131798577550866500513204649432880188349365488986502066
525 44151503974378811717725560553775604994471437521359604514698894647814402919171260644758052047233886348462200380
526 71502198502566345867374978535754957077238505943014042462329089243418457757335558007012162552757264731114314615
527 115795974314937836623629964250397646638311159674731015561671583184587771163627811689643618320217824737157669824
528 187528660599225176220944055071394148565102647485229223403589909827987057406534411582397102833844244271369403886
529 303697991161914196418998658959026078875296534765219127657737981876328683344623300262089430720578011113216990188
530 491831359730862034722500636015730871093320844762041665932616576453271097922791234618614175954560477763239446382
531 796508648949813283825618369096156313166747377395321622866814306618355479979599419457857332618401848548474808222
532 1289925745733372319883632035577734859312352494916292308225548257026808395026995812454851443632191393029675741493
533 2089001801315288519946920159335168042037709762262408354564511356656477946416270078707689698990895312027923858792
534 3383083833221467036373951498054076301450984611731895814850869236460120618141898011623352061984038177569645541470
535 5478813287711221034231528460439378175098468312246347015469539574493629199278467979634934059694925871643609378098
536 8872785648588063886626166046561995789673545889521269083199790859940704844448586769912375655433005315287313079325
537 14369219595520898930049960118779286399144795636072926459748603616616550751003525215323527427564210775193879491748
538 23270516908339303813111920658094995910472230450603021551151275846653188809029383818747254775334831196343503180759
539 37685865114398673606564078911737563714937562428772270825893432513680740586860635093133722521985834743197424381060
540 61031003786691153393089435792908827721180179421566138526149687050652265237319158049660079483888223650359362351411
541 98837569076001415944456897137066158485272342562609528191100504466029719443477195281408693322001641794030338364114
542 160063780782305323968355269410465869835257787034507401429854304991548283234099384240059761307841020647197582197610
543 259217020346767530021160859790164527636369994897212589533437460379870361537596666844226445835893221529209254427862
544 419791209036427040778158918685409337586643868617948134406908634231731572217338257884953393328861602042375164174150
545 679833407099871324438453515702381017187241141458659934672867117624843935188517543296220029335871735048019550659968
546 1100958518603514938602976439975397503860846624487038582639515804007641588727350605029994123184412909791424055975887
547 1782947916606445306250877096783218056443277208790681243666768587665465481772004182899260503987912656464699902731114
548 2887390737218300992730207868659734936424899051626093333519521844665195804863281274575340994305604948151509406751884
549 4675968939223911675949938714825248436896127921020033438956600238757455369348330946317690187593022710990655206533974
550 7572456515052647511907109144549697775304559430060107775893535587463645903258667122414463300823207700780743997859008
551 12263121338415615052718152624910245203412799005233782734254310832443333100839369284154842973972425886518475684955874
552 19859315943050571488699304117574445940153916527910254971457317472935616267880110719597478883259247604416873074164609
553 32160776236294143360371813264853265281363770497350314873387188730850229336397996523623566235435277509622579457768464
554 52082004752808511823234273495259117405830548831631709096463019058513997043529986812294799071478804786556478944830064
555 84342749017430008919451833356915598050096680785345368398904480352256687223825372639004186984933804554013471713859314
556 136586147500527336981923544882664221371015968562229491374920768517783041827101704210356275503842957344645188447796655
557 221189424882528807946153586853034404721359401374094099576821045230130472015078093801133894849247450746687294834022374
558 358196072116191902155142685058242336640380911808513982723591660527687500266041233297127932925006757613394665971520486
559 580064103957488701094518625007884682507109097939079880183686806722329382950551026476576207796513987123938568628089848
560 939355171387088714062737025881882473467337755604871201584914686041389092466197420416905793322822572608328916454898754
561 1521185911247955610341674809899166543414236506295490549193331039950832378999199502255389274273228861587389740903962256
562 2463390933519402471171203548175920328434567487471008321134815371030973002424156319871426320512817449074589056700536646
563 3989173447211390765831229493479487493096363105851379011486460501453295603689994082555336925998451622899094810098416728
564 6459977327523410714014906341546603790270318424254142805989221051666183184893536887279710722918108225097280101479231952
565 10461103951513955852865060378051053181463132766931516446960014233990696408173008440936656643439257573012854207497016564
566 16940352697811064030727832770394616537209532937421596590161780404955121801845111803927686849748252676482403507073687768
567 27432522358139789428235406397979410060039896381887037905401132506714132823665244039119468892054312704599971251121839240
568 44422945956321106246183348955107740465760676928950648107041766165040850520390432320500983823509269479090605949472617009
569 71936159369070874214720733248580003548423951129979609667052126350110846187753053174489593644707866548714294488365054520
570 116489122438546029166885803511594979561725820598513168257093536479958966117056758242103886025970216831375701337535046943
571 188634746119910661836579141518878556552777773967905004269933591395682670133190783689497797268994284207213754649255764614
572 305461274860824181782831892042139481053166022406614813080324382829397077249711962795734961314546136479252722305983422385
573 494639432927257648651016733085476156609036552573135705680037281019774010574487577094436194650273352562967569070632353702
574 800975766521383361901698569675917720508782751002052191190211403910954229612928671563657386481810995107809389717298780671
575 1297024087290319330336959006931657246554110292378082145430898529403122639677018298773582292728586125053367535860866841224
576 2100267869097060987362406409750577136240404832290198031157269320388945227745424218132412784815973164234618410990631112684
577 3400942394490855839139435503986226185299238597347111008323504321381095850635317110582417318278019668517829326244418925894
578 5507084785795568212957055891575766252487411821079377527448889683751188697545859126157927368558089598602472418144490186811
579 8917479267671588868115288453461714338500038650740247358002535261366131690176810254161578073460624258991527532937600457432
580 14439769863684527612852453124697212181682764324672033081833136424225571591493968422537377266602313486424605096686432252652
581 23381706913893649889943112658414150262598164187159253039036366410292877608706703199540501742301746255493741826102381088108
582 37860809069840637935574374646856817668768705391321525015716607294802150544091702079214014954506220458101389044439318287354
583 61305757906062375523101708872829988156322690094571821147772621097948549837034713328124785569983181224950908983048028234966
584 99268234776194706400035863870376384097551752317260546669664926556061765189383163218821603236982361040634309784066642535805
585 160737404422802569868192862893830864736037998875036988384297606419637329259370412383966909836344638460283024746950559695298
586 260268244460057706592724882895962200728864932383462519601773550712213857864367878840122361011986532744449880481856048430851
587 421427581180457534017910077832162435245308362078457311731249308274953478773279335599009736270349232341215949343229833770708
588 682373623372163213233332975142904588651668902134348646776954422482722891703839864896940161124229782652317791083721887671149
589 1104889819322653452508643537511597711355436503669689654646634355608155951699268627825592401473182787559697241654237360976250
590 1789011532937393660313708653534181971630016569924117738479966985389645256358282713922115947685801422007186321367292693800277
591 2896707869398597086303095986211862346531408385811704075546635868017659938026284154631538161720691377637012055091116683217850
592 4690224294966205542405164837437848593564284801697566359613910418026142577778775763144363259767168467239025265986409932320922
593 7594161738575186797559041706280152222092371423118496209811918871538537129164174693145855012119922470181226293762879390655538
594 12295985850063375696683603208723759370461968214157862992547933256264899301319107979184771888180957174502817373533424458138999
595 19908755524365788440061072207577698883896597649112157440610446460401104539855600261312928183817360400601108231287791324908924
596 32234585060479640679491272716350422445500404160214051131370201796961773207319133859696088157498704293751356291939673957070346
597 52191193938747103223914073018807603717847026368430960376791880493045288915610876771025295298023836745169331549667521130514176
598 84502493307466558869718881197963354962655960053534656186628485821374422064381878002486190188633983387503891333802424934658418
599 136816641287470742184138301751781051198657955586190647024979176149966591868547384585096688006647980585114489904979935490263000
600 221516154454164156108899398447929824901177174849707375765331809918812000542510949536106066044578570035395068320333537043480820
601 358648424254648080890430058769698573859795068251476033859629446138479832633635138364347958913286872704383415264911303897277098
602 580670100280170551669553448731279683405161640254851067934928826266566975596529683311373467825132963628451942061993755036460240
603 940127990410199696661763370404421164542749398263044861006501265436014548832256035224157366587732828512011209721327075230873122
604 1522093929184812882203090771183098404758236151590262133902125286536697795984619058745738104116904526296077769932981954472681628
605 2464295852555818437521367788067366564809670831777855000992066478224976706838593816746276454759117807730650842313222868165167050
606 3989708176223447265762474315165403075123031794422545602588608124128026046459825161733433509335962445590522615101098955925016937
607 6459312245664753955928122641669483788996159244993569716701318249250936730134486257867852258184836411148581923588304169326183328
608 10457509381429819806338925108787882034022166548779265027467560743968324212343092506331521128400925098070432739867848765565737968
609 16930393605417969380124199985641268243270213810873164805848787618533364646242167245492219994506693012009386588439039867108893760
610 27409595625751393589002406558088820792757741137372446015529353679101796317225088689134957125220098771447326106690156309668026105
611 44374651717504383241915235578670404148767045478914780778694799181137378832198701312707337976335184611093507212260508869553447528
612 71839618372371250636359874903653577922272644213197788507180039606810152995973264761342706409503738503080751776111537458737872349
613 116302695769156419087705551421106645030274747943365089712749347303099928033515059174061894310148424807203209132739923075492597290
614 188283484787075491526005643761230828782022087375070668274718160352512063047146329371355802767319508664338454481514597432562495237
615 304811489137550668033696154988156264867068346650541046447463347985155239833416148122920157451274620970016118776815463924485516122
616 493454454504540211361392578923724828215507226806039313984743687596838136883834410947521211270403250033423602647397751063168618155
617 798839312907086034532874243253638846769943540633445265808624196788896161970106097179605192840158124964518770927471408007879212154
618 1293207988917604077919798307490118737463530661790613673244391733378375279518401105816137531252322453736568441953501307976949904956
619 2093504515163148818081892498681221040933812011180165112066919271333331039236369296086624220777721801703055934371106606514559005254
620 3389034417405556101535290679486419416106234398716684927041715476797102396809790010928090878596225838643405470574741879909489361070
621 5486237353611900848873668196738589095628874031913460303741701694202196888450335634792980338487637957865965412503548704547318101450
622 8881160618810033273158774006262917793215959350976377333431413156189116089649334296871955542232791983534542149165928075130721155271
623 14376771086500114090640963563249041268838403321266624202548498469298824231955768076192021047569929294733335905164615421099632439812
624 23272844973939784653041482427393092912553341190814512189269709306066773370739848473437471497604933801155544230919788927149911568980
625 37673334859869233646482180426913314726797656824593270669405282846017343688182032175648441276645990428852360911422395424664806942470
626 60983888296077225929879020524680832136094199459930136770487882948776847554610736419066794115924114553834435521695607904727539849604
627 98717147914505475812104758921939925181812301914643317029870965692371196651930784611182795681742545961879461656939028271393369903400
628 159796225908177602722636800430774874267092568688192282098003130978668624114405825587643117069594854320759261050068468535756256552382
629 258664515535339142127913088095273678855473260075185553615879456860494932906641766000670752607474597079548644626086689545288291110654
630 418700615744450053236938689047671818202727796087538510151286776278799438622541676646611958238536298503972100111402592537211861707341
631 677745655254903593735865455070588372185483944253862498199337694344091498205422709378253125790673312677602850573327989855567614221072
632 1097049625874313271918263394304949308260105459796610423565404556802321235913849812150233224381825448818772441691494829326939278004817
633 1775751482418473156472606915411866978152435908094935790927609574624479837090266648135150997738305290583570382062643321973290588566094
634 2874315730465327451405756488851974437829445748282213488803728366849224149683200828272782020941498980386344278452855965116803147104734
635 4652465107678197406439558456228900306527166536166643211072736875946752390831976308331225527306597248316951323489539132014993498810446
636 7530575024235687550515276819875698385889765518279826425290052251290544221176282471206772748753652634821336673374988486248360751125329
637 12189040268686783306059507317894817116925547779976257367221083619860271529876209797035581473032810937289928781624020655895971446708880
638 19729098351832566057443452468214845008622396242545066294440172322683826602182315690987939859192110914047877619893220129131480045258519
639 31933117200758666908527799801902608179061742079318811360272298645934807668717473078903802125362582155020352185959800444507457067712182
640 51685859348137886615814159875864038644803951903256254585989933544701661011768730155506909585741442789037603062793191259981444242457569
641 83656273795176250384237017209038470232532375284336325188200803912397454898235752675514509609557176082892378090474100201940085040694026
642 135400927714098973908686625290296753917740322898658616246274673013275153070489943807371991051107874267821628417584416613199423185884039
643 219149817399103198677668212940460550970193477367661781320037569921584116357624599309016596326093767675897466404068047204704871935425248
644 354696528332706674130367395475372778431459218191544347523414490021933947185413529683947933726722778896254345178526330855933456166643379
645 574075637327528856393112669083999965339677177323852793053043754641698928897069858228287769130564230453605569919844409051445632145238786
646 929132504332321120259418389153530634167073883627711813815245966251616923934248221944504857032510179646528696222021951725853323647657005
647 1503773935138582861705501744212617636796584817017368233608688044649797450410756402460700826773095282435713118339282938441278729452119656
648 2433794024513443107022753016810191675353289864972966643549435555766505061601327104538857262313159332072822140790134632715462089089729411
649 3938959019790276803549632388099160492907313408426884405825141537062665618506094525703791016363864001144157154424349229795525417750964302
650 6374930968247578888633085799086080129215490132040523772720112436037994647359710383650919729670564375942467299812373802581281700475119714
651 10317296227517599383984413969789527337614086372977714463197324322547081448801391320838704604459617533175948835946491526508109225614482574
652 16697548469859591815619722547284255168355776775426894267388158821169911529625099562627746901665608159053131202400556052468901590477200452
653 27023147669319465946647258896144216944320955305706890457974122305160958594412729818204310423174648834043253148477472833830501459403486560
654 43733634977954084466317701785473498031050218878581725610790927185724959032627666441401394454447564828287505756886735323136935047146809848
655 70776918195155621223552579828785052489543827902191259535236856164286870051508013177541724026370498303387785219761866988541143636369939468
656 114541842514426843505617924580620645485711609263455567117412067662953414627454543350272756790924877614775234970906596700752113689105331095
657 185367306068968498946036982545103468299944173562346559312647061467981937703940834827361948116533815384355629942729772392494027336188730046
658 299984339464023523047959090947326147014190010298070595216898339375267239862246227888303824554265738931188238872439791063199112048355696292
659 485467894722988820844242323692543533525220282695387620731992088055768008243877115549041757553156288787262665377458126996077098329657518272
660 785631606469309269137208360476379571690997607300487294334204353386088467737584568493056903132729643126474973105576204013024603016006631713
661 1271375676843920457133614599041928687812532240092005033792068386156408479766051466399719410257153084431073206714664926664235202714902854350
662 2057431505131766207782755994269027625308643311292917871279112122625381751674488617846462396602779304281922273363001196261568945733592656882
663 3329457128593952492716230454512015030813427521403203064492458290964696736648886518557329954757573588481785094401281020052982544784269887614
664 5387881572964383335812759404617634837518913126640065806561035449087830460140446369759013021007198860221954073536182553378190104044879177086
665 8718850838671487269434377642815943206906506035763795688056327507032767796670114209458388898266385931023842320317674305253926315791295274646
666 14109027088555490902822942332470322476290207229854094727365652335833553248007070300989656179481096700663559758777876082391546893172661688138
667 22831346261072780584611636631272740520191708477641608211853544929149933221667641135658556142989215593255768261217266269358236198303952597642
668 36945591978654300590573867240581530648553077238172161181118462273618106467254005214731339567075339541178391026631490126167431733170711460863
669 59784749905683110115788476819776606175385300089513372238493192325723636799823135551548068392332088304745613519382105598427492799854619271096
670 96741965196704061958973568596184172341097871126947270356666119561815577415295674265736905299702362686497413346310305643822640935499184637943
671 156543889065593208269502181417018963856735412685311209817451173698274450303223282114118763846280449957030548851277256408744815734305894429468
672 253311019089037712161777907916811606787504206592107596439014021836349392734779067930096146641451103524065049816693159776124489128306885123718
673 409891412806027712327546913061813726862893033465876328623962063997696211872488889325900407146552975220521473817669204308097383107044375460776
674 663254733628656674578603227103136299373224041458830136119819829810089595974861289329003765950789890568408917129387030492168448431633314169949
675 1073219915367276012123983890750528417381670585952944345290137129556592237424272566260976525558281360867510697184074985034793559523092288532576
676 1736576587609726095003624827716426015854845609285310501333429900454491142742968494122122373570665664739683623334469493890088784841892919703437
677 2809933494134249236112494853581967732838623865311892949434007411017323382727551061147733098577752257542113880230607967790109711782238727039594
678 4546686913769431456669726196492975500662603614285894425169635485069020729041911918464582617549766568908396141540704883839024669035511661906005
679 7356834659136644764824897023713680005631451822738155790571906358549385943512593381487855041550507753349675689588386378098928006259492514377158
680 11903753039530037409937282859243082785016640031005446344497771237508635211022354294464814990238916008875187212810089559226184702358484022939712
681 19260777617431350857669130999943974393404158563493759404248813136444919541920956985092066591788865261160571386059993578041747545316526608277248
682 31164542216555040872221078557567039911966895683763270344414258020527195385223889523982668700993394990400354188091099740116113682511287873692308
683 50424864896990898284756440648210826122442955218789201920077103858185323927331283093179777074382408466877738579214248323821375813165833945098518
684 81587912653155666866580376106595765999214902218287278059741048342530539227750943457747072791064180789186948138211546343357492782693203018243666
685 132009145580282063161796434017807911077828444506083535602654230947611956016427485363295677616458823664126970790091270365317646121432279837968606
686 213589239098724258947306217304151886221278431745334674219722932653767561712901585931002888437674583354867337358025868950150177900099841101592082
687 345582625518394246758283566750601808341186947832244770875324453761320909150951854803127230831647185673094090864431320997084710615684232963085508
688 559141395812440128501652779664498256257820713453520808912144530116388650388349817836739944518972097046119754269239631937913136772976303518533336
689 904666775481598223186138403607948423087746731684151261518403828349042206000552325091721627419010949531242642435960947924428585378564747742107092
690 1463702844121355161677789091570801423492367110335118517003626881871909547166544461061353650245114033969972716070438471600253728990557443522847857
691 2368178900324251407648746218095814606701839213955012953455227674020782555824895142031001716915259485142418505540228949501090971273918151041611138
692 3831540730862910991401644869080622851122505069800315292727147071342140585386657033784431004014098417836659979666895694535998056323983661591425149
693 6199116078474038942821613176330003903391548390232673728213150445910234014869438226354529714720896421138260686417799853194620551852919552868870418
694 10029597568239496485343953887562627918407180398457352953341413174491169058238891989156293780673334362526968797128475234219900461196845200808719931
695 16226867804893392216864059014926531103968639649011971497548693970835417988751372721355376811453375703180819277897656744300498342669133518062321292
696 26253268187999791831904614463355257173619270993220098237809356090315737384287303235014556897322138775560971233029593072355941870486763494184272714
697 42474626975741534051785134192410273520867944114786213725711462642404255798398266276763729710926871642403246872034801105299196567253279068613601322
698 68718445788287694790480969404833044173242772690404378151591755592389098309531126219838396261448131361318513554422183123917595083924005067966444171
699 111176929493138037748209325383476907774726618111170425223685391162612365976470781622572400448152084512028804182464040950074699666493719888052109622
700 179867894091296515311616263170812533507995876181672845474613761522368644179316750556724702301362258949459467753395364454782075130610976760295588326
701 290998189937364578346709485908969173754976192359305870815824534612611831197531786955564461841142305833076050807648735093195030744978266087973476430
702 470787175846386168046988315291622555728303175285152683957656190419411410454559354351647453865232905409364262021960870097901824085066229351804472709
703 761652190959472324234231122225928588517296706519418979372855361090079842832886697491618592320983396801971562088299963564590461078155079935488414372
704 1232215132666622310337210066286665986793879676575615383699856800156930339414406091134278487519519922835807771749705709455374321939014936118402543260
705 1993490577048787895961053692540555116415412319452654384866969223206894280052628101209114667994236897743316450557342183564773264242944876716653723850
706 3225073964341588416568977429369653792087233017421803724887384932345968052084957737701268698794338855351327700640729868422024171053159153702590800659
707 5217507120811532023497155649569793538965458152703732190605271287918946346094153971585313830116648909829379195156198018810857053531681697571480395236
708 8440814127307276220914941728217981267298684635071823311647206609536638447993866887816319166676006704909150807781578243309353535561079824427869123334
709 13655373228124330325848274920407153443505431151976218122397845917793083742164229121907133861350622316679595335783685885432812124770882388160682126558
710 22091275927620516426243789323583369566375369559712239403234680692070273310817751180847096303431538007253936350293023654913171732873722592944195450153
711 35738477678876930138872090715325672792022831464671976307629955277017911886643705043560832025890911377580554636773289760720726846047157976249260395102
712 57816175260783454091456329268068492524917559751521231472457545273802567960327374895410838775040188639383149276628440659799800287116687701165617823094
713 93532116721833022372487186648152600081399415819394489730480606529327427764229853470026651045140952986631038818270600633339682127417965515415697756130
714 151310929634034978042469593322464456430605776281341177907354634247709887166816510581348376953885730240404331912553721270402870213231540666271251760181
715 244781168603708389845504155294931885965458553041164880043287207580100085928460390078290402119368332695881531460236000275296585234401846597861046300724
716 395989719948760372097653036095155810660358405946865806909396724096111904103153674486193106375348472525936953200795568171322428392620222892086474007830
717 640601658409008638796269955569144540494620496165227822507575393987618639038065076085494371681176310438943432949805694470767925289413866857690344617590
718 1036311888745856705520157374222271325901944459386048232427520178770279951417803441930489585059679414861425481393048860633499216447064943617827566235986
719 1676452344776967029352555162169971789041860729841378796681165193503724736260462971758028251628746194335422108345046431881040374450749017796732693106440
720 2712003778401934260860377656936775088520690167284865836226818436268119582334387199844261394599788530863369056149135141268828195265774707408631144303972
721 4387203187753264771649392328158863715089809990650051408812915204591582211490435023387708629591166148981119609155443622205379005909364835706846816198826
722 7097144093376851990671640178279675867030611246270768058996032507124162868508185868923889585102736276886077899328126831522654928100147502815612900310972
723 11480953222568847606349388511970909580629169426346545763844007084564038199555863010764554638537359715589635229458897332489036390996145197494706790472072
724 18572516691494620436594233681509569550107186229747483318583909317569781211338737703893133219568723210859262300458943337846454523456947210315486977842887
725 30044299786749305483952692060572528773980624818487638802347279126157381360938920330319249280030199235370430611186923061952092160516295182410707143563448
726 48601757042023075273830840463820078704531544065414526087903826104272169740838052177980541417821440186024537995662743823144074406482330637459283429510729
727 78621339942776649302651798923415909435868415579987614799767558250274685021025057428278516685350291778385123073654065690343264688691973270847178118483610
728 127182551667773164643639466430827144179055955590991671561977121524174018074395557067720884636604718145826265765434607645855149529917361815519255050450877
729 205737416491348816121089778847703860369786296324795437048778164945995865059638731507573218898395545958606272427821716701861322509867068106166573835432956
730 332811035522819535193819856806802926323905050287153497563878831822892081453234372127683720236083143376863793708671167077467528632224774031100783410199343
731 538370031076117110691579171757161133850689229800146732890317576417028423505226828794130098756668255000795857616230352763818642538427943894644695463069952
732 870888967315033110459067442832455662615912738234205449040515398033701097879764943212395048700325201335745371003688467276594671099490150694607248957773970
733 1408781007593321283357243654504006231256434868816110635455023847258294368594095847870752253164811671135882828382785647759813475058322359702478614178370860
734 2278888131051118649291349059385269712699220278768010048737719260951214903765287730989579872480821075405711422981536078007952122692107595417025916826698079
735 3686390821359340798466008348916870962191947023633569324921654507714139540017304404065005283024375180436849325330825237708931434172669713909810014575091060
736 5963189743994589812355321239828020219368129538485837003413622260473915808391313589266333959996695733735428077816222477845355880329773875564726258995015148
737 9646167415608085488858581550504581597615625390717495863031738423245217615207123928013613925006608512740059921824039926643456757109888854314820267952567326
738 15603783183808644412327285108629398572733722066944887925852069671669933035035832230333333405237696712420369992955146641961456057630535029532664305954358898
739 25240851123595751144332761981280703758354598806882023606326932376217944357218076329338588726289653434234676642332583941712465056889339348330745248043139322
740 40829784720687174229827215609733900051243373199586887738396345088255483895844264587259027999888625262100483274405316319377141708380170628605013753744866307
741 66046410835868677552831475098579992130275684708093346026280446320754649687845539877910197229767629378254362398831807043410809569610554641514287288534451730
742 106836688949311935043103217542161671048932549010130186037021806261834234002651380775597861638263572320029370583637151256897795103996174556807443073590025396
743 172818692321973682630818537353733246876617181720338425574102134812983475481323979919707357462837351531262664360016836243089238436464020037043102725846679920
744 279550410704391728932816730839266843728411578950903739509483154872982020725222653379048383078373554128666678690598145144137765968836586633586120111520946227
745 452198074789908488764741138230236240535785478768893172376193713972536854445657430576222254270996354747090211447889338929730351241676450473084095957355714124
746 731469911304129959487453657204042138745057511063392067471711252639111204809955668361015355637917138031507692436393194317226178643524116023951201316209991390
747 1183214367958435503928463874855344068329933972999058114295417691956756867245183687733019127417411925522732724407402898122673468492057898961311981163977645650
748 1913945831215502749126742148432079872279039056070403330614099837792888110883697586687063065501316083716056742713748750848603229228662298033981537722817604211
749 3095958397320395265159267817984550661377397042615452811767325483627095907051366406275914191835184122921667439056646355976538606068637676473191779373619523730
750 5007948842901213293630872936632304101374544589176674970763877516758194948122755923019877967169519111805746121468109691780467142593760878188526655153843726688
751 8100726547554929446466605673610366955794934307262755248096611673276519368850397599656349590564780163483572513959900710959422625505525603761620172998293958802
752 13103502852155301235467345128357562651384266106483288302196383330914118199651888637257301008633490574343226091314844171699645214732836641388864753341812395463
753 21195819684118886437223220973212632711025050142851362991604455999964876908082615760570093451897011934632460723678976799436450059140776047144386508564980512820
754 34285652891095143645812102583218704714242372376021195195055472020715013030621668590508310044440898867434562991002720200219086121846049347295657538380279829643
755 55459258196953235184425215297320368839159154382867494969363937291373424577786068449045040918949326512137932206478735629022770904624041016761905302653596015978
756 89708818783040946873696967886348544282014771861377466458139237282728394358057559256133012368916919395011109197913434537980794223544804304070804609302914344385
757 145109449522180804275388712047045640892029129092667961941044056110182355059817523790652182363895160602790139693209220531949162382536923235179787238869511127960
758 234723055391244147237514082137056447275164390747345329842087983386801227771770150056519279330053751904480910222082036974798129506724465111282622616873858019187
759 379677907836796162484508046729385120345757791946036274915173336415220095409630135233748194669203653713476521988353893596018851659923985968613020725393246492418
760 614149994552388462273256389358336417163350976201494516560071684746471194449572111517065741757419992221365333016867855304280469929267037864852925846003807733415
761 993420566478780166234906363493677901805377261920355672079614287789358788740629551770162605858797480938499293835874100614002214585774123873663012589955431687780
762 1606909558899353911377473245554142621127057913817329142742878171223838778457619947495262731933389216415994885459153703304593073070105015685066105728510522769227
763 2599257687917828550074305219897057045909944677690730751697827710674698361641651080765535586808648490793596804577819879765583747080642860149668588460019981574770
764 4204427596541317805896890245090565203416349793599535081245225247960524049183896324846414918334320691406322866837839789023502314963318132589989337708172504033323
765 6800863819729918335270016199557490258459179714510343478937911547585722808816354170051734733563868480232112213331880075708754221225163418285125627026562113250548
766 11000716198386965463287272018082889452810640798311700645107171444592213648742231723156821800804108370394694169238142351915341369282263609802463597315831125218273
767 17794162217800640397119621760886993300565283857439637922309492565652424966886120030666386566159329609891709398518772467508597600008780236969683965364441128089044
768 28782853934607386661786356961355813609131766918304785652625597432234856197393170571270963349108155022861684714661492043731034887656528243506972885717527501475770
769 46557527264302713149085232090913771112903277430196090728919227972172596061516580343455714852065930376072245642099599437257922627123750682566572111750037925247104
770 75308799259216463569411123825817065880076700729958595082939342440196069832624037201181932040145338636468626004727827214558606521131448251200704364896188156073047
771 121815155620047236033048472948894900481843080887048822843235669473840426117462311476845017467760961075381208417171149627476907927990945148820586097573837140606976
772 197041057389471796064690769421168135257919664479874147352892124148679036348181922432542820225031076561742108882373700801487828684484913910350501164766328414468522
773 318721938027746503571678133538532586717013479925883857467483303606514372068164859822278406062459665258379983052972858913942931864622169419817392264824545261009444
774 515545532292160878160082055356319847690356332067420142985551648191846338430806535396423048332646635038991015249217825110190853454236623353162830342524168256399531
775 833915331196151040373793464487319129347341563570282358895243959591450040896826071886618842717311802294797690908820954876519007990381194013373721064010770198539414
776 1348890722379362785927321955811139801642903353749172113023384220820948276189967805761829577471457784264956996334660709287497549724763453680059063623864622629089877
777 2181883076090425612356575833154655604199454754175630970839797316100171010892882293349522189333739302746916493789910299252686282310007577072747647189727863837811326
778 3529279828919008609076284925293047733529497039327894514566060605418173097792964127306201245134962843737963755048491860558214217291867435490180611273996609138321100
779 5708745021069388256315526153577686680358637454039791495660638165054579499735713127541421246375243514676303008947425603995092506762406547097965234033528028874325140
780 9234112178700883060889697614186159792976931893433656377645753745543398686814201668597932517597733587721407055938942230539987085811327448591293300409466790992928509
781 14936526428936108599091907954056907074358954285448094442913504502216608710848393387598358021065053066540359437409718856794580276206064498406518133157766878419822472
782 24160396573592116412807519681856800890031483614975504604344555607027069497060271508669575480873231133507271441252555064672145371143653834242132162046771479046066024
783 39080355262388463477894892386828223746202543423694873918282579934123149295464752273476404751906621312194812211442421061050346830207315063567653007889047515780661860
784 63213954675107498722317470208658654750950620104410458910742469477898481325179244127058589709188117564525814647859775702657042971219624303738507432491461765136143983
785 102250972450253872562636722589634394686346219454774286929919264792471598296301878838391579592349168522358309706973219451647885890056038305817484665409916745297207098
786 165394847937698486388827297912236300374775132550163250334762833599790073679216025677539383667189017755455886389364897456030306840579518972620814739056080873687091322
787 267532511048756192551711745435210112141047531882866292534141223424376435132498031534891429726640064610274809897906923064817934039342028992096304340583630218467725810
788 432744172020387832563548858074411174141717962159224104335496523124800193590103224564383686394824249198889151202993396194672305841367743045258710036776650283909195354
789 699980557081921012701107331393937923290385458482575369028278088028867764583839316873161269475484186255786758067677860319729841218127569763375715657239839797145730360
790 1132246085333818910723688207644892215188266155016436580646288530881030825863662461342456783048723863424468846805923743478663206501266853255086481957806821676605967059
791 1831453066295148837505112971237831444299209431550786043800633515762709270986838038694584921675728722768449727890647937824545636158868978161598721885051145250425986306
792 2962449038669364189804883460995567108258505792337906258613427896938251411053376700964451931536102529892402772025470245735604707196551243453330690927075009587872730970
793 4791882103007012210082785889911215658385168557648258188965188907811010222811315259190459547967110348353898530135427969897631479346722511761467960763404031064196152086
794 7751067432859408683989936370876011335217100913410076181627199700696630135743710101474097761433147819180240035045803938723230965851328866742594611918037449669004446595
795 12537676887259096654667565397673721746084857354872198722115173666010255628740205760425829016693308911463921674295867043234704312776584964877584929782365883258864674690
796 20280226964719838261119223633139302756740978119777819782573811191859154880829378093378910545763470140485355049804516451466938653348170966307971570120711933456938575842
797 32804146339681265464083382809785317252635447971937457867418763437847104061356572916758435724073242849664837445630805388234125152348942163638507948218522713193884793504
798 53062153772076298564353968414778277928716231364098269958482376472990509450901544170400231534719977855284697612566287535956448177761182072746745462215394717678663018308
799 85830416973080032328435132962404141388016199407115283628825033943493030185067295132190085650916735890569799764214375967348509351923119287594284751127399151587186493398
800 138834626933430163308832523794406867064955560463246789567937193844403212657892884396530997052223312543089029891579982668729486954049760647312153653896257670844545628296
801 224571484937326583344614473780198309779080233694709858846218376702464402351286156918526496112573023962668708089401074020502197693082152432179458627859271817814383730816
802 363255060000445977749505480676447446425732899035912541241389981180306885327471041780048678035587190099377715476950500377053622100013866608391441538350184449765351720699
803 587582691063213063943209311851127854899587227857222547456280100191645509404482202879420919513497108528185406100355517790563193278478723872938473912095390061531693773870
804 950444113412153443742731901701741018940064117747920589578431429851947622385332233605607385565182970603591027802039469276546483865872945884052298517372214430752149556575
805 1537391433243654282979266497381696373169159623274636794030202542463171535968928582149500791590463296364244311762421143048791155089293152799642819322687635517695004507654
806 2486810076769274739624734794173114964445370056254429220839490974054640133426808597043428962212169115120226320510060755031501007400353916565935095357894426865490430630529
807 4022546566350305278336371106588605656259519198811107231524488426469336389172061907697413029566752933869716114295297500709634065315753772026468370903498879793733656679646
808 6506686042626255333400055074601342254169235256667207001455558525172618055107767505534561321811219056278356303086550075639557127864342394468696411926132961023077409121250
809 10524923370824951672398176855276482687730810869210099900837551339444425326320264080961523819022290684889277578533296446367570364630487147926681215152933615477619272202056
810 17024656635448378688645883251590312905995901785210424520327260069944594719653601975384321071660635460541192046775962606483754746587696257695121126545607601985289803246759
811 27538362845555738978664796519282444775284981943956252177591921557675429902313523315947982544121934760230619577141916613129885278253043427190014894576734430946314777432084
812 44544923812369285278301284635895334228819167907074865135842859477768069537718518121389796095289709561472035728451112298426063171042398439569688051994000550350196836236751
813 72054096676173140595277607543191416585559900636752693410035887619099682455006774044730615848938132458868019359706399306606147856994234370125132314343663519224944660869964
814 116551937841190279524707751202009847024307670789311206658764851789022416386191148285798159194917826970853390523887651736243368969904404672091475078394008167104984067822610
815 188530097045112573154533962699187001872769692844928663971223363306346820564083924536450366803344332617568347947033821724052332135606306991636138557256938788109267720354000
816 304959567642740618531372073832181093176234503398785108998285323671628942260985903839385877910935366597677734653388776509530254663114736737421901468134664689081261745483653
817 493292171277340673329497645662580182906064737063453525508804802592656682748878260390446599854117762796397626509293082949227974109312551464946608449665230380892278213368362
818 797933279253495830028368984440254664536984914560029851996501708220586031479576821041249563875877596547124483031843747130522766644068685787724232765474178185725696040305456
819 1290711967961926763993818061843172287594274048598142412957583029520905824958686721268135118364729542270969222532382969369581377642434977704258575219842312354206621250518910
820 2087817368563045910278969524682776905098946393981971655131081867101137273859579900698106743179718137851039582520522707392079075514066983116812979239561487100754066744912079
821 3377194655079970051143170862755959209057398515798466189817264974622355407869881855597707601021405062063805358496619609776969160435387712311209114766004063789833440220898538
822 5462860437414095596427889236886223439084386206936325149624031453931264626483346086464854838251182641509526320224681566864141407619048220253486999571624232488684135328884394
823 8836586843241764992798523607751890767960674068175553299859421327542605485312604214430130899055513290589256418603687011947662362016401979065033038329697907061149317589787628
824 14293857014815991079752424839434431560012546232207572105746771134350045360318975039115250036325505708603183658002422771008823638337822059688356878768232492976631212078839230
825 23121433845003030833627503249397043500008101907161587768595437971812609941543818110588582058620798246037009696543302530134148220445906472278494836674622633954703087273528422
826 37400770099764383082411842545577661902125622849546781007568388716128750416059014920818468313074965593899974441070139847760728910470813160611378342566984528309420916160917705
827 60498803484440123498954689076412468707979012688616023587026968384642188030989347686714641993818042437263406972249998076383463835873270308392815018089691011804566317865185320
828 97861865826066987224974465159914013144320773250829648789466384970312820541686103866918118527253423420342268711804398911674964332260385894791709457313928387039638691122537755
829 158299910619860609123724088736478149321303093543570806603320198291230233084945077911965654016438759933007274735596055476710662907825441628303832181890427864927044980536585216
830 256063882105163308718452690889384980435806752006206118679885716969703615349765931984309486076167115358574903355587470343600292892630227964303207956620668986001060363666072899
831 414206075785381365329037389333644996967374772339033714708411525676784702665598346322569126713310536402889259573491532560959050280568824169646511549649310180337249666497030244
832 670015877736148777552716910817179098202943256229098808259935564034679126877357034004607945337996071452009676117377675558702473600570267853316718143951180653402222742168301510
833 1083812660017112915757427677743612671973836617044283379564228858204275529975756697556769406458597856195574568055936568830778430052940751683255163719141359500745620065864893862
834 1753169256533587829695836657886691615489249142357741309343210604078984181127317139935651585668239719367596634626636617400775232598794609143014622275030411417625602682234915020
835 2835920029499150590839597868803026741399929497217984285262167085051011778678190391678201720796007577787252829675044161532170094272819481805273301540133792016082260145106201744
836 4587379043427244654643118116212375247106663774343167665099747088409837796063680908165860842906535573852955244116718071374772438305775591070117684866325832408327182775437636047
837 7420544787880442195217984684768805606754464308970526336797223016874722945247481101542042351206066898089320341919107168126343827148324159100765634861220232916392735443611471152
838 12003488441563704848531725924438750609598457623759921972383981615589677582895540551705406146318776910972414090539722371223054931544138802086573067903861141758461730260272447505
839 19416891121819058399921526055805272239144175614483534007978003213311536997228475977908493463718814771100529205164396989979706472538896694240206792525220915799533193676500482958
840 31408879701286105778965712976350053725872680103084564672675354369738633944987873267675712732686807657255904252749421676418479182517671532348049145407912016728527246880384909848
841 50807255536524673694395777723021759102209802943093984540086758548534328912080029070956116054599612197480510540148666375401499149843237742278128696997261687107623764871966085156
842 82186326765719038698771586878654721256430086399046755586154467961905513243727312395186809988603849215659607000164231446334791723069763561635084451123169783332646578601061875124
843 132945595660842912928088912727391076834146259970814915231186635354728160126726235291578912674329321981666255344804286428498251449670923679646194251111168852521865279459796145698
844 215054677097387232268463220972849894309053965575835536001653088097065870194406860321306549625228841193573307906933263999959918585391649251938017131194584096535064593806368673756
845 347875937244646381257169076355486034659449179775696552896075428949057334959225476656035783475478274659241323344197759018672727571640999680701343062093064000675074323752890542752
846 562730494990772298258296216712530868511415720063652935137017494703226876589769482328154572951766066631875105438345605570588530874102874411215658743437450941432127192729643122044
847 910284359671536546942100653289975546682430527933377711174721030584059611073994677935993318623799154192897961004880427227369324608478214200590875502433367458878376574359741072920
848 1472496545449188422188309122601488612297683984397839249277415756601060170521541228232375324004129473434477457997563927955171051436862881613678853880739261502228863375178821457126
849 2381946850550666463871595208894180997159489914815528623131302332882307115187455916264811923102617647789010263601088812832118728035386243264816240816234810562554656188991387090634
850 3853101341627342037573816294410778823458022583231939859334785912421309534761561067182979304182557126148599639975475481288116472551415510114035039149463351853860113272989941492695
851 6232888879108945255683355882080370078770626903071967082685405419664290356728480568065446262349303299649010930886107478185170411422721184034710152137610970693818009132797945255992
852 10082516213622334622466660405263103569285233421540479617155098944456009714254519056341855401490218608036865320585021156167804585681724025303868621816751239908518418920599609091159
853 16309816337432626888472332290105444812013617450984957192947131961536478543575513424392221543588684163781329300102111694663444408892745148441234172338526748483060269965383709814040
854 26383342369113567988000631762113878539637237504341161162029114691164679065739434115403645736285164866340187254899001439894819702680141751670115878546640005573187898604597470317811
855 42678697965878143809558140886653608306408864220307757364687961993486390896818288972976417052173698046990197972640610387952742780235289168432145443384826237217566495472391427802246
856 69038781876841175358499199161647436230454831563634218640165451818179063346977719069714442805287418256787941065636332546448520093375532829262536315529824789703319577830504899898679
857 111680074015127006660585695579184555286883344384248033507799446061323769611757200648439727325982646899600828965804969779757221704284983496552252657901991216407327301882463439900132
858 180658701797276053353535335547488234265745481830405271788934160827702474989468693628002168891468338152137686301961926947707909481308991367842266696508298908859710712910813268978986
859 292242046455496741428320595372640532247080431150979278936207414175255564462285170026193817868531042120639267713006257269428370874700996438381411629357456278535286267192787469512632
860 472745216824222175597685303937664934025019114828466307126518712952250006468150978816889899650507010513335139556042954114149768632551534616715712070461117843112859559524223528332561
861 764737203218177311891305202888574769829109915631451839436283869434651003586800920778644862256485137066439981977464956902802619539243892681259681945901087939557041053753574868408264
862 1237080410506601678890849940574563165332709871081180329689590968949991086313464330017889016721903565518002834680172624262004545866090536498019923752468158400109570107741641647803022
863 2001171373868184442274542508315782583380443066702552638026706562622432481093218653895104269529582597967487423445672883925758736813650448006967595904924237076928779459680569703520468
864 3237213022547945156945277071559862637727273414048723076412826847617411418443259930332039871641495912156845875514810814129807281110302332680483014682558203500641179396040425680844949
865 5236714834409822272843161024244547624084987335668719460270007464639280957738516520541345281638219840347848279239781049495761255141862401498775298269588371604623125065111143060814196
866 8471244657828839887264950698845245153873200049749678259981493844241249011817822469554495211631058075133366207614179954205809985417311602495154308063101299221628240302473894181420269
867 13703647614255897750044469828531831630848610031855832221750384521611606336513250075750615788133198905778869888251768093153886737517364446579122270684761471649957719085354378754460404
868 22167963717654036009486485410372715046159761626778508445608674887307669471534127174248206476926752022574959059271264916054092229220340538904824482676536053390533980269197231180247397
869 35860479137120894073110454276019001011110010592624643129544920945551671840171352233181261180284599478075093530240532282745243461500153066119327244577793882413550450119801157211497130
870 58010558210282799773087050282215021491849519309575700387615816066524945772813117609114867072390370763947494609165012613742473707846041219228953395578201400127017042432724691807536232
871 93842307024248904046149501464895118796945843464306749488630250393591893525123238210537463936350274187256395773054677155485606590765476417117430394172865094218879026621656008428550860
872 151806716403678128754674228835231011033404988104504485763711001769757574388534277819543301383306900674244921237258499802869428792850847215507108824757435138541818790134052741264851565
873 245574902615460805115493524708323496021321308863879316275097553366100860837518769631299286061401240023681230879412092515290489107499752820982857162376726587760144175560335540191331818
874 397262583060817503191458198719684946915557610978019981593110255389555357429974932245293443737169556327128380016774631326509433942485807396835672734671184411482998042511880993659973841
875 642646335836527276247178445328156787954250027146561101367303295673049692424563764838768072885828641713718714490287353515250033702688592231076688250077976908457577574470807405955055538
876 1039601997850055600584534546753663968617157092165058191329824314751009638725888921825811501746340132020767510647676162800703913413384666554138864288614609963351895645094598912873686401
877 1681755573571677350713478252028552427496094313683888269425142103336233273320600886984097636274112280750402537475114696131379278673234628001064338629832512011019933871055496454923867916
878 2720566529109179187224755366409803164733271029431950552155214881310740402499992178888094743567670890026991618982392518939445518587986959497958685563637136755677829988924434518542769983
879 4401052352484517224600286383145396705396013089043390284974494865729085651751327939376106887523637288195044867305002547621140154255821255928139644531001013761194889870867579374356579768
880 7119580946453042162185978946276438473884162880820872564930408741789111965589810001401761825186453975828023621657127927340296178496510244293602371915670272734908002048587823508363783959
881 11517362792722850305545070584095603762973273875848328530401087570498562662082880966943392888068028999100036545089078368564061544633115799436691205686676656635111656797123642514845510930
882 18631695771215370885929099180360398968133868284766428177174302477695819992411671173546799814111589026099211552329705590179003727769323241380879305413894976899604170211425223557830927479
883 30140638450588689080983239175188824055759633816010176165817468001584420760425695440709941324721331202411644707530533331205778264397296097341029462901995377744503029633287185190919590028
884 48758826123120498373804379795132079507435381670699198548793841728177020686081953913562318512831043342550952078554820283381137435006780093976115173369636707958664490984372920449395237922
885 78877796567200698879968818444688859291186450188389295890627508237858887263640246026549234836177494037870497733754556874208633719853956943684332121745754206019774866562777993751807633672
886 127601869792658344698954730125244929928792697892250495479111251579824094524484723751646816305005680418483158555139645232478077181787139706991972028630468231052071559258002300757363098647
887 206423933764838849286127273759431859936076540348625451282094171041685123962496976590239369917713969233343789334628294705397074545003134457731181313511668990606913198383365599404999675470
888 333936437520867503188635007824863431733043256440667522749574554653371294491495508095092991571109498410771023253106906399003896101973885019292277567244383079643140820901662246420093737648
889 540217093293400472648083868149595049562425382859294005329715098143562138187201965378912936913588145307739738257375532770786456665780438522916524626941673596493545095574143252172904667374
890 873923847756306939183125185167268106871087125866467667876687985190335731112563183002972479487134187670249430528262833955867415562982713484112072446142267675078608268481933081949136938438
891 1413772795458280369314991252139023992884790346058378575851775051659044884978688537939766922741124052466193456757199232322763606550716759064927206752077637792220549983162876889445120601834
892 2287106645875090095993997742470632723127151745202174430441188929872466552366018704935922841588183973101118553024857094965436723400492199564333784348171184525440806436333409714022014988508
893 3699934034143841089546968667130917063318714745131330248197001902942018535560436734124450357353813730443254894411295614325177407902168061339691586623270271570399461229074754292970550287886
894 5985525986772205738532859420975864128045338603619766251130517544949692814354724939379508027852821128755472976541074467156902468828987444907050225390673429546981063010557371134822513595437
895 9683033601287288533493029974478800916014592731289719411044958339405631393080738939429716660513704630772561713578658805390171041828606395534617903763774355693167949484056666711853280362854
896 15664673246167671172666799639190412805135233772744198726350094658054853482864098426238702391611153162819560042101078822402511052060378155911256079683411885449214452834342406775392208123765
897 25341483151716595943886432964919703105155372476012071562207815797406692534039945441504126517572489717787490543625391694019600410681696253396465536923884049607327748695010332339211475654084
898 40996191191834120835737701553575495411552150004795997536669015655900532512006245994710475800781860317900814863974926975066885106231877044788021674460119059165891539901306269605274511222771
899 66321720950703499234833820962814319876676140815816577019586529495186846835360733830573036051963850079252648256008021850617608923925367692940326250963342516063781812811463091879657230076394
900 107292376494431899034101666825748893306682190818865748996242837427870021453716536463944632386822815844589569567340897090542423969961291181715384186652060069181718395610741488893586821082679
901 173573231090973778909261211831095461838308780557062095741589687447844863522771564937192270097324045204427104575228394478977769514035061093866982842435871607187917254059017725918603176393188
902 280800218064638204683776353274082802649983710143510442125159513675753666494773285812653882579776415568715109494721632485457037184295127612127826685610744364475250573760424894073232698947343
903 454268839527447471813592314332335776883240522251283077705286838227024820057905020628323729414249351263500821389958341430127664869888133809595008408360456949914928666471980530439868012579610
904 734901735100537627456338702821635053365931280735057998412183490611724413971478352399234130454641537911780824714252841764926506070787889396709313459482746010034697655613745536327104659982969
905 1188902994421713750956875798460581721974931572352299677309084625756763081707929493627668972186933018222818962744926316564039975351329954716126891762079658073964769171419838022657081300381814
906 1923376902320861229470350651471037927805460466128636805174667335281329317913717951218108638483619730242345147250094732675330831224720031342486600567205523777855737241312545177621257902618440
907 3111595992632712905587431064120452356933794302036928826338812898756505548571279632117042724367185112632458723559775136688577855315277784899627188049532095376609827281057140431311573992584746
908 5033879865129973563527267262427928204076383400187394562282148400680828989434190733435095491758445792410368822349525392578954143100479813836111002125405503987838127049114256339251645438516069
909 8143729326927764832630308410025381539699972447831341295617427808665265628574488787009537888145399184876512408537730196638326645636795093245578557106535181311370596398318713288011887653312022
910 13174819056434360406307397236659922317612536964603328102323381602847605855011196963795100405158163816458937602912035580837282168278500507309140093665693555923962777004380280694689248359192131
911 21314092062691599473038390558037221066944393396497957978678018163758220618662893165599264747400828772292588371636399353086208747206980580140855407869179623046658553745724610310139158056510914
912 34481795269623224175255865157222765890875969744645747355385017789314743111337279067368144825970475954673746631821725980997328994829779640756118475363582920346014320986810900344188951431389410
913 55784527464321364781039752508546592508365154307570928652802383338714936059789816420299179306562623147739621015714077743918434555172002375963277987727805975179428818561500776790224133854634324
914 90248192103542772306094635309091882837039834487455865065332324810375845690960654543245639198399521198048159125495505921656239896782251910988995576604291387035285127637150962563099096128986417
915 146003789972869454645554171037900825852646888519205592922828553945374283377289676445138402085157373855854875295514935163226694146106807313490380396786571830928601750881568128322662159286483492
916 236205833509203024395659074208360899158278545497089195454169825461161044142392657388016013685852913903458231980475514810067118247606008715333684671432973678408336980149578385385376411168757042
917 382136027019335243993237454237303948064378279119289980049670147496909488153662908169240615577305960493951920715420381849523250455537679181641543570357078037350513580100539004473625028147420386
918 618224523583813291625718429082238648383597715387811297145132894048712544113706804102413842172743107679049315050258983814876714374080867109419471714513781315604222623161646189010397221704538991
919 1000173530708281264675362863009100635338989086542241724608485378860326900973256839914779971811810809038023112705469257239294705998374813959484286507458315978717270803018638905497367602738621336
920 1618100057264703556487113655633475891459559998754293495461400409548500264571194282721480749978538335617690253946139204726489888024558218792601105745328939323862443781812900393287229701057840266
921 2617798905897403107976414248819529032055489193654567909051853125507658803558505504905064273217915281312059908659673245269239774435380504254272904771882318299478381570344855502153364437841360716
922 4235143077724538961909088770698083509529173435053538870525628580327291182646704537213103107144296927998702822654024092415967002572880457180099954473994900133248802485982639812470443749303492285
923 6851738703887847086424823819819397948509777102928826386641986725422997223761822053819528741047830609953854356894326816716125732436938407044760183483116104777990002016282781911818232249894055534
924 11084966953986266098549951721998413133482473875880112376470143584929376343727135297797265054352255910531277841407610957278750953191426488750506497724769224618973714095665653492025397539536684220
925 17933659587477908023000593385225363854659998113957286056033659460392200532893726873518051354917293211542677503370330725087650203271283746132077120101692855636159718814930840515371816654929264840
926 29013782679311975551570416003768475585882553669792648133454677832731203427115728366148131643804213876721759819460557804808054687673753778030154551841324033234772570036627888701768771896936605509
927 46939742469190146323476207983758358558575161686992169950210719759401064372623131662489947121796757791378143690743867173067166959605470356565166513304582107358414344728659763819612548317077730284
928 75941290364519841834273255512001953451377597025204745529291857299209034451325082367243169864632126988652615373868033347234516201146248020913488905458923876895653354923641755184425951666159366459
929 122861599998464590657164676696638203363914802221666280997761081777057646687617840929314485505096769137307510340985909574135300680216083557751500067195598215675961117564812007372828890354978639040
930 198772037753167327986245998355489757838119194400427249870160978391055120535195239642852501658162919226267998479683987990321321164547099073099153680456369832706356596781778699923884298603023284176
931 321584676095209319559678232558209169783636715325214551712803086150426099196827325465074244508422828371650069856795099835042047925639928786475911269771762877286999389625819865001455578074142575274
932 520279049648512863789359508728139775462810034531887351811745603757560589028437607873199437963047437293141449596852057332869938910038548247595724613378333100613192775471708879790648347902940622791
933 841740591787951203609845215808699965041510467733951620264551837035374917489554528546181340765755906960044000894964544545505175650715821469938159368251300992839143493616058126747734969483354734496
934 1361824514131721323141369198537991840280525206583123444531725117425045579616634170935357279999407937638972305267265053446455152217318267885499427128770453617221089094519984813336172089912116923882
935 2203256053618784792282578867973965827979415373291552072097833396736480097658341423250112535326814091212237566717498243043193743638963090079071669173553485607542397877230587507355547286189306007662
936 3564591341839124847826312474620084968438584832534114682912999841054450654738882700605037254250120020949288805330295314344105820081859540630865281631369052094739469779274354245699025711781969706707
937 5767073397969665801125773232274425798418638750885507629837218413156433236597645444404929994168968947680352758068441345113518162329344182800526494227434615110827896506226323166093178617106646046184
938 9330440939403598055162298658902283458530019116813787387894601423965515272803975673747467934886882223923448239765335448240481452566085802272563720597466427645201091894964527268492191315314157766601
939 15095580544209137214323357508051083037977945465643949672146501830420183201868610513613925202695395936508240585761031859932308446066809254174880571983813078734119476826996016874723919703208831654762
940 24422967797963859691585130068612400534538015609543975927233979742660199566627971985280865808492775332286473968173850124375575049804600085958640168284848818598056863408406357687286963699095247598815
941 39513729541589388365323102961826226067365921336808611675581078488330039354891490865168390514231942137808017424340570681830178716667697172403853180936897132493421468792381761816923604715575247036642
942 63929098659268387440143054589836717559927704012272054060717318879851399989865322404183460485307026733170944251243346381299771500049446096292636802242495160489002246437906774847054872389294062949998
943 103430855146407460836685616575337387410955435390438206743834912820464289021676994671625439320542851758489209360376261043672160377544662958086313641610983499900042222994538028171070123948951765067972
944 167341103393796352109322334181863861177833929390381010969876674338996336809158264066591864872443670616738566858996943009182677566470462710454124529504239228299169786286833204924796415091350771268562
945 270742305737325013382706041677719166093299216057075718723444372959342578554153886129199877067858486438963288084621249176897516414121216514358665865275034011953992994695600636808880075242501342436508
946 438036805711093241463151171597013985084691468603579604714092764900740123704201522463231979855720069148489860305857906628994635213928758127273818392706153090187668188927217218779416419394989109002650
947 708705938081760323986115698141846206588223484119096590521606556377484651354831629834280326852999913047145858147214772759940837641147234383734006514975070378085982534453838145291909099580647515117724
948 1146627969327446712187425543441480857808186120567876973012435688088612046914545195087709578288430723569072203483935203326513785093282704093267030131556627249990508111343614521157790723332405461199699
949 1855154075937938416616544360246198108974915963943039056989421512804458790656859307821513650766771247012825040663903453501747049428135211059627707729808621003952600511473107762999188783513314637562946
950 3001500607404567476976937426420907209284397801450438671428531342697260649687561283721226624593484526229256945640270195917841456196768923270513146650511945032775271924882544954921287245335466205667193
951 4856214776618531795954892943084061516026574930244042605286525492039541927604668589227591470217380097823329847341416524508126641503754704482998590695979028048056500270229497244117335222894001419620100
952 7857028693726540796120835767049907467150920859396599171538849279469310921334515227130594738211832121795597427794799111640465590334653187447598730864028166815128821430753682355528038259109681870676062
953 12712173085479712858044972982962327174988467687669751308538935708218172491550104482520395142467291371023869968297313805950708161480928553305103961733956377724271112771956282385454645191880994142306976
954 20567535878636950063797010435612395542103859445746669011980639946586854317878459699210996022536188095296123285042172164931876710998255941865126996444280177071784691053761561404729239651262443887772566
955 33277120551237106123383250266484552134229022259602470101337472736405386725542567726196877043584353738019094804842218132804739360033878960186964215728811835971626601581113867563780329922053980450224670
956 53840641928635954930237783519877158348991329910038479227722363460185980851150949349258637796164558168962792315320875321175463702629595540692908548953589187762460904433579917676012578249989874025552376
957 87111548453993172608629962502599442135957842594276231964178880337013380755558279616150691924793064699693350203980063756673361153159724786292744233922011972551520896850380406785952703906443950952926746
958 140942592446792857707727890078711296118057921161306862453429780784094812276070540273174803309898934829956920513058060862326278261567949296626146409987158644317165002936958514713913517558082295836449535
959 228039351385600605951804132016908464302980134950586856476430587056652633739268583762154831181638201115077818850951591663022857375446675339617728666882470529590807882155733028156907474924467079615532238
960 368959214068627006086251938726140292966775245721383253133656837459287187668513511265589507613272525872172437504792565171277514118006634197557129304171018889381292183283738871302262145384134327846205506
961 596963733584543677769223236908650067268251907367351530377250693525580748197459064488858950657692013338242017363256641086986951375026461280258589537821981582615777696356819222489586434518622282214630900
962 965869742483640180238700198661685804610220503690929094639686253500830654498524300237990184694933210446294477042129270635155572360327798093164388027222193847242361495408273189116871986889995775210675676
963 1562752500633967250423470178610120016539521809209317382605722199647414365714566154113526483094615981501968489167237830953452309533086467931276765857426423442278626293204392278054124276228852133652677980
964 2528499508194070871021541164474274282607805951036462303442076327582124633148673966634401729379299908468315844480376813259289652149641113486998450739548690201153263897623673072328857837738269179087071743
965 4091066848670016834437225523457953528043438075382687813024687423094991335655785639241186165024367424429313366263326986413109042108347585412243603803740784579970215284571078590790036555323510173173963462
966 6619288524226603737210487430264171511061625028298443692981109592300108626031469393456170892210156227139604071418015194997760653766236031199787785753223794980369095816364407686256774138255647777506101997
967 10709941095764569094319245651941089835887490355520078315062321135780440115022628383790999883380234658695572682709678301777680974882091034993697612711129171741395715772470374098998869092331751366121733866
968 17328616447388126647670836749534867066348120472741130759625657488645240977060915138876663625691645160575906488564526325573099786636496527966884926600945830137667193916269720453205463536018347809031557596
969 28037657991185351834595860878164544798874841261579499727142718801893592340323404427592731735489809084861457555474779567976552757271598067222013990483637576784346421991504898563465173580955627343819274820
970 45364968925033115993366046917751374657445273661755652531077493241776467447709050547983255387510839202938719809518149240729784333716115652656162765730292272161599980937836127622810124726168946157797690236
971 73400757535149610314064821362865617883951176428049096894036806540233947023870395598656790577046642924195790475187553797514222557883884365398704611652137879570872178124549991958133250466360251460989978566
972 118763095338966809706683203769958476020385522705935772763050742479976160030412664842747479642426754634485821176951608340326691291702046311265271808263668467715063761943110644770873060413853132145990284546
973 192160233163263127948477914173048151496898451343384728183706793475966432339168569116395682718997141210464094953055114745066798879305904591155336734821294963241604455518887113075138561094745635118591662614
974 310918504251625361577967892082897277982865234304206657308988173317740872826256918096904768708433196039792883197987328919485699878155776977154478611812871320909267191822803449772405298308206900531629061608
975 503072603860130802834633412992482446648949767657049170480177544212882936593635004188715851771655496381209560187665848836634091957273508432367703596904922902719411396661816560005370959755189211640782140914
976 813983891831446119680614912270186203254878441995887855296370832350081368542131461348427582050153190534396377143605287099030728221683616659825854443390658729605280451939989960192014766966927800301221001152
977 1317049204525866767874512417145055398832971702406134385111198469802392282330355922823045521641616760363071572052146787924711210913849198403393738939474979440124919143936680222069024908375353481964476471220
978 2131028399029388788735320577170664980995094000628354447244754590959732214925213476441833715195156314368511579455014927228764614412521178027343554624458923582987967476497478449903330709566784049753022386945
979 3448081498321090493091418154954408704315628595954707818887863369718738452525527112879827685396109102023064102980218184522442864508009097030998786995968286117653372917849370565469288647246274794699665460030
980 5579134809015032612623338315544746070825747538720587852928228195396556452576514772932266144832700929452177323946384823941289498856499374959798151220797071890909053299534386010551728729416998154348788816340
981 9027286740830699963220828185114341718309703315599435573570680516975818821750180337897025920726985519584659600487699285994539580765448926859282278150105766683865092895082152215339034806460984600482436769574
982 14606584277427244957972712569755464819994248226277991533057726501270202293311018959510887049620827467724203994379187507956345090833227678441606161054857249750748190497184070015682485843657809273679894421197
983 23634213244490833905352699065466069552807471700447028197441416978592105025715954483782982966511675422916247464868314689454465389990083255451034717194692381860530306267134666745671644694524623051721568372282
984 38241478995791331958053941694892673274410673527909199812706722148760799539652982949281461186590396726618468441283956617709526807518701894383419645807593730077294912551332508920258495695834646998243819571530
985 61877001614435780230560912633342703163751451811705820522315747265790973063449025578925128136273918943604434705102163606716786206279048666580205880758856652557672931584944387332424142836328262992845042670094
986 100120933750137841996668301912881645931179542549848995922006773657944429015246967140721201371910002405701378316330815134598601544145515808567672139157025131295637532534969106504869696734700129542759597491836
987 162002445928555765858911640645868780930389095909136263210032318778295660208768907986364180197500692264902656183626270222589808451470544882807029764266173653759627176876528689898630481423652400552219421665050
988 262131553740457077826456086558090009897586995624181646880906449057360388298714773893984743114977123628231475496781016332181315628389652489948053424447091336434975530473441560899950866274766401751618595496952
989 424148642535176080863022288437702632735094470757908007184069923190516988048638773850108688367108603550844565537543639087501190565809654134660178079022078090929099246855453150327185079529913957498811563908936
990 686306181219097491048483829593679428116154971007621131987300947233543253973691946570211869377626654928204338641652846752885777422632395254689453152269466425634651576070844618713878935897659809011132031864322
991 1110500576373930189341743763026246604968106505474147042162656722100392400590380896791540835251970522100353555676455683277603404040083792474737146875163752036671775606131716219557542055208707431746634175416090
992 1796886784831328979897649549777878031093882283630387838997224912617089129525762666906229592642421045276104177284948258702093691952382522427948422562385483356933231914841671582182214328207992921210175607957884
993 2907526549144482463294679975288784768758143649638975824460814556042704671164779172468144076634005371607756293430130192264637869606126432514845471867006402694883456405136166484623979012252497939581713966525212
994 4704654234443543590121314253473228769772966865729936596524727495310250009497247228509197343023528781802162212320165681880979792316716628431072318843077445987413656247722009589874348452131661046502262183760731
995 7612595941807218311520455076400110639856503328140233753494711617787834744948060669009756368650365938949242639927175404055700050430617208532088528279877031687902664665283441201675836931072602274389442895142424
996 12317962946466614695746118342149359502018721363632322576271053152314182534335685256499090800617243829655172026100094352442169664457464271102269193393271216864375943631248943389587497250351847624787174289568641
997 19931778518771485226221441552425215226933289992655326239737771813707488084118452387063658969696434896254267380896545107181349517759758128581681663317706223466326652876328355253987233416669542836270967351291618
998 32251822137153843489448746063808085438380067460258010997489673618463299888819176652862580054955050420660707636936590120268594454638691459443318838383933372563943376239619058611984132001302184928080577956988578
999 52187140678520127928292760139217683432983718939936584284152596607966704090310045876783735308305089226036866301192113973866896226330326625589623101270472428361682987673146489415124331398563089637899119995177384
1000 84444971055597351941623090617848948562946110961638337798556059910315909947910556730459022180516740178285854623841561384642310066634745223410091917445781520133801319472644075536377307032541360214013751479604234
