2026-09-29T12:54:05Z cmd: lake build (default target Research)
✔ [3126/3148] Built Research.SubstSemanticsCheck (6.0s)
⚠ [3134/3158] Built Research.Oeis389472Mod3 (7.4s)
warning: Research/Oeis389472Mod3.lean:99:22: `if_neg` has been deprecated: Use `ite_eq_right` instead
info: Research/Oeis389472Mod3.lean:136:0: 'Oeis389472Mod3.integer_conjecture' depends on axioms: [propext, Classical.choice, Quot.sound]
⚠ [3140/3159] Built Research.HannaA295762 (1.8s)
warning: Research/HannaA295762.lean:40:25: `if_neg` has been deprecated: Use `ite_eq_right` instead
warning: Research/HannaA295762.lean:40:61: `if_pos` has been deprecated: Use `ite_eq_left` instead
warning: Research/HannaA295762.lean:52:29: `if_neg` has been deprecated: Use `ite_eq_right` instead
warning: Research/HannaA295762.lean:56:12: `if_neg` has been deprecated: Use `ite_eq_right` instead
info: Research/HannaA295762.lean:124:0: 'HannaA295762.hanna_a295762' depends on axioms: [propext, Classical.choice, Quot.sound]
⚠ [3142/3159] Built Research.HannaA184894 (1.7s)
warning: Research/HannaA184894.lean:61:25: `if_neg` has been deprecated: Use `ite_eq_right` instead
warning: Research/HannaA184894.lean:91:10: `if_neg` has been deprecated: Use `ite_eq_right` instead
warning: Research/HannaA184894.lean:92:10: `if_pos` has been deprecated: Use `ite_eq_left` instead
info: Research/HannaA184894.lean:127:0: 'HannaA184894.zero_part' depends on axioms: [propext, Classical.choice, Quot.sound]
info: Research/HannaA184894.lean:128:0: 'HannaA184894.value_at_pow' depends on axioms: [propext, Classical.choice, Quot.sound]
info: Research/HannaA184894.lean:129:0: 'HannaA184894.counterexample' depends on axioms: [propext, Classical.choice, Quot.sound]
ℹ [3143/3159] Built Research.HannaA120566 (2.1s)
info: Research/HannaA120566.lean:220:0: 'HannaA120566.hanna_a120566' depends on axioms: [propext, Classical.choice, Quot.sound]
ℹ [3144/3159] Built Research.HannaA388734 (1.8s)
info: Research/HannaA388734.lean:88:0: 'HannaA388734.hanna_a388734' depends on axioms: [propext, Classical.choice, Quot.sound]
ℹ [3150/3165] Built Research.HannaA274479 (2.2s)
info: Research/HannaA274479.lean:169:0: 'HannaA274479.hanna_a274479' depends on axioms: [propext, Classical.choice, Quot.sound]
ℹ [3157/3166] Built Research.HannaA377100 (2.3s)
info: Research/HannaA377100.lean:189:0: 'HannaA377100.hanna_a377100' depends on axioms: [propext, Classical.choice, Quot.sound]
⚠ [3158/3166] Built Research.HannaA338633 (2.0s)
warning: Research/HannaA338633.lean:67:18: `if_neg` has been deprecated: Use `ite_eq_right` instead
warning: Research/HannaA338633.lean:67:54: `if_pos` has been deprecated: Use `ite_eq_left` instead
warning: Research/HannaA338633.lean:79:16: `if_neg` has been deprecated: Use `ite_eq_right` instead
warning: Research/HannaA338633.lean:83:12: `if_neg` has been deprecated: Use `ite_eq_right` instead
warning: Research/HannaA338633.lean:135:35: `if_neg` has been deprecated: Use `ite_eq_right` instead
info: Research/HannaA338633.lean:160:0: 'HannaA338633.hanna_a338633' depends on axioms: [propext, Classical.choice, Quot.sound]
info: Research/HannaA338633.lean:161:0: 'HannaA338633.hanna_a338634' depends on axioms: [propext, Classical.choice, Quot.sound]
⚠ [3159/3166] Built Research.HannaA361047 (2.2s)
warning: Research/HannaA361047.lean:60:6: `if_pos` has been deprecated: Use `ite_eq_left` instead
warning: Research/HannaA361047.lean:65:6: `if_neg` has been deprecated: Use `ite_eq_right` instead
warning: Research/HannaA361047.lean:79:8: `if_neg` has been deprecated: Use `ite_eq_right` instead
warning: Research/HannaA361047.lean:101:10: `if_pos` has been deprecated: Use `ite_eq_left` instead
warning: Research/HannaA361047.lean:102:31: `if_neg` has been deprecated: Use `ite_eq_right` instead
warning: Research/HannaA361047.lean:108:8: `if_neg` has been deprecated: Use `ite_eq_right` instead
info: Research/HannaA361047.lean:260:0: 'HannaA361047.hanna_a361047_pow' depends on axioms: [propext, Classical.choice, Quot.sound]
info: Research/HannaA361047.lean:261:0: 'HannaA361047.hanna_a361047_nonpow' depends on axioms: [propext, Classical.choice, Quot.sound]
⚠ [3160/3166] Built Research.HannaA107099 (2.1s)
warning: Research/HannaA107099.lean:157:50: `if_pos` has been deprecated: Use `ite_eq_left` instead
warning: Research/HannaA107099.lean:159:42: `if_pos` has been deprecated: Use `ite_eq_left` instead
warning: Research/HannaA107099.lean:160:42: `if_neg` has been deprecated: Use `ite_eq_right` instead
warning: Research/HannaA107099.lean:164:22: `if_pos` has been deprecated: Use `ite_eq_left` instead
warning: Research/HannaA107099.lean:185:52: `if_pos` has been deprecated: Use `ite_eq_left` instead
warning: Research/HannaA107099.lean:188:40: `if_pos` has been deprecated: Use `ite_eq_left` instead
warning: Research/HannaA107099.lean:211:57: `if_pos` has been deprecated: Use `ite_eq_left` instead
warning: Research/HannaA107099.lean:222:45: `if_neg` has been deprecated: Use `ite_eq_right` instead
warning: Research/HannaA107099.lean:223:8: `if_neg` has been deprecated: Use `ite_eq_right` instead
warning: Research/HannaA107099.lean:241:61: `if_pos` has been deprecated: Use `ite_eq_left` instead
warning: Research/HannaA107099.lean:280:55: `if_pos` has been deprecated: Use `ite_eq_left` instead
warning: Research/HannaA107099.lean:304:12: `if_pos` has been deprecated: Use `ite_eq_left` instead
warning: Research/HannaA107099.lean:304:23: `if_pos` has been deprecated: Use `ite_eq_left` instead
warning: Research/HannaA107099.lean:304:34: `if_neg` has been deprecated: Use `ite_eq_right` instead
warning: Research/HannaA107099.lean:309:8: `if_neg` has been deprecated: Use `ite_eq_right` instead
warning: Research/HannaA107099.lean:316:10: `if_neg` has been deprecated: Use `ite_eq_right` instead
warning: Research/HannaA107099.lean:316:21: `if_neg` has been deprecated: Use `ite_eq_right` instead
info: Research/HannaA107099.lean:397:0: 'HannaA107099.hanna_a107099' depends on axioms: [propext, Classical.choice, Quot.sound]
info: Research/HannaA107099.lean:398:0: 'HannaA107099.hanna_a107099_counterexample' depends on axioms: [propext, Classical.choice, Quot.sound]
⚠ [3161/3166] Built Research.HannaA301933 (1.9s)
warning: Research/HannaA301933.lean:74:18: `if_neg` has been deprecated: Use `ite_eq_right` instead
warning: Research/HannaA301933.lean:74:54: `if_pos` has been deprecated: Use `ite_eq_left` instead
warning: Research/HannaA301933.lean:86:16: `if_neg` has been deprecated: Use `ite_eq_right` instead
warning: Research/HannaA301933.lean:90:12: `if_neg` has been deprecated: Use `ite_eq_right` instead
info: Research/HannaA301933.lean:145:0: 'HannaA301933.hanna_a301933' depends on axioms: [propext, Classical.choice, Quot.sound]
⚠ [3162/3264] Built Research.HannaA240998 (1.9s)
warning: Research/HannaA240998.lean:49:25: `if_neg` has been deprecated: Use `ite_eq_right` instead
warning: Research/HannaA240998.lean:49:61: `if_pos` has been deprecated: Use `ite_eq_left` instead
warning: Research/HannaA240998.lean:61:29: `if_neg` has been deprecated: Use `ite_eq_right` instead
warning: Research/HannaA240998.lean:65:12: `if_neg` has been deprecated: Use `ite_eq_right` instead
info: Research/HannaA240998.lean:119:0: 'HannaA240998.hanna_a240998' depends on axioms: [propext, Classical.choice, Quot.sound]
⚠ [3877/4038] Built Research.HannaA273958 (2.7s)
warning: Research/HannaA273958.lean:86:18: `if_neg` has been deprecated: Use `ite_eq_right` instead
warning: Research/HannaA273958.lean:86:54: `if_pos` has been deprecated: Use `ite_eq_left` instead
warning: Research/HannaA273958.lean:98:16: `if_neg` has been deprecated: Use `ite_eq_right` instead
warning: Research/HannaA273958.lean:102:12: `if_neg` has been deprecated: Use `ite_eq_right` instead
warning: Research/HannaA273958.lean:137:12: `if_pos` has been deprecated: Use `ite_eq_left` instead
warning: Research/HannaA273958.lean:137:40: `if_pos` has been deprecated: Use `ite_eq_left` instead
warning: Research/HannaA273958.lean:150:10: `if_neg` has been deprecated: Use `ite_eq_right` instead
warning: Research/HannaA273958.lean:150:50: `if_neg` has been deprecated: Use `ite_eq_right` instead
info: Research/HannaA273958.lean:196:0: 'HannaA273958.hanna_a273958' depends on axioms: [propext, Classical.choice, Quot.sound]
⚠ [8938/9300] Built Research.HannaA376230 (2.4s)
warning: Research/HannaA376230.lean:78:6: `if_pos` has been deprecated: Use `ite_eq_left` instead
warning: Research/HannaA376230.lean:97:8: `if_pos` has been deprecated: Use `ite_eq_left` instead
warning: Research/HannaA376230.lean:99:8: `if_neg` has been deprecated: Use `ite_eq_right` instead
warning: Research/HannaA376230.lean:115:10: `if_pos` has been deprecated: Use `ite_eq_left` instead
warning: Research/HannaA376230.lean:117:10: `if_neg` has been deprecated: Use `ite_eq_right` instead
warning: Research/HannaA376230.lean:124:10: `if_neg` has been deprecated: Use `ite_eq_right` instead
warning: Research/HannaA376230.lean:191:10: `if_pos` has been deprecated: Use `ite_eq_left` instead
warning: Research/HannaA376230.lean:191:40: `if_pos` has been deprecated: Use `ite_eq_left` instead
warning: Research/HannaA376230.lean:191:74: `if_pos` has been deprecated: Use `ite_eq_left` instead
warning: Research/HannaA376230.lean:193:10: `if_neg` has been deprecated: Use `ite_eq_right` instead
warning: Research/HannaA376230.lean:205:35: `if_pos` has been deprecated: Use `ite_eq_left` instead
warning: Research/HannaA376230.lean:214:12: `if_pos` has been deprecated: Use `ite_eq_left` instead
warning: Research/HannaA376230.lean:214:23: `if_pos` has been deprecated: Use `ite_eq_left` instead
warning: Research/HannaA376230.lean:215:12: `if_neg` has been deprecated: Use `ite_eq_right` instead
warning: Research/HannaA376230.lean:215:23: `if_neg` has been deprecated: Use `ite_eq_right` instead
warning: Research/HannaA376230.lean:243:26: `if_neg` has been deprecated: Use `ite_eq_right` instead
info: Research/HannaA376230.lean:264:0: 'HannaA376230.hanna_a376230' depends on axioms: [propext, Classical.choice, Quot.sound]
info: Research/HannaA376230.lean:265:0: 'HannaA376230.hanna_a376230_literal_false' depends on axioms: [propext, Classical.choice, Quot.sound]
⚠ [8939/9300] Built Research.HannaA246056 (3.6s)
warning: Research/HannaA246056.lean:54:27: `if_neg` has been deprecated: Use `ite_eq_right` instead
warning: Research/HannaA246056.lean:66:49: `if_neg` has been deprecated: Use `ite_eq_right` instead
warning: Research/HannaA246056.lean:153:6: `if_neg` has been deprecated: Use `ite_eq_right` instead
warning: Research/HannaA246056.lean:188:24: `if_neg` has been deprecated: Use `ite_eq_right` instead
warning: Research/HannaA246056.lean:289:38: `if_neg` has been deprecated: Use `ite_eq_right` instead
warning: Research/HannaA246056.lean:320:8: `if_pos` has been deprecated: Use `ite_eq_left` instead
warning: Research/HannaA246056.lean:320:19: `if_pos` has been deprecated: Use `ite_eq_left` instead
warning: Research/HannaA246056.lean:321:8: `if_neg` has been deprecated: Use `ite_eq_right` instead
warning: Research/HannaA246056.lean:321:19: `if_neg` has been deprecated: Use `ite_eq_right` instead
warning: Research/HannaA246056.lean:327:22: `if_pos` has been deprecated: Use `ite_eq_left` instead
warning: Research/HannaA246056.lean:329:8: `if_pos` has been deprecated: Use `ite_eq_left` instead
warning: Research/HannaA246056.lean:329:19: `if_neg` has been deprecated: Use `ite_eq_right` instead
warning: Research/HannaA246056.lean:330:8: `if_neg` has been deprecated: Use `ite_eq_right` instead
warning: Research/HannaA246056.lean:333:26: `if_neg` has been deprecated: Use `ite_eq_right` instead
warning: Research/HannaA246056.lean:335:8: `if_pos` has been deprecated: Use `ite_eq_left` instead
warning: Research/HannaA246056.lean:335:19: `if_neg` has been deprecated: Use `ite_eq_right` instead
warning: Research/HannaA246056.lean:336:8: `if_neg` has been deprecated: Use `ite_eq_right` instead
warning: Research/HannaA246056.lean:339:26: `if_neg` has been deprecated: Use `ite_eq_right` instead
warning: Research/HannaA246056.lean:340:4: `if_pos` has been deprecated: Use `ite_eq_left` instead
warning: Research/HannaA246056.lean:340:42: `if_pos` has been deprecated: Use `ite_eq_left` instead
info: Research/HannaA246056.lean:424:0: 'HannaA246056.inv12_spec' depends on axioms: [propext, Classical.choice, Quot.sound]
info: Research/HannaA246056.lean:425:0: 'HannaA246056.T_coeff_eq_zero' depends on axioms: [propext, Classical.choice, Quot.sound]
info: Research/HannaA246056.lean:426:0: 'HannaA246056.a_eq_coeff_sum' depends on axioms: [propext, Classical.choice, Quot.sound]
info: Research/HannaA246056.lean:427:0: 'HannaA246056.hanna_a246056_one' depends on axioms: [propext, Classical.choice, Quot.sound]
info: Research/HannaA246056.lean:428:0: 'HannaA246056.hanna_a246056_zero' depends on axioms: [propext, Classical.choice, Quot.sound]
✔ [8940/9300] Built Research.Backfill.Paper3.Challenge (11s)
✔ [8941/9300] Built Research.AxialMSZ.Challenge (10s)
ℹ [8942/9300] Built Research.SwitchingRowCount (3.5s)
info: Research/SwitchingRowCount.lean:71:0: 'SwitchingRow.card_bad_le_two' depends on axioms: [propext, Classical.choice, Quot.sound]
info: Research/SwitchingRowCount.lean:72:0: 'SwitchingRow.card_bad_le_one_of_ne' depends on axioms: [propext, Classical.choice, Quot.sound]
ℹ [8943/9300] Built Research.SwitchingWalkProfile (3.7s)
info: Research/SwitchingWalkProfile.lean:274:0: 'SwitchingWalkProfile.annihilator' depends on axioms: [propext, Classical.choice, Quot.sound]
info: Research/SwitchingWalkProfile.lean:275:0: 'SwitchingWalkProfile.eigen_nonorth' depends on axioms: [propext, Classical.choice, Quot.sound]
info: Research/SwitchingWalkProfile.lean:276:0: 'SwitchingWalkProfile.main_after_switching' depends on axioms: [propext, Classical.choice, Quot.sound]
info: Research/SwitchingWalkProfile.lean:277:0: 'SwitchingWalkProfile.walkRegular_main_after_switching' depends on axioms: [propext, Classical.choice, Quot.sound]
ℹ [8944/9300] Built Research.SwitchingDiam4Cubic (3.7s)
info: Research/SwitchingDiam4Cubic.lean:112:0: 'SwitchingDiam4.no_rat_root' depends on axioms: [propext, Classical.choice, Quot.sound]
info: Research/SwitchingDiam4Cubic.lean:113:0: 'SwitchingDiam4.real_root_unique' depends on axioms: [propext, Classical.choice, Quot.sound]
info: Research/SwitchingDiam4Cubic.lean:114:0: 'SwitchingDiam4.no_eigenvalue_root_cubic' depends on axioms: [propext, Classical.choice, Quot.sound]
ℹ [8945/9300] Built Research.SwitchingThmH (3.5s)
info: Research/SwitchingThmH.lean:70:0: 'SwitchingThmH.two_sqrt_add_seven_le' depends on axioms: [propext, Classical.choice, Quot.sound]
info: Research/SwitchingThmH.lean:71:0: 'SwitchingThmH.row_budget' depends on axioms: [propext, Classical.choice, Quot.sound]
info: Research/SwitchingThmH.lean:72:0: 'SwitchingThmH.sol_subsingleton' depends on axioms: [propext, Classical.choice, Quot.sound]
info: Research/SwitchingThmH.lean:73:0: 'SwitchingThmH.indep_of_irrational' depends on axioms: [propext, Classical.choice, Quot.sound]
⚠ [8946/9300] Built Research.BrauerCMCore (3.5s)
warning: Research/BrauerCMCore.lean:92:60: `if_pos` has been deprecated: Use `ite_eq_left` instead
warning: Research/BrauerCMCore.lean:95:66: `if_neg` has been deprecated: Use `ite_eq_right` instead
warning: Research/BrauerCMCore.lean:208:54: `if_pos` has been deprecated: Use `ite_eq_left` instead
warning: Research/BrauerCMCore.lean:211:58: `if_neg` has been deprecated: Use `ite_eq_right` instead
info: Research/BrauerCMCore.lean:315:0: 'BrauerCMCore.lemmaC' depends on axioms: [propext, Classical.choice, Quot.sound]
info: Research/BrauerCMCore.lean:316:0: 'BrauerCMCore.lemmaB' depends on axioms: [propext, Classical.choice, Quot.sound]
info: Research/BrauerCMCore.lean:319:0: @BrauerCMCore.lemmaC : ∀ {H : Type u_1} (P : H → H → Option (ZMod 2)) (L : H → H → H) (ρ : H ≃ H) (c s : H → ZMod 2)
  [Finite H],
  (∀ (l : H), P l l = some 0) →
    (∀ (l : H), P l (ρ l) = some (s l)) →
      (∀ (l : H), c (ρ l) = c l + 1 + s l) →
        (∀ (i : H), Function.Injective (L i)) →
          (∀ (l : H), Function.Injective fun i => L i l) →
            BrauerCMCore.IsCompleteMapping (BrauerCMCore.mul P) (BrauerCMCore.fC L ρ c)
info: Research/BrauerCMCore.lean:320:0: @BrauerCMCore.lemmaB : ∀ {H : Type u_1} (P : H → H → Option (ZMod 2)) (L : H → H → H) (δ : H ≃ H) (t : H → ZMod 2)
  [Finite H],
  (∀ (l : H), P l l = some 0) →
    (∀ (μ : H), t (δ μ) = t μ + 1) →
      (∀ (i : H), Function.Injective (L i)) →
        (∀ (l : H), Function.Injective fun i => L i l) →
          BrauerCMCore.IsCompleteMapping (BrauerCMCore.mul P) (BrauerCMCore.fB L δ t)
info: Research/BrauerCMCore.lean:321:0: def BrauerCMCore.mul.{u_1} : {H : Type u_1} →
  (H → H → Option (ZMod 2)) → BrauerCMCore.Elt H → BrauerCMCore.Elt H → BrauerCMCore.Elt H :=
fun {H} P x x_1 =>
  match x, x_1 with
  | none, x => none
  | some val, none => none
  | some (i, a, l), some (j, b, m) => Option.map (fun p => (i, a + p + b, m)) (P l j)
info: Research/BrauerCMCore.lean:322:0: def BrauerCMCore.fC.{u_1} : {H : Type u_1} →
  (H → H → H) → H ≃ H → (H → ZMod 2) → BrauerCMCore.Elt H → BrauerCMCore.Elt H :=
fun {H} L ρ c x =>
  match x with
  | none => none
  | some (i, a, l) => if a = c l then some (l, 1 + c l, L i l) else some (ρ l, c (ρ l), L i (ρ l))
info: Research/BrauerCMCore.lean:323:0: def BrauerCMCore.fB.{u_1} : {H : Type u_1} →
  (H → H → H) → H ≃ H → (H → ZMod 2) → BrauerCMCore.Elt H → BrauerCMCore.Elt H :=
fun {H} L δ t x =>
  match x with
  | none => none
  | some (i, a, l) => if a = 1 + t (L i l) then some (l, 1, L i l) else some (l, 0, δ (L i l))
info: Research/BrauerCMCore.lean:324:0: def BrauerCMCore.IsCompleteMapping.{u_2} : {S : Type u_2} → (S → S → S) → (S → S) → Prop :=
fun {S} op α => Function.Bijective α ∧ Function.Bijective fun x => op x (α x)
ℹ [8947/9300] Built Research.HKOTriameter (5.0s)
info: Research/HKOTriameter.lean:503:0: 'HKOTriameter.not_problem1Claim' depends on axioms: [propext, Classical.choice, Quot.sound]
info: Research/HKOTriameter.lean:504:0: 'HKOTriameter.not_problem1ClaimPair' depends on axioms: [propext, Classical.choice, Quot.sound]
info: Research/HKOTriameter.lean:505:0: 'HKOTriameter.not_problem2Claim' depends on axioms: [propext, Classical.choice, Quot.sound]
info: Research/HKOTriameter.lean:506:0: 'HKOTriameter.not_problem2ClaimWeak' depends on axioms: [propext, Classical.choice, Quot.sound]
info: Research/HKOTriameter.lean:507:0: 'HKOTriameter.G1_counterexample' depends on axioms: [propext, Classical.choice, Quot.sound]
info: Research/HKOTriameter.lean:508:0: 'HKOTriameter.G2_counterexample' depends on axioms: [propext, Classical.choice, Quot.sound]
info: Research/HKOTriameter.lean:509:0: 'HKOTriameter.not_question3_G1' depends on axioms: [propext, Classical.choice, Quot.sound]
info: Research/HKOTriameter.lean:510:0: 'HKOTriameter.isPeripheral_iff_isPeripheralPair' depends on axioms: [propext, Classical.choice, Quot.sound]
info: Research/HKOTriameter.lean:511:0: 'HKOTriameter.dist_eq_of_certificate' depends on axioms: [propext, Classical.choice, Quot.sound]
info: Research/HKOTriameter.lean:512:0: 'HKOTriameter.C6_not_median' depends on axioms: [propext, Classical.choice, Quot.sound]
⚠ [8948/9300] Built Research.RM714Weights (97s)
warning: Research/RM714Weights.lean:93:8: `if_pos` has been deprecated: Use `ite_eq_left` instead
warning: Research/RM714Weights.lean:100:8: `if_neg` has been deprecated: Use `ite_eq_right` instead
info: Research/RM714Weights.lean:300:0: 'RM714.rm714_new_weights' depends on axioms: [propext, Classical.choice, Quot.sound]
info: Research/RM714Weights.lean:301:0: 'RM714.weight_map_maskSet' depends on axioms: [propext, Classical.choice, Quot.sound]
⚠ [8949/9300] Built Research.ICGGeneralPath (4.2s)
warning: Research/ICGGeneralPath.lean:120:10: `if_neg` has been deprecated: Use `ite_eq_right` instead
warning: Research/ICGGeneralPath.lean:120:29: `if_neg` has been deprecated: Use `ite_eq_right` instead
warning: Research/ICGGeneralPath.lean:120:48: `if_neg` has been deprecated: Use `ite_eq_right` instead
warning: Research/ICGGeneralPath.lean:125:8: `if_neg` has been deprecated: Use `ite_eq_right` instead
warning: Research/ICGGeneralPath.lean:125:27: `if_neg` has been deprecated: Use `ite_eq_right` instead
warning: Research/ICGGeneralPath.lean:125:46: `if_pos` has been deprecated: Use `ite_eq_left` instead
warning: Research/ICGGeneralPath.lean:136:12: `if_pos` has been deprecated: Use `ite_eq_left` instead
warning: Research/ICGGeneralPath.lean:137:12: `if_neg` has been deprecated: Use `ite_eq_right` instead
warning: Research/ICGGeneralPath.lean:137:22: `if_pos` has been deprecated: Use `ite_eq_left` instead
warning: Research/ICGGeneralPath.lean:158:8: `if_pos` has been deprecated: Use `ite_eq_left` instead
warning: Research/ICGGeneralPath.lean:159:8: `if_neg` has been deprecated: Use `ite_eq_right` instead
warning: Research/ICGGeneralPath.lean:159:18: `if_pos` has been deprecated: Use `ite_eq_left` instead
warning: Research/ICGGeneralPath.lean:262:8: `if_pos` has been deprecated: Use `ite_eq_left` instead
warning: Research/ICGGeneralPath.lean:263:8: `if_neg` has been deprecated: Use `ite_eq_right` instead
warning: Research/ICGGeneralPath.lean:384:39: `if_pos` has been deprecated: Use `ite_eq_left` instead
warning: Research/ICGGeneralPath.lean:395:39: `if_neg` has been deprecated: Use `ite_eq_right` instead
warning: Research/ICGGeneralPath.lean:406:39: `if_neg` has been deprecated: Use `ite_eq_right` instead
warning: Research/ICGGeneralPath.lean:417:39: `if_pos` has been deprecated: Use `ite_eq_left` instead
warning: Research/ICGGeneralPath.lean:456:6: `if_neg` has been deprecated: Use `ite_eq_right` instead
warning: Research/ICGGeneralPath.lean:486:8: `if_pos` has been deprecated: Use `ite_eq_left` instead
⚠ [8950/9300] Replayed Research.CirculantQ3
warning: Research/CirculantQ3.lean:167:20: Used `tac1 <;> tac2` where `(tac1; tac2)` would suffice

Note: This linter can be disabled with `set_option linter.unnecessarySeqFocus false`
info: Research/CirculantQ3.lean:186:0: 'CirculantQ3.coefficient_certificate' depends on axioms: [propext, Classical.choice, Quot.sound]
info: Research/CirculantQ3.lean:187:0: 'CirculantQ3.exactEnergy_eq_energy' depends on axioms: [propext, Classical.choice, Quot.sound]
info: Research/CirculantQ3.lean:188:0: 'CirculantQ3.exactEnergy_unique' depends on axioms: [propext, Classical.choice, Quot.sound]
info: Research/CirculantQ3.lean:189:0: 'CirculantQ3.exactEnergy_strict' depends on axioms: [propext, Classical.choice, Quot.sound]
info: Research/CirculantQ3.lean:190:0: 'CirculantQ3.exactEnergy_star' depends on axioms: [propext, Classical.choice, Quot.sound]
ℹ [8951/9300] Built Research.ICGBridgeSpectral (3.4s)
info: Research/ICGBridgeSpectral.lean:123:0: 'ICGBridge.sum_abs_eigenvalues_eq_sum_norm_dft' depends on axioms: [propext, Classical.choice, Quot.sound]
✔ [8952/9300] Built Research.Backfill.Paper3.Proof.L8.Poly (3.4s)
✔ [8953/9300] Built Research.Backfill.Paper3.Proof.Num.ListPoly (3.4s)
ℹ [8954/9300] Built Research.Carenini (104s)
info: Research/Carenini.lean:650:0: 'Carenini.not_careniniQuestion_six' depends on axioms: [propext, Classical.choice, Quot.sound]
info: Research/Carenini.lean:651:0: 'Carenini.prism_beats_K33' depends on axioms: [propext, Classical.choice, Quot.sound]
info: Research/Carenini.lean:652:0: 'Carenini.K33Iso' depends on axioms: [propext, Classical.choice, Quot.sound]
info: Research/Carenini.lean:653:0: 'Carenini.prismIso' depends on axioms: [propext, Classical.choice, Quot.sound]
info: Research/Carenini.lean:654:0: 'Carenini.K33IsoKddUnion' depends on axioms: [propext, Classical.choice, Quot.sound]
info: Research/Carenini.lean:655:0: 'Carenini.not_careniniQuestion_two_d' depends on axioms: [propext, Classical.choice, Quot.sound]
info: Research/Carenini.lean:656:0: 'Carenini.iCount_one_lt' depends on axioms: [propext, Classical.choice, Quot.sound]
info: Research/Carenini.lean:657:0: 'Carenini.switchedKdd_regular' depends on axioms: [propext, Classical.choice, Quot.sound]
info: Research/Carenini.lean:658:0: 'Carenini.not_careniniQuestion_eight_two' depends on axioms: [propext, Classical.choice, Quot.sound]
info: Research/Carenini.lean:659:0: 'Carenini.not_careniniQuestion_twelve_bip' depends on axioms: [propext, Classical.choice, Quot.sound]
info: Research/Carenini.lean:660:0: 'Carenini.not_careniniQuestion_twelve_top' depends on axioms: [propext, Classical.choice, Quot.sound]
info: Research/Carenini.lean:661:0: 'Carenini.H3_bipartite' does not depend on any axioms
info: Research/Carenini.lean:662:0: 'Carenini.H3_connected' depends on axioms: [propext, Classical.choice, Quot.sound]
info: Research/Carenini.lean:663:0: 'Carenini.KddUnion_two_three_regular' depends on axioms: [propext, Classical.choice, Quot.sound]
✔ [8955/9300] Built Research.Backfill.Paper3.Proof.SSSZ.Finner (3.5s)
✔ [8956/9300] Built Research.Backfill.Paper3.Proof.Small.Defs (238ms)
✔ [8957/9300] Built Research.Backfill.Paper3.Proof.SSSZ.Cut (3.3s)
✔ [8958/9300] Built Research.Backfill.Paper4.Challenge (3.5s)
✔ [8959/9300] Built Research.WordRepTensor.Challenge (3.2s)
✔ [8960/9300] Built Research.Backfill.Paper3.Proof.TS.Switch (3.3s)
ℹ [8961/9300] Built Research.Backfill.Paper3.Proof.Basic (3.8s)
info: Research/Backfill/Paper3/Proof/Basic.lean:239:0: 'P3Basic.check_IGammaFloor' depends on axioms: [propext, Classical.choice, Quot.sound]
info: Research/Backfill/Paper3/Proof/Basic.lean:240:0: 'P3Basic.check_IGammaIso' depends on axioms: [propext, Classical.choice, Quot.sound]
ℹ [8962/9300] Built Research.AxialMSZ.SupplementDChallenge (3.0s)
info: Research/AxialMSZ/SupplementDChallenge.lean:18:0: 'CodexAxial.SupplementChallenge.ExD_axes_in_block' depends on axioms: [propext, Classical.choice, Quot.sound]
info: Research/AxialMSZ/SupplementDChallenge.lean:19:0: 'CodexAxial.SupplementChallenge.ExD_block_not_axial_on_contained_axes' depends on axioms: [propext,
 Classical.choice,
 Quot.sound]
ℹ [8963/9300] Built Research.AxialMSZ.Proof.SimpleIndecomposable (3.2s)
info: Research/AxialMSZ/Proof/SimpleIndecomposable.lean:31:0: 'CodexAxial.simple_not_decomposable' depends on axioms: [propext, Classical.choice, Quot.sound]
ℹ [8964/9300] Built Research.AxialMSZ.Proof.Laws (3.8s)
info: Research/AxialMSZ/Proof/Laws.lean:54:0: 'CodexAxial.check_Laws_facts' depends on axioms: [propext, Classical.choice, Quot.sound]
ℹ [8965/9300] Built Research.AxialMSZ.Proof.ExP (4.1s)
info: Research/AxialMSZ/Proof/ExP.lean:306:0: 'CodexAxial.check_RemarkP' depends on axioms: [propext, Classical.choice, Quot.sound]
info: Research/AxialMSZ/Proof/ExP.lean:307:0: 'CodexAxial.check_ExP_Statement' depends on axioms: [propext, Classical.choice, Quot.sound]
ℹ [8966/9300] Built Research.HKOTriameterDH (4.9s)
info: Research/HKOTriameterDH.lean:309:0: 'HKOTriameter.core' depends on axioms: [propext, Quot.sound]
info: Research/HKOTriameterDH.lean:310:0: 'HKOTriameter.extends_of_no_diametral' depends on axioms: [propext, Classical.choice, Quot.sound]
info: Research/HKOTriameterDH.lean:311:0: 'HKOTriameter.question3_or_question4' depends on axioms: [propext, Classical.choice, Quot.sound]
info: Research/HKOTriameterDH.lean:312:0: 'HKOTriameter.problem3_fourPoint' depends on axioms: [propext, Classical.choice, Quot.sound]
info: Research/HKOTriameterDH.lean:313:0: 'HKOTriameter.problem3ClaimFP' depends on axioms: [propext, Classical.choice, Quot.sound]
info: Research/HKOTriameterDH.lean:314:0: 'HKOTriameter.F1G_fourPoint' depends on axioms: [propext, Classical.choice, Quot.sound]
info: Research/HKOTriameterDH.lean:315:0: 'HKOTriameter.F1G_not_question3'' depends on axioms: [propext, Classical.choice, Quot.sound]
info: Research/HKOTriameterDH.lean:316:0: 'HKOTriameter.F1H_fourPoint' depends on axioms: [propext, Classical.choice, Quot.sound]
info: Research/HKOTriameterDH.lean:317:0: 'HKOTriameter.F1H_not_question4' depends on axioms: [propext, Classical.choice, Quot.sound]
info: Research/HKOTriameterDH.lean:318:0: 'HKOTriameter.G1_not_fourPoint' depends on axioms: [propext, Classical.choice, Quot.sound]
info: Research/HKOTriameterDH.lean:319:0: 'HKOTriameter.G2_fourPoint' depends on axioms: [propext, Classical.choice, Quot.sound]
info: Research/HKOTriameterDH.lean:320:0: 'HKOTriameter.F1G_not_median' depends on axioms: [propext, Classical.choice, Quot.sound]
⚠ [8967/9300] Built Research.ICGGeneralThm5 (5.7s)
warning: Research/ICGGeneralThm5.lean:295:10: `if_pos` has been deprecated: Use `ite_eq_left` instead
warning: Research/ICGGeneralThm5.lean:297:10: `if_neg` has been deprecated: Use `ite_eq_right` instead
warning: Research/ICGGeneralThm5.lean:319:12: `if_pos` has been deprecated: Use `ite_eq_left` instead
warning: Research/ICGGeneralThm5.lean:321:12: `if_neg` has been deprecated: Use `ite_eq_right` instead
warning: Research/ICGGeneralThm5.lean:325:10: `if_pos` has been deprecated: Use `ite_eq_left` instead
info: Research/ICGGeneralThm5.lean:602:0: 'ICGGeneral.thm5_le' depends on axioms: [propext, Classical.choice, Quot.sound]
info: Research/ICGGeneralThm5.lean:603:0: 'ICGGeneral.thm5_eq' depends on axioms: [propext, Classical.choice, Quot.sound]
info: Research/ICGGeneralThm5.lean:604:0: 'ICGGeneral.L1mat_sgnv' depends on axioms: [propext, Classical.choice, Quot.sound]
⚠ [8968/9300] Built Research.ICGBridgeRamanujan (3.8s)
warning: Research/ICGBridgeRamanujan.lean:216:10: `if_pos` has been deprecated: Use `ite_eq_left` instead
warning: Research/ICGBridgeRamanujan.lean:216:32: `if_pos` has been deprecated: Use `ite_eq_left` instead
warning: Research/ICGBridgeRamanujan.lean:219:10: `if_neg` has been deprecated: Use `ite_eq_right` instead
warning: Research/ICGBridgeRamanujan.lean:219:44: `if_neg` has been deprecated: Use `ite_eq_right` instead
warning: Research/ICGBridgeRamanujan.lean:224:10: `if_neg` has been deprecated: Use `ite_eq_right` instead
warning: Research/ICGBridgeRamanujan.lean:227:8: `if_neg` has been deprecated: Use `ite_eq_right` instead
info: Research/ICGBridgeRamanujan.lean:252:0: 'ICGBridge.dft_gcd_class' depends on axioms: [propext, Classical.choice, Quot.sound]
info: Research/ICGBridgeRamanujan.lean:253:0: 'ICGBridge.sum_dvd_stdAddChar' depends on axioms: [propext, Classical.choice, Quot.sound]
✔ [8969/9300] Built Research.Backfill.Paper3.Proof.L8.Bridge (3.4s)
✔ [8970/9300] Built Research.Backfill.Paper3.Proof.L8.Tilt (4.1s)
✔ [8971/9300] Built Research.Backfill.Paper3.Proof.Small.Counts6 (254ms)
✔ [8972/9300] Built Research.Backfill.Paper3.Proof.Num.Loop (3.2s)
✔ [8973/9300] Built Research.Backfill.Paper3.Proof.Small.Counts (10s)
✔ [8974/9300] Built Research.Backfill.Paper3.Proof.SSSZ.Swap (4.0s)
✔ [8975/9300] Built Research.Backfill.Paper3.Proof.Small.Enum (14s)
ℹ [8976/9300] Built Research.Backfill.Paper4.Proof.TriangleFreeIndependentCount (3.1s)
info: Research/Backfill/Paper4/Proof/TriangleFreeIndependentCount.lean:32:0: 'CodexPaper4.TriangleFreeIndependentCount.actual_set_count' depends on axioms: [propext, Classical.choice, Quot.sound]
ℹ [8977/9300] Built Research.Backfill.Paper4.Proof.ReductionBasics (3.1s)
info: Research/Backfill/Paper4/Proof/ReductionBasics.lean:33:0: 'CodexPaper4.check_Sec4_median_triangleFree' depends on axioms: [propext, Classical.choice, Quot.sound]
info: Research/Backfill/Paper4/Proof/ReductionBasics.lean:34:0: 'CodexPaper4.check_Sec4_nonCutVertex' depends on axioms: [propext, Classical.choice, Quot.sound]
ℹ [8978/9300] Built Research.Backfill.Paper4.Proof.RowDist (3.1s)
info: Research/Backfill/Paper4/Proof/RowDist.lean:82:0: 'ClaudePaper4.dist_row' depends on axioms: [propext, Classical.choice, Quot.sound]
info: Research/Backfill/Paper4/Proof/RowDist.lean:83:0: 'ClaudePaper4.not_median_two' depends on axioms: [propext, Classical.choice, Quot.sound]
info: Research/Backfill/Paper4/Proof/RowDist.lean:84:0: 'ClaudePaper4.not_median_zero' depends on axioms: [propext, Classical.choice, Quot.sound]
ℹ [8979/9300] Built Research.Backfill.Paper4.Proof.TriangleFreeFingerprint (3.1s)
info: Research/Backfill/Paper4/Proof/TriangleFreeFingerprint.lean:66:0: 'CodexPaper4.TriangleFreeFingerprint.vertexFingerprint_iso' depends on axioms: [propext, Classical.choice, Quot.sound]
info: Research/Backfill/Paper4/Proof/TriangleFreeFingerprint.lean:67:0: 'CodexPaper4.TriangleFreeFingerprint.graphFingerprint_iso' depends on axioms: [propext, Classical.choice, Quot.sound]
ℹ [8980/9300] Built Research.Backfill.Paper4.Proof.TriangleFreeEnumerationCore (3.3s)
info: Research/Backfill/Paper4/Proof/TriangleFreeEnumerationCore.lean:182:0: 'CodexPaper4.TriangleFreeEnumerationCore.covers_succ' depends on axioms: [propext, Classical.choice, Quot.sound]
info: Research/Backfill/Paper4/Proof/TriangleFreeEnumerationCore.lean:183:0: 'CodexPaper4.TriangleFreeEnumerationCore.covers_through_seven' depends on axioms: [propext,
 Classical.choice,
 Quot.sound]
ℹ [8981/9300] Built Research.Backfill.Paper4.Proof.GridInterval (3.7s)
info: Research/Backfill/Paper4/Proof/GridInterval.lean:169:0: 'CodexPaper4.check_Lemma1' depends on axioms: [propext, Classical.choice, Quot.sound]
ℹ [8982/9300] Built Research.Backfill.Paper4.Proof.GridExamples (4.7s)
info: Research/Backfill/Paper4/Proof/GridExamples.lean:144:0: 'CodexPaper4.check_TheoremA_grid' depends on axioms: [propext, Classical.choice, Quot.sound]
info: Research/Backfill/Paper4/Proof/GridExamples.lean:145:0: 'CodexPaper4.check_TheoremB_grid' depends on axioms: [propext, Classical.choice, Quot.sound]
ℹ [8983/9300] Built Research.Backfill.Paper4.Proof.GraphAutomorphisms (3.0s)
info: Research/Backfill/Paper4/Proof/GraphAutomorphisms.lean:210:0: 'CodexPaper4.check_Sec4_aut' depends on axioms: [propext, Classical.choice, Quot.sound]
ℹ [8984/9300] Built Research.Backfill.Paper4.Proof.ConcreteDHCertificate (3.2s)
info: Research/Backfill/Paper4/Proof/ConcreteDHCertificate.lean:103:0: 'CodexPaper4.ConcreteDHCertificate.isDistanceHereditary' depends on axioms: [propext, Classical.choice, Quot.sound]
ℹ [8985/9300] Built Research.Backfill.Paper4.Proof.Foundation (3.9s)
info: Research/Backfill/Paper4/Proof/Foundation.lean:41:0: 'CodexPaper4.check_Sec5_FP_symm' depends on axioms: [propext, Classical.choice, Quot.sound]
info: Research/Backfill/Paper4/Proof/Foundation.lean:42:0: 'CodexPaper4.check_Sec5_FP_iff_viii' depends on axioms: [propext, Classical.choice, Quot.sound]
info: Research/Backfill/Paper4/Proof/Foundation.lean:43:0: 'CodexPaper4.check_Lemma2' depends on axioms: [propext, Quot.sound]
ℹ [8986/9300] Built Research.Backfill.Paper4.Proof.DHExtensionCore (3.2s)
info: Research/Backfill/Paper4/Proof/DHExtensionCore.lean:111:0: 'CodexPaper4.DHExtensionCore.iso_dist_eq' depends on axioms: [propext, Classical.choice, Quot.sound]
info: Research/Backfill/Paper4/Proof/DHExtensionCore.lean:112:0: 'CodexPaper4.DHExtensionCore.induce_retract' depends on axioms: [propext, Classical.choice, Quot.sound]
info: Research/Backfill/Paper4/Proof/DHExtensionCore.lean:113:0: 'CodexPaper4.DHExtensionCore.embedding_dist_eq' depends on axioms: [propext, Classical.choice, Quot.sound]
ℹ [8987/9300] Built Research.Backfill.Paper4.Proof.DHFourPointBase (5.8s)
info: Research/Backfill/Paper4/Proof/DHFourPointBase.lean:852:0: 'CodexPaper4.DHFourPointBase.fin4_fourPoint' depends on axioms: [propext, Classical.choice, Quot.sound]
ℹ [8988/9300] Built Research.Backfill.Paper4.Proof.MetricBounds (3.6s)
info: Research/Backfill/Paper4/Proof/MetricBounds.lean:64:0: 'CodexPaper4.check_Sec2_bounds' depends on axioms: [propext, Classical.choice, Quot.sound]
✔ [8989/9300] Built Research.WordRepTensor.Proof.WRGraphs (3.7s)
✔ [8990/9300] Built Research.WordRepTensor.Proof.WRWords (3.4s)
✔ [8991/9300] Built Research.Backfill.Paper3.Proof.TS.Invariants (3.4s)
✔ [8992/9300] Built Research.Backfill.Paper3.Proof.TS.Code (3.6s)
✔ [8993/9300] Built Research.Backfill.Paper3.Proof.TS.Connected (3.7s)
✔ [8994/9300] Built Research.Backfill.Paper3.Proof.A.Basic (3.7s)
✔ [8995/9300] Built Research.Backfill.Paper3.Proof.Small.Bridge (3.5s)
ℹ [8996/9300] Built Research.Backfill.Paper3.Proof.Poly (3.4s)
info: Research/Backfill/Paper3/Proof/Poly.lean:74:0: 'P3Basic.check_PolyFacts' depends on axioms: [propext, Classical.choice, Quot.sound]
ℹ [8997/9300] Built Research.AxialMSZ.Proof.PConsequence (3.4s)
info: Research/AxialMSZ/Proof/PConsequence.lean:16:0: 'CodexAxial.FromP.check_Dominance_nonsymmetric' depends on axioms: [propext, Classical.choice, Quot.sound]
⚠ [8998/9300] Built Research.ICGBridgeEnergy (3.7s)
warning: Research/ICGBridgeEnergy.lean:79:8: `if_neg` has been deprecated: Use `ite_eq_right` instead
warning: Research/ICGBridgeEnergy.lean:110:20: `if_true` has been deprecated: Use `ite_true` instead
warning: Research/ICGBridgeEnergy.lean:151:32: `if_true` has been deprecated: Use `ite_true` instead
info: Research/ICGBridgeEnergy.lean:171:0: 'ICGBridge.sum_norm_dft_connFun' depends on axioms: [propext, Classical.choice, Quot.sound]
ℹ [8999/9300] Built Research.AxialMSZ.Proof.ExSBase (5.3s)
info: Research/AxialMSZ/Proof/ExSBase.lean:354:0: 'CodexAxial.SimpleExample.axial' depends on axioms: [propext, Classical.choice, Quot.sound]
✔ [9000/9300] Built Research.Backfill.Paper3.Proof.SSSZ.Cover (3.4s)
✔ [9001/9300] Built Research.Backfill.Paper3.Proof.L8.Core (5.9s)
ℹ [9002/9300] Built Research.Backfill.Paper4.Proof.Reduction (3.1s)
info: Research/Backfill/Paper4/Proof/Reduction.lean:27:0: 'CodexPaper4.check_Sec4_reduction' depends on axioms: [propext, Classical.choice, Quot.sound]
ℹ [9003/9300] Built Research.Backfill.Paper4.Proof.TriangleFreeEnumerationFamily (3.2s)
info: Research/Backfill/Paper4/Proof/TriangleFreeEnumerationFamily.lean:64:0: 'CodexPaper4.TriangleFreeEnumerationFamily.connected_of_rank' depends on axioms: [propext, Quot.sound]
ℹ [9004/9300] Built Research.Backfill.Paper4.Proof.GridMonotone (3.2s)
info: Research/Backfill/Paper4/Proof/GridMonotone.lean:118:0: 'CodexPaper4.check_Sec3_monotonePath' depends on axioms: [propext, Classical.choice, Quot.sound]
ℹ [9005/9300] Built Research.Backfill.Paper4.Proof.H11SubsetCover (3.8s)
info: Research/Backfill/Paper4/Proof/H11SubsetCover.lean:197:0: 'CodexPaper4.H11SubsetCover.all_block_certificates_valid' depends on axioms: [propext, Classical.choice, Quot.sound]
ℹ [9006/9300] Built Research.Backfill.Paper4.Proof.F1HDHData (4.9s)
info: Research/Backfill/Paper4/Proof/F1HDHData.lean:424:0: 'CodexPaper4.F1HDHData.F1H_valid' depends on axioms: [propext, Classical.choice, Quot.sound]
ℹ [9007/9300] Built Research.Backfill.Paper4.Proof.F1GDHData (4.4s)
info: Research/Backfill/Paper4/Proof/F1GDHData.lean:424:0: 'CodexPaper4.F1GDHData.F1G_valid' depends on axioms: [propext, Classical.choice, Quot.sound]
ℹ [9008/9300] Built Research.Backfill.Paper4.Proof.FourPointConsequences (3.2s)
info: Research/Backfill/Paper4/Proof/FourPointConsequences.lean:59:0: 'CodexPaper4.check_Proposition3' depends on axioms: [propext, Classical.choice, Quot.sound]
ℹ [9009/9300] Built Research.Backfill.Paper4.Proof.G2DHData (16s)
info: Research/Backfill/Paper4/Proof/G2DHData.lean:1575:0: 'CodexPaper4.G2DHData.G2_valid' depends on axioms: [propext, Classical.choice, Quot.sound]
ℹ [9010/9300] Built Research.Backfill.Paper4.Proof.CutVertexMetric (3.2s)
info: Research/Backfill/Paper4/Proof/CutVertexMetric.lean:39:0: 'CodexPaper4.CutVertexMetric.dist_eq_add_of_not_reachable_delete' depends on axioms: [propext,
 Classical.choice,
 Quot.sound]
ℹ [9011/9300] Built Research.Backfill.Paper4.Proof.DHExtension (3.4s)
info: Research/Backfill/Paper4/Proof/DHExtension.lean:364:0: 'CodexPaper4.check_BandeltMulder_extension' depends on axioms: [propext, Classical.choice, Quot.sound]
ℹ [9012/9300] Built Research.Backfill.Paper4.Proof.Readings (3.4s)
info: Research/Backfill/Paper4/Proof/Readings.lean:262:0: 'CodexPaper4.check_Sec2_repeated' depends on axioms: [propext, Classical.choice, Quot.sound]
info: Research/Backfill/Paper4/Proof/Readings.lean:263:0: 'CodexPaper4.check_Sec2_readings_Q3' depends on axioms: [propext, Classical.choice, Quot.sound]
info: Research/Backfill/Paper4/Proof/Readings.lean:264:0: 'CodexPaper4.check_Sec2_readings_Q4' depends on axioms: [propext, Classical.choice, Quot.sound]
info: Research/Backfill/Paper4/Proof/Readings.lean:265:0: 'CodexPaper4.check_Sec2_peripheral_iff' depends on axioms: [propext, Classical.choice, Quot.sound]
info: Research/Backfill/Paper4/Proof/Readings.lean:266:0: 'CodexPaper4.check_Sec2_Q3_imp_Q3'' depends on axioms: [propext, Classical.choice, Quot.sound]
info: Research/Backfill/Paper4/Proof/Readings.lean:267:0: 'CodexPaper4.check_Sec2_Q4_imp_Q4'' depends on axioms: [propext, Classical.choice, Quot.sound]
ℹ [9013/9300] Built Research.WordRepTensor.Proof.WRFold (3.8s)
info: Research/WordRepTensor/Proof/WRFold.lean:151:0: 'ClaudeWordRep.lemma1Mu' depends on axioms: [propext, Classical.choice, Quot.sound]
info: Research/WordRepTensor/Proof/WRFold.lean:152:0: 'ClaudeWordRep.lemma1MuExt' depends on axioms: [propext, Classical.choice, Quot.sound]
info: Research/WordRepTensor/Proof/WRFold.lean:153:0: 'ClaudeWordRep.lemma2Mu' depends on axioms: [propext, Classical.choice, Quot.sound]
info: Research/WordRepTensor/Proof/WRFold.lean:154:0: 'ClaudeWordRep.lemma2MuExt' depends on axioms: [propext, Classical.choice, Quot.sound]
ℹ [9014/9300] Built Research.WordRepTensor.Proof.WREmbed (3.3s)
info: Research/WordRepTensor/Proof/WREmbed.lean:124:0: 'ClaudeWordRep.wordRepresentableOfEmbedding' depends on axioms: [propext, Classical.choice, Quot.sound]
info: Research/WordRepTensor/Proof/WREmbed.lean:125:0: 'ClaudeWordRep.embeddingOfHom' depends on axioms: [propext, Quot.sound]
✔ [9015/9300] Built Research.WordRepTensor.Proof.WRWindowData (3.3s)
✔ [9016/9300] Built Research.Backfill.Paper3.Proof.TS.Count (3.4s)
✔ [9017/9300] Built Research.Backfill.Paper3.Proof.TS.Classify (3.4s)
✔ [9018/9300] Built Research.Backfill.Paper3.Proof.A.Blocks (3.6s)
✔ [9019/9300] Built Research.Backfill.Paper3.Proof.A.Lemma1 (3.5s)
✔ [9020/9300] Built Research.Backfill.Paper3.Proof.Small.Cubic (3.4s)
✔ [9021/9300] Built Research.Backfill.Paper3.Proof.L67.W (3.4s)
✔ [9022/9300] Built Research.Backfill.Paper3.Proof.L67.Switch (3.3s)
ℹ [9023/9300] Built Research.Backfill.Paper3.Proof.Tier0 (3.6s)
info: Research/Backfill/Paper3/Proof/Tier0.lean:151:0: 'P3Basic.check_KddIndependentSets' depends on axioms: [propext, Classical.choice, Quot.sound]
info: Research/Backfill/Paper3/Proof/Tier0.lean:152:0: 'P3Basic.check_IntegerForm' depends on axioms: [propext, Classical.choice, Quot.sound]
info: Research/Backfill/Paper3/Proof/Tier0.lean:153:0: 'P3Basic.check_QuestionTrueHalf' depends on axioms: [propext, Classical.choice, Quot.sound]
info: Research/Backfill/Paper3/Proof/Tier0.lean:154:0: 'P3Basic.check_LowGammaExamples' depends on axioms: [propext, Classical.choice, Quot.sound]
info: Research/Backfill/Paper3/Proof/Tier0.lean:155:0: 'P3Basic.check_SethDensity' depends on axioms: [propext, Classical.choice, Quot.sound]
ℹ [9024/9300] Built Research.AxialMSZ.Proof.ExDBase (5.6s)
info: Research/AxialMSZ/Proof/ExDBase.lean:518:0: 'CodexAxial.DecomposableExample.axial' depends on axioms: [propext, Classical.choice, Quot.sound]
ℹ [9025/9300] Built Research.ICGBridgeMain (8.5s)
info: Research/ICGBridgeMain.lean:449:0: 'ICGBridge.energy_icgAdj_eq' depends on axioms: [propext, Classical.choice, Quot.sound]
info: Research/ICGBridgeMain.lean:450:0: 'ICGBridge.energy_icgGraph_eq' depends on axioms: [propext, Classical.choice, Quot.sound]
info: Research/ICGBridgeMain.lean:451:0: 'ICGBridge.roldan_q3_graph_of_arith' depends on axioms: [propext, Classical.choice, Quot.sound]
info: Research/ICGBridgeMain.lean:452:0: 'ICGBridge.roldan_q3_of_arith' depends on axioms: [propext, Classical.choice, Quot.sound]
✔ [9026/9300] Built Research.AxialMSZ.Proof.ExSDecomp (3.7s)
ℹ [9027/9300] Built Research.AxialMSZ.Proof.ExEBase (5.1s)
info: Research/AxialMSZ/Proof/ExEBase.lean:310:0: 'CodexAxial.DominanceExample.axial' depends on axioms: [propext, Classical.choice, Quot.sound]
ℹ [9028/9300] Built Research.AxialMSZ.Proof.ExSSimple (3.7s)
info: Research/AxialMSZ/Proof/ExSSimple.lean:100:0: 'CodexAxial.SimpleExample.simple' depends on axioms: [propext, Classical.choice, Quot.sound]
ℹ [9029/9300] Built Research.Backfill.Paper3.Proof.SSSZ.Main (3.5s)
info: Research/Backfill/Paper3/Proof/SSSZ/Main.lean:36:0: 'P3SSSZ.check_SSSZBound' depends on axioms: [propext, Classical.choice, Quot.sound]
info: Research/Backfill/Paper3/Proof/SSSZ/Main.lean:43:0: 'P3SSSZ.check_KahnZhao' depends on axioms: [propext, Classical.choice, Quot.sound]
info: Research/Backfill/Paper3/Proof/SSSZ/Main.lean:68:0: 'P3SSSZ.check_CareniniProp21' depends on axioms: [propext, Classical.choice, Quot.sound]
info: Research/Backfill/Paper3/Proof/SSSZ/Main.lean:92:0: 'P3SSSZ.check_QuestionTrueZero' depends on axioms: [propext, Classical.choice, Quot.sound]
ℹ [9030/9300] Built Research.Backfill.Paper3.Proof.L8.Main (3.3s)
info: Research/Backfill/Paper3/Proof/L8/Main.lean:73:0: 'P3L8.check_Lemma8' depends on axioms: [propext, Classical.choice, Quot.sound]
info: Research/Backfill/Paper3/Proof/L8/Main.lean:74:0: 'P3L8.check_Lemma8_bddBelow' depends on axioms: [propext, Classical.choice, Quot.sound]
ℹ [9031/9300] Built Research.Backfill.Paper4.Proof.TriangleFreeRepresentativeFingerprint (5.9s)
info: Research/Backfill/Paper4/Proof/TriangleFreeRepresentativeFingerprint.lean:266:0: 'CodexPaper4.TriangleFreeRepresentativeFingerprint.fingerprints_correct' depends on axioms: [propext,
 Classical.choice,
 Quot.sound]
info: Research/Backfill/Paper4/Proof/TriangleFreeRepresentativeFingerprint.lean:267:0: 'CodexPaper4.TriangleFreeRepresentativeFingerprint.representatives_pairwise' depends on axioms: [propext,
 Classical.choice,
 Quot.sound]
ℹ [9032/9300] Built Research.Backfill.Paper4.Proof.TriangleFreeEnumerationParent6P18 (3.6s)
info: Research/Backfill/Paper4/Proof/TriangleFreeEnumerationParent6P18.lean:159:0: 'CodexPaper4.TriangleFreeEnumerationParent6P18.parent_valid' depends on axioms: [propext, Classical.choice, Quot.sound]
info: Research/Backfill/Paper4/Proof/TriangleFreeEnumerationParent6P18.lean:160:0: 'CodexPaper4.TriangleFreeEnumerationParent6P18.parent_layer' depends on axioms: [propext, Classical.choice, Quot.sound]
ℹ [9033/9300] Built Research.Backfill.Paper4.Proof.TriangleFreeEnumerationParent6P17 (3.7s)
info: Research/Backfill/Paper4/Proof/TriangleFreeEnumerationParent6P17.lean:168:0: 'CodexPaper4.TriangleFreeEnumerationParent6P17.parent_valid' depends on axioms: [propext, Classical.choice, Quot.sound]
info: Research/Backfill/Paper4/Proof/TriangleFreeEnumerationParent6P17.lean:169:0: 'CodexPaper4.TriangleFreeEnumerationParent6P17.parent_layer' depends on axioms: [propext, Classical.choice, Quot.sound]
ℹ [9034/9300] Built Research.Backfill.Paper4.Proof.TriangleFreeEnumerationValidity (11s)
info: Research/Backfill/Paper4/Proof/TriangleFreeEnumerationValidity.lean:778:0: 'CodexPaper4.TriangleFreeEnumerationValidity.representatives_valid' depends on axioms: [propext,
 Classical.choice,
 Quot.sound]
ℹ [9035/9300] Built Research.Backfill.Paper4.Proof.TriangleFreeEnumerationParent6P16 (3.9s)
info: Research/Backfill/Paper4/Proof/TriangleFreeEnumerationParent6P16.lean:195:0: 'CodexPaper4.TriangleFreeEnumerationParent6P16.parent_valid' depends on axioms: [propext, Classical.choice, Quot.sound]
info: Research/Backfill/Paper4/Proof/TriangleFreeEnumerationParent6P16.lean:196:0: 'CodexPaper4.TriangleFreeEnumerationParent6P16.parent_layer' depends on axioms: [propext, Classical.choice, Quot.sound]
ℹ [9036/9300] Built Research.Backfill.Paper4.Proof.TriangleFreeEnumerationParent6P15 (3.8s)
info: Research/Backfill/Paper4/Proof/TriangleFreeEnumerationParent6P15.lean:177:0: 'CodexPaper4.TriangleFreeEnumerationParent6P15.parent_valid' depends on axioms: [propext, Classical.choice, Quot.sound]
info: Research/Backfill/Paper4/Proof/TriangleFreeEnumerationParent6P15.lean:178:0: 'CodexPaper4.TriangleFreeEnumerationParent6P15.parent_layer' depends on axioms: [propext, Classical.choice, Quot.sound]
ℹ [9037/9300] Built Research.Backfill.Paper4.Proof.TriangleFreeEnumerationParent6P14 (3.9s)
info: Research/Backfill/Paper4/Proof/TriangleFreeEnumerationParent6P14.lean:177:0: 'CodexPaper4.TriangleFreeEnumerationParent6P14.parent_valid' depends on axioms: [propext, Classical.choice, Quot.sound]
info: Research/Backfill/Paper4/Proof/TriangleFreeEnumerationParent6P14.lean:178:0: 'CodexPaper4.TriangleFreeEnumerationParent6P14.parent_layer' depends on axioms: [propext, Classical.choice, Quot.sound]
ℹ [9038/9300] Built Research.Backfill.Paper4.Proof.TriangleFreeEnumerationParent6P13 (3.9s)
info: Research/Backfill/Paper4/Proof/TriangleFreeEnumerationParent6P13.lean:186:0: 'CodexPaper4.TriangleFreeEnumerationParent6P13.parent_valid' depends on axioms: [propext, Classical.choice, Quot.sound]
info: Research/Backfill/Paper4/Proof/TriangleFreeEnumerationParent6P13.lean:187:0: 'CodexPaper4.TriangleFreeEnumerationParent6P13.parent_layer' depends on axioms: [propext, Classical.choice, Quot.sound]
ℹ [9039/9300] Built Research.Backfill.Paper4.Proof.TriangleFreeEnumerationParent6P12 (3.0s)
info: Research/Backfill/Paper4/Proof/TriangleFreeEnumerationParent6P12.lean:204:0: 'CodexPaper4.TriangleFreeEnumerationParent6P12.parent_valid' depends on axioms: [propext, Classical.choice, Quot.sound]
info: Research/Backfill/Paper4/Proof/TriangleFreeEnumerationParent6P12.lean:205:0: 'CodexPaper4.TriangleFreeEnumerationParent6P12.parent_layer' depends on axioms: [propext, Classical.choice, Quot.sound]
ℹ [9040/9300] Built Research.Backfill.Paper4.Proof.TriangleFreeEnumerationParent6P11 (3.9s)
info: Research/Backfill/Paper4/Proof/TriangleFreeEnumerationParent6P11.lean:186:0: 'CodexPaper4.TriangleFreeEnumerationParent6P11.parent_valid' depends on axioms: [propext, Classical.choice, Quot.sound]
info: Research/Backfill/Paper4/Proof/TriangleFreeEnumerationParent6P11.lean:187:0: 'CodexPaper4.TriangleFreeEnumerationParent6P11.parent_layer' depends on axioms: [propext, Classical.choice, Quot.sound]
ℹ [9041/9300] Built Research.Backfill.Paper4.Proof.TriangleFreeEnumerationParent6P10 (3.0s)
info: Research/Backfill/Paper4/Proof/TriangleFreeEnumerationParent6P10.lean:195:0: 'CodexPaper4.TriangleFreeEnumerationParent6P10.parent_valid' depends on axioms: [propext, Classical.choice, Quot.sound]
info: Research/Backfill/Paper4/Proof/TriangleFreeEnumerationParent6P10.lean:196:0: 'CodexPaper4.TriangleFreeEnumerationParent6P10.parent_layer' depends on axioms: [propext, Classical.choice, Quot.sound]
ℹ [9042/9300] Built Research.Backfill.Paper4.Proof.TriangleFreeEnumerationParent6P09 (3.9s)
info: Research/Backfill/Paper4/Proof/TriangleFreeEnumerationParent6P09.lean:195:0: 'CodexPaper4.TriangleFreeEnumerationParent6P09.parent_valid' depends on axioms: [propext, Classical.choice, Quot.sound]
info: Research/Backfill/Paper4/Proof/TriangleFreeEnumerationParent6P09.lean:196:0: 'CodexPaper4.TriangleFreeEnumerationParent6P09.parent_layer' depends on axioms: [propext, Classical.choice, Quot.sound]
ℹ [9043/9300] Built Research.Backfill.Paper4.Proof.TriangleFreeEnumerationParent6P08 (4.1s)
info: Research/Backfill/Paper4/Proof/TriangleFreeEnumerationParent6P08.lean:213:0: 'CodexPaper4.TriangleFreeEnumerationParent6P08.parent_valid' depends on axioms: [propext, Classical.choice, Quot.sound]
info: Research/Backfill/Paper4/Proof/TriangleFreeEnumerationParent6P08.lean:214:0: 'CodexPaper4.TriangleFreeEnumerationParent6P08.parent_layer' depends on axioms: [propext, Classical.choice, Quot.sound]
ℹ [9044/9300] Built Research.Backfill.Paper4.Proof.TriangleFreeEnumerationParent6P07 (4.0s)
info: Research/Backfill/Paper4/Proof/TriangleFreeEnumerationParent6P07.lean:204:0: 'CodexPaper4.TriangleFreeEnumerationParent6P07.parent_valid' depends on axioms: [propext, Classical.choice, Quot.sound]
info: Research/Backfill/Paper4/Proof/TriangleFreeEnumerationParent6P07.lean:205:0: 'CodexPaper4.TriangleFreeEnumerationParent6P07.parent_layer' depends on axioms: [propext, Classical.choice, Quot.sound]
ℹ [9045/9300] Built Research.Backfill.Paper4.Proof.TriangleFreeEnumerationParent6P06 (4.2s)
info: Research/Backfill/Paper4/Proof/TriangleFreeEnumerationParent6P06.lean:222:0: 'CodexPaper4.TriangleFreeEnumerationParent6P06.parent_valid' depends on axioms: [propext, Classical.choice, Quot.sound]
info: Research/Backfill/Paper4/Proof/TriangleFreeEnumerationParent6P06.lean:223:0: 'CodexPaper4.TriangleFreeEnumerationParent6P06.parent_layer' depends on axioms: [propext, Classical.choice, Quot.sound]
ℹ [9046/9300] Built Research.Backfill.Paper4.Proof.TriangleFreeEnumerationParent6P05 (4.1s)
info: Research/Backfill/Paper4/Proof/TriangleFreeEnumerationParent6P05.lean:213:0: 'CodexPaper4.TriangleFreeEnumerationParent6P05.parent_valid' depends on axioms: [propext, Classical.choice, Quot.sound]
info: Research/Backfill/Paper4/Proof/TriangleFreeEnumerationParent6P05.lean:214:0: 'CodexPaper4.TriangleFreeEnumerationParent6P05.parent_layer' depends on axioms: [propext, Classical.choice, Quot.sound]
ℹ [9047/9300] Built Research.Backfill.Paper4.Proof.TriangleFreeEnumerationParent6P04 (4.2s)
info: Research/Backfill/Paper4/Proof/TriangleFreeEnumerationParent6P04.lean:231:0: 'CodexPaper4.TriangleFreeEnumerationParent6P04.parent_valid' depends on axioms: [propext, Classical.choice, Quot.sound]
info: Research/Backfill/Paper4/Proof/TriangleFreeEnumerationParent6P04.lean:232:0: 'CodexPaper4.TriangleFreeEnumerationParent6P04.parent_layer' depends on axioms: [propext, Classical.choice, Quot.sound]
ℹ [9048/9300] Built Research.Backfill.Paper4.Proof.TriangleFreeEnumerationParent6P03 (4.1s)
info: Research/Backfill/Paper4/Proof/TriangleFreeEnumerationParent6P03.lean:222:0: 'CodexPaper4.TriangleFreeEnumerationParent6P03.parent_valid' depends on axioms: [propext, Classical.choice, Quot.sound]
info: Research/Backfill/Paper4/Proof/TriangleFreeEnumerationParent6P03.lean:223:0: 'CodexPaper4.TriangleFreeEnumerationParent6P03.parent_layer' depends on axioms: [propext, Classical.choice, Quot.sound]
ℹ [9049/9300] Built Research.Backfill.Paper4.Proof.TriangleFreeEnumerationParent6P02 (4.1s)
info: Research/Backfill/Paper4/Proof/TriangleFreeEnumerationParent6P02.lean:240:0: 'CodexPaper4.TriangleFreeEnumerationParent6P02.parent_valid' depends on axioms: [propext, Classical.choice, Quot.sound]
info: Research/Backfill/Paper4/Proof/TriangleFreeEnumerationParent6P02.lean:241:0: 'CodexPaper4.TriangleFreeEnumerationParent6P02.parent_layer' depends on axioms: [propext, Classical.choice, Quot.sound]
ℹ [9050/9300] Built Research.Backfill.Paper4.Proof.TriangleFreeEnumerationParent6P01 (4.1s)
info: Research/Backfill/Paper4/Proof/TriangleFreeEnumerationParent6P01.lean:258:0: 'CodexPaper4.TriangleFreeEnumerationParent6P01.parent_valid' depends on axioms: [propext, Classical.choice, Quot.sound]
info: Research/Backfill/Paper4/Proof/TriangleFreeEnumerationParent6P01.lean:259:0: 'CodexPaper4.TriangleFreeEnumerationParent6P01.parent_layer' depends on axioms: [propext, Classical.choice, Quot.sound]
ℹ [9051/9300] Built Research.Backfill.Paper4.Proof.TriangleFreeEnumerationParent5P05 (3.6s)
info: Research/Backfill/Paper4/Proof/TriangleFreeEnumerationParent5P05.lean:123:0: 'CodexPaper4.TriangleFreeEnumerationParent5P05.parent_valid' depends on axioms: [propext, Classical.choice, Quot.sound]
info: Research/Backfill/Paper4/Proof/TriangleFreeEnumerationParent5P05.lean:124:0: 'CodexPaper4.TriangleFreeEnumerationParent5P05.parent_layer' depends on axioms: [propext, Classical.choice, Quot.sound]
ℹ [9052/9300] Built Research.Backfill.Paper4.Proof.TriangleFreeEnumerationParent6P00 (4.5s)
info: Research/Backfill/Paper4/Proof/TriangleFreeEnumerationParent6P00.lean:321:0: 'CodexPaper4.TriangleFreeEnumerationParent6P00.parent_valid' depends on axioms: [propext, Classical.choice, Quot.sound]
info: Research/Backfill/Paper4/Proof/TriangleFreeEnumerationParent6P00.lean:322:0: 'CodexPaper4.TriangleFreeEnumerationParent6P00.parent_layer' depends on axioms: [propext, Classical.choice, Quot.sound]
ℹ [9053/9300] Built Research.Backfill.Paper4.Proof.TriangleFreeEnumerationParent5P04 (3.6s)
info: Research/Backfill/Paper4/Proof/TriangleFreeEnumerationParent5P04.lean:123:0: 'CodexPaper4.TriangleFreeEnumerationParent5P04.parent_valid' depends on axioms: [propext, Classical.choice, Quot.sound]
info: Research/Backfill/Paper4/Proof/TriangleFreeEnumerationParent5P04.lean:124:0: 'CodexPaper4.TriangleFreeEnumerationParent5P04.parent_layer' depends on axioms: [propext, Classical.choice, Quot.sound]
ℹ [9054/9300] Built Research.Backfill.Paper4.Proof.TriangleFreeEnumerationParent5P03 (3.6s)
info: Research/Backfill/Paper4/Proof/TriangleFreeEnumerationParent5P03.lean:132:0: 'CodexPaper4.TriangleFreeEnumerationParent5P03.parent_valid' depends on axioms: [propext, Classical.choice, Quot.sound]
info: Research/Backfill/Paper4/Proof/TriangleFreeEnumerationParent5P03.lean:133:0: 'CodexPaper4.TriangleFreeEnumerationParent5P03.parent_layer' depends on axioms: [propext, Classical.choice, Quot.sound]
ℹ [9055/9300] Built Research.Backfill.Paper4.Proof.TriangleFreeEnumerationParent5P02 (3.7s)
info: Research/Backfill/Paper4/Proof/TriangleFreeEnumerationParent5P02.lean:141:0: 'CodexPaper4.TriangleFreeEnumerationParent5P02.parent_valid' depends on axioms: [propext, Classical.choice, Quot.sound]
info: Research/Backfill/Paper4/Proof/TriangleFreeEnumerationParent5P02.lean:142:0: 'CodexPaper4.TriangleFreeEnumerationParent5P02.parent_layer' depends on axioms: [propext, Classical.choice, Quot.sound]
ℹ [9056/9300] Built Research.Backfill.Paper4.Proof.TriangleFreeEnumerationParent5P01 (3.8s)
info: Research/Backfill/Paper4/Proof/TriangleFreeEnumerationParent5P01.lean:150:0: 'CodexPaper4.TriangleFreeEnumerationParent5P01.parent_valid' depends on axioms: [propext, Classical.choice, Quot.sound]
info: Research/Backfill/Paper4/Proof/TriangleFreeEnumerationParent5P01.lean:151:0: 'CodexPaper4.TriangleFreeEnumerationParent5P01.parent_layer' depends on axioms: [propext, Classical.choice, Quot.sound]
ℹ [9057/9300] Built Research.Backfill.Paper4.Proof.TriangleFreeEnumerationParent5P00 (3.8s)
info: Research/Backfill/Paper4/Proof/TriangleFreeEnumerationParent5P00.lean:177:0: 'CodexPaper4.TriangleFreeEnumerationParent5P00.parent_valid' depends on axioms: [propext, Classical.choice, Quot.sound]
info: Research/Backfill/Paper4/Proof/TriangleFreeEnumerationParent5P00.lean:178:0: 'CodexPaper4.TriangleFreeEnumerationParent5P00.parent_layer' depends on axioms: [propext, Classical.choice, Quot.sound]
ℹ [9058/9300] Built Research.Backfill.Paper4.Proof.TriangleFreeEnumerationParent4P02 (3.5s)
info: Research/Backfill/Paper4/Proof/TriangleFreeEnumerationParent4P02.lean:87:0: 'CodexPaper4.TriangleFreeEnumerationParent4P02.parent_valid' depends on axioms: [propext, Classical.choice, Quot.sound]
info: Research/Backfill/Paper4/Proof/TriangleFreeEnumerationParent4P02.lean:88:0: 'CodexPaper4.TriangleFreeEnumerationParent4P02.parent_layer' depends on axioms: [propext, Classical.choice, Quot.sound]
ℹ [9059/9300] Built Research.Backfill.Paper4.Proof.TriangleFreeEnumerationParent4P01 (3.5s)
info: Research/Backfill/Paper4/Proof/TriangleFreeEnumerationParent4P01.lean:96:0: 'CodexPaper4.TriangleFreeEnumerationParent4P01.parent_valid' depends on axioms: [propext, Classical.choice, Quot.sound]
info: Research/Backfill/Paper4/Proof/TriangleFreeEnumerationParent4P01.lean:97:0: 'CodexPaper4.TriangleFreeEnumerationParent4P01.parent_layer' depends on axioms: [propext, Classical.choice, Quot.sound]
ℹ [9060/9300] Built Research.Backfill.Paper4.Proof.TriangleFreeEnumerationParent4P00 (3.5s)
info: Research/Backfill/Paper4/Proof/TriangleFreeEnumerationParent4P00.lean:105:0: 'CodexPaper4.TriangleFreeEnumerationParent4P00.parent_valid' depends on axioms: [propext, Classical.choice, Quot.sound]
info: Research/Backfill/Paper4/Proof/TriangleFreeEnumerationParent4P00.lean:106:0: 'CodexPaper4.TriangleFreeEnumerationParent4P00.parent_layer' depends on axioms: [propext, Classical.choice, Quot.sound]
ℹ [9061/9300] Built Research.Backfill.Paper4.Proof.TriangleFreeEnumerationParent3P00 (3.5s)
info: Research/Backfill/Paper4/Proof/TriangleFreeEnumerationParent3P00.lean:69:0: 'CodexPaper4.TriangleFreeEnumerationParent3P00.parent_valid' depends on axioms: [propext, Classical.choice, Quot.sound]
info: Research/Backfill/Paper4/Proof/TriangleFreeEnumerationParent3P00.lean:70:0: 'CodexPaper4.TriangleFreeEnumerationParent3P00.parent_layer' depends on axioms: [propext, Classical.choice, Quot.sound]
ℹ [9062/9300] Built Research.Backfill.Paper4.Proof.TriangleFreeEnumerationSmallLayers (3.5s)
info: Research/Backfill/Paper4/Proof/TriangleFreeEnumerationSmallLayers.lean:105:0: 'CodexPaper4.TriangleFreeEnumerationSmallLayers.small_representatives_valid' depends on axioms: [propext,
 Classical.choice,
 Quot.sound]
info: Research/Backfill/Paper4/Proof/TriangleFreeEnumerationSmallLayers.lean:106:0: 'CodexPaper4.TriangleFreeEnumerationSmallLayers.layer_1' depends on axioms: [propext, Classical.choice, Quot.sound]
info: Research/Backfill/Paper4/Proof/TriangleFreeEnumerationSmallLayers.lean:107:0: 'CodexPaper4.TriangleFreeEnumerationSmallLayers.layer_2' depends on axioms: [propext, Classical.choice, Quot.sound]
ℹ [9063/9300] Built Research.Backfill.Paper4.Proof.DHFourPoint (4.0s)
info: Research/Backfill/Paper4/Proof/DHFourPoint.lean:362:0: 'CodexPaper4.check_BandeltMulder_DH_fourPoint' depends on axioms: [propext, Classical.choice, Quot.sound]
ℹ [9064/9300] Built Research.Backfill.Paper4.Proof.MedianEightReps (7.3s)
info: Research/Backfill/Paper4/Proof/MedianEightReps.lean:312:0: 'ClaudePaper4.L8_pairwise' depends on axioms: [propext, Classical.choice, Quot.sound]
ℹ [9065/9300] Built Research.Backfill.Paper4.Proof.TheoremCFP (3.2s)
info: Research/Backfill/Paper4/Proof/TheoremCFP.lean:93:0: 'CodexPaper4.check_TheoremC_FP' depends on axioms: [propext, Classical.choice, Quot.sound]
ℹ [9066/9300] Built Research.Backfill.Paper4.Proof.MedianMetricTransport (3.5s)
info: Research/Backfill/Paper4/Proof/MedianMetricTransport.lean:148:0: 'CodexPaper4.MedianMetricTransport.dist_eq' depends on axioms: [propext, Classical.choice, Quot.sound]
info: Research/Backfill/Paper4/Proof/MedianMetricTransport.lean:149:0: 'CodexPaper4.MedianMetricTransport.diam_eq' depends on axioms: [propext, Classical.choice, Quot.sound]
info: Research/Backfill/Paper4/Proof/MedianMetricTransport.lean:150:0: 'CodexPaper4.MedianMetricTransport.triameter_eq' depends on axioms: [propext, Classical.choice, Quot.sound]
info: Research/Backfill/Paper4/Proof/MedianMetricTransport.lean:151:0: 'CodexPaper4.MedianMetricTransport.isMedian_iff' depends on axioms: [propext, Classical.choice, Quot.sound]
info: Research/Backfill/Paper4/Proof/MedianMetricTransport.lean:152:0: 'CodexPaper4.MedianMetricTransport.question3'_iff' depends on axioms: [propext, Classical.choice, Quot.sound]
info: Research/Backfill/Paper4/Proof/MedianMetricTransport.lean:153:0: 'CodexPaper4.MedianMetricTransport.question4_iff' depends on axioms: [propext, Classical.choice, Quot.sound]
info: Research/Backfill/Paper4/Proof/MedianMetricTransport.lean:154:0: 'CodexPaper4.MedianMetricTransport.question4'_iff' depends on axioms: [propext, Classical.choice, Quot.sound]
ℹ [9067/9300] Built Research.Backfill.Paper4.Proof.ConcreteCore (3.6s)
info: Research/Backfill/Paper4/Proof/ConcreteCore.lean:152:0: 'CodexPaper4.ConcreteCore.G2_triametral_iff' depends on axioms: [propext, Classical.choice, Quot.sound]
info: Research/Backfill/Paper4/Proof/ConcreteCore.lean:153:0: 'CodexPaper4.check_TheoremA_i' depends on axioms: [propext, Classical.choice, Quot.sound]
info: Research/Backfill/Paper4/Proof/ConcreteCore.lean:154:0: 'CodexPaper4.check_TheoremA_ii' depends on axioms: [propext, Classical.choice, Quot.sound]
info: Research/Backfill/Paper4/Proof/ConcreteCore.lean:155:0: 'CodexPaper4.check_TheoremB_ii' depends on axioms: [propext, Classical.choice, Quot.sound]
ℹ [9068/9300] Built Research.Backfill.Paper4.Proof.H11Metric (4.0s)
info: Research/Backfill/Paper4/Proof/H11Metric.lean:119:0: 'CodexPaper4.H11Metric.H11_dist' depends on axioms: [propext, Classical.choice, Quot.sound]
info: Research/Backfill/Paper4/Proof/H11Metric.lean:120:0: 'CodexPaper4.H11Metric.H11_connected' depends on axioms: [propext, Classical.choice, Quot.sound]
info: Research/Backfill/Paper4/Proof/H11Metric.lean:121:0: 'CodexPaper4.H11Metric.metric_facts' depends on axioms: [propext, Classical.choice, Quot.sound]
ℹ [9069/9300] Built Research.Backfill.Paper4.Proof.HKOFig2Remark (4.6s)
info: Research/Backfill/Paper4/Proof/HKOFig2Remark.lean:130:0: 'CodexPaper4.check_Remark4_iii' depends on axioms: [propext, Classical.choice, Quot.sound]
ℹ [9070/9300] Built Research.Backfill.Paper4.Proof.SmallMetricCertificate (3.3s)
info: Research/Backfill/Paper4/Proof/SmallMetricCertificate.lean:141:0: 'CodexPaper4.SmallMetricCertificate.dist_eq_of_certificate' depends on axioms: [propext, Classical.choice, Quot.sound]
info: Research/Backfill/Paper4/Proof/SmallMetricCertificate.lean:142:0: 'CodexPaper4.SmallMetricCertificate.connected_of_dist' depends on axioms: [propext, Classical.choice, Quot.sound]
info: Research/Backfill/Paper4/Proof/SmallMetricCertificate.lean:143:0: 'CodexPaper4.SmallMetricCertificate.diam_eq_of_table' depends on axioms: [propext, Classical.choice, Quot.sound]
info: Research/Backfill/Paper4/Proof/SmallMetricCertificate.lean:144:0: 'CodexPaper4.SmallMetricCertificate.triameter_eq_of_table' depends on axioms: [propext, Classical.choice, Quot.sound]
info: Research/Backfill/Paper4/Proof/SmallMetricCertificate.lean:145:0: 'CodexPaper4.SmallMetricCertificate.question3'_of_table' depends on axioms: [propext, Classical.choice, Quot.sound]
info: Research/Backfill/Paper4/Proof/SmallMetricCertificate.lean:146:0: 'CodexPaper4.SmallMetricCertificate.question4_of_table' depends on axioms: [propext, Classical.choice, Quot.sound]
info: Research/Backfill/Paper4/Proof/SmallMetricCertificate.lean:147:0: 'CodexPaper4.SmallMetricCertificate.median_of_table' depends on axioms: [propext, Classical.choice, Quot.sound]
info: Research/Backfill/Paper4/Proof/SmallMetricCertificate.lean:148:0: 'CodexPaper4.SmallMetricCertificate.not_median_of_two' depends on axioms: [propext, Classical.choice, Quot.sound]
ℹ [9071/9300] Built Research.Backfill.Paper4.Proof.BasicCorollaries (3.3s)
info: Research/Backfill/Paper4/Proof/BasicCorollaries.lean:28:0: 'CodexPaper4.check_Remark5_i' depends on axioms: [propext, Classical.choice, Quot.sound]
info: Research/Backfill/Paper4/Proof/BasicCorollaries.lean:29:0: 'CodexPaper4.check_Released_fourPoint_facts' depends on axioms: [propext, Classical.choice, Quot.sound]
✔ [9072/9300] Built Research.Backfill.Paper3.Proof.TS.Row (3.3s)
✔ [9073/9300] Built Research.Backfill.Paper3.Proof.A.Prop2 (3.5s)
✔ [9074/9300] Built Research.Backfill.Paper3.Proof.Small.Tables (3.3s)
✔ [9075/9300] Built Research.WordRepTensor.Proof.WRWindow (11s)
✔ [9076/9300] Built Research.Backfill.Paper3.Proof.Small.Labelled (3.3s)
✔ [9077/9300] Built Research.Backfill.Paper3.Proof.L67.Lemma7 (3.8s)
✔ [9078/9300] Built Research.Backfill.Paper3.Proof.L67.Marked (3.6s)
ℹ [9079/9300] Built Research.Backfill.Paper3.Proof.Remark10d (3.7s)
info: Research/Backfill/Paper3/Proof/Remark10d.lean:325:0: 'P3Basic.check_Remark10d' depends on axioms: [propext, Classical.choice, Quot.sound]
✔ [9080/9300] Built Research.Backfill.Paper3.Proof.CD.Pd (3.6s)
✔ [9081/9300] Built Research.Backfill.Paper3.Proof.B.Switch (3.4s)
ℹ [9082/9300] Built Research.AxialMSZ.Proof.ExDFrobenius (3.4s)
info: Research/AxialMSZ/Proof/ExDFrobenius.lean:34:0: 'CodexAxial.DecomposableExample.frobenius_exists' depends on axioms: [propext, Classical.choice, Quot.sound]
ℹ [9083/9300] Built Research.AxialMSZ.Proof.ExDBlock (3.6s)
info: Research/AxialMSZ/Proof/ExDBlock.lean:194:0: 'CodexAxial.DecomposableExample.block_a_exact' depends on axioms: [propext, Classical.choice, Quot.sound]
info: Research/AxialMSZ/Proof/ExDBlock.lean:195:0: 'CodexAxial.DecomposableExample.decomposable_block' depends on axioms: [propext, Classical.choice, Quot.sound]
info: Research/AxialMSZ/Proof/ExDBlock.lean:196:0: 'CodexAxial.DecomposableExample.first_internal_ideal' depends on axioms: [propext, Classical.choice, Quot.sound]
info: Research/AxialMSZ/Proof/ExDBlock.lean:197:0: 'CodexAxial.DecomposableExample.second_internal_ideal' depends on axioms: [propext, Classical.choice, Quot.sound]
info: Research/AxialMSZ/Proof/ExDBlock.lean:198:0: 'CodexAxial.DecomposableExample.notWholeIdeal' depends on axioms: [propext, Classical.choice, Quot.sound]
ℹ [9084/9300] Built Research.ICGBridgeFinal (3.2s)
info: Research/ICGBridgeFinal.lean:78:0: 'ICGBridge.roldan_q3' depends on axioms: [propext, Classical.choice, Quot.sound]
info: Research/ICGBridgeFinal.lean:79:0: 'ICGBridge.roldan_q3_graph' depends on axioms: [propext, Classical.choice, Quot.sound]
info: Research/ICGBridgeFinal.lean:80:0: 'ICGBridge.energy_Dstar' depends on axioms: [propext, Classical.choice, Quot.sound]
info: Research/ICGBridgeFinal.lean:81:0: 'ICGBridge.energy_icgAdj_eq_exactEnergy' depends on axioms: [propext, Classical.choice, Quot.sound]
⚠ [9085/9300] Built Research.ICGGeneralBridge (3.9s)
warning: Research/ICGGeneralBridge.lean:131:10: `if_pos` has been deprecated: Use `ite_eq_left` instead
warning: Research/ICGGeneralBridge.lean:131:32: `if_pos` has been deprecated: Use `ite_eq_left` instead
warning: Research/ICGGeneralBridge.lean:131:54: `if_pos` has been deprecated: Use `ite_eq_left` instead
warning: Research/ICGGeneralBridge.lean:134:10: `if_neg` has been deprecated: Use `ite_eq_right` instead
warning: Research/ICGGeneralBridge.lean:136:12: `if_neg` has been deprecated: Use `ite_eq_right` instead
warning: Research/ICGGeneralBridge.lean:138:12: `if_neg` has been deprecated: Use `ite_eq_right` instead
warning: Research/ICGGeneralBridge.lean:143:10: `if_neg` has been deprecated: Use `ite_eq_right` instead
warning: Research/ICGGeneralBridge.lean:148:10: `if_neg` has been deprecated: Use `ite_eq_right` instead
warning: Research/ICGGeneralBridge.lean:150:10: `if_neg` has been deprecated: Use `ite_eq_right` instead
warning: Research/ICGGeneralBridge.lean:180:27: `if_pos` has been deprecated: Use `ite_eq_left` instead
warning: Research/ICGGeneralBridge.lean:184:8: `if_neg` has been deprecated: Use `ite_eq_right` instead
warning: Research/ICGGeneralBridge.lean:201:10: `if_neg` has been deprecated: Use `ite_eq_right` instead
warning: Research/ICGGeneralBridge.lean:201:20: `if_neg` has been deprecated: Use `ite_eq_right` instead
warning: Research/ICGGeneralBridge.lean:236:19: `if_true` has been deprecated: Use `ite_true` instead
warning: Research/ICGGeneralBridge.lean:324:8: `if_neg` has been deprecated: Use `ite_eq_right` instead
warning: Research/ICGGeneralBridge.lean:326:10: `if_pos` has been deprecated: Use `ite_eq_left` instead
warning: Research/ICGGeneralBridge.lean:326:21: `if_pos` has been deprecated: Use `ite_eq_left` instead
warning: Research/ICGGeneralBridge.lean:327:8: `if_pos` has been deprecated: Use `ite_eq_left` instead
warning: Research/ICGGeneralBridge.lean:332:10: `if_neg` has been deprecated: Use `ite_eq_right` instead
warning: Research/ICGGeneralBridge.lean:332:21: `if_neg` has been deprecated: Use `ite_eq_right` instead
warning: Research/ICGGeneralBridge.lean:334:12: `if_pos` has been deprecated: Use `ite_eq_left` instead
warning: Research/ICGGeneralBridge.lean:334:23: `if_pos` has been deprecated: Use `ite_eq_left` instead
warning: Research/ICGGeneralBridge.lean:338:12: `if_neg` has been deprecated: Use `ite_eq_right` instead
warning: Research/ICGGeneralBridge.lean:338:23: `if_neg` has been deprecated: Use `ite_eq_right` instead
info: Research/ICGGeneralBridge.lean:394:0: 'ICGGeneral.energy_icgAdj_pq' depends on axioms: [propext, Classical.choice, Quot.sound]
ℹ [9086/9300] Built Research.AxialMSZ.Proof.ExEBlocks (3.8s)
info: Research/AxialMSZ/Proof/ExEBlocks.lean:168:0: 'CodexAxial.DominanceExample.blocks_strict' depends on axioms: [propext, Classical.choice, Quot.sound]
info: Research/AxialMSZ/Proof/ExEBlocks.lean:169:0: 'CodexAxial.DominanceExample.indecomposable' depends on axioms: [propext, Classical.choice, Quot.sound]
ℹ [9087/9300] Built Research.AxialMSZ.Proof.ExSGraph (3.4s)
info: Research/AxialMSZ/Proof/ExSGraph.lean:100:0: 'CodexAxial.SimpleExample.disconnected' depends on axioms: [propext, Classical.choice, Quot.sound]
info: Research/AxialMSZ/Proof/ExSGraph.lean:101:0: 'CodexAxial.SimpleExample.components_do_not_annihilate' depends on axioms: [propext, Classical.choice, Quot.sound]
ℹ [9088/9300] Built Research.Backfill.Paper4.Proof.TriangleFreeEnumerationLayers (3.2s)
info: Research/Backfill/Paper4/Proof/TriangleFreeEnumerationLayers.lean:96:0: 'CodexPaper4.TriangleFreeEnumerationLayers.layers' depends on axioms: [propext, Classical.choice, Quot.sound]
ℹ [9089/9300] Built Research.Backfill.Paper4.Proof.MedianEightParent58 (5.6s)
info: Research/Backfill/Paper4/Proof/MedianEightParent58.lean:272:0: 'ClaudePaper4.MedianEightParent58.parent_prop' depends on axioms: [propext, Classical.choice, Quot.sound]
ℹ [9090/9300] Built Research.Backfill.Paper4.Proof.MedianEightParent57 (5.7s)
info: Research/Backfill/Paper4/Proof/MedianEightParent57.lean:283:0: 'ClaudePaper4.MedianEightParent57.parent_prop' depends on axioms: [propext, Classical.choice, Quot.sound]
ℹ [9091/9300] Built Research.Backfill.Paper4.Proof.MedianEightParent56 (5.6s)
info: Research/Backfill/Paper4/Proof/MedianEightParent56.lean:272:0: 'ClaudePaper4.MedianEightParent56.parent_prop' depends on axioms: [propext, Classical.choice, Quot.sound]
ℹ [9092/9300] Built Research.Backfill.Paper4.Proof.MedianEightParent55 (5.9s)
info: Research/Backfill/Paper4/Proof/MedianEightParent55.lean:294:0: 'ClaudePaper4.MedianEightParent55.parent_prop' depends on axioms: [propext, Classical.choice, Quot.sound]
ℹ [9093/9300] Built Research.Backfill.Paper4.Proof.MedianEightParent54 (6.1s)
info: Research/Backfill/Paper4/Proof/MedianEightParent54.lean:305:0: 'ClaudePaper4.MedianEightParent54.parent_prop' depends on axioms: [propext, Classical.choice, Quot.sound]
ℹ [9094/9300] Built Research.Backfill.Paper4.Proof.MedianEightParent53 (7.0s)
info: Research/Backfill/Paper4/Proof/MedianEightParent53.lean:404:0: 'ClaudePaper4.MedianEightParent53.parent_prop' depends on axioms: [propext, Classical.choice, Quot.sound]
ℹ [9095/9300] Built Research.Backfill.Paper4.Proof.MedianEightParent52 (5.9s)
info: Research/Backfill/Paper4/Proof/MedianEightParent52.lean:305:0: 'ClaudePaper4.MedianEightParent52.parent_prop' depends on axioms: [propext, Classical.choice, Quot.sound]
ℹ [9096/9300] Built Research.Backfill.Paper4.Proof.MedianEightParent51 (5.9s)
info: Research/Backfill/Paper4/Proof/MedianEightParent51.lean:290:0: 'ClaudePaper4.MedianEightParent51.parent_prop' depends on axioms: [propext, Classical.choice, Quot.sound]
ℹ [9097/9300] Built Research.Backfill.Paper4.Proof.MedianEightParent50 (5.9s)
info: Research/Backfill/Paper4/Proof/MedianEightParent50.lean:294:0: 'ClaudePaper4.MedianEightParent50.parent_prop' depends on axioms: [propext, Classical.choice, Quot.sound]
ℹ [9098/9300] Built Research.Backfill.Paper4.Proof.MedianEightParent49 (5.9s)
info: Research/Backfill/Paper4/Proof/MedianEightParent49.lean:278:0: 'ClaudePaper4.MedianEightParent49.parent_prop' depends on axioms: [propext, Classical.choice, Quot.sound]
ℹ [9099/9300] Built Research.Backfill.Paper4.Proof.MedianEightParent48 (6.1s)
info: Research/Backfill/Paper4/Proof/MedianEightParent48.lean:301:0: 'ClaudePaper4.MedianEightParent48.parent_prop' depends on axioms: [propext, Classical.choice, Quot.sound]
ℹ [9100/9300] Built Research.Backfill.Paper4.Proof.MedianEightParent47 (6.2s)
info: Research/Backfill/Paper4/Proof/MedianEightParent47.lean:316:0: 'ClaudePaper4.MedianEightParent47.parent_prop' depends on axioms: [propext, Classical.choice, Quot.sound]
ℹ [9101/9300] Built Research.Backfill.Paper4.Proof.MedianEightParent46 (6.4s)
info: Research/Backfill/Paper4/Proof/MedianEightParent46.lean:338:0: 'ClaudePaper4.MedianEightParent46.parent_prop' depends on axioms: [propext, Classical.choice, Quot.sound]
ℹ [9102/9300] Built Research.Backfill.Paper4.Proof.MedianEightParent45 (6.0s)
info: Research/Backfill/Paper4/Proof/MedianEightParent45.lean:316:0: 'ClaudePaper4.MedianEightParent45.parent_prop' depends on axioms: [propext, Classical.choice, Quot.sound]
ℹ [9103/9300] Built Research.Backfill.Paper4.Proof.MedianEightParent44 (6.2s)
info: Research/Backfill/Paper4/Proof/MedianEightParent44.lean:327:0: 'ClaudePaper4.MedianEightParent44.parent_prop' depends on axioms: [propext, Classical.choice, Quot.sound]
ℹ [9104/9300] Built Research.Backfill.Paper4.Proof.MedianEightParent43 (6.4s)
info: Research/Backfill/Paper4/Proof/MedianEightParent43.lean:349:0: 'ClaudePaper4.MedianEightParent43.parent_prop' depends on axioms: [propext, Classical.choice, Quot.sound]
ℹ [9105/9300] Built Research.Backfill.Paper4.Proof.MedianEightParent42 (7.2s)
info: Research/Backfill/Paper4/Proof/MedianEightParent42.lean:415:0: 'ClaudePaper4.MedianEightParent42.parent_prop' depends on axioms: [propext, Classical.choice, Quot.sound]
ℹ [9106/9300] Built Research.Backfill.Paper4.Proof.MedianEightParent41 (6.1s)
info: Research/Backfill/Paper4/Proof/MedianEightParent41.lean:296:0: 'ClaudePaper4.MedianEightParent41.parent_prop' depends on axioms: [propext, Classical.choice, Quot.sound]
ℹ [9107/9300] Built Research.Backfill.Paper4.Proof.MedianEightParent40 (6.2s)
info: Research/Backfill/Paper4/Proof/MedianEightParent40.lean:325:0: 'ClaudePaper4.MedianEightParent40.parent_prop' depends on axioms: [propext, Classical.choice, Quot.sound]
ℹ [9108/9300] Built Research.Backfill.Paper4.Proof.MedianEightParent39 (6.1s)
info: Research/Backfill/Paper4/Proof/MedianEightParent39.lean:296:0: 'ClaudePaper4.MedianEightParent39.parent_prop' depends on axioms: [propext, Classical.choice, Quot.sound]
ℹ [9109/9300] Built Research.Backfill.Paper4.Proof.MedianEightParent38 (5.6s)
info: Research/Backfill/Paper4/Proof/MedianEightParent38.lean:279:0: 'ClaudePaper4.MedianEightParent38.parent_prop' depends on axioms: [propext, Classical.choice, Quot.sound]
ℹ [9110/9300] Built Research.Backfill.Paper4.Proof.MedianEightParent37 (6.3s)
info: Research/Backfill/Paper4/Proof/MedianEightParent37.lean:338:0: 'ClaudePaper4.MedianEightParent37.parent_prop' depends on axioms: [propext, Classical.choice, Quot.sound]
ℹ [9111/9300] Built Research.Backfill.Paper4.Proof.MedianEightParent36 (6.4s)
info: Research/Backfill/Paper4/Proof/MedianEightParent36.lean:319:0: 'ClaudePaper4.MedianEightParent36.parent_prop' depends on axioms: [propext, Classical.choice, Quot.sound]
ℹ [9112/9300] Built Research.Backfill.Paper4.Proof.MedianEightParent35 (6.3s)
info: Research/Backfill/Paper4/Proof/MedianEightParent35.lean:305:0: 'ClaudePaper4.MedianEightParent35.parent_prop' depends on axioms: [propext, Classical.choice, Quot.sound]
ℹ [9113/9300] Built Research.Backfill.Paper4.Proof.MedianEightParent34 (5.7s)
info: Research/Backfill/Paper4/Proof/MedianEightParent34.lean:286:0: 'ClaudePaper4.MedianEightParent34.parent_prop' depends on axioms: [propext, Classical.choice, Quot.sound]
ℹ [9114/9300] Built Research.Backfill.Paper4.Proof.MedianEightParent33 (6.6s)
info: Research/Backfill/Paper4/Proof/MedianEightParent33.lean:360:0: 'ClaudePaper4.MedianEightParent33.parent_prop' depends on axioms: [propext, Classical.choice, Quot.sound]
ℹ [9115/9300] Built Research.Backfill.Paper4.Proof.MedianEightParent32 (6.6s)
info: Research/Backfill/Paper4/Proof/MedianEightParent32.lean:340:0: 'ClaudePaper4.MedianEightParent32.parent_prop' depends on axioms: [propext, Classical.choice, Quot.sound]
ℹ [9116/9300] Built Research.Backfill.Paper4.Proof.MedianEightParent31 (5.7s)
info: Research/Backfill/Paper4/Proof/MedianEightParent31.lean:290:0: 'ClaudePaper4.MedianEightParent31.parent_prop' depends on axioms: [propext, Classical.choice, Quot.sound]
ℹ [9117/9300] Built Research.Backfill.Paper4.Proof.MedianEightParent30 (6.3s)
info: Research/Backfill/Paper4/Proof/MedianEightParent30.lean:349:0: 'ClaudePaper4.MedianEightParent30.parent_prop' depends on axioms: [propext, Classical.choice, Quot.sound]
ℹ [9118/9300] Built Research.Backfill.Paper4.Proof.MedianEightParent29 (6.6s)
info: Research/Backfill/Paper4/Proof/MedianEightParent29.lean:371:0: 'ClaudePaper4.MedianEightParent29.parent_prop' depends on axioms: [propext, Classical.choice, Quot.sound]
ℹ [9119/9300] Built Research.Backfill.Paper4.Proof.MedianEightParent28 (6.6s)
info: Research/Backfill/Paper4/Proof/MedianEightParent28.lean:371:0: 'ClaudePaper4.MedianEightParent28.parent_prop' depends on axioms: [propext, Classical.choice, Quot.sound]
ℹ [9120/9300] Built Research.Backfill.Paper4.Proof.MedianEightParent27 (7.1s)
info: Research/Backfill/Paper4/Proof/MedianEightParent27.lean:426:0: 'ClaudePaper4.MedianEightParent27.parent_prop' depends on axioms: [propext, Classical.choice, Quot.sound]
ℹ [9121/9300] Built Research.Backfill.Paper4.Proof.MedianEightParent26 (7.3s)
info: Research/Backfill/Paper4/Proof/MedianEightParent26.lean:437:0: 'ClaudePaper4.MedianEightParent26.parent_prop' depends on axioms: [propext, Classical.choice, Quot.sound]
ℹ [9122/9300] Built Research.Backfill.Paper4.Proof.MedianEightParent25 (6.2s)
info: Research/Backfill/Paper4/Proof/MedianEightParent25.lean:310:0: 'ClaudePaper4.MedianEightParent25.parent_prop' depends on axioms: [propext, Classical.choice, Quot.sound]
ℹ [9123/9300] Built Research.Backfill.Paper4.Proof.MedianEightParent24 (6.4s)
info: Research/Backfill/Paper4/Proof/MedianEightParent24.lean:321:0: 'ClaudePaper4.MedianEightParent24.parent_prop' depends on axioms: [propext, Classical.choice, Quot.sound]
ℹ [9124/9300] Built Research.Backfill.Paper4.Proof.MedianEightParent23 (5.6s)
info: Research/Backfill/Paper4/Proof/MedianEightParent23.lean:287:0: 'ClaudePaper4.MedianEightParent23.parent_prop' depends on axioms: [propext, Classical.choice, Quot.sound]
ℹ [9125/9300] Built Research.Backfill.Paper4.Proof.MedianEightParent22 (6.5s)
info: Research/Backfill/Paper4/Proof/MedianEightParent22.lean:340:0: 'ClaudePaper4.MedianEightParent22.parent_prop' depends on axioms: [propext, Classical.choice, Quot.sound]
ℹ [9126/9300] Built Research.Backfill.Paper4.Proof.MedianEightParent21 (5.9s)
info: Research/Backfill/Paper4/Proof/MedianEightParent21.lean:315:0: 'ClaudePaper4.MedianEightParent21.parent_prop' depends on axioms: [propext, Classical.choice, Quot.sound]
ℹ [9127/9300] Built Research.Backfill.Paper4.Proof.MedianEightParent19 (5.0s)
info: Research/Backfill/Paper4/Proof/MedianEightParent19.lean:312:0: 'ClaudePaper4.MedianEightParent19.parent_prop' depends on axioms: [propext, Classical.choice, Quot.sound]
ℹ [9128/9300] Built Research.Backfill.Paper4.Proof.MedianEightParent20 (6.9s)
info: Research/Backfill/Paper4/Proof/MedianEightParent20.lean:354:0: 'ClaudePaper4.MedianEightParent20.parent_prop' depends on axioms: [propext, Classical.choice, Quot.sound]
ℹ [9129/9300] Built Research.Backfill.Paper4.Proof.MedianEightParent17 (5.9s)
info: Research/Backfill/Paper4/Proof/MedianEightParent17.lean:297:0: 'ClaudePaper4.MedianEightParent17.parent_prop' depends on axioms: [propext, Classical.choice, Quot.sound]
ℹ [9130/9300] Built Research.Backfill.Paper4.Proof.MedianEightParent18 (6.8s)
info: Research/Backfill/Paper4/Proof/MedianEightParent18.lean:342:0: 'ClaudePaper4.MedianEightParent18.parent_prop' depends on axioms: [propext, Classical.choice, Quot.sound]
ℹ [9131/9300] Built Research.Backfill.Paper4.Proof.MedianEightParent15 (5.0s)
info: Research/Backfill/Paper4/Proof/MedianEightParent15.lean:320:0: 'ClaudePaper4.MedianEightParent15.parent_prop' depends on axioms: [propext, Classical.choice, Quot.sound]
ℹ [9132/9300] Built Research.Backfill.Paper4.Proof.MedianEightParent16 (7.0s)
info: Research/Backfill/Paper4/Proof/MedianEightParent16.lean:379:0: 'ClaudePaper4.MedianEightParent16.parent_prop' depends on axioms: [propext, Classical.choice, Quot.sound]
ℹ [9133/9300] Built Research.Backfill.Paper4.Proof.MedianEightParent14 (6.1s)
info: Research/Backfill/Paper4/Proof/MedianEightParent14.lean:315:0: 'ClaudePaper4.MedianEightParent14.parent_prop' depends on axioms: [propext, Classical.choice, Quot.sound]
ℹ [9134/9300] Built Research.Backfill.Paper4.Proof.MedianEightParent13 (6.6s)
info: Research/Backfill/Paper4/Proof/MedianEightParent13.lean:370:0: 'ClaudePaper4.MedianEightParent13.parent_prop' depends on axioms: [propext, Classical.choice, Quot.sound]
ℹ [9135/9300] Built Research.Backfill.Paper4.Proof.MedianEightParent12 (6.1s)
info: Research/Backfill/Paper4/Proof/MedianEightParent12.lean:333:0: 'ClaudePaper4.MedianEightParent12.parent_prop' depends on axioms: [propext, Classical.choice, Quot.sound]
ℹ [9136/9300] Built Research.Backfill.Paper4.Proof.MedianEightParent11 (6.6s)
info: Research/Backfill/Paper4/Proof/MedianEightParent11.lean:395:0: 'ClaudePaper4.MedianEightParent11.parent_prop' depends on axioms: [propext, Classical.choice, Quot.sound]
ℹ [9137/9300] Built Research.Backfill.Paper4.Proof.MedianEightParent10 (5.6s)
info: Research/Backfill/Paper4/Proof/MedianEightParent10.lean:296:0: 'ClaudePaper4.MedianEightParent10.parent_prop' depends on axioms: [propext, Classical.choice, Quot.sound]
ℹ [9138/9300] Built Research.Backfill.Paper4.Proof.MedianEightParent09 (5.7s)
info: Research/Backfill/Paper4/Proof/MedianEightParent09.lean:303:0: 'ClaudePaper4.MedianEightParent09.parent_prop' depends on axioms: [propext, Classical.choice, Quot.sound]
ℹ [9139/9300] Built Research.Backfill.Paper4.Proof.MedianEightParent08 (5.0s)
info: Research/Backfill/Paper4/Proof/MedianEightParent08.lean:330:0: 'ClaudePaper4.MedianEightParent08.parent_prop' depends on axioms: [propext, Classical.choice, Quot.sound]
ℹ [9140/9300] Built Research.Backfill.Paper4.Proof.MedianEightParent07 (5.9s)
info: Research/Backfill/Paper4/Proof/MedianEightParent07.lean:319:0: 'ClaudePaper4.MedianEightParent07.parent_prop' depends on axioms: [propext, Classical.choice, Quot.sound]
ℹ [9141/9300] Built Research.Backfill.Paper4.Proof.MedianEightParent06 (6.2s)
info: Research/Backfill/Paper4/Proof/MedianEightParent06.lean:370:0: 'ClaudePaper4.MedianEightParent06.parent_prop' depends on axioms: [propext, Classical.choice, Quot.sound]
ℹ [9142/9300] Built Research.Backfill.Paper4.Proof.MedianEightParent05 (6.1s)
info: Research/Backfill/Paper4/Proof/MedianEightParent05.lean:341:0: 'ClaudePaper4.MedianEightParent05.parent_prop' depends on axioms: [propext, Classical.choice, Quot.sound]
ℹ [9143/9300] Built Research.Backfill.Paper4.Proof.MedianEightParent04 (6.5s)
info: Research/Backfill/Paper4/Proof/MedianEightParent04.lean:392:0: 'ClaudePaper4.MedianEightParent04.parent_prop' depends on axioms: [propext, Classical.choice, Quot.sound]
ℹ [9144/9300] Built Research.Backfill.Paper4.Proof.MedianEightParent03 (6.3s)
info: Research/Backfill/Paper4/Proof/MedianEightParent03.lean:363:0: 'ClaudePaper4.MedianEightParent03.parent_prop' depends on axioms: [propext, Classical.choice, Quot.sound]
ℹ [9145/9300] Built Research.Backfill.Paper4.Proof.MedianEightParent02 (6.7s)
info: Research/Backfill/Paper4/Proof/MedianEightParent02.lean:405:0: 'ClaudePaper4.MedianEightParent02.parent_prop' depends on axioms: [propext, Classical.choice, Quot.sound]
ℹ [9146/9300] Built Research.Backfill.Paper4.Proof.MedianEightParent01 (7.3s)
info: Research/Backfill/Paper4/Proof/MedianEightParent01.lean:469:0: 'ClaudePaper4.MedianEightParent01.parent_prop' depends on axioms: [propext, Classical.choice, Quot.sound]
ℹ [9147/9300] Built Research.Backfill.Paper4.Proof.DHFourPointConsequences (3.2s)
info: Research/Backfill/Paper4/Proof/DHFourPointConsequences.lean:27:0: 'CodexPaper4.check_TheoremC_i' depends on axioms: [propext, Classical.choice, Quot.sound]
info: Research/Backfill/Paper4/Proof/DHFourPointConsequences.lean:28:0: 'CodexPaper4.check_TheoremC_ii' depends on axioms: [propext, Classical.choice, Quot.sound]
info: Research/Backfill/Paper4/Proof/DHFourPointConsequences.lean:29:0: 'CodexPaper4.check_Sec3_DH_noQ4_imp_Q3' depends on axioms: [propext, Classical.choice, Quot.sound]
ℹ [9148/9300] Built Research.Backfill.Paper4.Proof.AutCount (3.4s)
info: Research/Backfill/Paper4/Proof/AutCount.lean:250:0: 'ClaudePaper4.AutCount.orbit_card' depends on axioms: [propext, Classical.choice, Quot.sound]
info: Research/Backfill/Paper4/Proof/AutCount.lean:251:0: 'ClaudePaper4.AutCount.card_step' depends on axioms: [propext, Classical.choice, Quot.sound]
info: Research/Backfill/Paper4/Proof/AutCount.lean:252:0: 'ClaudePaper4.AutCount.card_one_of_col' depends on axioms: [propext, Classical.choice, Quot.sound]
ℹ [9149/9300] Built Research.Backfill.Paper4.Proof.MedianEightParent00 (9.2s)
info: Research/Backfill/Paper4/Proof/MedianEightParent00.lean:624:0: 'ClaudePaper4.MedianEightParent00.parent_prop' depends on axioms: [propext, Classical.choice, Quot.sound]
ℹ [9150/9300] Built Research.Backfill.Paper4.Proof.G2DistanceHereditary (3.2s)
info: Research/Backfill/Paper4/Proof/G2DistanceHereditary.lean:28:0: 'CodexPaper4.G2DistanceHereditary.G2_distanceHereditary' depends on axioms: [propext, Classical.choice, Quot.sound]
info: Research/Backfill/Paper4/Proof/G2DistanceHereditary.lean:29:0: 'CodexPaper4.check_TheoremB_i' depends on axioms: [propext, Classical.choice, Quot.sound]
info: Research/Backfill/Paper4/Proof/G2DistanceHereditary.lean:30:0: 'CodexPaper4.check_Sec3_medianDH_noQ4' depends on axioms: [propext, Classical.choice, Quot.sound]
ℹ [9151/9300] Built Research.Backfill.Paper4.Proof.ConcreteRemarks (3.3s)
info: Research/Backfill/Paper4/Proof/ConcreteRemarks.lean:47:0: 'CodexPaper4.check_Remark4_ii' depends on axioms: [propext, Classical.choice, Quot.sound]
info: Research/Backfill/Paper4/Proof/ConcreteRemarks.lean:48:0: 'CodexPaper4.check_Sec8_open' depends on axioms: [propext, Classical.choice, Quot.sound]
info: Research/Backfill/Paper4/Proof/ConcreteRemarks.lean:49:0: 'CodexPaper4.check_Sec2_problem2_altReading' depends on axioms: [propext, Classical.choice, Quot.sound]
ℹ [9152/9300] Built Research.Backfill.Paper4.Proof.H11DHBlock00 (4.1s)
info: Research/Backfill/Paper4/Proof/H11DHBlock00.lean:350:0: 'CodexPaper4.H11DHBlock00.block_valid' depends on axioms: [propext, Classical.choice, Quot.sound]
ℹ [9153/9300] Built Research.Backfill.Paper4.Proof.H11DHBlock01 (4.3s)
info: Research/Backfill/Paper4/Proof/H11DHBlock01.lean:350:0: 'CodexPaper4.H11DHBlock01.block_valid' depends on axioms: [propext, Classical.choice, Quot.sound]
ℹ [9154/9300] Built Research.Backfill.Paper4.Proof.H11DHBlock02 (4.3s)
info: Research/Backfill/Paper4/Proof/H11DHBlock02.lean:350:0: 'CodexPaper4.H11DHBlock02.block_valid' depends on axioms: [propext, Classical.choice, Quot.sound]
ℹ [9155/9300] Built Research.Backfill.Paper4.Proof.H11DHBlock03 (4.4s)
info: Research/Backfill/Paper4/Proof/H11DHBlock03.lean:350:0: 'CodexPaper4.H11DHBlock03.block_valid' depends on axioms: [propext, Classical.choice, Quot.sound]
ℹ [9156/9300] Built Research.Backfill.Paper4.Proof.H11DHBlock04 (4.2s)
info: Research/Backfill/Paper4/Proof/H11DHBlock04.lean:350:0: 'CodexPaper4.H11DHBlock04.block_valid' depends on axioms: [propext, Classical.choice, Quot.sound]
ℹ [9157/9300] Built Research.Backfill.Paper4.Proof.H11DHBlock05 (4.4s)
info: Research/Backfill/Paper4/Proof/H11DHBlock05.lean:350:0: 'CodexPaper4.H11DHBlock05.block_valid' depends on axioms: [propext, Classical.choice, Quot.sound]
ℹ [9158/9300] Built Research.Backfill.Paper4.Proof.H11DHBlock06 (4.3s)
info: Research/Backfill/Paper4/Proof/H11DHBlock06.lean:350:0: 'CodexPaper4.H11DHBlock06.block_valid' depends on axioms: [propext, Classical.choice, Quot.sound]
ℹ [9159/9300] Built Research.Backfill.Paper4.Proof.H11DHBlock07 (4.5s)
info: Research/Backfill/Paper4/Proof/H11DHBlock07.lean:350:0: 'CodexPaper4.H11DHBlock07.block_valid' depends on axioms: [propext, Classical.choice, Quot.sound]
ℹ [9160/9300] Built Research.Backfill.Paper4.Proof.H11DHBlock08 (4.3s)
info: Research/Backfill/Paper4/Proof/H11DHBlock08.lean:350:0: 'CodexPaper4.H11DHBlock08.block_valid' depends on axioms: [propext, Classical.choice, Quot.sound]
ℹ [9161/9300] Built Research.Backfill.Paper4.Proof.H11DHBlock09 (4.4s)
info: Research/Backfill/Paper4/Proof/H11DHBlock09.lean:350:0: 'CodexPaper4.H11DHBlock09.block_valid' depends on axioms: [propext, Classical.choice, Quot.sound]
ℹ [9162/9300] Built Research.Backfill.Paper4.Proof.H11DHBlock10 (4.4s)
info: Research/Backfill/Paper4/Proof/H11DHBlock10.lean:350:0: 'CodexPaper4.H11DHBlock10.block_valid' depends on axioms: [propext, Classical.choice, Quot.sound]
ℹ [9163/9300] Built Research.Backfill.Paper4.Proof.H11DHBlock11 (4.6s)
info: Research/Backfill/Paper4/Proof/H11DHBlock11.lean:350:0: 'CodexPaper4.H11DHBlock11.block_valid' depends on axioms: [propext, Classical.choice, Quot.sound]
ℹ [9164/9300] Built Research.Backfill.Paper4.Proof.H11DHBlock12 (4.6s)
info: Research/Backfill/Paper4/Proof/H11DHBlock12.lean:350:0: 'CodexPaper4.H11DHBlock12.block_valid' depends on axioms: [propext, Classical.choice, Quot.sound]
ℹ [9165/9300] Built Research.Backfill.Paper4.Proof.H11DHBlock13 (4.6s)
info: Research/Backfill/Paper4/Proof/H11DHBlock13.lean:350:0: 'CodexPaper4.H11DHBlock13.block_valid' depends on axioms: [propext, Classical.choice, Quot.sound]
ℹ [9166/9300] Built Research.Backfill.Paper4.Proof.H11DHBlock14 (4.6s)
info: Research/Backfill/Paper4/Proof/H11DHBlock14.lean:350:0: 'CodexPaper4.H11DHBlock14.block_valid' depends on axioms: [propext, Classical.choice, Quot.sound]
ℹ [9167/9300] Built Research.Backfill.Paper4.Proof.H11DHBlock15 (4.7s)
info: Research/Backfill/Paper4/Proof/H11DHBlock15.lean:350:0: 'CodexPaper4.H11DHBlock15.block_valid' depends on axioms: [propext, Classical.choice, Quot.sound]
ℹ [9168/9300] Built Research.Backfill.Paper4.Proof.H11DHBlock16 (4.3s)
info: Research/Backfill/Paper4/Proof/H11DHBlock16.lean:350:0: 'CodexPaper4.H11DHBlock16.block_valid' depends on axioms: [propext, Classical.choice, Quot.sound]
ℹ [9169/9300] Built Research.Backfill.Paper4.Proof.H11DHBlock17 (4.4s)
info: Research/Backfill/Paper4/Proof/H11DHBlock17.lean:350:0: 'CodexPaper4.H11DHBlock17.block_valid' depends on axioms: [propext, Classical.choice, Quot.sound]
ℹ [9170/9300] Built Research.Backfill.Paper4.Proof.H11DHBlock18 (4.4s)
info: Research/Backfill/Paper4/Proof/H11DHBlock18.lean:350:0: 'CodexPaper4.H11DHBlock18.block_valid' depends on axioms: [propext, Classical.choice, Quot.sound]
ℹ [9171/9300] Built Research.Backfill.Paper4.Proof.H11DHBlock19 (4.5s)
info: Research/Backfill/Paper4/Proof/H11DHBlock19.lean:350:0: 'CodexPaper4.H11DHBlock19.block_valid' depends on axioms: [propext, Classical.choice, Quot.sound]
ℹ [9172/9300] Built Research.Backfill.Paper4.Proof.H11DHBlock20 (4.4s)
info: Research/Backfill/Paper4/Proof/H11DHBlock20.lean:350:0: 'CodexPaper4.H11DHBlock20.block_valid' depends on axioms: [propext, Classical.choice, Quot.sound]
ℹ [9173/9300] Built Research.Backfill.Paper4.Proof.H11DHBlock21 (4.5s)
info: Research/Backfill/Paper4/Proof/H11DHBlock21.lean:350:0: 'CodexPaper4.H11DHBlock21.block_valid' depends on axioms: [propext, Classical.choice, Quot.sound]
ℹ [9174/9300] Built Research.Backfill.Paper4.Proof.H11DHBlock22 (4.5s)
info: Research/Backfill/Paper4/Proof/H11DHBlock22.lean:350:0: 'CodexPaper4.H11DHBlock22.block_valid' depends on axioms: [propext, Classical.choice, Quot.sound]
ℹ [9175/9300] Built Research.Backfill.Paper4.Proof.H11DHBlock23 (4.7s)
info: Research/Backfill/Paper4/Proof/H11DHBlock23.lean:350:0: 'CodexPaper4.H11DHBlock23.block_valid' depends on axioms: [propext, Classical.choice, Quot.sound]
ℹ [9176/9300] Built Research.Backfill.Paper4.Proof.H11DHBlock24 (4.4s)
info: Research/Backfill/Paper4/Proof/H11DHBlock24.lean:350:0: 'CodexPaper4.H11DHBlock24.block_valid' depends on axioms: [propext, Classical.choice, Quot.sound]
ℹ [9177/9300] Built Research.Backfill.Paper4.Proof.H11DHBlock25 (4.6s)
info: Research/Backfill/Paper4/Proof/H11DHBlock25.lean:350:0: 'CodexPaper4.H11DHBlock25.block_valid' depends on axioms: [propext, Classical.choice, Quot.sound]
ℹ [9178/9300] Built Research.Backfill.Paper4.Proof.H11DHBlock26 (4.6s)
info: Research/Backfill/Paper4/Proof/H11DHBlock26.lean:350:0: 'CodexPaper4.H11DHBlock26.block_valid' depends on axioms: [propext, Classical.choice, Quot.sound]
ℹ [9179/9300] Built Research.Backfill.Paper4.Proof.H11DHBlock27 (4.7s)
info: Research/Backfill/Paper4/Proof/H11DHBlock27.lean:350:0: 'CodexPaper4.H11DHBlock27.block_valid' depends on axioms: [propext, Classical.choice, Quot.sound]
ℹ [9180/9300] Built Research.Backfill.Paper4.Proof.H11DHBlock28 (4.5s)
info: Research/Backfill/Paper4/Proof/H11DHBlock28.lean:350:0: 'CodexPaper4.H11DHBlock28.block_valid' depends on axioms: [propext, Classical.choice, Quot.sound]
ℹ [9181/9300] Built Research.Backfill.Paper4.Proof.H11DHBlock29 (4.6s)
info: Research/Backfill/Paper4/Proof/H11DHBlock29.lean:350:0: 'CodexPaper4.H11DHBlock29.block_valid' depends on axioms: [propext, Classical.choice, Quot.sound]
ℹ [9182/9300] Built Research.Backfill.Paper4.Proof.H11DHBlock30 (4.7s)
info: Research/Backfill/Paper4/Proof/H11DHBlock30.lean:350:0: 'CodexPaper4.H11DHBlock30.block_valid' depends on axioms: [propext, Classical.choice, Quot.sound]
ℹ [9183/9300] Built Research.Backfill.Paper4.Proof.H11DHBlock31 (4.8s)
info: Research/Backfill/Paper4/Proof/H11DHBlock31.lean:350:0: 'CodexPaper4.H11DHBlock31.block_valid' depends on axioms: [propext, Classical.choice, Quot.sound]
ℹ [9184/9300] Built Research.Backfill.Paper4.Proof.NonDHExamples (3.5s)
info: Research/Backfill/Paper4/Proof/NonDHExamples.lean:134:0: 'CodexPaper4.NonDHExamples.G1_not_distanceHereditary' depends on axioms: [propext, Classical.choice, Quot.sound]
info: Research/Backfill/Paper4/Proof/NonDHExamples.lean:135:0: 'CodexPaper4.NonDHExamples.HKOFig2_not_distanceHereditary' depends on axioms: [propext, Classical.choice, Quot.sound]
info: Research/Backfill/Paper4/Proof/NonDHExamples.lean:136:0: 'CodexPaper4.check_Sec3_MO_notDH' depends on axioms: [propext, Classical.choice, Quot.sound]
✔ [9185/9300] Built Research.Backfill.Paper4.Proof.MedianEightRepFacts0 (12s)
✔ [9186/9300] Built Research.Backfill.Paper4.Proof.MedianEightRepFacts1 (12s)
✔ [9187/9300] Built Research.Backfill.Paper4.Proof.MedianEightRepFacts2 (12s)
✔ [9188/9300] Built Research.Backfill.Paper4.Proof.MedianEightRepFacts3 (12s)
✔ [9189/9300] Built Research.Backfill.Paper4.Proof.MedianEightRepFacts4 (12s)
✔ [9190/9300] Built Research.Backfill.Paper4.Proof.MedianEightRepFacts5 (12s)
✔ [9191/9300] Built Research.Backfill.Paper4.Proof.MedianEightRepFacts6 (11s)
ℹ [9192/9300] Built Research.Backfill.Paper4.Proof.SmallMedianClassificationBlock08 (4.4s)
info: Research/Backfill/Paper4/Proof/SmallMedianClassificationBlock08.lean:292:0: 'CodexPaper4.SmallMedianClassificationBlock08.classify_7_50' depends on axioms: [propext, Classical.choice, Quot.sound]
info: Research/Backfill/Paper4/Proof/SmallMedianClassificationBlock08.lean:293:0: 'CodexPaper4.SmallMedianClassificationBlock08.classify_7_51' depends on axioms: [propext, Classical.choice, Quot.sound]
info: Research/Backfill/Paper4/Proof/SmallMedianClassificationBlock08.lean:294:0: 'CodexPaper4.SmallMedianClassificationBlock08.classify_7_52' depends on axioms: [propext, Classical.choice, Quot.sound]
info: Research/Backfill/Paper4/Proof/SmallMedianClassificationBlock08.lean:295:0: 'CodexPaper4.SmallMedianClassificationBlock08.classify_7_53' depends on axioms: [propext, Classical.choice, Quot.sound]
info: Research/Backfill/Paper4/Proof/SmallMedianClassificationBlock08.lean:296:0: 'CodexPaper4.SmallMedianClassificationBlock08.classify_7_54' depends on axioms: [propext, Classical.choice, Quot.sound]
info: Research/Backfill/Paper4/Proof/SmallMedianClassificationBlock08.lean:297:0: 'CodexPaper4.SmallMedianClassificationBlock08.classify_7_55' depends on axioms: [propext, Classical.choice, Quot.sound]
info: Research/Backfill/Paper4/Proof/SmallMedianClassificationBlock08.lean:298:0: 'CodexPaper4.SmallMedianClassificationBlock08.classify_7_56' depends on axioms: [propext, Classical.choice, Quot.sound]
info: Research/Backfill/Paper4/Proof/SmallMedianClassificationBlock08.lean:299:0: 'CodexPaper4.SmallMedianClassificationBlock08.classify_7_57' depends on axioms: [propext, Classical.choice, Quot.sound]
info: Research/Backfill/Paper4/Proof/SmallMedianClassificationBlock08.lean:300:0: 'CodexPaper4.SmallMedianClassificationBlock08.classify_7_58' depends on axioms: [propext, Classical.choice, Quot.sound]
✔ [9193/9300] Built Research.Backfill.Paper4.Proof.SmallMedianFacts (20s)
ℹ [9194/9300] Built Research.Backfill.Paper4.Proof.SmallMedianClassificationBlock07 (4.5s)
info: Research/Backfill/Paper4/Proof/SmallMedianClassificationBlock07.lean:315:0: 'CodexPaper4.SmallMedianClassificationBlock07.classify_7_40' depends on axioms: [propext, Classical.choice, Quot.sound]
info: Research/Backfill/Paper4/Proof/SmallMedianClassificationBlock07.lean:316:0: 'CodexPaper4.SmallMedianClassificationBlock07.classify_7_41' depends on axioms: [propext, Classical.choice, Quot.sound]
info: Research/Backfill/Paper4/Proof/SmallMedianClassificationBlock07.lean:317:0: 'CodexPaper4.SmallMedianClassificationBlock07.classify_7_42' depends on axioms: [propext, Classical.choice, Quot.sound]
info: Research/Backfill/Paper4/Proof/SmallMedianClassificationBlock07.lean:318:0: 'CodexPaper4.SmallMedianClassificationBlock07.classify_7_43' depends on axioms: [propext, Classical.choice, Quot.sound]
info: Research/Backfill/Paper4/Proof/SmallMedianClassificationBlock07.lean:319:0: 'CodexPaper4.SmallMedianClassificationBlock07.classify_7_44' depends on axioms: [propext, Classical.choice, Quot.sound]
info: Research/Backfill/Paper4/Proof/SmallMedianClassificationBlock07.lean:320:0: 'CodexPaper4.SmallMedianClassificationBlock07.classify_7_45' depends on axioms: [propext, Classical.choice, Quot.sound]
info: Research/Backfill/Paper4/Proof/SmallMedianClassificationBlock07.lean:321:0: 'CodexPaper4.SmallMedianClassificationBlock07.classify_7_46' depends on axioms: [propext, Classical.choice, Quot.sound]
info: Research/Backfill/Paper4/Proof/SmallMedianClassificationBlock07.lean:322:0: 'CodexPaper4.SmallMedianClassificationBlock07.classify_7_47' depends on axioms: [propext, Classical.choice, Quot.sound]
info: Research/Backfill/Paper4/Proof/SmallMedianClassificationBlock07.lean:323:0: 'CodexPaper4.SmallMedianClassificationBlock07.classify_7_48' depends on axioms: [propext, Classical.choice, Quot.sound]
info: Research/Backfill/Paper4/Proof/SmallMedianClassificationBlock07.lean:324:0: 'CodexPaper4.SmallMedianClassificationBlock07.classify_7_49' depends on axioms: [propext, Classical.choice, Quot.sound]
ℹ [9195/9300] Built Research.Backfill.Paper4.Proof.SmallMedianClassificationBlock06 (5.0s)
info: Research/Backfill/Paper4/Proof/SmallMedianClassificationBlock06.lean:341:0: 'CodexPaper4.SmallMedianClassificationBlock06.classify_7_30' depends on axioms: [propext, Classical.choice, Quot.sound]
info: Research/Backfill/Paper4/Proof/SmallMedianClassificationBlock06.lean:342:0: 'CodexPaper4.SmallMedianClassificationBlock06.classify_7_31' depends on axioms: [propext, Classical.choice, Quot.sound]
info: Research/Backfill/Paper4/Proof/SmallMedianClassificationBlock06.lean:343:0: 'CodexPaper4.SmallMedianClassificationBlock06.classify_7_32' depends on axioms: [propext, Classical.choice, Quot.sound]
info: Research/Backfill/Paper4/Proof/SmallMedianClassificationBlock06.lean:344:0: 'CodexPaper4.SmallMedianClassificationBlock06.classify_7_33' depends on axioms: [propext, Classical.choice, Quot.sound]
info: Research/Backfill/Paper4/Proof/SmallMedianClassificationBlock06.lean:345:0: 'CodexPaper4.SmallMedianClassificationBlock06.classify_7_34' depends on axioms: [propext, Classical.choice, Quot.sound]
info: Research/Backfill/Paper4/Proof/SmallMedianClassificationBlock06.lean:346:0: 'CodexPaper4.SmallMedianClassificationBlock06.classify_7_35' depends on axioms: [propext, Classical.choice, Quot.sound]
info: Research/Backfill/Paper4/Proof/SmallMedianClassificationBlock06.lean:347:0: 'CodexPaper4.SmallMedianClassificationBlock06.classify_7_36' depends on axioms: [propext, Classical.choice, Quot.sound]
info: Research/Backfill/Paper4/Proof/SmallMedianClassificationBlock06.lean:348:0: 'CodexPaper4.SmallMedianClassificationBlock06.classify_7_37' depends on axioms: [propext, Classical.choice, Quot.sound]
info: Research/Backfill/Paper4/Proof/SmallMedianClassificationBlock06.lean:349:0: 'CodexPaper4.SmallMedianClassificationBlock06.classify_7_38' depends on axioms: [propext, Classical.choice, Quot.sound]
info: Research/Backfill/Paper4/Proof/SmallMedianClassificationBlock06.lean:350:0: 'CodexPaper4.SmallMedianClassificationBlock06.classify_7_39' depends on axioms: [propext, Classical.choice, Quot.sound]
ℹ [9196/9300] Built Research.Backfill.Paper4.Proof.SmallMedianClassificationBlock05 (5.1s)
info: Research/Backfill/Paper4/Proof/SmallMedianClassificationBlock05.lean:343:0: 'CodexPaper4.SmallMedianClassificationBlock05.classify_7_20' depends on axioms: [propext, Classical.choice, Quot.sound]
info: Research/Backfill/Paper4/Proof/SmallMedianClassificationBlock05.lean:344:0: 'CodexPaper4.SmallMedianClassificationBlock05.classify_7_21' depends on axioms: [propext, Classical.choice, Quot.sound]
info: Research/Backfill/Paper4/Proof/SmallMedianClassificationBlock05.lean:345:0: 'CodexPaper4.SmallMedianClassificationBlock05.classify_7_22' depends on axioms: [propext, Classical.choice, Quot.sound]
info: Research/Backfill/Paper4/Proof/SmallMedianClassificationBlock05.lean:346:0: 'CodexPaper4.SmallMedianClassificationBlock05.classify_7_23' depends on axioms: [propext, Classical.choice, Quot.sound]
info: Research/Backfill/Paper4/Proof/SmallMedianClassificationBlock05.lean:347:0: 'CodexPaper4.SmallMedianClassificationBlock05.classify_7_24' depends on axioms: [propext, Classical.choice, Quot.sound]
info: Research/Backfill/Paper4/Proof/SmallMedianClassificationBlock05.lean:348:0: 'CodexPaper4.SmallMedianClassificationBlock05.classify_7_25' depends on axioms: [propext, Classical.choice, Quot.sound]
info: Research/Backfill/Paper4/Proof/SmallMedianClassificationBlock05.lean:349:0: 'CodexPaper4.SmallMedianClassificationBlock05.classify_7_26' depends on axioms: [propext, Classical.choice, Quot.sound]
info: Research/Backfill/Paper4/Proof/SmallMedianClassificationBlock05.lean:350:0: 'CodexPaper4.SmallMedianClassificationBlock05.classify_7_27' depends on axioms: [propext, Classical.choice, Quot.sound]
info: Research/Backfill/Paper4/Proof/SmallMedianClassificationBlock05.lean:351:0: 'CodexPaper4.SmallMedianClassificationBlock05.classify_7_28' depends on axioms: [propext, Classical.choice, Quot.sound]
info: Research/Backfill/Paper4/Proof/SmallMedianClassificationBlock05.lean:352:0: 'CodexPaper4.SmallMedianClassificationBlock05.classify_7_29' depends on axioms: [propext, Classical.choice, Quot.sound]
ℹ [9197/9300] Built Research.Backfill.Paper4.Proof.SmallMedianClassificationBlock04 (5.0s)
info: Research/Backfill/Paper4/Proof/SmallMedianClassificationBlock04.lean:341:0: 'CodexPaper4.SmallMedianClassificationBlock04.classify_7_10' depends on axioms: [propext, Classical.choice, Quot.sound]
info: Research/Backfill/Paper4/Proof/SmallMedianClassificationBlock04.lean:342:0: 'CodexPaper4.SmallMedianClassificationBlock04.classify_7_11' depends on axioms: [propext, Classical.choice, Quot.sound]
info: Research/Backfill/Paper4/Proof/SmallMedianClassificationBlock04.lean:343:0: 'CodexPaper4.SmallMedianClassificationBlock04.classify_7_12' depends on axioms: [propext, Classical.choice, Quot.sound]
info: Research/Backfill/Paper4/Proof/SmallMedianClassificationBlock04.lean:344:0: 'CodexPaper4.SmallMedianClassificationBlock04.classify_7_13' depends on axioms: [propext, Classical.choice, Quot.sound]
info: Research/Backfill/Paper4/Proof/SmallMedianClassificationBlock04.lean:345:0: 'CodexPaper4.SmallMedianClassificationBlock04.classify_7_14' depends on axioms: [propext, Classical.choice, Quot.sound]
info: Research/Backfill/Paper4/Proof/SmallMedianClassificationBlock04.lean:346:0: 'CodexPaper4.SmallMedianClassificationBlock04.classify_7_15' depends on axioms: [propext, Classical.choice, Quot.sound]
info: Research/Backfill/Paper4/Proof/SmallMedianClassificationBlock04.lean:347:0: 'CodexPaper4.SmallMedianClassificationBlock04.classify_7_16' depends on axioms: [propext, Classical.choice, Quot.sound]
info: Research/Backfill/Paper4/Proof/SmallMedianClassificationBlock04.lean:348:0: 'CodexPaper4.SmallMedianClassificationBlock04.classify_7_17' depends on axioms: [propext, Classical.choice, Quot.sound]
info: Research/Backfill/Paper4/Proof/SmallMedianClassificationBlock04.lean:349:0: 'CodexPaper4.SmallMedianClassificationBlock04.classify_7_18' depends on axioms: [propext, Classical.choice, Quot.sound]
info: Research/Backfill/Paper4/Proof/SmallMedianClassificationBlock04.lean:350:0: 'CodexPaper4.SmallMedianClassificationBlock04.classify_7_19' depends on axioms: [propext, Classical.choice, Quot.sound]
ℹ [9198/9300] Built Research.Backfill.Paper4.Proof.SmallMedianClassificationBlock03 (5.0s)
info: Research/Backfill/Paper4/Proof/SmallMedianClassificationBlock03.lean:343:0: 'CodexPaper4.SmallMedianClassificationBlock03.classify_7_00' depends on axioms: [propext, Classical.choice, Quot.sound]
info: Research/Backfill/Paper4/Proof/SmallMedianClassificationBlock03.lean:344:0: 'CodexPaper4.SmallMedianClassificationBlock03.classify_7_01' depends on axioms: [propext, Classical.choice, Quot.sound]
info: Research/Backfill/Paper4/Proof/SmallMedianClassificationBlock03.lean:345:0: 'CodexPaper4.SmallMedianClassificationBlock03.classify_7_02' depends on axioms: [propext, Classical.choice, Quot.sound]
info: Research/Backfill/Paper4/Proof/SmallMedianClassificationBlock03.lean:346:0: 'CodexPaper4.SmallMedianClassificationBlock03.classify_7_03' depends on axioms: [propext, Classical.choice, Quot.sound]
info: Research/Backfill/Paper4/Proof/SmallMedianClassificationBlock03.lean:347:0: 'CodexPaper4.SmallMedianClassificationBlock03.classify_7_04' depends on axioms: [propext, Classical.choice, Quot.sound]
info: Research/Backfill/Paper4/Proof/SmallMedianClassificationBlock03.lean:348:0: 'CodexPaper4.SmallMedianClassificationBlock03.classify_7_05' depends on axioms: [propext, Classical.choice, Quot.sound]
info: Research/Backfill/Paper4/Proof/SmallMedianClassificationBlock03.lean:349:0: 'CodexPaper4.SmallMedianClassificationBlock03.classify_7_06' depends on axioms: [propext, Classical.choice, Quot.sound]
info: Research/Backfill/Paper4/Proof/SmallMedianClassificationBlock03.lean:350:0: 'CodexPaper4.SmallMedianClassificationBlock03.classify_7_07' depends on axioms: [propext, Classical.choice, Quot.sound]
info: Research/Backfill/Paper4/Proof/SmallMedianClassificationBlock03.lean:351:0: 'CodexPaper4.SmallMedianClassificationBlock03.classify_7_08' depends on axioms: [propext, Classical.choice, Quot.sound]
info: Research/Backfill/Paper4/Proof/SmallMedianClassificationBlock03.lean:352:0: 'CodexPaper4.SmallMedianClassificationBlock03.classify_7_09' depends on axioms: [propext, Classical.choice, Quot.sound]
ℹ [9199/9300] Built Research.Backfill.Paper4.Proof.SmallMedianClassificationBlock02 (4.3s)
info: Research/Backfill/Paper4/Proof/SmallMedianClassificationBlock02.lean:283:0: 'CodexPaper4.SmallMedianClassificationBlock02.classify_6_10' depends on axioms: [propext, Classical.choice, Quot.sound]
info: Research/Backfill/Paper4/Proof/SmallMedianClassificationBlock02.lean:284:0: 'CodexPaper4.SmallMedianClassificationBlock02.classify_6_11' depends on axioms: [propext, Classical.choice, Quot.sound]
info: Research/Backfill/Paper4/Proof/SmallMedianClassificationBlock02.lean:285:0: 'CodexPaper4.SmallMedianClassificationBlock02.classify_6_12' depends on axioms: [propext, Classical.choice, Quot.sound]
info: Research/Backfill/Paper4/Proof/SmallMedianClassificationBlock02.lean:286:0: 'CodexPaper4.SmallMedianClassificationBlock02.classify_6_13' depends on axioms: [propext, Classical.choice, Quot.sound]
info: Research/Backfill/Paper4/Proof/SmallMedianClassificationBlock02.lean:287:0: 'CodexPaper4.SmallMedianClassificationBlock02.classify_6_14' depends on axioms: [propext, Classical.choice, Quot.sound]
info: Research/Backfill/Paper4/Proof/SmallMedianClassificationBlock02.lean:288:0: 'CodexPaper4.SmallMedianClassificationBlock02.classify_6_15' depends on axioms: [propext, Classical.choice, Quot.sound]
info: Research/Backfill/Paper4/Proof/SmallMedianClassificationBlock02.lean:289:0: 'CodexPaper4.SmallMedianClassificationBlock02.classify_6_16' depends on axioms: [propext, Classical.choice, Quot.sound]
info: Research/Backfill/Paper4/Proof/SmallMedianClassificationBlock02.lean:290:0: 'CodexPaper4.SmallMedianClassificationBlock02.classify_6_17' depends on axioms: [propext, Classical.choice, Quot.sound]
info: Research/Backfill/Paper4/Proof/SmallMedianClassificationBlock02.lean:291:0: 'CodexPaper4.SmallMedianClassificationBlock02.classify_6_18' depends on axioms: [propext, Classical.choice, Quot.sound]
ℹ [9200/9300] Built Research.Backfill.Paper4.Proof.SmallMedianClassificationBlock01 (4.5s)
info: Research/Backfill/Paper4/Proof/SmallMedianClassificationBlock01.lean:333:0: 'CodexPaper4.SmallMedianClassificationBlock01.classify_6_00' depends on axioms: [propext, Classical.choice, Quot.sound]
info: Research/Backfill/Paper4/Proof/SmallMedianClassificationBlock01.lean:334:0: 'CodexPaper4.SmallMedianClassificationBlock01.classify_6_01' depends on axioms: [propext, Classical.choice, Quot.sound]
info: Research/Backfill/Paper4/Proof/SmallMedianClassificationBlock01.lean:335:0: 'CodexPaper4.SmallMedianClassificationBlock01.classify_6_02' depends on axioms: [propext, Classical.choice, Quot.sound]
info: Research/Backfill/Paper4/Proof/SmallMedianClassificationBlock01.lean:336:0: 'CodexPaper4.SmallMedianClassificationBlock01.classify_6_03' depends on axioms: [propext, Classical.choice, Quot.sound]
info: Research/Backfill/Paper4/Proof/SmallMedianClassificationBlock01.lean:337:0: 'CodexPaper4.SmallMedianClassificationBlock01.classify_6_04' depends on axioms: [propext, Classical.choice, Quot.sound]
info: Research/Backfill/Paper4/Proof/SmallMedianClassificationBlock01.lean:338:0: 'CodexPaper4.SmallMedianClassificationBlock01.classify_6_05' depends on axioms: [propext, Classical.choice, Quot.sound]
info: Research/Backfill/Paper4/Proof/SmallMedianClassificationBlock01.lean:339:0: 'CodexPaper4.SmallMedianClassificationBlock01.classify_6_06' depends on axioms: [propext, Classical.choice, Quot.sound]
info: Research/Backfill/Paper4/Proof/SmallMedianClassificationBlock01.lean:340:0: 'CodexPaper4.SmallMedianClassificationBlock01.classify_6_07' depends on axioms: [propext, Classical.choice, Quot.sound]
info: Research/Backfill/Paper4/Proof/SmallMedianClassificationBlock01.lean:341:0: 'CodexPaper4.SmallMedianClassificationBlock01.classify_6_08' depends on axioms: [propext, Classical.choice, Quot.sound]
info: Research/Backfill/Paper4/Proof/SmallMedianClassificationBlock01.lean:342:0: 'CodexPaper4.SmallMedianClassificationBlock01.classify_6_09' depends on axioms: [propext, Classical.choice, Quot.sound]
✔ [9201/9300] Built Research.Backfill.Paper3.Proof.TS.D3 (3.7s)
ℹ [9202/9300] Built Research.Backfill.Paper4.Proof.SmallMedianClassificationBlock00 (4.1s)
info: Research/Backfill/Paper4/Proof/SmallMedianClassificationBlock00.lean:365:0: 'CodexPaper4.SmallMedianClassificationBlock00.classify_1_00' depends on axioms: [propext, Classical.choice, Quot.sound]
info: Research/Backfill/Paper4/Proof/SmallMedianClassificationBlock00.lean:366:0: 'CodexPaper4.SmallMedianClassificationBlock00.classify_2_00' depends on axioms: [propext, Classical.choice, Quot.sound]
info: Research/Backfill/Paper4/Proof/SmallMedianClassificationBlock00.lean:367:0: 'CodexPaper4.SmallMedianClassificationBlock00.classify_3_00' depends on axioms: [propext, Classical.choice, Quot.sound]
info: Research/Backfill/Paper4/Proof/SmallMedianClassificationBlock00.lean:368:0: 'CodexPaper4.SmallMedianClassificationBlock00.classify_4_00' depends on axioms: [propext, Classical.choice, Quot.sound]
info: Research/Backfill/Paper4/Proof/SmallMedianClassificationBlock00.lean:369:0: 'CodexPaper4.SmallMedianClassificationBlock00.classify_4_01' depends on axioms: [propext, Classical.choice, Quot.sound]
info: Research/Backfill/Paper4/Proof/SmallMedianClassificationBlock00.lean:370:0: 'CodexPaper4.SmallMedianClassificationBlock00.classify_4_02' depends on axioms: [propext, Classical.choice, Quot.sound]
info: Research/Backfill/Paper4/Proof/SmallMedianClassificationBlock00.lean:371:0: 'CodexPaper4.SmallMedianClassificationBlock00.classify_5_00' depends on axioms: [propext, Classical.choice, Quot.sound]
info: Research/Backfill/Paper4/Proof/SmallMedianClassificationBlock00.lean:372:0: 'CodexPaper4.SmallMedianClassificationBlock00.classify_5_01' depends on axioms: [propext, Classical.choice, Quot.sound]
info: Research/Backfill/Paper4/Proof/SmallMedianClassificationBlock00.lean:373:0: 'CodexPaper4.SmallMedianClassificationBlock00.classify_5_02' depends on axioms: [propext, Classical.choice, Quot.sound]
info: Research/Backfill/Paper4/Proof/SmallMedianClassificationBlock00.lean:374:0: 'CodexPaper4.SmallMedianClassificationBlock00.classify_5_03' depends on axioms: [propext, Classical.choice, Quot.sound]
info: Research/Backfill/Paper4/Proof/SmallMedianClassificationBlock00.lean:375:0: 'CodexPaper4.SmallMedianClassificationBlock00.classify_5_04' depends on axioms: [propext, Classical.choice, Quot.sound]
info: Research/Backfill/Paper4/Proof/SmallMedianClassificationBlock00.lean:376:0: 'CodexPaper4.SmallMedianClassificationBlock00.classify_5_05' depends on axioms: [propext, Classical.choice, Quot.sound]
✔ [9203/9300] Built Research.Backfill.Paper3.Proof.TS.D4 (6.9s)
✔ [9204/9300] Built Research.Backfill.Paper3.Proof.TS.D5Data (8.0s)
✔ [9205/9300] Built Research.Backfill.Paper3.Proof.Small.Failure (3.3s)
✔ [9206/9300] Built Research.Backfill.Paper3.Proof.A.Lemma3 (4.6s)
✔ [9207/9300] Built Research.Backfill.Paper3.Proof.L67.Lemma6 (4.2s)
✔ [9208/9300] Built Research.Backfill.Paper3.Proof.CD.Psi (3.4s)
✔ [9209/9300] Built Research.Backfill.Paper3.Proof.CD.Markov (3.3s)
✔ [9210/9300] Built Research.Backfill.Paper3.Proof.B.Small (3.3s)
✔ [9211/9300] Built Research.Backfill.Paper3.Proof.B.Count (4.4s)
ℹ [9212/9300] Built Research.WordRepTensor.Proof.WRMycielski (19s)
info: Research/WordRepTensor/Proof/WRMycielski.lean:160:0: 'ClaudeWordRep.mycielskiOddCycleNotWR' depends on axioms: [propext, Classical.choice, Quot.sound]
info: Research/WordRepTensor/Proof/WRMycielski.lean:161:0: 'ClaudeWordRep.extMycielskiOddCycleNotWR' depends on axioms: [propext, Classical.choice, Quot.sound]
ℹ [9213/9300] Built Research.AxialMSZ.Proof.ExDSupplement (3.3s)
info: Research/AxialMSZ/Proof/ExDSupplement.lean:56:0: 'CodexAxial.check_ExD_axes_in_block' depends on axioms: [propext, Classical.choice, Quot.sound]
info: Research/AxialMSZ/Proof/ExDSupplement.lean:57:0: 'CodexAxial.check_ExD_block_not_axial_on_contained_axes' depends on axioms: [propext, Classical.choice, Quot.sound]
ℹ [9214/9300] Built Research.AxialMSZ.Proof.ExD (3.2s)
info: Research/AxialMSZ/Proof/ExD.lean:24:0: 'CodexAxial.check_ExD_Statement' depends on axioms: [propext, Classical.choice, Quot.sound]
info: Research/AxialMSZ/Proof/ExD.lean:25:0: 'CodexAxial.check_TheoremC' depends on axioms: [propext, Classical.choice, Quot.sound]
ℹ [9215/9300] Built Research.ICGBridgeSharp (3.6s)
info: Research/ICGBridgeSharp.lean:174:0: 'ICGBridge.roldan_q3_gap' depends on axioms: [propext, Classical.choice, Quot.sound]
info: Research/ICGBridgeSharp.lean:175:0: 'ICGBridge.roldan_q3_sharp' depends on axioms: [propext, Classical.choice, Quot.sound]
info: Research/ICGBridgeSharp.lean:176:0: 'ICGBridge.roldan_q3_gap_attained' depends on axioms: [propext, Classical.choice, Quot.sound]
info: Research/ICGBridgeSharp.lean:177:0: 'ICGBridge.roldan_q3_gap_graph' depends on axioms: [propext, Classical.choice, Quot.sound]
info: Research/ICGBridgeSharp.lean:178:0: 'ICGBridge.roldan_q3_sharp_graph' depends on axioms: [propext, Classical.choice, Quot.sound]
⚠ [9216/9300] Built Research.ICGGeneralMain (3.6s)
warning: Research/ICGGeneralMain.lean:75:8: `if_pos` has been deprecated: Use `ite_eq_left` instead
warning: Research/ICGGeneralMain.lean:76:8: `if_neg` has been deprecated: Use `ite_eq_right` instead
warning: Research/ICGGeneralMain.lean:97:10: `if_pos` has been deprecated: Use `ite_eq_left` instead
warning: Research/ICGGeneralMain.lean:97:21: `if_pos` has been deprecated: Use `ite_eq_left` instead
warning: Research/ICGGeneralMain.lean:97:32: `if_pos` has been deprecated: Use `ite_eq_left` instead
warning: Research/ICGGeneralMain.lean:98:10: `if_pos` has been deprecated: Use `ite_eq_left` instead
warning: Research/ICGGeneralMain.lean:98:21: `if_neg` has been deprecated: Use `ite_eq_right` instead
warning: Research/ICGGeneralMain.lean:98:32: `if_neg` has been deprecated: Use `ite_eq_right` instead
warning: Research/ICGGeneralMain.lean:100:8: `if_neg` has been deprecated: Use `ite_eq_right` instead
warning: Research/ICGGeneralMain.lean:100:19: `if_neg` has been deprecated: Use `ite_eq_right` instead
warning: Research/ICGGeneralMain.lean:160:8: `if_pos` has been deprecated: Use `ite_eq_left` instead
warning: Research/ICGGeneralMain.lean:160:57: `if_pos` has been deprecated: Use `ite_eq_left` instead
warning: Research/ICGGeneralMain.lean:162:8: `if_neg` has been deprecated: Use `ite_eq_right` instead
warning: Research/ICGGeneralMain.lean:162:71: `if_neg` has been deprecated: Use `ite_eq_right` instead
warning: Research/ICGGeneralMain.lean:247:19: `if_neg` has been deprecated: Use `ite_eq_right` instead
warning: Research/ICGGeneralMain.lean:250:18: `if_neg` has been deprecated: Use `ite_eq_right` instead
warning: Research/ICGGeneralMain.lean:260:12: `if_pos` has been deprecated: Use `ite_eq_left` instead
warning: Research/ICGGeneralMain.lean:262:12: `if_neg` has been deprecated: Use `ite_eq_right` instead
warning: Research/ICGGeneralMain.lean:265:12: `if_pos` has been deprecated: Use `ite_eq_left` instead
warning: Research/ICGGeneralMain.lean:267:12: `if_neg` has been deprecated: Use `ite_eq_right` instead
info: Research/ICGGeneralMain.lean:316:0: 'ICGGeneral.checkerboard_unique_max' depends on axioms: [propext, Classical.choice, Quot.sound]
info: Research/ICGGeneralMain.lean:317:0: 'ICGGeneral.jiang_yang_q3' depends on axioms: [propext, Classical.choice, Quot.sound]
info: Research/ICGGeneralMain.lean:318:0: 'ICGGeneral.jiang_yang_q3_value' depends on axioms: [propext, Classical.choice, Quot.sound]
info: Research/ICGGeneralMain.lean:319:0: 'ICGGeneral.energy_DstarPQ' depends on axioms: [propext, Classical.choice, Quot.sound]
ℹ [9217/9300] Built Research.AxialMSZ.Proof.ExEGraph (3.5s)
info: Research/AxialMSZ/Proof/ExEGraph.lean:100:0: 'CodexAxial.DominanceExample.disconnected' depends on axioms: [propext, Classical.choice, Quot.sound]
info: Research/AxialMSZ/Proof/ExEGraph.lean:101:0: 'CodexAxial.DominanceExample.components_do_not_annihilate' depends on axioms: [propext, Classical.choice, Quot.sound]
ℹ [9218/9300] Built Research.AxialMSZ.Proof.ExS (3.3s)
info: Research/AxialMSZ/Proof/ExS.lean:23:0: 'CodexAxial.check_TheoremA' depends on axioms: [propext, Classical.choice, Quot.sound]
info: Research/AxialMSZ/Proof/ExS.lean:24:0: 'CodexAxial.check_ExS_Statement' depends on axioms: [propext, Classical.choice, Quot.sound]
info: Research/AxialMSZ/Proof/ExS.lean:25:0: 'CodexAxial.check_not_MS_Conjecture_3_16' depends on axioms: [propext, Classical.choice, Quot.sound]
ℹ [9219/9300] Built Research.Backfill.Paper4.Proof.TriangleFreeClassification (3.3s)
info: Research/Backfill/Paper4/Proof/TriangleFreeClassification.lean:24:0: 'CodexPaper4.check_Sec4_count_triangleFree7' depends on axioms: [propext, Classical.choice, Quot.sound]
✔ [9220/9300] Built Research.Backfill.Paper4.Proof.MedianEightAut6 (6.7s)
✔ [9221/9300] Built Research.Backfill.Paper4.Proof.MedianEightAut5 (6.2s)
✔ [9222/9300] Built Research.Backfill.Paper4.Proof.MedianEightAut4 (5.3s)
✔ [9223/9300] Built Research.Backfill.Paper4.Proof.MedianEightAut3 (5.8s)
✔ [9224/9300] Built Research.Backfill.Paper4.Proof.MedianEightAut2 (6.6s)
✔ [9225/9300] Built Research.Backfill.Paper4.Proof.MedianEightAut1 (6.6s)
ℹ [9226/9300] Built Research.Backfill.Paper4.Proof.F1DistanceHereditary (3.3s)
info: Research/Backfill/Paper4/Proof/F1DistanceHereditary.lean:39:0: 'CodexPaper4.F1DistanceHereditary.F1G_distanceHereditary' depends on axioms: [propext, Classical.choice, Quot.sound]
info: Research/Backfill/Paper4/Proof/F1DistanceHereditary.lean:40:0: 'CodexPaper4.F1DistanceHereditary.F1H_distanceHereditary' depends on axioms: [propext, Classical.choice, Quot.sound]
info: Research/Backfill/Paper4/Proof/F1DistanceHereditary.lean:41:0: 'CodexPaper4.check_Remark4_i' depends on axioms: [propext, Classical.choice, Quot.sound]
info: Research/Backfill/Paper4/Proof/F1DistanceHereditary.lean:42:0: 'CodexPaper4.check_Sec2_classReading' depends on axioms: [propext, Classical.choice, Quot.sound]
ℹ [9227/9300] Built Research.Backfill.Paper4.Proof.MedianEightRepFacts (3.3s)
info: Research/Backfill/Paper4/Proof/MedianEightRepFacts.lean:161:0: 'ClaudePaper4.L8_median' depends on axioms: [propext, Classical.choice, Quot.sound]
info: Research/Backfill/Paper4/Proof/MedianEightRepFacts.lean:162:0: 'ClaudePaper4.L8_q' depends on axioms: [propext, Classical.choice, Quot.sound]
✔ [9228/9300] Built Research.Backfill.Paper4.Proof.MedianEightAut0 (9.4s)
ℹ [9229/9300] Built Research.Backfill.Paper4.Proof.SmallMedianClassification (4.1s)
info: Research/Backfill/Paper4/Proof/SmallMedianClassification.lean:121:0: 'CodexPaper4.SmallMedianClassification.all_small' depends on axioms: [propext, Classical.choice, Quot.sound]
✔ [9230/9300] Built Research.Backfill.Paper3.Proof.TS.D5C5 (24s)
✔ [9231/9300] Built Research.Backfill.Paper3.Proof.TS.D5C4 (23s)
✔ [9232/9300] Built Research.Backfill.Paper3.Proof.TS.D5C3 (23s)
✔ [9233/9300] Built Research.Backfill.Paper3.Proof.TS.D5C2 (23s)
✔ [9234/9300] Built Research.Backfill.Paper3.Proof.TS.D5C1 (23s)
✔ [9235/9300] Built Research.Backfill.Paper3.Proof.A.TwoRegular (3.4s)
✔ [9236/9300] Built Research.Backfill.Paper3.Proof.TS.D5C0 (24s)
✔ [9237/9300] Built Research.Backfill.Paper3.Proof.Num.Bridge (3.8s)
✔ [9238/9300] Built Research.Backfill.Paper3.Proof.L67.BPrime (5.0s)
✔ [9239/9300] Built Research.Backfill.Paper3.Proof.CD.Gn (3.2s)
✔ [9240/9300] Built Research.Backfill.Paper3.Proof.CD.Law (3.8s)
✔ [9241/9300] Built Research.Backfill.Paper3.Proof.B.Totals (3.4s)
✔ [9242/9300] Built Research.WordRepTensor.Proof.WRMain (3.1s)
⚠ [9243/9300] Built Research.ICGGeneralSwap (3.5s)
warning: Research/ICGGeneralSwap.lean:98:19: `if_neg` has been deprecated: Use `ite_eq_right` instead
warning: Research/ICGGeneralSwap.lean:101:18: `if_neg` has been deprecated: Use `ite_eq_right` instead
warning: Research/ICGGeneralSwap.lean:111:12: `if_pos` has been deprecated: Use `ite_eq_left` instead
warning: Research/ICGGeneralSwap.lean:113:12: `if_neg` has been deprecated: Use `ite_eq_right` instead
warning: Research/ICGGeneralSwap.lean:116:12: `if_pos` has been deprecated: Use `ite_eq_left` instead
warning: Research/ICGGeneralSwap.lean:118:12: `if_neg` has been deprecated: Use `ite_eq_right` instead
info: Research/ICGGeneralSwap.lean:190:0: 'ICGGeneral.checkerboard_unique_max_odd' depends on axioms: [propext, Classical.choice, Quot.sound]
info: Research/ICGGeneralSwap.lean:191:0: 'ICGGeneral.jiang_yang_thmA' depends on axioms: [propext, Classical.choice, Quot.sound]
info: Research/ICGGeneralSwap.lean:192:0: 'ICGGeneral.thm5_le_swap' depends on axioms: [propext, Classical.choice, Quot.sound]
info: Research/ICGGeneralSwap.lean:193:0: 'ICGGeneral.DstarPQ_roldan' depends on axioms: [propext, Classical.choice, Quot.sound]
⚠ [9244/9300] Built Research.ICGEqualParityLemmas (4.6s)
warning: Research/ICGEqualParityLemmas.lean:215:39: `if_pos` has been deprecated: Use `ite_eq_left` instead
warning: Research/ICGEqualParityLemmas.lean:225:39: `if_neg` has been deprecated: Use `ite_eq_right` instead
warning: Research/ICGEqualParityLemmas.lean:235:39: `if_neg` has been deprecated: Use `ite_eq_right` instead
warning: Research/ICGEqualParityLemmas.lean:245:39: `if_pos` has been deprecated: Use `ite_eq_left` instead
warning: Research/ICGEqualParityLemmas.lean:285:8: `if_neg` has been deprecated: Use `ite_eq_right` instead
warning: Research/ICGEqualParityLemmas.lean:355:10: `if_pos` has been deprecated: Use `ite_eq_left` instead
ℹ [9245/9300] Built Research.AxialMSZ.Proof.ExE (3.3s)
info: Research/AxialMSZ/Proof/ExE.lean:13:0: 'CodexAxial.check_TheoremB' depends on axioms: [propext, Classical.choice, Quot.sound]
info: Research/AxialMSZ/Proof/ExE.lean:14:0: 'CodexAxial.check_ExE_Statement' depends on axioms: [propext, Classical.choice, Quot.sound]
ℹ [9246/9300] Built Research.AxialMSZ.Proof.SFourNegations (3.5s)
info: Research/AxialMSZ/Proof/SFourNegations.lean:39:0: 'CodexAxial.FromS.check_not_MS_Conjecture_3_16' depends on axioms: [propext, Classical.choice, Quot.sound]
info: Research/AxialMSZ/Proof/SFourNegations.lean:40:0: 'CodexAxial.FromS.check_not_FinestSumDecomposition_connected' depends on axioms: [propext, Classical.choice, Quot.sound]
info: Research/AxialMSZ/Proof/SFourNegations.lean:41:0: 'CodexAxial.FromS.check_not_Indecomposable_connected' depends on axioms: [propext, Classical.choice, Quot.sound]
info: Research/AxialMSZ/Proof/SFourNegations.lean:42:0: 'CodexAxial.FromS.check_not_Simple_connected' depends on axioms: [propext, Classical.choice, Quot.sound]
ℹ [9247/9300] Built Research.Backfill.Paper4.Proof.H11AssemblyDraft (3.2s)
info: Research/Backfill/Paper4/Proof/H11AssemblyDraft.lean:86:0: 'CodexPaper4.H11Assembly.H11_distanceHereditary' depends on axioms: [propext, Classical.choice, Quot.sound]
info: Research/Backfill/Paper4/Proof/H11AssemblyDraft.lean:87:0: 'CodexPaper4.check_Remark5_ii' depends on axioms: [propext, Classical.choice, Quot.sound]
info: Research/Backfill/Paper4/Proof/H11AssemblyDraft.lean:88:0: 'CodexPaper4.check_Remark5_iii' depends on axioms: [propext, Classical.choice, Quot.sound]
info: Research/Backfill/Paper4/Proof/H11AssemblyDraft.lean:89:0: 'CodexPaper4.check_Sec6_DHtests' depends on axioms: [propext, Classical.choice, Quot.sound]
ℹ [9248/9300] Built Research.Backfill.Paper4.Proof.MedianEight (3.3s)
info: Research/Backfill/Paper4/Proof/MedianEight.lean:203:0: 'ClaudePaper4.cover8' depends on axioms: [propext, Classical.choice, Quot.sound]
info: Research/Backfill/Paper4/Proof/MedianEight.lean:204:0: 'ClaudePaper4.check_TheoremA_unique' depends on axioms: [propext, Classical.choice, Quot.sound]
info: Research/Backfill/Paper4/Proof/MedianEight.lean:205:0: 'ClaudePaper4.check_TheoremB_unique' depends on axioms: [propext, Classical.choice, Quot.sound]
ℹ [9249/9300] Built Research.Backfill.Paper4.Proof.TriangleFreeCandidates (12s)
info: Research/Backfill/Paper4/Proof/TriangleFreeCandidates.lean:226:0: 'CodexPaper4.check_Sec4_count_candidates' depends on axioms: [propext, Classical.choice, Quot.sound]
ℹ [9250/9300] Built Research.Backfill.Paper4.Proof.SmallMedianMinimality (3.2s)
info: Research/Backfill/Paper4/Proof/SmallMedianMinimality.lean:46:0: 'CodexPaper4.check_TheoremA_min' depends on axioms: [propext, Classical.choice, Quot.sound]
info: Research/Backfill/Paper4/Proof/SmallMedianMinimality.lean:47:0: 'CodexPaper4.check_TheoremB_min' depends on axioms: [propext, Classical.choice, Quot.sound]
✔ [9251/9300] Built Research.Backfill.Paper3.Proof.A.TheoremA (3.9s)
✔ [9252/9300] Built Research.Backfill.Paper3.Proof.TS.D5 (4.0s)
✔ [9253/9300] Built Research.Backfill.Paper3.Proof.Num.Data (3.2s)
ℹ [9254/9300] Built Research.Backfill.Paper3.Proof.L67.Main (3.1s)
info: Research/Backfill/Paper3/Proof/L67/Main.lean:20:0: 'P3L67.check_WSymm' depends on axioms: [propext, Classical.choice, Quot.sound]
info: Research/Backfill/Paper3/Proof/L67/Main.lean:24:0: 'P3L67.check_Lemma7' depends on axioms: [propext, Classical.choice, Quot.sound]
info: Research/Backfill/Paper3/Proof/L67/Main.lean:29:0: 'P3L67.check_Lemma6' depends on axioms: [propext, Classical.choice, Quot.sound]
info: Research/Backfill/Paper3/Proof/L67/Main.lean:33:0: 'P3L67.check_TheoremBprime' depends on axioms: [propext, Classical.choice, Quot.sound]
info: Research/Backfill/Paper3/Proof/L67/Main.lean:37:0: 'P3L67.check_Neg_8_2' depends on axioms: [propext, Classical.choice, Quot.sound]
info: Research/Backfill/Paper3/Proof/L67/Main.lean:41:0: 'P3L67.check_Neg_12_3_bip' depends on axioms: [propext, Classical.choice, Quot.sound]
✔ [9255/9300] Built Research.Backfill.Paper3.Proof.CD.Remark10c (4.2s)
✔ [9256/9300] Built Research.Backfill.Paper3.Proof.CD.ThmD (3.8s)
✔ [9257/9300] Built Research.Backfill.Paper3.Proof.B.TheoremB (3.4s)
✔ [9258/9300] Built Research.Backfill.Paper3.Proof.CD.PropC (5.5s)
ℹ [9259/9300] Built Research.WordRepTensor.Check (3.2s)
info: Research/WordRepTensor/Check.lean:31:0: 'WordRepTensor.Check.check_Problem1Mu' depends on axioms: [propext, Classical.choice, Quot.sound]
info: Research/WordRepTensor/Check.lean:32:0: 'WordRepTensor.Check.check_Problem1MuExt' depends on axioms: [propext, Classical.choice, Quot.sound]
info: Research/WordRepTensor/Check.lean:33:0: 'WordRepTensor.Check.check_Problem5_1' depends on axioms: [propext, Classical.choice, Quot.sound]
info: Research/WordRepTensor/Check.lean:34:0: 'WordRepTensor.Check.check_MycielskiOddCycleNotWR' depends on axioms: [propext, Classical.choice, Quot.sound]
info: Research/WordRepTensor/Check.lean:35:0: 'WordRepTensor.Check.check_ExtMycielskiOddCycleNotWR' depends on axioms: [propext, Classical.choice, Quot.sound]
info: Research/WordRepTensor/Check.lean:36:0: 'WordRepTensor.Check.check_WordRepresentableOfEmbedding' depends on axioms: [propext, Classical.choice, Quot.sound]
info: Research/WordRepTensor/Check.lean:37:0: 'WordRepTensor.Check.check_EmbeddingOfHom' depends on axioms: [propext, Quot.sound]
info: Research/WordRepTensor/Check.lean:38:0: 'WordRepTensor.Check.check_Lemma1Mu' depends on axioms: [propext, Classical.choice, Quot.sound]
info: Research/WordRepTensor/Check.lean:39:0: 'WordRepTensor.Check.check_Lemma1MuExt' depends on axioms: [propext, Classical.choice, Quot.sound]
info: Research/WordRepTensor/Check.lean:40:0: 'WordRepTensor.Check.check_Lemma2Mu' depends on axioms: [propext, Classical.choice, Quot.sound]
info: Research/WordRepTensor/Check.lean:41:0: 'WordRepTensor.Check.check_Lemma2MuExt' depends on axioms: [propext, Classical.choice, Quot.sound]
ℹ [9260/9300] Built Research.AxialMSZ.Proof.Corollary (3.2s)
info: Research/AxialMSZ/Proof/Corollary.lean:39:0: 'CodexAxial.check_Corollary' depends on axioms: [propext, Classical.choice, Quot.sound]
⚠ [9261/9300] Built Research.ICGEqualParityA (9.4s)
warning: Research/ICGEqualParityA.lean:89:8: `if_pos` has been deprecated: Use `ite_eq_left` instead
warning: Research/ICGEqualParityA.lean:91:8: `if_neg` has been deprecated: Use `ite_eq_right` instead
warning: Research/ICGEqualParityA.lean:95:8: `if_neg` has been deprecated: Use `ite_eq_right` instead
warning: Research/ICGEqualParityA.lean:99:8: `if_pos` has been deprecated: Use `ite_eq_left` instead
warning: Research/ICGEqualParityA.lean:179:6: `if_neg` has been deprecated: Use `ite_eq_right` instead
warning: Research/ICGEqualParityA.lean:211:6: `if_pos` has been deprecated: Use `ite_eq_left` instead
warning: Research/ICGEqualParityA.lean:469:17: `if_pos` has been deprecated: Use `ite_eq_left` instead
warning: Research/ICGEqualParityA.lean:474:17: `if_neg` has been deprecated: Use `ite_eq_right` instead
ℹ [9262/9300] Built Research.Backfill.Paper4.Proof.MedianEightLabelled (3.9s)
info: Research/Backfill/Paper4/Proof/MedianEightLabelled.lean:185:0: 'ClaudePaper4.check_Sec4_count_labelled' depends on axioms: [propext, Classical.choice, Quot.sound]
✔ [9263/9300] Built Research.Backfill.Paper3.Proof.A.Consequences (4.1s)
ℹ [9264/9300] Built Research.Backfill.Paper4.Proof.SmallMedianCounts (4.7s)
info: Research/Backfill/Paper4/Proof/SmallMedianCounts.lean:381:0: 'ClaudePaper4.check_Sec4_count_median' depends on axioms: [propext, Classical.choice, Quot.sound]
✔ [9265/9300] Built Research.Backfill.Paper3.Proof.TS.Table2 (3.4s)
✔ [9266/9300] Built Research.Backfill.Paper3.Proof.Num.RunTD3 (9.9s)
✔ [9267/9300] Built Research.Backfill.Paper3.Proof.Num.RunTD4 (13s)
✔ [9268/9300] Built Research.Backfill.Paper3.Proof.Num.RunTD2 (6.7s)
✔ [9269/9300] Built Research.Backfill.Paper3.Proof.Num.RunR12a (5.1s)
✔ [9270/9300] Built Research.Backfill.Paper3.Proof.Num.RunR12b (10s)
✔ [9271/9300] Built Research.Backfill.Paper3.Proof.CD.Remark10 (4.2s)
✔ [9272/9300] Built Research.Backfill.Paper3.Proof.Num.RunR10b (5.9s)
✔ [9273/9300] Built Research.Backfill.Paper3.Proof.B.Cor5 (4.0s)
ℹ [9274/9300] Built Research.AxialMSZ.Check (3.2s)
info: Research/AxialMSZ/Check.lean:61:0: 'AxialMSZ.Check.check_Laws_facts' depends on axioms: [propext, Classical.choice, Quot.sound]
info: Research/AxialMSZ/Check.lean:62:0: 'AxialMSZ.Check.check_ExS_Statement' depends on axioms: [propext, Classical.choice, Quot.sound]
info: Research/AxialMSZ/Check.lean:63:0: 'AxialMSZ.Check.check_ExE_Statement' depends on axioms: [propext, Classical.choice, Quot.sound]
info: Research/AxialMSZ/Check.lean:64:0: 'AxialMSZ.Check.check_ExD_Statement' depends on axioms: [propext, Classical.choice, Quot.sound]
info: Research/AxialMSZ/Check.lean:65:0: 'AxialMSZ.Check.check_ExP_Statement' depends on axioms: [propext, Classical.choice, Quot.sound]
info: Research/AxialMSZ/Check.lean:66:0: 'AxialMSZ.Check.check_TheoremA' depends on axioms: [propext, Classical.choice, Quot.sound]
info: Research/AxialMSZ/Check.lean:67:0: 'AxialMSZ.Check.check_TheoremB' depends on axioms: [propext, Classical.choice, Quot.sound]
info: Research/AxialMSZ/Check.lean:68:0: 'AxialMSZ.Check.check_TheoremC' depends on axioms: [propext, Classical.choice, Quot.sound]
info: Research/AxialMSZ/Check.lean:69:0: 'AxialMSZ.Check.check_RemarkP' depends on axioms: [propext, Classical.choice, Quot.sound]
info: Research/AxialMSZ/Check.lean:70:0: 'AxialMSZ.Check.check_Corollary' depends on axioms: [propext, Classical.choice, Quot.sound]
info: Research/AxialMSZ/Check.lean:71:0: 'AxialMSZ.Check.check_not_MS_Conjecture_3_16' depends on axioms: [propext, Classical.choice, Quot.sound]
info: Research/AxialMSZ/Check.lean:72:0: 'AxialMSZ.Check.check_not_FinestSumDecomposition_connected' depends on axioms: [propext, Classical.choice, Quot.sound]
info: Research/AxialMSZ/Check.lean:73:0: 'AxialMSZ.Check.check_not_Indecomposable_connected' depends on axioms: [propext, Classical.choice, Quot.sound]
info: Research/AxialMSZ/Check.lean:74:0: 'AxialMSZ.Check.check_not_Simple_connected' depends on axioms: [propext, Classical.choice, Quot.sound]
info: Research/AxialMSZ/Check.lean:75:0: 'AxialMSZ.Check.check_Dominance_nonsymmetric' depends on axioms: [propext, Classical.choice, Quot.sound]
info: Research/AxialMSZ/Check.lean:76:0: 'AxialMSZ.Check.check_ExD_axes_in_block' depends on axioms: [propext, Classical.choice, Quot.sound]
info: Research/AxialMSZ/Check.lean:77:0: 'AxialMSZ.Check.check_ExD_block_not_axial_on_contained_axes' depends on axioms: [propext, Classical.choice, Quot.sound]
⚠ [9275/9300] Built Research.ICGEqualParityGraph (3.9s)
warning: Research/ICGEqualParityGraph.lean:122:66: `if_neg` has been deprecated: Use `ite_eq_right` instead
warning: Research/ICGEqualParityGraph.lean:143:61: `if_neg` has been deprecated: Use `ite_eq_right` instead
warning: Research/ICGEqualParityGraph.lean:145:62: `if_pos` has been deprecated: Use `ite_eq_left` instead
warning: Research/ICGEqualParityGraph.lean:195:10: `if_neg` has been deprecated: Use `ite_eq_right` instead
warning: Research/ICGEqualParityGraph.lean:198:10: `if_pos` has been deprecated: Use `ite_eq_left` instead
warning: Research/ICGEqualParityGraph.lean:204:10: `if_pos` has been deprecated: Use `ite_eq_left` instead
warning: Research/ICGEqualParityGraph.lean:207:10: `if_neg` has been deprecated: Use `ite_eq_right` instead
warning: Research/ICGEqualParityGraph.lean:280:8: `if_neg` has been deprecated: Use `ite_eq_right` instead
info: Research/ICGEqualParityGraph.lean:290:0: 'ICGEqualParity.energy_le_anti' depends on axioms: [propext, Classical.choice, Quot.sound]
info: Research/ICGEqualParityGraph.lean:291:0: 'ICGEqualParity.energy_anti' depends on axioms: [propext, Classical.choice, Quot.sound]
info: Research/ICGEqualParityGraph.lean:292:0: 'ICGEqualParity.thmA_le' depends on axioms: [propext, Classical.choice, Quot.sound]
ℹ [9276/9300] Built Research.Backfill.Paper4.Check (3.3s)
info: Research/Backfill/Paper4/Check.lean:195:0: 'BackfillPaper4.Check.check_Sec5_FP_symm' depends on axioms: [propext, Classical.choice, Quot.sound]
info: Research/Backfill/Paper4/Check.lean:196:0: 'BackfillPaper4.Check.check_Sec5_FP_iff_viii' depends on axioms: [propext, Classical.choice, Quot.sound]
info: Research/Backfill/Paper4/Check.lean:197:0: 'BackfillPaper4.Check.check_Lemma2' depends on axioms: [propext, Quot.sound]
info: Research/Backfill/Paper4/Check.lean:198:0: 'BackfillPaper4.Check.check_Sec2_bounds' depends on axioms: [propext, Classical.choice, Quot.sound]
info: Research/Backfill/Paper4/Check.lean:199:0: 'BackfillPaper4.Check.check_Proposition3' depends on axioms: [propext, Classical.choice, Quot.sound]
info: Research/Backfill/Paper4/Check.lean:200:0: 'BackfillPaper4.Check.check_Sec2_peripheral_iff' depends on axioms: [propext, Classical.choice, Quot.sound]
info: Research/Backfill/Paper4/Check.lean:201:0: 'BackfillPaper4.Check.check_Sec2_Q3_imp_Q3'' depends on axioms: [propext, Classical.choice, Quot.sound]
info: Research/Backfill/Paper4/Check.lean:202:0: 'BackfillPaper4.Check.check_Sec2_Q4_imp_Q4'' depends on axioms: [propext, Classical.choice, Quot.sound]
info: Research/Backfill/Paper4/Check.lean:203:0: 'BackfillPaper4.Check.check_Sec2_repeated' depends on axioms: [propext, Classical.choice, Quot.sound]
info: Research/Backfill/Paper4/Check.lean:204:0: 'BackfillPaper4.Check.check_Sec2_readings_Q3' depends on axioms: [propext, Classical.choice, Quot.sound]
info: Research/Backfill/Paper4/Check.lean:205:0: 'BackfillPaper4.Check.check_Sec2_readings_Q4' depends on axioms: [propext, Classical.choice, Quot.sound]
info: Research/Backfill/Paper4/Check.lean:206:0: 'BackfillPaper4.Check.check_TheoremC_FP' depends on axioms: [propext, Classical.choice, Quot.sound]
info: Research/Backfill/Paper4/Check.lean:207:0: 'BackfillPaper4.Check.check_Sec4_median_triangleFree' depends on axioms: [propext, Classical.choice, Quot.sound]
info: Research/Backfill/Paper4/Check.lean:208:0: 'BackfillPaper4.Check.check_Sec4_nonCutVertex' depends on axioms: [propext, Classical.choice, Quot.sound]
info: Research/Backfill/Paper4/Check.lean:209:0: 'BackfillPaper4.Check.check_Sec4_reduction' depends on axioms: [propext, Classical.choice, Quot.sound]
info: Research/Backfill/Paper4/Check.lean:210:0: 'BackfillPaper4.Check.check_TheoremA_i' depends on axioms: [propext, Classical.choice, Quot.sound]
info: Research/Backfill/Paper4/Check.lean:211:0: 'BackfillPaper4.Check.check_TheoremA_ii' depends on axioms: [propext, Classical.choice, Quot.sound]
info: Research/Backfill/Paper4/Check.lean:212:0: 'BackfillPaper4.Check.check_TheoremB_ii' depends on axioms: [propext, Classical.choice, Quot.sound]
info: Research/Backfill/Paper4/Check.lean:213:0: 'BackfillPaper4.Check.check_Remark4_ii' depends on axioms: [propext, Classical.choice, Quot.sound]
info: Research/Backfill/Paper4/Check.lean:214:0: 'BackfillPaper4.Check.check_Sec8_open' depends on axioms: [propext, Classical.choice, Quot.sound]
info: Research/Backfill/Paper4/Check.lean:215:0: 'BackfillPaper4.Check.check_Sec2_problem2_altReading' depends on axioms: [propext, Classical.choice, Quot.sound]
info: Research/Backfill/Paper4/Check.lean:216:0: 'BackfillPaper4.Check.check_Remark4_iii' depends on axioms: [propext, Classical.choice, Quot.sound]
info: Research/Backfill/Paper4/Check.lean:217:0: 'BackfillPaper4.Check.check_Remark5_i' depends on axioms: [propext, Classical.choice, Quot.sound]
info: Research/Backfill/Paper4/Check.lean:218:0: 'BackfillPaper4.Check.check_Released_fourPoint_facts' depends on axioms: [propext, Classical.choice, Quot.sound]
info: Research/Backfill/Paper4/Check.lean:219:0: 'BackfillPaper4.Check.check_TheoremB_i' depends on axioms: [propext, Classical.choice, Quot.sound]
info: Research/Backfill/Paper4/Check.lean:220:0: 'BackfillPaper4.Check.check_Sec3_medianDH_noQ4' depends on axioms: [propext, Classical.choice, Quot.sound]
info: Research/Backfill/Paper4/Check.lean:221:0: 'BackfillPaper4.Check.check_Remark4_i' depends on axioms: [propext, Classical.choice, Quot.sound]
info: Research/Backfill/Paper4/Check.lean:222:0: 'BackfillPaper4.Check.check_Sec2_classReading' depends on axioms: [propext, Classical.choice, Quot.sound]
info: Research/Backfill/Paper4/Check.lean:223:0: 'BackfillPaper4.Check.check_Sec3_MO_notDH' depends on axioms: [propext, Classical.choice, Quot.sound]
info: Research/Backfill/Paper4/Check.lean:224:0: 'BackfillPaper4.Check.check_Remark5_ii' depends on axioms: [propext, Classical.choice, Quot.sound]
info: Research/Backfill/Paper4/Check.lean:225:0: 'BackfillPaper4.Check.check_Remark5_iii' depends on axioms: [propext, Classical.choice, Quot.sound]
info: Research/Backfill/Paper4/Check.lean:226:0: 'BackfillPaper4.Check.check_Sec6_DHtests' depends on axioms: [propext, Classical.choice, Quot.sound]
info: Research/Backfill/Paper4/Check.lean:227:0: 'BackfillPaper4.Check.check_Lemma1' depends on axioms: [propext, Classical.choice, Quot.sound]
info: Research/Backfill/Paper4/Check.lean:228:0: 'BackfillPaper4.Check.check_TheoremA_grid' depends on axioms: [propext, Classical.choice, Quot.sound]
info: Research/Backfill/Paper4/Check.lean:229:0: 'BackfillPaper4.Check.check_TheoremB_grid' depends on axioms: [propext, Classical.choice, Quot.sound]
info: Research/Backfill/Paper4/Check.lean:230:0: 'BackfillPaper4.Check.check_Sec3_monotonePath' depends on axioms: [propext, Classical.choice, Quot.sound]
info: Research/Backfill/Paper4/Check.lean:231:0: 'BackfillPaper4.Check.check_BandeltMulder_extension' depends on axioms: [propext, Classical.choice, Quot.sound]
info: Research/Backfill/Paper4/Check.lean:232:0: 'BackfillPaper4.Check.check_BandeltMulder_DH_fourPoint' depends on axioms: [propext, Classical.choice, Quot.sound]
info: Research/Backfill/Paper4/Check.lean:233:0: 'BackfillPaper4.Check.check_TheoremC_i' depends on axioms: [propext, Classical.choice, Quot.sound]
info: Research/Backfill/Paper4/Check.lean:234:0: 'BackfillPaper4.Check.check_TheoremC_ii' depends on axioms: [propext, Classical.choice, Quot.sound]
info: Research/Backfill/Paper4/Check.lean:235:0: 'BackfillPaper4.Check.check_Sec3_DH_noQ4_imp_Q3' depends on axioms: [propext, Classical.choice, Quot.sound]
info: Research/Backfill/Paper4/Check.lean:236:0: 'BackfillPaper4.Check.check_Sec4_aut' depends on axioms: [propext, Classical.choice, Quot.sound]
info: Research/Backfill/Paper4/Check.lean:237:0: 'BackfillPaper4.Check.check_Sec4_count_triangleFree7' depends on axioms: [propext, Classical.choice, Quot.sound]
info: Research/Backfill/Paper4/Check.lean:238:0: 'BackfillPaper4.Check.check_Sec4_count_candidates' depends on axioms: [propext, Classical.choice, Quot.sound]
info: Research/Backfill/Paper4/Check.lean:239:0: 'BackfillPaper4.Check.check_TheoremA_min' depends on axioms: [propext, Classical.choice, Quot.sound]
info: Research/Backfill/Paper4/Check.lean:240:0: 'BackfillPaper4.Check.check_TheoremB_min' depends on axioms: [propext, Classical.choice, Quot.sound]
info: Research/Backfill/Paper4/Check.lean:241:0: 'BackfillPaper4.Check.check_TheoremA_unique' depends on axioms: [propext, Classical.choice, Quot.sound]
info: Research/Backfill/Paper4/Check.lean:242:0: 'BackfillPaper4.Check.check_TheoremB_unique' depends on axioms: [propext, Classical.choice, Quot.sound]
info: Research/Backfill/Paper4/Check.lean:243:0: 'BackfillPaper4.Check.check_Sec4_count_median' depends on axioms: [propext, Classical.choice, Quot.sound]
info: Research/Backfill/Paper4/Check.lean:244:0: 'BackfillPaper4.Check.check_Sec4_count_labelled' depends on axioms: [propext, Classical.choice, Quot.sound]
ℹ [9277/9300] Built Research.Backfill.Paper3.Proof.TS.Main (3.1s)
info: Research/Backfill/Paper3/Proof/TS/Main.lean:18:0: 'P3TS.check_TwoSwitchConnected' depends on axioms: [propext, Classical.choice, Quot.sound]
info: Research/Backfill/Paper3/Proof/TS/Main.lean:23:0: 'P3TS.check_Table2' depends on axioms: [propext, Classical.choice, Quot.sound]
✔ [9278/9300] Built Research.Backfill.Paper3.Proof.Num.TDNum (3.4s)
✔ [9279/9300] Built Research.Backfill.Paper3.Proof.A.Remark4 (16s)
✔ [9280/9300] Built Research.Backfill.Paper3.Proof.Num.Remark12 (3.4s)
ℹ [9281/9300] Built Research.Backfill.Paper3.Proof.CD.Main (3.9s)
info: Research/Backfill/Paper3/Proof/CD/Main.lean:22:0: 'P3CD.check_Rho_bddBelow' depends on axioms: [propext, Classical.choice, Quot.sound]
info: Research/Backfill/Paper3/Proof/CD/Main.lean:26:0: 'P3CD.check_Remark9' depends on axioms: [propext, Classical.choice, Quot.sound]
info: Research/Backfill/Paper3/Proof/CD/Main.lean:30:0: 'P3CD.check_PropositionC' depends on axioms: [propext, Classical.choice, Quot.sound]
info: Research/Backfill/Paper3/Proof/CD/Main.lean:36:0: 'P3CD.check_TheoremD' depends on axioms: [propext, Classical.choice, Quot.sound]
info: Research/Backfill/Paper3/Proof/CD/Main.lean:40:0: 'P3CD.check_Remark10a' depends on axioms: [propext, Classical.choice, Quot.sound]
info: Research/Backfill/Paper3/Proof/CD/Main.lean:44:0: 'P3CD.check_Remark10c' depends on axioms: [propext, Classical.choice, Quot.sound]
info: Research/Backfill/Paper3/Proof/CD/Main.lean:48:0: 'P3CD.check_Remark11' depends on axioms: [propext, Classical.choice, Quot.sound]
info: Research/Backfill/Paper3/Proof/CD/Main.lean:52:0: 'P3CD.check_ReadingR6' depends on axioms: [propext, Classical.choice, Quot.sound]
✔ [9282/9300] Built Research.Backfill.Paper3.Proof.Num.Remark10b (3.0s)
ℹ [9283/9300] Built Research.Backfill.Paper3.Proof.B.Main (3.5s)
info: Research/Backfill/Paper3/Proof/B/Main.lean:17:0: 'P3B.check_TheoremB' depends on axioms: [propext, Classical.choice, Quot.sound]
info: Research/Backfill/Paper3/Proof/B/Main.lean:21:0: 'P3B.check_Corollary5' depends on axioms: [propext, Classical.choice, Quot.sound]
info: Research/Backfill/Paper3/Proof/B/Main.lean:25:0: 'P3B.check_S3PrismH2Cycle' depends on axioms: [propext, Classical.choice, Quot.sound]
info: Research/Backfill/Paper3/Proof/B/Main.lean:29:0: 'P3B.check_Neg_2d' depends on axioms: [propext, Classical.choice, Quot.sound]
ℹ [9284/9300] Built Research.Backfill.Paper3.Proof.A.Main (3.3s)
info: Research/Backfill/Paper3/Proof/A/Main.lean:18:0: 'P3A.check_Lemma1' depends on axioms: [propext, Classical.choice, Quot.sound]
info: Research/Backfill/Paper3/Proof/A/Main.lean:21:0: 'P3A.check_Proposition2' depends on axioms: [propext, Classical.choice, Quot.sound]
info: Research/Backfill/Paper3/Proof/A/Main.lean:24:0: 'P3A.check_Lemma3' depends on axioms: [propext, Classical.choice, Quot.sound]
info: Research/Backfill/Paper3/Proof/A/Main.lean:27:0: 'P3A.check_TheoremA' depends on axioms: [propext, Classical.choice, Quot.sound]
info: Research/Backfill/Paper3/Proof/A/Main.lean:30:0: 'P3A.check_Remark4' depends on axioms: [propext, Classical.choice, Quot.sound]
info: Research/Backfill/Paper3/Proof/A/Main.lean:33:0: 'P3A.check_CompetitorFacts' depends on axioms: [propext, Classical.choice, Quot.sound]
info: Research/Backfill/Paper3/Proof/A/Main.lean:37:0: 'P3A.check_NegativeEveryAdmissible' depends on axioms: [propext, Classical.choice, Quot.sound]
info: Research/Backfill/Paper3/Proof/A/Main.lean:40:0: 'P3A.check_GammaStarScope' depends on axioms: [propext, Classical.choice, Quot.sound]
info: Research/Backfill/Paper3/Proof/A/Main.lean:44:0: 'P3A.check_MaximisersAtGammaStar' depends on axioms: [propext, Classical.choice, Quot.sound]
info: Research/Backfill/Paper3/Proof/A/Main.lean:47:0: 'P3A.check_HighThresholdTie' depends on axioms: [propext, Classical.choice, Quot.sound]
info: Research/Backfill/Paper3/Proof/A/Main.lean:51:0: 'P3A.check_RegularOn2dConnected' depends on axioms: [propext, Classical.choice, Quot.sound]
info: Research/Backfill/Paper3/Proof/A/Main.lean:55:0: 'P3A.check_TrivialCasesUnique' depends on axioms: [propext, Classical.choice, Quot.sound]
info: Research/Backfill/Paper3/Proof/A/Main.lean:58:0: 'P3A.check_TrivialCasesTrue' depends on axioms: [propext, Classical.choice, Quot.sound]
info: Research/Backfill/Paper3/Proof/A/Main.lean:61:0: 'P3A.check_Neg_6_3' depends on axioms: [propext, Classical.choice, Quot.sound]
info: Research/Backfill/Paper3/Proof/A/Main.lean:64:0: 'P3A.check_Neg_12_3_top' depends on axioms: [propext, Classical.choice, Quot.sound]
info: Research/Backfill/Paper3/Proof/A/Main.lean:67:0: 'P3A.check_AnswerNegative' depends on axioms: [propext, Classical.choice, Quot.sound]
⚠ [9285/9300] Built Research.ICGEqualParityUnique (8.7s)
warning: Research/ICGEqualParityUnique.lean:393:17: `if_pos` has been deprecated: Use `ite_eq_left` instead
warning: Research/ICGEqualParityUnique.lean:440:17: `if_neg` has been deprecated: Use `ite_eq_right` instead
warning: Research/ICGEqualParityUnique.lean:549:8: `if_neg` has been deprecated: Use `ite_eq_right` instead
warning: Research/ICGEqualParityUnique.lean:559:19: `if_pos` has been deprecated: Use `ite_eq_left` instead
warning: Research/ICGEqualParityUnique.lean:562:10: `if_neg` has been deprecated: Use `ite_eq_right` instead
warning: Research/ICGEqualParityUnique.lean:714:53: `if_pos` has been deprecated: Use `ite_eq_left` instead
warning: Research/ICGEqualParityUnique.lean:719:25: `if_neg` has been deprecated: Use `ite_eq_right` instead
warning: Research/ICGEqualParityUnique.lean:733:10: `if_pos` has been deprecated: Use `ite_eq_left` instead
warning: Research/ICGEqualParityUnique.lean:759:53: `if_pos` has been deprecated: Use `ite_eq_left` instead
warning: Research/ICGEqualParityUnique.lean:764:25: `if_neg` has been deprecated: Use `ite_eq_right` instead
warning: Research/ICGEqualParityUnique.lean:781:10: `if_pos` has been deprecated: Use `ite_eq_left` instead
warning: Research/ICGEqualParityUnique.lean:824:10: `if_pos` has been deprecated: Use `ite_eq_left` instead
warning: Research/ICGEqualParityUnique.lean:833:55: `if_pos` has been deprecated: Use `ite_eq_left` instead
warning: Research/ICGEqualParityUnique.lean:836:10: `if_neg` has been deprecated: Use `ite_eq_right` instead
warning: Research/ICGEqualParityUnique.lean:844:49: `if_neg` has been deprecated: Use `ite_eq_right` instead
warning: Research/ICGEqualParityUnique.lean:881:10: `if_pos` has been deprecated: Use `ite_eq_left` instead
warning: Research/ICGEqualParityUnique.lean:883:10: `if_neg` has been deprecated: Use `ite_eq_right` instead
warning: Research/ICGEqualParityUnique.lean:891:10: `if_pos` has been deprecated: Use `ite_eq_left` instead
warning: Research/ICGEqualParityUnique.lean:894:12: `if_neg` has been deprecated: Use `ite_eq_right` instead
warning: Research/ICGEqualParityUnique.lean:897:12: `if_pos` has been deprecated: Use `ite_eq_left` instead
warning: Research/ICGEqualParityUnique.lean:900:10: `if_neg` has been deprecated: Use `ite_eq_right` instead
warning: Research/ICGEqualParityUnique.lean:902:10: `if_neg` has been deprecated: Use `ite_eq_right` instead
info: Research/ICGEqualParityUnique.lean:972:0: 'ICGEqualParity.trunc_value' depends on axioms: [propext, Classical.choice, Quot.sound]
info: Research/ICGEqualParityUnique.lean:973:0: 'ICGEqualParity.energy_trunc' depends on axioms: [propext, Classical.choice, Quot.sound]
info: Research/ICGEqualParityUnique.lean:976:0: 'ICGEqualParity.thmA_lt' depends on axioms: [propext, Classical.choice, Quot.sound]
info: Research/ICGEqualParityUnique.lean:977:0: 'ICGEqualParity.energy_lt_anti' depends on axioms: [propext, Classical.choice, Quot.sound]
info: Research/ICGEqualParityUnique.lean:978:0: 'ICGEqualParity.corollaryA' depends on axioms: [propext, Classical.choice, Quot.sound]
ℹ [9286/9300] Built Research.Backfill.Paper3.Proof.Num.Main (3.1s)
info: Research/Backfill/Paper3/Proof/Num/Main.lean:23:0: 'P3Num.check_Remark10b' depends on axioms: [propext, Classical.choice, Quot.sound]
info: Research/Backfill/Paper3/Proof/Num/Main.lean:27:0: 'P3Num.check_Remark12' depends on axioms: [propext, Classical.choice, Quot.sound]
info: Research/Backfill/Paper3/Proof/Num/Main.lean:31:0: 'P3Num.check_TheoremDNumerics' depends on axioms: [propext, Classical.choice, Quot.sound]
ℹ [9287/9300] Built Research.Backfill.Paper3.Proof.Small.Main (3.2s)
info: Research/Backfill/Paper3/Proof/Small/Main.lean:19:0: 'P3Small.check_Table1' depends on axioms: [propext, Classical.choice, Quot.sound]
info: Research/Backfill/Paper3/Proof/Small/Main.lean:22:0: 'P3Small.check_Table4Counts' depends on axioms: [propext, Classical.choice, Quot.sound]
info: Research/Backfill/Paper3/Proof/Small/Main.lean:25:0: 'P3Small.check_CubicSix' depends on axioms: [propext, Classical.choice, Quot.sound]
info: Research/Backfill/Paper3/Proof/Small/Main.lean:28:0: 'P3Small.check_ExactFailureSix' depends on axioms: [propext, Classical.choice, Quot.sound]
info: Research/Backfill/Paper3/Proof/Small/Main.lean:32:0: 'P3Small.check_SmallestCounterexample' depends on axioms: [propext, Classical.choice, Quot.sound]
info: Research/Backfill/Paper3/Proof/Small/Main.lean:35:0: 'P3Small.check_LabelledCounts' depends on axioms: [propext, Classical.choice, Quot.sound]
ℹ [9288/9300] Built Research.Backfill.Paper3.Check (3.4s)
info: Research/Backfill/Paper3/Check.lean:95:0: 'BackfillPaper3.Check.check_IGammaFloor' depends on axioms: [propext, Classical.choice, Quot.sound]
info: Research/Backfill/Paper3/Check.lean:96:0: 'BackfillPaper3.Check.check_IGammaIso' depends on axioms: [propext, Classical.choice, Quot.sound]
info: Research/Backfill/Paper3/Check.lean:97:0: 'BackfillPaper3.Check.check_PolyFacts' depends on axioms: [propext, Classical.choice, Quot.sound]
info: Research/Backfill/Paper3/Check.lean:98:0: 'BackfillPaper3.Check.check_IntegerForm' depends on axioms: [propext, Classical.choice, Quot.sound]
info: Research/Backfill/Paper3/Check.lean:99:0: 'BackfillPaper3.Check.check_Neg_6_3' depends on axioms: [propext, Classical.choice, Quot.sound]
info: Research/Backfill/Paper3/Check.lean:100:0: 'BackfillPaper3.Check.check_Neg_2d' depends on axioms: [propext, Classical.choice, Quot.sound]
info: Research/Backfill/Paper3/Check.lean:101:0: 'BackfillPaper3.Check.check_Neg_8_2' depends on axioms: [propext, Classical.choice, Quot.sound]
info: Research/Backfill/Paper3/Check.lean:102:0: 'BackfillPaper3.Check.check_Neg_12_3_bip' depends on axioms: [propext, Classical.choice, Quot.sound]
info: Research/Backfill/Paper3/Check.lean:103:0: 'BackfillPaper3.Check.check_Neg_12_3_top' depends on axioms: [propext, Classical.choice, Quot.sound]
info: Research/Backfill/Paper3/Check.lean:104:0: 'BackfillPaper3.Check.check_Table4Counts' depends on axioms: [propext, Classical.choice, Quot.sound]
info: Research/Backfill/Paper3/Check.lean:105:0: 'BackfillPaper3.Check.check_KddIndependentSets' depends on axioms: [propext, Classical.choice, Quot.sound]
info: Research/Backfill/Paper3/Check.lean:106:0: 'BackfillPaper3.Check.check_Lemma1' depends on axioms: [propext, Classical.choice, Quot.sound]
info: Research/Backfill/Paper3/Check.lean:107:0: 'BackfillPaper3.Check.check_Proposition2' depends on axioms: [propext, Classical.choice, Quot.sound]
info: Research/Backfill/Paper3/Check.lean:108:0: 'BackfillPaper3.Check.check_Lemma3' depends on axioms: [propext, Classical.choice, Quot.sound]
info: Research/Backfill/Paper3/Check.lean:109:0: 'BackfillPaper3.Check.check_TheoremA' depends on axioms: [propext, Classical.choice, Quot.sound]
info: Research/Backfill/Paper3/Check.lean:110:0: 'BackfillPaper3.Check.check_Remark4' depends on axioms: [propext, Classical.choice, Quot.sound]
info: Research/Backfill/Paper3/Check.lean:111:0: 'BackfillPaper3.Check.check_TheoremB' depends on axioms: [propext, Classical.choice, Quot.sound]
info: Research/Backfill/Paper3/Check.lean:112:0: 'BackfillPaper3.Check.check_Corollary5' depends on axioms: [propext, Classical.choice, Quot.sound]
info: Research/Backfill/Paper3/Check.lean:113:0: 'BackfillPaper3.Check.check_WSymm' depends on axioms: [propext, Classical.choice, Quot.sound]
info: Research/Backfill/Paper3/Check.lean:114:0: 'BackfillPaper3.Check.check_Lemma6' depends on axioms: [propext, Classical.choice, Quot.sound]
info: Research/Backfill/Paper3/Check.lean:115:0: 'BackfillPaper3.Check.check_Lemma7' depends on axioms: [propext, Classical.choice, Quot.sound]
info: Research/Backfill/Paper3/Check.lean:116:0: 'BackfillPaper3.Check.check_TheoremBprime' depends on axioms: [propext, Classical.choice, Quot.sound]
info: Research/Backfill/Paper3/Check.lean:117:0: 'BackfillPaper3.Check.check_Lemma8' depends on axioms: [propext, Classical.choice, Quot.sound]
info: Research/Backfill/Paper3/Check.lean:118:0: 'BackfillPaper3.Check.check_Lemma8_bddBelow' depends on axioms: [propext, Classical.choice, Quot.sound]
info: Research/Backfill/Paper3/Check.lean:119:0: 'BackfillPaper3.Check.check_PropositionC' depends on axioms: [propext, Classical.choice, Quot.sound]
info: Research/Backfill/Paper3/Check.lean:120:0: 'BackfillPaper3.Check.check_Rho_bddBelow' depends on axioms: [propext, Classical.choice, Quot.sound]
info: Research/Backfill/Paper3/Check.lean:121:0: 'BackfillPaper3.Check.check_TheoremD' depends on axioms: [propext, Classical.choice, Quot.sound]
info: Research/Backfill/Paper3/Check.lean:122:0: 'BackfillPaper3.Check.check_SSSZBound' depends on axioms: [propext, Classical.choice, Quot.sound]
info: Research/Backfill/Paper3/Check.lean:123:0: 'BackfillPaper3.Check.check_CareniniProp21' depends on axioms: [propext, Classical.choice, Quot.sound]
info: Research/Backfill/Paper3/Check.lean:124:0: 'BackfillPaper3.Check.check_KahnZhao' depends on axioms: [propext, Classical.choice, Quot.sound]
info: Research/Backfill/Paper3/Check.lean:125:0: 'BackfillPaper3.Check.check_QuestionTrueHalf' depends on axioms: [propext, Classical.choice, Quot.sound]
info: Research/Backfill/Paper3/Check.lean:126:0: 'BackfillPaper3.Check.check_QuestionTrueZero' depends on axioms: [propext, Classical.choice, Quot.sound]
info: Research/Backfill/Paper3/Check.lean:127:0: 'BackfillPaper3.Check.check_TrivialCasesUnique' depends on axioms: [propext, Classical.choice, Quot.sound]
info: Research/Backfill/Paper3/Check.lean:128:0: 'BackfillPaper3.Check.check_TrivialCasesTrue' depends on axioms: [propext, Classical.choice, Quot.sound]
info: Research/Backfill/Paper3/Check.lean:129:0: 'BackfillPaper3.Check.check_CompetitorFacts' depends on axioms: [propext, Classical.choice, Quot.sound]
info: Research/Backfill/Paper3/Check.lean:130:0: 'BackfillPaper3.Check.check_NegativeEveryAdmissible' depends on axioms: [propext, Classical.choice, Quot.sound]
info: Research/Backfill/Paper3/Check.lean:131:0: 'BackfillPaper3.Check.check_AnswerNegative' depends on axioms: [propext, Classical.choice, Quot.sound]
info: Research/Backfill/Paper3/Check.lean:132:0: 'BackfillPaper3.Check.check_GammaStarScope' depends on axioms: [propext, Classical.choice, Quot.sound]
info: Research/Backfill/Paper3/Check.lean:133:0: 'BackfillPaper3.Check.check_LowGammaExamples' depends on axioms: [propext, Classical.choice, Quot.sound]
info: Research/Backfill/Paper3/Check.lean:134:0: 'BackfillPaper3.Check.check_S3PrismH2Cycle' depends on axioms: [propext, Classical.choice, Quot.sound]
info: Research/Backfill/Paper3/Check.lean:135:0: 'BackfillPaper3.Check.check_SethDensity' depends on axioms: [propext, Classical.choice, Quot.sound]
info: Research/Backfill/Paper3/Check.lean:136:0: 'BackfillPaper3.Check.check_MaximisersAtGammaStar' depends on axioms: [propext, Classical.choice, Quot.sound]
info: Research/Backfill/Paper3/Check.lean:137:0: 'BackfillPaper3.Check.check_Table1' depends on axioms: [propext, Classical.choice, Quot.sound]
info: Research/Backfill/Paper3/Check.lean:138:0: 'BackfillPaper3.Check.check_CubicSix' depends on axioms: [propext, Classical.choice, Quot.sound]
info: Research/Backfill/Paper3/Check.lean:139:0: 'BackfillPaper3.Check.check_ExactFailureSix' depends on axioms: [propext, Classical.choice, Quot.sound]
info: Research/Backfill/Paper3/Check.lean:140:0: 'BackfillPaper3.Check.check_SmallestCounterexample' depends on axioms: [propext, Classical.choice, Quot.sound]
info: Research/Backfill/Paper3/Check.lean:141:0: 'BackfillPaper3.Check.check_Remark9' depends on axioms: [propext, Classical.choice, Quot.sound]
info: Research/Backfill/Paper3/Check.lean:142:0: 'BackfillPaper3.Check.check_Remark10a' depends on axioms: [propext, Classical.choice, Quot.sound]
info: Research/Backfill/Paper3/Check.lean:143:0: 'BackfillPaper3.Check.check_Remark10b' depends on axioms: [propext, Classical.choice, Quot.sound]
info: Research/Backfill/Paper3/Check.lean:144:0: 'BackfillPaper3.Check.check_Remark10c' depends on axioms: [propext, Classical.choice, Quot.sound]
info: Research/Backfill/Paper3/Check.lean:145:0: 'BackfillPaper3.Check.check_Remark10d' depends on axioms: [propext, Classical.choice, Quot.sound]
info: Research/Backfill/Paper3/Check.lean:146:0: 'BackfillPaper3.Check.check_ReadingR6' depends on axioms: [propext, Classical.choice, Quot.sound]
info: Research/Backfill/Paper3/Check.lean:147:0: 'BackfillPaper3.Check.check_Remark11' depends on axioms: [propext, Classical.choice, Quot.sound]
info: Research/Backfill/Paper3/Check.lean:148:0: 'BackfillPaper3.Check.check_Remark12' depends on axioms: [propext, Classical.choice, Quot.sound]
info: Research/Backfill/Paper3/Check.lean:149:0: 'BackfillPaper3.Check.check_RegularOn2dConnected' depends on axioms: [propext, Classical.choice, Quot.sound]
info: Research/Backfill/Paper3/Check.lean:150:0: 'BackfillPaper3.Check.check_HighThresholdTie' depends on axioms: [propext, Classical.choice, Quot.sound]
info: Research/Backfill/Paper3/Check.lean:151:0: 'BackfillPaper3.Check.check_TwoSwitchConnected' depends on axioms: [propext, Classical.choice, Quot.sound]
info: Research/Backfill/Paper3/Check.lean:152:0: 'BackfillPaper3.Check.check_Table2' depends on axioms: [propext, Classical.choice, Quot.sound]
info: Research/Backfill/Paper3/Check.lean:153:0: 'BackfillPaper3.Check.check_LabelledCounts' depends on axioms: [propext, Classical.choice, Quot.sound]
info: Research/Backfill/Paper3/Check.lean:154:0: 'BackfillPaper3.Check.check_TheoremDNumerics' depends on axioms: [propext, Classical.choice, Quot.sound]
✔ [9289/9300] Built Research.ICGEqualParityBCol (7.5s)
✔ [9290/9300] Built Research.ICGEqualParityBFD (14s)
✔ [9291/9300] Built Research.ICGEqualParityBCert1 (17s)
✔ [9292/9300] Built Research.ICGEqualParityBCert2 (12s)
✔ [9293/9300] Built Research.ICGEqualParityBCert3 (20s)
✔ [9294/9300] Built Research.ICGEqualParityBCert4 (13s)
✔ [9295/9300] Built Research.ICGEqualParityBCert5 (21s)
✔ [9296/9300] Built Research.ICGEqualParityBCert6 (18s)
⚠ [9297/9300] Built Research.ICGEqualParityBMain (9.6s)
warning: Research/ICGEqualParityBMain.lean:766:14: `if_neg` has been deprecated: Use `ite_eq_right` instead
warning: Research/ICGEqualParityBMain.lean:775:16: `if_neg` has been deprecated: Use `ite_eq_right` instead
warning: Research/ICGEqualParityBMain.lean:776:16: `if_neg` has been deprecated: Use `ite_eq_right` instead
warning: Research/ICGEqualParityBMain.lean:777:16: `if_pos` has been deprecated: Use `ite_eq_left` instead
⚠ [9298/9300] Built Research.ICGEqualParityBGraph (8.1s)
warning: Research/ICGEqualParityBGraph.lean:114:53: `if_neg` has been deprecated: Use `ite_eq_right` instead
warning: Research/ICGEqualParityBGraph.lean:115:54: `if_neg` has been deprecated: Use `ite_eq_right` instead
warning: Research/ICGEqualParityBGraph.lean:116:53: `if_neg` has been deprecated: Use `ite_eq_right` instead
warning: Research/ICGEqualParityBGraph.lean:123:21: `if_neg` has been deprecated: Use `ite_eq_right` instead
warning: Research/ICGEqualParityBGraph.lean:125:21: `if_neg` has been deprecated: Use `ite_eq_right` instead
warning: Research/ICGEqualParityBGraph.lean:126:49: `if_pos` has been deprecated: Use `ite_eq_left` instead
warning: Research/ICGEqualParityBGraph.lean:298:63: `if_neg` has been deprecated: Use `ite_eq_right` instead
warning: Research/ICGEqualParityBGraph.lean:313:61: `if_neg` has been deprecated: Use `ite_eq_right` instead
warning: Research/ICGEqualParityBGraph.lean:315:62: `if_pos` has been deprecated: Use `ite_eq_left` instead
warning: Research/ICGEqualParityBGraph.lean:365:8: `if_pos` has been deprecated: Use `ite_eq_left` instead
warning: Research/ICGEqualParityBGraph.lean:365:18: `if_neg` has been deprecated: Use `ite_eq_right` instead
warning: Research/ICGEqualParityBGraph.lean:366:8: `if_neg` has been deprecated: Use `ite_eq_right` instead
warning: Research/ICGEqualParityBGraph.lean:366:18: `if_pos` has been deprecated: Use `ite_eq_left` instead
warning: Research/ICGEqualParityBGraph.lean:373:8: `if_pos` has been deprecated: Use `ite_eq_left` instead
warning: Research/ICGEqualParityBGraph.lean:373:19: `if_neg` has been deprecated: Use `ite_eq_right` instead
warning: Research/ICGEqualParityBGraph.lean:374:8: `if_neg` has been deprecated: Use `ite_eq_right` instead
warning: Research/ICGEqualParityBGraph.lean:376:10: `if_pos` has been deprecated: Use `ite_eq_left` instead
warning: Research/ICGEqualParityBGraph.lean:376:20: `if_pos` has been deprecated: Use `ite_eq_left` instead
warning: Research/ICGEqualParityBGraph.lean:377:10: `if_neg` has been deprecated: Use `ite_eq_right` instead
warning: Research/ICGEqualParityBGraph.lean:377:20: `if_neg` has been deprecated: Use `ite_eq_right` instead
warning: Research/ICGEqualParityBGraph.lean:385:8: `if_pos` has been deprecated: Use `ite_eq_left` instead
warning: Research/ICGEqualParityBGraph.lean:385:57: `if_pos` has been deprecated: Use `ite_eq_left` instead
warning: Research/ICGEqualParityBGraph.lean:386:8: `if_neg` has been deprecated: Use `ite_eq_right` instead
warning: Research/ICGEqualParityBGraph.lean:386:71: `if_neg` has been deprecated: Use `ite_eq_right` instead
warning: Research/ICGEqualParityBGraph.lean:402:8: `if_pos` has been deprecated: Use `ite_eq_left` instead
warning: Research/ICGEqualParityBGraph.lean:402:29: `if_pos` has been deprecated: Use `ite_eq_left` instead
warning: Research/ICGEqualParityBGraph.lean:403:8: `if_neg` has been deprecated: Use `ite_eq_right` instead
warning: Research/ICGEqualParityBGraph.lean:403:43: `if_neg` has been deprecated: Use `ite_eq_right` instead
warning: Research/ICGEqualParityBGraph.lean:473:8: `if_neg` has been deprecated: Use `ite_eq_right` instead
warning: Research/ICGEqualParityBGraph.lean:487:19: `if_pos` has been deprecated: Use `ite_eq_left` instead
warning: Research/ICGEqualParityBGraph.lean:490:10: `if_neg` has been deprecated: Use `ite_eq_right` instead
✔ [9299/9300] Built Research (2.9s)
Build completed successfully (9300 jobs).
     1131.46 real      2337.55 user       954.45 sys
         12751896576  maximum resident set size
                   0  average shared memory size
                   0  average unshared data size
                   0  average unshared stack size
           169399736  page reclaims
              241696  page faults
                   0  swaps
                   0  block input operations
                   0  block output operations
                   0  messages sent
                   0  messages received
                   0  signals received
              136701  voluntary context switches
            19335396  involuntary context switches
        582782306809  instructions retired
        197824470212  cycles elapsed
           416179792  peak memory footprint
exit=0
2026-09-29T13:12:56Z
