0 0 
128 1 5788
192 2 2546 7618
224 2 3481 12044
240 2 3498 5707
248 2 5030 10355
252 2 1777 15622
254 2 127 16256
256 1 3850
272 3 4566 7366 15498
288 3 6968 7108 11096
296 3 471 8940 11468
304 3 9003 10117 11036
308 3 6231 7222 12192
312 3 687 7452 7706
314 3 127 4730 16256
316 3 925 9144 11335
318 4 127 251 13702 16256
320 2 11921 15105
324 3 9641 13618 14930
328 3 3042 3676 15882
332 3 4594 6940 14089
336 3 3302 8918 15760
338 3 127 9767 16256
340 3 7618 10319 14224
342 4 127 11141 15776 16256
344 3 5059 9295 9968
346 5 127 1906 9586 15748 16256
348 3 3985 6860 14627
350 4 127 1143 11789 16256
352 2 4157 10414
354 5 127 1143 6757 6764 16256
356 3 2969 7366 12916
358 5 127 4221 9326 9578 16256
360 3 963 1739 6950
362 6 4159 4303 4551 8255 12080 12112
364 4 1703 1878 9751 14382
366 4 127 8072 11787 16256
368 2 2381 13032
370 5 127 5214 9310 11720 16256
372 3 1266 5746 10445
374 4 127 2291 11172 16256
376 2 3025 13858
378 3 127 11936 16256
380 2 2379 12980
382 4 127 13960 13985 16256
384 2 8310 9336
386 4 127 6052 15560 16256
388 4 2870 5244 5338 12633
390 4 127 6938 12379 16256
392 3 6425 7570 11049
394 5 127 4311 11287 14359 16256
396 4 2503 10806 15896 15908
398 4 127 9395 11145 16256
400 3 1703 3492 13510
402 4 127 7984 8603 16256
404 4 2965 3223 7778 12410
406 4 127 1148 5724 16256
408 3 5104 5287 14497
410 4 127 4588 4639 16256
412 4 3275 6679 12080 13507
414 4 127 10810 12980 16256
416 3 5040 12634 13153
418 5 127 9422 14160 16002 16256
420 3 4572 9546 11363
422 4 127 7691 9991 16256
424 3 1749 4189 10115
426 4 127 5003 11315 16256
428 3 3242 6925 10488
430 4 127 8495 13728 16256
432 3 3251 4812 7555
434 3 127 6159 16256
436 3 3976 12823 12901
438 4 127 5199 15168 16256
440 3 4444 9925 10868
442 4 127 243 6028 16256
444 3 5569 7060 12650
446 4 127 5422 7434 16256
448 2 10420 11537
450 3 127 3219 16256
452 3 3622 4822 11321
454 4 127 10570 12104 16256
456 3 3339 8681 14897
458 5 127 3816 8379 10858 16256
460 3 1625 6439 15745
462 4 127 12036 13905 16256
464 3 2477 9434 13571
466 4 127 7554 11916 16256
468 3 4213 7074 13454
470 4 127 9305 13776 16256
472 3 1181 6632 15427
474 4 127 5368 8247 16256
476 3 471 6700 11843
478 4 127 8884 16160 16256
480 2 2508 11786
482 5 127 3937 5872 10929 16256
484 4 1908 4763 7816 12192
486 4 127 3369 15621 16256
488 3 9740 10992 13837
490 4 127 7315 11152 16256
492 4 3257 9037 12843 13829
494 4 127 4465 7813 16256
496 2 1892 12457
498 4 127 4000 13736 16256
500 3 4440 4446 11921
502 4 127 1246 4890 16256
504 2 7938 8349
506 3 94 127 16256
508 3 4677 4837 11666
510 4 127 10658 14366 16256
512 1 1291
514 4 127 6300 8555 16256
516 4 5480 7954 10343 11496
518 4 127 9267 11384 16256
520 3 1012 2206 12437
522 4 127 854 4461 16256
524 4 5033 6533 10319 13552
526 4 127 1818 7211 16256
528 3 1621 8818 11293
530 4 127 9612 14936 16256
532 4 3363 5910 7756 15505
534 4 127 3284 4953 16256
536 3 1331 1929 7253
538 4 127 2508 12595 16256
540 4 3371 4517 12760 14886
542 4 127 1130 3306 16256
544 3 1986 3497 5651
546 4 127 4555 5428 16256
548 3 1197 9993 15170
550 4 127 573 13573 16256
552 3 1765 4577 12566
554 4 127 3521 14017 16256
556 3 4852 9763 10538
558 4 127 10116 12934 16256
560 3 3554 3736 6980
562 4 127 2229 14088 16256
564 3 3607 4577 9742
566 4 127 3127 15104 16256
568 3 2222 4940 15416
570 4 127 7568 8817 16256
572 3 2893 8286 13536
574 4 127 9369 15617 16256
576 2 8718 10868
578 5 127 2268 5899 6888 16256
580 3 571 4004 14433
582 5 127 1724 5289 5319 16256
584 3 5670 10515 10977
586 4 127 237 14358 16256
588 3 1842 3161 13028
590 4 127 8333 8909 16256
592 3 3220 3444 5517
594 5 127 2874 3560 4438 16256
596 3 3244 11539 13124
598 5 127 2421 3178 9894 16256
600 4 347 4751 4909 13857
602 4 107 127 11828 16256
604 4 5525 7446 9569 9896
606 4 127 4270 14601 16256
608 2 4273 8938
610 5 127 10602 11368 12331 16256
612 3 8885 13120 14666
614 4 127 2659 13592 16256
616 3 1795 10145 14407
618 4 127 5032 11680 16256
620 4 1817 5334 6174 14444
622 4 127 4451 8905 16256
624 2 109 8128
626 3 127 345 16256
628 3 2293 3093 13866
630 4 127 604 8444 16256
632 2 1335 2760
634 4 127 3496 12822 16256
636 4 374 6439 10633 13955
638 4 127 241 3537 16256
640 2 8369 14355
642 4 127 5010 11409 16256
644 3 5848 8777 10597
646 4 127 5674 8595 16256
648 3 10404 11860 13730
650 5 127 2261 3180 10597 16256
652 4 1461 1850 2502 14497
654 4 127 13156 14624 16256
656 3 2708 4001 4540
658 4 127 4686 12849 16256
660 4 2681 6550 8363 12040
662 4 127 1246 9858 16256
664 3 9266 10457 13232
666 5 127 9331 9994 14403 16256
668 3 9416 11092 13411
670 5 62 127 6926 10579 16256
672 3 233 1567 6268
674 3 127 8656 16256
676 3 5541 6466 11354
678 4 127 539 13957 16256
680 3 3373 14480 15434
682 5 127 497 3373 7306 16256
684 3 1493 10402 13224
686 4 127 2503 11522 16256
688 3 2601 8940 13761
690 5 127 1182 3411 13896 16256
692 3 422 1567 14918
694 5 127 2375 9881 13860 16256
696 3 3627 5913 9286
698 4 127 7808 8471 16256
700 3 2363 4821 11269
702 4 127 4856 5889 16256
704 2 171 1626
706 5 127 3224 7561 14489 16256
708 3 2166 9996 12451
710 4 127 1299 2263 16256
712 3 1390 6175 12481
714 4 127 1123 2654 16256
716 3 5151 9632 10868
718 5 127 1351 12964 15652 16256
720 3 2207 2394 9544
722 4 127 6786 10072 16256
724 3 1462 2657 12636
726 4 127 2225 15556 16256
728 3 5410 5576 12052
730 4 127 1512 15104 16256
732 4 602 1239 14379 15107
734 4 127 8455 9114 16256
736 2 2183 8556
738 4 127 3556 14852 16256
740 3 572 1198 13137
742 4 127 1111 9552 16256
744 3 7333 10824 15120
746 4 127 4250 9333 16256
748 3 3719 8308 12572
750 4 127 5914 6185 16256
752 2 3296 4890
754 4 107 127 543 16256
756 3 3604 3619 12746
758 4 127 2461 13346 16256
760 3 2893 4884 9606
762 4 127 1840 15056 16256
764 4 5752 6237 8357 10638
766 4 127 2094 3688 16256
768 2 6296 12688
770 4 127 1908 4363 16256
772 3 3730 10792 12589
774 4 127 1142 4900 16256
776 3 10515 11832 12372
778 5 127 220 2703 11033 16256
780 4 1144 6081 6938 9006
782 4 127 1368 10332 16256
784 3 543 5217 12459
786 4 127 5964 10440 16256
788 3 1891 2164 12520
790 5 127 1364 5797 6238 16256
792 3 5860 8596 10285
794 4 127 10762 13706 16256
796 3 2947 9588 12568
798 4 127 10530 10864 16256
800 3 1367 4397 9746
802 5 127 9825 13632 15493 16256
804 3 2521 7430 14880
806 4 127 3842 4307 16256
808 3 3285 4366 15880
810 4 127 1828 2139 16256
812 3 2610 2965 13640
814 4 127 984 3160 16256
816 3 1203 8778 15024
818 5 127 2187 8475 15889 16256
820 3 4308 6755 9576
822 4 127 4780 15368 16256
824 3 4871 8766 11336
826 4 127 183 9304 16256
828 3 5764 10472 10523
830 4 127 6185 12952 16256
832 3 2700 6220 13132
834 4 127 3776 13096 16256
836 3 1749 11338 12704
838 5 127 1498 7701 8746 16256
840 3 2139 4490 5028
842 5 127 8553 11400 12748 16256
844 4 248 4956 7956 8491
846 4 127 2438 2769 16256
848 3 3716 11276 13432
850 4 127 346 933 16256
852 4 4219 5297 5926 10344
854 4 127 1804 10633 16256
856 3 2358 5329 8474
858 4 127 6017 10501 16256
860 4 1689 11274 11349 15264
862 4 127 6659 11368 16256
864 3 1301 3779 4119
866 4 127 4142 6229 16256
868 4 698 868 7443 10428
870 4 127 3668 8362 16256
872 3 826 3461 15364
874 4 127 5000 11656 16256
876 3 899 5570 10300
878 4 127 620 8308 16256
880 3 2241 2761 5925
882 4 127 1368 4391 16256
884 3 5585 10274 10794
886 4 127 5504 6080 16256
888 3 4881 5261 14944
890 5 127 1234 9889 15448 16256
892 4 838 3854 5206 8617
894 5 127 3207 13072 14428 16256
896 2 2378 8842
898 5 127 1969 6424 9493 16256
900 4 1016 8348 11333 12454
902 5 127 7704 10310 14800 16256
904 3 2350 3651 5266
906 5 127 4801 11278 13383 16256
908 4 583 2582 5368 11058
910 5 127 2581 6438 9337 16256
912 3 1588 2827 15369
914 4 127 4630 4713 16256
916 3 2392 7220 10883
918 5 127 6474 7303 9090 16256
920 3 6369 8970 9369
922 5 127 1332 6498 11846 16256
924 3 618 3173 12696
926 4 127 341 8461 16256
928 3 2079 8291 8579
930 5 127 3107 9676 10852 16256
932 3 5584 5645 14370
934 5 127 1828 2279 14484 16256
936 3 4697 6820 9484
938 5 127 6592 7329 12034 16256
940 4 2597 5346 10537 13846
942 4 127 586 2666 16256
944 3 10271 11648 14370
946 5 127 213 6384 10279 16256
948 3 485 6233 9986
950 4 83 127 3187 16256
952 4 3848 5072 9781 14722
954 4 107 127 916 16256
956 4 1144 7074 11461 13352
958 4 127 708 2788 16256
960 2 6193 9748
962 5 127 233 1466 4171 16256
964 4 1713 5740 11026 12386
966 5 127 4948 10436 12587 16256
968 3 1180 2416 13454
970 5 127 5400 5702 9620 16256
972 4 1384 2499 6796 13972
974 4 127 1123 6944 16256
976 3 3460 10275 12835
978 5 127 7488 9605 12489 16256
980 4 1137 8646 13202 14476
982 5 127 1628 2087 6768 16256
984 3 468 2465 16008
986 4 127 5316 11136 16256
988 4 1764 2385 5516 14475
990 4 127 6532 10520 16256
992 2 453 14370
994 5 127 5171 12441 14404 16256
996 3 228 7474 8429
998 4 127 5024 11012 16256
1000 3 212 7693 8661
1002 4 107 127 2102 16256
1004 3 4504 5134 10977
1006 5 127 7008 9372 12329 16256
1008 3 2154 2485 8993
1010 3 127 11520 16256
1012 3 254 10497 15649
1014 5 127 709 1252 14363 16256
1016 3 364 2963 5393
1018 5 127 2579 3748 9541 16256
1020 4 2346 3260 6241 12050
1022 4 127 1264 14465 16256
1024 1 116
1026 5 127 5320 5666 13720 16256
1028 4 2734 4746 5577 10769
1030 5 127 9858 13088 14753 16256
1032 3 5644 8835 11064
1034 5 117 127 873 7312 16256
1036 4 2108 2581 6513 9859
1038 4 127 4402 4636 16256
1040 3 5074 5224 8742
1042 5 127 2339 6744 13858 16256
1044 3 4652 5073 11778
1046 4 127 6536 9285 16256
1048 3 79 6816 13874
1050 5 127 4141 10832 11036 16256
1052 3 1194 2197 13160
1054 5 127 7056 11288 12313 16256
1056 3 4903 6177 14609
1058 4 127 241 590 16256
1060 3 3194 6529 8966
1062 4 127 13314 15626 16256
1064 3 794 4781 15488
1066 5 127 758 6704 12434 16256
1068 4 126 1690 6442 10309
1070 4 71 127 15000 16256
1072 3 4662 6696 13632
1074 4 127 618 4245 16256
1076 3 5131 9062 10896
1078 5 127 3488 4179 9806 16256
1080 4 305 1465 3429 4771
1082 5 127 2435 3458 8904 16256
1084 4 3726 6405 7888 10352
1086 4 127 3608 4452 16256
1088 2 6541 8608
1090 5 127 4706 9944 12364 16256
1092 3 6934 8458 9641
1094 4 127 738 12301 16256
1096 3 11916 12928 14642
1098 5 127 1077 6549 8331 16256
1100 4 4452 4999 9298 11561
1102 5 127 2218 7105 9604 16256
1104 3 452 3526 9809
1106 4 127 3236 13060 16256
1108 4 8651 9932 12424 15472
1110 4 127 8271 11520 16256
1112 3 1681 4206 10888
1114 5 127 4180 10899 13397 16256
1116 4 7260 8455 8604 8865
1118 4 127 8403 9600 16256
1120 2 3386 4674
1122 3 127 554 16256
1124 3 3700 5515 6164
1126 4 127 263 11654 16256
1128 3 2098 2918 13649
1130 4 43 127 10327 16256
1132 4 610 4034 8937 14996
1134 4 127 2477 8229 16256
1136 2 4140 11587
1138 5 127 3130 6690 12812 16256
1140 4 1367 7248 11137 14376
1142 5 71 127 12601 15113 16256
1144 3 2712 8308 13633
1146 5 127 1078 8749 9354 16256
1148 3 10528 11466 14869
1150 4 90 127 2738 16256
1152 2 204 3297
1154 3 127 9256 16256
1156 3 3144 11910 12409
1158 4 127 892 5640 16256
1160 3 5377 6604 11843
1162 5 127 1228 3091 14382 16256
1164 4 3914 5305 6336 10700
1166 4 127 9221 9884 16256
1168 3 2994 6036 10753
1170 5 127 1479 8513 10331 16256
1172 3 1208 10564 13059
1174 4 127 1389 14344 16256
1176 3 1121 7322 10040
1178 5 127 1897 3840 4659 16256
1180 3 9240 10470 13077
1182 4 127 674 2728 16256
1184 3 8230 8505 14449
1186 5 127 2818 3972 8931 16256
1188 3 2616 5449 8582
1190 4 127 792 8444 16256
1192 3 531 2279 14636
1194 5 127 551 1385 4504 16256
1196 3 471 8744 15371
1198 4 127 153 14606 16256
1200 3 986 1584 8981
1202 5 127 1037 1993 4821 16256
1204 3 3196 7841 8482
1206 4 127 1074 4525 16256
1208 3 4166 8080 12065
1210 4 127 1108 2351 16256
1212 3 506 5137 12164
1214 4 127 1348 2681 16256
1216 2 3600 4878
1218 4 127 3877 12418 16256
1220 3 1994 2209 12574
1222 4 127 2142 8976 16256
1224 3 4656 4811 10672
1226 4 127 799 1248 16256
1228 4 2587 4546 9091 9254
1230 4 127 2352 9773 16256
1232 3 543 5188 5361
1234 4 127 6720 9681 16256
1236 4 3974 4289 6445 10964
1238 4 127 2321 12954 16256
1240 3 366 6408 10177
1242 4 127 4407 6216 16256
1244 3 2954 4626 9319
1246 4 127 10376 14405 16256
1248 2 46 7697
1250 4 127 7680 10630 16256
1252 4 7699 9650 10369 12382
1254 5 127 4903 10257 10588 16256
1256 3 2490 5696 14980
1258 4 127 2944 15648 16256
1260 3 1678 1808 14561
1262 4 127 1415 6274 16256
1264 3 9956 10560 13834
1266 5 127 3475 3865 4418 16256
1268 4 2062 5489 9099 13524
1270 5 127 1992 2609 12302 16256
1272 3 2083 6733 11412
1274 4 127 2569 13705 16256
1276 3 3481 6756 10243
1278 4 127 2572 11592 16256
1280 2 549 659
1282 5 127 6688 9526 12627 16256
1284 4 855 11556 12462 12802
1286 4 127 9219 15616 16256
1288 3 344 14020 14433
1290 5 127 4234 9912 11534 16256
1292 4 549 7049 7348 8391
1294 4 127 3188 4872 16256
1296 3 2464 5399 6738
1298 5 127 964 1756 9856 16256
1300 3 3761 4234 8645
1302 4 127 5538 10370 16256
1304 3 462 7184 9066
1306 4 127 579 4157 16256
1308 3 1629 7072 8227
1310 4 127 3465 9234 16256
1312 3 101 1658 8560
1314 5 127 972 9352 12573 16256
1316 3 3938 4244 13323
1318 4 127 1061 3658 16256
1320 3 741 5542 12312
1322 5 127 1248 1954 12940 16256
1324 4 1835 3163 4496 12460
1326 4 127 6293 12354 16256
1328 3 1547 2164 13840
1330 4 127 3736 12545 16256
1332 3 2018 6456 8709
1334 4 127 464 8359 16256
1336 3 540 3603 8688
1338 4 127 4632 11664 16256
1340 4 8769 9355 12052 12408
1342 4 127 5123 10804 16256
1344 3 1904 6288 11404
1346 5 127 1098 5267 10797 16256
1348 4 2076 3700 10629 12938
1350 5 127 2853 4242 13776 16256
1352 3 547 5241 11010
1354 5 127 1285 11144 11496 16256
1356 4 407 5225 12576 15128
1358 4 105 127 14480 16256
1360 3 1710 6736 7296
1362 4 127 4872 11432 16256
1364 4 445 5778 10753 13387
1366 5 127 2363 2501 8338 16256
1368 3 567 3288 4385
1370 4 127 4169 4214 16256
1372 3 4247 10024 11328
1374 4 127 519 2698 16256
1376 3 1290 2163 11088
1378 5 127 4701 10258 12457 16256
1380 4 1106 4373 9818 10469
1382 4 127 9857 11008 16256
1384 3 3333 4692 8616
1386 5 127 353 12451 12632 16256
1388 3 533 3554 12301
1390 5 127 937 3108 5214 16256
1392 3 1587 6422 10336
1394 5 127 6162 10310 14946 16256
1396 3 1563 4432 10420
1398 5 127 5770 9236 10659 16256
1400 3 2702 3344 5729
1402 5 127 3149 6657 10001 16256
1404 3 1827 4632 14532
1406 4 127 1140 9221 16256
1408 2 240 12936
1410 5 127 1652 9904 10305 16256
1412 3 710 3841 12344
1414 5 127 1542 6264 14359 16256
1416 3 2103 4928 9739
1418 5 127 4617 4806 11905 16256
1420 4 116 6318 12385 14209
1422 4 127 912 1137 16256
1424 3 418 3044 13826
1426 5 127 645 1190 11310 16256
1428 3 4724 8330 15617
1430 4 83 127 5416 16256
1432 4 3655 4737 12657 14528
1434 5 127 556 8207 9185 16256
1436 4 708 3357 6337 9006
1438 4 127 1124 2948 16256
1440 3 5185 8993 13652
1442 5 127 2249 2682 4292 16256
1444 3 1808 6345 8366
1446 5 127 440 3840 4935 16256
1448 4 4200 5348 10762 12760
1450 5 127 9490 12869 12928 16256
1452 4 575 3888 4320 11585
1454 4 127 9249 9290 16256
1456 3 312 3233 5733
1458 5 127 2476 9112 12294 16256
1460 4 8399 8962 12337 16192
1462 5 127 774 4445 10786 16256
1464 3 2656 4182 9697
1466 4 127 5132 11136 16256
1468 4 654 1232 4980 11466
1470 4 127 1162 4119 16256
1472 2 2657 5256
1474 5 127 1504 3669 4385 16256
1476 4 198 3680 4503 15416
1478 5 127 6913 8528 13762 16256
1480 3 3824 4633 8214
1482 5 127 270 3725 9104 16256
1484 4 808 6420 7315 11604
1486 4 127 1332 4122 16256
1488 3 3233 5752 10504
1490 4 92 127 419 16256
1492 3 4165 7818 12592
1494 4 127 1047 8266 16256
1496 3 5638 7521 8728
1498 4 118 127 1049 16256
1500 3 2721 4163 13596
1502 4 127 690 8472 16256
1504 3 5276 5440 6181
1506 4 127 2960 13824 16256
1508 3 340 6211 13992
1510 5 127 172 4490 8283 16256
1512 4 1175 4620 8858 11556
1514 4 127 9088 15488 16256
1516 4 2332 4826 8356 9633
1518 4 127 1424 12364 16256
1520 3 163 1308 12508
1522 5 127 651 2569 5189 16256
1524 4 3348 3607 4481 8828
1526 4 127 1084 1155 16256
1528 3 170 892 7233
1530 5 127 4145 5539 8898 16256
1532 3 1035 7826 8548
1534 5 127 4688 8299 8726 16256
1536 2 6152 7304
1538 5 127 7460 8769 9992 16256
1540 4 2866 6729 9348 14377
1542 4 127 2752 12609 16256
1544 3 212 3338 9773
1546 5 127 646 3720 14385 16256
1548 4 4417 7274 8600 10797
1550 4 127 806 5200 16256
1552 3 907 7304 8248
1554 4 127 2948 13344 16256
1556 3 282 7744 9445
1558 5 127 1109 2152 4411 16256
1560 4 2610 6542 8233 12756
1562 5 127 1570 2616 10658 16256
1564 4 1367 2160 9410 10920
1566 5 127 372 1311 2632 16256
1568 3 628 5377 12096
1570 5 127 5776 9161 14338 16256
1572 4 345 6274 7492 12963
1574 5 127 4248 11232 13317 16256
1576 3 593 1159 12585
1578 5 127 1570 4741 10691 16256
1580 4 496 926 2569 14086
1582 5 127 916 2122 13729 16256
1584 3 238 5442 12816
1586 5 127 2169 3600 4324 16256
1588 4 880 4233 7904 11534
1590 5 127 300 331 12342 16256
1592 3 1188 6864 8461
1594 5 127 1223 6466 10756 16256
1596 4 603 2214 8289 15745
1598 4 127 2092 10760 16256
1600 3 658 4482 11347
1602 5 127 1541 7512 8522 16256
1604 4 547 1996 13680 14360
1606 5 127 8353 9988 14724 16256
1608 3 3270 4520 8961
1610 5 127 900 3397 11276 16256
1612 4 1359 5668 6273 10394
1614 5 127 2105 8262 10720 16256
1616 3 105 354 7888
1618 4 127 3848 12424 16256
1620 3 738 4110 11537
1622 5 127 5768 10594 10756 16256
1624 4 900 2664 3363 15688
1626 5 127 418 1053 15492 16256
1628 4 1944 2625 4300 12846
1630 4 127 649 8217 16256
1632 3 1796 4396 8404
1634 5 127 1464 5704 10504 16256
1636 4 5962 8465 9480 10660
1638 5 127 2466 3976 12353 16256
1640 3 2092 9168 13570
1642 5 127 1037 6340 8810 16256
1644 4 4440 4773 8230 15506
1646 4 127 10368 14496 16256
1648 3 223 8480 9120
1650 5 127 1682 6283 8992 16256
1652 3 1137 4230 11018
1654 5 127 179 1100 1841 16256
1656 4 197 1113 2792 4422
1658 5 127 713 4284 9264 16256
1660 4 1702 2768 8217 14690
1662 4 127 652 1572 16256
1664 3 2072 6170 13838
1666 5 127 4201 5646 8580 16256
1668 3 569 7489 8326
1670 5 127 360 7190 8865 16256
1672 4 778 9889 10448 13363
1674 5 127 2137 7232 12310 16256
1676 4 263 547 5872 12041
1678 5 127 1084 1796 14720 16256
1680 4 2916 4166 7688 10114
1682 5 127 900 9286 12992 16256
1684 4 291 4245 5145 11850
1686 5 127 3268 7552 8864 16256
1688 4 181 402 2755 12554
1690 5 127 4361 12360 14725 16256
1692 4 3206 4928 8253 13516
1694 4 127 4288 4548 16256
1696 3 1144 4611 8841
1698 5 127 2664 4772 8713 16256
1700 4 1301 3211 8800 14490
1702 5 127 282 780 8429 16256
1704 4 4582 9232 11536 13323
1706 5 127 547 3644 4386 16256
1708 4 236 7938 8465 9572
1710 4 113 127 5440 16256
1712 3 5472 10246 10896
1714 5 127 2960 8473 10243 16256
1716 4 2917 5186 8413 12418
1718 5 127 2689 4366 13424 16256
1720 4 321 1276 7334 8545
1722 5 127 424 757 2248 16256
1724 4 908 3698 5188 12609
1726 5 127 1080 5191 7184 16256
1728 3 2121 14352 15896
1730 5 54 127 11156 11392 16256
1732 4 2256 4913 9295 12368
1734 5 127 788 1076 9419 16256
1736 4 1336 3650 8784 9367
1738 5 127 496 2257 4140 16256
1740 4 789 2673 3178 12424
1742 4 127 2116 2164 16256
1744 3 206 4884 9221
1746 5 127 804 4364 6762 16256
1748 4 230 3896 4173 12321
1750 5 127 1036 1564 14785 16256
1752 4 3154 3556 4235 9488
1754 5 127 5184 5456 14514 16256
1756 4 191 5392 9474 11073
1758 5 101 127 1082 5506 16256
1760 3 930 3218 6149
1762 5 127 204 12560 14616 16256
1764 4 331 4244 5642 10484
1766 4 69 109 127 16256
1768 4 714 1826 5492 6657
1770 5 127 1067 8608 15364 16256
1772 4 531 3220 4879 8928
1774 5 114 127 2944 6477 16256
1776 3 456 2850 12313
1778 5 127 1364 6224 8963 16256
1780 4 6149 8689 9738 12340
1782 5 127 624 3151 6912 16256
1784 4 3084 3089 4777 11046
1786 5 127 5129 9288 15106 16256
1788 4 3592 4188 5795 14608
1790 4 127 456 13568 16256
1792 2 2248 5250
1794 5 127 2788 3138 9219 16256
1796 4 1541 2703 2880 13876
1798 5 101 127 1920 8351 16256
1800 4 1680 3394 4867 14540
1802 5 127 4644 6953 15360 16256
1804 4 539 1362 1696 14477
1806 5 127 343 8236 8280 16256
1808 3 517 2709 13156
1810 5 127 9312 11306 14592 16256
1812 4 195 4178 11680 12941
1814 5 97 107 127 3028 16256
1816 4 801 4312 11539 12450
1818 5 127 864 6179 8219 16256
1820 4 837 4124 6570 9490
1822 4 127 2130 3592 16256
1824 3 652 8976 14614
1826 5 127 549 10401 12293 16256
1828 4 671 1440 8325 15568
1830 5 127 263 12412 14340 16256
1832 3 1572 3400 8339
1834 5 127 2457 8388 13316 16256
1836 4 661 1378 4872 14540
1838 4 127 1792 9990 16256
1840 3 568 2566 5089
1842 5 127 928 3202 6566 16256
1844 4 1347 4677 5690 10372
1846 5 30 127 777 15500 16256
1848 4 1416 1632 3011 13418
1850 5 127 676 1794 6040 16256
1852 4 281 1376 6040 10347
1854 4 127 8992 12297 16256
1856 3 4388 8261 11569
1858 5 127 4290 6402 14472 16256
1860 4 212 6339 6528 14120
1862 5 127 2279 4152 12418 16256
1864 3 42 2606 12691
1866 5 127 284 645 869 16256
1868 4 297 4177 6702 13522
1870 4 127 2100 4165 16256
1872 3 304 5740 12593
1874 5 127 1304 2224 4538 16256
1876 4 1654 8592 11681 12298
1878 4 92 127 4145 16256
1880 3 452 2338 13339
1882 5 127 154 2572 11984 16256
1884 4 1881 4169 13824 14534
1886 4 127 6184 8344 16256
1888 3 259 3810 6467
1890 5 127 4172 7212 8769 16256
1892 3 5422 8705 10945
1894 4 127 2816 15136 16256
1896 3 1792 6287 10004
1898 5 127 2146 8229 8917 16256
1900 4 2053 2103 6019 10857
1902 4 127 2309 5252 16256
1904 3 4105 10962 13833
1906 5 127 6401 8738 14603 16256
1908 4 900 2490 9281 9813
1910 4 77 127 802 16256
1912 4 2518 5746 8577 13320
1914 5 127 2242 13314 13617 16256
1916 4 183 8236 14352 15688
1918 4 127 4232 6283 16256
1920 2 769 3913
1922 5 127 141 3105 13385 16256
1924 4 532 1619 6539 8884
1926 5 113 127 1164 8366 16256
1928 3 704 4841 10130
1930 5 127 1666 6273 13606 16256
1932 4 525 2310 5291 9938
1934 4 127 8960 13132 16256
1936 3 1064 1646 8634
1938 5 127 4140 5137 8542 16256
1940 4 86 1199 5185 15144
1942 5 127 2068 7701 11668 16256
1944 4 785 3232 4941 11036
1946 5 44 127 2476 11168 16256
1948 4 161 3235 4211 12636
1950 5 127 720 1328 4303 16256
1952 3 1583 8706 14114
1954 5 127 2578 6632 8578 16256
1956 4 386 3909 10425 12682
1958 4 127 6400 8002 16256
1960 4 560 985 10902 12853
1962 5 13 127 2478 2893 16256
1964 4 2072 3194 6547 10806
1966 4 127 5192 10754 16256
1968 3 3202 5061 8213
1970 5 127 4256 12467 13040 16256
1972 4 366 1043 7953 9856
1974 5 127 1376 1645 8214 16256
1976 3 1360 3973 8234
1978 5 127 393 2146 6415 16256
1980 4 1035 2278 8236 13077
1982 4 127 1185 12312 16256
1984 3 1296 1722 10010
1986 5 127 228 8553 12560 16256
1988 3 8324 11492 12571
1990 4 127 291 332 16256
1992 3 6486 10752 11938
1994 5 127 2310 5368 9296 16256
1996 4 1423 2752 12576 14390
1998 5 127 1087 1092 3174 16256
2000 3 1036 5969 12044
2002 4 127 6408 9856 16256
2004 3 2145 4872 11414
2006 5 112 127 10482 10525 16256
2008 4 1946 5773 8216 12602
2010 5 127 4480 10674 14740 16256
2012 4 1600 1985 3119 13337
2014 5 127 919 3584 15906 16256
2016 3 50 4844 12350
2018 3 127 4864 16256
2020 3 1540 3980 12395
2022 4 42 127 11176 16256
2024 3 998 12289 13579
2026 5 127 1091 8848 9332 16256
2028 4 939 12000 14336 14366
2030 4 127 672 6896 16256
2032 3 11 9547 12784
2034 5 127 1856 4131 7182 16256
2036 4 1398 2777 8321 12709
2038 5 56 127 1213 4947 16256
2040 4 208 4291 4775 8666
2042 5 127 1438 2272 12312 16256
2044 4 926 8212 8629 13537
2046 4 127 9637 11264 16256
2048 1 266
2050 5 127 896 2796 5872 16256
2052 3 2053 3556 14867
2054 4 127 386 478 16256
2056 3 1115 4161 5029
2058 5 127 1969 2561 3655 16256
2060 4 2432 2682 6625 8990
2062 5 127 4353 7553 10866 16256
2064 3 1044 11291 12502
2066 5 127 656 12954 12963 16256
2068 4 855 1168 5368 14730
2070 4 67 127 6040 16256
2072 4 304 4474 11976 12038
2074 5 52 127 10404 14760 16256
2076 4 605 6565 12292 13590
2078 4 35 127 810 16256
2080 3 9218 13061 15430
2082 5 127 2186 8737 15624 16256
2084 4 200 5354 9006 10295
2086 4 127 627 8960 16256
2088 3 621 1046 12672
2090 5 127 4256 5659 12710 16256
2092 4 266 2459 5829 10349
2094 5 127 582 3332 12932 16256
2096 4 2460 2757 8321 9185
2098 5 127 1133 12320 12857 16256
2100 4 4129 4394 5773 10481
2102 4 13 127 12660 16256
2104 4 5446 5632 11425 13845
2106 5 81 127 6535 7074 16256
2108 4 5401 8210 8379 10978
2110 5 127 2592 5616 10851 16256
2112 2 8197 12722
2114 3 127 290 16256
2116 3 296 3131 11204
2118 4 70 127 6032 16256
2120 3 351 644 6888
2122 5 127 8324 13714 14737 16256
2124 4 280 3468 11058 12643
2126 4 127 8328 13552 16256
2128 3 4354 10556 15395
2130 4 52 127 5323 16256
2132 4 1964 2592 4695 11378
2134 5 127 3785 10184 12544 16256
2136 4 641 867 12224 13082
2138 4 104 127 8535 16256
2140 4 770 1670 11587 12410
2142 4 52 127 306 16256
2144 2 2177 13624
2146 5 127 2113 10905 14914 16256
2148 4 168 5539 9046 10302
2150 4 127 4162 7585 16256
2152 4 635 3420 8260 12573
2154 5 127 704 3159 8797 16256
2156 4 268 5014 7340 15457
2158 4 67 127 9749 16256
2160 3 3441 5451 8768
2162 5 127 1717 9698 10752 16256
2164 4 82 3684 6572 10355
2166 5 127 137 1171 8813 16256
2168 3 2088 9419 10012
2170 5 127 2227 3658 10368 16256
2172 3 3285 5482 9728
2174 4 127 2060 8875 16256
2176 2 642 10311
2178 5 127 1540 6731 14113 16256
2180 3 25 807 15512
2182 4 127 378 4672 16256
2184 3 938 8384 14420
2186 5 127 1027 11589 14861 16256
2188 4 9126 9728 11594 12563
2190 4 127 1154 12829 16256
2192 3 1029 8541 9394
2194 5 127 580 2684 4914 16256
2196 4 324 3700 12467 14617
2198 4 127 262 5433 16256
2200 3 2568 9557 14450
2202 4 127 6208 10152 16256
2204 3 4462 6656 9429
2206 5 127 1462 8705 10573 16256
2208 3 6697 7761 10244
2210 5 127 322 4391 12721 16256
2212 4 14 3427 5872 11021
2214 4 44 127 11648 16256
2216 3 6176 9434 10060
2218 5 127 3076 5957 8690 16256
2220 4 266 2486 13464 15433
2222 4 127 437 1540 16256
2224 3 1968 2084 12474
2226 5 127 799 8832 13580 16256
2228 3 224 7954 10767
2230 5 127 261 11399 13432 16256
2232 3 2902 4353 11656
2234 4 127 560 2639 16256
2236 3 1845 4130 10472
2238 4 127 656 8271 16256
2240 2 3136 12453
2242 5 127 4824 8209 10908 16256
2244 4 1089 3227 12050 12404
2246 4 55 127 6160 16256
2248 4 592 5421 6056 11310
2250 5 127 3633 4935 8768 16256
2252 4 4718 7813 8705 13592
2254 4 127 1312 6754 16256
2256 3 1489 1538 12521
2258 4 56 127 2247 16256
2260 4 2528 2576 5005 11802
2262 5 127 1096 11444 13105 16256
2264 3 4631 5376 10481
2266 4 127 2816 13697 16256
2268 3 487 2576 13833
2270 4 127 3139 10496 16256
2272 3 1048 12706 15458
2274 5 127 2128 9091 9430 16256
2276 4 280 3715 7106 8316
2278 5 127 176 7044 9421 16256
2280 4 2727 9616 14336 14365
2282 5 127 2292 4356 8681 16256
2284 4 4173 5136 5937 11907
2286 4 127 176 14347 16256
2288 3 4102 8561 11413
2290 5 127 2113 5444 14425 16256
2292 4 455 1058 6812 11429
2294 4 127 385 7746 16256
2296 3 38 9557 10904
2298 4 127 784 15492 16256
2300 3 1597 4360 11458
2302 5 127 704 6552 12065 16256
2304 2 157 776
2306 5 127 2835 4226 6280 16256
2308 4 536 2486 5800 12513
2310 5 127 222 769 13425 16256
2312 3 1047 6146 7136
2314 5 127 2114 3641 8839 16256
2316 4 292 4825 6295 11650
2318 4 7 127 12704 16256
2320 3 2082 6352 9894
2322 5 127 1072 2759 12331 16256
2324 3 2780 4457 9218
2326 5 127 7552 10980 12544 16256
2328 4 4202 8449 11681 15122
2330 5 127 1119 6448 10368 16256
2332 4 968 9224 9383 14489
2334 5 127 932 9344 15458 16256
2336 3 421 4106 4222
2338 5 127 427 8260 14514 16256
2340 4 21 2283 12963 14144
2342 5 127 580 3424 15012 16256
2344 4 853 1118 4736 6311
2346 5 25 127 1362 9524 16256
2348 4 2180 2393 4572 11779
2350 5 127 2349 4864 11395 16256
2352 3 769 4282 5205
2354 5 18 127 530 2645 16256
2356 4 591 6064 11264 12691
2358 5 127 3143 5017 8232 16256
2360 3 4877 8410 11264
2362 4 127 784 15504 16256
2364 3 352 4762 11525
2366 4 127 164 12834 16256
2368 3 392 1564 3299
2370 5 127 548 2717 8277 16256
2372 4 535 6520 9398 10242
2374 5 127 4622 8464 9585 16256
2376 4 4348 8807 11297 12800
2378 5 127 832 1226 2645 16256
2380 4 268 3114 8645 14898
2382 4 38 127 8849 16256
2384 3 4416 5251 10929
2386 5 127 4130 4804 14419 16256
2388 4 138 1798 10853 14552
2390 4 112 127 331 16256
2392 3 6985 8596 9248
2394 5 127 3937 7304 9728 16256
2396 3 770 3313 12812
2398 5 127 1795 4612 15494 16256
2400 3 386 1864 3365
2402 5 127 370 529 6388 16256
2404 4 1466 2624 8741 15688
2406 5 127 4293 7888 8449 16256
2408 3 529 3398 13474
2410 5 127 133 3102 12402 16256
2412 4 2592 8598 13417 14412
2414 4 127 4932 10244 16256
2416 3 164 7714 8249
2418 5 127 4360 8546 9993 16256
2420 3 1044 2785 13066
2422 5 127 515 636 13152 16256
2424 4 2662 3980 6945 8336
2426 5 127 880 1863 6208 16256
2428 4 19 10436 11826 12493
2430 4 127 3844 4129 16256
2432 2 1568 14656
2434 5 127 181 4407 8712 16256
2436 4 206 548 1623 14688
2438 4 7 127 2360 16256
2440 4 112 6948 8591 10284
2442 5 127 2718 6480 8257 16256
2444 4 2096 2243 5784 15140
2446 5 127 1156 2077 2275 16256
2448 4 2331 2564 5904 9102
2450 5 127 3013 5632 10284 16256
2452 4 2642 4354 11429 13064
2454 5 127 2032 6158 12289 16256
2456 4 28 865 8854 14732
2458 5 127 475 1624 4354 16256
2460 4 1474 6486 9893 12289
2462 4 127 2722 8212 16256
2464 3 208 6968 15368
2466 5 127 673 2082 3118 16256
2468 4 280 6372 9891 15365
2470 5 127 1168 8382 8515 16256
2472 4 742 4368 4682 13389
2474 5 127 2057 2278 14594 16256
2476 4 98 4944 8423 11304
2478 4 127 1029 10328 16256
2480 3 552 3154 15234
2482 5 127 1167 1537 14404 16256
2484 4 545 3025 4250 11318
2486 4 127 276 618 16256
2488 3 1610 9525 14336
2490 4 62 127 4161 16256
2492 3 494 6400 9745
2494 4 97 127 8640 16256
2496 3 780 2306 3011
2498 5 127 2336 11417 12301 16256
2500 4 1538 5690 8688 10253
2502 5 75 127 2082 2359 16256
2504 3 515 3388 4560
2506 5 127 3200 12848 13954 16256
2508 4 400 5199 8310 10912
2510 4 127 274 6912 16256
2512 4 2088 5713 10436 15234
2514 4 127 7304 8960 16256
2516 3 954 4101 11344
2518 5 127 1184 8569 10247 16256
2520 4 1092 8372 12843 15106
2522 4 127 2432 13952 16256
2524 4 98 1741 7046 14608
2526 5 127 4168 6707 9602 16256
2528 3 2113 5170 8550
2530 5 127 4610 9040 9385 16256
2532 4 81 3385 5826 14468
2534 5 127 1353 4240 9014 16256
2536 4 2359 5130 11264 11845
2538 5 127 2057 2226 5953 16256
2540 4 1180 4384 10129 10830
2542 5 127 1586 1869 10304 16256
2544 3 97 4889 10254
2546 5 127 1953 3362 12289 16256
2548 4 19 2252 13730 16160
2550 5 127 5056 6964 11264 16256
2552 3 100 4634 10629
2554 5 127 4109 5248 10601 16256
2556 4 2723 4354 10592 13340
2558 4 127 1286 2432 16256
2560 2 6464 8960
2562 5 127 1784 4116 7296 16256
2564 4 3073 6563 6672 11342
2566 5 127 172 4339 10368 16256
2568 4 673 6176 11474 14756
2570 5 127 517 8644 13888 16256
2572 4 967 1154 3627 12306
2574 5 127 6536 8195 9896 16256
2576 3 6656 8298 8373
2578 5 127 4388 12867 14336 16256
2580 4 1109 2982 4226 15112
2582 5 127 902 1096 15377 16256
2584 4 406 3080 5857 10565
2586 5 127 596 9232 12405 16256
2588 4 37 1507 2132 14492
2590 4 127 1106 4672 16256
2592 3 44 202 6025
2594 5 127 424 1216 6632 16256
2596 4 88 170 4565 11848
2598 5 127 727 769 2089 16256
2600 3 1281 2800 12332
2602 5 127 208 6667 9988 16256
2604 4 3014 4164 4272 9805
2606 4 19 127 11520 16256
2608 3 50 225 14120
2610 5 127 273 4570 9480 16256
2612 3 100 659 15624
2614 5 14 127 7946 12672 16256
2616 4 584 1747 6672 15401
2618 5 127 299 4161 8816 16256
2620 4 7016 8202 9792 11287
2622 4 127 2128 4704 16256
2624 3 445 4099 4236
2626 5 23 127 2816 4509 16256
2628 4 896 1335 4676 10905
2630 5 127 148 4145 4446 16256
2632 4 2203 4864 9286 13484
2634 5 127 4150 4289 4612 16256
2636 4 1155 4105 4972 15696
2638 4 88 127 4115 16256
2640 3 1216 2185 15140
2642 5 85 127 2305 5720 16256
2644 4 417 477 7222 8705
2646 5 127 502 4144 4617 16256
2648 3 526 1664 14449
2650 5 127 1034 4121 5489 16256
2652 4 5809 9344 10288 10573
2654 4 127 401 8705 16256
2656 3 302 2113 8725
2658 5 127 2596 7693 9220 16256
2660 4 193 299 6868 10000
2662 5 127 1401 4110 12320 16256
2664 4 1569 7074 8232 12888
2666 5 82 127 3618 4396 16256
2668 4 530 2596 5545 10451
2670 5 127 241 542 10272 16256
2672 3 3649 4500 8225
2674 5 127 3629 5760 6208 16256
2676 4 268 464 1135 14883
2678 5 81 127 8032 9088 16256
2680 4 548 1505 2332 13057
2682 5 127 800 10624 14512 16256
2684 4 3126 3328 4841 8544
2686 5 127 1218 2051 3196 16256
2688 3 35 1078 12305
2690 5 73 127 7188 9776 16256
2692 4 35 120 7697 8630
2694 5 127 530 2817 13956 16256
2696 4 772 1410 5165 9049
2698 5 127 1680 2894 8240 16256
2700 4 2004 2368 4199 14344
2702 5 127 304 5762 10564 16256
2704 3 712 1281 3379
2706 5 127 162 2100 6793 16256
2708 4 5601 6734 8225 8592
2710 5 127 708 7168 15696 16256
2712 4 3073 3847 4376 15416
2714 5 104 127 2580 2774 16256
2716 4 776 3249 8577 12487
2718 4 22 127 2464 16256
2720 3 525 4584 8706
2722 5 127 228 3273 4356 16256
2724 4 1029 1728 6512 13962
2726 5 127 596 1282 1339 16256
2728 4 19 3165 4872 6323
2730 5 127 304 2594 5513 16256
2732 4 3080 8709 9095 12916
2734 4 127 1030 1128 16256
2736 3 133 4625 9576
2738 5 127 200 523 8597 16256
2740 4 641 7424 8903 9529
2742 5 127 200 2055 2298 16256
2744 4 1086 2208 4227 14946
2746 5 127 1036 12608 13760 16256
2748 4 1098 1408 6712 12679
2750 4 127 196 13568 16256
2752 3 133 4386 12595
2754 5 127 1136 4232 6632 16256
2756 4 776 1108 9003 14545
2758 5 127 704 2309 15621 16256
2760 4 1108 5925 6922 8324
2762 5 54 127 7690 8832 16256
2764 4 168 1824 6485 9986
2766 5 89 127 388 2215 16256
2768 3 1144 5379 8324
2770 5 25 127 3203 4385 16256
2772 4 1060 3794 12312 12697
2774 4 56 102 127 16256
2776 4 726 2569 5121 15628
2778 5 127 4226 5125 10024 16256
2780 4 2184 2745 9249 13644
2782 5 39 127 4232 9432 16256
2784 4 3090 6609 12292 15940
2786 5 11 127 804 9991 16256
2788 4 104 2061 4378 9956
2790 5 67 127 11208 13320 16256
2792 3 2816 5232 8327
2794 5 127 2144 4123 6280 16256
2796 4 2082 2294 10060 12417
2798 4 7 127 5200 16256
2800 4 131 5041 8752 13635
2802 5 127 3200 8710 11380 16256
2804 4 3080 4227 4835 13140
2806 5 127 1792 12322 15524 16256
2808 4 1337 2096 12300 14471
2810 5 127 196 2684 12576 16256
2812 4 524 2129 8636 11843
2814 4 127 1344 8203 16256
2816 2 1668 2120
2818 5 127 2096 9489 9504 16256
2820 4 336 616 7620 8723
2822 5 127 353 1598 9220 16256
2824 4 336 5005 8325 11309
2826 5 127 1042 1958 10369 16256
2828 4 1297 1447 5715 10248
2830 5 127 2068 3481 12801 16256
2832 4 561 642 10301 12481
2834 5 127 2089 10676 12304 16256
2836 4 1034 4338 10497 11029
2838 6 127 4642 5207 10248 15500 16256
2840 4 650 2081 5477 7191
2842 5 127 135 1137 1538 16256
2844 4 2752 3166 4113 7073
2846 4 127 138 3077 16256
2848 3 81 12324 13768
2850 5 127 2060 8414 8416 16256
2852 4 538 4161 6277 9586
2854 5 103 127 280 4482 16256
2856 4 3073 8360 11309 12950
2858 5 127 645 8264 13637 16256
2860 4 268 3254 12354 13160
2862 4 127 549 8258 16256
2864 3 608 3082 7057
2866 5 127 518 1843 4177 16256
2868 4 1170 2053 4903 10872
2870 4 53 127 8258 16256
2872 3 1553 4558 8288
2874 5 127 161 588 6806 16256
2876 4 568 1408 6924 9457
2878 5 127 300 3667 8258 16256
2880 3 3088 8488 9382
2882 5 127 6180 8384 10519 16256
2884 4 1030 2151 8128 8248
2886 4 127 6656 9504 16256
2888 3 1161 4416 10918
2890 5 25 127 3661 4196 16256
2892 4 1672 2306 9101 13425
2894 5 127 322 4233 12052 16256
2896 4 2096 8239 9476 12966
2898 5 127 2368 4768 10812 16256
2900 3 292 5827 10264
2902 5 127 2359 4424 8706 16256
2904 4 774 3289 5525 6176
2906 5 127 2794 4354 9744 16256
2908 4 774 2250 9220 13361
2910 5 31 127 800 2148 16256
2912 3 617 3456 10256
2914 5 127 1076 6176 9090 16256
2916 4 1036 2845 5283 8513
2918 5 127 4116 6251 9480 16256
2920 4 772 7232 9065 12430
2922 5 127 522 7200 9889 16256
2924 4 1683 4133 8216 11208
2926 5 127 3028 4130 9225 16256
2928 3 3185 4618 8352
2930 5 127 1218 2192 12612 16256
2932 4 89 2562 5477 9112
2934 5 28 127 1139 8451 16256
2936 4 81 5024 8338 13582
2938 5 127 3840 6411 12352 16256
2940 4 416 3112 4499 8788
2942 5 127 585 4354 10294 16256
2944 3 4129 9730 10788
2946 5 127 816 4554 12292 16256
2948 4 3111 4360 9169 9234
2950 5 127 2572 3970 12352 16256
2952 4 162 277 5508 10346
2954 5 19 127 228 11656 16256
2956 4 134 3729 4145 12104
2958 5 127 1061 5210 10256 16256
2960 3 529 10498 13416
2962 5 127 336 2083 9952 16256
2964 4 208 1803 14502 14592
2966 5 127 7680 8337 8576 16256
2968 4 1000 1092 6572 8721
2970 5 127 312 1159 12416 16256
2972 4 2338 2951 5136 8428
2974 6 127 328 961 1561 8360 16256
2976 4 6336 6561 8210 10564
2978 5 127 2054 5672 10257 16256
2980 5 974 1064 2055 9363 14625
2982 5 127 4704 8197 8314 16256
2984 3 1288 6178 8916
2986 5 127 7552 8206 8240 16256
2988 5 2237 8216 8948 12290 13571
2990 5 127 332 3520 12800 16256
2992 4 153 677 5774 10272
2994 5 127 536 8577 12865 16256
2996 4 3168 4842 8212 11521
2998 5 54 73 127 12467 16256
3000 4 2081 5916 8776 11330
3002 5 127 1030 1207 13312 16256
3004 4 824 1164 2051 14915
3006 5 102 127 6272 8221 16256
3008 3 37 672 10936
3010 5 127 195 2320 15488 16256
3012 4 1812 2184 4355 10473
3014 5 26 127 268 877 16256
3016 4 336 2204 8833 13861
3018 5 127 3590 7200 8832 16256
3020 4 208 3810 8460 13329
3022 5 102 127 1153 2075 16256
3024 4 228 1814 2481 14336
3026 4 30 97 127 16256
3028 5 266 321 4876 8533 16032
3030 5 48 113 127 2110 16256
3032 4 224 1300 7192 12038
3034 5 104 127 634 1544 16256
3036 4 97 4963 8384 11414
3038 4 49 127 12320 16256
3040 3 304 5188 9089
3042 5 127 1616 5140 6656 16256
3044 4 5120 5140 6947 15560
3046 5 50 127 2413 10272 16256
3048 4 1488 1608 4102 13097
3050 5 19 127 4796 12304 16256
3052 4 44 2698 4177 10084
3054 5 28 99 127 4818 16256
3056 4 148 332 538 2533
3058 5 127 2692 4360 8835 16256
3060 5 1058 1564 2478 13409 14337
3062 6 127 137 2147 7438 12864 16256
3064 4 2066 2564 7338 10868
3066 5 76 127 4232 7810 16256
3068 4 1060 1168 7512 9383
3070 5 127 2816 9221 13504 16256
3072 2 224 8257
3074 5 127 521 2177 4745 16256
3076 4 2304 3840 6445 10450
3078 5 127 2141 6144 6178 16256
3080 4 146 2072 5692 6993
3082 5 127 202 5253 10496 16256
3084 5 2358 2592 3136 5017 11728
3086 5 43 84 127 12338 16256
3088 4 3144 5907 8328 9473
3090 5 127 2294 8195 9472 16256
3092 4 4551 8240 9224 10930
3094 6 127 340 2816 4202 9229 16256
3096 4 2088 2308 5827 14379
3098 5 88 127 5014 9232 16256
3100 4 152 1552 1598 10697
3102 5 52 127 8736 12619 16256
3104 3 140 8708 9011
3106 5 127 1042 4673 9096 16256
3108 4 49 2690 2972 13378
3110 5 69 127 769 15498 16256
3112 4 13 9224 11096 11442
3114 5 76 127 953 10244 16256
3116 4 1552 2314 6535 8300
3118 5 28 127 928 1123 16256
3120 4 138 4538 8201 10261
3122 5 127 4102 4256 14508 16256
3124 5 58 145 718 7169 10554
3126 6 127 4610 5378 9744 10756 16256
3128 4 2177 2267 10248 13224
3130 5 127 641 695 4129 16256
3132 4 194 6205 9158 10304
3134 4 127 4232 8264 16256
3136 3 768 1856 12622
3138 5 76 127 265 7182 16256
3140 4 196 1060 9529 14855
3142 5 127 8232 8407 8705 16256
3144 4 3429 4113 7346 8720
3146 5 14 127 261 13665 16256
3148 5 1281 4418 7832 8621 9264
3150 6 127 904 2144 4596 13336 16256
3152 3 695 1088 3144
3154 5 127 1042 5767 8240 16256
3156 5 194 546 5894 7024 8665
3158 5 127 640 720 1327 16256
3160 4 644 4288 9773 11604
3162 5 127 1048 2622 9248 16256
3164 4 104 5661 8258 10631
3166 4 5 127 325 16256
3168 3 6 4614 12521
3170 5 127 2561 4736 13389 16256
3172 4 1552 4466 8209 14477
3174 5 127 168 343 1664 16256
3176 4 260 4484 9074 11843
3178 5 127 2576 4552 9250 16256
3180 4 258 771 11632 12508
3182 6 19 127 578 11572 12698 16256
3184 4 49 1296 3723 11618
3186 5 127 3881 9224 10256 16256
3188 5 1763 4101 8876 14336 15664
3190 6 21 127 456 5252 6968 16256
3192 4 132 420 6215 8796
3194 5 76 112 127 12658 16256
3196 4 2053 2336 9430 13067
3198 4 127 8256 12384 16256
3200 3 2109 4624 5124
3202 5 127 776 6373 9472 16256
3204 4 948 2082 5122 10331
3206 5 127 4356 7976 8324 16256
3208 4 4225 6400 11810 12574
3210 5 43 127 150 5121 16256
3212 4 522 5616 10242 12877
3214 5 127 2305 4342 8201 16256
3216 4 2058 8477 10241 13009
3218 5 112 127 1116 4384 16256
3220 5 9 43 10556 14922 16001
3222 5 3 127 135 3320 16256
3224 4 862 1025 1285 11504
3226 5 127 261 322 3988 16256
3228 4 1280 9488 10860 13475
3230 4 127 2052 10500 16256
3232 3 259 1768 2054
3234 5 127 259 800 6257 16256
3236 4 1536 6371 9736 14644
3238 5 127 3922 12288 12417 16256
3240 4 4540 8336 8739 9280
3242 5 127 144 212 14985 16256
3244 5 518 2308 3041 5425 12335
3246 5 127 272 1328 15041 16256
3248 4 6 4230 7108 8938
3250 5 127 262 2116 11299 16256
3252 4 384 960 4219 11380
3254 6 127 1623 8224 9758 12321 16256
3256 4 2053 3852 4609 8430
3258 5 127 320 330 7945 16256
3260 4 320 4424 4507 15940
3262 5 19 127 2158 4161 16256
3264 3 4104 4248 9606
3266 5 44 127 517 13380 16256
3268 5 9 1653 4121 10929 14786
3270 5 127 292 2564 13696 16256
3272 4 4998 5120 5156 10779
3274 5 41 88 127 6056 16256
3276 4 4104 4140 4414 11907
3278 4 9 75 127 16256
3280 4 1026 1570 4437 6531
3282 5 127 5251 6144 6688 16256
3284 5 260 2309 5299 10650 13032
3286 5 68 118 127 1101 16256
3288 4 4162 4256 8981 11442
3290 5 127 1088 1091 6446 16256
3292 4 80 86 1750 14629
3294 5 127 515 3458 12800 16256
3296 4 1058 5184 10577 14946
3298 5 127 2080 3209 6180 16256
3300 5 738 1057 4384 7197 15172
3302 6 68 108 127 861 3851 16256
3304 4 22 4481 8713 10358
3306 5 127 629 2560 14848 16256
3308 5 164 1029 7941 8904 11442
3310 6 127 154 3092 5152 10435 16256
3312 4 736 3862 4122 13312
3314 5 127 129 6273 6358 16256
3316 4 1028 1548 2387 13025
3318 5 127 6144 7172 9112 16256
3320 4 4788 8324 12304 15682
3322 5 127 1032 1546 8295 16256
3324 4 522 1288 7748 8625
3326 5 127 2112 7232 9091 16256
3328 3 1028 3140 3778
3330 5 127 4201 8768 12290 16256
3332 4 2900 7334 8193 8457
3334 5 65 85 127 4910 16256
3336 4 3102 5461 8704 9856
3338 5 40 58 127 14994 16256
3340 5 265 2568 7721 8966 13264
3342 6 127 1028 6881 9732 11307 16256
3344 4 157 1360 6536 8226
3346 5 127 2306 9218 10348 16256
3348 4 36 556 1873 14994
3350 6 127 192 480 7175 7320 16256
3352 4 574 5329 8449 9280
3354 5 127 6785 8193 9729 16256
3356 4 33 113 3725 12656
3358 5 107 127 8196 8213 16256
3360 4 1288 2153 4064 13312
3362 5 81 127 1216 2856 16256
3364 5 72 221 1798 8266 15712
3366 6 127 2068 3104 8308 12622 16256
3368 4 8320 8372 10636 12995
3370 5 127 318 10240 10624 16256
3372 5 14 296 1830 2233 15169
3374 6 127 544 2739 8746 8996 16256
3376 4 202 1553 8260 14752
3378 5 127 2624 8706 9356 16256
3380 5 1483 3584 5896 6160 9956
3382 5 127 3328 7554 8706 16256
3384 4 61 1160 5124 15114
3386 5 50 127 10362 10752 16256
3388 4 280 714 6400 9333
3390 4 35 127 10752 16256
3392 3 3584 8288 12396
3394 5 127 586 2308 13314 16256
3396 5 11 1491 4360 6290 10980
3398 5 70 127 8509 12544 16256
3400 4 12 77 4804 15634
3402 5 60 127 194 11268 16256
3404 4 4393 4608 4868 11474
3406 5 52 127 4811 5632 16256
3408 4 1152 1155 2755 8566
3410 5 36 55 127 1125 16256
3412 5 583 3136 4411 9172 10272
3414 5 66 127 219 230 16256
3416 4 4504 5447 8194 10274
3418 5 18 102 127 1043 16256
3420 4 448 2051 3187 9164
3422 5 127 529 3584 14720 16256
3424 4 131 1160 1311 6288
3426 5 127 1156 3136 8489 16256
3428 4 96 230 8032 8317
3430 6 127 1026 1410 3592 11112 16256
3432 4 257 1345 6302 12332
3434 5 100 127 9218 9562 16256
3436 5 48 564 3478 7761 8238
3438 6 127 1741 1862 4097 5377 16256
3440 4 173 2128 6272 13857
3442 5 127 262 1048 3640 16256
3444 5 851 1654 9216 9236 14492
3446 5 37 127 1034 4213 16256
3448 4 1537 2312 2477 9803
3450 5 19 127 5248 10022 16256
3452 4 2816 5251 8572 8720
3454 5 127 3968 8195 12292 16256
3456 3 3 539 9027
3458 5 127 3145 4352 4355 16256
3460 5 41 6427 9188 9280 13379
3462 5 104 127 3159 9728 16256
3464 4 2855 4624 6832 9280
3466 5 127 2054 2407 8832 16256
3468 5 48 3632 6193 9102 13123
3470 5 100 127 1691 12416 16256
3472 4 1792 4002 8216 9628
3474 5 127 1089 8232 9784 16256
3476 4 288 881 6287 13600
3478 5 127 8448 11536 13192 16256
3480 4 80 5659 8432 8534
3482 5 80 127 1144 2643 16256
3484 5 1753 2068 4225 4523 10421
3486 5 127 8193 9857 14595 16256
3488 3 84 169 14338
3490 5 127 1536 1768 13840 16256
3492 4 580 2178 5972 8303
3494 5 127 1536 1567 1636 16256
3496 4 530 1312 2531 9644
3498 5 127 134 769 13447 16256
3500 4 2208 8798 8960 14085
3502 5 127 1536 1543 5752 16256
3504 4 162 3314 9932 10244
3506 5 127 640 658 2138 16256
3508 5 131 548 1838 6738 8659
3510 5 38 127 8201 8566 16256
3512 4 1156 1390 6176 6329
3514 5 70 127 672 7811 16256
3516 4 637 1282 4192 14210
3518 4 100 127 12290 16256
3520 3 130 4322 4763
3522 5 127 1154 2081 11317 16256
3524 4 3072 3206 12065 14428
3526 5 5 127 7813 8469 16256
3528 4 2050 2627 6430 11372
3530 5 127 289 2116 5427 16256
3532 4 2336 5340 8705 9091
3534 5 74 127 1461 8464 16256
3536 4 1056 1849 5282 15152
3538 5 127 1089 2432 5328 16256
3540 4 2592 6364 9217 9547
3542 5 127 6400 8832 9861 16256
3544 4 576 707 13016 15908
3546 5 127 1048 7251 8832 16256
3548 4 1312 2654 4288 12505
3550 6 56 127 4356 6761 9479 16256
3552 4 2808 8320 8401 9102
3554 5 127 193 8198 9673 16256
3556 4 17 569 4341 11570
3558 5 127 8200 8333 8442 16256
3560 4 608 1288 12443 13596
3562 5 127 8704 8732 12098 16256
3564 5 1453 1538 4113 6358 9891
3566 6 20 127 468 821 1806 16256
3568 4 546 11216 12289 15109
3570 5 127 2065 4226 14512 16256
3572 4 24 602 5560 14661
3574 5 66 127 1374 8291 16256
3576 4 784 4099 4695 12713
3578 5 127 384 405 10130 16256
3580 4 13 5122 5277 15170
3582 4 127 168 6148 16256
3584 2 520 4664
3586 5 127 266 9997 10272 16256
3588 4 3014 5128 8322 8441
3590 5 127 273 2286 4228 16256
3592 4 4106 9248 13001 14611
3594 5 127 3088 6198 8201 16256
3596 4 257 3529 5782 10529
3598 5 98 127 2184 4893 16256
3600 3 6 2063 5940
3602 5 127 2564 4480 14636 16256
3604 4 1088 2718 3427 15424
3606 5 34 127 806 15536 16256
3608 4 130 647 9275 10950
3610 5 127 4416 8321 8551 16256
3612 4 69 4616 5391 12000
3614 4 127 2368 4610 16256
3616 3 2088 2965 5376
3618 5 127 584 2084 5677 16256
3620 4 276 1262 4161 14883
3622 5 127 2208 12289 14114 16256
3624 4 3662 4130 6317 8720
3626 5 33 127 3121 5032 16256
3628 4 514 2996 4905 9794
3630 4 127 2562 8576 16256
3632 3 104 4113 11938
3634 5 127 8320 9364 14363 16256
3636 4 577 1160 7585 14366
3638 5 19 127 324 750 16256
3640 4 633 1025 11267 12965
3642 5 18 127 8754 9743 16256
3644 4 24 984 6326 9273
3646 5 74 127 1077 8209 16256
3648 3 5655 8194 12422
3650 5 127 8704 8969 9246 16256
3652 4 136 3181 6018 8345
3654 5 127 2113 2238 12292 16256
3656 3 2052 2260 9003
3658 5 127 2304 2406 2844 16256
3660 4 6 2246 4394 9755
3662 4 127 6144 7304 16256
3664 3 20 916 15682
3666 5 127 4584 8448 10505 16256
3668 4 1040 3601 5405 8422
3670 5 9 107 127 6685 16256
3672 4 68 598 12065 13417
3674 5 36 127 2094 13921 16256
3676 4 3749 8196 8570 10262
3678 4 127 1028 1428 16256
3680 3 33 4769 9932
3682 5 127 194 2081 8471 16256
3684 4 528 3728 9530 12645
3686 5 9 127 4633 6502 16256
3688 4 65 2257 4844 9126
3690 5 127 1032 3209 8555 16256
3692 4 576 4681 10470 13587
3694 5 6 127 2603 8278 16256
3696 4 72 218 9404 14618
3698 5 96 127 3184 7490 16256
3700 4 3599 8224 8882 12644
3702 5 127 2056 2126 8763 16256
3704 4 6144 6227 10010 15520
3706 5 127 8256 8786 12853 16256
3708 4 5179 8208 11282 12224
3710 5 65 127 1349 2170 16256
3712 3 8200 8648 9349
3714 5 127 870 2052 10254 16256
3716 4 1032 5388 9038 10929
3718 5 127 4108 4211 8512 16256
3720 4 72 4682 6549 15952
3722 5 91 127 4624 10368 16256
3724 4 1884 2064 2585 12515
3726 4 127 528 12944 16256
3728 3 8193 8397 10003
3730 5 6 127 2095 5198 16256
3732 4 6 5976 10905 12326
3734 5 127 493 8194 13330 16256
3736 4 72 3778 4174 12467
3738 5 127 288 1336 5715 16256
3740 4 1040 6926 9265 10980
3742 5 127 6144 6201 7239 16256
3744 3 544 757 6824
3746 5 127 1282 2184 11312 16256
3748 4 4796 7281 8448 12554
3750 5 127 2052 2157 2710 16256
3752 4 576 962 3351 12476
3754 5 127 8448 8653 9491 16256
3756 4 48 2736 3342 13649
3758 5 127 4160 12050 12992 16256
3760 4 4889 5120 7944 15490
3762 5 127 132 2220 2458 16256
3764 4 514 819 5518 10854
3766 5 33 127 1182 4321 16256
3768 4 2894 8448 8984 13329
3770 5 48 127 950 4281 16256
3772 4 1894 3072 3160 12427
3774 5 127 636 1025 5127 16256
3776 3 514 5658 12942
3778 5 127 5716 8208 9328 16256
3780 4 2703 4112 5232 8465
3782 4 34 118 127 16256
3784 4 4968 8256 8539 9444
3786 5 127 2052 2063 10180 16256
3788 4 3493 4098 4627 9548
3790 5 12 127 559 764 16256
3792 4 2049 6437 9271 11795
3794 5 127 321 2082 9492 16256
3796 4 2049 3361 4840 8414
3798 5 5 127 605 10791 16256
3800 4 2304 4565 6482 11558
3802 5 127 4352 12620 14145 16256
3804 4 544 4729 9064 9638
3806 5 127 136 686 1753 16256
3808 4 1152 3285 9667 15491
3810 5 34 127 8746 9761 16256
3812 4 257 5346 11832 12549
3814 5 127 8320 9614 14977 16256
3816 4 516 629 5148 10118
3818 5 127 2304 14628 15626 16256
3820 4 2064 6353 9580 11154
3822 5 127 6936 8194 13442 16256
3824 4 1642 4112 4212 10896
3826 5 127 264 4904 13827 16256
3828 4 2112 5001 7248 13606
3830 5 9 127 4877 11921 16256
3832 4 1280 5492 9605 14924
3834 5 127 160 9896 14513 16256
3836 4 144 1238 7060 11339
3838 4 72 127 8906 16256
3840 2 544 3880
3842 5 127 544 2730 4910 16256
3844 4 2049 9448 10321 13070
3846 5 34 127 7600 8762 16256
3848 3 192 760 13699
3850 5 127 10240 11841 12098 16256
3852 4 136 1724 7336 14407
3854 4 33 127 869 16256
3856 3 5554 8208 8727
3858 5 127 555 8224 10792 16256
3860 4 192 2985 4310 12162
3862 5 127 8320 8367 8696 16256
3864 4 192 1196 2259 9900
3866 5 127 12288 13093 14568 16256
3868 4 827 2056 3784 12622
3870 5 127 1152 6851 9617 16256
3872 3 65 973 9799
3874 5 96 127 2785 12050 16256
3876 4 3283 6144 7046 14456
3878 5 127 1280 2639 3888 16256
3880 4 1088 5073 10597 11842
3882 5 127 1536 1960 7196 16256
3884 4 384 3554 5804 8633
3886 5 96 127 4730 10469 16256
3888 4 3306 5160 12288 12848
3890 5 127 260 3908 15776 16256
3892 4 257 2507 3373 13104
3894 5 34 127 6310 10060 16256
3896 4 257 371 8413 11811
3898 5 127 1954 3072 7181 16256
3900 4 96 1900 3243 13432
3902 4 127 1088 3665 16256
3904 3 3 2607 10535
3906 5 127 384 931 1085 16256
3908 3 72 7856 8271
3910 4 127 2304 14736 16256
3912 3 3734 4352 12705
3914 5 12 127 8398 8442 16256
3916 4 191 4352 12613 14148
3918 4 127 2052 6804 16256
3920 3 3414 8224 12341
3922 5 127 4352 5389 6296 16256
3924 4 640 6790 8665 15472
3926 5 96 127 8221 10338 16256
3928 4 96 3430 8952 10546
3930 5 127 1056 8765 13349 16256
3932 4 2050 2538 10012 15367
3934 5 72 127 2855 9306 16256
3936 3 768 922 3275
3938 5 68 127 2172 12642 16256
3940 4 1438 2560 10850 14483
3942 5 127 160 2291 4540 16256
3944 4 136 2988 11783 14489
3946 5 127 2112 2652 6325 16256
3948 4 2050 9773 11290 14788
3950 4 10 127 12890 16256
3952 4 768 3187 7456 13122
3954 5 127 1030 9216 11368 16256
3956 4 1028 4723 7558 13342
3958 5 48 127 3478 12858 16256
3960 4 2176 11406 12664 14516
3962 5 127 2176 11321 14502 16256
3964 4 3251 12288 13084 15416
3966 5 33 127 12643 13341 16256
3968 2 129 3505
3970 5 12 127 4924 13908 16256
3972 3 2304 2930 14477
3974 4 127 2560 11924 16256
3976 3 8194 8989 15430
3978 5 127 3851 4100 14853 16256
3980 4 640 3784 5405 10794
3982 5 96 127 875 3508 16256
3984 3 34 1374 4283
3986 5 65 127 8904 10609 16256
3988 4 72 2286 11347 13121
3990 5 72 127 954 4717 16256
3992 4 72 2639 8314 9522
3994 5 127 1280 5149 6049 16256
3996 4 1088 1490 4647 14442
3998 5 17 127 1335 14426 16256
4000 3 4104 6174 11299
4002 5 127 2304 4064 6825 16256
4004 4 257 9751 13417 14729
4006 5 66 127 1273 2887 16256
4008 4 10 1741 6694 9642
4010 5 127 4352 7461 10419 16256
4012 4 4811 10355 12288 14216
4014 4 127 136 1679 16256
4016 4 1040 1087 4884 12376
4018 5 127 4224 4381 4525 16256
4020 4 3494 4098 6217 13906
4022 5 127 2056 3560 14917 16256
4024 4 2112 4711 6840 15940
4026 5 127 1992 2052 6316 16256
4028 4 246 528 663 15712
4030 5 24 127 5433 9415 16256
4032 3 40 9644 13729
4034 3 127 4352 16256
4036 3 1025 5517 10482
4038 4 127 1056 3127 16256
4040 3 1280 2032 14499
4042 5 127 1028 3266 10021 16256
4044 4 2050 2663 7564 9464
4046 4 127 4352 8525 16256
4048 3 257 7848 10601
4050 5 48 127 5842 14160 16256
4052 4 1026 7396 9495 10829
4054 5 127 1643 2325 3072 16256
4056 4 2049 3635 12660 15136
4058 5 127 2289 3690 10240 16256
4060 4 1870 2049 10347 13457
4062 4 127 384 4298 16256
4064 3 5 1514 9359
4066 5 127 4311 6541 12288 16256
4068 4 3072 4221 11399 14083
4070 4 18 127 11916 16256
4072 4 80 4695 7214 8503
4074 5 127 2867 5829 6144 16256
4076 4 320 6810 8501 9682
4078 5 127 384 4794 10437 16256
4080 4 1766 2049 3733 4251
4082 5 18 127 6699 15385 16256
4084 4 2052 5080 5667 14916
4086 5 33 127 6485 10858 16256
4088 4 8194 8590 12292 15920
4090 5 127 2176 7396 9739 16256
4092 4 1056 2891 10956 13478
4094 4 36 127 413 16256
4096 1 288
4098 3 127 2112 16256
4100 3 1990 2560 10361
4102 4 127 2049 7076 16256
4104 3 65 3131 5580
4106 5 127 1402 4594 8704 16256
4108 4 72 7476 8828 14483
4110 4 127 129 5066 16256
4112 3 272 5014 9763
4114 5 127 8200 9618 12741 16256
4116 4 36 365 13826 15508
4118 4 127 640 11587 16256
4120 4 4128 11049 12443 14272
4122 5 127 1266 2080 11928 16256
4124 4 5207 6052 11405 12288
4126 4 127 1025 12745 16256
4128 3 48 1432 13985
4130 5 127 260 1543 3782 16256
4132 4 3072 3937 8824 13478
4134 5 127 2050 6746 8493 16256
4136 4 10 1390 7776 12627
4138 5 127 1536 2157 8558 16256
4140 4 2800 5404 8224 8759
4142 4 127 2176 4453 16256
4144 4 2663 8196 9697 9794
4146 5 12 127 12052 14640 16256
4148 4 7248 8196 8622 10901
4150 5 24 127 3748 14160 16256
4152 4 258 2835 4336 10036
4154 4 34 127 8541 16256
4156 4 1747 5690 8256 14381
4158 4 127 640 13472 16256
4160 2 96 10526
4162 5 127 2056 6244 11569 16256
4164 4 68 1694 12658 15875
4166 4 55 127 12288 16256
4168 4 4965 7435 8194 9161
4170 5 127 2050 8682 9020 16256
4172 4 4339 7588 8256 9755
4174 4 127 5120 10570 16256
4176 4 2064 8561 9414 11858
4178 5 127 2530 2727 8704 16256
4180 4 132 4712 6931 9428
4182 5 40 127 7073 9351 16256
4184 4 100 516 7691 14723
4186 5 127 2056 4725 5020 16256
4188 4 68 4849 5654 15626
4190 5 127 320 908 15524 16256
4192 3 637 1341 10240
4194 5 24 127 374 3523 16256
4196 4 2870 4160 6492 9605
4198 5 127 1387 4125 4128 16256
4200 4 72 8572 11665 12838
4202 5 5 127 6450 9427 16256
4204 4 10 2207 10096 10449
4206 5 34 127 9309 15492 16256
4208 3 17 6988 7558
4210 5 127 4482 8448 14489 16256
4212 4 2176 8758 10728 13319
4214 4 34 127 1244 16256
4216 3 758 3072 12843
4218 5 127 8196 8296 15968 16256
4220 3 671 3072 12650
4222 4 127 192 9987 16256
4224 2 96 7306
4226 5 127 2215 8208 10757 16256
4228 4 514 4381 6713 13507
4230 5 127 160 7572 10771 16256
4232 3 80 3334 4825
4234 5 127 1450 4849 8193 16256
4236 4 1026 8651 14085 14392
4238 4 20 127 10048 16256
4240 3 576 5748 12553
4242 5 127 528 1301 12516 16256
4244 4 211 4100 5677 10567
4246 5 127 1110 4352 12347 16256
4248 4 34 2503 6377 8796
4250 5 127 544 4747 11278 16256
4252 4 72 971 5395 11428
4254 5 127 257 3192 4103 16256
4256 3 1448 2560 11804
4258 5 127 4608 8312 12756 16256
4260 4 2744 3072 3358 12865
4262 5 20 127 713 8566 16256
4264 4 5 477 6563 11408
4266 5 127 272 1912 2189 16256
4268 4 144 1888 2455 12314
4270 5 127 384 1843 15873 16256
4272 3 66 5529 10889
4274 5 127 1934 4160 9493 16256
4276 4 33 1897 8404 14930
4278 5 127 514 762 9285 16256
4280 3 2391 5660 8320
4282 4 127 4224 12064 16256
4284 3 1366 2056 13025
4286 4 127 1173 2304 16256
4288 3 358 640 5860
4290 5 127 405 6144 10900 16256
4292 4 1536 1703 7632 8361
4294 5 127 384 6247 8284 16256
4296 4 36 1819 2670 7552
4298 5 127 2304 6824 8275 16256
4300 4 9 5689 7394 10532
4302 5 10 127 6673 9704 16256
4304 4 40 5010 7558 10391
4306 5 9 127 8754 12897 16256
4308 4 320 3556 3602 14379
4310 5 36 127 7360 13075 16256
4312 4 520 6610 7553 8423
4314 5 127 5120 10327 13056 16256
4316 4 516 5235 6709 8586
4318 5 5 127 602 12397 16256
4320 3 96 7704 9498
4322 5 6 127 866 1480 16256
4324 4 5635 6364 8224 15712
4326 5 9 127 2772 15616 16256
4328 4 65 7058 9100 14394
4330 5 17 127 1378 10130 16256
4332 4 33 1816 7874 12601
4334 4 127 3604 4224 16256
4336 3 3621 4112 10720
4338 5 127 5120 8978 9314 16256
4340 4 2904 4128 5671 9664
4342 5 127 241 366 9216 16256
4344 3 3908 4777 8208
4346 5 127 1240 5553 10240 16256
4348 3 2296 4097 9990
4350 4 127 544 13696 16256
4352 2 9 930
4354 5 127 544 1428 11912 16256
4356 4 12 811 4754 11349
4358 5 127 2162 6253 8196 16256
4360 4 136 3331 6235 12977
4362 5 127 4104 5781 8498 16256
4364 4 313 516 12162 14676
4366 5 127 2056 5776 11076 16256
4368 4 355 3602 8224 13201
4370 5 127 2112 5155 5842 16256
4372 4 1536 4322 6025 10293
4374 5 20 127 1417 14978 16256
4376 4 640 1114 6373 14915
4378 5 44 127 5201 8224 16256
4380 4 2402 5020 8320 10005
4382 5 115 127 264 2220 16256
4384 3 2269 3604 8448
4386 5 127 260 5314 12410 16256
4388 4 768 4283 5258 11462
4390 5 127 1591 1736 8448 16256
4392 4 3614 5301 5656 8448
4394 5 34 127 6937 8333 16256
4396 4 2268 6401 8256 9826
4398 5 127 576 6432 9921 16256
4400 3 2560 5299 12553
4402 5 127 968 4128 10779 16256
4404 4 1342 2049 5328 14024
4406 4 127 4352 11456 16256
4408 3 72 677 11570
4410 5 127 640 2874 15364 16256
4412 3 516 6378 9489
4414 5 65 127 2078 8766 16256
4416 3 1079 1249 12288
4418 5 127 257 1250 1678 16256
4420 4 520 3141 3491 12375
4422 5 33 127 222 8900 16256
4424 4 4100 9345 12582 12889
4426 5 66 127 6499 9348 16256
4428 4 802 2056 7384 9126
4430 4 20 127 14592 16256
4432 4 3087 4352 8378 8929
4434 5 66 127 1766 10753 16256
4436 4 33 6686 11716 12362
4438 5 9 127 7873 13568 16256
4440 4 640 4473 9475 13366
4442 5 127 2051 5248 10496 16256
4444 4 2309 6925 9216 11474
4446 5 72 127 3537 12928 16256
4448 3 18 10340 14721
4450 5 127 2373 4104 10064 16256
4452 4 236 2050 6112 8253
4454 5 127 401 1056 1134 16256
4456 4 272 581 3480 14568
4458 5 127 4739 5432 10240 16256
4460 4 65 247 4276 7944
4462 5 30 127 5857 8704 16256
4464 3 288 3736 12301
4466 5 5 127 7424 14664 16256
4468 4 1795 3909 4112 10410
4470 5 127 3072 4482 12036 16256
4472 3 1368 2176 12838
4474 5 33 127 1550 3664 16256
4476 4 1474 2080 10795 12564
4478 5 127 3265 6016 10240 16256
4480 3 80 4258 6356
4482 5 127 2069 4128 4211 16256
4484 4 1646 2374 4097 11152
4486 5 127 768 4034 12291 16256
4488 4 528 4269 8610 13638
4490 5 101 127 2304 2712 16256
4492 4 1025 6184 6457 9863
4494 5 127 513 3809 12672 16256
4496 3 652 8448 12658
4498 5 127 2052 2254 5250 16256
4500 4 332 2050 6834 11465
4502 5 30 127 3175 12288 16256
4504 4 130 4632 6731 9395
4506 5 9 127 2608 8313 16256
4508 4 2080 6439 9729 9938
4510 4 36 127 13328 16256
4512 3 2176 7088 12298
4514 5 127 1108 4224 4638 16256
4516 4 2179 4128 6988 13369
4518 5 127 291 8572 9216 16256
4520 4 105 8320 8862 15121
4522 5 127 1088 2832 15436 16256
4524 4 768 2059 6082 8886
4526 5 127 1536 3385 8262 16256
4528 4 264 1990 2972 8292
4530 5 96 127 1478 6288 16256
4532 4 80 3697 4110 12713
4534 5 127 2176 11665 12816 16256
4536 4 4128 4462 9536 9921
4538 4 127 6144 10112 16256
4540 4 6 393 4841 10526
4542 5 6 127 1112 3623 16256
4544 3 24 2242 3614
4546 5 5 127 4866 6262 16256
4548 4 18 8709 10962 13624
4550 5 127 1280 1960 14464 16256
4552 4 308 1088 1267 14538
4554 5 127 272 1395 10816 16256
4556 4 260 6565 6770 9736
4558 5 127 4352 5041 11272 16256
4560 4 228 1025 1987 6040
4562 5 36 127 5131 10265 16256
4564 4 258 3756 4169 14098
4566 5 36 127 2428 8211 16256
4568 4 1493 6784 8200 8783
4570 5 127 513 3140 4701 16256
4572 4 136 2832 11466 15397
4574 4 68 127 2193 16256
4576 3 66 2456 7173
4578 5 127 1175 6144 8262 16256
4580 4 2052 3988 4122 9185
4582 5 5 127 2298 10560 16256
4584 4 130 3168 10894 15109
4586 5 127 1152 5451 10260 16256
4588 4 258 2216 5217 8982
4590 5 127 1536 8230 8665 16256
4592 3 824 4100 11330
4594 5 127 1032 8466 11562 16256
4596 4 36 4718 7505 12418
4598 5 47 80 127 7686 16256
4600 4 2248 2471 8196 9433
4602 5 127 160 4372 13701 16256
4604 4 80 2876 3332 9667
4606 4 127 1025 8214 16256
4608 2 1088 12832
4610 5 127 1028 8933 10760 16256
4612 4 1431 4172 8193 10810
4614 5 127 136 6178 10148 16256
4616 4 528 9376 10791 12571
4618 5 127 576 6416 9122 16256
4620 4 2052 8962 12476 15553
4622 5 127 130 7680 9652 16256
4624 4 2104 4352 12224 15892
4626 5 127 3140 8224 12808 16256
4628 4 167 4118 8448 12104
4630 5 68 127 674 15656 16256
4632 4 1404 2056 4641 11282
4634 5 127 2064 3336 12801 16256
4636 4 1025 2640 4222 12049
4638 5 86 127 2089 4097 16256
4640 3 513 2092 12598
4642 5 127 3344 3673 12288 16256
4644 4 3922 4331 5440 8196
4646 5 34 127 1117 9536 16256
4648 4 5 1453 3344 13066
4650 5 66 127 308 15110 16256
4652 4 1098 4128 7457 8852
4654 4 127 2176 9730 16256
4656 3 5120 8800 10519
4658 5 127 4097 8236 11602 16256
4660 4 520 5287 9348 10610
4662 5 127 1824 6026 10240 16256
4664 3 34 4424 11797
4666 5 15 127 4272 8208 16256
4668 5 830 2193 2618 4352 15434
4670 5 24 99 127 8807 16256
4672 3 108 768 12318
4674 5 64 127 192 1572 16256
4676 4 1753 6144 8495 8592
4678 5 127 1362 7552 8704 16256
4680 4 2052 4850 5331 8520
4682 5 20 127 480 7745 16256
4684 5 18 1972 5387 9924 10560
4686 6 127 183 2056 4229 12870 16256
4688 4 838 2628 4104 11936
4690 5 36 127 5146 6402 16256
4692 5 10 2904 4496 6295 11488
4694 5 127 6144 6471 9856 16256
4696 4 80 7687 9352 15138
4698 5 127 2560 4596 9352 16256
4700 4 514 911 6240 9265
4702 5 40 127 6784 13632 16256
4704 3 18 7809 10308
4706 5 5 127 4386 10562 16256
4708 4 33 3484 12672 13890
4710 5 66 127 189 12305 16256
4712 4 3 2848 3459 12376
4714 5 36 127 338 793 16256
4716 4 1798 2056 2808 12801
4718 5 68 127 3234 13056 16256
4720 3 2858 4229 8208
4722 5 127 209 1592 8448 16256
4724 5 744 1074 10240 12739 15884
4726 6 3 127 2836 5640 8874 16256
4728 4 688 3651 4352 10782
4730 5 78 127 6536 8704 16256
4732 4 1152 6240 7904 9502
4734 6 127 4098 8385 11840 15144 16256
4736 3 288 2189 12297
4738 5 127 320 9257 14368 16256
4740 4 12 609 3857 12514
4742 6 127 613 1028 4121 4426 16256
4744 4 387 3072 4796 12632
4746 5 127 2824 5120 8625 16256
4748 4 712 4098 7939 9268
4750 5 127 143 4208 10240 16256
4752 4 34 4632 6996 11784
4754 5 127 145 2050 2574 16256
4756 5 17 76 8723 10924 15696
4758 6 512 2560 7366 9017 10482 12308
4760 4 720 6405 8224 11814
4762 5 127 581 1336 2176 16256
4764 5 1360 4098 4318 8000 8741
4766 6 127 2074 4096 4224 8910 16256
4768 4 3094 3725 4160 9744
4770 5 72 127 898 1440 16256
4772 4 1408 2064 5703 10296
4774 6 127 520 1002 2099 9408 16256
4776 4 17 902 1824 14534
4778 5 40 83 127 15458 16256
4780 4 130 588 750 15121
4782 5 127 555 596 10240 16256
4784 4 80 1796 6275 12754
4786 5 127 202 3345 12288 16256
4788 4 3809 4100 8458 12686
4790 4 127 640 13568 16256
4792 4 78 1040 2980 12931
4794 5 33 127 198 1432 16256
4796 5 48 1546 6699 10626 13908
4798 5 25 36 127 614 16256
4800 3 185 4352 11392
4802 5 65 127 3074 11298 16256
4804 4 1088 4891 10404 12801
4806 6 127 2049 5154 9552 11020 16256
4808 4 7 5010 8200 10344
4810 5 127 141 5520 10240 16256
4812 5 116 640 949 4419 15386
4814 6 127 260 2570 8203 10148 16256
4816 4 1025 8472 10476 12422
4818 5 36 127 3622 9472 16256
4820 5 17 455 5250 5720 10848
4822 6 3 127 1339 8260 9412 16256
4824 4 129 2402 10252 15952
4826 5 18 77 127 5900 16256
4828 5 130 3152 4365 5746 14501
4830 6 127 2064 2610 4106 5150 16256
4832 3 320 1035 14864
4834 5 127 544 3085 12546 16256
4836 5 160 580 598 6923 9637
4838 5 127 1601 6016 10240 16256
4840 4 260 3320 8721 12330
4842 5 127 1696 7240 8448 16256
4844 4 2304 2484 3913 12290
4846 5 73 127 1152 1718 16256
4848 4 683 1330 2112 4230
4850 5 73 127 640 10885 16256
4852 5 65 1544 2529 4717 11802
4854 6 18 127 1217 4174 8748 16256
4856 4 268 1056 2509 9777
4858 5 127 1152 4866 10313 16256
4860 4 516 1048 1435 12900
4862 6 127 2328 4160 8839 10404 16256
4864 3 2052 7300 9218
4866 5 127 576 1282 2896 16256
4868 5 197 272 1150 2145 11201
4870 6 127 1536 2208 3654 13896 16256
4872 4 1703 2080 6200 8272
4874 5 82 127 2176 6325 16256
4876 5 272 2732 3079 9376 13387
4878 5 26 127 1025 9317 16256
4880 4 2226 3592 4097 8806
4882 5 127 4108 8320 8867 16256
4884 5 1989 3104 8196 10380 12890
4886 6 127 3072 3340 4416 9586 16256
4888 4 624 1028 4123 10627
4890 5 98 127 640 7042 16256
4892 4 66 2072 4838 11544
4894 6 127 160 4368 10084 13072 16256
4896 4 2568 8196 9140 9668
4898 5 127 648 1280 1797 16256
4900 5 769 2176 2183 5752 14606
4902 6 24 127 643 802 7301 16256
4904 4 1088 2565 4236 13650
4906 5 9 127 847 9344 16256
4908 5 1026 2068 2172 9995 12935
4910 6 127 264 3339 4640 10541 16256
4912 4 272 6934 12352 12365
4914 5 17 127 6720 10500 16256
4916 4 52 257 628 15498
4918 6 17 127 1623 6478 10496 16256
4920 4 520 889 4358 10624
4922 5 84 127 8704 15884 16256
4924 5 3 3147 8877 12320 12754
4926 6 127 259 869 4100 4884 16256
4928 3 640 6808 8195
4930 5 127 168 10240 11340 16256
4932 4 265 7274 8194 8854
4934 5 127 146 1536 14738 16256
4936 4 548 1431 2050 10315
4938 5 100 127 264 1338 16256
4940 4 33 2221 4672 11570
4942 6 49 127 3448 4352 7273 16256
4944 4 576 4353 5405 12579
4946 5 127 289 1032 5658 16256
4948 5 1088 1485 6964 10242 13536
4950 6 21 127 320 632 835 16256
4952 4 4352 5992 8322 10446
4954 5 65 127 3163 3584 16256
4956 4 516 2988 13312 13649
4958 4 88 127 4608 16256
4960 4 592 4224 12649 12682
4962 5 70 127 4352 13028 16256
4964 4 640 4794 6148 10177
4966 5 13 127 8435 10240 16256
4968 4 3 1072 9099 13383
4970 5 80 127 2057 4310 16256
4972 4 36 2067 5640 8678
4974 5 82 127 2733 3072 16256
4976 4 259 5120 7748 12332
4978 5 112 127 1865 2304 16256
4980 5 18 4813 5677 6400 9394
4982 6 12 127 3928 9728 10470 16256
4984 4 2816 4104 7324 11232
4986 5 33 127 3314 12544 16256
4988 4 96 642 2292 5899
4990 6 127 4128 5348 10368 15240 16256
4992 3 6 1096 3288
4994 5 127 1280 8032 8258 16256
4996 4 262 1056 4698 11425
4998 5 127 160 1792 14756 16256
5000 4 514 9217 9541 11448
5002 6 9 127 4271 9248 9425 16256
5004 5 161 2112 12627 12961 15388
5006 5 127 1056 5539 10752 16256
5008 4 25 8256 8406 15024
5010 5 52 127 7555 8320 16256
5012 5 200 945 5214 8196 10759
5014 6 127 324 1703 2050 10627 16256
5016 4 24 3330 5216 9925
5018 5 35 127 2304 8921 16256
5020 4 194 257 2771 9517
5022 6 127 276 3097 6144 13620 16256
5024 3 1056 3623 12416
5026 5 72 127 4226 4809 16256
5028 4 513 1408 3151 12857
5030 5 10 127 2421 3200 16256
5032 4 513 2088 5940 10177
5034 5 127 3072 4928 8864 16256
5036 4 6 2428 5399 8832
5038 5 20 127 4864 11433 16256
5040 4 258 552 7498 10020
5042 5 127 1042 8448 9625 16256
5044 4 6 73 2823 13744
5046 5 127 1664 7809 8448 16256
5048 4 33 784 8016 8763
5050 5 59 127 259 4608 16256
5052 4 56 576 5608 8791
5054 4 10 127 800 16256
5056 3 36 743 2432
5058 5 3 127 5152 6477 16256
5060 4 352 640 3974 12697
5062 5 127 1152 8201 15116 16256
5064 4 18 4256 7954 9305
5066 5 68 127 1537 2715 16256
5068 5 1056 1490 7585 8456 12956
5070 6 24 127 4747 8762 10242 16256
5072 4 260 2315 4736 12100
5074 5 12 127 5323 8768 16256
5076 5 80 6834 9217 11561 12518
5078 6 9 127 4116 5076 7331 16256
5080 4 12 1185 2640 13762
5082 5 127 1540 4160 6238 16256
5084 4 258 545 7380 9626
5086 6 127 769 6739 9216 13912 16256
5088 4 2564 5414 8224 16000
5090 5 127 388 2560 3907 16256
5092 4 21 1536 10578 13992
5094 5 21 127 622 4352 16256
5096 4 224 2064 4907 7476
5098 5 127 1792 10240 14420 16256
5100 5 1029 6851 8704 11308 14097
5102 5 21 127 1258 2304 16256
5104 4 1552 1972 5511 8200
5106 5 127 578 4097 5784 16256
5108 4 18 1792 6349 8822
5110 5 6 127 2305 13992 16256
5112 4 33 4949 8712 11324
5114 5 127 259 415 4104 16256
5116 4 1536 2051 5419 10968
5118 4 127 260 12289 16256
5120 2 7 192
5122 5 127 288 12290 12452 16256
5124 4 21 2304 10152 14414
5126 5 127 1040 6017 10496 16256
5128 4 532 1485 2056 6311
5130 5 127 1040 5546 14336 16256
5132 4 9 1077 6362 8960
5134 5 74 127 1333 2080 16256
5136 4 1284 5969 7045 8224
5138 5 66 127 1557 5376 16256
5140 5 520 1312 3401 4311 10208
5142 6 127 1168 1733 12288 14492 16256
5144 4 88 3072 3358 13250
5146 5 127 1623 2560 5122 16256
5148 4 516 2096 2981 12379
5150 4 10 127 2068 16256
5152 3 193 264 10932
5154 5 17 127 997 1058 16256
5156 4 81 3544 4608 10535
5158 5 127 1085 2114 8448 16256
5160 4 258 1029 3788 8889
5162 5 21 127 236 768 16256
5164 5 304 1600 2304 6505 10398
5166 6 127 1419 2320 4224 13097 16256
5168 3 3 832 15528
5170 5 33 127 1030 4502 16256
5172 5 148 4160 6896 9479 13845
5174 5 6 112 127 4271 16256
5176 4 952 2049 8212 14533
5178 5 127 528 2306 15122 16256
5180 4 2052 4106 6429 8930
5182 5 24 35 127 5468 16256
5184 3 769 1111 4104
5186 5 127 545 6144 12800 16256
5188 4 580 1026 10781 12768
5190 5 127 2176 8204 14144 16256
5192 4 576 2068 13355 13714
5194 5 17 127 268 10978 16256
5196 5 520 1772 1993 4368 10275
5198 6 127 138 2332 8704 10519 16256
5200 4 2336 4100 9537 12574
5202 5 69 127 2080 6373 16256
5204 5 129 1036 4540 6978 9611
5206 6 9 98 127 4002 4909 16256
5208 4 1568 2829 4224 10842
5210 5 127 5120 5857 10752 16256
5212 5 138 1028 2841 6962 9414
5214 6 127 1280 2296 4225 4457 16256
5216 3 996 3074 8208
5218 5 112 127 520 8456 16256
5220 5 17 2058 5000 7904 8759
5222 6 127 2048 2561 2591 11264 16256
5224 4 2564 4097 9464 9494
5226 6 3 44 127 410 4443 16256
5228 4 514 1036 6352 11043
5230 5 6 127 5248 11009 16256
5232 4 528 2054 9260 14867
5234 5 127 5120 10496 15524 16256
5236 5 2112 2151 4626 5128 10121
5238 6 127 769 1081 8196 9573 16256
5240 4 80 1769 3074 11350
5242 5 127 1152 2576 12557 16256
5244 4 68 168 2285 10006
5246 6 127 321 2171 4100 9857 16256
5248 3 544 1296 14416
5250 5 127 544 1034 6169 16256
5252 4 1152 3475 4204 8705
5254 5 33 127 1600 14720 16256
5256 4 576 4368 5288 10523
5258 5 34 127 3716 8512 16256
5260 5 97 528 7699 9574 10378
5262 6 16 127 4112 5144 5729 16256
5264 4 1840 4176 5834 8193
5266 5 34 73 127 9580 16256
5268 5 1004 4097 7705 8498 10752
5270 6 127 2304 2787 5058 9728 16256
5272 4 1214 2560 4384 15144
5274 5 9 127 4130 4143 16256
5276 4 1032 4192 5354 14869
5278 6 5 127 4162 7730 10266 16256
5280 4 98 136 11041 14372
5282 5 44 65 127 10659 16256
5284 5 1026 2408 4113 5333 12946
5286 6 3 84 127 9814 15896 16256
5288 4 72 1939 6916 12320
5290 5 13 34 127 13732 16256
5292 4 138 768 7281 11146
5294 4 127 6656 8448 16256
5296 4 272 2599 4136 4537
5298 5 98 127 1280 4140 16256
5300 5 784 1576 10708 12288 15427
5302 6 127 321 491 4608 9249 16256
5304 4 2112 4105 7369 13092
5306 5 127 4473 7168 8320 16256
5308 5 1408 2080 9014 11496 12369
5310 6 127 140 2080 9304 9411 16256
5312 3 3109 4736 8208
5314 5 127 302 2064 8257 16256
5316 5 208 768 5131 5745 14730
5318 5 9 118 127 5152 16256
5320 5 2688 4296 8224 8630 12168
5322 5 6 88 127 14016 16256
5324 5 33 208 3344 6872 8423
5326 6 127 1281 4804 8224 12377 16256
5328 4 35 1629 2176 9552
5330 5 127 4442 4736 10240 16256
5332 5 528 1472 2312 4725 13475
5334 6 127 849 2058 4128 9373 16256
5336 4 67 384 7716 9667
5338 5 127 3408 4610 8320 16256
5340 4 1030 4665 8448 9670
5342 6 127 1152 2060 8198 9409 16256
5344 4 578 1028 10387 10408
5346 5 127 672 3072 8236 16256
5348 5 292 640 4369 8938 11279
5350 6 127 644 1280 6994 8205 16256
5352 5 99 324 5120 5436 9667
5354 5 9 127 2816 9856 16256
5356 5 76 2176 2284 5520 10771
5358 6 127 1056 4265 6656 10246 16256
5360 4 40 4119 8384 11540
5362 6 127 292 2050 5888 10649 16256
5364 5 272 2182 8813 10272 13618
5366 6 127 2154 5120 9758 10368 16256
5368 4 400 1032 6341 8742
5370 6 127 477 1152 8216 12322 16256
5372 5 136 4388 4609 7904 13339
5374 6 127 580 582 1036 2049 16256
5376 3 272 9218 10400
5378 5 127 136 578 10274 16256
5380 5 384 2742 4101 11624 13376
5382 6 127 609 2128 2619 8194 16256
5384 4 42 480 513 15386
5386 5 40 69 127 13184 16256
5388 5 1536 6315 8449 9989 10962
5390 6 127 1091 1664 9864 10240 16256
5392 4 1026 6152 6385 8488
5394 5 3 127 4124 8708 16256
5396 5 20 2208 4296 5788 11618
5398 6 15 127 384 5092 8240 16256
5400 4 1602 2049 4348 8512
5402 6 18 127 2600 8264 13776 16256
5404 5 269 2560 4130 4594 15889
5406 6 127 200 2314 3378 8193 16256
5408 4 9 1540 8948 9600
5410 5 127 656 5120 10754 16256
5412 5 17 1126 6532 8736 8859
5414 6 20 35 127 1928 6924 16256
5416 4 1568 4224 5856 8535
5418 5 5 56 127 4178 16256
5420 4 136 1602 4353 10428
5422 6 6 127 1092 1696 6176 16256
5424 4 160 844 2051 12562
5426 5 44 127 2194 4608 16256
5428 5 33 2576 6705 9628 11594
5430 6 127 1091 2304 8384 9890 16256
5432 4 130 1044 2337 4842
5434 5 34 127 3336 4736 16256
5436 5 1025 2216 4624 5163 9045
5438 6 65 127 1316 4283 8832 16256
5440 4 251 592 673 6144
5442 6 10 127 6688 8464 9636 16256
5444 5 163 532 3075 10240 15688
5446 6 36 127 2432 4611 9329 16256
5448 4 514 2336 3670 12417
5450 5 30 127 161 1280 16256
5452 5 520 2116 2746 4935 13328
5454 6 127 209 1030 4119 10240 16256
5456 4 2560 5376 6707 8326
5458 5 127 2097 4162 8320 16256
5460 5 82 6664 6683 8448 13792
5462 6 127 1286 4232 8704 14929 16256
5464 4 2606 4416 8320 12752
5466 6 127 1664 8192 8194 15106 16256
5468 5 584 2181 8194 11814 13656
5470 6 127 144 549 644 8450 16256
5472 4 448 1570 6088 8196
5474 5 127 324 4608 10288 16256
5476 5 12 3788 4369 8384 8746
5478 6 127 172 4161 7826 8704 16256
5480 5 196 4120 9017 10240 14338
5482 6 127 768 1598 2129 11264 16256
5484 6 544 1753 2082 3216 8197 12548
5486 6 98 127 3712 8208 8834 16256
5488 5 129 192 2802 5632 8199
5490 5 127 384 2136 7168 16256
5492 5 778 2052 7348 8240 8403
5494 6 84 127 7424 8704 13322 16256
5496 5 34 137 10816 11291 14500
5498 6 127 259 660 764 2112 16256
5500 5 1314 2052 8795 12296 14725
5502 6 127 2184 4112 6468 8199 16256
5504 3 258 2116 9376
5506 5 127 528 1184 2061 16256
5508 5 640 1012 2704 8194 14363
5510 6 74 127 260 2286 11776 16256
5512 5 24 2682 5277 8260 10752
5514 6 127 644 5130 7842 8448 16256
5516 5 1560 2176 5207 8512 10659
5518 6 66 127 4264 7249 8197 16256
5520 4 70 424 4112 10177
5522 5 3 127 1300 4168 16256
5524 5 320 4608 4766 7780 8513
5526 6 20 127 1098 2081 12347 16256
5528 4 204 4112 10022 10241
5530 5 127 2312 5120 8833 16256
5532 5 322 515 1398 6144 15560
5534 6 65 127 1282 7168 11554 16256
5536 4 1120 2064 5633 8455
5538 5 96 127 1152 2152 16256
5540 5 68 160 184 2654 13705
5542 6 98 127 640 2084 3978 16256
5544 5 40 1127 4200 8208 10128
5546 5 17 23 96 127 16256
5548 5 1028 1821 6295 8256 8296
5550 6 52 127 640 8225 11372 16256
5552 4 384 973 1072 7168
5554 6 127 304 6784 9216 10084 16256
5556 5 160 1186 2428 2560 15113
5558 6 5 127 1093 4394 8448 16256
5560 4 576 3335 5152 8344
5562 6 49 127 521 5120 10319 16256
5564 5 377 576 4098 4234 11876
5566 6 41 127 1536 4132 9322 16256
5568 4 192 2053 8742 12298
5570 5 50 127 1536 8352 16256
5572 5 517 2180 7562 8200 9337
5574 6 16 24 127 3586 8576 16256
5576 4 65 2308 5658 8360
5578 6 24 127 153 1028 5350 16256
5580 6 112 148 1690 2304 10662 12617
5582 6 127 290 385 576 5715 16256
5584 4 1 45 1089 15233
5586 5 2 127 1794 8322 16256
5588 5 4327 6144 6408 8208 13912
5590 6 127 640 1105 10407 10496 16256
5592 5 272 3764 4097 4615 8532
5594 5 11 96 127 8468 16256
5596 5 6 1687 2312 3584 14452
5598 6 64 104 127 2116 4868 16256
5600 4 13 160 749 5648
5602 5 10 127 8208 10288 16256
5604 5 98 1280 9626 10304 12965
5606 6 10 21 97 127 8424 16256
5608 5 322 1281 4104 7213 13906
5610 7 86 127 320 1030 8204 11720 16256
5612 5 44 1040 2794 4101 12741
5614 6 127 2056 4112 10344 13329 16256
5616 4 56 68 4737 10506
5618 5 18 54 127 8704 16256
5620 5 4 1437 6212 8324 9782
5622 6 56 127 1041 1109 4100 16256
5624 5 17 3076 3973 6584 10304
5626 6 12 127 145 7616 8832 16256
5628 5 2057 3940 4352 4751 8216
5630 6 127 1792 5136 6112 8224 16256
5632 3 208 2096 8194
5634 5 68 127 198 2080 16256
5636 5 41 528 8032 9217 10271
5638 6 127 1104 2080 8212 12845 16256
5640 5 36 293 6161 8208 9422
5642 6 40 127 2304 7424 10327 16256
5644 5 768 1447 4104 6154 9968
5646 6 3 127 2297 6144 6528 16256
5648 4 528 8196 10252 13761
5650 6 3 80 127 733 4131 16256
5652 5 384 390 1056 4729 15432
5654 6 14 127 4356 6542 9216 16256
5656 5 324 1030 1685 7195 8224
5658 6 127 2304 8256 12384 13955 16256
5660 5 48 6925 8449 9414 10368
5662 6 127 4239 4608 8352 11264 16256
5664 4 1040 2113 6152 13153
5666 5 10 127 1025 9473 16256
5668 5 176 1267 2052 8480 14636
5670 6 127 768 2050 8295 10246 16256
5672 4 577 1120 2462 12288
5674 7 40 127 3072 3143 3472 8303 16256
5676 6 514 2176 2220 2818 6081 9811
5678 6 2 14 127 2130 5338 16256
5680 4 68 2049 2179 13976
5682 5 127 8192 10369 12800 16256
5684 5 1024 1217 3328 4032 12335
5686 6 32 127 6688 8288 9892 16256
5688 5 256 259 8992 12748 15024
5690 6 64 127 329 578 2422 16256
5692 5 512 600 1537 11441 13078
5694 6 127 1024 3081 3944 5136 16256
5696 4 513 2142 8456 10368
5698 5 127 512 1552 2565 16256
5700 5 1 986 2177 12545 14381
5702 6 36 127 592 1344 4048 16256
5704 5 1025 2560 2712 9543 9881
5706 7 44 127 384 1475 2656 10248 16256
5708 5 3226 6144 6948 8193 8773
5710 6 64 127 584 2117 3777 16256
5712 4 40 1088 1345 14868
5714 5 127 768 8212 11264 16256
5716 5 262 513 1034 4903 11448
5718 6 68 127 1049 5634 8226 16256
5720 5 64 175 1091 4416 11972
5722 6 32 127 1120 10122 14368 16256
5724 5 144 258 11913 12432 13428
5726 6 127 832 8192 8262 8448 16256
5728 4 16 1072 4241 9390
5730 5 127 256 290 9488 16256
5732 5 3 1540 8464 10608 14475
5734 6 127 8192 8272 12417 13792 16256
5736 5 1025 2056 2444 8747 9301
5738 6 127 1536 1539 3196 8320 16256
5740 5 2 2066 3253 8542 12802
5742 6 32 127 560 3544 4258 16256
5744 4 34 2176 2264 5159
5746 6 127 256 1284 2496 13898 16256
5748 5 2112 3274 4112 4633 10662
5750 6 57 76 127 1024 1056 16256
5752 5 4096 7424 9586 11465 12292
5754 6 25 127 321 1026 1383 16256
5756 5 384 902 1025 7246 9329
5758 6 16 127 152 1584 12650 16256
5760 4 1032 3097 8193 10499
5762 5 16 82 127 2352 16256
5764 5 129 5182 6144 7236 9093
5766 6 20 127 5148 8381 8448 16256
5768 5 12 257 1212 2702 14625
5770 5 40 127 320 342 16256
5772 5 520 2231 5248 8576 13760
5774 6 65 127 2050 2562 12416 16256
5776 4 8192 10064 10272 12302
5778 6 68 127 4948 8320 11440 16256
5780 5 823 3512 8192 10256 12384
5782 6 127 128 210 2208 2533 16256
5784 5 512 2624 4207 4880 10445
5786 6 127 264 2688 8240 8527 16256
5788 5 16 656 4180 5986 10255
5790 6 88 127 4096 4160 5393 16256
5792 4 1032 3320 4097 14369
5794 6 127 4097 7937 9216 9350 16256
5796 5 65 258 2862 5331 6217
5798 5 127 8192 10752 13696 16256
5800 5 8 2584 3762 8204 9068
5802 6 33 127 885 4736 8202 16256
5804 5 33 384 1414 3305 13264
5806 6 127 128 4289 6443 8576 16256
5808 4 1025 5265 8194 14630
5810 5 24 127 640 6848 16256
5812 5 1032 1235 5677 8208 10516
5814 6 16 127 1105 1642 6160 16256
5816 4 98 1296 8200 14988
5818 6 16 127 537 1044 1639 16256
5820 5 20 136 3910 4297 10549
5822 6 3 127 134 384 4501 16256
5824 4 576 1008 4929 10240
5826 5 32 97 127 1696 16256
5828 5 3072 3169 4098 5258 13076
5830 6 127 528 1032 9674 13072 16256
5832 4 128 2522 4261 8832
5834 5 66 127 9216 9276 16256
5836 5 264 367 1058 6145 9906
5838 6 96 127 1182 1536 1543 16256
5840 4 8192 8237 9728 14419
5842 5 80 127 260 1318 16256
5844 5 384 968 3623 8208 13849
5846 6 127 145 4130 8448 12902 16256
5848 5 40 1536 3730 4269 10145
5850 6 65 127 1152 7586 9057 16256
5852 5 272 1036 3723 4129 8535
5854 6 127 129 155 1056 15395 16256
5856 4 1280 2051 8232 13761
5858 5 74 127 2560 12304 16256
5860 5 2080 2893 9216 9235 14753
5862 6 9 127 516 4297 9013 16256
5864 5 322 477 5152 10240 10635
5866 6 66 127 4128 4409 8526 16256
5868 5 68 1843 2176 3464 12660
5870 6 127 388 2082 4160 10324 16256
5872 4 768 3904 4112 4534
5874 5 72 127 640 10600 16256
5876 5 516 2080 2398 6305 9832
5878 6 68 127 613 3670 4112 16256
5880 4 272 311 10240 11464
5882 5 18 59 127 768 16256
5884 5 776 1056 2177 7265 10398
5886 6 20 127 8200 9384 13874 16256
5888 3 776 2080 5248
5890 5 127 130 6160 8197 16256
5892 5 257 1026 1174 1964 14483
5894 5 66 127 6144 10178 16256
5896 4 20 96 1679 10516
5898 6 127 4098 4946 8200 10285 16256
5900 5 264 2330 4608 4814 11489
5902 6 24 127 1028 9818 11396 16256
5904 4 132 5120 8900 10635
5906 5 18 127 9216 11585 16256
5908 5 368 3072 3601 8448 12462
5910 6 6 127 320 1063 7280 16256
5912 4 138 1028 2081 13168
5914 5 13 96 127 146 16256
5916 5 1536 5798 6453 8320 8648
5918 6 12 127 3125 8256 9793 16256
5920 4 97 130 4116 14081
5922 6 68 127 2304 6979 13540 16256
5924 4 20 130 5737 10516
5926 6 17 127 2052 11044 11404 16256
5928 4 512 518 601 15521
5930 5 127 1152 8448 14594 16256
5932 5 48 768 2294 6018 8985
5934 6 127 512 2564 4880 14360 16256
5936 4 2049 2483 4608 13858
5938 5 48 127 2056 11400 16256
5940 5 5 2703 4352 7588 10325
5942 6 40 127 768 3847 9532 16256
5944 4 257 4112 7698 9101
5946 5 20 127 9216 13954 16256
5948 4 384 4098 7746 8636
5950 6 127 520 653 2304 12455 16256
5952 4 1026 1558 4710 10240
5954 5 36 127 5120 7706 16256
5956 5 16 604 1042 3477 8814
5958 6 20 127 2304 8497 12980 16256
5960 4 4 196 4663 12036
5962 5 34 127 144 1244 16256
5964 5 1280 5003 7448 8196 8438
5966 6 16 127 1040 8320 8615 16256
5968 4 1040 2049 5650 12588
5970 6 48 127 1884 10240 14477 16256
5972 5 128 672 3258 4293 9140
5974 6 65 127 160 1954 12722 16256
5976 5 1 145 2490 4419 9859
5978 5 33 127 4717 8448 16256
5980 5 2112 3429 4608 12857 13082
5982 6 24 127 4443 8320 12884 16256
5984 4 1028 4128 12706 14641
5986 5 6 127 4494 8448 16256
5988 5 136 4097 4780 6915 11377
5990 6 127 576 1865 6144 6836 16256
5992 5 512 1544 5489 6492 9120
5994 6 72 127 493 640 10458 16256
5996 5 1623 6332 8192 10496 12496
5998 6 127 2264 4104 10240 10594 16256
6000 4 66 2422 8200 12589
6002 5 20 127 4352 8477 16256
6004 5 136 288 822 9161 16256
6006 6 9 127 132 3928 4788 16256
6008 4 2112 4104 10978 13612
6010 5 9 127 8320 9325 16256
6012 4 12 2080 4191 12066
6014 4 17 127 3072 16256
6016 3 136 272 1706
6018 5 36 127 7046 10240 16256
6020 4 8192 9884 11587 12320
6022 5 48 127 8194 12367 16256
6024 4 128 896 6373 9422
6026 5 24 127 1152 1382 16256
6028 5 1750 4160 6206 8448 9121
6030 6 12 48 127 3376 9031 16256
6032 4 5 4822 5197 10240
6034 5 17 127 4224 9442 16256
6036 5 514 1396 7938 8320 9613
6038 6 127 128 234 1334 2180 16256
6040 5 1152 4160 5235 7560 9891
6042 6 34 127 2064 5922 15506 16256
6044 5 512 577 2852 4819 9642
6046 6 127 422 1028 8448 9347 16256
6048 4 16 3210 4144 8221
6050 5 33 127 2193 4608 16256
6052 4 4 532 5166 10721
6054 5 127 1024 6048 11264 16256
6056 4 2048 2306 5340 14497
6058 5 127 132 1280 10918 16256
6060 5 4 1334 1630 4101 10720
6062 6 127 1040 4352 4758 7080 16256
6064 4 3 4100 5244 14355
6066 5 64 127 3136 9042 16256
6068 5 1024 3316 5707 9224 15621
6070 6 127 1025 2819 3909 8320 16256
6072 4 129 2064 2774 6049
6074 5 68 127 1280 10906 16256
6076 4 12 320 1694 14696
6078 6 127 160 1032 3257 6369 16256
6080 3 514 1152 2922
6082 5 127 1024 1230 1568 16256
6084 4 520 1040 7112 10791
6086 5 40 127 2176 8791 16256
6088 4 18 1025 3756 10053
6090 6 34 127 2112 3127 4715 16256
6092 5 512 2561 3207 4664 13138
6094 6 48 127 4098 6244 6888 16256
6096 4 66 4100 11548 13461
6098 5 80 127 5120 5748 16256
6100 5 528 762 2052 6357 9066
6102 6 127 136 3882 8224 10705 16256
6104 5 68 257 1246 8753 11688
6106 5 127 2056 3151 12288 16256
6108 5 514 4352 9870 10865 11370
6110 6 40 127 1028 3380 10003 16256
6112 4 48 258 3345 9334
6114 5 34 127 264 6486 16256
6116 4 2056 3865 4224 8551
6118 6 127 192 288 2141 10984 16256
6120 4 16 1552 6490 12769
6122 5 127 4224 9216 10052 16256
6124 5 528 3241 7498 8200 14100
6126 6 127 2052 3944 6470 8256 16256
6128 4 132 421 513 6742
6130 5 127 2050 6326 12288 16256
6132 5 516 1152 4311 13897 15264
6134 6 68 127 129 6806 9014 16256
6136 4 288 576 2731 12657
6138 5 127 272 8193 10361 16256
6140 4 1028 2112 7438 13040
6142 4 127 320 528 16256
6144 2 65 8208
6146 5 16 127 6036 9232 16256
6148 4 520 1056 7493 10422
6150 5 24 127 2112 9319 16256
6152 4 24 2050 4585 13108
6154 5 68 127 435 8224 16256
6156 5 96 2049 4999 7817 8478
6158 6 1 127 3973 4807 8195 16256
6160 4 129 528 4427 14760
6162 5 127 1280 2049 2720 16256
6164 5 8 137 1583 6994 15498
6166 6 127 512 4640 4977 10892 16256
6168 5 10 5592 8448 10036 11594
6170 5 127 1024 1072 3971 16256
6172 5 136 576 7880 8381 8970
6174 6 127 256 1284 1352 6810 16256
6176 3 36 129 5962
6178 5 5 127 320 7842 16256
6180 5 512 5671 8621 10835 12800
6182 5 127 256 296 12375 16256
6184 5 1582 3072 3717 4422 8208
6186 6 64 127 1344 4757 6762 16256
6188 5 4096 6190 9968 11561 12800
6190 6 127 130 8704 12970 14930 16256
6192 4 512 530 1398 8068
6194 5 32 127 942 8226 16256
6196 5 514 1520 3649 4097 13582
6198 6 127 2048 2180 8004 13831 16256
6200 4 16 1231 2320 5677
6202 5 127 256 1284 4001 16256
6204 4 128 704 1972 12367
6206 4 2 127 9218 16256
6208 3 1024 1216 9009
6210 5 127 320 1536 12465 16256
6212 4 1075 4608 7108 8200
6214 6 40 127 5508 8256 8718 16256
6216 4 34 665 4160 11682
6218 5 127 1024 1104 4523 16256
6220 5 4 2054 2988 7315 8646
6222 6 1 127 161 4235 10668 16256
6224 4 2 2058 9621 15684
6226 5 127 144 4098 6330 16256
6228 5 4 1060 1715 6254 9495
6230 6 127 500 513 1032 14642 16256
6232 4 1 521 1214 13638
6234 5 8 127 280 11714 16256
6236 4 256 280 7222 12997
6238 5 127 256 7818 8480 16256
6240 4 701 8192 8228 9953
6242 5 24 68 127 10347 16256
6244 5 2 1211 1538 5421 13156
6246 6 127 2048 2054 5914 14948 16256
6248 5 258 740 5120 5211 9505
6250 6 127 128 648 5395 11204 16256
6252 5 1028 2304 3469 6746 13220
6254 6 127 4096 6358 11476 12304 16256
6256 4 72 4224 4950 5368
6258 5 127 2048 6160 13026 16256
6260 5 217 8192 8228 9634 14855
6262 6 64 127 8272 12942 13220 16256
6264 4 1028 4345 12288 13831
6266 5 127 256 268 2383 16256
6268 4 256 1792 2107 15556
6270 5 127 1024 1296 15236 16256
6272 3 32 37 5660
6274 5 127 512 5830 12800 16256
6276 5 516 1694 6979 8193 8743
6278 5 12 115 127 1152 16256
6280 5 2 274 1889 5718 8921
6282 6 3 48 127 3877 13985 16256
6284 5 16 2066 2684 6598 10145
6286 6 2 127 2054 3277 12034 16256
6288 4 64 208 3731 9487
6290 5 64 127 578 2846 16256
6292 5 24 1026 3041 6384 13594
6294 6 127 1024 2189 9280 10022 16256
6296 4 2048 6656 8442 16160
6298 5 127 571 2560 4352 16256
6300 4 20 2859 12288 13652
6302 4 127 2048 3328 16256
6304 4 1024 1042 2970 14800
6306 5 16 127 276 5255 16256
6308 5 2 22 2915 10840 13341
6310 6 127 2048 5347 10248 14520 16256
6312 5 1024 1522 3136 6947 8357
6314 5 8 104 127 13590 16256
6316 5 16 4116 7624 9109 9318
6318 6 5955 7693 8192 8452 8690 13701
6320 4 2 4099 6332 8905
6322 5 4 127 1060 10251 16256
6324 5 129 988 4412 10240 11651
6326 6 1 127 4105 4660 9621 16256
6328 4 2 14 351 11172
6330 5 8 127 4120 4220 16256
6332 4 1 8201 11860 12714
6334 6 127 948 4096 4354 9529 16256
6336 4 16 4240 4751 8461
6338 5 4 127 4433 9220 16256
6340 5 1024 1036 9294 12721 15875
6342 6 127 1024 1029 12371 12394 16256
6344 4 660 1025 8224 10602
6346 6 4 100 127 7074 15889 16256
6348 5 1024 1034 5793 6238 8475
6350 6 127 128 1154 9487 11922 16256
6352 4 520 1440 6144 8922
6354 5 33 127 582 1152 16256
6356 5 64 84 5340 10791 12473
6358 6 10 33 127 4891 14528 16256
6360 5 2 1034 7400 11377 14097
6362 5 64 100 127 1342 16256
6364 5 16 84 5958 11601 12524
6366 6 127 985 4096 4672 11092 16256
6368 4 1 5121 8206 11027
6370 6 16 56 127 6947 9359 16256
6372 5 72 2509 4224 6948 9234
6374 6 127 4964 8192 8324 13477 16256
6376 5 20 384 1948 4171 8818
6378 6 127 335 1522 4096 5184 16256
6380 5 4 140 4401 7844 9419
6382 6 127 558 1474 2048 6145 16256
6384 4 32 1058 10798 13698
6386 5 127 697 2048 2568 16256
6388 5 16 26 5361 8972 15522
6390 6 127 128 1168 5586 8771 16256
6392 4 4 548 3756 13153
6394 6 127 512 704 6036 11458 16256
6396 5 512 832 1778 11074 12461
6398 6 127 402 1032 2048 2560 16256
6400 3 192 288 6164
6402 5 33 127 520 6402 16256
6404 5 512 518 4998 11321 15892
6406 6 127 128 7450 12416 14668 16256
6408 5 444 2048 2816 4818 9673
6410 5 34 127 7680 8320 16256
6412 5 64 88 1311 7260 11952
6414 6 127 256 2816 2845 15409 16256
6416 4 977 1135 4096 4864
6418 5 2 127 5250 8770 16256
6420 5 256 336 3192 4383 10913
6422 6 2 127 322 1367 1986 16256
6424 4 64 1332 4176 10894
6426 5 127 128 5248 14656 16256
6428 4 1945 4160 8196 14406
6430 6 127 2048 2057 4258 7000 16256
6432 4 512 1664 4392 7506
6434 5 127 964 2048 2562 16256
6436 5 2048 2096 3506 6541 8808
6438 6 4 127 2154 4751 8198 16256
6440 4 1 2294 5377 8205
6442 5 127 128 3216 4992 16256
6444 5 1 1057 9356 10609 13834
6446 6 2 70 127 749 1429 16256
6448 4 237 1024 2330 5376
6450 5 127 5378 8192 10256 16256
6452 5 1970 2048 2564 12817 14861
6454 6 127 602 1024 1282 4181 16256
6456 4 1 521 1817 14568
6458 5 43 64 127 4164 16256
6460 5 512 4736 5208 13453 15138
6462 6 10 32 127 4128 4500 16256
6464 4 512 1540 8500 12390
6466 5 32 127 6184 8227 16256
6468 5 64 448 6608 9742 11307
6470 6 127 1129 1202 2048 10496 16256
6472 5 1 4099 4876 10130 10720
6474 6 127 512 11290 12800 13194 16256
6476 5 512 2564 3098 5781 10724
6478 6 32 127 8228 10456 12821 16256
6480 4 256 452 4355 10297
6482 5 127 4096 5632 5924 16256
6484 5 24 768 888 1945 15491
6486 6 8 127 8204 8621 9798 16256
6488 5 12 34 379 10816 13358
6490 6 32 127 290 9362 15168 16256
6492 5 128 704 2833 5131 9446
6494 6 2 127 2580 8258 8921 16256
6496 4 4 1504 3076 7243
6498 5 127 1100 4096 12416 16256
6500 5 17 96 654 3185 13762
6502 6 8 11 127 819 7045 16256
6504 5 64 112 270 9779 13969
6506 6 127 1024 2091 3584 8541 16256
6508 5 2118 4096 4864 11317 15240
6510 6 32 127 416 4428 9748 16256
6512 4 2 134 4520 10321
6514 5 127 258 12288 12674 16256
6516 5 32 42 1557 2158 13249
6518 6 127 512 1572 2817 10698 16256
6520 5 300 3491 4096 4672 4819
6522 6 32 127 2082 4622 11654 16256
6524 5 2048 3112 5271 6416 9049
6526 6 8 127 5128 6690 14656 16256
6528 4 2 194 5268 13344
6530 5 1 43 127 1345 16256
6532 5 64 1103 8512 8593 16032
6534 6 8 127 2146 8456 12080 16256
6536 5 16 19 6798 10336 13339
6538 6 32 127 1052 4130 4339 16256
6540 5 1359 4737 8192 10248 10426
6542 6 127 353 4096 4609 9059 16256
6544 5 2621 8192 9511 12544 12580
6546 6 127 256 2308 6096 11524 16256
6548 5 256 1408 5076 5257 10547
6550 6 127 4096 5248 5262 6033 16256
6552 5 8192 8261 9512 11096 13472
6554 5 127 256 2816 5248 16256
6556 5 623 8192 8516 9233 14788
6558 6 127 2267 2744 4096 6272 16256
6560 4 8 522 8850 13705
6562 5 9 127 4098 4619 16256
6564 5 68 4608 4716 7939 9360
6566 6 127 4096 5128 9481 13193 16256
6568 5 32 1120 1493 6467 8713
6570 6 127 2048 2180 3725 13568 16256
6572 5 512 648 3141 4408 12954
6574 6 2 74 127 1756 8577 16256
6576 4 16 280 10505 13906
6578 5 64 127 208 241 16256
6580 5 4 1608 4108 6563 8790
6582 6 8 26 85 127 9528 16256
6584 4 2 2178 7297 9018
6586 6 6 24 127 2240 8295 16256
6588 5 1536 2064 2545 4105 9863
6590 6 127 257 544 8210 8645 16256
6592 4 128 2141 2184 9242
6594 5 70 127 256 8480 16256
6596 5 7969 8192 8226 12323 12506
6598 6 64 127 1408 3357 4162 16256
6600 5 257 640 2515 6017 8268
6602 6 127 128 896 6429 10112 16256
6604 5 272 1398 1664 2112 14411
6606 6 127 1046 2048 2128 4774 16256
6608 4 33 258 2173 12800
6610 5 32 43 127 12576 16256
6612 5 1024 1769 1815 9217 14400
6614 6 48 127 265 8651 12288 16256
6616 4 1 2061 4515 9297
6618 6 8 127 2294 5376 8201 16256
6620 5 32 745 2081 6169 9670
6622 6 32 127 2144 2471 6147 16256
6624 4 370 512 560 9876
6626 5 32 127 176 3208 16256
6628 5 256 2688 4956 8480 10411
6630 6 32 127 1472 2144 8542 16256
6632 5 2 70 6287 6961 8769
6634 6 2 127 1027 12068 13440 16256
6636 5 1806 2048 6160 6360 12465
6638 6 127 256 832 2774 10820 16256
6640 4 4 2084 2091 10148
6642 6 1 127 641 3713 14084 16256
6644 5 32 608 5952 9061 10426
6646 6 48 127 2312 4098 13852 16256
6648 5 3 784 6860 9347 12288
6650 6 12 127 1664 4128 15632 16256
6652 5 146 320 516 3882 12645
6654 6 65 127 1184 4104 12429 16256
6656 3 16 1042 8324
6658 5 127 1184 2304 8256 16256
6660 5 256 770 4232 7317 12394
6662 6 8 73 127 2208 13372 16256
6664 5 16 4240 8002 8386 10652
6666 7 127 1024 2804 6882 9248 12332 16256
6668 5 220 1024 1156 6822 11531
6670 6 64 127 1090 12320 13921 16256
6672 4 128 1038 4228 10809
6674 5 16 84 127 1068 16256
6676 5 64 89 195 6598 11832
6678 6 32 127 415 1568 9746 16256
6680 4 513 4100 6661 9642
6682 6 32 127 2152 6304 12343 16256
6684 5 512 2564 3166 6817 10564
6686 6 127 385 2048 2576 3284 16256
6688 4 8 25 1047 6868
6690 5 64 127 4161 8204 16256
6692 5 1 4191 4680 6145 11938
6694 6 32 127 4144 6657 9880 16256
6696 5 128 165 962 13204 15505
6698 6 127 4096 6672 11648 12608 16256
6700 4 1 2401 5125 8859
6702 6 42 127 1024 7699 9728 16256
6704 4 2 4805 8218 10498
6706 5 127 512 2624 5248 16256
6708 5 256 832 2611 6021 10824
6710 6 1 127 1048 4225 11797 16256
6712 4 256 1797 2434 13656
6714 6 4 127 517 6056 10273 16256
6716 5 2 138 382 10905 13320
6718 6 127 1330 7696 8192 10256 16256
6720 4 16 59 3155 9744
6722 5 127 274 2176 8704 16256
6724 5 260 1057 7282 8320 8605
6726 6 17 68 127 6146 14981 16256
6728 4 64 1491 2376 12896
6730 7 127 240 2048 2088 3432 6821 16256
6732 5 1 1856 4540 8705 15107
6734 6 127 256 459 2437 4880 16256
6736 4 8 4140 8473 10446
6738 6 32 116 127 1803 8290 16256
6740 5 64 582 7588 7699 8776
6742 6 25 96 127 768 1046 16256
6744 5 1 133 2965 8268 13605
6746 6 32 127 562 2381 4386 16256
6748 5 4 540 7174 8907 10548
6750 6 127 1024 3618 5376 6402 16256
6752 4 1 387 2115 14930
6754 6 1 127 2964 8325 13313 16256
6756 5 16 146 265 379 16000
6758 6 69 127 8192 8807 12416 16256
6760 5 4096 4483 5776 10616 14464
6762 6 32 100 127 770 15504 16256
6764 5 1 325 2115 3474 13032
6766 6 127 256 426 4372 14089 16256
6768 5 2 99 4390 8854 12643
6770 5 16 51 127 8496 16256
6772 5 4 53 404 3722 13640
6774 6 1 127 133 270 6325 16256
6776 5 8 3594 4424 8399 10673
6778 5 1 127 6465 9729 16256
6780 5 971 1024 1348 7202 13334
6782 6 1 127 269 10307 12469 16256
6784 3 128 1984 2196
6786 6 127 4096 4195 4648 5276 16256
6788 5 256 2848 3403 5556 9985
6790 6 127 512 533 6914 11812 16256
6792 5 32 261 1120 5699 14994
6794 5 127 128 155 708 16256
6796 5 1024 1076 4879 11274 11716
6798 6 127 1024 6434 7168 8792 16256
6800 5 8 89 286 13112 15882
6802 5 127 8192 8770 12332 16256
6804 5 512 552 937 1121 14614
6806 5 127 4096 5760 15104 16256
6808 5 2048 2756 3498 10245 15457
6810 6 16 127 1362 6168 10120 16256
6812 5 1 713 5137 10662 12319
6814 5 127 2048 7296 11010 16256
6816 4 1024 1440 5891 9484
6818 5 16 127 2612 4432 16256
6820 4 2048 2067 2828 13538
6822 5 8 107 127 2076 16256
6824 4 8 1144 2981 4362
6826 5 127 2048 7360 10498 16256
6828 5 256 480 2330 6475 11860
6830 6 8 127 1194 1212 8218 16256
6832 4 512 5636 8963 14514
6834 5 1 127 659 12545 16256
6836 5 2 523 910 5267 11362
6838 6 127 1282 4104 8320 14476 16256
6840 4 16 668 2275 5392
6842 6 127 512 600 7105 11780 16256
6844 5 1255 8192 9737 10400 15664
6846 6 127 8192 8282 13344 15176 16256
6848 4 64 92 2161 10950
6850 5 127 2048 2689 3116 16256
6852 5 128 202 4564 5283 11913
6854 6 4 127 2069 5508 6727 16256
6856 4 16 1173 2890 4146
6858 6 127 4096 6658 11654 12456 16256
6860 5 1 121 6840 7632 8199
6862 6 127 1349 2048 3328 9257 16256
6864 4 1 1927 6273 8345
6866 5 127 2048 6180 6232 16256
6868 5 1 1189 2391 4737 15884
6870 6 4 127 228 3876 5508 16256
6872 4 2048 2641 6528 9258
6874 6 64 127 579 9424 15114 16256
6876 5 64 363 1274 7105 8772
6878 6 127 571 8192 9888 12308 16256
6880 4 4 61 1300 3909
6882 5 127 4096 4204 5392 16256
6884 5 2 519 6748 8298 13744
6886 6 64 127 2122 2641 5717 16256
6888 5 64 1473 7729 8274 8989
6890 5 2 75 127 2354 16256
6892 4 1024 1309 7296 9842
6894 6 57 127 256 2184 4368 16256
6896 4 2 714 2090 14642
6898 5 64 127 228 4312 16256
6900 5 128 1440 4817 5065 14486
6902 6 32 127 1569 4267 10348 16256
6904 4 1024 1996 3106 10001
6906 6 16 127 8247 8284 12305 16256
6908 5 1 293 7762 12865 13484
6910 6 127 1024 1067 1119 1286 16256
6912 3 8 120 2585
6914 5 64 127 449 13504 16256
6916 4 4096 4339 4424 15876
6918 6 16 127 1760 2201 8214 16256
6920 4 4096 5970 6372 12801
6922 6 32 127 2658 4641 12349 16256
6924 5 128 6288 9152 9293 13106
6926 6 1 77 127 4305 14473 16256
6928 4 4096 4233 5688 14664
6930 6 4 127 3358 4836 10245 16256
6932 4 2 2063 5872 10498
6934 6 127 4096 6401 6784 8584 16256
6936 4 1024 1304 1578 6853
6938 5 8 45 127 1116 16256
6940 5 512 1709 4620 6928 9315
6942 6 8 127 1608 2588 11200 16256
6944 4 8192 10001 11909 14344
6946 5 1 127 585 1219 16256
6948 4 32 2292 4768 9515
6950 5 127 512 581 634 16256
6952 4 2048 2186 2980 7281
6954 6 4 127 6610 8454 9733 16256
6956 5 1524 4096 4242 6757 15624
6958 5 127 4096 4121 4710 16256
6960 4 32 3428 5686 10280
6962 5 8 127 1289 8219 16256
6964 5 512 1696 2957 8828 15107
6966 6 8 127 541 1292 8479 16256
6968 4 3278 8192 12848 14338
6970 6 32 127 370 3343 8368 16256
6972 5 1024 2651 5193 9760 10660
6974 6 64 127 3302 8520 11345 16256
6976 3 256 329 12582
6978 5 41 127 2048 2096 16256
6980 5 2048 3411 7309 10308 10809
6982 5 127 4096 4143 4304 16256
6984 4 4096 6408 6723 15412
6986 5 64 127 5968 8388 16256
6988 4 4096 5913 6180 13522
6990 6 1 127 5390 6785 10243 16256
6992 4 8192 9443 11652 13320
6994 5 127 4096 4142 13316 16256
6996 5 32 3364 4883 8292 8666
6998 6 64 127 1345 4301 10736 16256
7000 4 256 494 3840 8627
7002 5 127 128 232 1683 16256
7004 4 2048 2593 6600 9622
7006 6 8 127 1304 2586 2756 16256
7008 4 64 712 4785 6472
7010 5 127 128 673 5516 16256
7012 4 256 3379 4972 8592
7014 5 127 256 2496 14082 16256
7016 4 2 4370 7841 11334
7018 5 127 256 2448 13152 16256
7020 5 16 147 1453 3666 15640
7022 6 72 127 128 134 10096 16256
7024 4 1 5419 9555 10753
7026 5 64 127 5317 8769 16256
7028 5 32 293 988 3475 13600
7030 6 127 128 1218 4305 14928 16256
7032 4 4 101 2956 14482
7034 5 1 121 127 4641 16256
7036 5 8 2136 5389 8739 9123
7038 6 127 256 274 704 8228 16256
7040 3 32 116 3748
7042 5 16 127 6164 12408 16256
7044 4 32 3235 4448 8796
7046 5 8 127 5130 11146 16256
7048 4 64 2632 6609 11350
7050 6 4 53 127 348 1843 16256
7052 4 16 1808 6218 8373
7054 6 4 127 7438 8325 8580 16256
7056 4 16 2459 3600 14641
7058 5 127 1024 1728 5457 16256
7060 4 64 4292 5736 11027
7062 5 127 256 7072 9984 16256
7064 4 128 4568 6755 9360
7066 6 127 4096 5129 6490 14000 16256
7068 5 2048 2055 4064 8907 14548
7070 5 4 23 127 5228 16256
7072 3 8 2344 4699
7074 5 32 127 297 12346 16256
7076 4 1024 3603 6572 11328
7078 5 8 127 312 463 16256
7080 4 4 652 3409 13062
7082 5 127 2048 3078 14393 16256
7084 5 16 5458 8214 8952 11399
7086 5 1 127 3781 12545 16256
7088 4 2048 3354 7680 9340
7090 5 16 127 1777 2328 16256
7092 5 2 2322 2771 13574 14696
7094 6 127 256 6476 6812 8513 16256
7096 4 512 897 1524 6691
7098 5 16 127 1680 8307 16256
7100 4 2 4275 6210 11852
7102 6 4 127 2118 9592 12485 16256
7104 3 1024 5132 9337
7106 5 1 127 4569 4611 16256
7108 4 128 4227 10009 10484
7110 5 4 127 204 10295 16256
7112 4 2048 2224 6981 12746
7114 5 16 127 4146 11353 16256
7116 4 512 1370 4740 11825
7118 6 68 127 1024 8421 9472 16256
7120 4 2168 8192 8451 8845
7122 5 16 127 4148 9114 16256
7124 4 512 2704 5199 9018
7126 6 127 256 802 13185 13447 16256
7128 4 2490 8192 8261 11984
7130 5 127 4096 12322 15172 16256
7132 5 2 4850 6150 10767 11688
7134 6 8 127 648 2050 9337 16256
7136 4 2048 3025 6657 7365
7138 5 127 8192 9288 9530 16256
7140 4 5060 8192 8203 11384
7142 5 127 128 1161 1654 16256
7144 4 343 1024 3616 13972
7146 5 127 2048 2059 12068 16256
7148 4 16 2102 4891 9424
7150 5 32 127 5664 10640 16256
7152 4 256 2820 8762 9625
7154 5 4 127 4918 8484 16256
7156 5 64 2117 3478 7536 12901
7158 5 127 512 1546 8565 16256
7160 4 4096 4617 6993 12970
7162 5 127 2048 2608 15896 16256
7164 4 2048 2291 14216 14338
7166 4 4 127 389 16256
7168 2 2 8274
7170 5 127 4096 4672 8224 16256
7172 4 1024 3648 7317 10538
7174 5 64 127 4928 11940 16256
7176 4 1024 1616 3719 12704
7178 5 32 127 3851 4264 16256
7180 5 1 487 3720 9818 12305
7182 5 127 3123 8192 8268 16256
7184 3 4096 6304 8798
7186 5 8 127 297 6377 16256
7188 5 2 2698 2972 3331 12390
7190 5 127 2048 3456 15912 16256
7192 4 4 2372 4339 10525
7194 5 127 128 4244 11557 16256
7196 4 512 778 4002 4317
7198 4 1 127 10497 16256
7200 3 2 326 15464
7202 5 16 127 9700 10320 16256
7204 4 64 2773 5216 8490
7206 6 127 512 4620 11291 11587 16256
7208 4 3098 8192 8290 15109
7210 5 127 2048 2061 12518 16256
7212 4 16 1073 6600 9102
7214 5 127 2048 2241 14120 16256
7216 4 256 6434 8594 10084
7218 5 8 127 6325 12297 16256
7220 5 1882 4096 4208 6822 8677
7222 6 64 127 1108 10571 11393 16256
7224 4 5577 8192 8481 8998
7226 5 127 512 673 8367 16256
7228 4 1 2055 10728 13850
7230 5 32 127 562 1229 16256
7232 3 4 9236 11593
7234 5 16 127 1108 1994 16256
7236 5 16 3118 4244 10612 14017
7238 6 8 127 1475 2124 9836 16256
7240 4 64 114 7820 12303
7242 6 1 127 4133 8428 14419 16256
7244 4 695 1024 2892 13320
7246 6 127 256 6741 8496 12371 16256
7248 4 128 1172 6315 12808
7250 5 127 4096 7173 12840 16256
7252 5 16 27 1462 14598 14859
7254 6 2 127 338 950 6490 16256
7256 4 8 5192 6295 9842
7258 5 32 127 9504 14146 16256
7260 4 4 396 7363 8944
7262 5 8 127 4142 8281 16256
7264 4 2 4355 11073 11216
7266 5 127 512 676 3085 16256
7268 4 861 8192 9378 14593
7270 6 32 127 399 2097 3482 16256
7272 4 1024 1816 6834 13377
7274 5 127 8192 8284 11298 16256
7276 4 4096 4198 6673 9612
7278 6 8 127 1832 2456 10526 16256
7280 4 64 864 7330 9238
7282 5 16 54 127 5462 16256
7284 5 4 2324 8004 9017 14786
7286 6 8 127 1352 3011 9543 16256
7288 4 199 512 4632 7460
7290 5 127 2048 2608 9616 16256
7292 4 16 463 1300 15140
7294 5 127 1024 1050 15240 16256
7296 3 512 2824 11176
7298 5 127 2048 2130 5446 16256
7300 5 64 283 360 4582 16064
7302 6 127 256 2850 8529 15433 16256
7304 4 2968 4096 6690 13317
7306 6 2 51 127 2268 5331 16256
7308 4 5802 8192 10245 10327
7310 4 127 8192 13056 16256
7312 4 4 1542 9875 14945
7314 5 16 127 1542 6416 16256
7316 4 4 405 7300 9066
7318 5 127 2048 7688 11136 16256
7320 4 1 166 3676 12353
7322 5 127 877 2048 10880 16256
7324 4 1024 1292 4231 11120
7326 5 1 124 127 163 16256
7328 4 2048 6224 12914 13084
7330 5 64 127 2496 2581 16256
7332 5 1624 3207 8192 12305 12645
7334 5 127 128 3968 12421 16256
7336 4 4 614 3865 5764
7338 5 127 2048 4630 10624 16256
7340 5 1024 3424 5505 8862 12532
7342 6 64 127 2136 3041 3217 16256
7344 4 8192 12112 12449 13360
7346 5 64 127 632 12512 16256
7348 5 99 2048 9066 11268 13465
7350 6 16 127 6183 8211 9101 16256
7352 4 256 1410 6306 9549
7354 6 127 512 6860 7680 15682 16256
7356 5 1 57 3532 5688 9607
7358 6 127 256 5888 6233 8378 16256
7360 4 8 2242 11302 12328
7362 5 127 128 1169 1605 16256
7364 5 256 330 2187 5429 13026
7366 6 127 8192 8718 10112 11489 16256
7368 5 128 234 956 7872 12722
7370 5 64 102 127 8333 16256
7372 4 64 4421 6770 9432
7374 6 127 256 2328 6321 8800 16256
7376 4 1024 2561 6028 9264
7378 5 16 127 6176 8976 16256
7380 5 8192 8245 10690 11349 14890
7382 6 8 29 127 11473 14640 16256
7384 4 16 1268 6163 11804
7386 6 127 2048 3472 14720 14867 16256
7388 4 1024 1253 3114 14224
7390 6 1 127 3228 4613 6674 16256
7392 4 2 601 2720 4166
7394 5 127 1553 4096 4244 16256
7396 4 1 2575 4801 13617
7398 6 127 2048 5778 6912 10012 16256
7400 4 8192 9834 10576 14467
7402 6 127 256 4486 8503 9064 16256
7404 4 64 1225 3682 13652
7406 5 127 2048 2354 2381 16256
7408 4 1024 1306 5671 13920
7410 5 127 5890 8192 12291 16256
7412 5 64 1346 5810 8411 10500
7414 6 32 127 281 1076 2475 16256
7416 4 2 8306 11014 12939
7418 5 127 5760 8192 8472 16256
7420 5 8 6344 6851 8628 9258
7422 5 127 1024 1106 15232 16256
7424 3 340 1024 1217
7426 5 127 256 592 3336 16256
7428 5 128 467 1641 4513 10390
7430 6 16 127 1557 2530 5393 16256
7432 4 256 1772 8451 12369
7434 5 8 29 127 1136 16256
7436 4 368 7814 8192 8457
7438 5 1 127 7441 8841 16256
7440 4 256 921 2548 12624
7442 5 127 256 299 8969 16256
7444 4 512 2616 2635 14212
7446 5 127 128 7809 9089 16256
7448 4 32 2217 9259 12916
7450 5 16 106 127 2073 16256
7452 5 8192 8437 9642 13098 15616
7454 5 127 256 355 8508 16256
7456 3 64 4449 8906
7458 5 64 127 1606 10608 16256
7460 5 4096 4149 6021 14426 15398
7462 5 32 127 5410 11936 16256
7464 4 128 220 4008 4251
7466 5 4 127 6596 8756 16256
7468 5 1024 3498 5708 8851 11300
7470 5 2 127 4994 11278 16256
7472 4 512 1608 2241 12334
7474 5 127 2048 2211 3860 16256
7476 5 16 121 2238 6022 10548
7478 6 8 127 2444 3181 8908 16256
7480 4 4 583 3614 12613
7482 6 64 127 5858 6344 10072 16256
7484 4 2048 2419 6788 11339
7486 5 16 127 6197 8282 16256
7488 3 64 3424 4716
7490 5 2 46 127 1172 16256
7492 4 2 2454 5187 9773
7494 5 127 8192 9733 14752 16256
7496 4 8 888 7180 12742
7498 5 4 127 173 5332 16256
7500 4 256 1859 7472 8604
7502 6 127 256 2881 4377 5133 16256
7504 4 32 3696 9881 12704
7506 5 32 105 127 2433 16256
7508 4 128 1689 2211 14668
7510 5 2 127 570 8271 16256
7512 4 8192 9116 9314 14390
7514 5 2 127 858 4111 16256
7516 4 16 158 377 15936
7518 6 2 127 6218 8591 11310 16256
7520 4 64 4178 7320 8197
7522 5 64 127 205 9802 16256
7524 4 32 364 4913 11402
7526 5 127 4096 4300 4339 16256
7528 4 2 2407 5434 9026
7530 6 127 8192 12042 13012 14360 16256
7532 4 256 2968 5195 8492
7534 5 8 127 6409 9867 16256
7536 4 64 1353 9186 14659
7538 5 8 127 857 9864 16256
7540 5 1024 2741 3175 10082 13321
7542 6 127 1024 5920 8666 9747 16256
7544 4 4 6725 9860 11442
7546 5 127 2048 10277 14736 16256
7548 4 1024 1564 6860 9491
7550 5 32 127 4769 11564 16256
7552 3 32 932 4771
7554 5 4 127 4736 12356 16256
7556 5 32 1258 1623 4141 11140
7558 5 32 127 481 2366 16256
7560 4 256 316 1481 14860
7562 5 16 127 4884 10645 16256
7564 4 4331 8192 9012 11524
7566 5 16 59 127 4190 16256
7568 3 16 2672 12700
7570 5 4 127 1222 13861 16256
7572 4 128 5238 7041 12936
7574 5 127 1024 3210 14113 16256
7576 4 8192 9152 12164 12391
7578 5 127 4096 7204 7809 16256
7580 4 1024 7721 9430 9860
7582 5 8 127 8281 14382 16256
7584 3 8192 9616 13004
7586 5 1 127 2833 6247 16256
7588 5 1 988 8467 12741 13411
7590 5 121 127 8192 10310 16256
7592 4 1 9237 10577 12984
7594 5 4 127 2398 12428 16256
7596 4 5011 8192 9132 11344
7598 5 32 127 2538 4149 16256
7600 4 8 4802 11273 13592
7602 6 64 127 4040 8642 14477 16256
7604 4 2048 2634 12829 15776
7606 5 127 2048 6848 11665 16256
7608 4 256 1898 9000 14768
7610 5 4 127 206 13492 16256
7612 4 1 1491 6817 11277
7614 6 127 1024 1354 1595 10962 16256
7616 3 8 12361 14986
7618 5 1 127 4237 5901 16256
7620 4 128 1674 2936 12949
7622 5 127 256 472 743 16256
7624 4 4096 4890 5573 7280
7626 6 127 333 8192 10562 14048 16256
7628 4 256 2356 10184 12299
7630 5 127 256 790 4201 16256
7632 4 2048 2171 6532 9669
7634 5 127 256 6976 9035 16256
7636 4 3668 4096 5034 12299
7638 5 4 127 5412 11146 16256
7640 4 2 5036 8963 10271
7642 5 4 127 4149 15494 16256
7644 4 2048 4064 6529 12823
7646 4 4 127 3348 16256
7648 4 128 6242 9874 11424
7650 5 127 2048 6155 8375 16256
7652 4 128 1921 6484 9642
7654 5 8 127 6547 9768 16256
7656 4 4 846 2439 15636
7658 5 16 127 1392 10949 16256
7660 4 64 1129 2434 13908
7662 5 127 512 4748 11542 16256
7664 4 1 619 2215 10609
7666 5 16 127 1240 3845 16256
7668 5 16 3277 4274 6742 8971
7670 5 127 4096 6436 9944 16256
7672 4 256 1287 5235 12686
7674 5 8 127 2825 5319 16256
7676 4 16 9268 9561 15012
7678 5 64 127 11530 12992 16256
7680 2 512 1555
7682 5 16 127 288 2584 16256
7684 5 128 9310 11624 12969 15488
7686 6 8 127 4510 10024 15112 16256
7688 3 1024 4711 11536
7690 5 1 127 783 5473 16256
7692 4 1 2958 4305 5235
7694 4 16 127 9104 16256
7696 3 1024 7186 9130
7698 5 127 391 2048 10268 16256
7700 4 1 2518 3928 12329
7702 5 127 512 4585 11792 16256
7704 4 32 5938 12392 15433
7706 5 127 1167 2048 14856 16256
7708 4 256 2681 7718 8644
7710 5 4 127 2133 9066 16256
7712 3 8 1163 6256
7714 5 127 1024 1124 4612 16256
7716 4 1024 1558 10945 12649
7718 5 8 127 7222 9096 16256
7720 4 512 5704 7446 9621
7722 5 127 2048 3464 4630 16256
7724 4 885 2048 2574 13538
7726 5 127 1024 11176 13828 16256
7728 4 8 1163 2255 5955
7730 5 127 2766 8192 8300 16256
7732 4 16 1691 4596 14868
7734 5 2 127 335 1203 16256
7736 4 8 3281 6678 12616
7738 6 64 127 342 2845 13357 16256
7740 4 256 1324 7701 8414
7742 5 64 127 872 4151 16256
7744 3 2 6440 8742
7746 5 32 127 4576 4753 16256
7748 4 1 791 4313 11828
7750 5 127 8192 8223 11872 16256
7752 4 512 881 6474 10916
7754 5 127 1024 6736 13584 16256
7756 4 16 339 7468 9095
7758 5 127 512 10888 15745 16256
7760 4 1024 3173 9628 11576
7762 5 8 127 2236 6202 16256
7764 4 256 4391 6929 9418
7766 5 1 127 1937 15889 16256
7768 4 16 1055 5433 14545
7770 5 127 4096 7173 9616 16256
7772 4 512 7940 8411 14913
7774 5 16 127 7444 9109 16256
7776 4 4096 5361 6342 7508
7778 5 127 1024 9475 10252 16256
7780 5 4 1877 8327 8778 12459
7782 5 127 8192 8821 12826 16256
7784 4 1024 1829 3726 14100
7786 5 16 127 10450 14393 16256
7788 4 8 1197 4442 14848
7790 5 127 512 3025 13848 16256
7792 4 8 1994 3181 3852
7794 5 16 127 1811 4537 16256
7796 5 1024 1355 10864 13764 14113
7798 5 32 127 6245 12347 16256
7800 4 2048 2127 2949 13220
7802 5 2 127 4654 9371 16256
7804 5 1 2360 6017 6227 13100
7806 5 127 128 3304 13190 16256
7808 3 4 661 2203
7810 5 127 256 9584 15172 16256
7812 4 50 64 6848 9487
7814 4 2 110 127 16256
7816 3 32 634 15397
7818 5 64 118 127 12037 16256
7820 4 512 599 7072 7592
7822 5 127 512 1623 11048 16256
7824 3 256 5548 15106
7826 5 127 128 8408 14912 16256
7828 5 4 1645 10535 12946 14884
7830 5 127 1024 11531 13953 16256
7832 4 128 1213 3524 8128
7834 5 127 2048 2851 7045 16256
7836 5 128 697 5073 10812 13986
7838 5 16 43 127 724 16256
7840 3 8192 9795 12649
7842 5 127 512 4122 12866 16256
7844 4 512 3028 5795 12042
7846 5 8 127 6020 10396 16256
7848 4 1 811 6609 10446
7850 5 64 127 2420 8438 16256
7852 4 1024 3973 5174 10830
7854 5 64 127 246 9325 16256
7856 4 512 3610 5337 15264
7858 5 127 1024 9261 11317 16256
7860 4 1197 2048 11592 14898
7862 5 127 128 365 4786 16256
7864 4 64 10178 12908 14576
7866 5 127 8192 12405 12852 16256
7868 4 1024 3536 5655 8492
7870 4 64 127 9428 16256
7872 3 16 287 950
7874 5 127 799 2048 10537 16256
7876 4 2048 2981 3129 13378
7878 5 127 1024 1366 8763 16256
7880 4 32 940 6315 12377
7882 5 127 3704 4096 6411 16256
7884 4 128 3970 8909 11570
7886 4 32 127 9324 16256
7888 4 4096 7569 9050 13062
7890 5 127 512 1274 2652 16256
7892 4 2048 2761 3481 12335
7894 5 32 127 3782 4281 16256
7896 4 1 4375 10541 14098
7898 5 127 128 6860 11433 16256
7900 4 4 3306 8812 13069
7902 5 2 127 730 9005 16256
7904 4 128 1000 1310 9172
7906 5 64 127 4826 14419 16256
7908 4 32 938 1360 15397
7910 5 127 512 1970 15184 16256
7912 4 512 1354 6819 8998
7914 5 127 3740 4096 6960 16256
7916 4 2 1195 3922 13316
7918 5 16 127 1276 1651 16256
7920 4 32 2796 5804 13986
7922 5 127 512 5661 13217 16256
7924 5 206 512 1826 2086 14613
7926 5 127 4096 5297 12104 16256
7928 4 2 21 1330 12877
7930 5 127 128 2517 3992 16256
7932 5 8 543 1488 3020 12391
7934 5 127 512 4034 15920 16256
7936 2 8 1613
7938 5 127 256 4682 7464 16256
7940 3 8 2167 6024
7942 4 16 127 15632 16256
7944 3 1 3441 12877
7946 5 127 2048 2417 13218 16256
7948 4 64 4203 10118 16016
7950 5 127 4096 10428 14082 16256
7952 3 8 847 6206
7954 5 4 127 7712 12036 16256
7956 4 719 4096 5524 10798
7958 5 127 512 5182 5721 16256
7960 4 16 3907 4316 8064
7962 5 64 127 250 11818 16256
7964 4 64 4722 6295 11405
7966 5 127 512 8245 10830 16256
7968 3 4 4342 5415
7970 5 127 337 4096 4205 16256
7972 4 8 3494 6729 13968
7974 5 127 128 8555 8855 16256
7976 4 256 5227 7072 15366
7978 5 2 127 8223 14468 16256
7980 4 8 6506 9116 9669
7982 4 16 127 956 16256
7984 4 4 2397 5930 11279
7986 5 64 127 7408 13706 16256
7988 4 512 1325 4850 10865
7990 5 127 1024 5349 8762 16256
7992 4 5936 8192 10838 11420
7994 5 127 256 5717 7010 16256
7996 4 811 2048 7058 12100
7998 5 64 127 3618 12776 16256
8000 3 4096 4330 8340
8002 5 1 127 2312 13585 16256
8004 4 32 378 3334 14979
8006 4 127 4096 15626 16256
8008 4 4525 8192 10358 12649
8010 5 64 127 2024 6416 16256
8012 4 256 2979 3916 5212
8014 5 8 127 8381 15427 16256
8016 4 16 4670 9045 10084
8018 5 127 4096 7281 11817 16256
8020 4 256 7461 8690 8840
8022 5 2 127 2489 3159 16256
8024 4 302 8192 10901 12412
8026 5 127 512 1382 7984 16256
8028 4 4 7214 9109 10529
8030 5 4 127 761 5774 16256
8032 4 306 8192 11596 13342
8034 5 127 1799 2048 7074 16256
8036 4 32 2475 4672 15412
8038 5 127 4096 7817 11532 16256
8040 4 32 150 10082 12347
8042 5 127 256 1229 7564 16256
8044 5 1 956 985 10891 13928
8046 6 2 127 2283 12601 15360 16256
8048 4 8 191 5167 8517
8050 5 127 2048 3719 4656 16256
8052 5 2 2455 3716 5179 12656
8054 5 127 3462 8192 13264 16256
8056 4 512 1232 3896 13001
8058 5 4 127 855 8578 16256
8060 4 16 356 2363 13012
8062 5 16 127 4327 13208 16256
8064 2 32 6371
8066 3 127 128 16256
8068 3 256 4766 14689
8070 4 4 127 11914 16256
8072 3 256 995 15371
8074 5 127 543 1024 4285 16256
8076 4 1024 2531 5214 8945
8078 4 127 2899 8192 16256
8080 3 1 3371 9334
8082 5 16 127 3018 13217 16256
8084 4 3972 6826 8192 14673
8086 5 4 127 6026 10946 16256
8088 4 4 7281 10646 14387
8090 5 127 128 8791 12628 16256
8092 4 1596 7043 8192 10319
8094 4 127 2048 12746 16256
8096 3 4 6667 14900
8098 5 12 127 512 1876 16256
8100 4 64 2458 9778 12885
8102 5 127 2048 9295 9906 16256
8104 4 256 875 5858 14361
8106 5 8 127 5793 8960 16256
8108 4 16 1890 6266 8357
8110 5 127 128 3428 5403 16256
8112 4 8 6257 6832 7452
8114 5 127 1024 3299 6788 16256
8116 5 1024 1438 2787 4416 12650
8118 6 127 1927 2048 5340 8460 16256
8120 4 128 287 3673 6535
8122 5 127 1024 8272 12128 16256
8124 4 411 3441 4096 4751
8126 4 64 127 4371 16256
8128 3 64 2308 5592
8130 5 2 127 429 669 16256
8132 4 2 4953 8430 11464
8134 5 64 127 4224 12034 16256
8136 4 2 2414 6052 8272
8138 5 8 127 3781 8466 16256
8140 5 128 5178 8513 11156 14390
8142 6 127 256 3812 8209 8905 16256
8144 4 2048 5060 7372 13329
8146 5 32 127 2195 4953 16256
8148 5 512 2048 4678 7449 10722
8150 6 16 127 2069 8196 14986 16256
8152 5 128 316 1280 6547 11474
8154 5 82 127 4096 4439 16256
8156 5 256 544 5801 7057 10054
8158 6 72 127 256 13476 15640 16256
8160 4 1160 7336 8192 10148
8162 5 127 1569 4096 11842 16256
8164 5 2 204 1848 7321 9414
8166 6 64 127 8192 10896 13063 16256
8168 5 32 576 6683 10361 13714
8170 6 8 127 8192 12998 15616 16256
8172 5 1 32 1739 6485 15522
8174 6 64 127 528 1694 12331 16256
8176 4 32 1595 2056 11154
8178 5 64 127 4146 12946 16256
8180 5 64 768 2794 7446 8819
8182 6 127 128 5167 8193 11970 16256
8184 4 65 1427 2048 2668
8186 5 127 1024 2056 7811 16256
8188 4 1 5042 8194 11369
8190 4 2 127 193 16256
8192 1 2048
8194 5 0 2 127 193 16256
8196 5 0 1 5042 8194 11369
8198 6 0 127 1024 2056 7811 16256
8200 5 0 65 1427 2048 2668
8202 7 0 127 128 5167 8193 11970 16256
8204 6 0 64 768 2794 7446 8819
8206 6 0 64 127 4146 12946 16256
8208 5 0 32 1595 2056 11154
8210 7 0 64 127 528 1694 12331 16256
8212 6 0 1 32 1739 6485 15522
8214 7 0 8 127 8192 12998 15616 16256
8216 6 0 32 576 6683 10361 13714
8218 7 0 64 127 8192 10896 13063 16256
8220 6 0 2 204 1848 7321 9414
8222 6 0 127 1569 4096 11842 16256
8224 5 0 1160 7336 8192 10148
8226 7 0 72 127 256 13476 15640 16256
8228 6 0 256 544 5801 7057 10054
8230 6 0 82 127 4096 4439 16256
8232 6 0 128 316 1280 6547 11474
8234 7 0 16 127 2069 8196 14986 16256
8236 6 0 512 2048 4678 7449 10722
8238 6 0 32 127 2195 4953 16256
8240 5 0 2048 5060 7372 13329
8242 7 0 127 256 3812 8209 8905 16256
8244 6 0 128 5178 8513 11156 14390
8246 6 0 8 127 3781 8466 16256
8248 5 0 2 2414 6052 8272
8250 6 0 64 127 4224 12034 16256
8252 5 0 2 4953 8430 11464
8254 6 0 2 127 429 669 16256
8256 4 0 64 2308 5592
8258 5 0 64 127 4371 16256
8260 5 0 411 3441 4096 4751
8262 6 0 127 1024 8272 12128 16256
8264 5 0 128 287 3673 6535
8266 7 0 127 1927 2048 5340 8460 16256
8268 6 0 1024 1438 2787 4416 12650
8270 6 0 127 1024 3299 6788 16256
8272 5 0 8 6257 6832 7452
8274 6 0 127 128 3428 5403 16256
8276 5 0 16 1890 6266 8357
8278 6 0 8 127 5793 8960 16256
8280 5 0 256 875 5858 14361
8282 6 0 127 2048 9295 9906 16256
8284 5 0 64 2458 9778 12885
8286 6 0 12 127 512 1876 16256
8288 4 0 4 6667 14900
8290 5 0 127 2048 12746 16256
8292 5 0 1596 7043 8192 10319
8294 6 0 127 128 8791 12628 16256
8296 5 0 4 7281 10646 14387
8298 6 0 4 127 6026 10946 16256
8300 5 0 3972 6826 8192 14673
8302 6 0 16 127 3018 13217 16256
8304 4 0 1 3371 9334
8306 5 0 127 2899 8192 16256
8308 5 0 1024 2531 5214 8945
8310 6 0 127 543 1024 4285 16256
8312 4 0 256 995 15371
8314 5 0 4 127 11914 16256
8316 4 0 256 4766 14689
8318 4 0 127 128 16256
8320 3 0 32 6371
8322 6 0 16 127 4327 13208 16256
8324 5 0 16 356 2363 13012
8326 6 0 4 127 855 8578 16256
8328 5 0 512 1232 3896 13001
8330 6 0 127 3462 8192 13264 16256
8332 6 0 2 2455 3716 5179 12656
8334 6 0 127 2048 3719 4656 16256
8336 5 0 8 191 5167 8517
8338 7 0 2 127 2283 12601 15360 16256
8340 6 0 1 956 985 10891 13928
8342 6 0 127 256 1229 7564 16256
8344 5 0 32 150 10082 12347
8346 6 0 127 4096 7817 11532 16256
8348 5 0 32 2475 4672 15412
8350 6 0 127 1799 2048 7074 16256
8352 5 0 306 8192 11596 13342
8354 6 0 4 127 761 5774 16256
8356 5 0 4 7214 9109 10529
8358 6 0 127 512 1382 7984 16256
8360 5 0 302 8192 10901 12412
8362 6 0 2 127 2489 3159 16256
8364 5 0 256 7461 8690 8840
8366 6 0 127 4096 7281 11817 16256
8368 5 0 16 4670 9045 10084
8370 6 0 8 127 8381 15427 16256
8372 5 0 256 2979 3916 5212
8374 6 0 64 127 2024 6416 16256
8376 5 0 4525 8192 10358 12649
8378 5 0 127 4096 15626 16256
8380 5 0 32 378 3334 14979
8382 6 0 1 127 2312 13585 16256
8384 4 0 4096 4330 8340
8386 6 0 64 127 3618 12776 16256
8388 5 0 811 2048 7058 12100
8390 6 0 127 256 5717 7010 16256
8392 5 0 5936 8192 10838 11420
8394 6 0 127 1024 5349 8762 16256
8396 5 0 512 1325 4850 10865
8398 6 0 64 127 7408 13706 16256
8400 5 0 4 2397 5930 11279
8402 5 0 16 127 956 16256
8404 5 0 8 6506 9116 9669
8406 6 0 2 127 8223 14468 16256
8408 5 0 256 5227 7072 15366
8410 6 0 127 128 8555 8855 16256
8412 5 0 8 3494 6729 13968
8414 6 0 127 337 4096 4205 16256
8416 4 0 4 4342 5415
8418 6 0 127 512 8245 10830 16256
8420 5 0 64 4722 6295 11405
8422 6 0 64 127 250 11818 16256
8424 5 0 16 3907 4316 8064
8426 6 0 127 512 5182 5721 16256
8428 5 0 719 4096 5524 10798
8430 6 0 4 127 7712 12036 16256
8432 4 0 8 847 6206
8434 6 0 127 4096 10428 14082 16256
8436 5 0 64 4203 10118 16016
8438 6 0 127 2048 2417 13218 16256
8440 4 0 1 3441 12877
8442 5 0 16 127 15632 16256
8444 4 0 8 2167 6024
8446 6 0 127 256 4682 7464 16256
8448 3 0 8 1613
8450 6 0 127 512 4034 15920 16256
8452 6 0 8 543 1488 3020 12391
8454 6 0 127 128 2517 3992 16256
8456 5 0 2 21 1330 12877
8458 6 0 127 4096 5297 12104 16256
8460 6 0 206 512 1826 2086 14613
8462 6 0 127 512 5661 13217 16256
8464 5 0 32 2796 5804 13986
8466 6 0 16 127 1276 1651 16256
8468 5 0 2 1195 3922 13316
8470 6 0 127 3740 4096 6960 16256
8472 5 0 512 1354 6819 8998
8474 6 0 127 512 1970 15184 16256
8476 5 0 32 938 1360 15397
8478 6 0 64 127 4826 14419 16256
8480 5 0 128 1000 1310 9172
8482 6 0 2 127 730 9005 16256
8484 5 0 4 3306 8812 13069
8486 6 0 127 128 6860 11433 16256
8488 5 0 1 4375 10541 14098
8490 6 0 32 127 3782 4281 16256
8492 5 0 2048 2761 3481 12335
8494 6 0 127 512 1274 2652 16256
8496 5 0 4096 7569 9050 13062
8498 5 0 32 127 9324 16256
8500 5 0 128 3970 8909 11570
8502 6 0 127 3704 4096 6411 16256
8504 5 0 32 940 6315 12377
8506 6 0 127 1024 1366 8763 16256
8508 5 0 2048 2981 3129 13378
8510 6 0 127 799 2048 10537 16256
8512 4 0 16 287 950
8514 5 0 64 127 9428 16256
8516 5 0 1024 3536 5655 8492
8518 6 0 127 8192 12405 12852 16256
8520 5 0 64 10178 12908 14576
8522 6 0 127 128 365 4786 16256
8524 5 0 1197 2048 11592 14898
8526 6 0 127 1024 9261 11317 16256
8528 5 0 512 3610 5337 15264
8530 6 0 64 127 246 9325 16256
8532 5 0 1024 3973 5174 10830
8534 6 0 64 127 2420 8438 16256
8536 5 0 1 811 6609 10446
8538 6 0 8 127 6020 10396 16256
8540 5 0 512 3028 5795 12042
8542 6 0 127 512 4122 12866 16256
8544 4 0 8192 9795 12649
8546 6 0 16 43 127 724 16256
8548 6 0 128 697 5073 10812 13986
8550 6 0 127 2048 2851 7045 16256
8552 5 0 128 1213 3524 8128
8554 6 0 127 1024 11531 13953 16256
8556 6 0 4 1645 10535 12946 14884
8558 6 0 127 128 8408 14912 16256
8560 4 0 256 5548 15106
8562 6 0 127 512 1623 11048 16256
8564 5 0 512 599 7072 7592
8566 6 0 64 118 127 12037 16256
8568 4 0 32 634 15397
8570 5 0 2 110 127 16256
8572 5 0 50 64 6848 9487
8574 6 0 127 256 9584 15172 16256
8576 4 0 4 661 2203
8578 6 0 127 128 3304 13190 16256
8580 6 0 1 2360 6017 6227 13100
8582 6 0 2 127 4654 9371 16256
8584 5 0 2048 2127 2949 13220
8586 6 0 32 127 6245 12347 16256
8588 6 0 1024 1355 10864 13764 14113
8590 6 0 16 127 1811 4537 16256
8592 5 0 8 1994 3181 3852
8594 6 0 127 512 3025 13848 16256
8596 5 0 8 1197 4442 14848
8598 6 0 16 127 10450 14393 16256
8600 5 0 1024 1829 3726 14100
8602 6 0 127 8192 8821 12826 16256
8604 6 0 4 1877 8327 8778 12459
8606 6 0 127 1024 9475 10252 16256
8608 5 0 4096 5361 6342 7508
8610 6 0 16 127 7444 9109 16256
8612 5 0 512 7940 8411 14913
8614 6 0 127 4096 7173 9616 16256
8616 5 0 16 1055 5433 14545
8618 6 0 1 127 1937 15889 16256
8620 5 0 256 4391 6929 9418
8622 6 0 8 127 2236 6202 16256
8624 5 0 1024 3173 9628 11576
8626 6 0 127 512 10888 15745 16256
8628 5 0 16 339 7468 9095
8630 6 0 127 1024 6736 13584 16256
8632 5 0 512 881 6474 10916
8634 6 0 127 8192 8223 11872 16256
8636 5 0 1 791 4313 11828
8638 6 0 32 127 4576 4753 16256
8640 4 0 2 6440 8742
8642 6 0 64 127 872 4151 16256
8644 5 0 256 1324 7701 8414
8646 7 0 64 127 342 2845 13357 16256
8648 5 0 8 3281 6678 12616
8650 6 0 2 127 335 1203 16256
8652 5 0 16 1691 4596 14868
8654 6 0 127 2766 8192 8300 16256
8656 5 0 8 1163 2255 5955
8658 6 0 127 1024 11176 13828 16256
8660 5 0 885 2048 2574 13538
8662 6 0 127 2048 3464 4630 16256
8664 5 0 512 5704 7446 9621
8666 6 0 8 127 7222 9096 16256
8668 5 0 1024 1558 10945 12649
8670 6 0 127 1024 1124 4612 16256
8672 4 0 8 1163 6256
8674 6 0 4 127 2133 9066 16256
8676 5 0 256 2681 7718 8644
8678 6 0 127 1167 2048 14856 16256
8680 5 0 32 5938 12392 15433
8682 6 0 127 512 4585 11792 16256
8684 5 0 1 2518 3928 12329
8686 6 0 127 391 2048 10268 16256
8688 4 0 1024 7186 9130
8690 5 0 16 127 9104 16256
8692 5 0 1 2958 4305 5235
8694 6 0 1 127 783 5473 16256
8696 4 0 1024 4711 11536
8698 7 0 8 127 4510 10024 15112 16256
8700 6 0 128 9310 11624 12969 15488
8702 6 0 16 127 288 2584 16256
8704 3 0 512 1555
8706 6 0 64 127 11530 12992 16256
8708 5 0 16 9268 9561 15012
8710 6 0 8 127 2825 5319 16256
8712 5 0 256 1287 5235 12686
8714 6 0 127 4096 6436 9944 16256
8716 6 0 16 3277 4274 6742 8971
8718 6 0 16 127 1240 3845 16256
8720 5 0 1 619 2215 10609
8722 6 0 127 512 4748 11542 16256
8724 5 0 64 1129 2434 13908
8726 6 0 16 127 1392 10949 16256
8728 5 0 4 846 2439 15636
8730 6 0 8 127 6547 9768 16256
8732 5 0 128 1921 6484 9642
8734 6 0 127 2048 6155 8375 16256
8736 5 0 128 6242 9874 11424
8738 5 0 4 127 3348 16256
8740 5 0 2048 4064 6529 12823
8742 6 0 4 127 4149 15494 16256
8744 5 0 2 5036 8963 10271
8746 6 0 4 127 5412 11146 16256
8748 5 0 3668 4096 5034 12299
8750 6 0 127 256 6976 9035 16256
8752 5 0 2048 2171 6532 9669
8754 6 0 127 256 790 4201 16256
8756 5 0 256 2356 10184 12299
8758 7 0 127 333 8192 10562 14048 16256
8760 5 0 4096 4890 5573 7280
8762 6 0 127 256 472 743 16256
8764 5 0 128 1674 2936 12949
8766 6 0 1 127 4237 5901 16256
8768 4 0 8 12361 14986
8770 7 0 127 1024 1354 1595 10962 16256
8772 5 0 1 1491 6817 11277
8774 6 0 4 127 206 13492 16256
8776 5 0 256 1898 9000 14768
8778 6 0 127 2048 6848 11665 16256
8780 5 0 2048 2634 12829 15776
8782 7 0 64 127 4040 8642 14477 16256
8784 5 0 8 4802 11273 13592
8786 6 0 32 127 2538 4149 16256
8788 5 0 5011 8192 9132 11344
8790 6 0 4 127 2398 12428 16256
8792 5 0 1 9237 10577 12984
8794 6 0 121 127 8192 10310 16256
8796 6 0 1 988 8467 12741 13411
8798 6 0 1 127 2833 6247 16256
8800 4 0 8192 9616 13004
8802 6 0 8 127 8281 14382 16256
8804 5 0 1024 7721 9430 9860
8806 6 0 127 4096 7204 7809 16256
8808 5 0 8192 9152 12164 12391
8810 6 0 127 1024 3210 14113 16256
8812 5 0 128 5238 7041 12936
8814 6 0 4 127 1222 13861 16256
8816 4 0 16 2672 12700
8818 6 0 16 59 127 4190 16256
8820 5 0 4331 8192 9012 11524
8822 6 0 16 127 4884 10645 16256
8824 5 0 256 316 1481 14860
8826 6 0 32 127 481 2366 16256
8828 6 0 32 1258 1623 4141 11140
8830 6 0 4 127 4736 12356 16256
8832 4 0 32 932 4771
8834 6 0 32 127 4769 11564 16256
8836 5 0 1024 1564 6860 9491
8838 6 0 127 2048 10277 14736 16256
8840 5 0 4 6725 9860 11442
8842 7 0 127 1024 5920 8666 9747 16256
8844 6 0 1024 2741 3175 10082 13321
8846 6 0 8 127 857 9864 16256
8848 5 0 64 1353 9186 14659
8850 6 0 8 127 6409 9867 16256
8852 5 0 256 2968 5195 8492
8854 7 0 127 8192 12042 13012 14360 16256
8856 5 0 2 2407 5434 9026
8858 6 0 127 4096 4300 4339 16256
8860 5 0 32 364 4913 11402
8862 6 0 64 127 205 9802 16256
8864 5 0 64 4178 7320 8197
8866 7 0 2 127 6218 8591 11310 16256
8868 5 0 16 158 377 15936
8870 6 0 2 127 858 4111 16256
8872 5 0 8192 9116 9314 14390
8874 6 0 2 127 570 8271 16256
8876 5 0 128 1689 2211 14668
8878 6 0 32 105 127 2433 16256
8880 5 0 32 3696 9881 12704
8882 7 0 127 256 2881 4377 5133 16256
8884 5 0 256 1859 7472 8604
8886 6 0 4 127 173 5332 16256
8888 5 0 8 888 7180 12742
8890 6 0 127 8192 9733 14752 16256
8892 5 0 2 2454 5187 9773
8894 6 0 2 46 127 1172 16256
8896 4 0 64 3424 4716
8898 6 0 16 127 6197 8282 16256
8900 5 0 2048 2419 6788 11339
8902 7 0 64 127 5858 6344 10072 16256
8904 5 0 4 583 3614 12613
8906 7 0 8 127 2444 3181 8908 16256
8908 6 0 16 121 2238 6022 10548
8910 6 0 127 2048 2211 3860 16256
8912 5 0 512 1608 2241 12334
8914 6 0 2 127 4994 11278 16256
8916 6 0 1024 3498 5708 8851 11300
8918 6 0 4 127 6596 8756 16256
8920 5 0 128 220 4008 4251
8922 6 0 32 127 5410 11936 16256
8924 6 0 4096 4149 6021 14426 15398
8926 6 0 64 127 1606 10608 16256
8928 4 0 64 4449 8906
8930 6 0 127 256 355 8508 16256
8932 6 0 8192 8437 9642 13098 15616
8934 6 0 16 106 127 2073 16256
8936 5 0 32 2217 9259 12916
8938 6 0 127 128 7809 9089 16256
8940 5 0 512 2616 2635 14212
8942 6 0 127 256 299 8969 16256
8944 5 0 256 921 2548 12624
8946 6 0 1 127 7441 8841 16256
8948 5 0 368 7814 8192 8457
8950 6 0 8 29 127 1136 16256
8952 5 0 256 1772 8451 12369
8954 7 0 16 127 1557 2530 5393 16256
8956 6 0 128 467 1641 4513 10390
8958 6 0 127 256 592 3336 16256
8960 4 0 340 1024 1217
8962 6 0 127 1024 1106 15232 16256
8964 6 0 8 6344 6851 8628 9258
8966 6 0 127 5760 8192 8472 16256
8968 5 0 2 8306 11014 12939
8970 7 0 32 127 281 1076 2475 16256
8972 6 0 64 1346 5810 8411 10500
8974 6 0 127 5890 8192 12291 16256
8976 5 0 1024 1306 5671 13920
8978 6 0 127 2048 2354 2381 16256
8980 5 0 64 1225 3682 13652
8982 7 0 127 256 4486 8503 9064 16256
8984 5 0 8192 9834 10576 14467
8986 7 0 127 2048 5778 6912 10012 16256
8988 5 0 1 2575 4801 13617
8990 6 0 127 1553 4096 4244 16256
8992 5 0 2 601 2720 4166
8994 7 0 1 127 3228 4613 6674 16256
8996 5 0 1024 1253 3114 14224
8998 7 0 127 2048 3472 14720 14867 16256
9000 5 0 16 1268 6163 11804
9002 7 0 8 29 127 11473 14640 16256
9004 6 0 8192 8245 10690 11349 14890
9006 6 0 16 127 6176 8976 16256
9008 5 0 1024 2561 6028 9264
9010 7 0 127 256 2328 6321 8800 16256
9012 5 0 64 4421 6770 9432
9014 6 0 64 102 127 8333 16256
9016 6 0 128 234 956 7872 12722
9018 7 0 127 8192 8718 10112 11489 16256
9020 6 0 256 330 2187 5429 13026
9022 6 0 127 128 1169 1605 16256
9024 5 0 8 2242 11302 12328
9026 7 0 127 256 5888 6233 8378 16256
9028 6 0 1 57 3532 5688 9607
9030 7 0 127 512 6860 7680 15682 16256
9032 5 0 256 1410 6306 9549
9034 7 0 16 127 6183 8211 9101 16256
9036 6 0 99 2048 9066 11268 13465
9038 6 0 64 127 632 12512 16256
9040 5 0 8192 12112 12449 13360
9042 7 0 64 127 2136 3041 3217 16256
9044 6 0 1024 3424 5505 8862 12532
9046 6 0 127 2048 4630 10624 16256
9048 5 0 4 614 3865 5764
9050 6 0 127 128 3968 12421 16256
9052 6 0 1624 3207 8192 12305 12645
9054 6 0 64 127 2496 2581 16256
9056 5 0 2048 6224 12914 13084
9058 6 0 1 124 127 163 16256
9060 5 0 1024 1292 4231 11120
9062 6 0 127 877 2048 10880 16256
9064 5 0 1 166 3676 12353
9066 6 0 127 2048 7688 11136 16256
9068 5 0 4 405 7300 9066
9070 6 0 16 127 1542 6416 16256
9072 5 0 4 1542 9875 14945
9074 5 0 127 8192 13056 16256
9076 5 0 5802 8192 10245 10327
9078 7 0 2 51 127 2268 5331 16256
9080 5 0 2968 4096 6690 13317
9082 7 0 127 256 2850 8529 15433 16256
9084 6 0 64 283 360 4582 16064
9086 6 0 127 2048 2130 5446 16256
9088 4 0 512 2824 11176
9090 6 0 127 1024 1050 15240 16256
9092 5 0 16 463 1300 15140
9094 6 0 127 2048 2608 9616 16256
9096 5 0 199 512 4632 7460
9098 7 0 8 127 1352 3011 9543 16256
9100 6 0 4 2324 8004 9017 14786
9102 6 0 16 54 127 5462 16256
9104 5 0 64 864 7330 9238
9106 7 0 8 127 1832 2456 10526 16256
9108 5 0 4096 4198 6673 9612
9110 6 0 127 8192 8284 11298 16256
9112 5 0 1024 1816 6834 13377
9114 7 0 32 127 399 2097 3482 16256
9116 5 0 861 8192 9378 14593
9118 6 0 127 512 676 3085 16256
9120 5 0 2 4355 11073 11216
9122 6 0 8 127 4142 8281 16256
9124 5 0 4 396 7363 8944
9126 6 0 32 127 9504 14146 16256
9128 5 0 8 5192 6295 9842
9130 7 0 2 127 338 950 6490 16256
9132 6 0 16 27 1462 14598 14859
9134 6 0 127 4096 7173 12840 16256
9136 5 0 128 1172 6315 12808
9138 7 0 127 256 6741 8496 12371 16256
9140 5 0 695 1024 2892 13320
9142 7 0 1 127 4133 8428 14419 16256
9144 5 0 64 114 7820 12303
9146 7 0 8 127 1475 2124 9836 16256
9148 6 0 16 3118 4244 10612 14017
9150 6 0 16 127 1108 1994 16256
9152 4 0 4 9236 11593
9154 6 0 32 127 562 1229 16256
9156 5 0 1 2055 10728 13850
9158 6 0 127 512 673 8367 16256
9160 5 0 5577 8192 8481 8998
9162 7 0 64 127 1108 10571 11393 16256
9164 6 0 1882 4096 4208 6822 8677
9166 6 0 8 127 6325 12297 16256
9168 5 0 256 6434 8594 10084
9170 6 0 127 2048 2241 14120 16256
9172 5 0 16 1073 6600 9102
9174 6 0 127 2048 2061 12518 16256
9176 5 0 3098 8192 8290 15109
9178 7 0 127 512 4620 11291 11587 16256
9180 5 0 64 2773 5216 8490
9182 6 0 16 127 9700 10320 16256
9184 4 0 2 326 15464
9186 5 0 1 127 10497 16256
9188 5 0 512 778 4002 4317
9190 6 0 127 128 4244 11557 16256
9192 5 0 4 2372 4339 10525
9194 6 0 127 2048 3456 15912 16256
9196 6 0 2 2698 2972 3331 12390
9198 6 0 8 127 297 6377 16256
9200 4 0 4096 6304 8798
9202 6 0 127 3123 8192 8268 16256
9204 6 0 1 487 3720 9818 12305
9206 6 0 32 127 3851 4264 16256
9208 5 0 1024 1616 3719 12704
9210 6 0 64 127 4928 11940 16256
9212 5 0 1024 3648 7317 10538
9214 6 0 127 4096 4672 8224 16256
9216 3 0 2 8274
9218 5 0 4 127 389 16256
9220 5 0 2048 2291 14216 14338
9222 6 0 127 2048 2608 15896 16256
9224 5 0 4096 4617 6993 12970
9226 6 0 127 512 1546 8565 16256
9228 6 0 64 2117 3478 7536 12901
9230 6 0 4 127 4918 8484 16256
9232 5 0 256 2820 8762 9625
9234 6 0 32 127 5664 10640 16256
9236 5 0 16 2102 4891 9424
9238 6 0 127 2048 2059 12068 16256
9240 5 0 343 1024 3616 13972
9242 6 0 127 128 1161 1654 16256
9244 5 0 5060 8192 8203 11384
9246 6 0 127 8192 9288 9530 16256
9248 5 0 2048 3025 6657 7365
9250 7 0 8 127 648 2050 9337 16256
9252 6 0 2 4850 6150 10767 11688
9254 6 0 127 4096 12322 15172 16256
9256 5 0 2490 8192 8261 11984
9258 7 0 127 256 802 13185 13447 16256
9260 5 0 512 2704 5199 9018
9262 6 0 16 127 4148 9114 16256
9264 5 0 2168 8192 8451 8845
9266 7 0 68 127 1024 8421 9472 16256
9268 5 0 512 1370 4740 11825
9270 6 0 16 127 4146 11353 16256
9272 5 0 2048 2224 6981 12746
9274 6 0 4 127 204 10295 16256
9276 5 0 128 4227 10009 10484
9278 6 0 1 127 4569 4611 16256
9280 4 0 1024 5132 9337
9282 7 0 4 127 2118 9592 12485 16256
9284 5 0 2 4275 6210 11852
9286 6 0 16 127 1680 8307 16256
9288 5 0 512 897 1524 6691
9290 7 0 127 256 6476 6812 8513 16256
9292 6 0 2 2322 2771 13574 14696
9294 6 0 16 127 1777 2328 16256
9296 5 0 2048 3354 7680 9340
9298 6 0 1 127 3781 12545 16256
9300 6 0 16 5458 8214 8952 11399
9302 6 0 127 2048 3078 14393 16256
9304 5 0 4 652 3409 13062
9306 6 0 8 127 312 463 16256
9308 5 0 1024 3603 6572 11328
9310 6 0 32 127 297 12346 16256
9312 4 0 8 2344 4699
9314 6 0 4 23 127 5228 16256
9316 6 0 2048 2055 4064 8907 14548
9318 7 0 127 4096 5129 6490 14000 16256
9320 5 0 128 4568 6755 9360
9322 6 0 127 256 7072 9984 16256
9324 5 0 64 4292 5736 11027
9326 6 0 127 1024 1728 5457 16256
9328 5 0 16 2459 3600 14641
9330 7 0 4 127 7438 8325 8580 16256
9332 5 0 16 1808 6218 8373
9334 7 0 4 53 127 348 1843 16256
9336 5 0 64 2632 6609 11350
9338 6 0 8 127 5130 11146 16256
9340 5 0 32 3235 4448 8796
9342 6 0 16 127 6164 12408 16256
9344 4 0 32 116 3748
9346 7 0 127 256 274 704 8228 16256
9348 6 0 8 2136 5389 8739 9123
9350 6 0 1 121 127 4641 16256
9352 5 0 4 101 2956 14482
9354 7 0 127 128 1218 4305 14928 16256
9356 6 0 32 293 988 3475 13600
9358 6 0 64 127 5317 8769 16256
9360 5 0 1 5419 9555 10753
9362 7 0 72 127 128 134 10096 16256
9364 6 0 16 147 1453 3666 15640
9366 6 0 127 256 2448 13152 16256
9368 5 0 2 4370 7841 11334
9370 6 0 127 256 2496 14082 16256
9372 5 0 256 3379 4972 8592
9374 6 0 127 128 673 5516 16256
9376 5 0 64 712 4785 6472
9378 7 0 8 127 1304 2586 2756 16256
9380 5 0 2048 2593 6600 9622
9382 6 0 127 128 232 1683 16256
9384 5 0 256 494 3840 8627
9386 7 0 64 127 1345 4301 10736 16256
9388 6 0 32 3364 4883 8292 8666
9390 6 0 127 4096 4142 13316 16256
9392 5 0 8192 9443 11652 13320
9394 7 0 1 127 5390 6785 10243 16256
9396 5 0 4096 5913 6180 13522
9398 6 0 64 127 5968 8388 16256
9400 5 0 4096 6408 6723 15412
9402 6 0 127 4096 4143 4304 16256
9404 6 0 2048 3411 7309 10308 10809
9406 6 0 41 127 2048 2096 16256
9408 4 0 256 329 12582
9410 7 0 64 127 3302 8520 11345 16256
9412 6 0 1024 2651 5193 9760 10660
9414 7 0 32 127 370 3343 8368 16256
9416 5 0 3278 8192 12848 14338
9418 7 0 8 127 541 1292 8479 16256
9420 6 0 512 1696 2957 8828 15107
9422 6 0 8 127 1289 8219 16256
9424 5 0 32 3428 5686 10280
9426 6 0 127 4096 4121 4710 16256
9428 6 0 1524 4096 4242 6757 15624
9430 7 0 4 127 6610 8454 9733 16256
9432 5 0 2048 2186 2980 7281
9434 6 0 127 512 581 634 16256
9436 5 0 32 2292 4768 9515
9438 6 0 1 127 585 1219 16256
9440 5 0 8192 10001 11909 14344
9442 7 0 8 127 1608 2588 11200 16256
9444 6 0 512 1709 4620 6928 9315
9446 6 0 8 45 127 1116 16256
9448 5 0 1024 1304 1578 6853
9450 7 0 127 4096 6401 6784 8584 16256
9452 5 0 2 2063 5872 10498
9454 7 0 4 127 3358 4836 10245 16256
9456 5 0 4096 4233 5688 14664
9458 7 0 1 77 127 4305 14473 16256
9460 6 0 128 6288 9152 9293 13106
9462 7 0 32 127 2658 4641 12349 16256
9464 5 0 4096 5970 6372 12801
9466 7 0 16 127 1760 2201 8214 16256
9468 5 0 4096 4339 4424 15876
9470 6 0 64 127 449 13504 16256
9472 4 0 8 120 2585
9474 7 0 127 1024 1067 1119 1286 16256
9476 6 0 1 293 7762 12865 13484
9478 7 0 16 127 8247 8284 12305 16256
9480 5 0 1024 1996 3106 10001
9482 7 0 32 127 1569 4267 10348 16256
9484 6 0 128 1440 4817 5065 14486
9486 6 0 64 127 228 4312 16256
9488 5 0 2 714 2090 14642
9490 7 0 57 127 256 2184 4368 16256
9492 5 0 1024 1309 7296 9842
9494 6 0 2 75 127 2354 16256
9496 6 0 64 1473 7729 8274 8989
9498 7 0 64 127 2122 2641 5717 16256
9500 6 0 2 519 6748 8298 13744
9502 6 0 127 4096 4204 5392 16256
9504 5 0 4 61 1300 3909
9506 7 0 127 571 8192 9888 12308 16256
9508 6 0 64 363 1274 7105 8772
9510 7 0 64 127 579 9424 15114 16256
9512 5 0 2048 2641 6528 9258
9514 7 0 4 127 228 3876 5508 16256
9516 6 0 1 1189 2391 4737 15884
9518 6 0 127 2048 6180 6232 16256
9520 5 0 1 1927 6273 8345
9522 7 0 127 1349 2048 3328 9257 16256
9524 6 0 1 121 6840 7632 8199
9526 7 0 127 4096 6658 11654 12456 16256
9528 5 0 16 1173 2890 4146
9530 7 0 4 127 2069 5508 6727 16256
9532 6 0 128 202 4564 5283 11913
9534 6 0 127 2048 2689 3116 16256
9536 5 0 64 92 2161 10950
9538 7 0 127 8192 8282 13344 15176 16256
9540 6 0 1255 8192 9737 10400 15664
9542 7 0 127 512 600 7105 11780 16256
9544 5 0 16 668 2275 5392
9546 7 0 127 1282 4104 8320 14476 16256
9548 6 0 2 523 910 5267 11362
9550 6 0 1 127 659 12545 16256
9552 5 0 512 5636 8963 14514
9554 7 0 8 127 1194 1212 8218 16256
9556 6 0 256 480 2330 6475 11860
9558 6 0 127 2048 7360 10498 16256
9560 5 0 8 1144 2981 4362
9562 6 0 8 107 127 2076 16256
9564 5 0 2048 2067 2828 13538
9566 6 0 16 127 2612 4432 16256
9568 5 0 1024 1440 5891 9484
9570 6 0 127 2048 7296 11010 16256
9572 6 0 1 713 5137 10662 12319
9574 7 0 16 127 1362 6168 10120 16256
9576 6 0 2048 2756 3498 10245 15457
9578 6 0 127 4096 5760 15104 16256
9580 6 0 512 552 937 1121 14614
9582 6 0 127 8192 8770 12332 16256
9584 6 0 8 89 286 13112 15882
9586 7 0 127 1024 6434 7168 8792 16256
9588 6 0 1024 1076 4879 11274 11716
9590 6 0 127 128 155 708 16256
9592 6 0 32 261 1120 5699 14994
9594 7 0 127 512 533 6914 11812 16256
9596 6 0 256 2848 3403 5556 9985
9598 7 0 127 4096 4195 4648 5276 16256
9600 4 0 128 1984 2196
9602 7 0 1 127 269 10307 12469 16256
9604 6 0 971 1024 1348 7202 13334
9606 6 0 1 127 6465 9729 16256
9608 6 0 8 3594 4424 8399 10673
9610 7 0 1 127 133 270 6325 16256
9612 6 0 4 53 404 3722 13640
9614 6 0 16 51 127 8496 16256
9616 6 0 2 99 4390 8854 12643
9618 7 0 127 256 426 4372 14089 16256
9620 6 0 1 325 2115 3474 13032
9622 7 0 32 100 127 770 15504 16256
9624 6 0 4096 4483 5776 10616 14464
9626 7 0 69 127 8192 8807 12416 16256
9628 6 0 16 146 265 379 16000
9630 7 0 1 127 2964 8325 13313 16256
9632 5 0 1 387 2115 14930
9634 7 0 127 1024 3618 5376 6402 16256
9636 6 0 4 540 7174 8907 10548
9638 7 0 32 127 562 2381 4386 16256
9640 6 0 1 133 2965 8268 13605
9642 7 0 25 96 127 768 1046 16256
9644 6 0 64 582 7588 7699 8776
9646 7 0 32 116 127 1803 8290 16256
9648 5 0 8 4140 8473 10446
9650 7 0 127 256 459 2437 4880 16256
9652 6 0 1 1856 4540 8705 15107
9654 8 0 127 240 2048 2088 3432 6821 16256
9656 5 0 64 1491 2376 12896
9658 7 0 17 68 127 6146 14981 16256
9660 6 0 260 1057 7282 8320 8605
9662 6 0 127 274 2176 8704 16256
9664 5 0 16 59 3155 9744
9666 7 0 127 1330 7696 8192 10256 16256
9668 6 0 2 138 382 10905 13320
9670 7 0 4 127 517 6056 10273 16256
9672 5 0 256 1797 2434 13656
9674 7 0 1 127 1048 4225 11797 16256
9676 6 0 256 832 2611 6021 10824
9678 6 0 127 512 2624 5248 16256
9680 5 0 2 4805 8218 10498
9682 7 0 42 127 1024 7699 9728 16256
9684 5 0 1 2401 5125 8859
9686 7 0 127 4096 6672 11648 12608 16256
9688 6 0 128 165 962 13204 15505
9690 7 0 32 127 4144 6657 9880 16256
9692 6 0 1 4191 4680 6145 11938
9694 6 0 64 127 4161 8204 16256
9696 5 0 8 25 1047 6868
9698 7 0 127 385 2048 2576 3284 16256
9700 6 0 512 2564 3166 6817 10564
9702 7 0 32 127 2152 6304 12343 16256
9704 5 0 513 4100 6661 9642
9706 7 0 32 127 415 1568 9746 16256
9708 6 0 64 89 195 6598 11832
9710 6 0 16 84 127 1068 16256
9712 5 0 128 1038 4228 10809
9714 7 0 64 127 1090 12320 13921 16256
9716 6 0 220 1024 1156 6822 11531
9718 8 0 127 1024 2804 6882 9248 12332 16256
9720 6 0 16 4240 8002 8386 10652
9722 7 0 8 73 127 2208 13372 16256
9724 6 0 256 770 4232 7317 12394
9726 6 0 127 1184 2304 8256 16256
9728 4 0 16 1042 8324
9730 7 0 65 127 1184 4104 12429 16256
9732 6 0 146 320 516 3882 12645
9734 7 0 12 127 1664 4128 15632 16256
9736 6 0 3 784 6860 9347 12288
9738 7 0 48 127 2312 4098 13852 16256
9740 6 0 32 608 5952 9061 10426
9742 7 0 1 127 641 3713 14084 16256
9744 5 0 4 2084 2091 10148
9746 7 0 127 256 832 2774 10820 16256
9748 6 0 1806 2048 6160 6360 12465
9750 7 0 2 127 1027 12068 13440 16256
9752 6 0 2 70 6287 6961 8769
9754 7 0 32 127 1472 2144 8542 16256
9756 6 0 256 2688 4956 8480 10411
9758 6 0 32 127 176 3208 16256
9760 5 0 370 512 560 9876
9762 7 0 32 127 2144 2471 6147 16256
9764 6 0 32 745 2081 6169 9670
9766 7 0 8 127 2294 5376 8201 16256
9768 5 0 1 2061 4515 9297
9770 7 0 48 127 265 8651 12288 16256
9772 6 0 1024 1769 1815 9217 14400
9774 6 0 32 43 127 12576 16256
9776 5 0 33 258 2173 12800
9778 7 0 127 1046 2048 2128 4774 16256
9780 6 0 272 1398 1664 2112 14411
9782 7 0 127 128 896 6429 10112 16256
9784 6 0 257 640 2515 6017 8268
9786 7 0 64 127 1408 3357 4162 16256
9788 6 0 7969 8192 8226 12323 12506
9790 6 0 70 127 256 8480 16256
9792 5 0 128 2141 2184 9242
9794 7 0 127 257 544 8210 8645 16256
9796 6 0 1536 2064 2545 4105 9863
9798 7 0 6 24 127 2240 8295 16256
9800 5 0 2 2178 7297 9018
9802 7 0 8 26 85 127 9528 16256
9804 6 0 4 1608 4108 6563 8790
9806 6 0 64 127 208 241 16256
9808 5 0 16 280 10505 13906
9810 7 0 2 74 127 1756 8577 16256
9812 6 0 512 648 3141 4408 12954
9814 7 0 127 2048 2180 3725 13568 16256
9816 6 0 32 1120 1493 6467 8713
9818 7 0 127 4096 5128 9481 13193 16256
9820 6 0 68 4608 4716 7939 9360
9822 6 0 9 127 4098 4619 16256
9824 5 0 8 522 8850 13705
9826 7 0 127 2267 2744 4096 6272 16256
9828 6 0 623 8192 8516 9233 14788
9830 6 0 127 256 2816 5248 16256
9832 6 0 8192 8261 9512 11096 13472
9834 7 0 127 4096 5248 5262 6033 16256
9836 6 0 256 1408 5076 5257 10547
9838 7 0 127 256 2308 6096 11524 16256
9840 6 0 2621 8192 9511 12544 12580
9842 7 0 127 353 4096 4609 9059 16256
9844 6 0 1359 4737 8192 10248 10426
9846 7 0 32 127 1052 4130 4339 16256
9848 6 0 16 19 6798 10336 13339
9850 7 0 8 127 2146 8456 12080 16256
9852 6 0 64 1103 8512 8593 16032
9854 6 0 1 43 127 1345 16256
9856 5 0 2 194 5268 13344
9858 7 0 8 127 5128 6690 14656 16256
9860 6 0 2048 3112 5271 6416 9049
9862 7 0 32 127 2082 4622 11654 16256
9864 6 0 300 3491 4096 4672 4819
9866 7 0 127 512 1572 2817 10698 16256
9868 6 0 32 42 1557 2158 13249
9870 6 0 127 258 12288 12674 16256
9872 5 0 2 134 4520 10321
9874 7 0 32 127 416 4428 9748 16256
9876 6 0 2118 4096 4864 11317 15240
9878 7 0 127 1024 2091 3584 8541 16256
9880 6 0 64 112 270 9779 13969
9882 7 0 8 11 127 819 7045 16256
9884 6 0 17 96 654 3185 13762
9886 6 0 127 1100 4096 12416 16256
9888 5 0 4 1504 3076 7243
9890 7 0 2 127 2580 8258 8921 16256
9892 6 0 128 704 2833 5131 9446
9894 7 0 32 127 290 9362 15168 16256
9896 6 0 12 34 379 10816 13358
9898 7 0 8 127 8204 8621 9798 16256
9900 6 0 24 768 888 1945 15491
9902 6 0 127 4096 5632 5924 16256
9904 5 0 256 452 4355 10297
9906 7 0 32 127 8228 10456 12821 16256
9908 6 0 512 2564 3098 5781 10724
9910 7 0 127 512 11290 12800 13194 16256
9912 6 0 1 4099 4876 10130 10720
9914 7 0 127 1129 1202 2048 10496 16256
9916 6 0 64 448 6608 9742 11307
9918 6 0 32 127 6184 8227 16256
9920 5 0 512 1540 8500 12390
9922 7 0 10 32 127 4128 4500 16256
9924 6 0 512 4736 5208 13453 15138
9926 6 0 43 64 127 4164 16256
9928 5 0 1 521 1817 14568
9930 7 0 127 602 1024 1282 4181 16256
9932 6 0 1970 2048 2564 12817 14861
9934 6 0 127 5378 8192 10256 16256
9936 5 0 237 1024 2330 5376
9938 7 0 2 70 127 749 1429 16256
9940 6 0 1 1057 9356 10609 13834
9942 6 0 127 128 3216 4992 16256
9944 5 0 1 2294 5377 8205
9946 7 0 4 127 2154 4751 8198 16256
9948 6 0 2048 2096 3506 6541 8808
9950 6 0 127 964 2048 2562 16256
9952 5 0 512 1664 4392 7506
9954 7 0 127 2048 2057 4258 7000 16256
9956 5 0 1945 4160 8196 14406
9958 6 0 127 128 5248 14656 16256
9960 5 0 64 1332 4176 10894
9962 7 0 2 127 322 1367 1986 16256
9964 6 0 256 336 3192 4383 10913
9966 6 0 2 127 5250 8770 16256
9968 5 0 977 1135 4096 4864
9970 7 0 127 256 2816 2845 15409 16256
9972 6 0 64 88 1311 7260 11952
9974 6 0 34 127 7680 8320 16256
9976 6 0 444 2048 2816 4818 9673
9978 7 0 127 128 7450 12416 14668 16256
9980 6 0 512 518 4998 11321 15892
9982 6 0 33 127 520 6402 16256
9984 4 0 192 288 6164
9986 7 0 127 402 1032 2048 2560 16256
9988 6 0 512 832 1778 11074 12461
9990 7 0 127 512 704 6036 11458 16256
9992 5 0 4 548 3756 13153
9994 7 0 127 128 1168 5586 8771 16256
9996 6 0 16 26 5361 8972 15522
9998 6 0 127 697 2048 2568 16256
10000 5 0 32 1058 10798 13698
10002 7 0 127 558 1474 2048 6145 16256
10004 6 0 4 140 4401 7844 9419
10006 7 0 127 335 1522 4096 5184 16256
10008 6 0 20 384 1948 4171 8818
10010 7 0 127 4964 8192 8324 13477 16256
10012 6 0 72 2509 4224 6948 9234
10014 7 0 16 56 127 6947 9359 16256
10016 5 0 1 5121 8206 11027
10018 7 0 127 985 4096 4672 11092 16256
10020 6 0 16 84 5958 11601 12524
10022 6 0 64 100 127 1342 16256
10024 6 0 2 1034 7400 11377 14097
10026 7 0 10 33 127 4891 14528 16256
10028 6 0 64 84 5340 10791 12473
10030 6 0 33 127 582 1152 16256
10032 5 0 520 1440 6144 8922
10034 7 0 127 128 1154 9487 11922 16256
10036 6 0 1024 1034 5793 6238 8475
10038 7 0 4 100 127 7074 15889 16256
10040 5 0 660 1025 8224 10602
10042 7 0 127 1024 1029 12371 12394 16256
10044 6 0 1024 1036 9294 12721 15875
10046 6 0 4 127 4433 9220 16256
10048 5 0 16 4240 4751 8461
10050 7 0 127 948 4096 4354 9529 16256
10052 5 0 1 8201 11860 12714
10054 6 0 8 127 4120 4220 16256
10056 5 0 2 14 351 11172
10058 7 0 1 127 4105 4660 9621 16256
10060 6 0 129 988 4412 10240 11651
10062 6 0 4 127 1060 10251 16256
10064 5 0 2 4099 6332 8905
10066 7 0 5955 7693 8192 8452 8690 13701
10068 6 0 16 4116 7624 9109 9318
10070 6 0 8 104 127 13590 16256
10072 6 0 1024 1522 3136 6947 8357
10074 7 0 127 2048 5347 10248 14520 16256
10076 6 0 2 22 2915 10840 13341
10078 6 0 16 127 276 5255 16256
10080 5 0 1024 1042 2970 14800
10082 5 0 127 2048 3328 16256
10084 5 0 20 2859 12288 13652
10086 6 0 127 571 2560 4352 16256
10088 5 0 2048 6656 8442 16160
10090 7 0 127 1024 2189 9280 10022 16256
10092 6 0 24 1026 3041 6384 13594
10094 6 0 64 127 578 2846 16256
10096 5 0 64 208 3731 9487
10098 7 0 2 127 2054 3277 12034 16256
10100 6 0 16 2066 2684 6598 10145
10102 7 0 3 48 127 3877 13985 16256
10104 6 0 2 274 1889 5718 8921
10106 6 0 12 115 127 1152 16256
10108 6 0 516 1694 6979 8193 8743
10110 6 0 127 512 5830 12800 16256
10112 4 0 32 37 5660
10114 6 0 127 1024 1296 15236 16256
10116 5 0 256 1792 2107 15556
10118 6 0 127 256 268 2383 16256
10120 5 0 1028 4345 12288 13831
10122 7 0 64 127 8272 12942 13220 16256
10124 6 0 217 8192 8228 9634 14855
10126 6 0 127 2048 6160 13026 16256
10128 5 0 72 4224 4950 5368
10130 7 0 127 4096 6358 11476 12304 16256
10132 6 0 1028 2304 3469 6746 13220
10134 7 0 127 128 648 5395 11204 16256
10136 6 0 258 740 5120 5211 9505
10138 7 0 127 2048 2054 5914 14948 16256
10140 6 0 2 1211 1538 5421 13156
10142 6 0 24 68 127 10347 16256
10144 5 0 701 8192 8228 9953
10146 6 0 127 256 7818 8480 16256
10148 5 0 256 280 7222 12997
10150 6 0 8 127 280 11714 16256
10152 5 0 1 521 1214 13638
10154 7 0 127 500 513 1032 14642 16256
10156 6 0 4 1060 1715 6254 9495
10158 6 0 127 144 4098 6330 16256
10160 5 0 2 2058 9621 15684
10162 7 0 1 127 161 4235 10668 16256
10164 6 0 4 2054 2988 7315 8646
10166 6 0 127 1024 1104 4523 16256
10168 5 0 34 665 4160 11682
10170 7 0 40 127 5508 8256 8718 16256
10172 5 0 1075 4608 7108 8200
10174 6 0 127 320 1536 12465 16256
10176 4 0 1024 1216 9009
10178 5 0 2 127 9218 16256
10180 5 0 128 704 1972 12367
10182 6 0 127 256 1284 4001 16256
10184 5 0 16 1231 2320 5677
10186 7 0 127 2048 2180 8004 13831 16256
10188 6 0 514 1520 3649 4097 13582
10190 6 0 32 127 942 8226 16256
10192 5 0 512 530 1398 8068
10194 7 0 127 130 8704 12970 14930 16256
10196 6 0 4096 6190 9968 11561 12800
10198 7 0 64 127 1344 4757 6762 16256
10200 6 0 1582 3072 3717 4422 8208
10202 6 0 127 256 296 12375 16256
10204 6 0 512 5671 8621 10835 12800
10206 6 0 5 127 320 7842 16256
10208 4 0 36 129 5962
10210 7 0 127 256 1284 1352 6810 16256
10212 6 0 136 576 7880 8381 8970
10214 6 0 127 1024 1072 3971 16256
10216 6 0 10 5592 8448 10036 11594
10218 7 0 127 512 4640 4977 10892 16256
10220 6 0 8 137 1583 6994 15498
10222 6 0 127 1280 2049 2720 16256
10224 5 0 129 528 4427 14760
10226 7 0 1 127 3973 4807 8195 16256
10228 6 0 96 2049 4999 7817 8478
10230 6 0 68 127 435 8224 16256
10232 5 0 24 2050 4585 13108
10234 6 0 24 127 2112 9319 16256
10236 5 0 520 1056 7493 10422
10238 6 0 16 127 6036 9232 16256
10240 3 0 65 8208
10242 5 0 127 320 528 16256
10244 5 0 1028 2112 7438 13040
10246 6 0 127 272 8193 10361 16256
10248 5 0 288 576 2731 12657
10250 7 0 68 127 129 6806 9014 16256
10252 6 0 516 1152 4311 13897 15264
10254 6 0 127 2050 6326 12288 16256
10256 5 0 132 421 513 6742
10258 7 0 127 2052 3944 6470 8256 16256
10260 6 0 528 3241 7498 8200 14100
10262 6 0 127 4224 9216 10052 16256
10264 5 0 16 1552 6490 12769
10266 7 0 127 192 288 2141 10984 16256
10268 5 0 2056 3865 4224 8551
10270 6 0 34 127 264 6486 16256
10272 5 0 48 258 3345 9334
10274 7 0 40 127 1028 3380 10003 16256
10276 6 0 514 4352 9870 10865 11370
10278 6 0 127 2056 3151 12288 16256
10280 6 0 68 257 1246 8753 11688
10282 7 0 127 136 3882 8224 10705 16256
10284 6 0 528 762 2052 6357 9066
10286 6 0 80 127 5120 5748 16256
10288 5 0 66 4100 11548 13461
10290 7 0 48 127 4098 6244 6888 16256
10292 6 0 512 2561 3207 4664 13138
10294 7 0 34 127 2112 3127 4715 16256
10296 5 0 18 1025 3756 10053
10298 6 0 40 127 2176 8791 16256
10300 5 0 520 1040 7112 10791
10302 6 0 127 1024 1230 1568 16256
10304 4 0 514 1152 2922
10306 7 0 127 160 1032 3257 6369 16256
10308 5 0 12 320 1694 14696
10310 6 0 68 127 1280 10906 16256
10312 5 0 129 2064 2774 6049
10314 7 0 127 1025 2819 3909 8320 16256
10316 6 0 1024 3316 5707 9224 15621
10318 6 0 64 127 3136 9042 16256
10320 5 0 3 4100 5244 14355
10322 7 0 127 1040 4352 4758 7080 16256
10324 6 0 4 1334 1630 4101 10720
10326 6 0 127 132 1280 10918 16256
10328 5 0 2048 2306 5340 14497
10330 6 0 127 1024 6048 11264 16256
10332 5 0 4 532 5166 10721
10334 6 0 33 127 2193 4608 16256
10336 5 0 16 3210 4144 8221
10338 7 0 127 422 1028 8448 9347 16256
10340 6 0 512 577 2852 4819 9642
10342 7 0 34 127 2064 5922 15506 16256
10344 6 0 1152 4160 5235 7560 9891
10346 7 0 127 128 234 1334 2180 16256
10348 6 0 514 1396 7938 8320 9613
10350 6 0 17 127 4224 9442 16256
10352 5 0 5 4822 5197 10240
10354 7 0 12 48 127 3376 9031 16256
10356 6 0 1750 4160 6206 8448 9121
10358 6 0 24 127 1152 1382 16256
10360 5 0 128 896 6373 9422
10362 6 0 48 127 8194 12367 16256
10364 5 0 8192 9884 11587 12320
10366 6 0 36 127 7046 10240 16256
10368 4 0 136 272 1706
10370 5 0 17 127 3072 16256
10372 5 0 12 2080 4191 12066
10374 6 0 9 127 8320 9325 16256
10376 5 0 2112 4104 10978 13612
10378 7 0 9 127 132 3928 4788 16256
10380 6 0 136 288 822 9161 16256
10382 6 0 20 127 4352 8477 16256
10384 5 0 66 2422 8200 12589
10386 7 0 127 2264 4104 10240 10594 16256
10388 6 0 1623 6332 8192 10496 12496
10390 7 0 72 127 493 640 10458 16256
10392 6 0 512 1544 5489 6492 9120
10394 7 0 127 576 1865 6144 6836 16256
10396 6 0 136 4097 4780 6915 11377
10398 6 0 6 127 4494 8448 16256
10400 5 0 1028 4128 12706 14641
10402 7 0 24 127 4443 8320 12884 16256
10404 6 0 2112 3429 4608 12857 13082
10406 6 0 33 127 4717 8448 16256
10408 6 0 1 145 2490 4419 9859
10410 7 0 65 127 160 1954 12722 16256
10412 6 0 128 672 3258 4293 9140
10414 7 0 48 127 1884 10240 14477 16256
10416 5 0 1040 2049 5650 12588
10418 7 0 16 127 1040 8320 8615 16256
10420 6 0 1280 5003 7448 8196 8438
10422 6 0 34 127 144 1244 16256
10424 5 0 4 196 4663 12036
10426 7 0 20 127 2304 8497 12980 16256
10428 6 0 16 604 1042 3477 8814
10430 6 0 36 127 5120 7706 16256
10432 5 0 1026 1558 4710 10240
10434 7 0 127 520 653 2304 12455 16256
10436 5 0 384 4098 7746 8636
10438 6 0 20 127 9216 13954 16256
10440 5 0 257 4112 7698 9101
10442 7 0 40 127 768 3847 9532 16256
10444 6 0 5 2703 4352 7588 10325
10446 6 0 48 127 2056 11400 16256
10448 5 0 2049 2483 4608 13858
10450 7 0 127 512 2564 4880 14360 16256
10452 6 0 48 768 2294 6018 8985
10454 6 0 127 1152 8448 14594 16256
10456 5 0 512 518 601 15521
10458 7 0 17 127 2052 11044 11404 16256
10460 5 0 20 130 5737 10516
10462 7 0 68 127 2304 6979 13540 16256
10464 5 0 97 130 4116 14081
10466 7 0 12 127 3125 8256 9793 16256
10468 6 0 1536 5798 6453 8320 8648
10470 6 0 13 96 127 146 16256
10472 5 0 138 1028 2081 13168
10474 7 0 6 127 320 1063 7280 16256
10476 6 0 368 3072 3601 8448 12462
10478 6 0 18 127 9216 11585 16256
10480 5 0 132 5120 8900 10635
10482 7 0 24 127 1028 9818 11396 16256
10484 6 0 264 2330 4608 4814 11489
10486 7 0 127 4098 4946 8200 10285 16256
10488 5 0 20 96 1679 10516
10490 6 0 66 127 6144 10178 16256
10492 6 0 257 1026 1174 1964 14483
10494 6 0 127 130 6160 8197 16256
10496 4 0 776 2080 5248
10498 7 0 20 127 8200 9384 13874 16256
10500 6 0 776 1056 2177 7265 10398
10502 6 0 18 59 127 768 16256
10504 5 0 272 311 10240 11464
10506 7 0 68 127 613 3670 4112 16256
10508 6 0 516 2080 2398 6305 9832
10510 6 0 72 127 640 10600 16256
10512 5 0 768 3904 4112 4534
10514 7 0 127 388 2082 4160 10324 16256
10516 6 0 68 1843 2176 3464 12660
10518 7 0 66 127 4128 4409 8526 16256
10520 6 0 322 477 5152 10240 10635
10522 7 0 9 127 516 4297 9013 16256
10524 6 0 2080 2893 9216 9235 14753
10526 6 0 74 127 2560 12304 16256
10528 5 0 1280 2051 8232 13761
10530 7 0 127 129 155 1056 15395 16256
10532 6 0 272 1036 3723 4129 8535
10534 7 0 65 127 1152 7586 9057 16256
10536 6 0 40 1536 3730 4269 10145
10538 7 0 127 145 4130 8448 12902 16256
10540 6 0 384 968 3623 8208 13849
10542 6 0 80 127 260 1318 16256
10544 5 0 8192 8237 9728 14419
10546 7 0 96 127 1182 1536 1543 16256
10548 6 0 264 367 1058 6145 9906
10550 6 0 66 127 9216 9276 16256
10552 5 0 128 2522 4261 8832
10554 7 0 127 528 1032 9674 13072 16256
10556 6 0 3072 3169 4098 5258 13076
10558 6 0 32 97 127 1696 16256
10560 5 0 576 1008 4929 10240
10562 7 0 3 127 134 384 4501 16256
10564 6 0 20 136 3910 4297 10549
10566 7 0 16 127 537 1044 1639 16256
10568 5 0 98 1296 8200 14988
10570 7 0 16 127 1105 1642 6160 16256
10572 6 0 1032 1235 5677 8208 10516
10574 6 0 24 127 640 6848 16256
10576 5 0 1025 5265 8194 14630
10578 7 0 127 128 4289 6443 8576 16256
10580 6 0 33 384 1414 3305 13264
10582 7 0 33 127 885 4736 8202 16256
10584 6 0 8 2584 3762 8204 9068
10586 6 0 127 8192 10752 13696 16256
10588 6 0 65 258 2862 5331 6217
10590 7 0 127 4097 7937 9216 9350 16256
10592 5 0 1032 3320 4097 14369
10594 7 0 88 127 4096 4160 5393 16256
10596 6 0 16 656 4180 5986 10255
10598 7 0 127 264 2688 8240 8527 16256
10600 6 0 512 2624 4207 4880 10445
10602 7 0 127 128 210 2208 2533 16256
10604 6 0 823 3512 8192 10256 12384
10606 7 0 68 127 4948 8320 11440 16256
10608 5 0 8192 10064 10272 12302
10610 7 0 65 127 2050 2562 12416 16256
10612 6 0 520 2231 5248 8576 13760
10614 6 0 40 127 320 342 16256
10616 6 0 12 257 1212 2702 14625
10618 7 0 20 127 5148 8381 8448 16256
10620 6 0 129 5182 6144 7236 9093
10622 6 0 16 82 127 2352 16256
10624 5 0 1032 3097 8193 10499
10626 7 0 16 127 152 1584 12650 16256
10628 6 0 384 902 1025 7246 9329
10630 7 0 25 127 321 1026 1383 16256
10632 6 0 4096 7424 9586 11465 12292
10634 7 0 57 76 127 1024 1056 16256
10636 6 0 2112 3274 4112 4633 10662
10638 7 0 127 256 1284 2496 13898 16256
10640 5 0 34 2176 2264 5159
10642 7 0 32 127 560 3544 4258 16256
10644 6 0 2 2066 3253 8542 12802
10646 7 0 127 1536 1539 3196 8320 16256
10648 6 0 1025 2056 2444 8747 9301
10650 7 0 127 8192 8272 12417 13792 16256
10652 6 0 3 1540 8464 10608 14475
10654 6 0 127 256 290 9488 16256
10656 5 0 16 1072 4241 9390
10658 7 0 127 832 8192 8262 8448 16256
10660 6 0 144 258 11913 12432 13428
10662 7 0 32 127 1120 10122 14368 16256
10664 6 0 64 175 1091 4416 11972
10666 7 0 68 127 1049 5634 8226 16256
10668 6 0 262 513 1034 4903 11448
10670 6 0 127 768 8212 11264 16256
10672 5 0 40 1088 1345 14868
10674 7 0 64 127 584 2117 3777 16256
10676 6 0 3226 6144 6948 8193 8773
10678 8 0 44 127 384 1475 2656 10248 16256
10680 6 0 1025 2560 2712 9543 9881
10682 7 0 36 127 592 1344 4048 16256
10684 6 0 1 986 2177 12545 14381
10686 6 0 127 512 1552 2565 16256
10688 5 0 513 2142 8456 10368
10690 7 0 127 1024 3081 3944 5136 16256
10692 6 0 512 600 1537 11441 13078
10694 7 0 64 127 329 578 2422 16256
10696 6 0 256 259 8992 12748 15024
10698 7 0 32 127 6688 8288 9892 16256
10700 6 0 1024 1217 3328 4032 12335
10702 6 0 127 8192 10369 12800 16256
10704 5 0 68 2049 2179 13976
10706 7 0 2 14 127 2130 5338 16256
10708 7 0 514 2176 2220 2818 6081 9811
10710 8 0 40 127 3072 3143 3472 8303 16256
10712 5 0 577 1120 2462 12288
10714 7 0 127 768 2050 8295 10246 16256
10716 6 0 176 1267 2052 8480 14636
10718 6 0 10 127 1025 9473 16256
10720 5 0 1040 2113 6152 13153
10722 7 0 127 4239 4608 8352 11264 16256
10724 6 0 48 6925 8449 9414 10368
10726 7 0 127 2304 8256 12384 13955 16256
10728 6 0 324 1030 1685 7195 8224
10730 7 0 14 127 4356 6542 9216 16256
10732 6 0 384 390 1056 4729 15432
10734 7 0 3 80 127 733 4131 16256
10736 5 0 528 8196 10252 13761
10738 7 0 3 127 2297 6144 6528 16256
10740 6 0 768 1447 4104 6154 9968
10742 7 0 40 127 2304 7424 10327 16256
10744 6 0 36 293 6161 8208 9422
10746 7 0 127 1104 2080 8212 12845 16256
10748 6 0 41 528 8032 9217 10271
10750 6 0 68 127 198 2080 16256
10752 4 0 208 2096 8194
10754 7 0 127 1792 5136 6112 8224 16256
10756 6 0 2057 3940 4352 4751 8216
10758 7 0 12 127 145 7616 8832 16256
10760 6 0 17 3076 3973 6584 10304
10762 7 0 56 127 1041 1109 4100 16256
10764 6 0 4 1437 6212 8324 9782
10766 6 0 18 54 127 8704 16256
10768 5 0 56 68 4737 10506
10770 7 0 127 2056 4112 10344 13329 16256
10772 6 0 44 1040 2794 4101 12741
10774 8 0 86 127 320 1030 8204 11720 16256
10776 6 0 322 1281 4104 7213 13906
10778 7 0 10 21 97 127 8424 16256
10780 6 0 98 1280 9626 10304 12965
10782 6 0 10 127 8208 10288 16256
10784 5 0 13 160 749 5648
10786 7 0 64 104 127 2116 4868 16256
10788 6 0 6 1687 2312 3584 14452
10790 6 0 11 96 127 8468 16256
10792 6 0 272 3764 4097 4615 8532
10794 7 0 127 640 1105 10407 10496 16256
10796 6 0 4327 6144 6408 8208 13912
10798 6 0 2 127 1794 8322 16256
10800 5 0 1 45 1089 15233
10802 7 0 127 290 385 576 5715 16256
10804 7 0 112 148 1690 2304 10662 12617
10806 7 0 24 127 153 1028 5350 16256
10808 5 0 65 2308 5658 8360
10810 7 0 16 24 127 3586 8576 16256
10812 6 0 517 2180 7562 8200 9337
10814 6 0 50 127 1536 8352 16256
10816 5 0 192 2053 8742 12298
10818 7 0 41 127 1536 4132 9322 16256
10820 6 0 377 576 4098 4234 11876
10822 7 0 49 127 521 5120 10319 16256
10824 5 0 576 3335 5152 8344
10826 7 0 5 127 1093 4394 8448 16256
10828 6 0 160 1186 2428 2560 15113
10830 7 0 127 304 6784 9216 10084 16256
10832 5 0 384 973 1072 7168
10834 7 0 52 127 640 8225 11372 16256
10836 6 0 1028 1821 6295 8256 8296
10838 6 0 17 23 96 127 16256
10840 6 0 40 1127 4200 8208 10128
10842 7 0 98 127 640 2084 3978 16256
10844 6 0 68 160 184 2654 13705
10846 6 0 96 127 1152 2152 16256
10848 5 0 1120 2064 5633 8455
10850 7 0 65 127 1282 7168 11554 16256
10852 6 0 322 515 1398 6144 15560
10854 6 0 127 2312 5120 8833 16256
10856 5 0 204 4112 10022 10241
10858 7 0 20 127 1098 2081 12347 16256
10860 6 0 320 4608 4766 7780 8513
10862 6 0 3 127 1300 4168 16256
10864 5 0 70 424 4112 10177
10866 7 0 66 127 4264 7249 8197 16256
10868 6 0 1560 2176 5207 8512 10659
10870 7 0 127 644 5130 7842 8448 16256
10872 6 0 24 2682 5277 8260 10752
10874 7 0 74 127 260 2286 11776 16256
10876 6 0 640 1012 2704 8194 14363
10878 6 0 127 528 1184 2061 16256
10880 4 0 258 2116 9376
10882 7 0 127 2184 4112 6468 8199 16256
10884 6 0 1314 2052 8795 12296 14725
10886 7 0 127 259 660 764 2112 16256
10888 6 0 34 137 10816 11291 14500
10890 7 0 84 127 7424 8704 13322 16256
10892 6 0 778 2052 7348 8240 8403
10894 6 0 127 384 2136 7168 16256
10896 6 0 129 192 2802 5632 8199
10898 7 0 98 127 3712 8208 8834 16256
10900 7 0 544 1753 2082 3216 8197 12548
10902 7 0 127 768 1598 2129 11264 16256
10904 6 0 196 4120 9017 10240 14338
10906 7 0 127 172 4161 7826 8704 16256
10908 6 0 12 3788 4369 8384 8746
10910 6 0 127 324 4608 10288 16256
10912 5 0 448 1570 6088 8196
10914 7 0 127 144 549 644 8450 16256
10916 6 0 584 2181 8194 11814 13656
10918 7 0 127 1664 8192 8194 15106 16256
10920 5 0 2606 4416 8320 12752
10922 7 0 127 1286 4232 8704 14929 16256
10924 6 0 82 6664 6683 8448 13792
10926 6 0 127 2097 4162 8320 16256
10928 5 0 2560 5376 6707 8326
10930 7 0 127 209 1030 4119 10240 16256
10932 6 0 520 2116 2746 4935 13328
10934 6 0 30 127 161 1280 16256
10936 5 0 514 2336 3670 12417
10938 7 0 36 127 2432 4611 9329 16256
10940 6 0 163 532 3075 10240 15688
10942 7 0 10 127 6688 8464 9636 16256
10944 5 0 251 592 673 6144
10946 7 0 65 127 1316 4283 8832 16256
10948 6 0 1025 2216 4624 5163 9045
10950 6 0 34 127 3336 4736 16256
10952 5 0 130 1044 2337 4842
10954 7 0 127 1091 2304 8384 9890 16256
10956 6 0 33 2576 6705 9628 11594
10958 6 0 44 127 2194 4608 16256
10960 5 0 160 844 2051 12562
10962 7 0 6 127 1092 1696 6176 16256
10964 5 0 136 1602 4353 10428
10966 6 0 5 56 127 4178 16256
10968 5 0 1568 4224 5856 8535
10970 7 0 20 35 127 1928 6924 16256
10972 6 0 17 1126 6532 8736 8859
10974 6 0 127 656 5120 10754 16256
10976 5 0 9 1540 8948 9600
10978 7 0 127 200 2314 3378 8193 16256
10980 6 0 269 2560 4130 4594 15889
10982 7 0 18 127 2600 8264 13776 16256
10984 5 0 1602 2049 4348 8512
10986 7 0 15 127 384 5092 8240 16256
10988 6 0 20 2208 4296 5788 11618
10990 6 0 3 127 4124 8708 16256
10992 5 0 1026 6152 6385 8488
10994 7 0 127 1091 1664 9864 10240 16256
10996 6 0 1536 6315 8449 9989 10962
10998 6 0 40 69 127 13184 16256
11000 5 0 42 480 513 15386
11002 7 0 127 609 2128 2619 8194 16256
11004 6 0 384 2742 4101 11624 13376
11006 6 0 127 136 578 10274 16256
11008 4 0 272 9218 10400
11010 7 0 127 580 582 1036 2049 16256
11012 6 0 136 4388 4609 7904 13339
11014 7 0 127 477 1152 8216 12322 16256
11016 5 0 400 1032 6341 8742
11018 7 0 127 2154 5120 9758 10368 16256
11020 6 0 272 2182 8813 10272 13618
11022 7 0 127 292 2050 5888 10649 16256
11024 5 0 40 4119 8384 11540
11026 7 0 127 1056 4265 6656 10246 16256
11028 6 0 76 2176 2284 5520 10771
11030 6 0 9 127 2816 9856 16256
11032 6 0 99 324 5120 5436 9667
11034 7 0 127 644 1280 6994 8205 16256
11036 6 0 292 640 4369 8938 11279
11038 6 0 127 672 3072 8236 16256
11040 5 0 578 1028 10387 10408
11042 7 0 127 1152 2060 8198 9409 16256
11044 5 0 1030 4665 8448 9670
11046 6 0 127 3408 4610 8320 16256
11048 5 0 67 384 7716 9667
11050 7 0 127 849 2058 4128 9373 16256
11052 6 0 528 1472 2312 4725 13475
11054 6 0 127 4442 4736 10240 16256
11056 5 0 35 1629 2176 9552
11058 7 0 127 1281 4804 8224 12377 16256
11060 6 0 33 208 3344 6872 8423
11062 6 0 6 88 127 14016 16256
11064 6 0 2688 4296 8224 8630 12168
11066 6 0 9 118 127 5152 16256
11068 6 0 208 768 5131 5745 14730
11070 6 0 127 302 2064 8257 16256
11072 4 0 3109 4736 8208
11074 7 0 127 140 2080 9304 9411 16256
11076 6 0 1408 2080 9014 11496 12369
11078 6 0 127 4473 7168 8320 16256
11080 5 0 2112 4105 7369 13092
11082 7 0 127 321 491 4608 9249 16256
11084 6 0 784 1576 10708 12288 15427
11086 6 0 98 127 1280 4140 16256
11088 5 0 272 2599 4136 4537
11090 5 0 127 6656 8448 16256
11092 5 0 138 768 7281 11146
11094 6 0 13 34 127 13732 16256
11096 5 0 72 1939 6916 12320
11098 7 0 3 84 127 9814 15896 16256
11100 6 0 1026 2408 4113 5333 12946
11102 6 0 44 65 127 10659 16256
11104 5 0 98 136 11041 14372
11106 7 0 5 127 4162 7730 10266 16256
11108 5 0 1032 4192 5354 14869
11110 6 0 9 127 4130 4143 16256
11112 5 0 1214 2560 4384 15144
11114 7 0 127 2304 2787 5058 9728 16256
11116 6 0 1004 4097 7705 8498 10752
11118 6 0 34 73 127 9580 16256
11120 5 0 1840 4176 5834 8193
11122 7 0 16 127 4112 5144 5729 16256
11124 6 0 97 528 7699 9574 10378
11126 6 0 34 127 3716 8512 16256
11128 5 0 576 4368 5288 10523
11130 6 0 33 127 1600 14720 16256
11132 5 0 1152 3475 4204 8705
11134 6 0 127 544 1034 6169 16256
11136 4 0 544 1296 14416
11138 7 0 127 321 2171 4100 9857 16256
11140 5 0 68 168 2285 10006
11142 6 0 127 1152 2576 12557 16256
11144 5 0 80 1769 3074 11350
11146 7 0 127 769 1081 8196 9573 16256
11148 6 0 2112 2151 4626 5128 10121
11150 6 0 127 5120 10496 15524 16256
11152 5 0 528 2054 9260 14867
11154 6 0 6 127 5248 11009 16256
11156 5 0 514 1036 6352 11043
11158 7 0 3 44 127 410 4443 16256
11160 5 0 2564 4097 9464 9494
11162 7 0 127 2048 2561 2591 11264 16256
11164 6 0 17 2058 5000 7904 8759
11166 6 0 112 127 520 8456 16256
11168 4 0 996 3074 8208
11170 7 0 127 1280 2296 4225 4457 16256
11172 6 0 138 1028 2841 6962 9414
11174 6 0 127 5120 5857 10752 16256
11176 5 0 1568 2829 4224 10842
11178 7 0 9 98 127 4002 4909 16256
11180 6 0 129 1036 4540 6978 9611
11182 6 0 69 127 2080 6373 16256
11184 5 0 2336 4100 9537 12574
11186 7 0 127 138 2332 8704 10519 16256
11188 6 0 520 1772 1993 4368 10275
11190 6 0 17 127 268 10978 16256
11192 5 0 576 2068 13355 13714
11194 6 0 127 2176 8204 14144 16256
11196 5 0 580 1026 10781 12768
11198 6 0 127 545 6144 12800 16256
11200 4 0 769 1111 4104
11202 6 0 24 35 127 5468 16256
11204 5 0 2052 4106 6429 8930
11206 6 0 127 528 2306 15122 16256
11208 5 0 952 2049 8212 14533
11210 6 0 6 112 127 4271 16256
11212 6 0 148 4160 6896 9479 13845
11214 6 0 33 127 1030 4502 16256
11216 4 0 3 832 15528
11218 7 0 127 1419 2320 4224 13097 16256
11220 6 0 304 1600 2304 6505 10398
11222 6 0 21 127 236 768 16256
11224 5 0 258 1029 3788 8889
11226 6 0 127 1085 2114 8448 16256
11228 5 0 81 3544 4608 10535
11230 6 0 17 127 997 1058 16256
11232 4 0 193 264 10932
11234 5 0 10 127 2068 16256
11236 5 0 516 2096 2981 12379
11238 6 0 127 1623 2560 5122 16256
11240 5 0 88 3072 3358 13250
11242 7 0 127 1168 1733 12288 14492 16256
11244 6 0 520 1312 3401 4311 10208
11246 6 0 66 127 1557 5376 16256
11248 5 0 1284 5969 7045 8224
11250 6 0 74 127 1333 2080 16256
11252 5 0 9 1077 6362 8960
11254 6 0 127 1040 5546 14336 16256
11256 5 0 532 1485 2056 6311
11258 6 0 127 1040 6017 10496 16256
11260 5 0 21 2304 10152 14414
11262 6 0 127 288 12290 12452 16256
11264 3 0 7 192
11266 5 0 127 260 12289 16256
11268 5 0 1536 2051 5419 10968
11270 6 0 127 259 415 4104 16256
11272 5 0 33 4949 8712 11324
11274 6 0 6 127 2305 13992 16256
11276 5 0 18 1792 6349 8822
11278 6 0 127 578 4097 5784 16256
11280 5 0 1552 1972 5511 8200
11282 6 0 21 127 1258 2304 16256
11284 6 0 1029 6851 8704 11308 14097
11286 6 0 127 1792 10240 14420 16256
11288 5 0 224 2064 4907 7476
11290 6 0 21 127 622 4352 16256
11292 5 0 21 1536 10578 13992
11294 6 0 127 388 2560 3907 16256
11296 5 0 2564 5414 8224 16000
11298 7 0 127 769 6739 9216 13912 16256
11300 5 0 258 545 7380 9626
11302 6 0 127 1540 4160 6238 16256
11304 5 0 12 1185 2640 13762
11306 7 0 9 127 4116 5076 7331 16256
11308 6 0 80 6834 9217 11561 12518
11310 6 0 12 127 5323 8768 16256
11312 5 0 260 2315 4736 12100
11314 7 0 24 127 4747 8762 10242 16256
11316 6 0 1056 1490 7585 8456 12956
11318 6 0 68 127 1537 2715 16256
11320 5 0 18 4256 7954 9305
11322 6 0 127 1152 8201 15116 16256
11324 5 0 352 640 3974 12697
11326 6 0 3 127 5152 6477 16256
11328 4 0 36 743 2432
11330 5 0 10 127 800 16256
11332 5 0 56 576 5608 8791
11334 6 0 59 127 259 4608 16256
11336 5 0 33 784 8016 8763
11338 6 0 127 1664 7809 8448 16256
11340 5 0 6 73 2823 13744
11342 6 0 127 1042 8448 9625 16256
11344 5 0 258 552 7498 10020
11346 6 0 20 127 4864 11433 16256
11348 5 0 6 2428 5399 8832
11350 6 0 127 3072 4928 8864 16256
11352 5 0 513 2088 5940 10177
11354 6 0 10 127 2421 3200 16256
11356 5 0 513 1408 3151 12857
11358 6 0 72 127 4226 4809 16256
11360 4 0 1056 3623 12416
11362 7 0 127 276 3097 6144 13620 16256
11364 5 0 194 257 2771 9517
11366 6 0 35 127 2304 8921 16256
11368 5 0 24 3330 5216 9925
11370 7 0 127 324 1703 2050 10627 16256
11372 6 0 200 945 5214 8196 10759
11374 6 0 52 127 7555 8320 16256
11376 5 0 25 8256 8406 15024
11378 6 0 127 1056 5539 10752 16256
11380 6 0 161 2112 12627 12961 15388
11382 7 0 9 127 4271 9248 9425 16256
11384 5 0 514 9217 9541 11448
11386 6 0 127 160 1792 14756 16256
11388 5 0 262 1056 4698 11425
11390 6 0 127 1280 8032 8258 16256
11392 4 0 6 1096 3288
11394 7 0 127 4128 5348 10368 15240 16256
11396 5 0 96 642 2292 5899
11398 6 0 33 127 3314 12544 16256
11400 5 0 2816 4104 7324 11232
11402 7 0 12 127 3928 9728 10470 16256
11404 6 0 18 4813 5677 6400 9394
11406 6 0 112 127 1865 2304 16256
11408 5 0 259 5120 7748 12332
11410 6 0 82 127 2733 3072 16256
11412 5 0 36 2067 5640 8678
11414 6 0 80 127 2057 4310 16256
11416 5 0 3 1072 9099 13383
11418 6 0 13 127 8435 10240 16256
11420 5 0 640 4794 6148 10177
11422 6 0 70 127 4352 13028 16256
11424 5 0 592 4224 12649 12682
11426 5 0 88 127 4608 16256
11428 5 0 516 2988 13312 13649
11430 6 0 65 127 3163 3584 16256
11432 5 0 4352 5992 8322 10446
11434 7 0 21 127 320 632 835 16256
11436 6 0 1088 1485 6964 10242 13536
11438 6 0 127 289 1032 5658 16256
11440 5 0 576 4353 5405 12579
11442 7 0 49 127 3448 4352 7273 16256
11444 5 0 33 2221 4672 11570
11446 6 0 100 127 264 1338 16256
11448 5 0 548 1431 2050 10315
11450 6 0 127 146 1536 14738 16256
11452 5 0 265 7274 8194 8854
11454 6 0 127 168 10240 11340 16256
11456 4 0 640 6808 8195
11458 7 0 127 259 869 4100 4884 16256
11460 6 0 3 3147 8877 12320 12754
11462 6 0 84 127 8704 15884 16256
11464 5 0 520 889 4358 10624
11466 7 0 17 127 1623 6478 10496 16256
11468 5 0 52 257 628 15498
11470 6 0 17 127 6720 10500 16256
11472 5 0 272 6934 12352 12365
11474 7 0 127 264 3339 4640 10541 16256
11476 6 0 1026 2068 2172 9995 12935
11478 6 0 9 127 847 9344 16256
11480 5 0 1088 2565 4236 13650
11482 7 0 24 127 643 802 7301 16256
11484 6 0 769 2176 2183 5752 14606
11486 6 0 127 648 1280 1797 16256
11488 5 0 2568 8196 9140 9668
11490 7 0 127 160 4368 10084 13072 16256
11492 5 0 66 2072 4838 11544
11494 6 0 98 127 640 7042 16256
11496 5 0 624 1028 4123 10627
11498 7 0 127 3072 3340 4416 9586 16256
11500 6 0 1989 3104 8196 10380 12890
11502 6 0 127 4108 8320 8867 16256
11504 5 0 2226 3592 4097 8806
11506 6 0 26 127 1025 9317 16256
11508 6 0 272 2732 3079 9376 13387
11510 6 0 82 127 2176 6325 16256
11512 5 0 1703 2080 6200 8272
11514 7 0 127 1536 2208 3654 13896 16256
11516 6 0 197 272 1150 2145 11201
11518 6 0 127 576 1282 2896 16256
11520 4 0 2052 7300 9218
11522 7 0 127 2328 4160 8839 10404 16256
11524 5 0 516 1048 1435 12900
11526 6 0 127 1152 4866 10313 16256
11528 5 0 268 1056 2509 9777
11530 7 0 18 127 1217 4174 8748 16256
11532 6 0 65 1544 2529 4717 11802
11534 6 0 73 127 640 10885 16256
11536 5 0 683 1330 2112 4230
11538 6 0 73 127 1152 1718 16256
11540 5 0 2304 2484 3913 12290
11542 6 0 127 1696 7240 8448 16256
11544 5 0 260 3320 8721 12330
11546 6 0 127 1601 6016 10240 16256
11548 6 0 160 580 598 6923 9637
11550 6 0 127 544 3085 12546 16256
11552 4 0 320 1035 14864
11554 7 0 127 2064 2610 4106 5150 16256
11556 6 0 130 3152 4365 5746 14501
11558 6 0 18 77 127 5900 16256
11560 5 0 129 2402 10252 15952
11562 7 0 3 127 1339 8260 9412 16256
11564 6 0 17 455 5250 5720 10848
11566 6 0 36 127 3622 9472 16256
11568 5 0 1025 8472 10476 12422
11570 7 0 127 260 2570 8203 10148 16256
11572 6 0 116 640 949 4419 15386
11574 6 0 127 141 5520 10240 16256
11576 5 0 7 5010 8200 10344
11578 7 0 127 2049 5154 9552 11020 16256
11580 5 0 1088 4891 10404 12801
11582 6 0 65 127 3074 11298 16256
11584 4 0 185 4352 11392
11586 6 0 25 36 127 614 16256
11588 6 0 48 1546 6699 10626 13908
11590 6 0 33 127 198 1432 16256
11592 5 0 78 1040 2980 12931
11594 5 0 127 640 13568 16256
11596 5 0 3809 4100 8458 12686
11598 6 0 127 202 3345 12288 16256
11600 5 0 80 1796 6275 12754
11602 6 0 127 555 596 10240 16256
11604 5 0 130 588 750 15121
11606 6 0 40 83 127 15458 16256
11608 5 0 17 902 1824 14534
11610 7 0 127 520 1002 2099 9408 16256
11612 5 0 1408 2064 5703 10296
11614 6 0 72 127 898 1440 16256
11616 5 0 3094 3725 4160 9744
11618 7 0 127 2074 4096 4224 8910 16256
11620 6 0 1360 4098 4318 8000 8741
11622 6 0 127 581 1336 2176 16256
11624 5 0 720 6405 8224 11814
11626 7 0 512 2560 7366 9017 10482 12308
11628 6 0 17 76 8723 10924 15696
11630 6 0 127 145 2050 2574 16256
11632 5 0 34 4632 6996 11784
11634 6 0 127 143 4208 10240 16256
11636 5 0 712 4098 7939 9268
11638 6 0 127 2824 5120 8625 16256
11640 5 0 387 3072 4796 12632
11642 7 0 127 613 1028 4121 4426 16256
11644 5 0 12 609 3857 12514
11646 6 0 127 320 9257 14368 16256
11648 4 0 288 2189 12297
11650 7 0 127 4098 8385 11840 15144 16256
11652 5 0 1152 6240 7904 9502
11654 6 0 78 127 6536 8704 16256
11656 5 0 688 3651 4352 10782
11658 7 0 3 127 2836 5640 8874 16256
11660 6 0 744 1074 10240 12739 15884
11662 6 0 127 209 1592 8448 16256
11664 4 0 2858 4229 8208
11666 6 0 68 127 3234 13056 16256
11668 5 0 1798 2056 2808 12801
11670 6 0 36 127 338 793 16256
11672 5 0 3 2848 3459 12376
11674 6 0 66 127 189 12305 16256
11676 5 0 33 3484 12672 13890
11678 6 0 5 127 4386 10562 16256
11680 4 0 18 7809 10308
11682 6 0 40 127 6784 13632 16256
11684 5 0 514 911 6240 9265
11686 6 0 127 2560 4596 9352 16256
11688 5 0 80 7687 9352 15138
11690 6 0 127 6144 6471 9856 16256
11692 6 0 10 2904 4496 6295 11488
11694 6 0 36 127 5146 6402 16256
11696 5 0 838 2628 4104 11936
11698 7 0 127 183 2056 4229 12870 16256
11700 6 0 18 1972 5387 9924 10560
11702 6 0 20 127 480 7745 16256
11704 5 0 2052 4850 5331 8520
11706 6 0 127 1362 7552 8704 16256
11708 5 0 1753 6144 8495 8592
11710 6 0 64 127 192 1572 16256
11712 4 0 108 768 12318
11714 6 0 24 99 127 8807 16256
11716 6 0 830 2193 2618 4352 15434
11718 6 0 15 127 4272 8208 16256
11720 4 0 34 4424 11797
11722 6 0 127 1824 6026 10240 16256
11724 5 0 520 5287 9348 10610
11726 6 0 127 4097 8236 11602 16256
11728 4 0 5120 8800 10519
11730 5 0 127 2176 9730 16256
11732 5 0 1098 4128 7457 8852
11734 6 0 66 127 308 15110 16256
11736 5 0 5 1453 3344 13066
11738 6 0 34 127 1117 9536 16256
11740 5 0 3922 4331 5440 8196
11742 6 0 127 3344 3673 12288 16256
11744 4 0 513 2092 12598
11746 6 0 86 127 2089 4097 16256
11748 5 0 1025 2640 4222 12049
11750 6 0 127 2064 3336 12801 16256
11752 5 0 1404 2056 4641 11282
11754 6 0 68 127 674 15656 16256
11756 5 0 167 4118 8448 12104
11758 6 0 127 3140 8224 12808 16256
11760 5 0 2104 4352 12224 15892
11762 6 0 127 130 7680 9652 16256
11764 5 0 2052 8962 12476 15553
11766 6 0 127 576 6416 9122 16256
11768 5 0 528 9376 10791 12571
11770 6 0 127 136 6178 10148 16256
11772 5 0 1431 4172 8193 10810
11774 6 0 127 1028 8933 10760 16256
11776 3 0 1088 12832
11778 5 0 127 1025 8214 16256
11780 5 0 80 2876 3332 9667
11782 6 0 127 160 4372 13701 16256
11784 5 0 2248 2471 8196 9433
11786 6 0 47 80 127 7686 16256
11788 5 0 36 4718 7505 12418
11790 6 0 127 1032 8466 11562 16256
11792 4 0 824 4100 11330
11794 6 0 127 1536 8230 8665 16256
11796 5 0 258 2216 5217 8982
11798 6 0 127 1152 5451 10260 16256
11800 5 0 130 3168 10894 15109
11802 6 0 5 127 2298 10560 16256
11804 5 0 2052 3988 4122 9185
11806 6 0 127 1175 6144 8262 16256
11808 4 0 66 2456 7173
11810 5 0 68 127 2193 16256
11812 5 0 136 2832 11466 15397
11814 6 0 127 513 3140 4701 16256
11816 5 0 1493 6784 8200 8783
11818 6 0 36 127 2428 8211 16256
11820 5 0 258 3756 4169 14098
11822 6 0 36 127 5131 10265 16256
11824 5 0 228 1025 1987 6040
11826 6 0 127 4352 5041 11272 16256
11828 5 0 260 6565 6770 9736
11830 6 0 127 272 1395 10816 16256
11832 5 0 308 1088 1267 14538
11834 6 0 127 1280 1960 14464 16256
11836 5 0 18 8709 10962 13624
11838 6 0 5 127 4866 6262 16256
11840 4 0 24 2242 3614
11842 6 0 6 127 1112 3623 16256
11844 5 0 6 393 4841 10526
11846 5 0 127 6144 10112 16256
11848 5 0 4128 4462 9536 9921
11850 6 0 127 2176 11665 12816 16256
11852 5 0 80 3697 4110 12713
11854 6 0 96 127 1478 6288 16256
11856 5 0 264 1990 2972 8292
11858 6 0 127 1536 3385 8262 16256
11860 5 0 768 2059 6082 8886
11862 6 0 127 1088 2832 15436 16256
11864 5 0 105 8320 8862 15121
11866 6 0 127 291 8572 9216 16256
11868 5 0 2179 4128 6988 13369
11870 6 0 127 1108 4224 4638 16256
11872 4 0 2176 7088 12298
11874 5 0 36 127 13328 16256
11876 5 0 2080 6439 9729 9938
11878 6 0 9 127 2608 8313 16256
11880 5 0 130 4632 6731 9395
11882 6 0 30 127 3175 12288 16256
11884 5 0 332 2050 6834 11465
11886 6 0 127 2052 2254 5250 16256
11888 4 0 652 8448 12658
11890 6 0 127 513 3809 12672 16256
11892 5 0 1025 6184 6457 9863
11894 6 0 101 127 2304 2712 16256
11896 5 0 528 4269 8610 13638
11898 6 0 127 768 4034 12291 16256
11900 5 0 1646 2374 4097 11152
11902 6 0 127 2069 4128 4211 16256
11904 4 0 80 4258 6356
11906 6 0 127 3265 6016 10240 16256
11908 5 0 1474 2080 10795 12564
11910 6 0 33 127 1550 3664 16256
11912 4 0 1368 2176 12838
11914 6 0 127 3072 4482 12036 16256
11916 5 0 1795 3909 4112 10410
11918 6 0 5 127 7424 14664 16256
11920 4 0 288 3736 12301
11922 6 0 30 127 5857 8704 16256
11924 5 0 65 247 4276 7944
11926 6 0 127 4739 5432 10240 16256
11928 5 0 272 581 3480 14568
11930 6 0 127 401 1056 1134 16256
11932 5 0 236 2050 6112 8253
11934 6 0 127 2373 4104 10064 16256
11936 4 0 18 10340 14721
11938 6 0 72 127 3537 12928 16256
11940 5 0 2309 6925 9216 11474
11942 6 0 127 2051 5248 10496 16256
11944 5 0 640 4473 9475 13366
11946 6 0 9 127 7873 13568 16256
11948 5 0 33 6686 11716 12362
11950 6 0 66 127 1766 10753 16256
11952 5 0 3087 4352 8378 8929
11954 5 0 20 127 14592 16256
11956 5 0 802 2056 7384 9126
11958 6 0 66 127 6499 9348 16256
11960 5 0 4100 9345 12582 12889
11962 6 0 33 127 222 8900 16256
11964 5 0 520 3141 3491 12375
11966 6 0 127 257 1250 1678 16256
11968 4 0 1079 1249 12288
11970 6 0 65 127 2078 8766 16256
11972 4 0 516 6378 9489
11974 6 0 127 640 2874 15364 16256
11976 4 0 72 677 11570
11978 5 0 127 4352 11456 16256
11980 5 0 1342 2049 5328 14024
11982 6 0 127 968 4128 10779 16256
11984 4 0 2560 5299 12553
11986 6 0 127 576 6432 9921 16256
11988 5 0 2268 6401 8256 9826
11990 6 0 34 127 6937 8333 16256
11992 5 0 3614 5301 5656 8448
11994 6 0 127 1591 1736 8448 16256
11996 5 0 768 4283 5258 11462
11998 6 0 127 260 5314 12410 16256
12000 4 0 2269 3604 8448
12002 6 0 115 127 264 2220 16256
12004 5 0 2402 5020 8320 10005
12006 6 0 44 127 5201 8224 16256
12008 5 0 640 1114 6373 14915
12010 6 0 20 127 1417 14978 16256
12012 5 0 1536 4322 6025 10293
12014 6 0 127 2112 5155 5842 16256
12016 5 0 355 3602 8224 13201
12018 6 0 127 2056 5776 11076 16256
12020 5 0 313 516 12162 14676
12022 6 0 127 4104 5781 8498 16256
12024 5 0 136 3331 6235 12977
12026 6 0 127 2162 6253 8196 16256
12028 5 0 12 811 4754 11349
12030 6 0 127 544 1428 11912 16256
12032 3 0 9 930
12034 5 0 127 544 13696 16256
12036 4 0 2296 4097 9990
12038 6 0 127 1240 5553 10240 16256
12040 4 0 3908 4777 8208
12042 6 0 127 241 366 9216 16256
12044 5 0 2904 4128 5671 9664
12046 6 0 127 5120 8978 9314 16256
12048 4 0 3621 4112 10720
12050 5 0 127 3604 4224 16256
12052 5 0 33 1816 7874 12601
12054 6 0 17 127 1378 10130 16256
12056 5 0 65 7058 9100 14394
12058 6 0 9 127 2772 15616 16256
12060 5 0 5635 6364 8224 15712
12062 6 0 6 127 866 1480 16256
12064 4 0 96 7704 9498
12066 6 0 5 127 602 12397 16256
12068 5 0 516 5235 6709 8586
12070 6 0 127 5120 10327 13056 16256
12072 5 0 520 6610 7553 8423
12074 6 0 36 127 7360 13075 16256
12076 5 0 320 3556 3602 14379
12078 6 0 9 127 8754 12897 16256
12080 5 0 40 5010 7558 10391
12082 6 0 10 127 6673 9704 16256
12084 5 0 9 5689 7394 10532
12086 6 0 127 2304 6824 8275 16256
12088 5 0 36 1819 2670 7552
12090 6 0 127 384 6247 8284 16256
12092 5 0 1536 1703 7632 8361
12094 6 0 127 405 6144 10900 16256
12096 4 0 358 640 5860
12098 5 0 127 1173 2304 16256
12100 4 0 1366 2056 13025
12102 5 0 127 4224 12064 16256
12104 4 0 2391 5660 8320
12106 6 0 127 514 762 9285 16256
12108 5 0 33 1897 8404 14930
12110 6 0 127 1934 4160 9493 16256
12112 4 0 66 5529 10889
12114 6 0 127 384 1843 15873 16256
12116 5 0 144 1888 2455 12314
12118 6 0 127 272 1912 2189 16256
12120 5 0 5 477 6563 11408
12122 6 0 20 127 713 8566 16256
12124 5 0 2744 3072 3358 12865
12126 6 0 127 4608 8312 12756 16256
12128 4 0 1448 2560 11804
12130 6 0 127 257 3192 4103 16256
12132 5 0 72 971 5395 11428
12134 6 0 127 544 4747 11278 16256
12136 5 0 34 2503 6377 8796
12138 6 0 127 1110 4352 12347 16256
12140 5 0 211 4100 5677 10567
12142 6 0 127 528 1301 12516 16256
12144 4 0 576 5748 12553
12146 5 0 20 127 10048 16256
12148 5 0 1026 8651 14085 14392
12150 6 0 127 1450 4849 8193 16256
12152 4 0 80 3334 4825
12154 6 0 127 160 7572 10771 16256
12156 5 0 514 4381 6713 13507
12158 6 0 127 2215 8208 10757 16256
12160 3 0 96 7306
12162 5 0 127 192 9987 16256
12164 4 0 671 3072 12650
12166 6 0 127 8196 8296 15968 16256
12168 4 0 758 3072 12843
12170 5 0 34 127 1244 16256
12172 5 0 2176 8758 10728 13319
12174 6 0 127 4482 8448 14489 16256
12176 4 0 17 6988 7558
12178 6 0 34 127 9309 15492 16256
12180 5 0 10 2207 10096 10449
12182 6 0 5 127 6450 9427 16256
12184 5 0 72 8572 11665 12838
12186 6 0 127 1387 4125 4128 16256
12188 5 0 2870 4160 6492 9605
12190 6 0 24 127 374 3523 16256
12192 4 0 637 1341 10240
12194 6 0 127 320 908 15524 16256
12196 5 0 68 4849 5654 15626
12198 6 0 127 2056 4725 5020 16256
12200 5 0 100 516 7691 14723
12202 6 0 40 127 7073 9351 16256
12204 5 0 132 4712 6931 9428
12206 6 0 127 2530 2727 8704 16256
12208 5 0 2064 8561 9414 11858
12210 5 0 127 5120 10570 16256
12212 5 0 4339 7588 8256 9755
12214 6 0 127 2050 8682 9020 16256
12216 5 0 4965 7435 8194 9161
12218 5 0 55 127 12288 16256
12220 5 0 68 1694 12658 15875
12222 6 0 127 2056 6244 11569 16256
12224 3 0 96 10526
12226 5 0 127 640 13472 16256
12228 5 0 1747 5690 8256 14381
12230 5 0 34 127 8541 16256
12232 5 0 258 2835 4336 10036
12234 6 0 24 127 3748 14160 16256
12236 5 0 7248 8196 8622 10901
12238 6 0 12 127 12052 14640 16256
12240 5 0 2663 8196 9697 9794
12242 5 0 127 2176 4453 16256
12244 5 0 2800 5404 8224 8759
12246 6 0 127 1536 2157 8558 16256
12248 5 0 10 1390 7776 12627
12250 6 0 127 2050 6746 8493 16256
12252 5 0 3072 3937 8824 13478
12254 6 0 127 260 1543 3782 16256
12256 4 0 48 1432 13985
12258 5 0 127 1025 12745 16256
12260 5 0 5207 6052 11405 12288
12262 6 0 127 1266 2080 11928 16256
12264 5 0 4128 11049 12443 14272
12266 5 0 127 640 11587 16256
12268 5 0 36 365 13826 15508
12270 6 0 127 8200 9618 12741 16256
12272 4 0 272 5014 9763
12274 5 0 127 129 5066 16256
12276 5 0 72 7476 8828 14483
12278 6 0 127 1402 4594 8704 16256
12280 4 0 65 3131 5580
12282 5 0 127 2049 7076 16256
12284 4 0 1990 2560 10361
12286 4 0 127 2112 16256
12288 2 0 288
12290 5 0 36 127 413 16256
12292 5 0 1056 2891 10956 13478
12294 6 0 127 2176 7396 9739 16256
12296 5 0 8194 8590 12292 15920
12298 6 0 33 127 6485 10858 16256
12300 5 0 2052 5080 5667 14916
12302 6 0 18 127 6699 15385 16256
12304 5 0 1766 2049 3733 4251
12306 6 0 127 384 4794 10437 16256
12308 5 0 320 6810 8501 9682
12310 6 0 127 2867 5829 6144 16256
12312 5 0 80 4695 7214 8503
12314 5 0 18 127 11916 16256
12316 5 0 3072 4221 11399 14083
12318 6 0 127 4311 6541 12288 16256
12320 4 0 5 1514 9359
12322 5 0 127 384 4298 16256
12324 5 0 1870 2049 10347 13457
12326 6 0 127 2289 3690 10240 16256
12328 5 0 2049 3635 12660 15136
12330 6 0 127 1643 2325 3072 16256
12332 5 0 1026 7396 9495 10829
12334 6 0 48 127 5842 14160 16256
12336 4 0 257 7848 10601
12338 5 0 127 4352 8525 16256
12340 5 0 2050 2663 7564 9464
12342 6 0 127 1028 3266 10021 16256
12344 4 0 1280 2032 14499
12346 5 0 127 1056 3127 16256
12348 4 0 1025 5517 10482
12350 4 0 127 4352 16256
12352 4 0 40 9644 13729
12354 6 0 24 127 5433 9415 16256
12356 5 0 246 528 663 15712
12358 6 0 127 1992 2052 6316 16256
12360 5 0 2112 4711 6840 15940
12362 6 0 127 2056 3560 14917 16256
12364 5 0 3494 4098 6217 13906
12366 6 0 127 4224 4381 4525 16256
12368 5 0 1040 1087 4884 12376
12370 5 0 127 136 1679 16256
12372 5 0 4811 10355 12288 14216
12374 6 0 127 4352 7461 10419 16256
12376 5 0 10 1741 6694 9642
12378 6 0 66 127 1273 2887 16256
12380 5 0 257 9751 13417 14729
12382 6 0 127 2304 4064 6825 16256
12384 4 0 4104 6174 11299
12386 6 0 17 127 1335 14426 16256
12388 5 0 1088 1490 4647 14442
12390 6 0 127 1280 5149 6049 16256
12392 5 0 72 2639 8314 9522
12394 6 0 72 127 954 4717 16256
12396 5 0 72 2286 11347 13121
12398 6 0 65 127 8904 10609 16256
12400 4 0 34 1374 4283
12402 6 0 96 127 875 3508 16256
12404 5 0 640 3784 5405 10794
12406 6 0 127 3851 4100 14853 16256
12408 4 0 8194 8989 15430
12410 5 0 127 2560 11924 16256
12412 4 0 2304 2930 14477
12414 6 0 12 127 4924 13908 16256
12416 3 0 129 3505
12418 6 0 33 127 12643 13341 16256
12420 5 0 3251 12288 13084 15416
12422 6 0 127 2176 11321 14502 16256
12424 5 0 2176 11406 12664 14516
12426 6 0 48 127 3478 12858 16256
12428 5 0 1028 4723 7558 13342
12430 6 0 127 1030 9216 11368 16256
12432 5 0 768 3187 7456 13122
12434 5 0 10 127 12890 16256
12436 5 0 2050 9773 11290 14788
12438 6 0 127 2112 2652 6325 16256
12440 5 0 136 2988 11783 14489
12442 6 0 127 160 2291 4540 16256
12444 5 0 1438 2560 10850 14483
12446 6 0 68 127 2172 12642 16256
12448 4 0 768 922 3275
12450 6 0 72 127 2855 9306 16256
12452 5 0 2050 2538 10012 15367
12454 6 0 127 1056 8765 13349 16256
12456 5 0 96 3430 8952 10546
12458 6 0 96 127 8221 10338 16256
12460 5 0 640 6790 8665 15472
12462 6 0 127 4352 5389 6296 16256
12464 4 0 3414 8224 12341
12466 5 0 127 2052 6804 16256
12468 5 0 191 4352 12613 14148
12470 6 0 12 127 8398 8442 16256
12472 4 0 3734 4352 12705
12474 5 0 127 2304 14736 16256
12476 4 0 72 7856 8271
12478 6 0 127 384 931 1085 16256
12480 4 0 3 2607 10535
12482 5 0 127 1088 3665 16256
12484 5 0 96 1900 3243 13432
12486 6 0 127 1954 3072 7181 16256
12488 5 0 257 371 8413 11811
12490 6 0 34 127 6310 10060 16256
12492 5 0 257 2507 3373 13104
12494 6 0 127 260 3908 15776 16256
12496 5 0 3306 5160 12288 12848
12498 6 0 96 127 4730 10469 16256
12500 5 0 384 3554 5804 8633
12502 6 0 127 1536 1960 7196 16256
12504 5 0 1088 5073 10597 11842
12506 6 0 127 1280 2639 3888 16256
12508 5 0 3283 6144 7046 14456
12510 6 0 96 127 2785 12050 16256
12512 4 0 65 973 9799
12514 6 0 127 1152 6851 9617 16256
12516 5 0 827 2056 3784 12622
12518 6 0 127 12288 13093 14568 16256
12520 5 0 192 1196 2259 9900
12522 6 0 127 8320 8367 8696 16256
12524 5 0 192 2985 4310 12162
12526 6 0 127 555 8224 10792 16256
12528 4 0 5554 8208 8727
12530 5 0 33 127 869 16256
12532 5 0 136 1724 7336 14407
12534 6 0 127 10240 11841 12098 16256
12536 4 0 192 760 13699
12538 6 0 34 127 7600 8762 16256
12540 5 0 2049 9448 10321 13070
12542 6 0 127 544 2730 4910 16256
12544 3 0 544 3880
12546 5 0 72 127 8906 16256
12548 5 0 144 1238 7060 11339
12550 6 0 127 160 9896 14513 16256
12552 5 0 1280 5492 9605 14924
12554 6 0 9 127 4877 11921 16256
12556 5 0 2112 5001 7248 13606
12558 6 0 127 264 4904 13827 16256
12560 5 0 1642 4112 4212 10896
12562 6 0 127 6936 8194 13442 16256
12564 5 0 2064 6353 9580 11154
12566 6 0 127 2304 14628 15626 16256
12568 5 0 516 629 5148 10118
12570 6 0 127 8320 9614 14977 16256
12572 5 0 257 5346 11832 12549
12574 6 0 34 127 8746 9761 16256
12576 5 0 1152 3285 9667 15491
12578 6 0 127 136 686 1753 16256
12580 5 0 544 4729 9064 9638
12582 6 0 127 4352 12620 14145 16256
12584 5 0 2304 4565 6482 11558
12586 6 0 5 127 605 10791 16256
12588 5 0 2049 3361 4840 8414
12590 6 0 127 321 2082 9492 16256
12592 5 0 2049 6437 9271 11795
12594 6 0 12 127 559 764 16256
12596 5 0 3493 4098 4627 9548
12598 6 0 127 2052 2063 10180 16256
12600 5 0 4968 8256 8539 9444
12602 5 0 34 118 127 16256
12604 5 0 2703 4112 5232 8465
12606 6 0 127 5716 8208 9328 16256
12608 4 0 514 5658 12942
12610 6 0 127 636 1025 5127 16256
12612 5 0 1894 3072 3160 12427
12614 6 0 48 127 950 4281 16256
12616 5 0 2894 8448 8984 13329
12618 6 0 33 127 1182 4321 16256
12620 5 0 514 819 5518 10854
12622 6 0 127 132 2220 2458 16256
12624 5 0 4889 5120 7944 15490
12626 6 0 127 4160 12050 12992 16256
12628 5 0 48 2736 3342 13649
12630 6 0 127 8448 8653 9491 16256
12632 5 0 576 962 3351 12476
12634 6 0 127 2052 2157 2710 16256
12636 5 0 4796 7281 8448 12554
12638 6 0 127 1282 2184 11312 16256
12640 4 0 544 757 6824
12642 6 0 127 6144 6201 7239 16256
12644 5 0 1040 6926 9265 10980
12646 6 0 127 288 1336 5715 16256
12648 5 0 72 3778 4174 12467
12650 6 0 127 493 8194 13330 16256
12652 5 0 6 5976 10905 12326
12654 6 0 6 127 2095 5198 16256
12656 4 0 8193 8397 10003
12658 5 0 127 528 12944 16256
12660 5 0 1884 2064 2585 12515
12662 6 0 91 127 4624 10368 16256
12664 5 0 72 4682 6549 15952
12666 6 0 127 4108 4211 8512 16256
12668 5 0 1032 5388 9038 10929
12670 6 0 127 870 2052 10254 16256
12672 4 0 8200 8648 9349
12674 6 0 65 127 1349 2170 16256
12676 5 0 5179 8208 11282 12224
12678 6 0 127 8256 8786 12853 16256
12680 5 0 6144 6227 10010 15520
12682 6 0 127 2056 2126 8763 16256
12684 5 0 3599 8224 8882 12644
12686 6 0 96 127 3184 7490 16256
12688 5 0 72 218 9404 14618
12690 6 0 6 127 2603 8278 16256
12692 5 0 576 4681 10470 13587
12694 6 0 127 1032 3209 8555 16256
12696 5 0 65 2257 4844 9126
12698 6 0 9 127 4633 6502 16256
12700 5 0 528 3728 9530 12645
12702 6 0 127 194 2081 8471 16256
12704 4 0 33 4769 9932
12706 5 0 127 1028 1428 16256
12708 5 0 3749 8196 8570 10262
12710 6 0 36 127 2094 13921 16256
12712 5 0 68 598 12065 13417
12714 6 0 9 107 127 6685 16256
12716 5 0 1040 3601 5405 8422
12718 6 0 127 4584 8448 10505 16256
12720 4 0 20 916 15682
12722 5 0 127 6144 7304 16256
12724 5 0 6 2246 4394 9755
12726 6 0 127 2304 2406 2844 16256
12728 4 0 2052 2260 9003
12730 6 0 127 2113 2238 12292 16256
12732 5 0 136 3181 6018 8345
12734 6 0 127 8704 8969 9246 16256
12736 4 0 5655 8194 12422
12738 6 0 74 127 1077 8209 16256
12740 5 0 24 984 6326 9273
12742 6 0 18 127 8754 9743 16256
12744 5 0 633 1025 11267 12965
12746 6 0 19 127 324 750 16256
12748 5 0 577 1160 7585 14366
12750 6 0 127 8320 9364 14363 16256
12752 4 0 104 4113 11938
12754 5 0 127 2562 8576 16256
12756 5 0 514 2996 4905 9794
12758 6 0 33 127 3121 5032 16256
12760 5 0 3662 4130 6317 8720
12762 6 0 127 2208 12289 14114 16256
12764 5 0 276 1262 4161 14883
12766 6 0 127 584 2084 5677 16256
12768 4 0 2088 2965 5376
12770 5 0 127 2368 4610 16256
12772 5 0 69 4616 5391 12000
12774 6 0 127 4416 8321 8551 16256
12776 5 0 130 647 9275 10950
12778 6 0 34 127 806 15536 16256
12780 5 0 1088 2718 3427 15424
12782 6 0 127 2564 4480 14636 16256
12784 4 0 6 2063 5940
12786 6 0 98 127 2184 4893 16256
12788 5 0 257 3529 5782 10529
12790 6 0 127 3088 6198 8201 16256
12792 5 0 4106 9248 13001 14611
12794 6 0 127 273 2286 4228 16256
12796 5 0 3014 5128 8322 8441
12798 6 0 127 266 9997 10272 16256
12800 3 0 520 4664
12802 5 0 127 168 6148 16256
12804 5 0 13 5122 5277 15170
12806 6 0 127 384 405 10130 16256
12808 5 0 784 4099 4695 12713
12810 6 0 66 127 1374 8291 16256
12812 5 0 24 602 5560 14661
12814 6 0 127 2065 4226 14512 16256
12816 5 0 546 11216 12289 15109
12818 7 0 20 127 468 821 1806 16256
12820 6 0 1453 1538 4113 6358 9891
12822 6 0 127 8704 8732 12098 16256
12824 5 0 608 1288 12443 13596
12826 6 0 127 8200 8333 8442 16256
12828 5 0 17 569 4341 11570
12830 6 0 127 193 8198 9673 16256
12832 5 0 2808 8320 8401 9102
12834 7 0 56 127 4356 6761 9479 16256
12836 5 0 1312 2654 4288 12505
12838 6 0 127 1048 7251 8832 16256
12840 5 0 576 707 13016 15908
12842 6 0 127 6400 8832 9861 16256
12844 5 0 2592 6364 9217 9547
12846 6 0 127 1089 2432 5328 16256
12848 5 0 1056 1849 5282 15152
12850 6 0 74 127 1461 8464 16256
12852 5 0 2336 5340 8705 9091
12854 6 0 127 289 2116 5427 16256
12856 5 0 2050 2627 6430 11372
12858 6 0 5 127 7813 8469 16256
12860 5 0 3072 3206 12065 14428
12862 6 0 127 1154 2081 11317 16256
12864 4 0 130 4322 4763
12866 5 0 100 127 12290 16256
12868 5 0 637 1282 4192 14210
12870 6 0 70 127 672 7811 16256
12872 5 0 1156 1390 6176 6329
12874 6 0 38 127 8201 8566 16256
12876 6 0 131 548 1838 6738 8659
12878 6 0 127 640 658 2138 16256
12880 5 0 162 3314 9932 10244
12882 6 0 127 1536 1543 5752 16256
12884 5 0 2208 8798 8960 14085
12886 6 0 127 134 769 13447 16256
12888 5 0 530 1312 2531 9644
12890 6 0 127 1536 1567 1636 16256
12892 5 0 580 2178 5972 8303
12894 6 0 127 1536 1768 13840 16256
12896 4 0 84 169 14338
12898 6 0 127 8193 9857 14595 16256
12900 6 0 1753 2068 4225 4523 10421
12902 6 0 80 127 1144 2643 16256
12904 5 0 80 5659 8432 8534
12906 6 0 127 8448 11536 13192 16256
12908 5 0 288 881 6287 13600
12910 6 0 127 1089 8232 9784 16256
12912 5 0 1792 4002 8216 9628
12914 6 0 100 127 1691 12416 16256
12916 6 0 48 3632 6193 9102 13123
12918 6 0 127 2054 2407 8832 16256
12920 5 0 2855 4624 6832 9280
12922 6 0 104 127 3159 9728 16256
12924 6 0 41 6427 9188 9280 13379
12926 6 0 127 3145 4352 4355 16256
12928 4 0 3 539 9027
12930 6 0 127 3968 8195 12292 16256
12932 5 0 2816 5251 8572 8720
12934 6 0 19 127 5248 10022 16256
12936 5 0 1537 2312 2477 9803
12938 6 0 37 127 1034 4213 16256
12940 6 0 851 1654 9216 9236 14492
12942 6 0 127 262 1048 3640 16256
12944 5 0 173 2128 6272 13857
12946 7 0 127 1741 1862 4097 5377 16256
12948 6 0 48 564 3478 7761 8238
12950 6 0 100 127 9218 9562 16256
12952 5 0 257 1345 6302 12332
12954 7 0 127 1026 1410 3592 11112 16256
12956 5 0 96 230 8032 8317
12958 6 0 127 1156 3136 8489 16256
12960 5 0 131 1160 1311 6288
12962 6 0 127 529 3584 14720 16256
12964 5 0 448 2051 3187 9164
12966 6 0 18 102 127 1043 16256
12968 5 0 4504 5447 8194 10274
12970 6 0 66 127 219 230 16256
12972 6 0 583 3136 4411 9172 10272
12974 6 0 36 55 127 1125 16256
12976 5 0 1152 1155 2755 8566
12978 6 0 52 127 4811 5632 16256
12980 5 0 4393 4608 4868 11474
12982 6 0 60 127 194 11268 16256
12984 5 0 12 77 4804 15634
12986 6 0 70 127 8509 12544 16256
12988 6 0 11 1491 4360 6290 10980
12990 6 0 127 586 2308 13314 16256
12992 4 0 3584 8288 12396
12994 5 0 35 127 10752 16256
12996 5 0 280 714 6400 9333
12998 6 0 50 127 10362 10752 16256
13000 5 0 61 1160 5124 15114
13002 6 0 127 3328 7554 8706 16256
13004 6 0 1483 3584 5896 6160 9956
13006 6 0 127 2624 8706 9356 16256
13008 5 0 202 1553 8260 14752
13010 7 0 127 544 2739 8746 8996 16256
13012 6 0 14 296 1830 2233 15169
13014 6 0 127 318 10240 10624 16256
13016 5 0 8320 8372 10636 12995
13018 7 0 127 2068 3104 8308 12622 16256
13020 6 0 72 221 1798 8266 15712
13022 6 0 81 127 1216 2856 16256
13024 5 0 1288 2153 4064 13312
13026 6 0 107 127 8196 8213 16256
13028 5 0 33 113 3725 12656
13030 6 0 127 6785 8193 9729 16256
13032 5 0 574 5329 8449 9280
13034 7 0 127 192 480 7175 7320 16256
13036 5 0 36 556 1873 14994
13038 6 0 127 2306 9218 10348 16256
13040 5 0 157 1360 6536 8226
13042 7 0 127 1028 6881 9732 11307 16256
13044 6 0 265 2568 7721 8966 13264
13046 6 0 40 58 127 14994 16256
13048 5 0 3102 5461 8704 9856
13050 6 0 65 85 127 4910 16256
13052 5 0 2900 7334 8193 8457
13054 6 0 127 4201 8768 12290 16256
13056 4 0 1028 3140 3778
13058 6 0 127 2112 7232 9091 16256
13060 5 0 522 1288 7748 8625
13062 6 0 127 1032 1546 8295 16256
13064 5 0 4788 8324 12304 15682
13066 6 0 127 6144 7172 9112 16256
13068 5 0 1028 1548 2387 13025
13070 6 0 127 129 6273 6358 16256
13072 5 0 736 3862 4122 13312
13074 7 0 127 154 3092 5152 10435 16256
13076 6 0 164 1029 7941 8904 11442
13078 6 0 127 629 2560 14848 16256
13080 5 0 22 4481 8713 10358
13082 7 0 68 108 127 861 3851 16256
13084 6 0 738 1057 4384 7197 15172
13086 6 0 127 2080 3209 6180 16256
13088 5 0 1058 5184 10577 14946
13090 6 0 127 515 3458 12800 16256
13092 5 0 80 86 1750 14629
13094 6 0 127 1088 1091 6446 16256
13096 5 0 4162 4256 8981 11442
13098 6 0 68 118 127 1101 16256
13100 6 0 260 2309 5299 10650 13032
13102 6 0 127 5251 6144 6688 16256
13104 5 0 1026 1570 4437 6531
13106 5 0 9 75 127 16256
13108 5 0 4104 4140 4414 11907
13110 6 0 41 88 127 6056 16256
13112 5 0 4998 5120 5156 10779
13114 6 0 127 292 2564 13696 16256
13116 6 0 9 1653 4121 10929 14786
13118 6 0 44 127 517 13380 16256
13120 4 0 4104 4248 9606
13122 6 0 19 127 2158 4161 16256
13124 5 0 320 4424 4507 15940
13126 6 0 127 320 330 7945 16256
13128 5 0 2053 3852 4609 8430
13130 7 0 127 1623 8224 9758 12321 16256
13132 5 0 384 960 4219 11380
13134 6 0 127 262 2116 11299 16256
13136 5 0 6 4230 7108 8938
13138 6 0 127 272 1328 15041 16256
13140 6 0 518 2308 3041 5425 12335
13142 6 0 127 144 212 14985 16256
13144 5 0 4540 8336 8739 9280
13146 6 0 127 3922 12288 12417 16256
13148 5 0 1536 6371 9736 14644
13150 6 0 127 259 800 6257 16256
13152 4 0 259 1768 2054
13154 5 0 127 2052 10500 16256
13156 5 0 1280 9488 10860 13475
13158 6 0 127 261 322 3988 16256
13160 5 0 862 1025 1285 11504
13162 6 0 3 127 135 3320 16256
13164 6 0 9 43 10556 14922 16001
13166 6 0 112 127 1116 4384 16256
13168 5 0 2058 8477 10241 13009
13170 6 0 127 2305 4342 8201 16256
13172 5 0 522 5616 10242 12877
13174 6 0 43 127 150 5121 16256
13176 5 0 4225 6400 11810 12574
13178 6 0 127 4356 7976 8324 16256
13180 5 0 948 2082 5122 10331
13182 6 0 127 776 6373 9472 16256
13184 4 0 2109 4624 5124
13186 5 0 127 8256 12384 16256
13188 5 0 2053 2336 9430 13067
13190 6 0 76 112 127 12658 16256
13192 5 0 132 420 6215 8796
13194 7 0 21 127 456 5252 6968 16256
13196 6 0 1763 4101 8876 14336 15664
13198 6 0 127 3881 9224 10256 16256
13200 5 0 49 1296 3723 11618
13202 7 0 19 127 578 11572 12698 16256
13204 5 0 258 771 11632 12508
13206 6 0 127 2576 4552 9250 16256
13208 5 0 260 4484 9074 11843
13210 6 0 127 168 343 1664 16256
13212 5 0 1552 4466 8209 14477
13214 6 0 127 2561 4736 13389 16256
13216 4 0 6 4614 12521
13218 5 0 5 127 325 16256
13220 5 0 104 5661 8258 10631
13222 6 0 127 1048 2622 9248 16256
13224 5 0 644 4288 9773 11604
13226 6 0 127 640 720 1327 16256
13228 6 0 194 546 5894 7024 8665
13230 6 0 127 1042 5767 8240 16256
13232 4 0 695 1088 3144
13234 7 0 127 904 2144 4596 13336 16256
13236 6 0 1281 4418 7832 8621 9264
13238 6 0 14 127 261 13665 16256
13240 5 0 3429 4113 7346 8720
13242 6 0 127 8232 8407 8705 16256
13244 5 0 196 1060 9529 14855
13246 6 0 76 127 265 7182 16256
13248 4 0 768 1856 12622
13250 5 0 127 4232 8264 16256
13252 5 0 194 6205 9158 10304
13254 6 0 127 641 695 4129 16256
13256 5 0 2177 2267 10248 13224
13258 7 0 127 4610 5378 9744 10756 16256
13260 6 0 58 145 718 7169 10554
13262 6 0 127 4102 4256 14508 16256
13264 5 0 138 4538 8201 10261
13266 6 0 28 127 928 1123 16256
13268 5 0 1552 2314 6535 8300
13270 6 0 76 127 953 10244 16256
13272 5 0 13 9224 11096 11442
13274 6 0 69 127 769 15498 16256
13276 5 0 49 2690 2972 13378
13278 6 0 127 1042 4673 9096 16256
13280 4 0 140 8708 9011
13282 6 0 52 127 8736 12619 16256
13284 5 0 152 1552 1598 10697
13286 6 0 88 127 5014 9232 16256
13288 5 0 2088 2308 5827 14379
13290 7 0 127 340 2816 4202 9229 16256
13292 5 0 4551 8240 9224 10930
13294 6 0 127 2294 8195 9472 16256
13296 5 0 3144 5907 8328 9473
13298 6 0 43 84 127 12338 16256
13300 6 0 2358 2592 3136 5017 11728
13302 6 0 127 202 5253 10496 16256
13304 5 0 146 2072 5692 6993
13306 6 0 127 2141 6144 6178 16256
13308 5 0 2304 3840 6445 10450
13310 6 0 127 521 2177 4745 16256
13312 3 0 224 8257
13314 6 0 127 2816 9221 13504 16256
13316 5 0 1060 1168 7512 9383
13318 6 0 76 127 4232 7810 16256
13320 5 0 2066 2564 7338 10868
13322 7 0 127 137 2147 7438 12864 16256
13324 6 0 1058 1564 2478 13409 14337
13326 6 0 127 2692 4360 8835 16256
13328 5 0 148 332 538 2533
13330 6 0 28 99 127 4818 16256
13332 5 0 44 2698 4177 10084
13334 6 0 19 127 4796 12304 16256
13336 5 0 1488 1608 4102 13097
13338 6 0 50 127 2413 10272 16256
13340 5 0 5120 5140 6947 15560
13342 6 0 127 1616 5140 6656 16256
13344 4 0 304 5188 9089
13346 5 0 49 127 12320 16256
13348 5 0 97 4963 8384 11414
13350 6 0 104 127 634 1544 16256
13352 5 0 224 1300 7192 12038
13354 6 0 48 113 127 2110 16256
13356 6 0 266 321 4876 8533 16032
13358 5 0 30 97 127 16256
13360 5 0 228 1814 2481 14336
13362 6 0 102 127 1153 2075 16256
13364 5 0 208 3810 8460 13329
13366 6 0 127 3590 7200 8832 16256
13368 5 0 336 2204 8833 13861
13370 6 0 26 127 268 877 16256
13372 5 0 1812 2184 4355 10473
13374 6 0 127 195 2320 15488 16256
13376 4 0 37 672 10936
13378 6 0 102 127 6272 8221 16256
13380 5 0 824 1164 2051 14915
13382 6 0 127 1030 1207 13312 16256
13384 5 0 2081 5916 8776 11330
13386 6 0 54 73 127 12467 16256
13388 5 0 3168 4842 8212 11521
13390 6 0 127 536 8577 12865 16256
13392 5 0 153 677 5774 10272
13394 6 0 127 332 3520 12800 16256
13396 6 0 2237 8216 8948 12290 13571
13398 6 0 127 7552 8206 8240 16256
13400 4 0 1288 6178 8916
13402 6 0 127 4704 8197 8314 16256
13404 6 0 974 1064 2055 9363 14625
13406 6 0 127 2054 5672 10257 16256
13408 5 0 6336 6561 8210 10564
13410 7 0 127 328 961 1561 8360 16256
13412 5 0 2338 2951 5136 8428
13414 6 0 127 312 1159 12416 16256
13416 5 0 1000 1092 6572 8721
13418 6 0 127 7680 8337 8576 16256
13420 5 0 208 1803 14502 14592
13422 6 0 127 336 2083 9952 16256
13424 4 0 529 10498 13416
13426 6 0 127 1061 5210 10256 16256
13428 5 0 134 3729 4145 12104
13430 6 0 19 127 228 11656 16256
13432 5 0 162 277 5508 10346
13434 6 0 127 2572 3970 12352 16256
13436 5 0 3111 4360 9169 9234
13438 6 0 127 816 4554 12292 16256
13440 4 0 4129 9730 10788
13442 6 0 127 585 4354 10294 16256
13444 5 0 416 3112 4499 8788
13446 6 0 127 3840 6411 12352 16256
13448 5 0 81 5024 8338 13582
13450 6 0 28 127 1139 8451 16256
13452 5 0 89 2562 5477 9112
13454 6 0 127 1218 2192 12612 16256
13456 4 0 3185 4618 8352
13458 6 0 127 3028 4130 9225 16256
13460 5 0 1683 4133 8216 11208
13462 6 0 127 522 7200 9889 16256
13464 5 0 772 7232 9065 12430
13466 6 0 127 4116 6251 9480 16256
13468 5 0 1036 2845 5283 8513
13470 6 0 127 1076 6176 9090 16256
13472 4 0 617 3456 10256
13474 6 0 31 127 800 2148 16256
13476 5 0 774 2250 9220 13361
13478 6 0 127 2794 4354 9744 16256
13480 5 0 774 3289 5525 6176
13482 6 0 127 2359 4424 8706 16256
13484 4 0 292 5827 10264
13486 6 0 127 2368 4768 10812 16256
13488 5 0 2096 8239 9476 12966
13490 6 0 127 322 4233 12052 16256
13492 5 0 1672 2306 9101 13425
13494 6 0 25 127 3661 4196 16256
13496 4 0 1161 4416 10918
13498 5 0 127 6656 9504 16256
13500 5 0 1030 2151 8128 8248
13502 6 0 127 6180 8384 10519 16256
13504 4 0 3088 8488 9382
13506 6 0 127 300 3667 8258 16256
13508 5 0 568 1408 6924 9457
13510 6 0 127 161 588 6806 16256
13512 4 0 1553 4558 8288
13514 5 0 53 127 8258 16256
13516 5 0 1170 2053 4903 10872
13518 6 0 127 518 1843 4177 16256
13520 4 0 608 3082 7057
13522 5 0 127 549 8258 16256
13524 5 0 268 3254 12354 13160
13526 6 0 127 645 8264 13637 16256
13528 5 0 3073 8360 11309 12950
13530 6 0 103 127 280 4482 16256
13532 5 0 538 4161 6277 9586
13534 6 0 127 2060 8414 8416 16256
13536 4 0 81 12324 13768
13538 5 0 127 138 3077 16256
13540 5 0 2752 3166 4113 7073
13542 6 0 127 135 1137 1538 16256
13544 5 0 650 2081 5477 7191
13546 7 0 127 4642 5207 10248 15500 16256
13548 5 0 1034 4338 10497 11029
13550 6 0 127 2089 10676 12304 16256
13552 5 0 561 642 10301 12481
13554 6 0 127 2068 3481 12801 16256
13556 5 0 1297 1447 5715 10248
13558 6 0 127 1042 1958 10369 16256
13560 5 0 336 5005 8325 11309
13562 6 0 127 353 1598 9220 16256
13564 5 0 336 616 7620 8723
13566 6 0 127 2096 9489 9504 16256
13568 3 0 1668 2120
13570 5 0 127 1344 8203 16256
13572 5 0 524 2129 8636 11843
13574 6 0 127 196 2684 12576 16256
13576 5 0 1337 2096 12300 14471
13578 6 0 127 1792 12322 15524 16256
13580 5 0 3080 4227 4835 13140
13582 6 0 127 3200 8710 11380 16256
13584 5 0 131 5041 8752 13635
13586 5 0 7 127 5200 16256
13588 5 0 2082 2294 10060 12417
13590 6 0 127 2144 4123 6280 16256
13592 4 0 2816 5232 8327
13594 6 0 67 127 11208 13320 16256
13596 5 0 104 2061 4378 9956
13598 6 0 11 127 804 9991 16256
13600 5 0 3090 6609 12292 15940
13602 6 0 39 127 4232 9432 16256
13604 5 0 2184 2745 9249 13644
13606 6 0 127 4226 5125 10024 16256
13608 5 0 726 2569 5121 15628
13610 5 0 56 102 127 16256
13612 5 0 1060 3794 12312 12697
13614 6 0 25 127 3203 4385 16256
13616 4 0 1144 5379 8324
13618 6 0 89 127 388 2215 16256
13620 5 0 168 1824 6485 9986
13622 6 0 54 127 7690 8832 16256
13624 5 0 1108 5925 6922 8324
13626 6 0 127 704 2309 15621 16256
13628 5 0 776 1108 9003 14545
13630 6 0 127 1136 4232 6632 16256
13632 4 0 133 4386 12595
13634 5 0 127 196 13568 16256
13636 5 0 1098 1408 6712 12679
13638 6 0 127 1036 12608 13760 16256
13640 5 0 1086 2208 4227 14946
13642 6 0 127 200 2055 2298 16256
13644 5 0 641 7424 8903 9529
13646 6 0 127 200 523 8597 16256
13648 4 0 133 4625 9576
13650 5 0 127 1030 1128 16256
13652 5 0 3080 8709 9095 12916
13654 6 0 127 304 2594 5513 16256
13656 5 0 19 3165 4872 6323
13658 6 0 127 596 1282 1339 16256
13660 5 0 1029 1728 6512 13962
13662 6 0 127 228 3273 4356 16256
13664 4 0 525 4584 8706
13666 5 0 22 127 2464 16256
13668 5 0 776 3249 8577 12487
13670 6 0 104 127 2580 2774 16256
13672 5 0 3073 3847 4376 15416
13674 6 0 127 708 7168 15696 16256
13676 5 0 5601 6734 8225 8592
13678 6 0 127 162 2100 6793 16256
13680 4 0 712 1281 3379
13682 6 0 127 304 5762 10564 16256
13684 5 0 2004 2368 4199 14344
13686 6 0 127 1680 2894 8240 16256
13688 5 0 772 1410 5165 9049
13690 6 0 127 530 2817 13956 16256
13692 5 0 35 120 7697 8630
13694 6 0 73 127 7188 9776 16256
13696 4 0 35 1078 12305
13698 6 0 127 1218 2051 3196 16256
13700 5 0 3126 3328 4841 8544
13702 6 0 127 800 10624 14512 16256
13704 5 0 548 1505 2332 13057
13706 6 0 81 127 8032 9088 16256
13708 5 0 268 464 1135 14883
13710 6 0 127 3629 5760 6208 16256
13712 4 0 3649 4500 8225
13714 6 0 127 241 542 10272 16256
13716 5 0 530 2596 5545 10451
13718 6 0 82 127 3618 4396 16256
13720 5 0 1569 7074 8232 12888
13722 6 0 127 1401 4110 12320 16256
13724 5 0 193 299 6868 10000
13726 6 0 127 2596 7693 9220 16256
13728 4 0 302 2113 8725
13730 5 0 127 401 8705 16256
13732 5 0 5809 9344 10288 10573
13734 6 0 127 1034 4121 5489 16256
13736 4 0 526 1664 14449
13738 6 0 127 502 4144 4617 16256
13740 5 0 417 477 7222 8705
13742 6 0 85 127 2305 5720 16256
13744 4 0 1216 2185 15140
13746 5 0 88 127 4115 16256
13748 5 0 1155 4105 4972 15696
13750 6 0 127 4150 4289 4612 16256
13752 5 0 2203 4864 9286 13484
13754 6 0 127 148 4145 4446 16256
13756 5 0 896 1335 4676 10905
13758 6 0 23 127 2816 4509 16256
13760 4 0 445 4099 4236
13762 5 0 127 2128 4704 16256
13764 5 0 7016 8202 9792 11287
13766 6 0 127 299 4161 8816 16256
13768 5 0 584 1747 6672 15401
13770 6 0 14 127 7946 12672 16256
13772 4 0 100 659 15624
13774 6 0 127 273 4570 9480 16256
13776 4 0 50 225 14120
13778 5 0 19 127 11520 16256
13780 5 0 3014 4164 4272 9805
13782 6 0 127 208 6667 9988 16256
13784 4 0 1281 2800 12332
13786 6 0 127 727 769 2089 16256
13788 5 0 88 170 4565 11848
13790 6 0 127 424 1216 6632 16256
13792 4 0 44 202 6025
13794 5 0 127 1106 4672 16256
13796 5 0 37 1507 2132 14492
13798 6 0 127 596 9232 12405 16256
13800 5 0 406 3080 5857 10565
13802 6 0 127 902 1096 15377 16256
13804 5 0 1109 2982 4226 15112
13806 6 0 127 4388 12867 14336 16256
13808 4 0 6656 8298 8373
13810 6 0 127 6536 8195 9896 16256
13812 5 0 967 1154 3627 12306
13814 6 0 127 517 8644 13888 16256
13816 5 0 673 6176 11474 14756
13818 6 0 127 172 4339 10368 16256
13820 5 0 3073 6563 6672 11342
13822 6 0 127 1784 4116 7296 16256
13824 3 0 6464 8960
13826 5 0 127 1286 2432 16256
13828 5 0 2723 4354 10592 13340
13830 6 0 127 4109 5248 10601 16256
13832 4 0 100 4634 10629
13834 6 0 127 5056 6964 11264 16256
13836 5 0 19 2252 13730 16160
13838 6 0 127 1953 3362 12289 16256
13840 4 0 97 4889 10254
13842 6 0 127 1586 1869 10304 16256
13844 5 0 1180 4384 10129 10830
13846 6 0 127 2057 2226 5953 16256
13848 5 0 2359 5130 11264 11845
13850 6 0 127 1353 4240 9014 16256
13852 5 0 81 3385 5826 14468
13854 6 0 127 4610 9040 9385 16256
13856 4 0 2113 5170 8550
13858 6 0 127 4168 6707 9602 16256
13860 5 0 98 1741 7046 14608
13862 5 0 127 2432 13952 16256
13864 5 0 1092 8372 12843 15106
13866 6 0 127 1184 8569 10247 16256
13868 4 0 954 4101 11344
13870 5 0 127 7304 8960 16256
13872 5 0 2088 5713 10436 15234
13874 5 0 127 274 6912 16256
13876 5 0 400 5199 8310 10912
13878 6 0 127 3200 12848 13954 16256
13880 4 0 515 3388 4560
13882 6 0 75 127 2082 2359 16256
13884 5 0 1538 5690 8688 10253
13886 6 0 127 2336 11417 12301 16256
13888 4 0 780 2306 3011
13890 5 0 97 127 8640 16256
13892 4 0 494 6400 9745
13894 5 0 62 127 4161 16256
13896 4 0 1610 9525 14336
13898 5 0 127 276 618 16256
13900 5 0 545 3025 4250 11318
13902 6 0 127 1167 1537 14404 16256
13904 4 0 552 3154 15234
13906 5 0 127 1029 10328 16256
13908 5 0 98 4944 8423 11304
13910 6 0 127 2057 2278 14594 16256
13912 5 0 742 4368 4682 13389
13914 6 0 127 1168 8382 8515 16256
13916 5 0 280 6372 9891 15365
13918 6 0 127 673 2082 3118 16256
13920 4 0 208 6968 15368
13922 5 0 127 2722 8212 16256
13924 5 0 1474 6486 9893 12289
13926 6 0 127 475 1624 4354 16256
13928 5 0 28 865 8854 14732
13930 6 0 127 2032 6158 12289 16256
13932 5 0 2642 4354 11429 13064
13934 6 0 127 3013 5632 10284 16256
13936 5 0 2331 2564 5904 9102
13938 6 0 127 1156 2077 2275 16256
13940 5 0 2096 2243 5784 15140
13942 6 0 127 2718 6480 8257 16256
13944 5 0 112 6948 8591 10284
13946 5 0 7 127 2360 16256
13948 5 0 206 548 1623 14688
13950 6 0 127 181 4407 8712 16256
13952 3 0 1568 14656
13954 5 0 127 3844 4129 16256
13956 5 0 19 10436 11826 12493
13958 6 0 127 880 1863 6208 16256
13960 5 0 2662 3980 6945 8336
13962 6 0 127 515 636 13152 16256
13964 4 0 1044 2785 13066
13966 6 0 127 4360 8546 9993 16256
13968 4 0 164 7714 8249
13970 5 0 127 4932 10244 16256
13972 5 0 2592 8598 13417 14412
13974 6 0 127 133 3102 12402 16256
13976 4 0 529 3398 13474
13978 6 0 127 4293 7888 8449 16256
13980 5 0 1466 2624 8741 15688
13982 6 0 127 370 529 6388 16256
13984 4 0 386 1864 3365
13986 6 0 127 1795 4612 15494 16256
13988 4 0 770 3313 12812
13990 6 0 127 3937 7304 9728 16256
13992 4 0 6985 8596 9248
13994 5 0 112 127 331 16256
13996 5 0 138 1798 10853 14552
13998 6 0 127 4130 4804 14419 16256
14000 4 0 4416 5251 10929
14002 5 0 38 127 8849 16256
14004 5 0 268 3114 8645 14898
14006 6 0 127 832 1226 2645 16256
14008 5 0 4348 8807 11297 12800
14010 6 0 127 4622 8464 9585 16256
14012 5 0 535 6520 9398 10242
14014 6 0 127 548 2717 8277 16256
14016 4 0 392 1564 3299
14018 5 0 127 164 12834 16256
14020 4 0 352 4762 11525
14022 5 0 127 784 15504 16256
14024 4 0 4877 8410 11264
14026 6 0 127 3143 5017 8232 16256
14028 5 0 591 6064 11264 12691
14030 6 0 18 127 530 2645 16256
14032 4 0 769 4282 5205
14034 6 0 127 2349 4864 11395 16256
14036 5 0 2180 2393 4572 11779
14038 6 0 25 127 1362 9524 16256
14040 5 0 853 1118 4736 6311
14042 6 0 127 580 3424 15012 16256
14044 5 0 21 2283 12963 14144
14046 6 0 127 427 8260 14514 16256
14048 4 0 421 4106 4222
14050 6 0 127 932 9344 15458 16256
14052 5 0 968 9224 9383 14489
14054 6 0 127 1119 6448 10368 16256
14056 5 0 4202 8449 11681 15122
14058 6 0 127 7552 10980 12544 16256
14060 4 0 2780 4457 9218
14062 6 0 127 1072 2759 12331 16256
14064 4 0 2082 6352 9894
14066 5 0 7 127 12704 16256
14068 5 0 292 4825 6295 11650
14070 6 0 127 2114 3641 8839 16256
14072 4 0 1047 6146 7136
14074 6 0 127 222 769 13425 16256
14076 5 0 536 2486 5800 12513
14078 6 0 127 2835 4226 6280 16256
14080 3 0 157 776
14082 6 0 127 704 6552 12065 16256
14084 4 0 1597 4360 11458
14086 5 0 127 784 15492 16256
14088 4 0 38 9557 10904
14090 5 0 127 385 7746 16256
14092 5 0 455 1058 6812 11429
14094 6 0 127 2113 5444 14425 16256
14096 4 0 4102 8561 11413
14098 5 0 127 176 14347 16256
14100 5 0 4173 5136 5937 11907
14102 6 0 127 2292 4356 8681 16256
14104 5 0 2727 9616 14336 14365
14106 6 0 127 176 7044 9421 16256
14108 5 0 280 3715 7106 8316
14110 6 0 127 2128 9091 9430 16256
14112 4 0 1048 12706 15458
14114 5 0 127 3139 10496 16256
14116 4 0 487 2576 13833
14118 5 0 127 2816 13697 16256
14120 4 0 4631 5376 10481
14122 6 0 127 1096 11444 13105 16256
14124 5 0 2528 2576 5005 11802
14126 5 0 56 127 2247 16256
14128 4 0 1489 1538 12521
14130 5 0 127 1312 6754 16256
14132 5 0 4718 7813 8705 13592
14134 6 0 127 3633 4935 8768 16256
14136 5 0 592 5421 6056 11310
14138 5 0 55 127 6160 16256
14140 5 0 1089 3227 12050 12404
14142 6 0 127 4824 8209 10908 16256
14144 3 0 3136 12453
14146 5 0 127 656 8271 16256
14148 4 0 1845 4130 10472
14150 5 0 127 560 2639 16256
14152 4 0 2902 4353 11656
14154 6 0 127 261 11399 13432 16256
14156 4 0 224 7954 10767
14158 6 0 127 799 8832 13580 16256
14160 4 0 1968 2084 12474
14162 5 0 127 437 1540 16256
14164 5 0 266 2486 13464 15433
14166 6 0 127 3076 5957 8690 16256
14168 4 0 6176 9434 10060
14170 5 0 44 127 11648 16256
14172 5 0 14 3427 5872 11021
14174 6 0 127 322 4391 12721 16256
14176 4 0 6697 7761 10244
14178 6 0 127 1462 8705 10573 16256
14180 4 0 4462 6656 9429
14182 5 0 127 6208 10152 16256
14184 4 0 2568 9557 14450
14186 5 0 127 262 5433 16256
14188 5 0 324 3700 12467 14617
14190 6 0 127 580 2684 4914 16256
14192 4 0 1029 8541 9394
14194 5 0 127 1154 12829 16256
14196 5 0 9126 9728 11594 12563
14198 6 0 127 1027 11589 14861 16256
14200 4 0 938 8384 14420
14202 5 0 127 378 4672 16256
14204 4 0 25 807 15512
14206 6 0 127 1540 6731 14113 16256
14208 3 0 642 10311
14210 5 0 127 2060 8875 16256
14212 4 0 3285 5482 9728
14214 6 0 127 2227 3658 10368 16256
14216 4 0 2088 9419 10012
14218 6 0 127 137 1171 8813 16256
14220 5 0 82 3684 6572 10355
14222 6 0 127 1717 9698 10752 16256
14224 4 0 3441 5451 8768
14226 5 0 67 127 9749 16256
14228 5 0 268 5014 7340 15457
14230 6 0 127 704 3159 8797 16256
14232 5 0 635 3420 8260 12573
14234 5 0 127 4162 7585 16256
14236 5 0 168 5539 9046 10302
14238 6 0 127 2113 10905 14914 16256
14240 3 0 2177 13624
14242 5 0 52 127 306 16256
14244 5 0 770 1670 11587 12410
14246 5 0 104 127 8535 16256
14248 5 0 641 867 12224 13082
14250 6 0 127 3785 10184 12544 16256
14252 5 0 1964 2592 4695 11378
14254 5 0 52 127 5323 16256
14256 4 0 4354 10556 15395
14258 5 0 127 8328 13552 16256
14260 5 0 280 3468 11058 12643
14262 6 0 127 8324 13714 14737 16256
14264 4 0 351 644 6888
14266 5 0 70 127 6032 16256
14268 4 0 296 3131 11204
14270 4 0 127 290 16256
14272 3 0 8197 12722
14274 6 0 127 2592 5616 10851 16256
14276 5 0 5401 8210 8379 10978
14278 6 0 81 127 6535 7074 16256
14280 5 0 5446 5632 11425 13845
14282 5 0 13 127 12660 16256
14284 5 0 4129 4394 5773 10481
14286 6 0 127 1133 12320 12857 16256
14288 5 0 2460 2757 8321 9185
14290 6 0 127 582 3332 12932 16256
14292 5 0 266 2459 5829 10349
14294 6 0 127 4256 5659 12710 16256
14296 4 0 621 1046 12672
14298 5 0 127 627 8960 16256
14300 5 0 200 5354 9006 10295
14302 6 0 127 2186 8737 15624 16256
14304 4 0 9218 13061 15430
14306 5 0 35 127 810 16256
14308 5 0 605 6565 12292 13590
14310 6 0 52 127 10404 14760 16256
14312 5 0 304 4474 11976 12038
14314 5 0 67 127 6040 16256
14316 5 0 855 1168 5368 14730
14318 6 0 127 656 12954 12963 16256
14320 4 0 1044 11291 12502
14322 6 0 127 4353 7553 10866 16256
14324 5 0 2432 2682 6625 8990
14326 6 0 127 1969 2561 3655 16256
14328 4 0 1115 4161 5029
14330 5 0 127 386 478 16256
14332 4 0 2053 3556 14867
14334 6 0 127 896 2796 5872 16256
14336 2 0 266
14338 5 0 127 9637 11264 16256
14340 5 0 926 8212 8629 13537
14342 6 0 127 1438 2272 12312 16256
14344 5 0 208 4291 4775 8666
14346 6 0 56 127 1213 4947 16256
14348 5 0 1398 2777 8321 12709
14350 6 0 127 1856 4131 7182 16256
14352 4 0 11 9547 12784
14354 5 0 127 672 6896 16256
14356 5 0 939 12000 14336 14366
14358 6 0 127 1091 8848 9332 16256
14360 4 0 998 12289 13579
14362 5 0 42 127 11176 16256
14364 4 0 1540 3980 12395
14366 4 0 127 4864 16256
14368 4 0 50 4844 12350
14370 6 0 127 919 3584 15906 16256
14372 5 0 1600 1985 3119 13337
14374 6 0 127 4480 10674 14740 16256
14376 5 0 1946 5773 8216 12602
14378 6 0 112 127 10482 10525 16256
14380 4 0 2145 4872 11414
14382 5 0 127 6408 9856 16256
14384 4 0 1036 5969 12044
14386 6 0 127 1087 1092 3174 16256
14388 5 0 1423 2752 12576 14390
14390 6 0 127 2310 5368 9296 16256
14392 4 0 6486 10752 11938
14394 5 0 127 291 332 16256
14396 4 0 8324 11492 12571
14398 6 0 127 228 8553 12560 16256
14400 4 0 1296 1722 10010
14402 5 0 127 1185 12312 16256
14404 5 0 1035 2278 8236 13077
14406 6 0 127 393 2146 6415 16256
14408 4 0 1360 3973 8234
14410 6 0 127 1376 1645 8214 16256
14412 5 0 366 1043 7953 9856
14414 6 0 127 4256 12467 13040 16256
14416 4 0 3202 5061 8213
14418 5 0 127 5192 10754 16256
14420 5 0 2072 3194 6547 10806
14422 6 0 13 127 2478 2893 16256
14424 5 0 560 985 10902 12853
14426 5 0 127 6400 8002 16256
14428 5 0 386 3909 10425 12682
14430 6 0 127 2578 6632 8578 16256
14432 4 0 1583 8706 14114
14434 6 0 127 720 1328 4303 16256
14436 5 0 161 3235 4211 12636
14438 6 0 44 127 2476 11168 16256
14440 5 0 785 3232 4941 11036
14442 6 0 127 2068 7701 11668 16256
14444 5 0 86 1199 5185 15144
14446 6 0 127 4140 5137 8542 16256
14448 4 0 1064 1646 8634
14450 5 0 127 8960 13132 16256
14452 5 0 525 2310 5291 9938
14454 6 0 127 1666 6273 13606 16256
14456 4 0 704 4841 10130
14458 6 0 113 127 1164 8366 16256
14460 5 0 532 1619 6539 8884
14462 6 0 127 141 3105 13385 16256
14464 3 0 769 3913
14466 5 0 127 4232 6283 16256
14468 5 0 183 8236 14352 15688
14470 6 0 127 2242 13314 13617 16256
14472 5 0 2518 5746 8577 13320
14474 5 0 77 127 802 16256
14476 5 0 900 2490 9281 9813
14478 6 0 127 6401 8738 14603 16256
14480 4 0 4105 10962 13833
14482 5 0 127 2309 5252 16256
14484 5 0 2053 2103 6019 10857
14486 6 0 127 2146 8229 8917 16256
14488 4 0 1792 6287 10004
14490 5 0 127 2816 15136 16256
14492 4 0 5422 8705 10945
14494 6 0 127 4172 7212 8769 16256
14496 4 0 259 3810 6467
14498 5 0 127 6184 8344 16256
14500 5 0 1881 4169 13824 14534
14502 6 0 127 154 2572 11984 16256
14504 4 0 452 2338 13339
14506 5 0 92 127 4145 16256
14508 5 0 1654 8592 11681 12298
14510 6 0 127 1304 2224 4538 16256
14512 4 0 304 5740 12593
14514 5 0 127 2100 4165 16256
14516 5 0 297 4177 6702 13522
14518 6 0 127 284 645 869 16256
14520 4 0 42 2606 12691
14522 6 0 127 2279 4152 12418 16256
14524 5 0 212 6339 6528 14120
14526 6 0 127 4290 6402 14472 16256
14528 4 0 4388 8261 11569
14530 5 0 127 8992 12297 16256
14532 5 0 281 1376 6040 10347
14534 6 0 127 676 1794 6040 16256
14536 5 0 1416 1632 3011 13418
14538 6 0 30 127 777 15500 16256
14540 5 0 1347 4677 5690 10372
14542 6 0 127 928 3202 6566 16256
14544 4 0 568 2566 5089
14546 5 0 127 1792 9990 16256
14548 5 0 661 1378 4872 14540
14550 6 0 127 2457 8388 13316 16256
14552 4 0 1572 3400 8339
14554 6 0 127 263 12412 14340 16256
14556 5 0 671 1440 8325 15568
14558 6 0 127 549 10401 12293 16256
14560 4 0 652 8976 14614
14562 5 0 127 2130 3592 16256
14564 5 0 837 4124 6570 9490
14566 6 0 127 864 6179 8219 16256
14568 5 0 801 4312 11539 12450
14570 6 0 97 107 127 3028 16256
14572 5 0 195 4178 11680 12941
14574 6 0 127 9312 11306 14592 16256
14576 4 0 517 2709 13156
14578 6 0 127 343 8236 8280 16256
14580 5 0 539 1362 1696 14477
14582 6 0 127 4644 6953 15360 16256
14584 5 0 1680 3394 4867 14540
14586 6 0 101 127 1920 8351 16256
14588 5 0 1541 2703 2880 13876
14590 6 0 127 2788 3138 9219 16256
14592 3 0 2248 5250
14594 5 0 127 456 13568 16256
14596 5 0 3592 4188 5795 14608
14598 6 0 127 5129 9288 15106 16256
14600 5 0 3084 3089 4777 11046
14602 6 0 127 624 3151 6912 16256
14604 5 0 6149 8689 9738 12340
14606 6 0 127 1364 6224 8963 16256
14608 4 0 456 2850 12313
14610 6 0 114 127 2944 6477 16256
14612 5 0 531 3220 4879 8928
14614 6 0 127 1067 8608 15364 16256
14616 5 0 714 1826 5492 6657
14618 5 0 69 109 127 16256
14620 5 0 331 4244 5642 10484
14622 6 0 127 204 12560 14616 16256
14624 4 0 930 3218 6149
14626 6 0 101 127 1082 5506 16256
14628 5 0 191 5392 9474 11073
14630 6 0 127 5184 5456 14514 16256
14632 5 0 3154 3556 4235 9488
14634 6 0 127 1036 1564 14785 16256
14636 5 0 230 3896 4173 12321
14638 6 0 127 804 4364 6762 16256
14640 4 0 206 4884 9221
14642 5 0 127 2116 2164 16256
14644 5 0 789 2673 3178 12424
14646 6 0 127 496 2257 4140 16256
14648 5 0 1336 3650 8784 9367
14650 6 0 127 788 1076 9419 16256
14652 5 0 2256 4913 9295 12368
14654 6 0 54 127 11156 11392 16256
14656 4 0 2121 14352 15896
14658 6 0 127 1080 5191 7184 16256
14660 5 0 908 3698 5188 12609
14662 6 0 127 424 757 2248 16256
14664 5 0 321 1276 7334 8545
14666 6 0 127 2689 4366 13424 16256
14668 5 0 2917 5186 8413 12418
14670 6 0 127 2960 8473 10243 16256
14672 4 0 5472 10246 10896
14674 5 0 113 127 5440 16256
14676 5 0 236 7938 8465 9572
14678 6 0 127 547 3644 4386 16256
14680 5 0 4582 9232 11536 13323
14682 6 0 127 282 780 8429 16256
14684 5 0 1301 3211 8800 14490
14686 6 0 127 2664 4772 8713 16256
14688 4 0 1144 4611 8841
14690 5 0 127 4288 4548 16256
14692 5 0 3206 4928 8253 13516
14694 6 0 127 4361 12360 14725 16256
14696 5 0 181 402 2755 12554
14698 6 0 127 3268 7552 8864 16256
14700 5 0 291 4245 5145 11850
14702 6 0 127 900 9286 12992 16256
14704 5 0 2916 4166 7688 10114
14706 6 0 127 1084 1796 14720 16256
14708 5 0 263 547 5872 12041
14710 6 0 127 2137 7232 12310 16256
14712 5 0 778 9889 10448 13363
14714 6 0 127 360 7190 8865 16256
14716 4 0 569 7489 8326
14718 6 0 127 4201 5646 8580 16256
14720 4 0 2072 6170 13838
14722 5 0 127 652 1572 16256
14724 5 0 1702 2768 8217 14690
14726 6 0 127 713 4284 9264 16256
14728 5 0 197 1113 2792 4422
14730 6 0 127 179 1100 1841 16256
14732 4 0 1137 4230 11018
14734 6 0 127 1682 6283 8992 16256
14736 4 0 223 8480 9120
14738 5 0 127 10368 14496 16256
14740 5 0 4440 4773 8230 15506
14742 6 0 127 1037 6340 8810 16256
14744 4 0 2092 9168 13570
14746 6 0 127 2466 3976 12353 16256
14748 5 0 5962 8465 9480 10660
14750 6 0 127 1464 5704 10504 16256
14752 4 0 1796 4396 8404
14754 5 0 127 649 8217 16256
14756 5 0 1944 2625 4300 12846
14758 6 0 127 418 1053 15492 16256
14760 5 0 900 2664 3363 15688
14762 6 0 127 5768 10594 10756 16256
14764 4 0 738 4110 11537
14766 5 0 127 3848 12424 16256
14768 4 0 105 354 7888
14770 6 0 127 2105 8262 10720 16256
14772 5 0 1359 5668 6273 10394
14774 6 0 127 900 3397 11276 16256
14776 4 0 3270 4520 8961
14778 6 0 127 8353 9988 14724 16256
14780 5 0 547 1996 13680 14360
14782 6 0 127 1541 7512 8522 16256
14784 4 0 658 4482 11347
14786 5 0 127 2092 10760 16256
14788 5 0 603 2214 8289 15745
14790 6 0 127 1223 6466 10756 16256
14792 4 0 1188 6864 8461
14794 6 0 127 300 331 12342 16256
14796 5 0 880 4233 7904 11534
14798 6 0 127 2169 3600 4324 16256
14800 4 0 238 5442 12816
14802 6 0 127 916 2122 13729 16256
14804 5 0 496 926 2569 14086
14806 6 0 127 1570 4741 10691 16256
14808 4 0 593 1159 12585
14810 6 0 127 4248 11232 13317 16256
14812 5 0 345 6274 7492 12963
14814 6 0 127 5776 9161 14338 16256
14816 4 0 628 5377 12096
14818 6 0 127 372 1311 2632 16256
14820 5 0 1367 2160 9410 10920
14822 6 0 127 1570 2616 10658 16256
14824 5 0 2610 6542 8233 12756
14826 6 0 127 1109 2152 4411 16256
14828 4 0 282 7744 9445
14830 5 0 127 2948 13344 16256
14832 4 0 907 7304 8248
14834 5 0 127 806 5200 16256
14836 5 0 4417 7274 8600 10797
14838 6 0 127 646 3720 14385 16256
14840 4 0 212 3338 9773
14842 5 0 127 2752 12609 16256
14844 5 0 2866 6729 9348 14377
14846 6 0 127 7460 8769 9992 16256
14848 3 0 6152 7304
14850 6 0 127 4688 8299 8726 16256
14852 4 0 1035 7826 8548
14854 6 0 127 4145 5539 8898 16256
14856 4 0 170 892 7233
14858 5 0 127 1084 1155 16256
14860 5 0 3348 3607 4481 8828
14862 6 0 127 651 2569 5189 16256
14864 4 0 163 1308 12508
14866 5 0 127 1424 12364 16256
14868 5 0 2332 4826 8356 9633
14870 5 0 127 9088 15488 16256
14872 5 0 1175 4620 8858 11556
14874 6 0 127 172 4490 8283 16256
14876 4 0 340 6211 13992
14878 5 0 127 2960 13824 16256
14880 4 0 5276 5440 6181
14882 5 0 127 690 8472 16256
14884 4 0 2721 4163 13596
14886 5 0 118 127 1049 16256
14888 4 0 5638 7521 8728
14890 5 0 127 1047 8266 16256
14892 4 0 4165 7818 12592
14894 5 0 92 127 419 16256
14896 4 0 3233 5752 10504
14898 5 0 127 1332 4122 16256
14900 5 0 808 6420 7315 11604
14902 6 0 127 270 3725 9104 16256
14904 4 0 3824 4633 8214
14906 6 0 127 6913 8528 13762 16256
14908 5 0 198 3680 4503 15416
14910 6 0 127 1504 3669 4385 16256
14912 3 0 2657 5256
14914 5 0 127 1162 4119 16256
14916 5 0 654 1232 4980 11466
14918 5 0 127 5132 11136 16256
14920 4 0 2656 4182 9697
14922 6 0 127 774 4445 10786 16256
14924 5 0 8399 8962 12337 16192
14926 6 0 127 2476 9112 12294 16256
14928 4 0 312 3233 5733
14930 5 0 127 9249 9290 16256
14932 5 0 575 3888 4320 11585
14934 6 0 127 9490 12869 12928 16256
14936 5 0 4200 5348 10762 12760
14938 6 0 127 440 3840 4935 16256
14940 4 0 1808 6345 8366
14942 6 0 127 2249 2682 4292 16256
14944 4 0 5185 8993 13652
14946 5 0 127 1124 2948 16256
14948 5 0 708 3357 6337 9006
14950 6 0 127 556 8207 9185 16256
14952 5 0 3655 4737 12657 14528
14954 5 0 83 127 5416 16256
14956 4 0 4724 8330 15617
14958 6 0 127 645 1190 11310 16256
14960 4 0 418 3044 13826
14962 5 0 127 912 1137 16256
14964 5 0 116 6318 12385 14209
14966 6 0 127 4617 4806 11905 16256
14968 4 0 2103 4928 9739
14970 6 0 127 1542 6264 14359 16256
14972 4 0 710 3841 12344
14974 6 0 127 1652 9904 10305 16256
14976 3 0 240 12936
14978 5 0 127 1140 9221 16256
14980 4 0 1827 4632 14532
14982 6 0 127 3149 6657 10001 16256
14984 4 0 2702 3344 5729
14986 6 0 127 5770 9236 10659 16256
14988 4 0 1563 4432 10420
14990 6 0 127 6162 10310 14946 16256
14992 4 0 1587 6422 10336
14994 6 0 127 937 3108 5214 16256
14996 4 0 533 3554 12301
14998 6 0 127 353 12451 12632 16256
15000 4 0 3333 4692 8616
15002 5 0 127 9857 11008 16256
15004 5 0 1106 4373 9818 10469
15006 6 0 127 4701 10258 12457 16256
15008 4 0 1290 2163 11088
15010 5 0 127 519 2698 16256
15012 4 0 4247 10024 11328
15014 5 0 127 4169 4214 16256
15016 4 0 567 3288 4385
15018 6 0 127 2363 2501 8338 16256
15020 5 0 445 5778 10753 13387
15022 5 0 127 4872 11432 16256
15024 4 0 1710 6736 7296
15026 5 0 105 127 14480 16256
15028 5 0 407 5225 12576 15128
15030 6 0 127 1285 11144 11496 16256
15032 4 0 547 5241 11010
15034 6 0 127 2853 4242 13776 16256
15036 5 0 2076 3700 10629 12938
15038 6 0 127 1098 5267 10797 16256
15040 4 0 1904 6288 11404
15042 5 0 127 5123 10804 16256
15044 5 0 8769 9355 12052 12408
15046 5 0 127 4632 11664 16256
15048 4 0 540 3603 8688
15050 5 0 127 464 8359 16256
15052 4 0 2018 6456 8709
15054 5 0 127 3736 12545 16256
15056 4 0 1547 2164 13840
15058 5 0 127 6293 12354 16256
15060 5 0 1835 3163 4496 12460
15062 6 0 127 1248 1954 12940 16256
15064 4 0 741 5542 12312
15066 5 0 127 1061 3658 16256
15068 4 0 3938 4244 13323
15070 6 0 127 972 9352 12573 16256
15072 4 0 101 1658 8560
15074 5 0 127 3465 9234 16256
15076 4 0 1629 7072 8227
15078 5 0 127 579 4157 16256
15080 4 0 462 7184 9066
15082 5 0 127 5538 10370 16256
15084 4 0 3761 4234 8645
15086 6 0 127 964 1756 9856 16256
15088 4 0 2464 5399 6738
15090 5 0 127 3188 4872 16256
15092 5 0 549 7049 7348 8391
15094 6 0 127 4234 9912 11534 16256
15096 4 0 344 14020 14433
15098 5 0 127 9219 15616 16256
15100 5 0 855 11556 12462 12802
15102 6 0 127 6688 9526 12627 16256
15104 3 0 549 659
15106 5 0 127 2572 11592 16256
15108 4 0 3481 6756 10243
15110 5 0 127 2569 13705 16256
15112 4 0 2083 6733 11412
15114 6 0 127 1992 2609 12302 16256
15116 5 0 2062 5489 9099 13524
15118 6 0 127 3475 3865 4418 16256
15120 4 0 9956 10560 13834
15122 5 0 127 1415 6274 16256
15124 4 0 1678 1808 14561
15126 5 0 127 2944 15648 16256
15128 4 0 2490 5696 14980
15130 6 0 127 4903 10257 10588 16256
15132 5 0 7699 9650 10369 12382
15134 5 0 127 7680 10630 16256
15136 3 0 46 7697
15138 5 0 127 10376 14405 16256
15140 4 0 2954 4626 9319
15142 5 0 127 4407 6216 16256
15144 4 0 366 6408 10177
15146 5 0 127 2321 12954 16256
15148 5 0 3974 4289 6445 10964
15150 5 0 127 6720 9681 16256
15152 4 0 543 5188 5361
15154 5 0 127 2352 9773 16256
15156 5 0 2587 4546 9091 9254
15158 5 0 127 799 1248 16256
15160 4 0 4656 4811 10672
15162 5 0 127 2142 8976 16256
15164 4 0 1994 2209 12574
15166 5 0 127 3877 12418 16256
15168 3 0 3600 4878
15170 5 0 127 1348 2681 16256
15172 4 0 506 5137 12164
15174 5 0 127 1108 2351 16256
15176 4 0 4166 8080 12065
15178 5 0 127 1074 4525 16256
15180 4 0 3196 7841 8482
15182 6 0 127 1037 1993 4821 16256
15184 4 0 986 1584 8981
15186 5 0 127 153 14606 16256
15188 4 0 471 8744 15371
15190 6 0 127 551 1385 4504 16256
15192 4 0 531 2279 14636
15194 5 0 127 792 8444 16256
15196 4 0 2616 5449 8582
15198 6 0 127 2818 3972 8931 16256
15200 4 0 8230 8505 14449
15202 5 0 127 674 2728 16256
15204 4 0 9240 10470 13077
15206 6 0 127 1897 3840 4659 16256
15208 4 0 1121 7322 10040
15210 5 0 127 1389 14344 16256
15212 4 0 1208 10564 13059
15214 6 0 127 1479 8513 10331 16256
15216 4 0 2994 6036 10753
15218 5 0 127 9221 9884 16256
15220 5 0 3914 5305 6336 10700
15222 6 0 127 1228 3091 14382 16256
15224 4 0 5377 6604 11843
15226 5 0 127 892 5640 16256
15228 4 0 3144 11910 12409
15230 4 0 127 9256 16256
15232 3 0 204 3297
15234 5 0 90 127 2738 16256
15236 4 0 10528 11466 14869
15238 6 0 127 1078 8749 9354 16256
15240 4 0 2712 8308 13633
15242 6 0 71 127 12601 15113 16256
15244 5 0 1367 7248 11137 14376
15246 6 0 127 3130 6690 12812 16256
15248 3 0 4140 11587
15250 5 0 127 2477 8229 16256
15252 5 0 610 4034 8937 14996
15254 5 0 43 127 10327 16256
15256 4 0 2098 2918 13649
15258 5 0 127 263 11654 16256
15260 4 0 3700 5515 6164
15262 4 0 127 554 16256
15264 3 0 3386 4674
15266 5 0 127 8403 9600 16256
15268 5 0 7260 8455 8604 8865
15270 6 0 127 4180 10899 13397 16256
15272 4 0 1681 4206 10888
15274 5 0 127 8271 11520 16256
15276 5 0 8651 9932 12424 15472
15278 5 0 127 3236 13060 16256
15280 4 0 452 3526 9809
15282 6 0 127 2218 7105 9604 16256
15284 5 0 4452 4999 9298 11561
15286 6 0 127 1077 6549 8331 16256
15288 4 0 11916 12928 14642
15290 5 0 127 738 12301 16256
15292 4 0 6934 8458 9641
15294 6 0 127 4706 9944 12364 16256
15296 3 0 6541 8608
15298 5 0 127 3608 4452 16256
15300 5 0 3726 6405 7888 10352
15302 6 0 127 2435 3458 8904 16256
15304 5 0 305 1465 3429 4771
15306 6 0 127 3488 4179 9806 16256
15308 4 0 5131 9062 10896
15310 5 0 127 618 4245 16256
15312 4 0 4662 6696 13632
15314 5 0 71 127 15000 16256
15316 5 0 126 1690 6442 10309
15318 6 0 127 758 6704 12434 16256
15320 4 0 794 4781 15488
15322 5 0 127 13314 15626 16256
15324 4 0 3194 6529 8966
15326 5 0 127 241 590 16256
15328 4 0 4903 6177 14609
15330 6 0 127 7056 11288 12313 16256
15332 4 0 1194 2197 13160
15334 6 0 127 4141 10832 11036 16256
15336 4 0 79 6816 13874
15338 5 0 127 6536 9285 16256
15340 4 0 4652 5073 11778
15342 6 0 127 2339 6744 13858 16256
15344 4 0 5074 5224 8742
15346 5 0 127 4402 4636 16256
15348 5 0 2108 2581 6513 9859
15350 6 0 117 127 873 7312 16256
15352 4 0 5644 8835 11064
15354 6 0 127 9858 13088 14753 16256
15356 5 0 2734 4746 5577 10769
15358 6 0 127 5320 5666 13720 16256
15360 2 0 116
15362 5 0 127 1264 14465 16256
15364 5 0 2346 3260 6241 12050
15366 6 0 127 2579 3748 9541 16256
15368 4 0 364 2963 5393
15370 6 0 127 709 1252 14363 16256
15372 4 0 254 10497 15649
15374 4 0 127 11520 16256
15376 4 0 2154 2485 8993
15378 6 0 127 7008 9372 12329 16256
15380 4 0 4504 5134 10977
15382 5 0 107 127 2102 16256
15384 4 0 212 7693 8661
15386 5 0 127 5024 11012 16256
15388 4 0 228 7474 8429
15390 6 0 127 5171 12441 14404 16256
15392 3 0 453 14370
15394 5 0 127 6532 10520 16256
15396 5 0 1764 2385 5516 14475
15398 5 0 127 5316 11136 16256
15400 4 0 468 2465 16008
15402 6 0 127 1628 2087 6768 16256
15404 5 0 1137 8646 13202 14476
15406 6 0 127 7488 9605 12489 16256
15408 4 0 3460 10275 12835
15410 5 0 127 1123 6944 16256
15412 5 0 1384 2499 6796 13972
15414 6 0 127 5400 5702 9620 16256
15416 4 0 1180 2416 13454
15418 6 0 127 4948 10436 12587 16256
15420 5 0 1713 5740 11026 12386
15422 6 0 127 233 1466 4171 16256
15424 3 0 6193 9748
15426 5 0 127 708 2788 16256
15428 5 0 1144 7074 11461 13352
15430 5 0 107 127 916 16256
15432 5 0 3848 5072 9781 14722
15434 5 0 83 127 3187 16256
15436 4 0 485 6233 9986
15438 6 0 127 213 6384 10279 16256
15440 4 0 10271 11648 14370
15442 5 0 127 586 2666 16256
15444 5 0 2597 5346 10537 13846
15446 6 0 127 6592 7329 12034 16256
15448 4 0 4697 6820 9484
15450 6 0 127 1828 2279 14484 16256
15452 4 0 5584 5645 14370
15454 6 0 127 3107 9676 10852 16256
15456 4 0 2079 8291 8579
15458 5 0 127 341 8461 16256
15460 4 0 618 3173 12696
15462 6 0 127 1332 6498 11846 16256
15464 4 0 6369 8970 9369
15466 6 0 127 6474 7303 9090 16256
15468 4 0 2392 7220 10883
15470 5 0 127 4630 4713 16256
15472 4 0 1588 2827 15369
15474 6 0 127 2581 6438 9337 16256
15476 5 0 583 2582 5368 11058
15478 6 0 127 4801 11278 13383 16256
15480 4 0 2350 3651 5266
15482 6 0 127 7704 10310 14800 16256
15484 5 0 1016 8348 11333 12454
15486 6 0 127 1969 6424 9493 16256
15488 3 0 2378 8842
15490 6 0 127 3207 13072 14428 16256
15492 5 0 838 3854 5206 8617
15494 6 0 127 1234 9889 15448 16256
15496 4 0 4881 5261 14944
15498 5 0 127 5504 6080 16256
15500 4 0 5585 10274 10794
15502 5 0 127 1368 4391 16256
15504 4 0 2241 2761 5925
15506 5 0 127 620 8308 16256
15508 4 0 899 5570 10300
15510 5 0 127 5000 11656 16256
15512 4 0 826 3461 15364
15514 5 0 127 3668 8362 16256
15516 5 0 698 868 7443 10428
15518 5 0 127 4142 6229 16256
15520 4 0 1301 3779 4119
15522 5 0 127 6659 11368 16256
15524 5 0 1689 11274 11349 15264
15526 5 0 127 6017 10501 16256
15528 4 0 2358 5329 8474
15530 5 0 127 1804 10633 16256
15532 5 0 4219 5297 5926 10344
15534 5 0 127 346 933 16256
15536 4 0 3716 11276 13432
15538 5 0 127 2438 2769 16256
15540 5 0 248 4956 7956 8491
15542 6 0 127 8553 11400 12748 16256
15544 4 0 2139 4490 5028
15546 6 0 127 1498 7701 8746 16256
15548 4 0 1749 11338 12704
15550 5 0 127 3776 13096 16256
15552 4 0 2700 6220 13132
15554 5 0 127 6185 12952 16256
15556 4 0 5764 10472 10523
15558 5 0 127 183 9304 16256
15560 4 0 4871 8766 11336
15562 5 0 127 4780 15368 16256
15564 4 0 4308 6755 9576
15566 6 0 127 2187 8475 15889 16256
15568 4 0 1203 8778 15024
15570 5 0 127 984 3160 16256
15572 4 0 2610 2965 13640
15574 5 0 127 1828 2139 16256
15576 4 0 3285 4366 15880
15578 5 0 127 3842 4307 16256
15580 4 0 2521 7430 14880
15582 6 0 127 9825 13632 15493 16256
15584 4 0 1367 4397 9746
15586 5 0 127 10530 10864 16256
15588 4 0 2947 9588 12568
15590 5 0 127 10762 13706 16256
15592 4 0 5860 8596 10285
15594 6 0 127 1364 5797 6238 16256
15596 4 0 1891 2164 12520
15598 5 0 127 5964 10440 16256
15600 4 0 543 5217 12459
15602 5 0 127 1368 10332 16256
15604 5 0 1144 6081 6938 9006
15606 6 0 127 220 2703 11033 16256
15608 4 0 10515 11832 12372
15610 5 0 127 1142 4900 16256
15612 4 0 3730 10792 12589
15614 5 0 127 1908 4363 16256
15616 3 0 6296 12688
15618 5 0 127 2094 3688 16256
15620 5 0 5752 6237 8357 10638
15622 5 0 127 1840 15056 16256
15624 4 0 2893 4884 9606
15626 5 0 127 2461 13346 16256
15628 4 0 3604 3619 12746
15630 5 0 107 127 543 16256
15632 3 0 3296 4890
15634 5 0 127 5914 6185 16256
15636 4 0 3719 8308 12572
15638 5 0 127 4250 9333 16256
15640 4 0 7333 10824 15120
15642 5 0 127 1111 9552 16256
15644 4 0 572 1198 13137
15646 5 0 127 3556 14852 16256
15648 3 0 2183 8556
15650 5 0 127 8455 9114 16256
15652 5 0 602 1239 14379 15107
15654 5 0 127 1512 15104 16256
15656 4 0 5410 5576 12052
15658 5 0 127 2225 15556 16256
15660 4 0 1462 2657 12636
15662 5 0 127 6786 10072 16256
15664 4 0 2207 2394 9544
15666 6 0 127 1351 12964 15652 16256
15668 4 0 5151 9632 10868
15670 5 0 127 1123 2654 16256
15672 4 0 1390 6175 12481
15674 5 0 127 1299 2263 16256
15676 4 0 2166 9996 12451
15678 6 0 127 3224 7561 14489 16256
15680 3 0 171 1626
15682 5 0 127 4856 5889 16256
15684 4 0 2363 4821 11269
15686 5 0 127 7808 8471 16256
15688 4 0 3627 5913 9286
15690 6 0 127 2375 9881 13860 16256
15692 4 0 422 1567 14918
15694 6 0 127 1182 3411 13896 16256
15696 4 0 2601 8940 13761
15698 5 0 127 2503 11522 16256
15700 4 0 1493 10402 13224
15702 6 0 127 497 3373 7306 16256
15704 4 0 3373 14480 15434
15706 5 0 127 539 13957 16256
15708 4 0 5541 6466 11354
15710 4 0 127 8656 16256
15712 4 0 233 1567 6268
15714 6 0 62 127 6926 10579 16256
15716 4 0 9416 11092 13411
15718 6 0 127 9331 9994 14403 16256
15720 4 0 9266 10457 13232
15722 5 0 127 1246 9858 16256
15724 5 0 2681 6550 8363 12040
15726 5 0 127 4686 12849 16256
15728 4 0 2708 4001 4540
15730 5 0 127 13156 14624 16256
15732 5 0 1461 1850 2502 14497
15734 6 0 127 2261 3180 10597 16256
15736 4 0 10404 11860 13730
15738 5 0 127 5674 8595 16256
15740 4 0 5848 8777 10597
15742 5 0 127 5010 11409 16256
15744 3 0 8369 14355
15746 5 0 127 241 3537 16256
15748 5 0 374 6439 10633 13955
15750 5 0 127 3496 12822 16256
15752 3 0 1335 2760
15754 5 0 127 604 8444 16256
15756 4 0 2293 3093 13866
15758 4 0 127 345 16256
15760 3 0 109 8128
15762 5 0 127 4451 8905 16256
15764 5 0 1817 5334 6174 14444
15766 5 0 127 5032 11680 16256
15768 4 0 1795 10145 14407
15770 5 0 127 2659 13592 16256
15772 4 0 8885 13120 14666
15774 6 0 127 10602 11368 12331 16256
15776 3 0 4273 8938
15778 5 0 127 4270 14601 16256
15780 5 0 5525 7446 9569 9896
15782 5 0 107 127 11828 16256
15784 5 0 347 4751 4909 13857
15786 6 0 127 2421 3178 9894 16256
15788 4 0 3244 11539 13124
15790 6 0 127 2874 3560 4438 16256
15792 4 0 3220 3444 5517
15794 5 0 127 8333 8909 16256
15796 4 0 1842 3161 13028
15798 5 0 127 237 14358 16256
15800 4 0 5670 10515 10977
15802 6 0 127 1724 5289 5319 16256
15804 4 0 571 4004 14433
15806 6 0 127 2268 5899 6888 16256
15808 3 0 8718 10868
15810 5 0 127 9369 15617 16256
15812 4 0 2893 8286 13536
15814 5 0 127 7568 8817 16256
15816 4 0 2222 4940 15416
15818 5 0 127 3127 15104 16256
15820 4 0 3607 4577 9742
15822 5 0 127 2229 14088 16256
15824 4 0 3554 3736 6980
15826 5 0 127 10116 12934 16256
15828 4 0 4852 9763 10538
15830 5 0 127 3521 14017 16256
15832 4 0 1765 4577 12566
15834 5 0 127 573 13573 16256
15836 4 0 1197 9993 15170
15838 5 0 127 4555 5428 16256
15840 4 0 1986 3497 5651
15842 5 0 127 1130 3306 16256
15844 5 0 3371 4517 12760 14886
15846 5 0 127 2508 12595 16256
15848 4 0 1331 1929 7253
15850 5 0 127 3284 4953 16256
15852 5 0 3363 5910 7756 15505
15854 5 0 127 9612 14936 16256
15856 4 0 1621 8818 11293
15858 5 0 127 1818 7211 16256
15860 5 0 5033 6533 10319 13552
15862 5 0 127 854 4461 16256
15864 4 0 1012 2206 12437
15866 5 0 127 9267 11384 16256
15868 5 0 5480 7954 10343 11496
15870 5 0 127 6300 8555 16256
15872 2 0 1291
15874 5 0 127 10658 14366 16256
15876 4 0 4677 4837 11666
15878 4 0 94 127 16256
15880 3 0 7938 8349
15882 5 0 127 1246 4890 16256
15884 4 0 4440 4446 11921
15886 5 0 127 4000 13736 16256
15888 3 0 1892 12457
15890 5 0 127 4465 7813 16256
15892 5 0 3257 9037 12843 13829
15894 5 0 127 7315 11152 16256
15896 4 0 9740 10992 13837
15898 5 0 127 3369 15621 16256
15900 5 0 1908 4763 7816 12192
15902 6 0 127 3937 5872 10929 16256
15904 3 0 2508 11786
15906 5 0 127 8884 16160 16256
15908 4 0 471 6700 11843
15910 5 0 127 5368 8247 16256
15912 4 0 1181 6632 15427
15914 5 0 127 9305 13776 16256
15916 4 0 4213 7074 13454
15918 5 0 127 7554 11916 16256
15920 4 0 2477 9434 13571
15922 5 0 127 12036 13905 16256
15924 4 0 1625 6439 15745
15926 6 0 127 3816 8379 10858 16256
15928 4 0 3339 8681 14897
15930 5 0 127 10570 12104 16256
15932 4 0 3622 4822 11321
15934 4 0 127 3219 16256
15936 3 0 10420 11537
15938 5 0 127 5422 7434 16256
15940 4 0 5569 7060 12650
15942 5 0 127 243 6028 16256
15944 4 0 4444 9925 10868
15946 5 0 127 5199 15168 16256
15948 4 0 3976 12823 12901
15950 4 0 127 6159 16256
15952 4 0 3251 4812 7555
15954 5 0 127 8495 13728 16256
15956 4 0 3242 6925 10488
15958 5 0 127 5003 11315 16256
15960 4 0 1749 4189 10115
15962 5 0 127 7691 9991 16256
15964 4 0 4572 9546 11363
15966 6 0 127 9422 14160 16002 16256
15968 4 0 5040 12634 13153
15970 5 0 127 10810 12980 16256
15972 5 0 3275 6679 12080 13507
15974 5 0 127 4588 4639 16256
15976 4 0 5104 5287 14497
15978 5 0 127 1148 5724 16256
15980 5 0 2965 3223 7778 12410
15982 5 0 127 7984 8603 16256
15984 4 0 1703 3492 13510
15986 5 0 127 9395 11145 16256
15988 5 0 2503 10806 15896 15908
15990 6 0 127 4311 11287 14359 16256
15992 4 0 6425 7570 11049
15994 5 0 127 6938 12379 16256
15996 5 0 2870 5244 5338 12633
15998 5 0 127 6052 15560 16256
16000 3 0 8310 9336
16002 5 0 127 13960 13985 16256
16004 3 0 2379 12980
16006 4 0 127 11936 16256
16008 3 0 3025 13858
16010 5 0 127 2291 11172 16256
16012 4 0 1266 5746 10445
16014 6 0 127 5214 9310 11720 16256
16016 3 0 2381 13032
16018 5 0 127 8072 11787 16256
16020 5 0 1703 1878 9751 14382
16022 7 0 4159 4303 4551 8255 12080 12112
16024 4 0 963 1739 6950
16026 6 0 127 4221 9326 9578 16256
16028 4 0 2969 7366 12916
16030 6 0 127 1143 6757 6764 16256
16032 3 0 4157 10414
16034 5 0 127 1143 11789 16256
16036 4 0 3985 6860 14627
16038 6 0 127 1906 9586 15748 16256
16040 4 0 5059 9295 9968
16042 5 0 127 11141 15776 16256
16044 4 0 7618 10319 14224
16046 4 0 127 9767 16256
16048 4 0 3302 8918 15760
16052 4 0 4594 6940 14089
16056 4 0 3042 3676 15882
16060 4 0 9641 13618 14930
16064 3 0 11921 15105
16066 5 0 127 251 13702 16256
16068 4 0 925 9144 11335
16070 4 0 127 4730 16256
16072 4 0 687 7452 7706
16076 4 0 6231 7222 12192
16080 4 0 9003 10117 11036
16088 4 0 471 8940 11468
16096 4 0 6968 7108 11096
16112 4 0 4566 7366 15498
16128 2 0 3850
16130 3 0 127 16256
16132 3 0 1777 15622
16136 3 0 5030 10355
16144 3 0 3498 5707
16160 3 0 3481 12044
16192 3 0 2546 7618
16256 2 0 5788
16384 1 0
