128 1 5788
192 2 2546 7618
224 2 12044 3481
240 2 5707 3498
248 2 5030 10355
252 2 1777 15622
254 2 127 16256
256 1 3850
272 3 15498 4566 7366
288 3 11096 6968 7108
296 3 8940 471 11468
304 3 10117 11036 9003
308 3 12192 6231 7222
312 3 687 7452 7706
314 3 127 16256 4730
316 3 925 11335 9144
318 4 127 16256 251 13702
320 2 15105 11921
324 3 14930 13618 9641
328 3 3676 15882 3042
332 3 4594 14089 6940
336 3 8918 15760 3302
338 3 127 16256 9767
340 3 14224 7618 10319
342 4 127 16256 11141 15776
344 3 5059 9295 9968
346 5 127 16256 1906 9586 15748
348 3 6860 14627 3985
350 4 127 16256 11789 1143
352 2 4157 10414
354 5 127 16256 6757 1143 6764
356 3 7366 2969 12916
358 5 127 16256 9578 9326 4221
360 3 963 1739 6950
364 4 9751 14382 1703 1878
366 4 127 16256 8072 11787
368 2 13032 2381
370 5 127 16256 5214 9310 11720
372 3 5746 1266 10445
374 4 127 16256 11172 2291
376 2 13858 3025
378 3 127 16256 11936
380 2 12980 2379
382 4 127 16256 13985 13960
384 2 9336 8310
386 4 127 16256 15560 6052
388 4 12633 2870 5244 5338
390 4 127 16256 6938 12379
392 3 6425 11049 7570
394 5 127 16256 4311 11287 14359
396 4 15908 15896 2503 10806
398 4 127 16256 9395 11145
400 3 13510 3492 1703
402 4 127 16256 8603 7984
404 4 12410 3223 2965 7778
406 4 127 16256 1148 5724
408 3 5287 14497 5104
410 4 127 16256 4588 4639
412 4 3275 12080 6679 13507
414 4 127 16256 12980 10810
416 3 12634 13153 5040
418 5 127 16256 9422 16002 14160
420 3 4572 9546 11363
422 4 127 16256 9991 7691
424 3 10115 1749 4189
426 4 127 16256 11315 5003
428 3 6925 3242 10488
430 4 127 16256 13728 8495
432 3 3251 4812 7555
434 3 127 16256 6159
436 3 3976 12823 12901
438 4 127 16256 15168 5199
440 3 4444 10868 9925
442 4 127 16256 243 6028
444 3 7060 12650 5569
446 4 127 16256 5422 7434
448 2 10420 11537
450 3 127 16256 3219
452 3 4822 11321 3622
454 4 127 16256 10570 12104
456 3 8681 14897 3339
458 5 127 16256 3816 10858 8379
460 3 1625 6439 15745
462 4 127 16256 13905 12036
464 3 13571 9434 2477
466 4 127 16256 7554 11916
468 3 4213 13454 7074
470 4 127 16256 9305 13776
472 3 15427 6632 1181
474 4 127 16256 5368 8247
476 3 6700 11843 471
478 4 127 16256 16160 8884
480 2 11786 2508
482 5 127 16256 5872 3937 10929
484 4 7816 4763 12192 1908
486 4 127 16256 15621 3369
488 3 13837 9740 10992
490 4 127 16256 7315 11152
492 4 3257 12843 13829 9037
494 4 127 16256 4465 7813
496 2 1892 12457
498 4 127 16256 13736 4000
500 3 4446 11921 4440
502 4 127 16256 1246 4890
504 2 8349 7938
506 3 127 16256 94
508 3 4837 11666 4677
510 4 127 16256 10658 14366
512 1 1291
514 4 127 16256 6300 8555
516 4 11496 7954 10343 5480
518 4 127 16256 9267 11384
520 3 1012 12437 2206
522 4 127 16256 4461 854
524 4 13552 5033 6533 10319
526 4 127 16256 1818 7211
528 3 11293 1621 8818
530 4 127 16256 14936 9612
532 4 3363 7756 5910 15505
534 4 127 16256 4953 3284
536 3 1929 1331 7253
538 4 127 16256 2508 12595
540 4 4517 3371 14886 12760
542 4 127 16256 3306 1130
544 3 1986 3497 5651
546 4 127 16256 4555 5428
548 3 15170 9993 1197
550 4 127 16256 13573 573
552 3 4577 1765 12566
554 4 127 16256 3521 14017
556 3 9763 10538 4852
558 4 127 16256 12934 10116
560 3 6980 3736 3554
562 4 127 16256 2229 14088
564 3 3607 4577 9742
566 4 127 16256 3127 15104
568 3 2222 4940 15416
570 4 127 16256 8817 7568
572 3 8286 2893 13536
574 4 127 16256 15617 9369
576 2 10868 8718
578 5 127 16256 6888 2268 5899
580 3 4004 571 14433
582 5 127 16256 5289 5319 1724
584 3 5670 10515 10977
586 4 127 16256 237 14358
588 3 3161 13028 1842
590 4 127 16256 8909 8333
592 3 3444 3220 5517
594 5 127 16256 4438 3560 2874
596 3 11539 13124 3244
598 5 127 16256 2421 3178 9894
600 4 13857 4909 4751 347
602 4 127 16256 107 11828
604 4 7446 5525 9896 9569
606 4 127 16256 14601 4270
608 2 8938 4273
610 5 127 16256 12331 10602 11368
612 3 13120 14666 8885
614 4 127 16256 2659 13592
616 3 10145 1795 14407
618 4 127 16256 11680 5032
620 4 6174 14444 5334 1817
622 4 127 16256 4451 8905
624 2 109 8128
626 3 127 16256 345
628 3 3093 2293 13866
630 4 127 16256 604 8444
632 2 2760 1335
634 4 127 16256 3496 12822
636 4 10633 6439 13955 374
638 4 127 16256 241 3537
640 2 14355 8369
642 4 127 16256 5010 11409
644 3 5848 8777 10597
646 4 127 16256 8595 5674
648 3 11860 10404 13730
650 5 127 16256 2261 3180 10597
652 4 14497 1461 1850 2502
654 4 127 16256 14624 13156
656 3 2708 4001 4540
658 4 127 16256 12849 4686
660 4 2681 8363 12040 6550
662 4 127 16256 1246 9858
664 3 13232 10457 9266
666 5 127 16256 14403 9331 9994
668 3 9416 11092 13411
670 5 127 16256 6926 62 10579
672 3 1567 6268 233
674 3 127 16256 8656
676 3 5541 11354 6466
678 4 127 16256 13957 539
680 3 14480 3373 15434
682 5 127 16256 497 3373 7306
684 3 10402 13224 1493
686 4 127 16256 2503 11522
688 3 2601 8940 13761
690 5 127 16256 3411 13896 1182
692 3 1567 14918 422
694 5 127 16256 13860 2375 9881
696 3 5913 3627 9286
698 4 127 16256 8471 7808
700 3 11269 2363 4821
702 4 127 16256 4856 5889
704 2 1626 171
706 5 127 16256 3224 14489 7561
708 3 12451 2166 9996
710 4 127 16256 2263 1299
712 3 6175 1390 12481
714 4 127 16256 1123 2654
716 3 9632 10868 5151
718 5 127 16256 1351 12964 15652
720 3 2394 9544 2207
722 4 127 16256 10072 6786
724 3 2657 12636 1462
726 4 127 16256 2225 15556
728 3 5410 12052 5576
730 4 127 16256 1512 15104
732 4 1239 14379 15107 602
734 4 127 16256 9114 8455
736 2 8556 2183
738 4 127 16256 3556 14852
740 3 572 13137 1198
742 4 127 16256 1111 9552
744 3 10824 7333 15120
746 4 127 16256 9333 4250
748 3 8308 12572 3719
750 4 127 16256 5914 6185
752 2 4890 3296
754 4 127 16256 107 543
756 3 12746 3619 3604
758 4 127 16256 2461 13346
760 3 9606 2893 4884
762 4 127 16256 15056 1840
764 4 5752 10638 8357 6237
766 4 127 16256 2094 3688
768 2 12688 6296
770 4 127 16256 4363 1908
772 3 12589 10792 3730
774 4 127 16256 1142 4900
776 3 11832 12372 10515
778 5 127 16256 220 2703 11033
780 4 6938 9006 1144 6081
782 4 127 16256 10332 1368
784 3 5217 12459 543
786 4 127 16256 5964 10440
788 3 2164 1891 12520
790 5 127 16256 5797 1364 6238
792 3 8596 5860 10285
794 4 127 16256 10762 13706
796 3 2947 12568 9588
798 4 127 16256 10530 10864
800 3 1367 9746 4397
802 5 127 16256 9825 15493 13632
804 3 14880 2521 7430
806 4 127 16256 3842 4307
808 3 4366 3285 15880
810 4 127 16256 2139 1828
812 3 13640 2965 2610
814 4 127 16256 984 3160
816 3 1203 8778 15024
818 5 127 16256 2187 15889 8475
820 3 9576 6755 4308
822 4 127 16256 4780 15368
824 3 8766 4871 11336
826 4 127 16256 9304 183
828 3 10523 5764 10472
830 4 127 16256 6185 12952
832 3 13132 2700 6220
834 4 127 16256 3776 13096
836 3 11338 12704 1749
838 5 127 16256 1498 7701 8746
840 3 4490 2139 5028
842 5 127 16256 11400 8553 12748
844 4 7956 8491 248 4956
846 4 127 16256 2769 2438
848 3 3716 13432 11276
850 4 127 16256 933 346
852 4 10344 5297 4219 5926
854 4 127 16256 10633 1804
856 3 2358 8474 5329
858 4 127 16256 10501 6017
860 4 15264 1689 11274 11349
862 4 127 16256 11368 6659
864 3 4119 3779 1301
866 4 127 16256 6229 4142
868 4 698 7443 10428 868
870 4 127 16256 8362 3668
872 3 15364 3461 826
874 4 127 16256 11656 5000
876 3 5570 899 10300
878 4 127 16256 620 8308
880 3 2761 2241 5925
882 4 127 16256 4391 1368
884 3 10794 5585 10274
886 4 127 16256 5504 6080
888 3 5261 4881 14944
890 5 127 16256 15448 9889 1234
892 4 8617 3854 5206 838
894 5 127 16256 13072 14428 3207
896 2 2378 8842
898 5 127 16256 6424 1969 9493
900 4 8348 12454 1016 11333
902 5 127 16256 10310 7704 14800
904 3 5266 2350 3651
906 5 127 16256 11278 13383 4801
908 4 583 5368 11058 2582
910 5 127 16256 9337 6438 2581
912 3 1588 2827 15369
914 4 127 16256 4713 4630
916 3 7220 2392 10883
918 5 127 16256 7303 9090 6474
920 3 8970 9369 6369
922 5 127 16256 11846 6498 1332
924 3 3173 618 12696
926 4 127 16256 341 8461
928 3 2079 8579 8291
930 5 127 16256 9676 3107 10852
932 3 14370 5584 5645
934 5 127 16256 1828 2279 14484
936 3 9484 4697 6820
938 5 127 16256 6592 12034 7329
940 4 13846 10537 5346 2597
942 4 127 16256 2666 586
944 3 14370 11648 10271
946 5 127 16256 6384 10279 213
948 3 485 6233 9986
950 4 127 16256 83 3187
952 4 9781 5072 3848 14722
954 4 127 16256 107 916
956 4 11461 1144 7074 13352
958 4 127 16256 2788 708
960 2 9748 6193
962 5 127 16256 4171 1466 233
964 4 11026 5740 12386 1713
966 5 127 16256 12587 10436 4948
968 3 13454 1180 2416
970 5 127 16256 5400 9620 5702
972 4 13972 1384 6796 2499
974 4 127 16256 6944 1123
976 3 3460 10275 12835
978 5 127 16256 9605 12489 7488
980 4 13202 1137 8646 14476
982 5 127 16256 2087 6768 1628
984 3 16008 2465 468
986 4 127 16256 5316 11136
988 4 14475 2385 1764 5516
990 4 127 16256 6532 10520
992 2 14370 453
994 5 127 16256 5171 14404 12441
996 3 8429 7474 228
998 4 127 16256 5024 11012
1000 3 212 7693 8661
1002 4 127 16256 2102 107
1004 3 5134 4504 10977
1006 5 127 16256 12329 9372 7008
1008 3 8993 2154 2485
1010 3 127 16256 11520
1012 3 10497 254 15649
1014 5 127 16256 709 1252 14363
1016 3 2963 364 5393
1018 5 127 16256 3748 9541 2579
1020 4 3260 6241 2346 12050
1022 4 127 16256 1264 14465
1024 1 116
1026 5 127 16256 5320 5666 13720
1028 4 2734 5577 4746 10769
1030 5 127 16256 14753 9858 13088
1032 3 8835 11064 5644
1034 5 127 16256 117 7312 873
1036 4 9859 6513 2581 2108
1038 4 127 16256 4636 4402
1040 3 5224 8742 5074
1042 5 127 16256 6744 2339 13858
1044 3 11778 4652 5073
1046 4 127 16256 6536 9285
1048 3 13874 6816 79
1050 5 127 16256 11036 10832 4141
1052 3 13160 1194 2197
1054 5 127 16256 12313 7056 11288
1056 3 4903 14609 6177
1058 4 127 16256 590 241
1060 3 8966 3194 6529
1062 4 127 16256 15626 13314
1064 3 15488 794 4781
1066 5 127 16256 6704 758 12434
1068 4 10309 6442 126 1690
1070 4 127 16256 71 15000
1072 3 13632 6696 4662
1074 4 127 16256 618 4245
1076 3 10896 9062 5131
1078 5 127 16256 9806 3488 4179
1080 4 4771 305 1465 3429
1082 5 127 16256 3458 8904 2435
1084 4 10352 6405 7888 3726
1086 4 127 16256 3608 4452
1088 2 8608 6541
1090 5 127 16256 4706 9944 12364
1092 3 6934 8458 9641
1094 4 127 16256 738 12301
1096 3 12928 14642 11916
1098 5 127 16256 6549 8331 1077
1100 4 9298 4452 11561 4999
1102 5 127 16256 7105 2218 9604
1104 3 9809 452 3526
1106 4 127 16256 3236 13060
1108 4 9932 12424 8651 15472
1110 4 127 16256 8271 11520
1112 3 4206 10888 1681
1114 5 127 16256 10899 4180 13397
1116 4 8455 8865 7260 8604
1118 4 127 16256 9600 8403
1120 2 4674 3386
1122 3 127 16256 554
1124 3 3700 6164 5515
1126 4 127 16256 11654 263
1128 3 13649 2098 2918
1130 4 127 16256 43 10327
1132 4 610 14996 4034 8937
1134 4 127 16256 8229 2477
1136 2 4140 11587
1138 5 127 16256 6690 12812 3130
1140 4 11137 1367 7248 14376
1142 5 127 16256 15113 71 12601
1144 3 8308 2712 13633
1146 5 127 16256 9354 8749 1078
1148 3 14869 11466 10528
1150 4 127 16256 90 2738
1152 2 3297 204
1154 3 127 16256 9256
1156 3 12409 3144 11910
1158 4 127 16256 5640 892
1160 3 6604 11843 5377
1162 5 127 16256 14382 3091 1228
1164 4 6336 3914 5305 10700
1166 4 127 16256 9884 9221
1168 3 6036 10753 2994
1170 5 127 16256 8513 10331 1479
1172 3 13059 1208 10564
1174 4 127 16256 1389 14344
1176 3 10040 7322 1121
1178 5 127 16256 4659 3840 1897
1180 3 10470 13077 9240
1182 4 127 16256 674 2728
1184 3 8230 8505 14449
1186 5 127 16256 2818 3972 8931
1188 3 5449 2616 8582
1190 4 127 16256 792 8444
1192 3 14636 2279 531
1194 5 127 16256 4504 1385 551
1196 3 15371 471 8744
1198 4 127 16256 153 14606
1200 3 1584 986 8981
1202 5 127 16256 1993 4821 1037
1204 3 3196 7841 8482
1206 4 127 16256 1074 4525
1208 3 12065 8080 4166
1210 4 127 16256 2351 1108
1212 3 506 5137 12164
1214 4 127 16256 1348 2681
1216 2 4878 3600
1218 4 127 16256 12418 3877
1220 3 2209 1994 12574
1222 4 127 16256 8976 2142
1224 3 10672 4811 4656
1226 4 127 16256 1248 799
1228 4 9091 4546 2587 9254
1230 4 127 16256 9773 2352
1232 3 5188 5361 543
1234 4 127 16256 9681 6720
1236 4 10964 6445 4289 3974
1238 4 127 16256 2321 12954
1240 3 6408 366 10177
1242 4 127 16256 6216 4407
1244 3 2954 4626 9319
1246 4 127 16256 14405 10376
1248 2 46 7697
1250 4 127 16256 7680 10630
1252 4 9650 12382 7699 10369
1254 5 127 16256 10588 4903 10257
1256 3 2490 14980 5696
1258 4 127 16256 15648 2944
1260 3 14561 1678 1808
1262 4 127 16256 1415 6274
1264 3 9956 10560 13834
1266 5 127 16256 3865 4418 3475
1268 4 5489 13524 2062 9099
1270 5 127 16256 2609 1992 12302
1272 3 6733 2083 11412
1274 4 127 16256 13705 2569
1276 3 6756 3481 10243
1278 4 127 16256 11592 2572
1280 2 659 549
1282 5 127 16256 9526 6688 12627
1284 4 11556 12462 855 12802
1286 4 127 16256 15616 9219
1288 3 14020 344 14433
1290 5 127 16256 9912 4234 11534
1292 4 549 7348 8391 7049
1294 4 127 16256 3188 4872
1296 3 5399 2464 6738
1298 5 127 16256 1756 964 9856
1300 3 4234 8645 3761
1302 4 127 16256 5538 10370
1304 3 462 9066 7184
1306 4 127 16256 4157 579
1308 3 8227 7072 1629
1310 4 127 16256 9234 3465
1312 3 1658 8560 101
1314 5 127 16256 9352 972 12573
1316 3 4244 13323 3938
1318 4 127 16256 3658 1061
1320 3 12312 5542 741
1322 5 127 16256 1248 1954 12940
1324 4 1835 12460 4496 3163
1326 4 127 16256 6293 12354
1328 3 1547 2164 13840
1330 4 127 16256 12545 3736
1332 3 2018 8709 6456
1334 4 127 16256 8359 464
1336 3 8688 3603 540
1338 4 127 16256 4632 11664
1340 4 9355 12408 8769 12052
1342 4 127 16256 10804 5123
1344 3 1904 11404 6288
1346 5 127 16256 10797 5267 1098
1348 4 3700 10629 12938 2076
1350 5 127 16256 2853 13776 4242
1352 3 5241 11010 547
1354 5 127 16256 1285 11144 11496
1356 4 12576 407 15128 5225
1358 4 127 16256 105 14480
1360 3 1710 6736 7296
1362 4 127 16256 11432 4872
1364 4 13387 5778 10753 445
1366 5 127 16256 8338 2363 2501
1368 3 4385 3288 567
1370 4 127 16256 4169 4214
1372 3 4247 10024 11328
1374 4 127 16256 519 2698
1376 3 2163 11088 1290
1378 5 127 16256 4701 10258 12457
1380 4 9818 10469 1106 4373
1382 4 127 16256 11008 9857
1384 3 3333 4692 8616
1386 5 127 16256 12632 353 12451
1388 3 12301 533 3554
1390 5 127 16256 937 5214 3108
1392 3 1587 10336 6422
1394 5 127 16256 14946 10310 6162
1396 3 1563 4432 10420
1398 5 127 16256 9236 5770 10659
1400 3 3344 5729 2702
1402 5 127 16256 10001 3149 6657
1404 3 4632 14532 1827
1406 4 127 16256 1140 9221
1408 2 240 12936
1410 5 127 16256 10305 1652 9904
1412 3 710 12344 3841
1414 5 127 16256 14359 1542 6264
1416 3 4928 2103 9739
1418 5 127 16256 4617 11905 4806
1420 4 6318 116 14209 12385
1422 4 127 16256 1137 912
1424 3 418 3044 13826
1426 5 127 16256 1190 11310 645
1428 3 4724 8330 15617
1430 4 127 16256 83 5416
1432 4 3655 14528 4737 12657
1434 5 127 16256 8207 556 9185
1436 4 9006 6337 3357 708
1438 4 127 16256 1124 2948
1440 3 13652 5185 8993
1442 5 127 16256 2682 2249 4292
1444 3 6345 8366 1808
1446 5 127 16256 3840 4935 440
1448 4 12760 10762 4200 5348
1450 5 127 16256 12928 9490 12869
1452 4 3888 4320 575 11585
1454 4 127 16256 9249 9290
1456 3 312 5733 3233
1458 5 127 16256 12294 9112 2476
1460 4 16192 8399 8962 12337
1462 5 127 16256 4445 774 10786
1464 3 9697 2656 4182
1466 4 127 16256 11136 5132
1468 4 654 11466 4980 1232
1470 4 127 16256 4119 1162
1472 2 5256 2657
1474 5 127 16256 4385 3669 1504
1476 4 198 15416 4503 3680
1478 5 127 16256 8528 6913 13762
1480 3 3824 8214 4633
1482 5 127 16256 270 3725 9104
1484 4 6420 11604 808 7315
1486 4 127 16256 4122 1332
1488 3 3233 5752 10504
1490 4 127 16256 419 92
1492 3 4165 7818 12592
1494 4 127 16256 1047 8266
1496 3 5638 8728 7521
1498 4 127 16256 118 1049
1500 3 2721 4163 13596
1502 4 127 16256 8472 690
1504 3 5440 5276 6181
1506 4 127 16256 2960 13824
1508 3 340 6211 13992
1510 5 127 16256 172 8283 4490
1512 4 1175 4620 11556 8858
1514 4 127 16256 15488 9088
1516 4 9633 8356 4826 2332
1518 4 127 16256 12364 1424
1520 3 1308 12508 163
1522 5 127 16256 2569 5189 651
1524 4 8828 3348 3607 4481
1526 4 127 16256 1155 1084
1528 3 7233 892 170
1530 5 127 16256 8898 5539 4145
1532 3 7826 8548 1035
1534 5 127 16256 4688 8726 8299
1536 2 6152 7304
1538 5 127 16256 8769 7460 9992
1540 4 9348 2866 6729 14377
1542 4 127 16256 12609 2752
1544 3 9773 3338 212
1546 5 127 16256 646 3720 14385
1548 4 4417 8600 10797 7274
1550 4 127 16256 806 5200
1552 3 8248 907 7304
1554 4 127 16256 2948 13344
1556 3 7744 282 9445
1558 5 127 16256 2152 4411 1109
1560 4 8233 6542 12756 2610
1562 5 127 16256 10658 2616 1570
1564 4 1367 9410 2160 10920
1566 5 127 16256 372 2632 1311
1568 3 628 5377 12096
1570 5 127 16256 5776 9161 14338
1572 4 12963 6274 7492 345
1574 5 127 16256 13317 4248 11232
1576 3 12585 593 1159
1578 5 127 16256 4741 10691 1570
1580 4 14086 2569 926 496
1582 5 127 16256 2122 13729 916
1584 3 238 12816 5442
1586 5 127 16256 4324 3600 2169
1588 4 7904 880 4233 11534
1590 5 127 16256 331 12342 300
1592 3 1188 8461 6864
1594 5 127 16256 10756 1223 6466
1596 4 8289 15745 2214 603
1598 4 127 16256 2092 10760
1600 3 658 11347 4482
1602 5 127 16256 1541 7512 8522
1604 4 547 13680 14360 1996
1606 5 127 16256 14724 8353 9988
1608 3 4520 3270 8961
1610 5 127 16256 3397 11276 900
1612 4 6273 1359 10394 5668
1614 5 127 16256 8262 10720 2105
1616 3 354 7888 105
1618 4 127 16256 3848 12424
1620 3 11537 738 4110
1622 5 127 16256 10756 5768 10594
1624 4 900 3363 2664 15688
1626 5 127 16256 418 15492 1053
1628 4 4300 1944 12846 2625
1630 4 127 16256 8217 649
1632 3 4396 1796 8404
1634 5 127 16256 5704 1464 10504
1636 4 10660 8465 5962 9480
1638 5 127 16256 2466 3976 12353
1640 3 9168 2092 13570
1642 5 127 16256 8810 6340 1037
1644 4 4773 15506 4440 8230
1646 4 127 16256 10368 14496
1648 3 223 8480 9120
1650 5 127 16256 6283 1682 8992
1652 3 11018 4230 1137
1654 5 127 16256 1100 179 1841
1656 4 2792 197 1113 4422
1658 5 127 16256 4284 9264 713
1660 4 8217 14690 1702 2768
1662 4 127 16256 652 1572
1664 3 13838 6170 2072
1666 5 127 16256 8580 4201 5646
1668 3 7489 8326 569
1670 5 127 16256 7190 8865 360
1672 4 778 13363 10448 9889
1674 5 127 16256 2137 7232 12310
1676 4 5872 547 12041 263
1678 5 127 16256 1796 1084 14720
1680 4 2916 4166 10114 7688
1682 5 127 16256 12992 9286 900
1684 4 11850 291 4245 5145
1686 5 127 16256 3268 8864 7552
1688 4 402 2755 181 12554
1690 5 127 16256 12360 4361 14725
1692 4 3206 8253 13516 4928
1694 4 127 16256 4288 4548
1696 3 4611 8841 1144
1698 5 127 16256 2664 8713 4772
1700 4 14490 8800 3211 1301
1702 5 127 16256 780 282 8429
1704 4 13323 9232 4582 11536
1706 5 127 16256 3644 547 4386
1708 4 7938 9572 8465 236
1710 4 127 16256 5440 113
1712 3 10246 5472 10896
1714 5 127 16256 8473 10243 2960
1716 4 2917 5186 12418 8413
1718 5 127 16256 13424 2689 4366
1720 4 1276 7334 8545 321
1722 5 127 16256 757 424 2248
1724 4 908 12609 3698 5188
1726 5 127 16256 1080 7184 5191
1728 3 2121 15896 14352
1730 5 127 16256 54 11156 11392
1732 4 2256 9295 4913 12368
1734 5 127 16256 788 9419 1076
1736 4 3650 9367 8784 1336
1738 5 127 16256 4140 496 2257
1740 4 789 3178 2673 12424
1742 4 127 16256 2116 2164
1744 3 206 4884 9221
1746 5 127 16256 6762 804 4364
1748 4 3896 4173 12321 230
1750 5 127 16256 14785 1036 1564
1752 4 4235 9488 3154 3556
1754 5 127 16256 14514 5184 5456
1756 4 9474 5392 191 11073
1758 5 127 16256 101 5506 1082
1760 3 6149 930 3218
1762 5 127 16256 14616 12560 204
1764 4 331 10484 4244 5642
1766 4 127 16256 109 69
1768 4 6657 714 1826 5492
1770 5 127 16256 1067 8608 15364
1772 4 8928 531 3220 4879
1774 5 127 16256 6477 2944 114
1776 3 12313 456 2850
1778 5 127 16256 6224 1364 8963
1780 4 8689 9738 12340 6149
1782 5 127 16256 6912 624 3151
1784 4 11046 4777 3089 3084
1786 5 127 16256 15106 9288 5129
1788 4 3592 14608 5795 4188
1790 4 127 16256 13568 456
1792 2 2248 5250
1794 5 127 16256 3138 2788 9219
1796 4 2880 1541 13876 2703
1798 5 127 16256 101 8351 1920
1800 4 14540 4867 1680 3394
1802 5 127 16256 4644 15360 6953
1804 4 539 1696 1362 14477
1806 5 127 16256 8236 343 8280
1808 3 2709 13156 517
1810 5 127 16256 11306 9312 14592
1812 4 4178 11680 12941 195
1814 5 127 16256 107 97 3028
1816 4 801 12450 11539 4312
1818 5 127 16256 8219 864 6179
1820 4 6570 9490 4124 837
1822 4 127 16256 2130 3592
1824 3 8976 14614 652
1826 5 127 16256 12293 10401 549
1828 4 15568 1440 8325 671
1830 5 127 16256 263 12412 14340
1832 3 1572 3400 8339
1834 5 127 16256 13316 8388 2457
1836 4 1378 661 14540 4872
1838 4 127 16256 9990 1792
1840 3 568 5089 2566
1842 5 127 16256 928 3202 6566
1844 4 5690 1347 4677 10372
1846 5 127 16256 777 30 15500
1848 4 1632 1416 13418 3011
1850 5 127 16256 676 6040 1794
1852 4 6040 281 10347 1376
1854 4 127 16256 12297 8992
1856 3 8261 4388 11569
1858 5 127 16256 4290 6402 14472
1860 4 6528 6339 14120 212
1862 5 127 16256 4152 2279 12418
1864 3 42 12691 2606
1866 5 127 16256 645 869 284
1868 4 6702 297 13522 4177
1870 4 127 16256 2100 4165
1872 3 5740 12593 304
1874 5 127 16256 1304 2224 4538
1876 4 8592 1654 12298 11681
1878 4 127 16256 4145 92
1880 3 2338 452 13339
1882 5 127 16256 11984 154 2572
1884 4 14534 4169 13824 1881
1886 4 127 16256 8344 6184
1888 3 6467 3810 259
1890 5 127 16256 7212 8769 4172
1892 3 5422 8705 10945
1894 4 127 16256 2816 15136
1896 3 10004 6287 1792
1898 5 127 16256 8917 2146 8229
1900 4 10857 2053 2103 6019
1902 4 127 16256 5252 2309
1904 3 10962 13833 4105
1906 5 127 16256 14603 8738 6401
1908 4 900 9813 2490 9281
1910 4 127 16256 802 77
1912 4 5746 13320 8577 2518
1914 5 127 16256 13314 2242 13617
1916 4 8236 15688 14352 183
1918 4 127 16256 4232 6283
1920 2 3913 769
1922 5 127 16256 141 3105 13385
1924 4 1619 8884 532 6539
1926 5 127 16256 113 8366 1164
1928 3 4841 704 10130
1930 5 127 16256 1666 6273 13606
1932 4 2310 525 9938 5291
1934 4 127 16256 13132 8960
1936 3 1646 1064 8634
1938 5 127 16256 5137 4140 8542
1940 4 86 5185 1199 15144
1942 5 127 16256 7701 2068 11668
1944 4 3232 4941 785 11036
1946 5 127 16256 44 2476 11168
1948 4 12636 161 3235 4211
1950 5 127 16256 720 4303 1328
1952 3 14114 8706 1583
1954 5 127 16256 8578 2578 6632
1956 4 10425 3909 12682 386
1958 4 127 16256 8002 6400
1960 4 10902 560 985 12853
1962 5 127 16256 13 2478 2893
1964 4 2072 10806 3194 6547
1966 4 127 16256 5192 10754
1968 3 5061 3202 8213
1970 5 127 16256 4256 13040 12467
1972 4 366 9856 1043 7953
1974 5 127 16256 1645 8214 1376
1976 3 1360 8234 3973
1978 5 127 16256 2146 6415 393
1980 4 13077 8236 2278 1035
1982 4 127 16256 12312 1185
1984 3 1296 10010 1722
1986 5 127 16256 228 8553 12560
1988 3 12571 8324 11492
1990 4 127 16256 332 291
1992 3 6486 11938 10752
1994 5 127 16256 9296 2310 5368
1996 4 12576 1423 2752 14390
1998 5 127 16256 3174 1092 1087
2000 3 5969 1036 12044
2002 4 127 16256 9856 6408
2004 3 2145 11414 4872
2006 5 127 16256 10525 10482 112
2008 4 12602 1946 5773 8216
2010 5 127 16256 14740 4480 10674
2012 4 3119 13337 1985 1600
2014 5 127 16256 15906 3584 919
2016 3 4844 50 12350
2018 3 127 16256 4864
2020 3 12395 3980 1540
2022 4 127 16256 42 11176
2024 3 13579 998 12289
2026 5 127 16256 1091 8848 9332
2028 4 14336 12000 14366 939
2030 4 127 16256 6896 672
2032 3 9547 12784 11
2034 5 127 16256 4131 7182 1856
2036 4 12709 1398 2777 8321
2038 5 127 16256 1213 4947 56
2040 4 208 4775 4291 8666
2042 5 127 16256 1438 12312 2272
2044 4 8212 926 13537 8629
2046 4 127 16256 9637 11264
2048 1 266
2050 5 127 16256 896 5872 2796
2052 3 2053 3556 14867
2054 4 127 16256 386 478
2056 3 4161 1115 5029
2058 5 127 16256 3655 1969 2561
2060 4 8990 6625 2432 2682
2062 5 127 16256 4353 10866 7553
2064 3 11291 12502 1044
2066 5 127 16256 656 12963 12954
2068 4 5368 855 1168 14730
2070 4 127 16256 67 6040
2072 4 4474 304 11976 12038
2074 5 127 16256 14760 52 10404
2076 4 12292 13590 6565 605
2078 4 127 16256 35 810
2080 3 15430 13061 9218
2082 5 127 16256 15624 8737 2186
2084 4 5354 200 9006 10295
2086 4 127 16256 627 8960
2088 3 1046 12672 621
2090 5 127 16256 4256 12710 5659
2092 4 2459 5829 10349 266
2094 5 127 16256 12932 582 3332
2096 4 2757 2460 9185 8321
2098 5 127 16256 1133 12857 12320
2100 4 4394 5773 10481 4129
2102 4 127 16256 13 12660
2104 4 5632 5446 11425 13845
2106 5 127 16256 7074 81 6535
2108 4 5401 8210 8379 10978
2110 5 127 16256 5616 2592 10851
2112 2 8197 12722
2114 3 127 16256 290
2116 3 3131 11204 296
2118 4 127 16256 6032 70
2120 3 6888 351 644
2122 5 127 16256 14737 8324 13714
2124 4 12643 11058 280 3468
2126 4 127 16256 8328 13552
2128 3 4354 15395 10556
2130 4 127 16256 5323 52
2132 4 11378 2592 1964 4695
2134 5 127 16256 3785 12544 10184
2136 4 867 641 12224 13082
2138 4 127 16256 8535 104
2140 4 11587 12410 770 1670
2142 4 127 16256 306 52
2144 2 13624 2177
2146 5 127 16256 10905 2113 14914
2148 4 168 9046 10302 5539
2150 4 127 16256 4162 7585
2152 4 12573 635 3420 8260
2154 5 127 16256 3159 704 8797
2156 4 268 15457 7340 5014
2158 4 127 16256 67 9749
2160 3 8768 3441 5451
2162 5 127 16256 9698 10752 1717
2164 4 82 10355 3684 6572
2166 5 127 16256 8813 1171 137
2168 3 9419 2088 10012
2170 5 127 16256 3658 10368 2227
2172 3 3285 9728 5482
2174 4 127 16256 8875 2060
2176 2 642 10311
2178 5 127 16256 1540 14113 6731
2180 3 15512 25 807
2182 4 127 16256 4672 378
2184 3 14420 938 8384
2186 5 127 16256 11589 14861 1027
2188 4 12563 9728 9126 11594
2190 4 127 16256 12829 1154
2192 3 8541 1029 9394
2194 5 127 16256 580 4914 2684
2196 4 14617 324 12467 3700
2198 4 127 16256 262 5433
2200 3 9557 14450 2568
2202 4 127 16256 10152 6208
2204 3 4462 9429 6656
2206 5 127 16256 10573 8705 1462
2208 3 6697 10244 7761
2210 5 127 16256 4391 12721 322
2212 4 11021 14 3427 5872
2214 4 127 16256 11648 44
2216 3 9434 10060 6176
2218 5 127 16256 5957 3076 8690
2220 4 266 13464 2486 15433
2222 4 127 16256 1540 437
2224 3 1968 12474 2084
2226 5 127 16256 13580 799 8832
2228 3 10767 7954 224
2230 5 127 16256 261 11399 13432
2232 3 11656 2902 4353
2234 4 127 16256 2639 560
2236 3 10472 1845 4130
2238 4 127 16256 8271 656
2240 2 3136 12453
2242 5 127 16256 10908 4824 8209
2244 4 1089 12050 12404 3227
2246 4 127 16256 6160 55
2248 4 592 5421 11310 6056
2250 5 127 16256 3633 4935 8768
2252 4 4718 13592 8705 7813
2254 4 127 16256 6754 1312
2256 3 1538 12521 1489
2258 4 127 16256 2247 56
2260 4 5005 11802 2576 2528
2262 5 127 16256 1096 13105 11444
2264 3 4631 5376 10481
2266 4 127 16256 2816 13697
2268 3 2576 487 13833
2270 4 127 16256 3139 10496
2272 3 15458 1048 12706
2274 5 127 16256 9430 9091 2128
2276 4 8316 280 3715 7106
2278 5 127 16256 176 9421 7044
2280 4 14365 14336 9616 2727
2282 5 127 16256 2292 8681 4356
2284 4 11907 5136 4173 5937
2286 4 127 16256 176 14347
2288 3 11413 4102 8561
2290 5 127 16256 5444 2113 14425
2292 4 455 6812 1058 11429
2294 4 127 16256 7746 385
2296 3 9557 10904 38
2298 4 127 16256 15492 784
2300 3 1597 11458 4360
2302 5 127 16256 6552 704 12065
2304 2 157 776
2306 5 127 16256 2835 4226 6280
2308 4 536 2486 12513 5800
2310 5 127 16256 769 13425 222
2312 3 6146 1047 7136
2314 5 127 16256 2114 8839 3641
2316 4 4825 292 6295 11650
2318 4 127 16256 12704 7
2320 3 6352 9894 2082
2322 5 127 16256 2759 12331 1072
2324 3 4457 2780 9218
2326 5 127 16256 7552 10980 12544
2328 4 8449 15122 11681 4202
2330 5 127 16256 1119 10368 6448
2332 4 9383 9224 968 14489
2334 5 127 16256 15458 932 9344
2336 3 4106 421 4222
2338 5 127 16256 8260 14514 427
2340 4 14144 12963 2283 21
2342 5 127 16256 15012 3424 580
2344 4 1118 6311 4736 853
2346 5 127 16256 25 9524 1362
2348 4 2180 11779 4572 2393
2350 5 127 16256 4864 11395 2349
2352 3 4282 769 5205
2354 5 127 16256 530 2645 18
2356 4 6064 11264 591 12691
2358 5 127 16256 5017 8232 3143
2360 3 8410 4877 11264
2362 4 127 16256 15504 784
2364 3 352 4762 11525
2366 4 127 16256 12834 164
2368 3 3299 1564 392
2370 5 127 16256 2717 8277 548
2372 4 6520 9398 10242 535
2374 5 127 16256 9585 8464 4622
2376 4 8807 4348 12800 11297
2378 5 127 16256 2645 1226 832
2380 4 14898 268 3114 8645
2382 4 127 16256 38 8849
2384 3 4416 5251 10929
2386 5 127 16256 4804 14419 4130
2388 4 1798 138 10853 14552
2390 4 127 16256 331 112
2392 3 6985 8596 9248
2394 5 127 16256 3937 7304 9728
2396 3 770 3313 12812
2398 5 127 16256 1795 15494 4612
2400 3 386 3365 1864
2402 5 127 16256 6388 529 370
2404 4 1466 2624 8741 15688
2406 5 127 16256 7888 4293 8449
2408 3 13474 3398 529
2410 5 127 16256 12402 3102 133
2412 4 8598 2592 14412 13417
2414 4 127 16256 10244 4932
2416 3 164 7714 8249
2418 5 127 16256 8546 4360 9993
2420 3 2785 13066 1044
2422 5 127 16256 13152 515 636
2424 4 8336 2662 3980 6945
2426 5 127 16256 6208 1863 880
2428 4 19 10436 12493 11826
2430 4 127 16256 4129 3844
2432 2 14656 1568
2434 5 127 16256 8712 4407 181
2436 4 14688 548 1623 206
2438 4 127 16256 7 2360
2440 4 10284 112 6948 8591
2442 5 127 16256 2718 6480 8257
2444 4 5784 15140 2243 2096
2446 5 127 16256 2077 1156 2275
2448 4 5904 2564 2331 9102
2450 5 127 16256 5632 3013 10284
2452 4 2642 4354 13064 11429
2454 5 127 16256 6158 2032 12289
2456 4 865 8854 14732 28
2458 5 127 16256 4354 1624 475
2460 4 9893 12289 1474 6486
2462 4 127 16256 8212 2722
2464 3 6968 15368 208
2466 5 127 16256 673 2082 3118
2468 4 6372 280 9891 15365
2470 5 127 16256 8382 1168 8515
2472 4 4368 742 13389 4682
2474 5 127 16256 2057 2278 14594
2476 4 11304 8423 4944 98
2478 4 127 16256 10328 1029
2480 3 552 15234 3154
2482 5 127 16256 14404 1167 1537
2484 4 4250 545 11318 3025
2486 4 127 16256 276 618
2488 3 1610 9525 14336
2490 4 127 16256 62 4161
2492 3 6400 9745 494
2494 4 127 16256 8640 97
2496 3 780 2306 3011
2498 5 127 16256 11417 2336 12301
2500 4 1538 8688 5690 10253
2502 5 127 16256 2082 2359 75
2504 3 3388 4560 515
2506 5 127 16256 13954 3200 12848
2508 4 5199 8310 10912 400
2510 4 127 16256 274 6912
2512 4 15234 10436 5713 2088
2514 4 127 16256 8960 7304
2516 3 11344 4101 954
2518 5 127 16256 8569 1184 10247
2520 4 8372 12843 15106 1092
2522 4 127 16256 13952 2432
2524 4 7046 14608 98 1741
2526 5 127 16256 4168 9602 6707
2528 3 2113 8550 5170
2530 5 127 16256 9385 9040 4610
2532 4 81 3385 5826 14468
2534 5 127 16256 4240 1353 9014
2536 4 2359 11845 11264 5130
2538 5 127 16256 2226 5953 2057
2540 4 10129 1180 10830 4384
2542 5 127 16256 1586 1869 10304
2544 3 4889 10254 97
2546 5 127 16256 1953 12289 3362
2548 4 13730 2252 16160 19
2550 5 127 16256 11264 6964 5056
2552 3 10629 100 4634
2554 5 127 16256 5248 4109 10601
2556 4 10592 2723 13340 4354
2558 4 127 16256 2432 1286
2560 2 6464 8960
2562 5 127 16256 1784 7296 4116
2564 4 6672 6563 11342 3073
2566 5 127 16256 4339 10368 172
2568 4 673 14756 6176 11474
2570 5 127 16256 8644 517 13888
2572 4 12306 1154 3627 967
2574 5 127 16256 6536 8195 9896
2576 3 8298 8373 6656
2578 5 127 16256 12867 14336 4388
2580 4 1109 4226 2982 15112
2582 5 127 16256 1096 15377 902
2584 4 5857 406 10565 3080
2586 5 127 16256 596 9232 12405
2588 4 14492 1507 2132 37
2590 4 127 16256 4672 1106
2592 3 6025 202 44
2594 5 127 16256 1216 6632 424
2596 4 170 11848 4565 88
2598 5 127 16256 2089 727 769
2600 3 1281 12332 2800
2602 5 127 16256 6667 9988 208
2604 4 3014 4164 9805 4272
2606 4 127 16256 19 11520
2608 3 50 225 14120
2610 5 127 16256 9480 273 4570
2612 3 659 100 15624
2614 5 127 16256 14 12672 7946
2616 4 6672 1747 15401 584
2618 5 127 16256 299 4161 8816
2620 4 8202 7016 9792 11287
2622 4 127 16256 4704 2128
2624 3 4099 445 4236
2626 5 127 16256 23 4509 2816
2628 4 4676 896 10905 1335
2630 5 127 16256 4446 4145 148
2632 4 13484 9286 2203 4864
2634 5 127 16256 4612 4150 4289
2636 4 4105 1155 15696 4972
2638 4 127 16256 88 4115
2640 3 2185 1216 15140
2642 5 127 16256 85 2305 5720
2644 4 8705 417 7222 477
2646 5 127 16256 4617 502 4144
2648 3 14449 526 1664
2650 5 127 16256 4121 5489 1034
2652 4 5809 9344 10288 10573
2654 4 127 16256 8705 401
2656 3 2113 302 8725
2658 5 127 16256 7693 9220 2596
2660 4 193 10000 299 6868
2662 5 127 16256 12320 1401 4110
2664 4 7074 8232 1569 12888
2666 5 127 16256 82 3618 4396
2668 4 530 10451 2596 5545
2670 5 127 16256 10272 542 241
2672 3 8225 3649 4500
2674 5 127 16256 3629 5760 6208
2676 4 14883 464 1135 268
2678 5 127 16256 9088 81 8032
2680 4 2332 548 1505 13057
2682 5 127 16256 14512 800 10624
2684 4 4841 8544 3328 3126
2686 5 127 16256 1218 3196 2051
2688 3 35 1078 12305
2690 5 127 16256 73 9776 7188
2692 4 7697 120 8630 35
2694 5 127 16256 13956 530 2817
2696 4 772 1410 5165 9049
2698 5 127 16256 2894 1680 8240
2700 4 2004 2368 14344 4199
2702 5 127 16256 5762 10564 304
2704 3 3379 1281 712
2706 5 127 16256 162 6793 2100
2708 4 8592 8225 6734 5601
2710 5 127 16256 15696 708 7168
2712 4 3847 3073 15416 4376
2714 5 127 16256 2774 104 2580
2716 4 776 3249 8577 12487
2718 4 127 16256 2464 22
2720 3 525 8706 4584
2722 5 127 16256 4356 228 3273
2724 4 1029 6512 1728 13962
2726 5 127 16256 1339 596 1282
2728 4 3165 19 6323 4872
2730 5 127 16256 5513 304 2594
2732 4 12916 3080 9095 8709
2734 4 127 16256 1030 1128
2736 3 9576 4625 133
2738 5 127 16256 523 200 8597
2740 4 9529 641 8903 7424
2742 5 127 16256 2055 2298 200
2744 4 4227 14946 1086 2208
2746 5 127 16256 12608 1036 13760
2748 4 6712 12679 1098 1408
2750 4 127 16256 13568 196
2752 3 4386 12595 133
2754 5 127 16256 4232 6632 1136
2756 4 776 9003 1108 14545
2758 5 127 16256 704 15621 2309
2760 4 5925 6922 8324 1108
2762 5 127 16256 7690 8832 54
2764 4 168 6485 1824 9986
2766 5 127 16256 89 388 2215
2768 3 5379 1144 8324
2770 5 127 16256 4385 25 3203
2772 4 3794 12697 1060 12312
2774 4 127 16256 56 102
2776 4 5121 15628 2569 726
2778 5 127 16256 5125 10024 4226
2780 4 2745 13644 2184 9249
2782 5 127 16256 39 4232 9432
2784 4 12292 15940 3090 6609
2786 5 127 16256 804 11 9991
2788 4 104 9956 4378 2061
2790 5 127 16256 11208 13320 67
2792 3 8327 5232 2816
2794 5 127 16256 2144 6280 4123
2796 4 2294 12417 10060 2082
2798 4 127 16256 7 5200
2800 4 8752 13635 131 5041
2802 5 127 16256 3200 8710 11380
2804 4 13140 4227 3080 4835
2806 5 127 16256 1792 12322 15524
2808 4 12300 14471 1337 2096
2810 5 127 16256 12576 2684 196
2812 4 11843 8636 2129 524
2814 4 127 16256 1344 8203
2816 2 1668 2120
2818 5 127 16256 2096 9489 9504
2820 4 8723 336 616 7620
2822 5 127 16256 353 1598 9220
2824 4 11309 5005 336 8325
2826 5 127 16256 1958 10369 1042
2828 4 5715 1297 10248 1447
2830 5 127 16256 3481 12801 2068
2832 4 561 642 12481 10301
2834 5 127 16256 12304 10676 2089
2836 4 4338 11029 1034 10497
2838 6 127 16256 15500 10248 4642 5207
2840 4 650 2081 7191 5477
2842 5 127 16256 1538 1137 135
2844 4 2752 7073 4113 3166
2846 4 127 16256 138 3077
2848 3 81 12324 13768
2850 5 127 16256 8414 8416 2060
2852 4 6277 9586 4161 538
2854 5 127 16256 280 103 4482
2856 4 3073 11309 12950 8360
2858 5 127 16256 13637 645 8264
2860 4 3254 12354 13160 268
2862 4 127 16256 8258 549
2864 3 7057 608 3082
2866 5 127 16256 1843 4177 518
2868 4 4903 10872 1170 2053
2870 4 127 16256 53 8258
2872 3 8288 1553 4558
2874 5 127 16256 588 161 6806
2876 4 1408 568 9457 6924
2878 5 127 16256 300 8258 3667
2880 3 3088 9382 8488
2882 5 127 16256 10519 6180 8384
2884 4 2151 8128 1030 8248
2886 4 127 16256 6656 9504
2888 3 4416 10918 1161
2890 5 127 16256 25 3661 4196
2892 4 2306 13425 1672 9101
2894 5 127 16256 322 4233 12052
2896 4 12966 9476 2096 8239
2898 5 127 16256 10812 2368 4768
2900 3 292 10264 5827
2902 5 127 16256 4424 8706 2359
2904 4 5525 3289 6176 774
2906 5 127 16256 2794 9744 4354
2908 4 774 2250 9220 13361
2910 5 127 16256 800 2148 31
2912 3 3456 617 10256
2914 5 127 16256 9090 1076 6176
2916 4 8513 1036 2845 5283
2918 5 127 16256 6251 4116 9480
2920 4 9065 7232 12430 772
2922 5 127 16256 7200 522 9889
2924 4 1683 4133 11208 8216
2926 5 127 16256 4130 3028 9225
2928 3 4618 3185 8352
2930 5 127 16256 2192 12612 1218
2932 4 5477 89 9112 2562
2934 5 127 16256 8451 28 1139
2936 4 13582 5024 8338 81
2938 5 127 16256 6411 12352 3840
2940 4 416 4499 8788 3112
2942 5 127 16256 585 4354 10294
2944 3 10788 4129 9730
2946 5 127 16256 12292 4554 816
2948 4 3111 4360 9169 9234
2950 5 127 16256 12352 3970 2572
2952 4 5508 277 162 10346
2954 5 127 16256 228 11656 19
2956 4 4145 134 12104 3729
2958 5 127 16256 5210 10256 1061
2960 3 10498 13416 529
2962 5 127 16256 2083 9952 336
2964 4 14502 1803 208 14592
2966 5 127 16256 8576 8337 7680
2968 4 1000 6572 8721 1092
2970 5 127 16256 312 12416 1159
2972 4 8428 2338 5136 2951
2974 6 127 16256 961 328 8360 1561
2976 4 6336 10564 8210 6561
2978 5 127 16256 10257 5672 2054
2980 5 2055 1064 974 14625 9363
2982 5 127 16256 4704 8314 8197
2984 3 1288 6178 8916
2986 5 127 16256 8206 7552 8240
2988 5 8948 2237 13571 8216 12290
2990 5 127 16256 3520 12800 332
2992 4 153 10272 677 5774
2994 5 127 16256 8577 536 12865
2996 4 3168 11521 8212 4842
2998 5 127 16256 73 12467 54
3000 4 2081 11330 8776 5916
3002 5 127 16256 13312 1207 1030
3004 4 2051 824 1164 14915
3006 5 127 16256 8221 6272 102
3008 3 672 37 10936
3010 5 127 16256 2320 195 15488
3012 4 4355 1812 10473 2184
3014 5 127 16256 268 877 26
3016 4 336 8833 2204 13861
3018 5 127 16256 7200 3590 8832
3020 4 208 3810 8460 13329
3022 5 127 16256 1153 102 2075
3024 4 228 1814 14336 2481
3026 4 127 16256 30 97
3028 5 266 321 8533 4876 16032
3030 5 127 16256 113 2110 48
3032 4 224 1300 7192 12038
3034 5 127 16256 1544 104 634
3036 4 4963 97 8384 11414
3038 4 127 16256 49 12320
3040 3 9089 5188 304
3042 5 127 16256 5140 6656 1616
3044 4 15560 5140 6947 5120
3046 5 127 16256 2413 50 10272
3048 4 1488 1608 13097 4102
3050 5 127 16256 12304 19 4796
3052 4 10084 2698 44 4177
3054 5 127 16256 4818 28 99
3056 4 332 2533 538 148
3058 5 127 16256 2692 4360 8835
3060 5 1564 14337 13409 2478 1058
3062 6 127 16256 7438 12864 137 2147
3064 4 10868 2066 2564 7338
3066 5 127 16256 76 7810 4232
3068 4 1168 7512 1060 9383
3070 5 127 16256 13504 9221 2816
3072 2 8257 224
3074 5 127 16256 4745 2177 521
3076 4 2304 3840 6445 10450
3078 5 127 16256 6178 6144 2141
3080 4 2072 6993 146 5692
3082 5 127 16256 10496 202 5253
3084 5 2592 11728 3136 5017 2358
3086 5 127 16256 12338 43 84
3088 4 8328 3144 5907 9473
3090 5 127 16256 9472 8195 2294
3092 4 8240 9224 10930 4551
3094 6 127 16256 340 2816 4202 9229
3096 4 2308 2088 14379 5827
3098 5 127 16256 9232 5014 88
3100 4 1598 1552 10697 152
3102 5 127 16256 12619 52 8736
3104 3 140 8708 9011
3106 5 127 16256 4673 9096 1042
3108 4 2690 2972 49 13378
3110 5 127 16256 15498 69 769
3112 4 11096 13 9224 11442
3114 5 127 16256 953 10244 76
3116 4 2314 8300 6535 1552
3118 5 127 16256 928 28 1123
3120 4 138 4538 10261 8201
3122 5 127 16256 4102 14508 4256
3124 5 58 7169 718 10554 145
3126 6 127 16256 4610 10756 5378 9744
3128 4 2177 13224 10248 2267
3130 5 127 16256 4129 695 641
3132 4 10304 194 6205 9158
3134 4 127 16256 8264 4232
3136 3 768 1856 12622
3138 5 127 16256 76 265 7182
3140 4 1060 14855 9529 196
3142 5 127 16256 8232 8705 8407
3144 4 8720 3429 4113 7346
3146 5 127 16256 261 14 13665
3148 5 7832 4418 1281 8621 9264
3150 6 127 16256 13336 904 4596 2144
3152 3 695 3144 1088
3154 5 127 16256 1042 5767 8240
3156 5 194 5894 546 7024 8665
3158 5 127 16256 640 1327 720
3160 4 4288 9773 644 11604
3162 5 127 16256 1048 9248 2622
3164 4 10631 104 8258 5661
3166 4 127 16256 325 5
3168 3 4614 6 12521
3170 5 127 16256 4736 2561 13389
3172 4 8209 4466 1552 14477
3174 5 127 16256 1664 343 168
3176 4 260 4484 9074 11843
3178 5 127 16256 9250 4552 2576
3180 4 258 12508 11632 771
3182 6 127 16256 19 578 11572 12698
3184 4 1296 3723 11618 49
3186 5 127 16256 3881 9224 10256
3188 5 15664 14336 8876 4101 1763
3190 6 127 16256 5252 21 6968 456
3192 4 420 8796 6215 132
3194 5 127 16256 112 12658 76
3196 4 2053 2336 9430 13067
3198 4 127 16256 12384 8256
3200 3 2109 4624 5124
3202 5 127 16256 6373 776 9472
3204 4 2082 948 5122 10331
3206 5 127 16256 8324 7976 4356
3208 4 6400 11810 12574 4225
3210 5 127 16256 150 5121 43
3212 4 10242 522 5616 12877
3214 5 127 16256 2305 4342 8201
3216 4 10241 2058 8477 13009
3218 5 127 16256 112 1116 4384
3220 5 10556 14922 43 16001 9
3222 5 127 16256 3 3320 135
3224 4 11504 862 1285 1025
3226 5 127 16256 261 322 3988
3228 4 9488 10860 13475 1280
3230 4 127 16256 10500 2052
3232 3 1768 2054 259
3234 5 127 16256 6257 800 259
3236 4 9736 6371 1536 14644
3238 5 127 16256 12288 3922 12417
3240 4 4540 8739 8336 9280
3242 5 127 16256 14985 212 144
3244 5 3041 2308 5425 518 12335
3246 5 127 16256 272 1328 15041
3248 4 4230 8938 6 7108
3250 5 127 16256 11299 262 2116
3252 4 960 384 11380 4219
3254 6 127 16256 12321 8224 9758 1623
3256 4 3852 8430 4609 2053
3258 5 127 16256 7945 330 320
3260 4 4507 15940 4424 320
3262 5 127 16256 19 2158 4161
3264 3 4104 4248 9606
3266 5 127 16256 517 13380 44
3268 5 4121 1653 14786 10929 9
3270 5 127 16256 292 13696 2564
3272 4 5120 10779 5156 4998
3274 5 127 16256 6056 41 88
3276 4 11907 4104 4140 4414
3278 4 127 16256 9 75
3280 4 1026 6531 4437 1570
3282 5 127 16256 6144 6688 5251
3284 5 13032 10650 260 2309 5299
3286 5 127 16256 68 1101 118
3288 4 11442 8981 4256 4162
3290 5 127 16256 6446 1088 1091
3292 4 80 86 1750 14629
3294 5 127 16256 12800 515 3458
3296 4 10577 5184 1058 14946
3298 5 127 16256 2080 3209 6180
3300 5 4384 7197 15172 1057 738
3302 6 127 16256 68 108 3851 861
3304 4 10358 8713 4481 22
3306 5 127 16256 14848 629 2560
3308 5 164 7941 8904 1029 11442
3310 6 127 16256 10435 5152 154 3092
3312 4 3862 13312 4122 736
3314 5 127 16256 6358 129 6273
3316 4 13025 1028 2387 1548
3318 5 127 16256 7172 9112 6144
3320 4 8324 12304 15682 4788
3322 5 127 16256 8295 1546 1032
3324 4 8625 7748 1288 522
3326 5 127 16256 2112 9091 7232
3328 3 1028 3778 3140
3330 5 127 16256 8768 4201 12290
3332 4 2900 8193 7334 8457
3334 5 127 16256 85 4910 65
3336 4 3102 5461 8704 9856
3338 5 127 16256 14994 58 40
3340 5 8966 13264 7721 2568 265
3342 6 127 16256 6881 9732 11307 1028
3344 4 8226 157 1360 6536
3346 5 127 16256 9218 2306 10348
3348 4 1873 36 556 14994
3350 6 127 16256 7175 480 7320 192
3352 4 574 8449 9280 5329
3354 5 127 16256 8193 9729 6785
3356 4 12656 3725 33 113
3358 5 127 16256 107 8213 8196
3360 4 4064 2153 13312 1288
3362 5 127 16256 2856 1216 81
3364 5 221 15712 1798 8266 72
3366 6 127 16256 3104 2068 12622 8308
3368 4 8372 10636 12995 8320
3370 5 127 16256 10624 318 10240
3372 5 15169 1830 296 2233 14
3374 6 127 16256 8746 544 8996 2739
3376 4 202 14752 1553 8260
3378 5 127 16256 8706 2624 9356
3380 5 9956 6160 3584 5896 1483
3382 5 127 16256 3328 7554 8706
3384 4 5124 15114 61 1160
3386 5 127 16256 50 10752 10362
3388 4 714 9333 280 6400
3390 4 127 16256 35 10752
3392 3 12396 8288 3584
3394 5 127 16256 2308 13314 586
3396 5 6290 10980 4360 1491 11
3398 5 127 16256 12544 8509 70
3400 4 15634 77 12 4804
3402 5 127 16256 194 11268 60
3404 4 4608 4393 4868 11474
3406 5 127 16256 4811 52 5632
3408 4 1152 2755 8566 1155
3410 5 127 16256 36 1125 55
3412 5 10272 3136 9172 4411 583
3414 5 127 16256 230 219 66
3416 4 4504 5447 10274 8194
3418 5 127 16256 102 18 1043
3420 4 448 3187 2051 9164
3422 5 127 16256 529 3584 14720
3424 4 1311 1160 6288 131
3426 5 127 16256 1156 3136 8489
3428 4 8032 8317 230 96
3430 6 127 16256 11112 3592 1410 1026
3432 4 1345 257 12332 6302
3434 5 127 16256 9562 100 9218
3436 5 8238 48 564 7761 3478
3438 6 127 16256 1862 5377 1741 4097
3440 4 13857 2128 173 6272
3442 5 127 16256 1048 3640 262
3444 5 9236 14492 9216 851 1654
3446 5 127 16256 1034 4213 37
3448 4 1537 2477 2312 9803
3450 5 127 16256 19 10022 5248
3452 4 8720 5251 2816 8572
3454 5 127 16256 8195 12292 3968
3456 3 9027 3 539
3458 5 127 16256 4352 3145 4355
3460 5 9188 13379 6427 41 9280
3462 5 127 16256 104 9728 3159
3464 4 6832 4624 2855 9280
3466 5 127 16256 2054 8832 2407
3468 5 48 3632 9102 13123 6193
3470 5 127 16256 100 1691 12416
3472 4 4002 8216 1792 9628
3474 5 127 16256 9784 8232 1089
3476 4 288 13600 881 6287
3478 5 127 16256 11536 8448 13192
3480 4 5659 80 8534 8432
3482 5 127 16256 2643 80 1144
3484 5 10421 1753 2068 4225 4523
3486 5 127 16256 14595 8193 9857
3488 3 14338 169 84
3490 5 127 16256 1536 1768 13840
3492 4 8303 5972 2178 580
3494 5 127 16256 1536 1567 1636
3496 4 1312 2531 530 9644
3498 5 127 16256 769 13447 134
3500 4 2208 8960 8798 14085
3502 5 127 16256 5752 1536 1543
3504 4 9932 10244 162 3314
3506 5 127 16256 640 658 2138
3508 5 131 548 8659 1838 6738
3510 5 127 16256 38 8201 8566
3512 4 1390 1156 6176 6329
3514 5 127 16256 70 672 7811
3516 4 637 4192 1282 14210
3518 4 127 16256 12290 100
3520 3 4763 4322 130
3522 5 127 16256 11317 1154 2081
3524 4 3206 14428 12065 3072
3526 5 127 16256 7813 5 8469
3528 4 2050 6430 2627 11372
3530 5 127 16256 5427 2116 289
3532 4 2336 8705 9091 5340
3534 5 127 16256 1461 74 8464
3536 4 5282 1056 15152 1849
3538 5 127 16256 5328 2432 1089
3540 4 9217 2592 6364 9547
3542 5 127 16256 8832 9861 6400
3544 4 15908 13016 707 576
3546 5 127 16256 8832 7251 1048
3548 4 12505 2654 4288 1312
3550 6 127 16256 6761 9479 56 4356
3552 4 8401 8320 9102 2808
3554 5 127 16256 9673 193 8198
3556 4 11570 17 4341 569
3558 5 127 16256 8333 8442 8200
3560 4 13596 608 12443 1288
3562 5 127 16256 8732 12098 8704
3564 5 1538 4113 1453 9891 6358
3566 6 127 16256 1806 821 20 468
3568 4 546 15109 12289 11216
3570 5 127 16256 14512 4226 2065
3572 4 24 5560 14661 602
3574 5 127 16256 1374 66 8291
3576 4 784 12713 4695 4099
3578 5 127 16256 384 10130 405
3580 4 5122 15170 5277 13
3582 4 127 16256 6148 168
3584 2 520 4664
3586 5 127 16256 10272 266 9997
3588 4 8441 5128 8322 3014
3590 5 127 16256 273 2286 4228
3592 4 9248 13001 14611 4106
3594 5 127 16256 6198 8201 3088
3596 4 10529 257 3529 5782
3598 5 127 16256 4893 98 2184
3600 3 6 5940 2063
3602 5 127 16256 2564 4480 14636
3604 4 1088 3427 15424 2718
3606 5 127 16256 15536 34 806
3608 4 130 10950 647 9275
3610 5 127 16256 4416 8321 8551
3612 4 5391 4616 69 12000
3614 4 127 16256 4610 2368
3616 3 2965 2088 5376
3618 5 127 16256 2084 584 5677
3620 4 1262 14883 4161 276
3622 5 127 16256 14114 12289 2208
3624 4 6317 4130 8720 3662
3626 5 127 16256 3121 33 5032
3628 4 9794 514 2996 4905
3630 4 127 16256 8576 2562
3632 3 104 4113 11938
3634 5 127 16256 8320 9364 14363
3636 4 1160 14366 577 7585
3638 5 127 16256 324 750 19
3640 4 12965 1025 633 11267
3642 5 127 16256 9743 8754 18
3644 4 9273 24 6326 984
3646 5 127 16256 8209 1077 74
3648 3 12422 5655 8194
3650 5 127 16256 8969 9246 8704
3652 4 136 8345 6018 3181
3654 5 127 16256 2238 12292 2113
3656 3 9003 2260 2052
3658 5 127 16256 2304 2406 2844
3660 4 2246 9755 4394 6
3662 4 127 16256 6144 7304
3664 3 15682 20 916
3666 5 127 16256 10505 4584 8448
3668 4 3601 8422 5405 1040
3670 5 127 16256 107 6685 9
3672 4 13417 12065 598 68
3674 5 127 16256 2094 13921 36
3676 4 10262 8196 8570 3749
3678 4 127 16256 1428 1028
3680 3 9932 33 4769
3682 5 127 16256 8471 194 2081
3684 4 9530 12645 528 3728
3686 5 127 16256 6502 4633 9
3688 4 2257 65 9126 4844
3690 5 127 16256 8555 3209 1032
3692 4 4681 576 13587 10470
3694 5 127 16256 6 2603 8278
3696 4 218 72 9404 14618
3698 5 127 16256 7490 3184 96
3700 4 8224 8882 12644 3599
3702 5 127 16256 8763 2056 2126
3704 4 15520 10010 6144 6227
3706 5 127 16256 8256 8786 12853
3708 4 8208 12224 5179 11282
3710 5 127 16256 2170 65 1349
3712 3 8648 8200 9349
3714 5 127 16256 870 2052 10254
3716 4 10929 9038 1032 5388
3718 5 127 16256 4108 8512 4211
3720 4 72 15952 6549 4682
3722 5 127 16256 10368 91 4624
3724 4 2064 2585 12515 1884
3726 4 127 16256 12944 528
3728 3 10003 8397 8193
3730 5 127 16256 5198 2095 6
3732 4 10905 12326 6 5976
3734 5 127 16256 493 13330 8194
3736 4 12467 4174 3778 72
3738 5 127 16256 5715 1336 288
3740 4 9265 6926 10980 1040
3742 5 127 16256 6201 6144 7239
3744 3 6824 757 544
3746 5 127 16256 2184 1282 11312
3748 4 7281 4796 8448 12554
3750 5 127 16256 2157 2052 2710
3752 4 576 962 3351 12476
3754 5 127 16256 8448 8653 9491
3756 4 48 3342 13649 2736
3758 5 127 16256 12050 4160 12992
3760 4 7944 15490 5120 4889
3762 5 127 16256 2458 132 2220
3764 4 514 819 10854 5518
3766 5 127 16256 33 1182 4321
3768 4 2894 8984 13329 8448
3770 5 127 16256 950 48 4281
3772 4 12427 3072 1894 3160
3774 5 127 16256 1025 5127 636
3776 3 5658 514 12942
3778 5 127 16256 5716 8208 9328
3780 4 4112 2703 5232 8465
3782 4 127 16256 34 118
3784 4 9444 4968 8256 8539
3786 5 127 16256 10180 2052 2063
3788 4 4627 4098 3493 9548
3790 5 127 16256 559 12 764
3792 4 6437 11795 9271 2049
3794 5 127 16256 321 9492 2082
3796 4 3361 2049 4840 8414
3798 5 127 16256 605 5 10791
3800 4 11558 6482 4565 2304
3802 5 127 16256 4352 14145 12620
3804 4 9638 4729 544 9064
3806 5 127 16256 686 136 1753
3808 4 3285 9667 1152 15491
3810 5 127 16256 34 8746 9761
3812 4 12549 5346 257 11832
3814 5 127 16256 8320 14977 9614
3816 4 516 5148 629 10118
3818 5 127 16256 15626 2304 14628
3820 4 6353 9580 2064 11154
3822 5 127 16256 8194 6936 13442
3824 4 10896 4212 4112 1642
3826 5 127 16256 264 13827 4904
3828 4 2112 13606 7248 5001
3830 5 127 16256 4877 9 11921
3832 4 5492 1280 9605 14924
3834 5 127 16256 160 14513 9896
3836 4 1238 7060 144 11339
3838 4 127 16256 8906 72
3840 2 544 3880
3842 5 127 16256 544 4910 2730
3844 4 10321 9448 13070 2049
3846 5 127 16256 8762 7600 34
3848 3 13699 192 760
3850 5 127 16256 10240 12098 11841
3852 4 136 14407 7336 1724
3854 4 127 16256 869 33
3856 3 5554 8208 8727
3858 5 127 16256 8224 555 10792
3860 4 192 2985 4310 12162
3862 5 127 16256 8696 8320 8367
3864 4 1196 9900 192 2259
3866 5 127 16256 12288 14568 13093
3868 4 12622 2056 827 3784
3870 5 127 16256 1152 9617 6851
3872 3 9799 65 973
3874 5 127 16256 2785 12050 96
3876 4 6144 3283 7046 14456
3878 5 127 16256 3888 1280 2639
3880 4 11842 1088 10597 5073
3882 5 127 16256 1536 7196 1960
3884 4 8633 384 5804 3554
3886 5 127 16256 4730 10469 96
3888 4 12288 5160 12848 3306
3890 5 127 16256 3908 260 15776
3892 4 2507 257 13104 3373
3894 5 127 16256 10060 6310 34
3896 4 11811 8413 257 371
3898 5 127 16256 1954 3072 7181
3900 4 3243 13432 1900 96
3902 4 127 16256 1088 3665
3904 3 3 10535 2607
3906 5 127 16256 384 931 1085
3908 3 8271 72 7856
3910 4 127 16256 14736 2304
3912 3 3734 4352 12705
3914 5 127 16256 12 8398 8442
3916 4 14148 12613 191 4352
3918 4 127 16256 2052 6804
3920 3 12341 8224 3414
3922 5 127 16256 6296 5389 4352
3924 4 640 6790 15472 8665
3926 5 127 16256 10338 96 8221
3928 4 96 8952 10546 3430
3930 5 127 16256 8765 13349 1056
3932 4 10012 2538 15367 2050
3934 5 127 16256 2855 9306 72
3936 3 922 768 3275
3938 5 127 16256 12642 68 2172
3940 4 1438 10850 14483 2560
3942 5 127 16256 2291 4540 160
3944 4 2988 136 11783 14489
3946 5 127 16256 2112 6325 2652
3948 4 2050 9773 11290 14788
3950 4 127 16256 10 12890
3952 4 3187 13122 768 7456
3954 5 127 16256 9216 1030 11368
3956 4 7558 13342 1028 4723
3958 5 127 16256 12858 48 3478
3960 4 2176 14516 11406 12664
3962 5 127 16256 2176 11321 14502
3964 4 3251 13084 15416 12288
3966 5 127 16256 33 12643 13341
3968 2 3505 129
3970 5 127 16256 13908 12 4924
3972 3 2930 14477 2304
3974 4 127 16256 11924 2560
3976 3 8989 8194 15430
3978 5 127 16256 4100 3851 14853
3980 4 5405 640 10794 3784
3982 5 127 16256 3508 96 875
3984 3 34 4283 1374
3986 5 127 16256 8904 10609 65
3988 4 13121 11347 72 2286
3990 5 127 16256 72 954 4717
3992 4 72 9522 2639 8314
3994 5 127 16256 1280 5149 6049
3996 4 1088 14442 4647 1490
3998 5 127 16256 14426 17 1335
4000 3 6174 11299 4104
4002 5 127 16256 2304 4064 6825
4004 4 13417 9751 14729 257
4006 5 127 16256 1273 66 2887
4008 4 1741 6694 9642 10
4010 5 127 16256 7461 10419 4352
4012 4 12288 14216 4811 10355
4014 4 127 16256 136 1679
4016 4 12376 1040 1087 4884
4018 5 127 16256 4224 4525 4381
4020 4 3494 6217 4098 13906
4022 5 127 16256 3560 14917 2056
4024 4 15940 6840 2112 4711
4026 5 127 16256 6316 1992 2052
4028 4 246 528 663 15712
4030 5 127 16256 9415 5433 24
4032 3 13729 40 9644
4034 3 127 16256 4352
4036 3 1025 5517 10482
4038 4 127 16256 3127 1056
4040 3 2032 14499 1280
4042 5 127 16256 3266 1028 10021
4044 4 2050 7564 2663 9464
4046 4 127 16256 4352 8525
4048 3 7848 10601 257
4050 5 127 16256 48 14160 5842
4052 4 9495 7396 10829 1026
4054 5 127 16256 1643 2325 3072
4056 4 2049 12660 15136 3635
4058 5 127 16256 2289 3690 10240
4060 4 1870 13457 2049 10347
4062 4 127 16256 4298 384
4064 3 9359 5 1514
4066 5 127 16256 12288 4311 6541
4068 4 4221 14083 3072 11399
4070 4 127 16256 18 11916
4072 4 8503 4695 7214 80
4074 5 127 16256 2867 6144 5829
4076 4 8501 320 9682 6810
4078 5 127 16256 4794 10437 384
4080 4 4251 2049 1766 3733
4082 5 127 16256 15385 6699 18
4084 4 5080 14916 5667 2052
4086 5 127 16256 10858 6485 33
4088 4 8590 15920 12292 8194
4090 5 127 16256 7396 2176 9739
4092 4 1056 2891 10956 13478
4094 4 127 16256 413 36
4096 1 288
4098 3 127 16256 2112
4100 3 1990 2560 10361
4102 4 127 16256 2049 7076
4104 3 5580 3131 65
4106 5 127 16256 4594 8704 1402
4108 4 72 7476 14483 8828
4110 4 127 16256 129 5066
4112 3 5014 272 9763
4114 5 127 16256 9618 8200 12741
4116 4 36 15508 13826 365
4118 4 127 16256 640 11587
4120 4 4128 14272 12443 11049
4122 5 127 16256 2080 11928 1266
4124 4 6052 12288 11405 5207
4126 4 127 16256 1025 12745
4128 3 1432 13985 48
4130 5 127 16256 260 3782 1543
4132 4 13478 8824 3937 3072
4134 5 127 16256 2050 8493 6746
4136 4 7776 10 1390 12627
4138 5 127 16256 8558 2157 1536
4140 4 8224 2800 8759 5404
4142 4 127 16256 2176 4453
4144 4 9794 2663 9697 8196
4146 5 127 16256 12 14640 12052
4148 4 10901 7248 8622 8196
4150 5 127 16256 14160 3748 24
4152 4 10036 2835 4336 258
4154 4 127 16256 34 8541
4156 4 14381 1747 5690 8256
4158 4 127 16256 640 13472
4160 2 10526 96
4162 5 127 16256 11569 2056 6244
4164 4 68 12658 1694 15875
4166 4 127 16256 55 12288
4168 4 8194 7435 4965 9161
4170 5 127 16256 2050 9020 8682
4172 4 7588 8256 4339 9755
4174 4 127 16256 5120 10570
4176 4 9414 8561 2064 11858
4178 5 127 16256 2530 8704 2727
4180 4 4712 6931 9428 132
4182 5 127 16256 40 7073 9351
4184 4 14723 7691 100 516
4186 5 127 16256 4725 5020 2056
4188 4 68 15626 4849 5654
4190 5 127 16256 15524 908 320
4192 3 10240 1341 637
4194 5 127 16256 374 3523 24
4196 4 9605 4160 2870 6492
4198 5 127 16256 4125 1387 4128
4200 4 12838 8572 11665 72
4202 5 127 16256 6450 5 9427
4204 4 2207 10449 10 10096
4206 5 127 16256 34 9309 15492
4208 3 6988 7558 17
4210 5 127 16256 8448 14489 4482
4212 4 8758 13319 2176 10728
4214 4 127 16256 1244 34
4216 3 758 3072 12843
4218 5 127 16256 15968 8196 8296
4220 3 671 12650 3072
4222 4 127 16256 9987 192
4224 2 7306 96
4226 5 127 16256 2215 10757 8208
4228 4 13507 6713 514 4381
4230 5 127 16256 160 7572 10771
4232 3 4825 3334 80
4234 5 127 16256 8193 4849 1450
4236 4 8651 14085 14392 1026
4238 4 127 16256 10048 20
4240 3 576 12553 5748
4242 5 127 16256 528 12516 1301
4244 4 10567 4100 5677 211
4246 5 127 16256 4352 12347 1110
4248 4 6377 8796 2503 34
4250 5 127 16256 544 4747 11278
4252 4 971 72 11428 5395
4254 5 127 16256 4103 257 3192
4256 3 1448 2560 11804
4258 5 127 16256 12756 8312 4608
4260 4 3072 2744 3358 12865
4262 5 127 16256 8566 20 713
4264 4 6563 11408 477 5
4266 5 127 16256 272 1912 2189
4268 4 144 2455 1888 12314
4270 5 127 16256 1843 15873 384
4272 3 5529 10889 66
4274 5 127 16256 4160 1934 9493
4276 4 14930 33 1897 8404
4278 5 127 16256 762 9285 514
4280 3 2391 8320 5660
4282 4 127 16256 12064 4224
4284 3 13025 2056 1366
4286 4 127 16256 2304 1173
4288 3 5860 358 640
4290 5 127 16256 10900 405 6144
4292 4 7632 1536 1703 8361
4294 5 127 16256 6247 384 8284
4296 4 36 7552 1819 2670
4298 5 127 16256 8275 2304 6824
4300 4 5689 7394 10532 9
4302 5 127 16256 10 6673 9704
4304 4 10391 40 5010 7558
4306 5 127 16256 8754 12897 9
4308 4 14379 3556 320 3602
4310 5 127 16256 36 7360 13075
4312 4 8423 6610 7553 520
4314 5 127 16256 13056 5120 10327
4316 4 6709 8586 5235 516
4318 5 127 16256 602 5 12397
4320 3 7704 9498 96
4322 5 127 16256 866 6 1480
4324 4 15712 6364 5635 8224
4326 5 127 16256 9 2772 15616
4328 4 14394 7058 65 9100
4330 5 127 16256 1378 17 10130
4332 4 12601 1816 33 7874
4334 4 127 16256 4224 3604
4336 3 3621 10720 4112
4338 5 127 16256 8978 9314 5120
4340 4 2904 9664 4128 5671
4342 5 127 16256 9216 241 366
4344 3 4777 3908 8208
4346 5 127 16256 10240 1240 5553
4348 3 2296 9990 4097
4350 4 127 16256 13696 544
4352 2 9 930
4354 5 127 16256 11912 544 1428
4356 4 12 811 4754 11349
4358 5 127 16256 2162 8196 6253
4360 4 6235 3331 136 12977
4362 5 127 16256 5781 8498 4104
4364 4 12162 14676 516 313
4366 5 127 16256 11076 2056 5776
4368 4 3602 13201 355 8224
4370 5 127 16256 2112 5842 5155
4372 4 4322 1536 6025 10293
4374 5 127 16256 14978 20 1417
4376 4 640 6373 1114 14915
4378 5 127 16256 8224 44 5201
4380 4 5020 2402 10005 8320
4382 5 127 16256 2220 264 115
4384 3 2269 3604 8448
4386 5 127 16256 5314 12410 260
4388 4 4283 5258 768 11462
4390 5 127 16256 1736 8448 1591
4392 4 5656 5301 3614 8448
4394 5 127 16256 6937 34 8333
4396 4 6401 9826 2268 8256
4398 5 127 16256 576 9921 6432
4400 3 5299 2560 12553
4402 5 127 16256 10779 968 4128
4404 4 1342 14024 5328 2049
4406 4 127 16256 4352 11456
4408 3 677 72 11570
4410 5 127 16256 15364 2874 640
4412 3 9489 516 6378
4414 5 127 16256 2078 8766 65
4416 3 1249 12288 1079
4418 5 127 16256 1678 1250 257
4420 4 3141 12375 3491 520
4422 5 127 16256 222 8900 33
4424 4 4100 9345 12889 12582
4426 5 127 16256 6499 66 9348
4428 4 2056 7384 802 9126
4430 4 127 16256 20 14592
4432 4 4352 8378 8929 3087
4434 5 127 16256 1766 66 10753
4436 4 6686 12362 33 11716
4438 5 127 16256 7873 13568 9
4440 4 4473 13366 640 9475
4442 5 127 16256 5248 2051 10496
4444 4 2309 9216 6925 11474
4446 5 127 16256 72 3537 12928
4448 3 10340 14721 18
4450 5 127 16256 4104 10064 2373
4452 4 236 2050 6112 8253
4454 5 127 16256 401 1134 1056
4456 4 272 3480 14568 581
4458 5 127 16256 4739 5432 10240
4460 4 4276 7944 247 65
4462 5 127 16256 30 8704 5857
4464 3 288 12301 3736
4466 5 127 16256 7424 14664 5
4468 4 10410 3909 4112 1795
4470 5 127 16256 3072 4482 12036
4472 3 12838 2176 1368
4474 5 127 16256 33 3664 1550
4476 4 1474 10795 2080 12564
4478 5 127 16256 3265 6016 10240
4480 3 80 6356 4258
4482 5 127 16256 4211 2069 4128
4484 4 2374 11152 1646 4097
4486 5 127 16256 12291 4034 768
4488 4 528 4269 13638 8610
4490 5 127 16256 2712 101 2304
4492 4 6184 6457 1025 9863
4494 5 127 16256 513 3809 12672
4496 3 8448 652 12658
4498 5 127 16256 5250 2052 2254
4500 4 11465 2050 6834 332
4502 5 127 16256 30 12288 3175
4504 4 4632 9395 6731 130
4506 5 127 16256 8313 2608 9
4508 4 6439 2080 9938 9729
4510 4 127 16256 36 13328
4512 3 7088 2176 12298
4514 5 127 16256 4224 4638 1108
4516 4 4128 2179 13369 6988
4518 5 127 16256 9216 8572 291
4520 4 8320 105 8862 15121
4522 5 127 16256 1088 2832 15436
4524 4 8886 768 2059 6082
4526 5 127 16256 1536 3385 8262
4528 4 2972 1990 264 8292
4530 5 127 16256 1478 96 6288
4532 4 4110 80 12713 3697
4534 5 127 16256 12816 2176 11665
4536 4 4128 9921 4462 9536
4538 4 127 16256 10112 6144
4540 4 4841 10526 6 393
4542 5 127 16256 6 1112 3623
4544 3 2242 3614 24
4546 5 127 16256 5 6262 4866
4548 4 18 10962 13624 8709
4550 5 127 16256 1280 14464 1960
4552 4 1088 1267 14538 308
4554 5 127 16256 10816 1395 272
4556 4 6565 9736 260 6770
4558 5 127 16256 4352 11272 5041
4560 4 1987 228 6040 1025
4562 5 127 16256 36 10265 5131
4564 4 14098 4169 3756 258
4566 5 127 16256 36 2428 8211
4568 4 8200 1493 8783 6784
4570 5 127 16256 513 3140 4701
4572 4 15397 11466 136 2832
4574 4 127 16256 68 2193
4576 3 7173 66 2456
4578 5 127 16256 1175 6144 8262
4580 4 3988 4122 9185 2052
4582 5 127 16256 5 10560 2298
4584 4 15109 130 10894 3168
4586 5 127 16256 10260 1152 5451
4588 4 2216 5217 8982 258
4590 5 127 16256 8665 1536 8230
4592 3 824 4100 11330
4594 5 127 16256 1032 11562 8466
4596 4 36 12418 7505 4718
4598 5 127 16256 80 7686 47
4600 4 9433 8196 2471 2248
4602 5 127 16256 4372 160 13701
4604 4 80 3332 2876 9667
4606 4 127 16256 1025 8214
4608 2 12832 1088
4610 5 127 16256 1028 10760 8933
4612 4 4172 10810 8193 1431
4614 5 127 16256 136 6178 10148
4616 4 10791 528 9376 12571
4618 5 127 16256 9122 576 6416
4620 4 2052 15553 12476 8962
4622 5 127 16256 130 7680 9652
4624 4 12224 15892 4352 2104
4626 5 127 16256 8224 12808 3140
4628 4 12104 167 4118 8448
4630 5 127 16256 15656 68 674
4632 4 11282 1404 4641 2056
4634 5 127 16256 3336 2064 12801
4636 4 1025 4222 12049 2640
4638 5 127 16256 86 2089 4097
4640 3 2092 513 12598
4642 5 127 16256 3673 12288 3344
4644 4 8196 4331 3922 5440
4646 5 127 16256 1117 34 9536
4648 4 13066 3344 1453 5
4650 5 127 16256 66 308 15110
4652 4 7457 4128 1098 8852
4654 4 127 16256 2176 9730
4656 3 5120 8800 10519
4658 5 127 16256 4097 11602 8236
4660 4 520 9348 5287 10610
4662 5 127 16256 1824 10240 6026
4664 3 34 4424 11797
4666 5 127 16256 8208 4272 15
4668 5 830 4352 2618 15434 2193
4670 5 127 16256 99 8807 24
4672 3 768 12318 108
4674 5 127 16256 1572 64 192
4676 4 8495 6144 1753 8592
4678 5 127 16256 1362 7552 8704
4680 4 8520 2052 5331 4850
4682 5 127 16256 20 7745 480
4684 5 5387 1972 9924 10560 18
4686 6 127 16256 12870 4229 2056 183
4688 4 11936 4104 2628 838
4690 5 127 16256 36 6402 5146
4692 5 10 4496 11488 6295 2904
4694 5 127 16256 6144 9856 6471
4696 4 15138 7687 80 9352
4698 5 127 16256 2560 4596 9352
4700 4 9265 911 514 6240
4702 5 127 16256 13632 40 6784
4704 3 7809 10308 18
4706 5 127 16256 5 4386 10562
4708 4 13890 33 3484 12672
4710 5 127 16256 66 189 12305
4712 4 3459 12376 2848 3
4714 5 127 16256 338 36 793
4716 4 12801 2056 2808 1798
4718 5 127 16256 68 13056 3234
4720 3 4229 8208 2858
4722 5 127 16256 1592 209 8448
4724 5 10240 744 12739 15884 1074
4726 6 127 16256 3 2836 8874 5640
4728 4 3651 688 10782 4352
4730 5 127 16256 6536 8704 78
4732 4 6240 1152 7904 9502
4734 6 127 16256 4098 8385 15144 11840
4736 3 2189 288 12297
4738 5 127 16256 320 14368 9257
4740 4 12 12514 3857 609
4742 6 127 16256 4121 613 4426 1028
4744 4 3072 387 4796 12632
4746 5 127 16256 8625 2824 5120
4748 4 4098 712 7939 9268
4750 5 127 16256 10240 143 4208
4752 4 4632 11784 6996 34
4754 5 127 16256 145 2050 2574
4756 5 76 15696 17 8723 10924
4758 6 9017 10482 12308 7366 2560 512
4760 4 6405 11814 720 8224
4762 5 127 16256 2176 581 1336
4764 5 4098 1360 8000 4318 8741
4766 6 127 16256 2074 8910 4224 4096
4768 4 3094 4160 3725 9744
4770 5 127 16256 898 72 1440
4772 4 10296 1408 5703 2064
4774 6 127 16256 9408 1002 520 2099
4776 4 1824 17 902 14534
4778 5 127 16256 15458 83 40
4780 4 750 588 15121 130
4782 5 127 16256 10240 555 596
4784 4 6275 80 12754 1796
4786 5 127 16256 202 3345 12288
4788 4 4100 12686 3809 8458
4790 4 127 16256 13568 640
4792 4 2980 1040 78 12931
4794 5 127 16256 33 1432 198
4796 5 13908 1546 10626 48 6699
4798 5 127 16256 614 25 36
4800 3 185 4352 11392
4802 5 127 16256 11298 65 3074
4804 4 1088 4891 12801 10404
4806 6 127 16256 2049 11020 9552 5154
4808 4 8200 7 5010 10344
4810 5 127 16256 5520 10240 141
4812 5 640 116 4419 949 15386
4814 6 127 16256 2570 260 10148 8203
4816 4 1025 10476 8472 12422
4818 5 127 16256 3622 9472 36
4820 5 5720 455 10848 17 5250
4822 6 127 16256 3 1339 9412 8260
4824 4 10252 129 15952 2402
4826 5 127 16256 5900 18 77
4828 5 14501 3152 130 5746 4365
4830 6 127 16256 5150 2064 2610 4106
4832 3 320 14864 1035
4834 5 127 16256 544 12546 3085
4836 5 160 9637 598 580 6923
4838 5 127 16256 1601 6016 10240
4840 4 8721 260 3320 12330
4842 5 127 16256 1696 7240 8448
4844 4 2304 12290 3913 2484
4846 5 127 16256 73 1152 1718
4848 4 1330 4230 683 2112
4850 5 127 16256 640 73 10885
4852 5 4717 2529 11802 65 1544
4854 6 127 16256 1217 8748 18 4174
4856 4 2509 1056 9777 268
4858 5 127 16256 4866 10313 1152
4860 4 1048 12900 1435 516
4862 6 127 16256 10404 4160 8839 2328
4864 3 2052 9218 7300
4866 5 127 16256 576 2896 1282
4868 5 11201 197 2145 272 1150
4870 6 127 16256 2208 3654 13896 1536
4872 4 2080 1703 8272 6200
4874 5 127 16256 6325 2176 82
4876 5 3079 2732 272 13387 9376
4878 5 127 16256 9317 1025 26
4880 4 2226 4097 3592 8806
4882 5 127 16256 4108 8867 8320
4884 5 10380 12890 1989 8196 3104
4886 6 127 16256 9586 3340 4416 3072
4888 4 624 4123 1028 10627
4890 5 127 16256 7042 98 640
4892 4 11544 4838 2072 66
4894 6 127 16256 4368 160 13072 10084
4896 4 8196 9668 9140 2568
4898 5 127 16256 648 1280 1797
4900 5 2183 2176 14606 769 5752
4902 6 127 16256 643 24 802 7301
4904 4 13650 4236 1088 2565
4906 5 127 16256 9344 847 9
4908 5 2068 9995 12935 2172 1026
4910 6 127 16256 264 3339 4640 10541
4912 4 12365 272 6934 12352
4914 5 127 16256 17 6720 10500
4916 4 628 52 15498 257
4918 6 127 16256 10496 17 1623 6478
4920 4 889 10624 520 4358
4922 5 127 16256 15884 8704 84
4924 5 12754 3 12320 8877 3147
4926 6 127 16256 259 4100 869 4884
4928 3 640 8195 6808
4930 5 127 16256 168 11340 10240
4932 4 8194 265 7274 8854
4934 5 127 16256 1536 146 14738
4936 4 1431 2050 10315 548
4938 5 127 16256 100 1338 264
4940 4 4672 11570 33 2221
4942 6 127 16256 4352 7273 3448 49
4944 4 4353 5405 12579 576
4946 5 127 16256 289 1032 5658
4948 5 1088 6964 1485 13536 10242
4950 6 127 16256 632 21 320 835
4952 4 10446 5992 4352 8322
4954 5 127 16256 65 3584 3163
4956 4 516 13649 2988 13312
4958 4 127 16256 4608 88
4960 4 12682 4224 12649 592
4962 5 127 16256 13028 70 4352
4964 4 4794 6148 10177 640
4966 5 127 16256 10240 8435 13
4968 4 1072 9099 13383 3
4970 5 127 16256 80 4310 2057
4972 4 8678 5640 36 2067
4974 5 127 16256 2733 3072 82
4976 4 259 7748 5120 12332
4978 5 127 16256 112 2304 1865
4980 5 9394 4813 18 6400 5677
4982 6 127 16256 12 10470 9728 3928
4984 4 7324 11232 4104 2816
4986 5 127 16256 3314 12544 33
4988 4 2292 96 5899 642
4990 6 127 16256 10368 15240 5348 4128
4992 3 1096 3288 6
4994 5 127 16256 8258 1280 8032
4996 4 262 11425 1056 4698
4998 5 127 16256 160 1792 14756
5000 4 514 9541 11448 9217
5002 6 127 16256 9 4271 9425 9248
5004 5 161 12627 2112 12961 15388
5006 5 127 16256 5539 10752 1056
5008 4 8406 25 8256 15024
5010 5 127 16256 7555 52 8320
5012 5 8196 200 945 5214 10759
5014 6 127 16256 1703 10627 2050 324
5016 4 5216 9925 3330 24
5018 5 127 16256 8921 35 2304
5020 4 9517 194 2771 257
5022 6 127 16256 3097 13620 6144 276
5024 3 3623 12416 1056
5026 5 127 16256 4226 72 4809
5028 4 3151 513 1408 12857
5030 5 127 16256 2421 10 3200
5032 4 2088 10177 513 5940
5034 5 127 16256 3072 8864 4928
5036 4 6 8832 2428 5399
5038 5 127 16256 11433 4864 20
5040 4 552 10020 7498 258
5042 5 127 16256 8448 9625 1042
5044 4 6 73 13744 2823
5046 5 127 16256 8448 7809 1664
5048 4 784 8016 33 8763
5050 5 127 16256 259 4608 59
5052 4 8791 576 5608 56
5054 4 127 16256 10 800
5056 3 743 2432 36
5058 5 127 16256 3 6477 5152
5060 4 352 3974 12697 640
5062 5 127 16256 1152 15116 8201
5064 4 7954 9305 4256 18
5066 5 127 16256 1537 68 2715
5068 5 1490 12956 8456 1056 7585
5070 6 127 16256 10242 24 4747 8762
5072 4 12100 260 2315 4736
5074 5 127 16256 12 8768 5323
5076 5 9217 6834 80 12518 11561
5078 6 127 16256 5076 7331 4116 9
5080 4 12 13762 1185 2640
5082 5 127 16256 4160 6238 1540
5084 4 258 7380 9626 545
5086 6 127 16256 769 6739 9216 13912
5088 4 5414 8224 16000 2564
5090 5 127 16256 2560 388 3907
5092 4 21 13992 1536 10578
5094 5 127 16256 21 4352 622
5096 4 224 7476 2064 4907
5098 5 127 16256 14420 1792 10240
5100 5 8704 6851 14097 11308 1029
5102 5 127 16256 2304 21 1258
5104 4 8200 1552 5511 1972
5106 5 127 16256 578 5784 4097
5108 4 6349 8822 1792 18
5110 5 127 16256 2305 6 13992
5112 4 33 4949 11324 8712
5114 5 127 16256 259 4104 415
5116 4 1536 2051 5419 10968
5118 4 127 16256 12289 260
5120 2 192 7
5122 5 127 16256 12452 288 12290
5124 4 2304 10152 21 14414
5126 5 127 16256 1040 10496 6017
5128 4 532 2056 6311 1485
5130 5 127 16256 14336 1040 5546
5132 4 9 6362 8960 1077
5134 5 127 16256 1333 74 2080
5136 4 7045 5969 8224 1284
5138 5 127 16256 5376 1557 66
5140 5 4311 1312 3401 10208 520
5142 6 127 16256 12288 1733 1168 14492
5144 4 3072 3358 88 13250
5146 5 127 16256 2560 5122 1623
5148 4 516 12379 2981 2096
5150 4 127 16256 2068 10
5152 3 264 10932 193
5154 5 127 16256 17 997 1058
5156 4 3544 10535 81 4608
5158 5 127 16256 1085 8448 2114
5160 4 3788 1029 8889 258
5162 5 127 16256 768 21 236
5164 5 10398 2304 304 6505 1600
5166 6 127 16256 4224 1419 13097 2320
5168 3 15528 832 3
5170 5 127 16256 4502 33 1030
5172 5 13845 6896 9479 4160 148
5174 5 127 16256 6 4271 112
5176 4 14533 8212 2049 952
5178 5 127 16256 2306 528 15122
5180 4 2052 6429 8930 4106
5182 5 127 16256 5468 24 35
5184 3 769 1111 4104
5186 5 127 16256 545 12800 6144
5188 4 12768 10781 580 1026
5190 5 127 16256 8204 2176 14144
5192 4 13355 13714 576 2068
5194 5 127 16256 17 268 10978
5196 5 1993 10275 520 1772 4368
5198 6 127 16256 8704 10519 138 2332
5200 4 4100 2336 9537 12574
5202 5 127 16256 6373 2080 69
5204 5 6978 4540 9611 129 1036
5206 6 127 16256 4002 9 4909 98
5208 4 2829 1568 10842 4224
5210 5 127 16256 10752 5120 5857
5212 5 9414 2841 138 6962 1028
5214 6 127 16256 4225 4457 2296 1280
5216 3 3074 996 8208
5218 5 127 16256 520 112 8456
5220 5 8759 2058 17 7904 5000
5222 6 127 16256 2591 2048 2561 11264
5224 4 9494 9464 4097 2564
5226 6 127 16256 4443 410 44 3
5228 4 514 6352 1036 11043
5230 5 127 16256 6 5248 11009
5232 4 14867 528 2054 9260
5234 5 127 16256 15524 10496 5120
5236 5 2151 2112 10121 5128 4626
5238 6 127 16256 769 1081 9573 8196
5240 4 80 3074 11350 1769
5242 5 127 16256 12557 2576 1152
5244 4 2285 168 68 10006
5246 6 127 16256 9857 4100 2171 321
5248 3 544 1296 14416
5250 5 127 16256 6169 544 1034
5252 4 1152 4204 8705 3475
5254 5 127 16256 1600 33 14720
5256 4 10523 576 4368 5288
5258 5 127 16256 8512 3716 34
5260 5 9574 528 97 7699 10378
5262 6 127 16256 16 5729 4112 5144
5264 4 5834 4176 8193 1840
5266 5 127 16256 34 9580 73
5268 5 1004 4097 10752 7705 8498
5270 6 127 16256 9728 2304 5058 2787
5272 4 15144 1214 2560 4384
5274 5 127 16256 9 4143 4130
5276 4 5354 14869 1032 4192
5278 6 127 16256 10266 4162 5 7730
5280 4 11041 136 14372 98
5282 5 127 16256 65 44 10659
5284 5 2408 12946 5333 4113 1026
5286 6 127 16256 9814 15896 84 3
5288 4 1939 72 12320 6916
5290 5 127 16256 13 34 13732
5292 4 7281 768 11146 138
5294 4 127 16256 6656 8448
5296 4 2599 4537 272 4136
5298 5 127 16256 98 4140 1280
5300 5 12288 784 10708 15427 1576
5302 6 127 16256 9249 491 4608 321
5304 4 7369 4105 13092 2112
5306 5 127 16256 7168 4473 8320
5308 5 11496 12369 9014 2080 1408
5310 6 127 16256 2080 140 9304 9411
5312 3 4736 3109 8208
5314 5 127 16256 8257 2064 302
5316 5 5131 768 208 5745 14730
5318 5 127 16256 5152 118 9
5320 5 4296 2688 12168 8630 8224
5322 5 127 16256 6 88 14016
5324 5 208 6872 8423 3344 33
5326 6 127 16256 8224 12377 4804 1281
5328 4 35 9552 1629 2176
5330 5 127 16256 4736 4442 10240
5332 5 528 2312 1472 13475 4725
5334 6 127 16256 2058 9373 849 4128
5336 4 9667 7716 384 67
5338 5 127 16256 8320 3408 4610
5340 4 4665 8448 1030 9670
5342 6 127 16256 9409 2060 8198 1152
5344 4 10408 10387 1028 578
5346 5 127 16256 3072 672 8236
5348 5 8938 11279 4369 640 292
5350 6 127 16256 1280 8205 644 6994
5352 5 5436 324 9667 5120 99
5354 5 127 16256 9 2816 9856
5356 5 2176 5520 10771 76 2284
5358 6 127 16256 1056 6656 4265 10246
5360 4 11540 4119 8384 40
5362 6 127 16256 5888 10649 2050 292
5364 5 2182 8813 13618 10272 272
5366 6 127 16256 5120 2154 10368 9758
5368 4 8742 6341 400 1032
5370 6 127 16256 1152 12322 8216 477
5372 5 4609 13339 4388 7904 136
5374 6 127 16256 1036 2049 580 582
5376 3 9218 272 10400
5378 5 127 16256 136 578 10274
5380 5 4101 13376 384 2742 11624
5382 6 127 16256 8194 609 2128 2619
5384 4 42 513 480 15386
5386 5 127 16256 13184 69 40
5388 5 6315 9989 8449 10962 1536
5390 6 127 16256 1664 9864 1091 10240
5392 4 1026 6385 6152 8488
5394 5 127 16256 4124 3 8708
5396 5 20 5788 4296 11618 2208
5398 6 127 16256 15 5092 384 8240
5400 4 8512 2049 4348 1602
5402 6 127 16256 8264 13776 18 2600
5404 5 4130 15889 4594 269 2560
5406 6 127 16256 200 2314 3378 8193
5408 4 1540 9 8948 9600
5410 5 127 16256 656 5120 10754
5412 5 17 1126 8736 8859 6532
5414 6 127 16256 1928 6924 35 20
5416 4 4224 5856 1568 8535
5418 5 127 16256 4178 56 5
5420 4 136 10428 4353 1602
5422 6 127 16256 1696 1092 6 6176
5424 4 2051 160 844 12562
5426 5 127 16256 4608 44 2194
5428 5 11594 6705 2576 9628 33
5430 6 127 16256 8384 9890 2304 1091
5432 4 1044 130 4842 2337
5434 5 127 16256 34 4736 3336
5436 5 9045 1025 4624 2216 5163
5438 6 127 16256 65 8832 1316 4283
5440 4 6144 673 592 251
5442 6 127 16256 6688 8464 9636 10
5444 5 10240 163 3075 532 15688
5446 6 127 16256 2432 9329 36 4611
5448 4 2336 12417 514 3670
5450 5 127 16256 1280 30 161
5452 5 2116 520 4935 2746 13328
5454 6 127 16256 1030 10240 209 4119
5456 4 2560 8326 6707 5376
5458 5 127 16256 8320 2097 4162
5460 5 82 8448 6683 6664 13792
5462 6 127 16256 14929 4232 1286 8704
5464 4 8320 12752 4416 2606
5466 6 127 16256 1664 8194 15106 8192
5468 5 8194 13656 2181 11814 584
5470 6 127 16256 8450 144 644 549
5472 4 8196 6088 448 1570
5474 5 127 16256 4608 10288 324
5476 5 3788 8384 12 8746 4369
5478 6 127 16256 172 7826 4161 8704
5480 5 10240 9017 4120 14338 196
5482 6 127 16256 1598 11264 2129 768
5484 6 1753 3216 544 8197 12548 2082
5486 6 127 16256 98 8834 8208 3712
5488 5 8199 5632 129 2802 192
5490 5 127 16256 384 7168 2136
5492 5 8403 778 8240 7348 2052
5494 6 127 16256 84 8704 13322 7424
5496 5 137 10816 14500 34 11291
5498 6 127 16256 764 660 259 2112
5500 5 14725 8795 1314 2052 12296
5502 6 127 16256 8199 4112 6468 2184
5504 3 258 2116 9376
5506 5 127 16256 1184 2061 528
5508 5 640 2704 8194 14363 1012
5510 6 127 16256 2286 260 74 11776
5512 5 2682 5277 10752 8260 24
5514 6 127 16256 7842 5130 644 8448
5516 5 5207 2176 10659 1560 8512
5518 6 127 16256 8197 7249 66 4264
5520 4 10177 4112 70 424
5522 5 127 16256 4168 1300 3
5524 5 7780 4608 4766 320 8513
5526 6 127 16256 20 1098 12347 2081
5528 4 10241 204 4112 10022
5530 5 127 16256 8833 2312 5120
5532 5 1398 515 6144 15560 322
5534 6 127 16256 1282 11554 7168 65
5536 4 2064 5633 1120 8455
5538 5 127 16256 1152 2152 96
5540 5 13705 160 68 184 2654
5542 6 127 16256 2084 98 3978 640
5544 5 40 4200 8208 1127 10128
5546 5 127 16256 17 23 96
5548 5 8296 6295 1821 1028 8256
5550 6 127 16256 8225 11372 52 640
5552 4 7168 1072 973 384
5554 6 127 16256 6784 10084 304 9216
5556 5 15113 1186 2560 2428 160
5558 6 127 16256 4394 8448 1093 5
5560 4 576 3335 5152 8344
5562 6 127 16256 5120 49 521 10319
5564 5 4098 576 11876 377 4234
5566 6 127 16256 4132 1536 9322 41
5568 4 192 2053 12298 8742
5570 5 127 16256 1536 50 8352
5572 5 7562 517 2180 9337 8200
5574 6 127 16256 24 8576 3586 16
5576 4 8360 65 5658 2308
5578 6 127 16256 1028 24 153 5350
5580 6 112 12617 2304 148 10662 1690
5582 6 127 16256 576 290 5715 385
5584 4 15233 45 1089 1
5586 5 127 16256 2 8322 1794
5588 5 13912 6144 6408 8208 4327
5590 6 127 16256 640 1105 10496 10407
5592 5 4097 8532 272 4615 3764
5594 5 127 16256 8468 11 96
5596 5 2312 1687 6 3584 14452
5598 6 127 16256 4868 2116 64 104
5600 4 749 160 13 5648
5602 5 127 16256 8208 10 10288
5604 5 9626 10304 98 1280 12965
5606 6 127 16256 8424 97 10 21
5608 5 7213 13906 322 4104 1281
5610 7 127 16256 320 1030 86 8204 11720
5612 5 44 4101 2794 1040 12741
5614 6 127 16256 10344 2056 4112 13329
5616 4 10506 68 56 4737
5618 5 127 16256 54 8704 18
5620 5 8324 9782 4 1437 6212
5622 6 127 16256 4100 1109 56 1041
5624 5 6584 10304 3076 3973 17
5626 6 127 16256 7616 12 8832 145
5628 5 3940 4751 8216 2057 4352
5630 6 127 16256 8224 5136 6112 1792
5632 3 2096 208 8194
5634 5 127 16256 68 198 2080
5636 5 9217 8032 41 528 10271
5638 6 127 16256 2080 1104 12845 8212
5640 5 6161 293 36 8208 9422
5642 6 127 16256 2304 10327 7424 40
5644 5 6154 768 4104 1447 9968
5646 6 127 16256 6528 2297 6144 3
5648 4 528 8196 10252 13761
5650 6 127 16256 4131 3 80 733
5652 5 390 4729 1056 15432 384
5654 6 127 16256 14 6542 4356 9216
5656 5 1030 324 1685 7195 8224
5658 6 127 16256 13955 2304 8256 12384
5660 5 48 8449 6925 9414 10368
5662 6 127 16256 8352 4239 4608 11264
5664 4 1040 6152 13153 2113
5666 5 127 16256 9473 10 1025
5668 5 2052 8480 14636 1267 176
5670 6 127 16256 8295 768 10246 2050
5672 4 577 1120 12288 2462
5674 7 127 16256 40 3472 3143 8303 3072
5676 6 2220 6081 2818 9811 514 2176
5678 6 127 16256 14 2130 2 5338
5680 4 13976 68 2049 2179
5682 5 127 16256 10369 12800 8192
5684 5 4032 12335 1024 1217 3328
5686 6 127 16256 6688 9892 32 8288
5688 5 259 256 15024 8992 12748
5690 6 127 16256 578 64 329 2422
5692 5 600 512 1537 11441 13078
5694 6 127 16256 3944 5136 1024 3081
5696 4 513 8456 2142 10368
5698 5 127 16256 2565 512 1552
5700 5 2177 986 14381 12545 1
5702 6 127 16256 592 1344 4048 36
5704 5 9543 9881 2712 2560 1025
5706 7 127 16256 2656 10248 384 44 1475
5708 5 8773 6948 8193 6144 3226
5710 6 127 16256 584 64 3777 2117
5712 4 40 1345 1088 14868
5714 5 127 16256 8212 768 11264
5716 5 1034 262 4903 11448 513
5718 6 127 16256 68 5634 1049 8226
5720 5 1091 4416 64 11972 175
5722 6 127 16256 1120 32 10122 14368
5724 5 13428 11913 12432 258 144
5726 6 127 16256 832 8192 8262 8448
5728 4 9390 4241 1072 16
5730 5 127 16256 9488 290 256
5732 5 1540 3 10608 14475 8464
5734 6 127 16256 8272 13792 8192 12417
5736 5 2056 9301 8747 2444 1025
5738 6 127 16256 1536 8320 1539 3196
5740 5 8542 2066 3253 12802 2
5742 6 127 16256 32 3544 560 4258
5744 4 34 2264 2176 5159
5746 6 127 16256 13898 1284 2496 256
5748 5 2112 4633 4112 10662 3274
5750 6 127 16256 1024 76 57 1056
5752 5 4096 7424 9586 12292 11465
5754 6 127 16256 321 1026 1383 25
5756 5 384 7246 1025 902 9329
5758 6 127 16256 16 1584 12650 152
5760 4 10499 1032 3097 8193
5762 5 127 16256 2352 82 16
5764 5 6144 129 7236 5182 9093
5766 6 127 16256 20 5148 8448 8381
5768 5 2702 12 14625 257 1212
5770 5 127 16256 40 342 320
5772 5 520 8576 2231 13760 5248
5774 6 127 16256 65 2562 2050 12416
5776 4 8192 10272 12302 10064
5778 6 127 16256 68 4948 8320 11440
5780 5 10256 3512 8192 12384 823
5782 6 127 16256 2208 210 128 2533
5784 5 10445 2624 4880 4207 512
5786 6 127 16256 8240 264 8527 2688
5788 5 10255 16 656 4180 5986
5790 6 127 16256 5393 88 4160 4096
5792 4 3320 14369 4097 1032
5794 6 127 16256 4097 7937 9350 9216
5796 5 258 6217 2862 65 5331
5798 5 127 16256 8192 10752 13696
5800 5 2584 3762 9068 8 8204
5802 6 127 16256 33 4736 8202 885
5804 5 33 13264 3305 1414 384
5806 6 127 16256 8576 6443 128 4289
5808 4 1025 8194 5265 14630
5810 5 127 16256 640 24 6848
5812 5 1032 8208 10516 1235 5677
5814 6 127 16256 16 1642 1105 6160
5816 4 98 1296 14988 8200
5818 6 127 16256 1044 1639 537 16
5820 5 20 4297 10549 136 3910
5822 6 127 16256 3 4501 384 134
5824 4 1008 10240 576 4929
5826 5 127 16256 32 1696 97
5828 5 13076 5258 3169 3072 4098
5830 6 127 16256 13072 9674 1032 528
5832 4 128 2522 4261 8832
5834 5 127 16256 66 9216 9276
5836 5 9906 6145 367 1058 264
5838 6 127 16256 1182 96 1536 1543
5840 4 9728 8237 14419 8192
5842 5 127 16256 80 1318 260
5844 5 3623 13849 8208 384 968
5846 6 127 16256 8448 145 4130 12902
5848 5 10145 4269 40 1536 3730
5850 6 127 16256 65 9057 1152 7586
5852 5 1036 8535 4129 272 3723
5854 6 127 16256 129 1056 155 15395
5856 4 1280 2051 8232 13761
5858 5 127 16256 12304 74 2560
5860 5 2080 2893 14753 9235 9216
5862 6 127 16256 9 516 4297 9013
5864 5 477 10240 322 10635 5152
5866 6 127 16256 66 4128 4409 8526
5868 5 12660 1843 2176 3464 68
5870 6 127 16256 388 10324 4160 2082
5872 4 3904 4112 768 4534
5874 5 127 16256 640 10600 72
5876 5 6305 2398 516 2080 9832
5878 6 127 16256 613 68 4112 3670
5880 4 11464 272 10240 311
5882 5 127 16256 59 768 18
5884 5 7265 10398 2177 1056 776
5886 6 127 16256 9384 20 13874 8200
5888 3 5248 2080 776
5890 5 127 16256 130 6160 8197
5892 5 1026 14483 257 1174 1964
5894 5 127 16256 6144 66 10178
5896 4 10516 1679 96 20
5898 6 127 16256 4946 8200 10285 4098
5900 5 264 2330 11489 4814 4608
5902 6 127 16256 1028 9818 24 11396
5904 4 5120 8900 132 10635
5906 5 127 16256 18 9216 11585
5908 5 3601 12462 368 3072 8448
5910 6 127 16256 1063 7280 320 6
5912 4 1028 13168 2081 138
5914 5 127 16256 146 13 96
5916 5 1536 5798 8320 6453 8648
5918 6 127 16256 12 9793 3125 8256
5920 4 97 14081 4116 130
5922 6 127 16256 13540 2304 68 6979
5924 4 130 20 10516 5737
5926 6 127 16256 11044 11404 17 2052
5928 4 518 601 512 15521
5930 5 127 16256 1152 14594 8448
5932 5 6018 768 48 8985 2294
5934 6 127 16256 14360 512 4880 2564
5936 4 2483 13858 2049 4608
5938 5 127 16256 48 11400 2056
5940 5 5 2703 10325 4352 7588
5942 6 127 16256 768 3847 40 9532
5944 4 9101 257 7698 4112
5946 5 127 16256 9216 20 13954
5948 4 384 4098 7746 8636
5950 6 127 16256 653 12455 520 2304
5952 4 4710 10240 1558 1026
5954 5 127 16256 5120 7706 36
5956 5 8814 1042 3477 16 604
5958 6 127 16256 8497 12980 2304 20
5960 4 12036 4 4663 196
5962 5 127 16256 1244 34 144
5964 5 7448 8438 5003 1280 8196
5966 6 127 16256 8320 16 1040 8615
5968 4 12588 2049 5650 1040
5970 6 127 16256 10240 1884 14477 48
5972 5 4293 3258 672 128 9140
5974 6 127 16256 160 12722 1954 65
5976 5 145 4419 2490 1 9859
5978 5 127 16256 8448 4717 33
5980 5 2112 12857 3429 4608 13082
5982 6 127 16256 8320 12884 24 4443
5984 4 12706 4128 14641 1028
5986 5 127 16256 6 8448 4494
5988 5 4780 11377 4097 6915 136
5990 6 127 16256 576 1865 6836 6144
5992 5 5489 9120 6492 1544 512
5994 6 127 16256 493 10458 640 72
5996 5 10496 12496 8192 6332 1623
5998 6 127 16256 10240 2264 10594 4104
6000 4 12589 66 2422 8200
6002 5 127 16256 20 4352 8477
6004 5 288 16256 822 9161 136
6006 6 127 16256 4788 132 9 3928
6008 4 4104 13612 10978 2112
6010 5 127 16256 9 9325 8320
6012 4 12066 4191 12 2080
6014 4 127 16256 17 3072
6016 3 136 272 1706
6018 5 127 16256 36 10240 7046
6020 4 9884 12320 11587 8192
6022 5 127 16256 48 8194 12367
6024 4 896 128 6373 9422
6026 5 127 16256 24 1382 1152
6028 5 1750 6206 4160 9121 8448
6030 6 127 16256 12 48 9031 3376
6032 4 5 10240 5197 4822
6034 5 127 16256 9442 17 4224
6036 5 8320 514 9613 7938 1396
6038 6 127 16256 1334 2180 234 128
6040 5 5235 4160 7560 1152 9891
6042 6 127 16256 5922 34 15506 2064
6044 5 9642 577 2852 4819 512
6046 6 127 16256 422 9347 8448 1028
6048 4 4144 16 8221 3210
6050 5 127 16256 4608 33 2193
6052 4 4 10721 532 5166
6054 5 127 16256 6048 1024 11264
6056 4 2306 5340 14497 2048
6058 5 127 16256 132 1280 10918
6060 5 4 4101 1630 1334 10720
6062 6 127 16256 4758 4352 1040 7080
6064 4 3 5244 4100 14355
6066 5 127 16256 64 9042 3136
6068 5 5707 15621 3316 9224 1024
6070 6 127 16256 3909 1025 8320 2819
6072 4 2774 2064 129 6049
6074 5 127 16256 10906 68 1280
6076 4 12 320 14696 1694
6078 6 127 16256 3257 6369 1032 160
6080 3 514 2922 1152
6082 5 127 16256 1024 1568 1230
6084 4 10791 520 1040 7112
6086 5 127 16256 40 8791 2176
6088 4 3756 18 10053 1025
6090 6 127 16256 34 3127 4715 2112
6092 5 512 4664 13138 3207 2561
6094 6 127 16256 6244 6888 48 4098
6096 4 4100 11548 13461 66
6098 5 127 16256 5120 5748 80
6100 5 6357 9066 528 762 2052
6102 6 127 16256 136 3882 8224 10705
6104 5 257 8753 1246 68 11688
6106 5 127 16256 12288 3151 2056
6108 5 11370 514 9870 4352 10865
6110 6 127 16256 10003 1028 40 3380
6112 4 3345 48 9334 258
6114 5 127 16256 6486 264 34
6116 4 3865 8551 4224 2056
6118 6 127 16256 10984 192 288 2141
6120 4 16 1552 12769 6490
6122 5 127 16256 4224 10052 9216
6124 5 8200 528 14100 3241 7498
6126 6 127 16256 3944 6470 8256 2052
6128 4 513 421 132 6742
6130 5 127 16256 2050 6326 12288
6132 5 4311 1152 15264 13897 516
6134 6 127 16256 9014 129 68 6806
6136 4 2731 288 12657 576
6138 5 127 16256 10361 8193 272
6140 4 2112 7438 1028 13040
6142 4 127 16256 528 320
6144 2 8208 65
6146 5 127 16256 6036 9232 16
6148 4 7493 1056 520 10422
6150 5 127 16256 24 2112 9319
6152 4 24 4585 2050 13108
6154 5 127 16256 435 8224 68
6156 5 4999 8478 2049 7817 96
6158 6 127 16256 4807 1 8195 3973
6160 4 129 4427 528 14760
6162 5 127 16256 1280 2720 2049
6164 5 137 6994 1583 8 15498
6166 6 127 16256 512 10892 4640 4977
6168 5 8448 10036 5592 10 11594
6170 5 127 16256 1024 1072 3971
6172 5 8381 576 8970 7880 136
6174 6 127 16256 1352 6810 256 1284
6176 3 5962 129 36
6178 5 127 16256 5 320 7842
6180 5 10835 8621 12800 512 5671
6182 5 127 16256 12375 296 256
6184 5 8208 1582 4422 3717 3072
6186 6 127 16256 1344 64 6762 4757
6188 5 11561 9968 4096 12800 6190
6190 6 127 16256 12970 8704 130 14930
6192 4 1398 512 530 8068
6194 5 127 16256 8226 942 32
6196 5 1520 3649 4097 13582 514
6198 6 127 16256 2048 8004 2180 13831
6200 4 2320 5677 1231 16
6202 5 127 16256 4001 256 1284
6204 4 128 704 12367 1972
6206 4 127 16256 9218 2
6208 3 1216 1024 9009
6210 5 127 16256 1536 12465 320
6212 4 1075 8200 4608 7108
6214 6 127 16256 8718 5508 40 8256
6216 4 11682 665 4160 34
6218 5 127 16256 1104 4523 1024
6220 5 2988 8646 4 7315 2054
6222 6 127 16256 161 1 10668 4235
6224 4 15684 9621 2058 2
6226 5 127 16256 6330 144 4098
6228 5 1715 6254 9495 4 1060
6230 6 127 16256 1032 513 500 14642
6232 4 521 1214 1 13638
6234 5 127 16256 280 11714 8
6236 4 12997 256 280 7222
6238 5 127 16256 256 7818 8480
6240 4 9953 8192 701 8228
6242 5 127 16256 24 68 10347
6244 5 13156 1538 1211 5421 2
6246 6 127 16256 2054 5914 2048 14948
6248 5 258 740 5211 5120 9505
6250 6 127 16256 11204 648 128 5395
6252 5 1028 6746 3469 13220 2304
6254 6 127 16256 12304 6358 11476 4096
6256 4 4224 4950 5368 72
6258 5 127 16256 2048 6160 13026
6260 5 9634 217 14855 8228 8192
6262 6 127 16256 12942 8272 13220 64
6264 4 4345 12288 13831 1028
6266 5 127 16256 256 268 2383
6268 4 15556 256 2107 1792
6270 5 127 16256 1296 15236 1024
6272 3 37 5660 32
6274 5 127 16256 512 5830 12800
6276 5 8743 6979 8193 516 1694
6278 5 127 16256 1152 115 12
6280 5 1889 2 5718 8921 274
6282 6 127 16256 3877 48 3 13985
6284 5 6598 16 10145 2684 2066
6286 6 127 16256 12034 2054 2 3277
6288 4 9487 208 3731 64
6290 5 127 16256 578 2846 64
6292 5 13594 3041 24 6384 1026
6294 6 127 16256 10022 9280 1024 2189
6296 4 6656 2048 8442 16160
6298 5 127 16256 571 4352 2560
6300 4 13652 20 2859 12288
6302 4 127 16256 3328 2048
6304 4 1024 2970 1042 14800
6306 5 127 16256 276 16 5255
6308 5 10840 2 13341 22 2915
6310 6 127 16256 2048 5347 14520 10248
6312 5 3136 6947 1024 1522 8357
6314 5 127 16256 104 8 13590
6316 5 16 9109 4116 9318 7624
6318 6 8192 5955 13701 8452 7693 8690
6320 4 2 8905 6332 4099
6322 5 127 16256 1060 4 10251
6324 5 10240 4412 988 129 11651
6326 6 127 16256 1 4660 4105 9621
6328 4 11172 351 14 2
6330 5 127 16256 8 4120 4220
6332 4 12714 8201 1 11860
6334 6 127 16256 4096 9529 948 4354
6336 4 16 4240 4751 8461
6338 5 127 16256 4 9220 4433
6340 5 1024 15875 1036 12721 9294
6342 6 127 16256 1029 1024 12394 12371
6344 4 10602 1025 8224 660
6346 6 127 16256 100 7074 15889 4
6348 5 1034 6238 5793 1024 8475
6350 6 127 16256 11922 9487 1154 128
6352 4 1440 6144 520 8922
6354 5 127 16256 33 582 1152
6356 5 84 12473 64 10791 5340
6358 6 127 16256 4891 33 14528 10
6360 5 11377 7400 2 14097 1034
6362 5 127 16256 1342 64 100
6364 5 16 12524 84 11601 5958
6366 6 127 16256 11092 4672 4096 985
6368 4 11027 1 8206 5121
6370 6 127 16256 56 9359 6947 16
6372 5 2509 4224 9234 72 6948
6374 6 127 16256 4964 8324 8192 13477
6376 5 8818 20 4171 1948 384
6378 6 127 16256 4096 5184 335 1522
6380 5 140 4401 9419 7844 4
6382 6 127 16256 2048 1474 6145 558
6384 4 1058 13698 10798 32
6386 5 127 16256 2568 2048 697
6388 5 8972 15522 26 5361 16
6390 6 127 16256 1168 128 8771 5586
6392 4 3756 4 548 13153
6394 6 127 16256 704 512 6036 11458
6396 5 11074 12461 512 832 1778
6398 6 127 16256 402 1032 2560 2048
6400 3 6164 288 192
6402 5 127 16256 6402 520 33
6404 5 4998 11321 518 15892 512
6406 6 127 16256 14668 7450 128 12416
6408 5 4818 2048 9673 2816 444
6410 5 127 16256 8320 7680 34
6412 5 1311 64 11952 88 7260
6414 6 127 16256 15409 2845 2816 256
6416 4 977 1135 4096 4864
6418 5 127 16256 2 8770 5250
6420 5 3192 4383 10913 256 336
6422 6 127 16256 322 1367 2 1986
6424 4 64 4176 1332 10894
6426 5 127 16256 128 14656 5248
6428 4 14406 8196 4160 1945
6430 6 127 16256 4258 7000 2048 2057
6432 4 7506 512 1664 4392
6434 5 127 16256 964 2048 2562
6436 5 2096 6541 8808 3506 2048
6438 6 127 16256 8198 4 2154 4751
6440 4 1 8205 5377 2294
6442 5 127 16256 3216 128 4992
6444 5 1057 13834 10609 1 9356
6446 6 127 16256 749 1429 2 70
6448 4 1024 237 2330 5376
6450 5 127 16256 5378 8192 10256
6452 5 2048 1970 2564 14861 12817
6454 6 127 16256 1024 602 4181 1282
6456 4 1 1817 14568 521
6458 5 127 16256 43 4164 64
6460 5 5208 13453 4736 512 15138
6462 6 127 16256 32 10 4500 4128
6464 4 8500 1540 512 12390
6466 5 127 16256 32 6184 8227
6468 5 448 6608 11307 64 9742
6470 6 127 16256 2048 1129 10496 1202
6472 5 4876 1 10130 4099 10720
6474 6 127 16256 13194 12800 512 11290
6476 5 10724 3098 512 5781 2564
6478 6 127 16256 10456 8228 32 12821
6480 4 10297 4355 256 452
6482 5 127 16256 5632 4096 5924
6484 5 15491 888 768 24 1945
6486 6 127 16256 8621 9798 8204 8
6488 5 13358 34 10816 379 12
6490 6 127 16256 32 290 15168 9362
6492 5 704 9446 5131 2833 128
6494 6 127 16256 2 8258 8921 2580
6496 4 3076 1504 7243 4
6498 5 127 16256 4096 12416 1100
6500 5 13762 3185 17 96 654
6502 6 127 16256 8 819 7045 11
6504 5 270 13969 64 112 9779
6506 6 127 16256 1024 3584 8541 2091
6508 5 2118 15240 4096 11317 4864
6510 6 127 16256 9748 4428 416 32
6512 4 134 4520 10321 2
6514 5 127 16256 12288 258 12674
6516 5 1557 32 13249 42 2158
6518 6 127 16256 1572 10698 2817 512
6520 5 300 3491 4672 4096 4819
6522 6 127 16256 11654 4622 32 2082
6524 5 2048 5271 9049 6416 3112
6526 6 127 16256 8 6690 14656 5128
6528 4 2 194 5268 13344
6530 5 127 16256 1 1345 43
6532 5 1103 64 8593 16032 8512
6534 6 127 16256 12080 2146 8456 8
6536 5 13339 19 10336 16 6798
6538 6 127 16256 32 1052 4130 4339
6540 5 1359 10426 8192 4737 10248
6542 6 127 16256 4096 9059 353 4609
6544 5 9511 8192 12544 2621 12580
6546 6 127 16256 2308 256 11524 6096
6548 5 10547 256 5257 5076 1408
6550 6 127 16256 5262 4096 6033 5248
6552 5 8192 13472 9512 11096 8261
6554 5 127 16256 256 2816 5248
6556 5 9233 14788 8516 8192 623
6558 6 127 16256 6272 4096 2267 2744
6560 4 13705 522 8850 8
6562 5 127 16256 9 4098 4619
6564 5 4608 68 9360 4716 7939
6566 6 127 16256 5128 9481 13193 4096
6568 5 1493 1120 8713 6467 32
6570 6 127 16256 2180 3725 13568 2048
6572 5 512 648 3141 12954 4408
6574 6 127 16256 1756 8577 74 2
6576 4 13906 16 280 10505
6578 5 127 16256 241 208 64
6580 5 4108 1608 4 6563 8790
6582 6 127 16256 85 26 8 9528
6584 4 7297 2 2178 9018
6586 6 127 16256 24 6 8295 2240
6588 5 2064 9863 4105 2545 1536
6590 6 127 16256 8210 544 257 8645
6592 4 2184 128 2141 9242
6594 5 127 16256 8480 70 256
6596 5 12506 8226 12323 7969 8192
6598 6 127 16256 4162 1408 64 3357
6600 5 6017 640 2515 257 8268
6602 6 127 16256 128 896 6429 10112
6604 5 2112 272 1664 14411 1398
6606 6 127 16256 2048 2128 1046 4774
6608 4 258 2173 33 12800
6610 5 127 16256 32 12576 43
6612 5 1815 1769 14400 1024 9217
6614 6 127 16256 12288 8651 48 265
6616 4 9297 1 2061 4515
6618 6 127 16256 2294 8201 8 5376
6620 5 32 745 2081 9670 6169
6622 6 127 16256 2471 6147 32 2144
6624 4 512 370 560 9876
6626 5 127 16256 3208 176 32
6628 5 2688 256 8480 4956 10411
6630 6 127 16256 32 1472 8542 2144
6632 5 6287 2 8769 70 6961
6634 6 127 16256 12068 13440 1027 2
6636 5 6360 1806 12465 2048 6160
6638 6 127 16256 256 832 2774 10820
6640 4 4 10148 2091 2084
6642 6 127 16256 14084 1 3713 641
6644 5 9061 32 10426 608 5952
6646 6 127 16256 13852 4098 2312 48
6648 5 784 3 6860 9347 12288
6650 6 127 16256 12 4128 15632 1664
6652 5 146 320 516 12645 3882
6654 6 127 16256 1184 65 12429 4104
6656 3 1042 16 8324
6658 5 127 16256 2304 1184 8256
6660 5 12394 7317 770 4232 256
6662 6 127 16256 8 2208 13372 73
6664 5 4240 10652 16 8386 8002
6666 7 127 16256 12332 1024 6882 9248 2804
6668 5 1024 220 1156 6822 11531
6670 6 127 16256 1090 64 13921 12320
6672 4 4228 1038 10809 128
6674 5 127 16256 84 1068 16
6676 5 11832 89 64 6598 195
6678 6 127 16256 415 32 9746 1568
6680 4 9642 4100 513 6661
6682 6 127 16256 12343 32 6304 2152
6684 5 10564 3166 512 6817 2564
6686 6 127 16256 385 2576 3284 2048
6688 4 6868 8 25 1047
6690 5 127 16256 64 4161 8204
6692 5 4680 4191 11938 6145 1
6694 6 127 16256 9880 4144 6657 32
6696 5 962 13204 128 15505 165
6698 6 127 16256 12608 4096 6672 11648
6700 4 2401 1 5125 8859
6702 6 127 16256 9728 42 7699 1024
6704 4 8218 2 4805 10498
6706 5 127 16256 512 5248 2624
6708 5 256 10824 2611 6021 832
6710 6 127 16256 4225 11797 1048 1
6712 4 1797 256 2434 13656
6714 6 127 16256 10273 6056 517 4
6716 5 13320 138 2 10905 382
6718 6 127 16256 10256 8192 7696 1330
6720 4 3155 16 9744 59
6722 5 127 16256 274 8704 2176
6724 5 8320 7282 1057 8605 260
6726 6 127 16256 68 14981 17 6146
6728 4 1491 12896 2376 64
6730 7 127 16256 240 6821 2048 3432 2088
6732 5 4540 1 1856 15107 8705
6734 6 127 16256 4880 256 2437 459
6736 4 4140 8473 8 10446
6738 6 127 16256 116 32 8290 1803
6740 5 64 8776 582 7699 7588
6742 6 127 16256 768 25 1046 96
6744 5 13605 8268 2965 133 1
6746 6 127 16256 4386 32 562 2381
6748 5 8907 4 540 10548 7174
6750 6 127 16256 6402 1024 3618 5376
6752 4 2115 1 387 14930
6754 6 127 16256 13313 1 2964 8325
6756 5 379 16000 16 265 146
6758 6 127 16256 8807 8192 69 12416
6760 5 4483 14464 10616 4096 5776
6762 6 127 16256 32 100 15504 770
6764 5 2115 1 3474 13032 325
6766 6 127 16256 14089 4372 426 256
6768 5 2 12643 99 8854 4390
6770 5 127 16256 16 8496 51
6772 5 3722 4 13640 53 404
6774 6 127 16256 270 1 6325 133
6776 5 4424 10673 8399 8 3594
6778 5 127 16256 6465 1 9729
6780 5 13334 1024 1348 971 7202
6782 6 127 16256 1 12469 269 10307
6784 3 2196 1984 128
6786 6 127 16256 4648 4195 4096 5276
6788 5 5556 3403 9985 2848 256
6790 6 127 16256 533 11812 6914 512
6792 5 1120 14994 32 261 5699
6794 5 127 16256 155 128 708
6796 5 11274 11716 1076 1024 4879
6798 6 127 16256 8792 1024 7168 6434
6800 5 15882 8 286 89 13112
6802 5 127 16256 12332 8770 8192
6804 5 512 14614 1121 552 937
6806 5 127 16256 4096 15104 5760
6808 5 2756 15457 3498 2048 10245
6810 6 127 16256 6168 10120 16 1362
6812 5 12319 10662 1 713 5137
6814 5 127 16256 7296 2048 11010
6816 4 1024 1440 9484 5891
6818 5 127 16256 4432 2612 16
6820 4 13538 2067 2048 2828
6822 5 127 16256 107 2076 8
6824 4 8 2981 1144 4362
6826 5 127 16256 2048 7360 10498
6828 5 6475 11860 480 2330 256
6830 6 127 16256 8218 8 1194 1212
6832 4 5636 512 8963 14514
6834 5 127 16256 659 12545 1
6836 5 523 910 11362 5267 2
6838 6 127 16256 14476 4104 1282 8320
6840 4 668 5392 16 2275
6842 6 127 16256 11780 600 7105 512
6844 5 9737 1255 8192 15664 10400
6846 6 127 16256 8282 13344 15176 8192
6848 4 2161 10950 64 92
6850 5 127 16256 2689 2048 3116
6852 5 5283 128 4564 202 11913
6854 6 127 16256 5508 4 2069 6727
6856 4 4146 2890 16 1173
6858 6 127 16256 6658 12456 11654 4096
6860 5 1 6840 7632 8199 121
6862 6 127 16256 2048 3328 1349 9257
6864 4 6273 8345 1927 1
6866 5 127 16256 6232 2048 6180
6868 5 15884 2391 1189 1 4737
6870 6 127 16256 3876 228 5508 4
6872 4 9258 2048 6528 2641
6874 6 127 16256 579 64 15114 9424
6876 5 7105 64 1274 363 8772
6878 6 127 16256 571 9888 8192 12308
6880 4 61 4 1300 3909
6882 5 127 16256 4204 5392 4096
6884 5 8298 519 13744 6748 2
6886 6 127 16256 5717 64 2641 2122
6888 5 1473 64 7729 8274 8989
6890 5 127 16256 2 75 2354
6892 4 9842 7296 1309 1024
6894 6 127 16256 256 57 2184 4368
6896 4 714 14642 2 2090
6898 5 127 16256 228 4312 64
6900 5 5065 4817 1440 128 14486
6902 6 127 16256 32 10348 1569 4267
6904 4 1024 3106 1996 10001
6906 6 127 16256 8247 16 12305 8284
6908 5 12865 1 13484 293 7762
6910 6 127 16256 1286 1024 1067 1119
6912 3 8 2585 120
6914 5 127 16256 13504 64 449
6916 4 15876 4096 4424 4339
6918 6 127 16256 8214 1760 2201 16
6920 4 6372 4096 5970 12801
6922 6 127 16256 4641 2658 32 12349
6924 5 13106 6288 9152 128 9293
6926 6 127 16256 4305 14473 77 1
6928 4 5688 14664 4096 4233
6930 6 127 16256 3358 4836 10245 4
6932 4 2063 10498 5872 2
6934 6 127 16256 4096 8584 6401 6784
6936 4 6853 1024 1304 1578
6938 5 127 16256 1116 45 8
6940 5 4620 9315 1709 512 6928
6942 6 127 16256 1608 8 11200 2588
6944 4 14344 8192 10001 11909
6946 5 127 16256 1 1219 585
6948 4 2292 9515 32 4768
6950 5 127 16256 634 581 512
6952 4 2980 2048 7281 2186
6954 6 127 16256 8454 4 9733 6610
6956 5 4096 15624 6757 4242 1524
6958 5 127 16256 4096 4121 4710
6960 4 10280 32 3428 5686
6962 5 127 16256 8 8219 1289
6964 5 15107 1696 8828 512 2957
6966 6 127 16256 8479 8 1292 541
6968 4 14338 12848 8192 3278
6970 6 127 16256 8368 32 3343 370
6972 5 5193 2651 1024 10660 9760
6974 6 127 16256 3302 11345 64 8520
6976 3 12582 329 256
6978 5 127 16256 41 2096 2048
6980 5 7309 10809 3411 2048 10308
6982 5 127 16256 4304 4096 4143
6984 4 6723 4096 6408 15412
6986 5 127 16256 8388 5968 64
6988 4 13522 6180 4096 5913
6990 6 127 16256 6785 10243 1 5390
6992 4 13320 8192 11652 9443
6994 5 127 16256 4142 4096 13316
6996 5 8292 3364 4883 32 8666
6998 6 127 16256 10736 1345 64 4301
7000 4 8627 3840 256 494
7002 5 127 16256 128 1683 232
7004 4 9622 2593 2048 6600
7006 6 127 16256 1304 8 2756 2586
7008 4 4785 6472 64 712
7010 5 127 16256 5516 128 673
7012 4 4972 8592 3379 256
7014 5 127 16256 256 14082 2496
7016 4 7841 4370 11334 2
7018 5 127 16256 13152 2448 256
7020 5 1453 16 15640 3666 147
7022 6 127 16256 10096 134 128 72
7024 4 10753 9555 1 5419
7026 5 127 16256 5317 8769 64
7028 5 3475 988 32 293 13600
7030 6 127 16256 14928 1218 4305 128
7032 4 4 101 2956 14482
7034 5 127 16256 4641 121 1
7036 5 5389 8 8739 2136 9123
7038 6 127 16256 704 274 256 8228
7040 3 32 116 3748
7042 5 127 16256 12408 16 6164
7044 4 3235 8796 4448 32
7046 5 127 16256 5130 8 11146
7048 4 11350 6609 64 2632
7050 6 127 16256 348 4 1843 53
7052 4 6218 16 8373 1808
7054 6 127 16256 7438 8325 8580 4
7056 4 16 2459 3600 14641
7058 5 127 16256 5457 1024 1728
7060 4 5736 4292 11027 64
7062 5 127 16256 256 9984 7072
7064 4 4568 6755 9360 128
7066 6 127 16256 6490 5129 4096 14000
7068 5 4064 2048 8907 14548 2055
7070 5 127 16256 23 5228 4
7072 3 4699 2344 8
7074 5 127 16256 32 297 12346
7076 4 6572 3603 11328 1024
7078 5 127 16256 312 8 463
7080 4 652 4 3409 13062
7082 5 127 16256 2048 14393 3078
7084 5 8214 5458 16 8952 11399
7086 5 127 16256 3781 1 12545
7088 4 9340 7680 3354 2048
7090 5 127 16256 1777 16 2328
7092 5 2322 2 14696 13574 2771
7094 6 127 16256 256 8513 6476 6812
7096 4 1524 6691 897 512
7098 5 127 16256 16 1680 8307
7100 4 11852 2 4275 6210
7102 6 127 16256 4 12485 2118 9592
7104 3 1024 9337 5132
7106 5 127 16256 4569 1 4611
7108 4 4227 10009 10484 128
7110 5 127 16256 204 4 10295
7112 4 2224 2048 6981 12746
7114 5 127 16256 16 11353 4146
7116 4 512 4740 1370 11825
7118 6 127 16256 1024 8421 68 9472
7120 4 2168 8451 8192 8845
7122 5 127 16256 16 9114 4148
7124 4 2704 5199 512 9018
7126 6 127 16256 256 13185 802 13447
7128 4 8261 8192 2490 11984
7130 5 127 16256 12322 15172 4096
7132 5 10767 2 4850 11688 6150
7134 6 127 16256 2050 648 9337 8
7136 4 7365 3025 6657 2048
7138 5 127 16256 9530 8192 9288
7140 4 8192 5060 8203 11384
7142 5 127 16256 128 1654 1161
7144 4 3616 13972 1024 343
7146 5 127 16256 2059 2048 12068
7148 4 2102 4891 9424 16
7150 5 127 16256 32 5664 10640
7152 4 2820 8762 256 9625
7154 5 127 16256 4918 4 8484
7156 5 3478 7536 12901 2117 64
7158 5 127 16256 8565 512 1546
7160 4 4096 12970 4617 6993
7162 5 127 16256 15896 2048 2608
7164 4 2291 14216 2048 14338
7166 4 127 16256 4 389
7168 2 2 8274
7170 5 127 16256 4096 8224 4672
7172 4 1024 7317 10538 3648
7174 5 127 16256 11940 64 4928
7176 4 1024 3719 1616 12704
7178 5 127 16256 4264 3851 32
7180 5 12305 3720 487 1 9818
7182 5 127 16256 8192 8268 3123
7184 3 6304 4096 8798
7186 5 127 16256 297 8 6377
7188 5 2698 2972 2 3331 12390
7190 5 127 16256 2048 15912 3456
7192 4 4 4339 2372 10525
7194 5 127 16256 11557 128 4244
7196 4 512 778 4317 4002
7198 4 127 16256 10497 1
7200 3 15464 326 2
7202 5 127 16256 10320 9700 16
7204 4 64 5216 8490 2773
7206 6 127 16256 11291 11587 512 4620
7208 4 15109 3098 8290 8192
7210 5 127 16256 2061 12518 2048
7212 4 16 6600 1073 9102
7214 5 127 16256 2048 2241 14120
7216 4 6434 8594 256 10084
7218 5 127 16256 12297 6325 8
7220 5 1882 4096 4208 6822 8677
7222 6 127 16256 10571 11393 1108 64
7224 4 5577 8998 8481 8192
7226 5 127 16256 673 512 8367
7228 4 10728 13850 2055 1
7230 5 127 16256 562 1229 32
7232 3 9236 11593 4
7234 5 127 16256 1994 16 1108
7236 5 10612 16 4244 3118 14017
7238 6 127 16256 2124 1475 9836 8
7240 4 114 64 12303 7820
7242 6 127 16256 8428 4133 14419 1
7244 4 1024 13320 695 2892
7246 6 127 16256 6741 256 8496 12371
7248 4 1172 6315 128 12808
7250 5 127 16256 12840 7173 4096
7252 5 1462 14859 27 16 14598
7254 6 127 16256 338 950 6490 2
7256 4 9842 8 5192 6295
7258 5 127 16256 9504 32 14146
7260 4 8944 4 7363 396
7262 5 127 16256 8 4142 8281
7264 4 2 11216 11073 4355
7266 5 127 16256 676 3085 512
7268 4 861 9378 8192 14593
7270 6 127 16256 32 399 2097 3482
7272 4 1816 1024 13377 6834
7274 5 127 16256 8284 11298 8192
7276 4 4096 6673 9612 4198
7278 6 127 16256 2456 1832 8 10526
7280 4 9238 7330 864 64
7282 5 127 16256 5462 16 54
7284 5 9017 8004 2324 4 14786
7286 6 127 16256 3011 8 1352 9543
7288 4 4632 199 7460 512
7290 5 127 16256 2608 9616 2048
7292 4 463 15140 1300 16
7294 5 127 16256 1024 1050 15240
7296 3 11176 2824 512
7298 5 127 16256 2130 5446 2048
7300 5 64 4582 360 283 16064
7302 6 127 16256 2850 256 15433 8529
7304 4 4096 6690 13317 2968
7306 6 127 16256 2268 51 2 5331
7308 4 8192 10327 10245 5802
7310 4 127 16256 8192 13056
7312 4 14945 9875 4 1542
7314 5 127 16256 1542 6416 16
7316 4 4 405 7300 9066
7318 5 127 16256 11136 2048 7688
7320 4 12353 166 3676 1
7322 5 127 16256 10880 877 2048
7324 4 1292 4231 1024 11120
7326 5 127 16256 1 124 163
7328 4 2048 6224 12914 13084
7330 5 127 16256 2581 64 2496
7332 5 8192 3207 1624 12305 12645
7334 5 127 16256 128 3968 12421
7336 4 5764 3865 614 4
7338 5 127 16256 2048 4630 10624
7340 5 12532 5505 8862 1024 3424
7342 6 127 16256 2136 3217 3041 64
7344 4 12449 12112 13360 8192
7346 5 127 16256 12512 64 632
7348 5 13465 2048 11268 9066 99
7350 6 127 16256 16 9101 8211 6183
7352 4 256 6306 1410 9549
7354 6 127 16256 15682 7680 512 6860
7356 5 9607 57 5688 3532 1
7358 6 127 16256 6233 256 5888 8378
7360 4 11302 12328 2242 8
7362 5 127 16256 1169 128 1605
7364 5 5429 2187 330 256 13026
7366 6 127 16256 8718 10112 11489 8192
7368 5 7872 234 12722 956 128
7370 5 127 16256 102 64 8333
7372 4 4421 9432 64 6770
7374 6 127 16256 6321 256 2328 8800
7376 4 6028 1024 2561 9264
7378 5 127 16256 8976 6176 16
7380 5 8192 8245 11349 14890 10690
7382 6 127 16256 29 14640 8 11473
7384 4 1268 16 11804 6163
7386 6 127 16256 14720 3472 2048 14867
7388 4 3114 1253 14224 1024
7390 6 127 16256 4613 6674 3228 1
7392 4 4166 2 601 2720
7394 5 127 16256 1553 4244 4096
7396 4 2575 13617 1 4801
7398 6 127 16256 2048 6912 5778 10012
7400 4 14467 9834 10576 8192
7402 6 127 16256 256 4486 8503 9064
7404 4 3682 1225 13652 64
7406 5 127 16256 2354 2381 2048
7408 4 1024 13920 5671 1306
7410 5 127 16256 12291 8192 5890
7412 5 64 5810 10500 1346 8411
7414 6 127 16256 2475 32 281 1076
7416 4 8306 12939 11014 2
7418 5 127 16256 8192 8472 5760
7420 5 9258 8628 6344 8 6851
7422 5 127 16256 1024 15232 1106
7424 3 1024 1217 340
7426 5 127 16256 256 592 3336
7428 5 1641 10390 467 128 4513
7430 6 127 16256 16 5393 1557 2530
7432 4 8451 12369 256 1772
7434 5 127 16256 29 1136 8
7436 4 7814 8457 8192 368
7438 5 127 16256 7441 8841 1
7440 4 256 2548 12624 921
7442 5 127 16256 299 8969 256
7444 4 2635 2616 14212 512
7446 5 127 16256 128 7809 9089
7448 4 9259 12916 32 2217
7450 5 127 16256 2073 106 16
7452 5 13098 8192 15616 8437 9642
7454 5 127 16256 355 256 8508
7456 3 64 4449 8906
7458 5 127 16256 64 10608 1606
7460 5 15398 4096 14426 4149 6021
7462 5 127 16256 11936 32 5410
7464 4 4251 220 128 4008
7466 5 127 16256 6596 4 8756
7468 5 5708 8851 1024 11300 3498
7470 5 127 16256 11278 2 4994
7472 4 2241 1608 512 12334
7474 5 127 16256 3860 2048 2211
7476 5 16 121 2238 6022 10548
7478 6 127 16256 2444 3181 8908 8
7480 4 3614 12613 4 583
7482 6 127 16256 5858 6344 64 10072
7484 4 6788 2048 11339 2419
7486 5 127 16256 6197 16 8282
7488 3 4716 3424 64
7490 5 127 16256 1172 2 46
7492 4 5187 9773 2454 2
7494 5 127 16256 9733 8192 14752
7496 4 7180 8 12742 888
7498 5 127 16256 5332 173 4
7500 4 1859 8604 256 7472
7502 6 127 16256 256 2881 5133 4377
7504 4 3696 9881 32 12704
7506 5 127 16256 2433 32 105
7508 4 14668 1689 2211 128
7510 5 127 16256 2 570 8271
7512 4 8192 14390 9314 9116
7514 5 127 16256 2 4111 858
7516 4 158 16 15936 377
7518 6 127 16256 6218 11310 2 8591
7520 4 4178 8197 64 7320
7522 5 127 16256 9802 205 64
7524 4 11402 32 364 4913
7526 5 127 16256 4096 4339 4300
7528 4 9026 2407 5434 2
7530 6 127 16256 8192 13012 12042 14360
7532 4 5195 2968 8492 256
7534 5 127 16256 6409 8 9867
7536 4 1353 14659 64 9186
7538 5 127 16256 9864 8 857
7540 5 2741 10082 3175 1024 13321
7542 6 127 16256 1024 9747 8666 5920
7544 4 4 9860 6725 11442
7546 5 127 16256 14736 2048 10277
7548 4 9491 1564 1024 6860
7550 5 127 16256 32 4769 11564
7552 3 32 4771 932
7554 5 127 16256 4736 12356 4
7556 5 4141 11140 1623 32 1258
7558 5 127 16256 2366 32 481
7560 4 14860 256 316 1481
7562 5 127 16256 4884 16 10645
7564 4 11524 4331 8192 9012
7566 5 127 16256 59 4190 16
7568 3 12700 2672 16
7570 5 127 16256 13861 4 1222
7572 4 128 5238 12936 7041
7574 5 127 16256 14113 3210 1024
7576 4 9152 12391 8192 12164
7578 5 127 16256 7809 7204 4096
7580 4 1024 9430 7721 9860
7582 5 127 16256 14382 8281 8
7584 3 13004 9616 8192
7586 5 127 16256 1 2833 6247
7588 5 8467 988 12741 1 13411
7590 5 127 16256 10310 8192 121
7592 4 9237 1 10577 12984
7594 5 127 16256 2398 12428 4
7596 4 8192 5011 9132 11344
7598 5 127 16256 2538 32 4149
7600 4 13592 4802 8 11273
7602 6 127 16256 64 14477 8642 4040
7604 4 2634 12829 2048 15776
7606 5 127 16256 2048 11665 6848
7608 4 256 1898 9000 14768
7610 5 127 16256 206 13492 4
7612 4 11277 1 6817 1491
7614 6 127 16256 1354 1024 1595 10962
7616 3 12361 8 14986
7618 5 127 16256 1 5901 4237
7620 4 1674 128 12949 2936
7622 5 127 16256 256 472 743
7624 4 5573 7280 4890 4096
7626 6 127 16256 10562 14048 333 8192
7628 4 10184 12299 256 2356
7630 5 127 16256 4201 790 256
7632 4 6532 2048 9669 2171
7634 5 127 16256 6976 256 9035
7636 4 3668 4096 12299 5034
7638 5 127 16256 4 11146 5412
7640 4 5036 8963 2 10271
7642 5 127 16256 15494 4149 4
7644 4 2048 6529 12823 4064
7646 4 127 16256 3348 4
7648 4 11424 128 6242 9874
7650 5 127 16256 6155 8375 2048
7652 4 6484 128 9642 1921
7654 5 127 16256 9768 8 6547
7656 4 846 2439 15636 4
7658 5 127 16256 1392 16 10949
7660 4 64 13908 2434 1129
7662 5 127 16256 11542 512 4748
7664 4 2215 619 1 10609
7666 5 127 16256 3845 16 1240
7668 5 16 4274 6742 8971 3277
7670 5 127 16256 4096 6436 9944
7672 4 12686 1287 5235 256
7674 5 127 16256 8 2825 5319
7676 4 16 9561 15012 9268
7678 5 127 16256 64 11530 12992
7680 2 512 1555
7682 5 127 16256 288 2584 16
7684 5 128 12969 15488 9310 11624
7686 6 127 16256 10024 4510 8 15112
7688 3 4711 11536 1024
7690 5 127 16256 783 1 5473
7692 4 1 2958 5235 4305
7694 4 127 16256 16 9104
7696 3 1024 7186 9130
7698 5 127 16256 391 2048 10268
7700 4 3928 12329 2518 1
7702 5 127 16256 512 4585 11792
7704 4 15433 12392 5938 32
7706 5 127 16256 14856 2048 1167
7708 4 7718 2681 8644 256
7710 5 127 16256 4 9066 2133
7712 3 8 1163 6256
7714 5 127 16256 1024 1124 4612
7716 4 1558 12649 10945 1024
7718 5 127 16256 7222 9096 8
7720 4 5704 7446 512 9621
7722 5 127 16256 3464 2048 4630
7724 4 13538 2048 2574 885
7726 5 127 16256 11176 1024 13828
7728 4 5955 2255 8 1163
7730 5 127 16256 2766 8192 8300
7732 4 1691 16 14868 4596
7734 5 127 16256 335 2 1203
7736 4 6678 12616 8 3281
7738 6 127 16256 342 2845 13357 64
7740 4 256 7701 1324 8414
7742 5 127 16256 872 4151 64
7744 3 8742 2 6440
7746 5 127 16256 4576 32 4753
7748 4 4313 791 1 11828
7750 5 127 16256 8192 11872 8223
7752 4 881 512 6474 10916
7754 5 127 16256 1024 13584 6736
7756 4 9095 339 7468 16
7758 5 127 16256 15745 512 10888
7760 4 1024 11576 9628 3173
7762 5 127 16256 8 2236 6202
7764 4 6929 256 9418 4391
7766 5 127 16256 1937 1 15889
7768 4 14545 5433 1055 16
7770 5 127 16256 9616 7173 4096
7772 4 7940 14913 8411 512
7774 5 127 16256 16 7444 9109
7776 4 4096 7508 6342 5361
7778 5 127 16256 9475 1024 10252
7780 5 12459 8778 1877 4 8327
7782 5 127 16256 8821 12826 8192
7784 4 14100 3726 1024 1829
7786 5 127 16256 10450 16 14393
7788 4 4442 14848 8 1197
7790 5 127 16256 512 13848 3025
7792 4 1994 8 3852 3181
7794 5 127 16256 1811 16 4537
7796 5 14113 1024 1355 10864 13764
7798 5 127 16256 6245 12347 32
7800 4 13220 2127 2048 2949
7802 5 127 16256 4654 9371 2
7804 5 2360 6017 1 13100 6227
7806 5 127 16256 3304 128 13190
7808 3 4 2203 661
7810 5 127 16256 256 9584 15172
7812 4 9487 50 64 6848
7814 4 127 16256 110 2
7816 3 634 32 15397
7818 5 127 16256 64 118 12037
7820 4 599 7592 7072 512
7822 5 127 16256 512 1623 11048
7824 3 15106 5548 256
7826 5 127 16256 128 8408 14912
7828 5 4 1645 14884 12946 10535
7830 5 127 16256 13953 1024 11531
7832 4 8128 1213 128 3524
7834 5 127 16256 7045 2048 2851
7836 5 697 128 10812 5073 13986
7838 5 127 16256 43 724 16
7840 3 8192 9795 12649
7842 5 127 16256 512 4122 12866
7844 4 512 12042 5795 3028
7846 5 127 16256 6020 10396 8
7848 4 10446 1 6609 811
7850 5 127 16256 2420 8438 64
7852 4 10830 3973 1024 5174
7854 5 127 16256 9325 246 64
7856 4 5337 512 15264 3610
7858 5 127 16256 9261 1024 11317
7860 4 1197 11592 2048 14898
7862 5 127 16256 128 365 4786
7864 4 12908 14576 64 10178
7866 5 127 16256 12852 12405 8192
7868 4 5655 1024 8492 3536
7870 4 127 16256 64 9428
7872 3 287 950 16
7874 5 127 16256 2048 10537 799
7876 4 3129 2048 13378 2981
7878 5 127 16256 8763 1366 1024
7880 4 12377 940 32 6315
7882 5 127 16256 4096 3704 6411
7884 4 11570 3970 128 8909
7886 4 127 16256 32 9324
7888 4 7569 4096 9050 13062
7890 5 127 16256 2652 1274 512
7892 4 2761 2048 3481 12335
7894 5 127 16256 4281 3782 32
7896 4 14098 4375 10541 1
7898 5 127 16256 128 11433 6860
7900 4 4 13069 8812 3306
7902 5 127 16256 730 2 9005
7904 4 1000 128 9172 1310
7906 5 127 16256 4826 14419 64
7908 4 1360 32 15397 938
7910 5 127 16256 15184 512 1970
7912 4 1354 512 6819 8998
7914 5 127 16256 6960 3740 4096
7916 4 1195 2 13316 3922
7918 5 127 16256 16 1276 1651
7920 4 5804 2796 13986 32
7922 5 127 16256 13217 512 5661
7924 5 1826 14613 512 206 2086
7926 5 127 16256 5297 12104 4096
7928 4 2 12877 1330 21
7930 5 127 16256 2517 128 3992
7932 5 543 12391 3020 8 1488
7934 5 127 16256 512 4034 15920
7936 2 1613 8
7938 5 127 16256 7464 4682 256
7940 3 6024 2167 8
7942 4 127 16256 15632 16
7944 3 3441 12877 1
7946 5 127 16256 2417 2048 13218
7948 4 10118 16016 64 4203
7950 5 127 16256 4096 10428 14082
7952 3 847 8 6206
7954 5 127 16256 12036 4 7712
7956 4 719 4096 5524 10798
7958 5 127 16256 512 5721 5182
7960 4 4316 3907 16 8064
7962 5 127 16256 64 250 11818
7964 4 11405 4722 64 6295
7966 5 127 16256 512 10830 8245
7968 3 4342 5415 4
7970 5 127 16256 4096 337 4205
7972 4 8 13968 3494 6729
7974 5 127 16256 128 8555 8855
7976 4 256 15366 7072 5227
7978 5 127 16256 2 14468 8223
7980 4 6506 8 9116 9669
7982 4 127 16256 956 16
7984 4 11279 4 2397 5930
7986 5 127 16256 13706 64 7408
7988 4 512 4850 1325 10865
7990 5 127 16256 1024 8762 5349
7992 4 8192 11420 5936 10838
7994 5 127 16256 5717 7010 256
7996 4 7058 2048 811 12100
7998 5 127 16256 3618 12776 64
8000 3 8340 4096 4330
8002 5 127 16256 1 13585 2312
8004 4 14979 378 3334 32
8006 4 127 16256 4096 15626
8008 4 12649 4525 8192 10358
8010 5 127 16256 6416 64 2024
8012 4 256 3916 5212 2979
8014 5 127 16256 15427 8 8381
8016 4 16 10084 9045 4670
8018 5 127 16256 7281 4096 11817
8020 4 8690 7461 256 8840
8022 5 127 16256 2 2489 3159
8024 4 12412 8192 302 10901
8026 5 127 16256 1382 512 7984
8028 4 4 7214 9109 10529
8030 5 127 16256 761 4 5774
8032 4 8192 13342 306 11596
8034 5 127 16256 1799 2048 7074
8036 4 15412 4672 32 2475
8038 5 127 16256 7817 4096 11532
8040 4 10082 32 12347 150
8042 5 127 16256 7564 256 1229
8044 5 13928 985 10891 1 956
8046 6 127 16256 15360 2 2283 12601
8048 4 5167 191 8 8517
8050 5 127 16256 4656 3719 2048
8052 5 2 5179 3716 12656 2455
8054 5 127 16256 8192 3462 13264
8056 4 13001 512 3896 1232
8058 5 127 16256 8578 4 855
8060 4 2363 356 13012 16
8062 5 127 16256 16 4327 13208
8064 2 6371 32
8066 3 127 16256 128
8068 3 14689 4766 256
8070 4 127 16256 11914 4
8072 3 995 15371 256
8074 5 127 16256 543 4285 1024
8076 4 2531 1024 8945 5214
8078 4 127 16256 2899 8192
8080 3 3371 1 9334
8082 5 127 16256 13217 16 3018
8084 4 6826 3972 14673 8192
8086 5 127 16256 6026 4 10946
8088 4 7281 4 14387 10646
8090 5 127 16256 8791 128 12628
8092 4 7043 8192 1596 10319
8094 4 127 16256 2048 12746
8096 3 6667 14900 4
8098 5 127 16256 12 1876 512
8100 4 12885 64 2458 9778
8102 5 127 16256 9906 2048 9295
8104 4 875 256 14361 5858
8106 5 127 16256 8960 5793 8
8108 4 6266 1890 8357 16
8110 5 127 16256 5403 3428 128
8112 4 7452 6257 8 6832
8114 5 127 16256 6788 3299 1024
8116 5 1438 12650 2787 4416 1024
8118 6 127 16256 2048 1927 8460 5340
8120 4 287 6535 128 3673
8122 5 127 16256 12128 8272 1024
8124 4 3441 4751 4096 411
8126 4 127 16256 4371 64
8128 3 5592 64 2308
8130 5 127 16256 429 2 669
8132 4 8430 2 11464 4953
8134 5 127 16256 12034 64 4224
8136 4 2414 6052 2 8272
8138 5 127 16256 8 3781 8466
8140 5 5178 8513 14390 11156 128
8142 6 127 16256 8209 8905 256 3812
8144 4 13329 5060 2048 7372
8146 5 127 16256 2195 4953 32
8148 5 512 4678 7449 2048 10722
8150 6 127 16256 2069 8196 16 14986
8152 5 6547 128 11474 316 1280
8154 5 127 16256 82 4096 4439
8156 5 5801 544 256 7057 10054
8158 6 127 16256 15640 13476 256 72
8160 4 7336 1160 8192 10148
8162 5 127 16256 4096 1569 11842
8164 5 1848 204 7321 2 9414
8166 6 127 16256 13063 8192 64 10896
8168 5 13714 576 10361 32 6683
8170 6 127 16256 15616 8 12998 8192
8172 5 6485 15522 1 32 1739
8174 6 127 16256 64 12331 1694 528
8176 4 2056 32 1595 11154
8178 5 127 16256 12946 4146 64
8180 5 2794 7446 8819 768 64
8182 6 127 16256 11970 128 5167 8193
8184 4 65 2048 1427 2668
8186 5 127 16256 7811 1024 2056
8188 4 8194 5042 11369 1
8190 4 127 16256 193 2
8192 1 2048
8194 5 127 16256 288 64 1024
8196 4 3179 1024 12820 14100
8198 5 127 16256 8192 14032 2304
8200 4 4096 3280 7384 14629
8202 5 127 16256 11776 378 256
8204 4 13108 2122 3179 32
8206 5 127 16256 8192 3328 12956
8208 4 16 644 5844 14419
8210 5 127 16256 4918 4614 32
8212 5 897 2963 14948 2048 9884
8214 6 127 16256 5523 9881 512 24
8216 4 7009 2336 8861 512
8218 5 127 16256 5376 128 237
8220 4 1104 8192 11857 12714
8222 5 127 16256 8 11593 118
8224 4 2924 256 4977 2056
8226 6 127 16256 12929 995 64 60
8228 5 528 4096 4702 5546 15041
8230 6 127 16256 512 1770 6857 9216
8232 5 3072 1857 4327 2 3230
8234 5 127 16256 11293 39 16
8236 5 192 6226 9925 1024 3388
8238 6 127 16256 1491 7213 8704 2048
8240 4 7693 1024 6144 1497
8242 6 127 16256 640 2 3747 12704
8244 5 3890 12487 258 2048 14996
8246 6 127 16256 12885 3745 128 4608
8248 4 1 5785 24 12643
8250 5 127 16256 15169 2048 64
8252 4 9144 128 8224 3271
8254 5 127 16256 95 32 14113
8256 4 64 132 269 6860
8258 5 127 16256 18 64 812
8260 5 5825 4096 16 8795 7348
8262 6 127 16256 64 4776 32 9513
8264 5 5665 5932 7717 9578 2048
8266 5 127 16256 14744 77 16
8268 5 8 2048 3440 12814 2223
8270 6 127 16256 1354 16 64 3463
8272 5 512 3041 9140 144 3157
8274 5 127 16256 320 128 8661
8276 5 2651 16 7474 64 10901
8278 6 127 16256 4588 9811 4 128
8280 5 1280 9046 6578 64 3427
8282 5 127 16256 5179 4096 8704
8284 5 638 15441 5056 80 1024
8286 6 127 16256 3478 2852 7 16
8288 4 256 1675 1024 3884
8290 5 127 16256 12880 32 5
8292 5 10705 8704 10010 16 14396
8294 6 127 16256 512 12473 2515 256
8296 5 4275 15808 2048 756 1024
8298 6 127 16256 1724 8192 743 4480
8300 5 693 7466 32 1024 11076
8302 6 127 16256 512 3292 256 6428
8304 4 12936 3056 2 12970
8306 5 127 16256 8832 4096 1703
8308 5 5773 1 4224 6490 12914
8310 6 127 16256 2048 8192 6702 750
8312 4 1946 2052 6311 32
8314 5 127 16256 2 14730 4
8316 4 1 4120 13341 11232
8318 4 127 16256 1024 768
8320 3 1 14883 6144
8322 5 127 16256 642 64 4806
8324 5 32 9633 8193 11341 4538
8326 6 127 16256 4608 4806 15522 4
8328 4 337 13986 853 512
8330 6 127 16256 8826 4 1269 64
8332 5 11395 4777 8 9052 129
8334 6 127 16256 4096 4 12916 12350
8336 4 1 3336 7433 439
8338 6 127 16256 6283 2050 1 10117
8340 5 33 2599 4817 512 10060
8342 6 127 16256 9036 512 8516 9491
8344 4 13618 2205 16 13
8346 6 127 16256 1 9323 8791 8
8348 5 8527 8448 10040 8 7310
8350 6 127 16256 3219 256 512 3875
8352 4 5324 8 4228 3032
8354 6 127 16256 1024 10160 14478 768
8356 5 1195 9 2 10598 6812
8358 6 127 16256 2048 7848 739 512
8360 5 2048 14498 8322 12164 12473
8362 6 127 16256 6025 128 256 11448
8364 5 8192 15362 14176 8381 32
8366 6 127 16256 64 2 7813 727
8368 4 2048 1040 7697 14534
8370 5 127 16256 1954 32 1024
8372 5 12633 3623 272 13589 4096
8374 6 127 16256 512 5782 6570 1024
8376 4 5120 4 5452 10391
8378 5 127 16256 128 1536 4002
8380 5 1280 4842 9620 128 6147
8382 6 127 16256 4 3490 32 11372
8384 4 64 2048 3764 2516
8386 5 127 16256 32 129 4529
8388 5 7508 4732 4 16 12969
8390 6 127 16256 1 12 12445 9930
8392 5 4950 10251 4112 4593 256
8394 6 127 16256 4 3343 9 11120
8396 5 4969 11317 2471 4 1
8398 6 127 16256 512 5 6712 4096
8400 5 2586 1 8192 3126 8611
8402 5 127 16256 1 64 5707
8404 5 7372 1 11058 8 1675
8406 6 127 16256 733 10960 128 16
8408 5 2048 10452 1987 80 4686
8410 6 127 16256 4414 14413 2048 8192
8412 5 128 15696 2291 64 8940
8414 6 1241 12291 1025 4950 128 11433
8416 4 9337 1024 16 7195
8418 6 127 16256 128 8192 57 8903
8420 5 9386 1024 32 3157 15170
8422 6 127 16256 1024 3274 64 1359
8424 5 3072 8192 14490 4565 11841
8426 6 127 16256 64 13650 7888 2
8428 5 2048 1721 1 6407 9808
8430 6 127 16256 2980 8271 4 8
8432 4 7730 219 128 2
8434 6 127 16256 7042 2 14146 4096
8436 5 8 11590 1646 6297 4096
8438 6 127 16256 2 12327 32 415
8440 4 2357 1 9960 256
8442 5 127 16256 4 246 18
8444 4 977 11310 512 272
8446 6 127 16256 4098 8192 512 8972
8448 3 2048 2590 522
8450 5 127 16256 1053 29 1024
8452 6 4446 1024 11489 9395 1341 1
8454 6 127 16256 4893 512 13194 256
8456 5 6307 1024 1948 16 1209
8458 6 127 16256 10319 16 32 5744
8460 5 1 5120 8803 2957 5141
8462 6 127 16256 10643 10411 128 8192
8464 5 8859 8596 16 2 6234
8466 5 127 16256 8 5768 4736
8468 6 128 4842 72 3028 3273 12636
8470 6 127 16256 8750 7280 2 8
8472 5 4 7301 8765 2322 1
8474 6 127 16256 5391 2 3190 4
8476 6 32 118 7438 11153 334 16
8478 6 127 16256 8 16 8537 5899
8480 4 8809 11394 1154 8192
8482 6 127 16256 12690 3851 4096 8448
8484 5 1844 16 319 256 15936
8486 6 127 16256 2048 6993 6764 512
8488 5 6419 14450 16 2893 2048
8490 6 127 16256 13848 8192 2486 4608
8492 5 4225 4790 15745 4553 256
8494 6 127 16256 8847 1024 3274 2048
8496 5 2048 10763 2 9232 6246
8498 5 127 16256 4096 15372 8192
8500 5 4096 1024 10830 6033 5576
8502 6 127 16256 4315 16 343 65
8504 5 6802 1486 10385 17 128
8506 6 127 16256 13768 32 11810 2
8508 5 256 3873 790 13001 20
8510 6 127 16256 64 4938 8 15906
8512 4 256 5 11656 12549
8514 5 127 16256 128 12437 8192
8516 5 64 14690 6297 2048 3660
8518 6 127 16256 256 1378 1058 12050
8520 5 64 8952 3971 16 2394
8522 6 127 16256 8 7948 8617 32
8524 5 4844 2492 32 11307 8
8526 6 127 16256 2586 4922 2048 16
8528 5 4247 9484 1280 12512 4
8530 6 127 16256 13217 128 7616 4096
8532 5 8192 6628 1 13387 8761
8534 6 127 16256 10052 8791 64 4
8536 5 5844 10334 1834 8 2
8538 6 127 16256 3072 3412 1083 256
8540 5 12 2189 13603 8945 1
8542 6 127 16256 8 413 14536 128
8544 4 7954 256 14688 2048
8546 5 127 16256 16 8448 8560
8548 5 1634 1024 3896 578 12485
8550 6 127 16256 12288 5481 12372 16
8552 5 6144 7208 8 724 13315
8554 7 127 16256 16 1900 2748 32 9393
8556 6 2078 938 8 4407 4 15429
8558 6 127 16256 118 5944 80 4
8560 4 13338 8192 8 8877
8562 5 127 16256 4096 416 12704
8564 5 1024 9602 8320 12056 5733
8566 6 127 16256 3016 9784 512 8
8568 5 4 4288 9331 4300 4896
8570 5 127 16256 8 33 47
8572 5 64 12589 8524 8 3731
8574 6 127 16256 4096 12916 13457 8192
8576 4 10592 12097 8192 32
8578 6 127 16256 64 1984 14629 128
8580 5 7324 205 12 8551 1
8582 6 127 16256 4096 10777 16 5328
8584 5 10184 260 901 4469 512
8586 6 127 16256 13957 1024 16 11536
8588 5 12573 2080 2147 1 7844
8590 6 127 16256 288 4450 2 7304
8592 4 5545 8754 8706 32
8594 6 127 16256 13570 6817 1024 12546
8596 5 6492 1777 8358 8320 4
8598 6 127 16256 12000 2 8193 8339
8600 5 1712 9669 7190 1152 16
8602 7 127 16256 12580 1255 8452 483 4096
8604 5 512 7496 9733 1024 8882
8606 6 127 16256 8342 132 16 6415
8608 4 13961 512 6160 6674
8610 5 127 16256 4 2048 10758
8612 5 136 6791 64 458 10072
8614 6 127 16256 1024 9489 2733 16
8616 5 12870 668 4 11525 128
8618 6 127 16256 1024 4 1798 14505
8620 5 3466 1024 10854 7193 2048
8622 6 127 16256 1024 15384 3098 8
8624 4 14617 8 654 514
8626 6 127 16256 11024 5768 16 2048
8628 5 2331 512 8 5492 9096
8630 6 127 16256 5738 512 1024 15872
8632 5 8 512 9109 15441 542
8634 6 127 16256 4 8300 96 10519
8636 5 4669 8192 9664 14474 64
8638 6 127 16256 64 9552 9547 8192
8640 4 6984 8897 1 192
8642 6 127 16256 4 251 6188 4096
8644 5 128 5211 1921 513 14884
8646 6 127 16256 7446 4096 2 14850
8648 5 4966 9641 1 2633 2056
8650 6 127 16256 10329 64 359 1
8652 5 9043 2341 4 5326 256
8654 6 127 16256 2048 512 2850 8554
8656 5 6709 8192 10680 12550 2
8658 6 127 16256 9872 1024 6434 512
8660 5 1 59 11138 32 5860
8662 6 127 16256 4096 13448 820 8192
8664 5 2048 471 4224 6792 5229
8666 7 127 16256 128 4096 687 4328 462
8668 5 256 10470 9556 4873 1
8670 6 127 16256 8192 11333 2048 10960
8672 4 1222 1024 128 9769
8674 6 127 16256 710 249 576 2
8676 5 3560 2048 6674 2 12589
8678 6 127 16256 256 4096 8757 5505
8680 5 32 6701 9328 8192 7946
8682 6 127 16256 13060 8192 3243 4096
8684 5 10769 512 5546 3278 1
8686 6 127 16256 2 11145 4174 68
8688 4 5642 2 3540 1536
8690 5 127 16256 2149 64 32
8692 5 14680 8208 12370 687 64
8694 6 127 16256 16 94 8278 2
8696 4 32 2850 512 5277
8698 6 127 16256 8 14730 8192 9800
8700 6 8569 13067 1024 3824 512 5904
8702 6 127 16256 10482 2 4 4678
8704 3 2 16 186
8706 6 127 16256 2667 4 3124 16
8708 5 1024 11336 3243 2048 13132
8710 6 127 16256 8376 10208 8 16
8712 5 9900 256 9492 11090 16
8714 6 127 16256 17 2 10860 403
8716 6 7701 961 1423 512 1 11384
8718 6 127 16256 9419 2048 1024 3602
8720 5 5958 4 2048 3420 11269
8722 6 127 16256 6352 4096 10034 2048
8724 6 10411 11444 6926 16 9298 1024
8726 6 127 16256 2748 13377 12288 1024
8728 5 5772 512 10096 3746 1024
8730 7 127 16256 7572 6432 2048 4120 4096
8732 5 3808 8277 12622 4 8192
8734 6 127 16256 4681 13712 8 64
8736 5 512 3725 14852 1747 4
8738 5 127 16256 2585 8 16
8740 5 512 4706 2 6938 1509
8742 6 127 16256 6217 3181 1 8
8744 5 3292 4096 7970 512 5000
8746 6 127 16256 8192 512 8745 2422
8748 5 4 13196 32 118 3181
8750 6 127 16256 2048 2492 256 2836
8752 5 2048 128 3985 10912 5406
8754 7 127 16256 10894 512 976 16 6677
8756 5 10395 4 64 5700 3430
8758 7 127 16256 2311 2048 10537 4732 1
8760 5 9271 4096 12619 2 6290
8762 6 127 16256 8536 871 256 8192
8764 5 8192 6357 13091 1 9229
8766 6 127 16256 5027 1 2 2119
8768 4 2 13706 8 8238
8770 7 127 16256 8192 8386 6337 64 2706
8772 5 919 15616 1024 256 1402
8774 6 127 16256 1 12295 695 2
8776 5 11787 14704 11336 8192 2048
8778 7 127 16256 12815 398 8 4 3892
8780 6 11072 2048 8192 5277 9830 14476
8782 6 127 16256 16 8192 8626 14360
8784 5 256 1024 7936 5347 5420
8786 7 127 16256 679 4 9875 1 9349
8788 6 8192 9354 5236 2459 12807 2
8790 6 127 16256 10657 13377 1 8192
8792 5 8 128 10453 8872 12682
8794 6 127 16256 256 9505 7041 1
8796 6 16 4359 128 11846 9872 2488
8798 6 127 16256 128 1488 256 8677
8800 4 1384 1024 256 3971
8802 7 127 16256 2 512 2658 5670 12835
8804 6 4263 2 14929 13706 4096 6659
8806 7 127 16256 4096 512 6689 5777 10596
8808 5 334 2 14960 215 64
8810 7 127 16256 12676 10930 32 4133 4097
8812 5 16 15120 1150 2048 6289
8814 6 127 16256 1136 1024 64 5
8816 5 4 10764 7648 8 8604
8818 7 127 16256 1795 1024 9636 16 9360
8820 5 8819 128 4 14476 5508
8822 6 127 16256 13461 4 16 2325
8824 6 10673 32 4450 256 13957 6953
8826 7 127 16256 5763 5 512 2524 645
8828 6 6177 6144 3218 32 8764 4931
8830 6 127 16256 10249 2048 6288 16
8832 4 16 9493 4 2356
8834 7 127 16256 5028 2964 128 8354 34
8836 6 13475 10265 1 8192 9997 5062
8838 7 127 16256 13449 8192 9490 7841 1024
8840 5 3843 512 12530 10912 2048
8842 7 127 16256 16 1648 1024 6596 1109
8844 6 162 1186 10466 7239 1024 925
8846 6 127 16256 8 730 4552 64
8848 5 1 16 2583 3878 409
8850 7 127 16256 5704 8 11272 2048 5592
8852 5 14854 1361 2 4266 4096
8854 7 127 16256 32 5120 5408 679 4189
8856 5 16 10832 8192 13588 8495
8858 7 127 16256 8192 526 64 9024 1524
8860 5 929 12035 4701 512 1
8862 6 127 16256 8337 2593 8192 1
8864 5 8 174 10376 2048 13256
8866 7 127 16256 1056 9237 1136 6757 16
8868 5 8192 1 7812 9001 8275
8870 6 127 16256 36 2048 2086 12034
8872 5 4875 8 256 2360 9303
8874 6 127 16256 295 1 2 8283
8876 5 8477 1 7648 4627 16
8878 6 127 16256 2636 2056 16 2074
8880 5 32 12914 4515 4096 6182
8882 7 127 16256 2885 7732 1 4098 4115
8884 6 2265 514 8192 9762 8898 6566
8886 7 127 16256 9652 14873 1024 1136 112
8888 6 9275 3176 64 2056 8877 2888
8890 7 127 16256 12473 2594 512 9766 2050
8892 6 1 1024 3288 1290 9345 5926
8894 6 127 16256 8268 8 8196 740
8896 4 2 4770 3654 512
8898 7 127 16256 64 8752 2 4674 5262
8900 6 13572 4400 4096 2845 16 11466
8902 6 127 16256 366 9216 8 9736
8904 5 8493 512 12928 8192 5840
8906 7 127 16256 3585 14889 1 8192 12545
8908 6 5661 16 12564 8656 8192 7722
8910 6 127 16256 8584 8 8192 13313
8912 5 553 1182 520 8520 1
8914 7 127 16256 8 13190 9216 9256 1075
8916 6 10554 10693 4 7760 1024 5188
8918 7 127 16256 13636 7876 1296 32 1328
8920 6 10301 512 388 2563 13218 2048
8922 7 127 16256 256 8634 277 15656 17
8924 6 8320 7172 10899 9600 256 14696
8926 6 127 16256 2 4258 4096 1048
8928 5 196 10005 256 802 514
8930 7 127 16256 32 6866 2209 1 30
8932 6 2929 3482 12480 12340 64 128
8934 6 127 16256 1097 59 8 65
8936 5 732 9523 16 2076 2048
8938 7 127 16256 8506 4096 4264 8 8349
8940 6 2619 1068 32 1028 3808 12566
8942 6 127 16256 16 786 15441 768
8944 5 32 9136 15628 432 128
8946 7 127 16256 8356 132 1217 8192 3413
8948 5 12321 8547 3740 1 4096
8950 6 127 16256 16 4 8310 86
8952 5 6262 4 2048 3468 10788
8954 7 127 16256 11075 12588 64 4 101
8956 6 9827 10650 256 5212 1028 3332
8958 6 127 16256 5162 1024 2 9794
8960 4 7424 256 13648 2048
8962 7 127 16256 356 64 256 2765 3175
8964 6 13612 2048 4608 6657 10456 10051
8966 6 127 16256 2 2255 4608 4614
8968 5 1 512 8737 5473 10900
8970 7 127 16256 64 6342 256 329 6320
8972 6 32 13418 2972 6208 4966 6240
8974 6 127 16256 16 3846 256 338
8976 5 4 6473 4140 5655 40
8978 7 127 16256 9498 6034 1348 1024 4
8980 6 10658 257 512 1882 1793 12901
8982 7 127 16256 64 12843 4112 9301 4432
8984 6 56 5380 256 6833 1024 1147
8986 7 127 16256 4096 4107 2263 2499 8
8988 6 1 10255 5096 4145 13521 32
8990 6 127 16256 1456 92 64 16
8992 5 7269 3144 7632 64 8
8994 5 127 16256 6 128 166
8996 6 36 7243 2048 2212 1521 12056
8998 6 127 16256 6034 4096 4488 8
9000 5 7169 6144 5263 10208 1024
9002 7 127 16256 13366 169 1 128 2350
9004 6 5271 6177 9184 10924 1 2080
9006 6 127 16256 8214 8196 4996 2
9008 5 15884 10453 4 34 4134
9010 7 127 16256 2 6514 3364 1539 512
9012 6 4586 10770 10529 2048 5910 8192
9014 6 127 16256 12410 1 113 16
9016 6 564 5378 512 5765 6345 32
9018 6 127 16256 1024 17 1043 12908
9020 6 5048 4096 2 7012 1183 6150
9022 6 127 16256 5377 1024 11322 1
9024 4 32 8356 8196 6498
9026 5 127 16256 4096 592 4688
9028 5 2594 512 8783 2048 7346
9030 6 127 16256 4096 7557 2 6150
9032 5 8460 4 256 3881 8910
9034 7 127 16256 116 32 64 1946 12590
9036 6 72 7190 8915 2492 128 456
9038 6 127 16256 12928 512 4096 6173
9040 5 7219 8 4121 1 6858
9042 7 127 16256 128 9348 7494 8192 5856
9044 6 3662 48 178 1004 13009 2
9046 6 127 16256 32 547 11984 512
9048 5 11874 2407 4242 4224 2
9050 7 127 16256 256 338 2231 14377 64
9052 6 4887 12555 4928 512 13544 256
9054 6 127 16256 4230 4 128 10582
9056 5 11779 8192 9312 4108 1024
9058 5 127 16256 8205 8192 1
9060 5 2656 544 15752 8791 2048
9062 6 127 16256 16 128 14861 178
9064 5 7960 2048 10358 128 2210
9066 7 127 16256 8 2966 7969 8192 8716
9068 6 9817 1152 1217 1 2486 892
9070 6 127 16256 1164 128 4 8816
9072 5 99 16 11846 8 8472
9074 5 127 16256 2 8 46
9076 5 9158 16 8 5385 2104
9078 7 127 16256 14945 16 32 6238 8242
9080 5 9929 8577 256 129 3638
9082 7 127 16256 256 16 9836 2165 408
9084 6 2880 2048 15622 1645 512 1274
9086 6 127 16256 1025 4096 10838 5137
9088 4 1346 4720 1024 2
9090 5 127 16256 2048 6156 4104
9092 5 6597 4 102 9820 66
9094 6 127 16256 6978 1158 128 4
9096 5 11716 8740 32 512 10779
9098 7 127 16256 9388 8 8203 11916 2
9100 6 8962 2 15176 4807 5287 512
9102 6 127 16256 8192 256 1880 12608
9104 5 4260 1506 3411 4096 32
9106 6 127 16256 32 15944 256 432
9108 6 8509 8192 10439 10312 64 15875
9110 7 127 16256 15621 34 2733 8234 8
9112 5 8192 12548 4809 11363 4096
9114 7 127 16256 2148 1369 11030 4 2048
9116 5 14904 1025 1043 12748 16
9118 6 127 16256 216 16 128 9621
9120 4 9222 6506 2 8196
9122 6 127 16256 32 294 256 8285
9124 5 1024 1856 12914 256 2461
9126 6 127 16256 16 40 4702 312
9128 5 11030 64 128 1728 6840
9130 7 127 16256 64 2241 11786 128 4852
9132 6 2048 15621 5059 2316 14904 256
9134 6 127 16256 4297 9732 512 9216
9136 5 128 8907 13440 1024 9005
9138 7 127 16256 2726 1542 3922 512 2
9140 5 525 512 10585 8 5602
9142 6 127 16256 4 3444 1031 1024
9144 5 7400 512 13713 2596 2048
9146 7 127 16256 256 912 14676 512 9309
9148 5 32 14633 674 128 3292
9150 6 127 16256 128 512 9830 960
9152 4 16 8462 2176 3216
9154 6 127 16256 2340 2143 32 4
9156 5 1 8769 8192 12753 10798
9158 6 127 16256 1728 512 13638 1024
9160 5 5970 128 8 184 6469
9162 7 127 16256 4 8 5430 12104 6156
9164 6 8359 5490 6665 32 116 4
9166 6 127 16256 128 1217 1024 11860
9168 5 4258 607 128 34 1837
9170 6 127 16256 7811 8520 256 8192
9172 5 2048 13453 8828 2307 2
9174 6 127 16256 953 11268 8192 2048
9176 5 2111 7717 64 8514 2
9178 7 127 16256 128 512 9573 705 1591
9180 6 512 6349 900 4 2621 14786
9182 6 127 16256 2 32 802 7536
9184 4 2188 8822 2048 8
9186 5 127 16256 1 293 32
9188 5 15889 2242 254 2 128
9190 6 127 16256 64 32 6240 2846
9192 5 5405 8256 2048 10827 14400
9194 7 127 16256 14660 2 1536 8 8202
9196 6 6834 3913 512 2 8962 13357
9198 6 127 16256 10953 10370 128 8192
9200 4 1616 431 512 64
9202 7 127 16256 512 1680 128 1676 379
9204 6 8 11022 456 7221 256 12627
9206 6 127 16256 13464 32 2593 1
9208 5 4121 1 10804 16 471
9210 7 127 16256 32 1120 9359 1024 8448
9212 6 40 15554 799 260 4136 4096
9214 6 127 16256 280 8 16 1044
9216 3 13314 8192 1024
9218 5 127 16256 3152 16 64
9220 5 128 2988 512 13397 1728
9222 6 127 16256 15016 4096 6153 2048
9224 5 12672 256 9383 4096 7452
9226 7 127 16256 10836 3500 308 16 4
9228 6 8375 128 4953 452 3286 4
9230 6 127 16256 8 7225 1 1161
9232 5 226 7012 2447 32 64
9234 7 127 16256 8192 8 8220 726 9096
9236 6 2391 7820 16 3120 32 13104
9238 7 127 16256 3179 4253 1035 8 1
9240 5 1 13489 329 64 2773
9242 7 127 16256 6199 8228 64 8258 8194
9244 5 11660 4661 8192 8266 8
9246 6 127 16256 64 980 1604 4
9248 5 9408 1024 6795 8192 13342
9250 7 127 16256 4 16 6679 182 1076
9252 6 13862 11593 4096 14482 4632 16
9254 6 127 16256 8 10319 5129 1
9256 6 524 2072 9828 12769 16 8
9258 7 127 16256 1024 9410 3784 8192 11520
9260 7 4360 128 5350 256 11843 6457 416
9262 6 127 16256 2067 2048 2 11010
9264 5 32 5345 14084 1024 3112
9266 7 127 16256 4106 8 2176 2 7197
9268 7 3201 1510 2048 8885 724 128 6282
9270 8 127 16256 132 4640 4096 1709 32 10117
9272 5 8363 5457 4096 6149 1
9274 7 127 16256 32 1280 168 1630 8
9276 6 5842 289 14620 256 4100 32
9278 6 127 16256 20 8192 2048 10248
9280 4 8192 11716 8229 4
9282 7 127 16256 1282 2 256 9381 8704
9284 7 1240 15386 15169 692 4243 16 128
9286 6 127 16256 2048 11905 3112 1024
9288 5 212 2365 128 12738 64
9290 7 127 16256 412 8466 9580 256 16
9292 6 4096 14988 15920 14659 8192 12418
9294 6 127 16256 2 8258 102 8192
9296 5 10466 2 2570 5569 2048
9298 7 127 16256 68 131 1 130 2024
9300 7 8 14929 2384 56 13708 8250 16
9302 6 127 16256 32 9312 64 7012
9304 5 1024 1074 32 13061 11488
9306 7 127 16256 7046 2 20 194 128
9308 6 8192 12290 640 9926 7465 4096
9310 6 127 16256 4130 14368 2 32
9312 5 1024 3600 12367 2048 3180
9314 7 127 16256 8452 10505 4 8192 6276
9316 6 4241 7244 5904 9014 4096 16
9318 7 127 16256 2 4738 128 15625 2250
9320 5 1435 8192 10756 512 13216
9322 9 127 16256 4177 256 10770 12807 274 2 7045
9324 6 8196 1024 4096 2291 5632 14100
9326 6 127 16256 8362 8192 128 10624
9328 5 27 8 14729 1 2861
9330 7 127 16256 2048 2247 10256 16 6
9332 7 8 11441 4910 2058 2048 8718 2071
9334 7 127 16256 8192 1 3320 8273 8455
9336 5 10301 1 9635 32 609
9338 7 127 16256 2 394 11828 256 838
9340 7 4 1076 4557 1819 32 11907 4772
9342 6 127 16256 4096 32 5160 4897
9344 4 4 8380 8192 12548
9346 7 127 16256 4484 4 261 1 13341
9348 7 8964 8192 14760 10295 11970 4 11270
9350 8 127 16256 6279 132 3073 1024 13829 1
9352 6 5763 556 8 343 3176 32
9354 7 127 16256 12593 2 330 8 12330
9356 6 16 4376 5680 10573 4096 9882
9358 6 127 16256 8595 8544 256 8192
9360 5 5237 11274 3089 2048 1024
9362 7 127 16256 128 4096 2096 4288 1098
9364 7 14464 15664 12032 8192 9525 2048 2667
9366 8 127 16256 512 560 32 1122 4147 9372
9368 6 3334 11632 4222 2692 4 2048
9370 9 127 16256 36 2 2048 937 3444 5478 2051
9372 7 13010 5208 4096 64 11380 12608 1423
9374 8 127 16256 515 512 691 13313 15010 1
9376 5 8192 10546 2048 10868 15360
9378 7 127 16256 2741 2658 512 1576 32
9380 6 23 10668 7777 16 4 572
9382 7 127 16256 3592 2048 10800 13202 512
9384 6 8773 6836 6538 1 64 1097
9386 8 127 16256 3193 9392 16 2352 414 32
9388 7 2048 8482 6160 4096 12851 2504 5268
9390 8 127 16256 8192 12294 4152 1 8209 6552
9392 5 1198 4 5140 9997 1024
9394 8 127 16256 5957 10438 2065 17 2048 2153
9396 8 4315 11843 2048 6337 10604 10242 14852 2
9398 8 127 16256 8721 4396 1024 1089 5584 1
9400 7 1586 3316 10248 8 1153 10240 8461
9402 7 127 16256 226 361 64 32 13069
9404 8 512 12950 12812 11632 506 1541 4 5451
9406 8 127 16256 64 5136 70 4225 4674 2
9408 5 4096 6168 9641 12556 8
9410 7 127 16256 32 545 512 8608 9220
9412 7 7232 2307 64 128 5988 200 12444
9414 7 127 16256 6961 128 9346 1024 1744
9416 6 1 321 9557 12291 64 2664
9418 8 127 16256 9561 610 2087 32 2 12522
9420 8 8720 1174 16 512 5988 9272 12600 10767
9422 6 127 16256 16 4241 2133 1
9424 5 4273 4642 11365 4096 32
9426 7 127 16256 128 9538 200 409 64
9428 8 14355 8 2184 1419 258 4399 2048 4064
9430 8 127 16256 10252 4 3629 8192 6294 8724
9432 7 2096 4356 6194 16 32 9937 12980
9434 7 127 16256 712 1700 512 12596 128
9436 8 256 12809 1024 9398 594 2348 2374 1296
9438 6 127 16256 8192 128 8641 8840
9440 5 1821 12546 5146 2 4096
9442 7 127 16256 2048 15368 3201 1024 7576
9444 8 14568 3398 1024 256 3337 1824 119 1135
9446 8 127 16256 15520 13328 2048 4102 1088 3136
9448 6 8648 2595 4887 128 4226 4098
9450 7 127 16256 1028 1036 8 2204 3174
9452 8 13876 2 14442 8226 1678 9729 414 8192
9454 8 127 16256 4129 263 32 611 4096 2955
9456 6 14433 8224 69 3796 64 4
9458 7 127 16256 1116 1024 5121 24 1
9460 8 1 9848 2053 10866 4036 5131 12681 2052
9462 8 127 16256 4704 4096 4174 64 4312 2478
9464 6 16 532 4 2049 15506 2605
9466 8 127 16256 12448 128 1408 1401 7430 1024
9468 7 10458 12880 64 2632 993 13461 512
9470 8 127 16256 8 456 4120 9498 15264 4096
9472 4 3588 1024 512 1816
9474 7 127 16256 1024 7748 2080 3203 3104
9476 7 16 32 769 2262 445 13956 52
9478 8 127 16256 16 256 9800 1808 8414 2384
9480 6 2148 132 5633 8414 388 256
9482 9 127 16256 256 7120 4482 1799 12560 4096 6369
9484 7 52 12753 10412 16 1082 4 1591
9486 8 127 16256 2065 1 1285 2048 4744 3207
9488 6 9352 14597 512 8708 14922 4
9490 7 127 16256 8285 8267 8 64 1224
9492 8 4 6508 5275 12532 78 6936 2068 16
9494 8 127 16256 608 64 5144 6323 512 8294
9496 7 4 12403 770 32 5205 15752 52
9498 7 127 16256 4 356 2001 256 6404
9500 7 1024 1195 9232 531 6988 8208 9848
9502 8 127 16256 9105 9922 2048 2134 8256 10304
9504 5 7207 2325 2692 4 2048
9506 7 127 16256 17 8192 6993 8209 10824
9508 8 2508 128 15409 2048 15968 2180 14210 391
9510 8 127 16256 1044 16 8202 11333 6257 1024
9512 6 4619 5364 64 2048 8528 2114
9514 7 127 16256 8736 12380 32 8199 8192
9516 7 8528 16 4779 7361 2048 11910 2068
9518 8 127 16256 12324 2802 2564 4 2048 15938
9520 6 1573 6145 1 8502 4096 8264
9522 7 127 16256 28 2562 3113 512 2050
9524 7 38 4 8493 2 2651 10306 7904
9526 8 127 16256 1024 6656 1288 1141 256 461
9528 6 8849 13576 12544 8192 256 3698
9530 7 127 16256 4480 128 3240 14600 256
9532 7 3971 1 133 8202 12473 5191 132
9534 6 127 16256 562 2 512 4738
9536 5 2764 1 128 641 402
9538 7 127 16256 1731 256 2058 1024 1408
9540 7 797 15808 4105 1 13732 546 4096
9542 7 127 16256 25 16 4480 8 11921
9544 6 6 6034 2188 22 9811 16
9546 7 127 16256 544 64 608 1504 11084
9548 7 5124 2289 4 6088 5650 4096 9501
9550 8 127 16256 64 1024 1089 9388 10656 2633
9552 6 1065 13610 9172 1 8192 8321
9554 7 127 16256 448 10386 256 3329 64
9556 7 913 512 7009 32 800 12724 3243
9558 8 127 16256 1220 1024 5136 810 3347 16
9560 6 3638 4 148 128 5800 8257
9562 8 127 16256 3584 2952 317 6218 512 1024
9564 6 10258 8192 1024 6021 3181 9472
9566 8 127 16256 16 25 6478 8 8628 3093
9568 6 512 13363 15393 10560 8192 9728
9570 7 127 16256 344 698 4114 2 4096
9572 6 6296 1028 3182 16 1044 11033
9574 8 127 16256 4096 12558 1292 10299 1024 5121
9576 6 13316 9362 13069 11840 8192 1024
9578 7 127 16256 8868 512 2 1327 518
9580 6 10 12673 42 32 1700 10458
9582 8 127 16256 16 4442 1837 82 64 2154
9584 6 8705 2184 512 109 8192 11160
9586 7 127 16256 12558 2048 432 10256 16
9588 7 5190 14986 8192 8507 1024 7753 9280
9590 8 127 16256 4 14401 6148 1617 4096 3896
9592 6 512 2 6176 3560 518 12564
9594 7 127 16256 5642 26 2 16 4135
9596 7 14092 6325 256 64 11555 632 832
9598 8 127 16256 13900 10241 4510 8192 1 10338
9600 5 8512 8448 2576 3297 64
9602 7 127 16256 2068 1537 9412 512 1024
9604 7 14930 32 3232 1570 14387 1990 1024
9606 8 127 16256 5901 13468 9248 1024 32 13888
9608 6 7274 11264 1024 12686 1569 8192
9610 7 127 16256 308 15427 2 4 1030
9612 7 4 7195 32 1990 548 2089 13404
9614 8 127 16256 2048 12361 4354 12963 2192 16
9616 5 3642 320 512 4433 832
9618 7 127 16256 8384 8192 64 2182 6689
9620 7 1168 144 1024 217 13986 6261 11080
9622 8 127 16256 4096 599 4106 562 1587 10
9624 6 9464 8192 4763 8464 256 2416
9626 7 127 16256 1024 256 1408 2763 1700
9628 7 6960 4108 4096 11341 402 12819 12
9630 6 127 16256 8 4360 2572 256
9632 5 4225 256 8822 16 274
9634 7 127 16256 2 2048 474 10242 1312
9636 7 6505 64 2114 8722 1180 2546 2048
9638 7 127 16256 885 8 9240 14 4
9640 6 1298 131 1 15397 13196 2
9642 9 127 16256 4346 4 2 3346 1030 4405 4879
9644 7 892 6307 9441 88 256 8224 8480
9646 7 127 16256 512 32 6920 9670 800
9648 6 64 8260 4327 8192 56 2393
9650 7 127 16256 32 9897 128 8608 5280
9652 7 11557 6676 8192 8945 8212 6287 4
9654 8 127 16256 14628 7312 4596 1540 4 1536
9656 6 1024 9280 2965 8192 2122 15429
9658 7 127 16256 4903 84 2048 3074 2
9660 7 4702 2060 545 32 11660 512 15616
9662 6 127 16256 32 2144 4676 2112
9664 5 1288 12724 532 512 4
9666 7 127 16256 1552 512 1024 1428 10530
9668 7 5802 2048 14636 778 2082 32 12369
9670 8 127 16256 4408 9059 4113 3378 1 16
9672 6 11366 32 416 4417 256 15385
9674 7 127 16256 4096 256 1724 4864 10272
9676 7 13504 8192 13396 2363 9218 4700 2
9678 8 127 16256 64 14604 8848 4164 4096 1827
9680 5 4856 1090 1024 2 1285
9682 7 127 16256 8364 5124 4096 4 9798
9684 6 13082 4 1700 1030 2681 2
9686 8 127 16256 2 4130 7505 12836 11316 32
9688 6 4868 4229 6693 4096 10122 4
9690 7 127 16256 15656 16 1041 268 1024
9692 7 21 6674 1 3349 9338 16 4828
9694 6 127 16256 524 256 64 322
9696 5 64 8 3154 14561 74
9698 7 127 16256 15684 2048 1024 3076 788
9700 7 128 8384 1288 5223 8192 10901 3178
9702 8 127 16256 352 9652 2048 512 2562 3381
9704 5 11944 4113 16 1 4434
9706 7 127 16256 3744 140 5416 4 128
9708 7 13108 256 9518 14514 10496 11457 2048
9710 6 127 16256 56 32 16 1132
9712 5 4726 8 2048 10248 8333
9714 7 127 16256 2 9482 32 50 2259
9716 7 10533 4436 256 986 32 304 7700
9718 8 127 16256 13972 2 386 256 12803 9609
9720 6 10597 6440 1 6795 4096 4129
9722 7 127 16256 1024 256 1281 15628 4192
9724 7 32 971 8192 8228 12672 7508 7432
9726 7 127 16256 1 4357 14209 16 529
9728 4 11 673 1 8
9730 7 127 16256 4096 9680 5270 12544 8448
9732 7 776 8 256 4186 11570 4278 1641
9734 8 127 16256 9302 16 520 6364 536 719
9736 6 2 10881 515 1119 1 7617
9738 7 127 16256 256 172 259 8784 1
9740 7 467 15373 642 3940 128 512 12676
9742 8 127 16256 4 9390 32 3736 548 9344
9744 5 8 1024 1034 4111 3800
9746 7 127 16256 97 1 32 3904 5236
9748 7 3301 5616 16 115 8862 4096 4113
9750 8 127 16256 16144 1 5121 9385 10299 5120
9752 6 3200 98 64 7572 10915 2
9754 7 127 16256 64 4402 4162 10177 2
9756 7 8192 2095 2048 12516 9333 10241 13248
9758 6 127 16256 8 32 10284 2088
9760 5 98 2 32 2475 8420
9762 7 127 16256 524 3590 8 5213 4
9764 7 8565 1040 2952 547 4 7310 1044
9766 8 127 16256 1024 1092 4 1893 35 14867
9768 6 6208 3784 64 7474 11780 4096
9770 7 127 16256 1 5325 577 64 10756
9772 7 144 13712 823 208 16192 4856 64
9774 7 127 16256 8294 5465 8704 1 8705
9776 6 7816 14336 8192 9000 4096 3861
9778 7 127 16256 1396 256 40 3388 296
9780 6 128 13620 256 1408 666 3403
9782 8 127 16256 4819 2 10535 10416 2114 2048
9784 6 14114 2128 12697 64 16 4360
9786 7 127 16256 8380 265 256 10565 8
9788 7 36 256 11713 15410 292 2394 9052
9790 8 127 16256 11405 10865 1024 640 1664 1331
9792 5 512 2592 14378 2048 4464
9794 7 127 16256 2906 129 7194 131 2
9796 6 584 512 8 3089 10664 4935
9798 8 127 16256 1127 11074 4096 4101 5 12947
9800 6 1296 256 3720 1024 10356 13105
9802 7 127 16256 6504 1863 97 32 1
9804 6 81 64 13635 16 3229 4706
9806 8 127 16256 10812 5104 2128 2048 12906 80
9808 6 258 290 10595 2071 14000 32
9810 7 127 16256 2048 7360 256 14976 2308
9812 7 512 8330 769 5402 10728 1 6981
9814 8 127 16256 4096 12597 9231 14662 2 4354
9816 6 1024 8786 512 1568 7260 11557
9818 7 127 16256 8969 10244 1245 8192 4
9820 6 6435 10248 5454 2048 8 9872
9822 6 127 16256 12578 32 2084 2048
9824 6 1120 64 10314 1404 32 11473
9826 7 127 16256 16 16000 10256 10578 8192
9828 6 4274 7941 512 2688 8429 128
9830 7 127 16256 14922 64 1216 3462 128
9832 6 33 3786 4757 161 11072 128
9834 7 127 16256 1 4353 6084 4096 5522
9836 6 8 13091 129 11649 137 1630
9838 8 127 16256 1344 5793 7276 256 64 3875
9840 6 2048 2624 64 12646 7717 11920
9842 7 127 16256 8247 1024 16 13581 9232
9844 6 6423 1858 32 12473 2048 2082
9846 7 127 16256 32 8798 35 1648 2
9848 6 12416 12497 4096 128 12645 13976
9850 7 127 16256 258 4580 4354 13792 4096
9852 6 1024 1092 64 2111 5460 11924
9854 6 127 16256 2769 2 2178 2048
9856 5 1153 1024 11136 8624 1
9858 7 127 16256 4674 3076 1024 4526 4
9860 6 256 2312 13880 2639 2048 4994
9862 7 127 16256 9344 1024 128 7976 2214
9864 5 128 3340 256 12978 4480
9866 7 127 16256 4108 2582 13513 8 4
9868 6 6516 8 2731 648 512 9369
9870 6 127 16256 5288 8 512 2568
9872 5 8192 1366 13353 36 8228
9874 7 127 16256 7214 16 656 6808 128
9876 6 6986 34 3236 4130 4096 10841
9878 7 127 16256 10072 512 14477 8712 8
9880 6 5600 2192 128 2233 16 5964
9882 7 127 16256 8736 1894 8192 32 2859
9884 6 7465 1714 2048 32 14916 2081
9886 6 127 16256 5216 8209 8192 1
9888 5 324 64 13077 4832 4
9890 7 127 16256 2 2562 10700 512 908
9892 7 2144 64 3924 11057 10255 32 13524
9894 7 127 16256 64 4672 4096 4663 988
9896 6 16 6826 8969 6421 64 8272
9898 7 127 16256 1024 2 7700 1030 3299
9900 6 12492 4921 1282 258 1024 3282
9902 6 127 16256 1408 1024 256 13315
9904 6 10184 128 2180 11324 2052 3478
9906 7 127 16256 32 6882 4096 4344 4136
9908 7 1387 4965 128 512 672 348 10419
9910 7 127 16256 12760 8 88 16 3597
9912 6 4 512 13420 803 644 14505
9914 7 127 16256 8192 6880 2048 10368 4730
9916 6 5632 9801 1024 3300 5466 4096
9918 6 127 16256 5 261 9804 256
9920 5 11360 2 134 498 4
9922 7 127 16256 8556 1756 2 194 128
9924 5 4096 32 4640 12367 2992
9926 6 127 16256 2560 2624 11714 64
9928 5 6564 9371 16 4116 4
9930 7 127 16256 8194 1 10144 4285 8195
9932 6 88 16 5175 72 8666 2954
9934 6 127 16256 512 13608 8 584
9936 5 256 4096 4679 4356 11170
9938 7 127 16256 5518 32 290 4299 256
9940 6 8240 865 32 16 14414 1468
9942 7 127 16256 10272 14696 8192 32 4247
9944 6 370 642 128 4842 7820 512
9946 7 127 16256 1024 14529 5251 512 1544
9948 7 7258 7457 14113 8192 12290 13701 2
9950 6 127 16256 321 256 4634 65
9952 5 9359 12352 4096 10826 8192
9954 7 127 16256 2228 64 5406 512 4672
9956 6 12458 3433 128 9884 1024 1664
9958 6 127 16256 2 632 67 1
9960 5 15937 2 14 2232 8
9962 7 127 16256 2060 734 2056 4 7648
9964 6 448 9956 128 13426 6569 320
9966 6 127 16256 4 128 4228 6795
9968 5 2020 2127 1 16 2065
9970 7 127 16256 256 4566 2 8817 262
9972 6 14480 32 5580 7715 100 64
9974 7 127 16256 5211 6454 5120 5632 512
9976 6 7052 276 10787 2290 256 16
9978 7 127 16256 2874 133 128 1 10676
9980 6 2096 32 12559 4788 2048 3171
9982 6 127 16256 8 8456 256 11348
9984 4 256 3145 8 8456
9986 5 127 16256 1120 1024 96
9988 5 32 672 512 4333 10130
9990 6 127 16256 2 11944 2562 512
9992 5 16 12609 1024 1552 3238
9994 7 127 16256 4842 2 2048 3074 9577
9996 6 14676 8 9952 10523 128 138
9998 6 127 16256 1024 256 13156 5376
10000 5 1024 9430 5122 2 4778
10002 7 127 16256 1393 4096 256 4356 6346
10004 6 8 8204 14859 6261 1497 4
10006 7 127 16256 4686 4 2681 164 32
10008 6 2789 1030 4 13066 1024 8747
10010 7 127 16256 1 2053 4 7433 847
10012 6 2409 8892 7942 4096 4 5124
10014 6 127 16256 512 4609 3355 1
10016 5 2048 2144 10894 96 4374
10018 7 127 16256 8212 16 10834 3896 8192
10020 6 4805 3875 2 32 162 10396
10022 6 127 16256 192 2407 8192 8384
10024 6 9220 6920 4 8192 475 5957
10026 7 127 16256 32 16 2918 50 12532
10028 6 256 4368 814 1493 14668 16
10030 6 127 16256 1024 16 5065 1104
10032 6 14444 1231 3188 4640 512 32
10034 7 127 16256 9757 16 28 8 13593
10036 6 1664 640 1024 12683 2032 10334
10038 8 127 16256 196 8983 8510 4 64 12716
10040 6 4096 4130 9644 11793 2 10798
10042 7 127 16256 7396 32 176 128 11842
10044 6 4334 1029 4 9875 1024 7064
10046 6 127 16256 1 12064 2048 2177
10048 5 256 262 4220 4637 2
10050 5 127 16256 2048 16 2065
10052 5 16 10803 512 6604 2576
10054 6 127 16256 4616 8 2651 512
10056 5 8565 1 64 13454 69
10058 7 127 16256 15382 9002 128 448 256
10060 6 1024 7024 10405 8 1034 1958
10062 6 127 16256 10081 512 64 578
10064 5 304 11075 32 3612 16
10066 7 127 16256 4 4096 11347 6550 4132
10068 6 1646 3076 10588 4 5029 1024
10070 6 127 16256 16 14086 112 64
10072 6 6595 12381 6702 4096 12289 1
10074 7 127 16256 256 6685 8192 8456 1393
10076 6 128 5779 4 2180 10349 13540
10078 6 127 16256 4901 16 2096 32
10080 5 4096 4431 4108 6610 8
10082 5 127 16256 4352 4864 512
10084 5 11984 256 8 266 4207
10086 7 127 16256 1120 1024 64 415 13633
10088 5 642 2837 2 5484 128
10090 7 127 16256 2048 256 2522 15384 2308
10092 6 2320 2894 1333 256 16 16004
10094 6 127 16256 2113 1 64 3275
10096 5 14666 16 2072 2048 5061
10098 7 127 16256 13577 2 4 518 6425
10100 7 1537 13390 11350 512 6415 12192 1024
10102 8 127 16256 5601 8532 196 64 4 3992
10104 6 2414 1024 10787 128 1168 911
10106 7 127 16256 9457 2113 1 6602 64
10108 6 8 14499 256 4814 5560 776
10110 6 127 16256 9282 1024 2 1154
10112 4 4096 6272 14441 2176
10114 7 127 16256 11459 10721 4164 64 4
10116 7 296 256 12398 14918 12367 32 3971
10118 6 127 16256 512 8712 830 8192
10120 5 4624 4096 1993 16 9398
10122 7 127 16256 4 16 10586 9035 148
10124 6 9841 9123 6272 4096 10511 128
10126 6 127 16256 256 5643 8192 8452
10128 5 4 1030 14424 13154 1024
10130 7 127 16256 4984 32 292 7000 4
10132 6 4096 7400 2 4099 11660 8948
10134 8 127 16256 572 4 1435 1498 8 2060
10136 6 13193 12412 8192 1 8195 1882
10138 7 127 16256 9577 14452 584 8 64
10140 6 14648 1742 256 8734 1312 32
10142 6 127 16256 512 8192 8736 1754
10144 5 2114 8515 64 3182 2
10146 7 127 16256 12416 8192 128 8867 9617
10148 5 11969 2048 6176 4096 799
10150 6 127 16256 532 4 16 9065
10152 5 14616 64 1024 1216 4879
10154 7 127 16256 7076 2 1 6364 8195
10156 6 5278 4715 2308 11139 256 2048
10158 6 127 16256 8192 8706 1513 512
10160 5 15905 8464 256 8192 3754
10162 7 127 16256 128 14792 2178 12860 2048
10164 6 9811 4 12745 14372 32 548
10166 8 127 16256 1024 1032 7181 10887 8 1664
10168 6 16 8 24 5526 2060 10697
10170 8 127 16256 1029 719 2545 1024 16 1040
10172 7 12395 512 520 8 1028 8647 11826
10174 6 127 16256 2048 4 532 2052
10176 4 128 642 11340 512
10178 5 127 16256 4096 5152 1024
10180 5 8192 14897 1494 2048 10244
10182 6 127 16256 4 276 16 757
10184 5 9158 2 15505 2054 4
10186 8 127 16256 274 16 7245 2064 2048 6451
10188 8 576 1568 4754 6810 4096 4104 9585 8
10190 6 127 16256 2048 2561 512 7728
10192 5 1717 8232 12443 8 8192
10194 9 127 16256 2048 6632 2176 65 128 8759 2024
10196 7 64 8260 5781 8530 11624 8192 13410
10198 8 127 16256 5417 131 2 34 32 2515
10200 6 11434 512 4966 12800 7970 4096
10202 9 127 16256 2 5132 13372 16 1536 2870 18
10204 6 13868 14478 1024 32 1184 1893
10206 6 127 16256 584 3146 8 64
10208 4 1024 256 1288 10484
10210 7 127 16256 18 1032 16 13280 2
10212 8 15938 8735 128 1135 8065 160 528 32
10214 8 127 16256 5 1 4 3788 18 12331
10216 7 64 15458 4416 12517 4165 4096 13137
10218 7 127 16256 2048 2080 32 5120 10665
10220 8 2 6 2231 15878 8198 8619 123 4
10222 10 127 16256 544 32 4864 9537 9010 512 5475 4577
10224 6 4144 8192 2266 6112 12288 4096
10226 7 127 16256 64 2518 16 8272 5200
10228 8 2126 9107 64 2 4104 66 13985 7322
10230 8 127 16256 36 4 296 32 14720 2778
10232 6 3381 28 16 14152 32 48
10234 7 127 16256 516 10301 8 136 128
10236 6 64 2048 2112 4566 11944 1026
10238 6 127 16256 1040 96 64 32
10240 3 128 1153 1
10242 7 127 16256 516 72 512 4 740
10244 8 16 8208 375 68 12168 8192 12040 1310
10246 8 127 16256 9114 72 8 4608 64 13845
10248 7 11411 5465 64 2575 8192 8256 10752
10250 9 127 16256 13314 15395 8192 9217 4775 1024 2711
10252 8 3158 13032 1118 2 4459 4128 1026 1024
10254 9 127 16256 4096 2048 11461 8826 1292 1025 6144
10256 7 8276 256 65 3937 4 13858 260
10258 9 127 16256 4096 32 4258 3117 616 269 4128
10260 8 8 8384 64 7888 9157 11052 72 3251
10262 10 127 16256 4224 8192 2048 15622 12846 1494 6492 10240
10264 7 1810 14725 80 513 1 512 13425
10266 9 127 16256 2112 3385 8828 1024 1 1025 2921
10268 9 11970 162 258 256 2 5287 11081 1180 4285
10270 8 127 16256 4096 8 4104 3158 1536 3537
10272 6 1024 256 24 1280 15138 2490
10274 7 127 16256 4096 4104 8704 5786 8
10276 8 2080 998 1028 6857 32 7207 2048 8566
10278 11 127 16256 256 7441 1045 5382 9944 4628 16 272 14212
10280 7 129 2304 9995 1 6949 12467 128
10282 9 127 16256 6852 8 14516 192 1032 10579 1024
10284 7 4116 2064 13970 15401 2048 16 6485
10286 8 127 16256 64 6561 80 902 16 3
10288 6 128 2 130 38 7228 926
10290 9 127 16256 13922 40 8806 32 9827 8 18
10292 8 512 1025 5836 10254 64 576 3568 9763
10294 8 127 16256 68 9814 4608 512 4096 5449
10296 6 10390 64 5216 1600 1024 14176
10298 8 127 16256 4096 256 12066 68 12998 4352
10300 7 13912 4566 1 2049 2048 6373 36
10302 6 127 16256 4096 17 4128 32
10304 5 8510 2048 2058 6144 4096
10306 7 127 16256 3640 82 4 68 64
10308 9 4286 2286 10240 2048 8192 6580 12 2234 9806
10310 11 127 16256 16016 8704 3662 384 2949 256 9997 10314 128
10312 7 16 7452 4104 128 11160 13366 144
10314 10 127 16256 256 64 3529 4283 320 6986 10 2278
10316 10 32 12646 4759 2 34 4097 2711 9805 14529 2955
10318 11 127 16256 4 9513 136 2157 6798 1024 5277 1028 10887
10320 7 4856 1033 2056 2048 13389 8 13475
10322 9 127 16256 512 272 576 8696 5592 64 13972
10324 7 516 72 10319 14729 4 512 1598
10326 9 127 16256 1056 1 10602 6254 3251 4097 4096
10328 8 4970 2 402 8496 8192 10597 320 8194
10330 10 127 16256 6514 20 9 11342 1623 8 3441 1
10332 8 768 512 9216 5738 9392 256 6563 9460
10334 6 127 16256 2048 10368 8064 128
10336 6 1024 12366 128 8194 487 1152
10338 7 127 16256 512 64 576 2203 81
10340 9 32 2173 7814 1026 2733 4128 1451 4096 10511
10342 9 127 16256 640 14922 512 13187 11291 4864 128
10344 7 8 136 1280 13540 3388 9818 128
10346 11 127 16256 10391 8192 8229 8193 10952 52 1 770 4468
10348 8 6254 15398 8192 3976 15505 8224 32 9344
10350 10 127 16256 130 128 4837 98 6826 2 8564 1510
10352 6 1048 127 264 8 13656 256
10354 11 127 16256 32 5025 528 3842 5546 3151 2579 1 33
10356 10 4008 2112 9216 15397 8192 1024 2363 14440 6199 13394
10358 12 127 16256 512 10835 5765 13354 16 1166 11146 528 130 5302
10360 6 10240 32 33 15776 1 8861
10362 9 127 16256 6082 256 4608 13850 128 4124 384
10364 6 8704 13928 2965 1024 4 1028
10366 10 127 16256 7699 506 256 288 12643 528 4788 32
10368 5 1 128 9043 67 129
10370 9 127 16256 8224 604 8712 8192 9804 32 3589
10372 9 513 8938 9356 1927 512 7753 8832 1 6709
10374 8 127 16256 512 4856 544 24 32 14861
10376 7 5230 9216 8192 384 1449 2746 1024
10378 11 127 16256 12433 520 1 12830 4667 129 809 128 9834
10380 8 1 8621 3641 5602 6685 5 24 4
10382 8 127 16256 1028 6021 1 16 3414 17
10384 7 128 6194 5793 12941 5248 512 640
10386 10 127 16256 258 5848 1570 2 3427 12576 5276 256
10388 9 7183 64 12860 128 192 520 2222 13060 9048
10390 8 127 16256 16 144 9027 128 6860 576
10392 8 12288 9518 4096 12379 8192 11545 8629 8464
10394 9 127 16256 8704 10451 15012 8192 13068 512 4352
10396 10 48 702 16 1042 3528 32 7449 5235 12162 5779
10398 9 127 16256 8777 998 4473 5120 4096 4609 1024
10400 6 8192 8938 128 3116 1028 8320
10402 11 127 16256 14729 8606 8 4096 8208 956 11352 597 4104
10404 9 8886 530 256 768 4151 5489 512 12593 3642
10406 12 127 16256 200 5985 4424 256 13513 7196 288 9068 11296 32
10408 9 8684 1545 2048 7680 85 1896 2052 6325 4
10410 11 127 16256 12426 8208 15640 1488 8265 8192 11104 15042 16
10412 8 80 16 8684 64 10484 4626 5513 8241
10414 10 127 16256 11844 8452 4096 6144 9802 2048 9752 4641
10416 7 13040 9433 1536 512 647 8320 1024
10418 9 127 16256 6298 512 6144 2833 520 7522 8
10422 11 127 16256 4 2176 6186 10391 7825 16 2205 14152 20
10424 7 4096 12066 2064 4224 11440 7693 128
10426 9 127 16256 64 133 1088 6152 10762 6541 1024
10428 9 2483 824 6144 4096 5697 1025 2048 10542 14208
10430 11 127 16256 2048 13112 3488 10240 1100 7717 10243 8192 6753
10432 6 1024 11084 12168 1028 4 8704
10434 9 127 16256 65 4476 2710 64 7312 1 2176
10436 9 1198 12289 10694 4216 1024 2880 1056 1633 32
10438 8 127 16256 5257 260 256 5120 15009 4
10440 7 4221 5459 4096 10019 2 257 4098
10442 7 127 16256 1 64 108 65 10243
10444 10 13976 64 12616 10051 4104 7512 2048 2112 12674 2855
10446 11 127 16256 8 12343 6433 12942 2056 7192 2366 712 2048
10448 7 64 10072 15619 2048 2112 3202 8228
10450 11 127 16256 12675 405 737 10616 3796 128 4 5256 132
10452 9 8591 1024 1026 2958 10342 12 5454 12469 2
10454 10 127 16256 1296 2979 9818 2177 3150 8 2 10
10456 8 15234 2596 1 4711 64 2308 1608 65
10458 11 127 16256 256 10466 272 585 16 12401 10838 10535 72
10460 10 4196 66 14916 3091 5592 542 2 5345 64 14662
10462 8 127 16256 12815 8 2048 8226 2569 2056
10464 6 3658 8192 2058 2048 1464 10240
10466 9 127 16256 160 3661 14152 265 128 518 32
10468 9 2199 2304 2048 2836 256 530 9761 1154 6505
10470 10 127 16256 2048 8791 3072 8367 988 2818 1024 12320
10472 8 5317 144 8428 128 11944 16 8256 10355
10474 11 127 16256 1 9017 8320 1807 13472 4097 4096 10122 4532
10476 9 8482 512 3970 778 256 877 768 1377 13744
10478 10 127 16256 11817 36 11433 10 3214 4 32 10781
10480 6 8200 16 9611 17 1 8318
10482 9 127 16256 8344 12581 1040 16 14442 1024 4369
10484 8 1323 13922 5969 2 3532 264 128 130
10486 12 127 16256 3148 6549 7683 1024 5120 134 12851 4096 14561 8260
10488 8 4841 4 5574 1664 12 10496 12716 8
10490 10 127 16256 481 1024 13411 8 2113 11142 8336 1032
10492 9 3992 8385 4 12044 132 5715 11300 6282 128
10494 11 127 16256 6147 5444 1331 10851 32 4128 4096 5294 9064
10496 5 128 6405 192 4164 64
10498 11 127 16256 8193 12445 7842 602 6048 1 481 320 8192
10500 9 2048 6610 128 2176 2348 9881 12641 2336 5261
10502 10 127 16256 541 5788 1284 10984 2 448 1 3
10504 7 4924 64 137 3245 4096 4160 12864
10506 9 127 16256 205 4200 4104 5241 8 292 4096
10508 10 3722 1270 12656 1176 520 14533 646 15457 8 512
10510 9 127 16256 64 1024 4203 21 2688 5709 1088
10512 8 5634 14913 12580 96 64 177 15144 32
10514 10 127 16256 5256 8192 9896 1 6628 773 8193 13346
10516 10 9998 4097 9938 1 199 2171 14538 4096 290 130
10518 10 127 16256 512 7244 11072 11587 1536 1024 13344 8868
10520 9 528 8897 1465 10474 4626 15401 288 32 256
10522 9 127 16256 32 48 9234 10772 8241 13612 16
10524 10 11318 512 5006 525 4161 528 4865 8673 16 2651
10526 11 127 16256 437 3729 9035 4096 2 4098 14624 5130 346
10528 7 4446 10550 128 144 16 184 4180
10530 7 127 16256 8292 66 64 2 10370
10532 9 1028 8 64 9558 11105 5461 494 72 1551
10534 10 127 16256 8261 6194 8866 4096 8192 12901 12288 9305
10536 9 4096 8280 5281 12642 1048 12739 684 512 4608
10538 9 127 16256 4494 2048 10240 5784 4608 14857 8192
10540 9 1 3586 10571 10264 1060 482 4096 13201 4097
10542 10 127 16256 1044 12688 2 2722 2048 2050 8336 10953
10544 7 8200 8280 12438 2200 10535 8192 8
10546 9 127 16256 5024 6412 4941 9280 8 40 32
10548 9 1784 6671 2080 13536 32 10882 10601 8194 2048
10550 10 127 16256 8 11012 520 512 2478 1352 3603 1209
10552 8 4898 4712 512 2 514 4130 9460 2168
10554 11 127 16256 1061 1256 32 4841 4096 4128 6028 12513 7684
10556 9 12418 11880 12776 4 10643 4102 2048 2052 5523
10558 8 127 16256 16 2064 515 2048 8960 12294
10560 7 128 2306 1152 2830 1154 1190 1024
10562 10 127 16256 6177 2048 401 9960 64 15430 6736 2112
10564 9 8752 512 12914 640 2433 9773 128 295 13108
10566 12 127 16256 4 9390 7432 8200 10776 1435 16 20 11554 3395
10568 9 3599 12 2128 356 11560 8 3229 4 1630
10570 10 127 16256 12548 6028 10 14354 393 8368 2 8
10572 9 13112 1024 2068 3308 78 2 1026 619 11338
10574 8 127 16256 32 10241 1024 1056 11040 84
10576 8 16 18 4616 2 1055 1080 2996 10356
10578 11 127 16256 9305 576 64 2123 5005 4699 9154 2832 512
10580 10 3072 15128 5386 8316 5140 2048 736 3223 1024 1514
10582 10 127 16256 5232 32 4096 10036 2060 10786 4128 15712
10584 7 128 7685 289 12649 136 5250 8
10586 11 127 16256 4123 12467 4 6 10264 2 8983 9610 2368
10588 9 10255 1024 512 7512 6884 1536 3 1627 583
10590 10 127 16256 648 5664 64 4160 9633 4835 4096 6315
10592 6 32 264 33 6953 8600 1
10594 9 127 16256 10327 4928 66 2 64 6145 1801
10596 9 696 5005 15044 8 2475 2048 2056 9240 145
10598 11 127 16256 4194 11106 2048 2951 6266 2112 4240 64 3786
10600 8 128 8636 32 2564 9626 12483 160 10432
10602 10 127 16256 4096 14676 4100 7842 8263 4 2690 5264
10604 9 32 1760 300 40 7309 8 6683 10330 13084
10606 10 127 16256 8704 10377 4586 5401 979 512 8192 136
10608 9 8196 14363 5268 8192 11075 6669 9760 4 6661
10610 10 127 16256 624 762 453 64 512 8346 5772 576
10612 9 1032 11848 8 1024 7505 15362 11781 270 7334
10614 10 127 16256 13617 136 128 8 779 3 9622 7828
10616 8 8192 2612 9223 11496 512 8704 4868 5180
10618 9 127 16256 72 9568 1056 7570 8 64 12536
10620 9 8264 2370 5655 10872 1024 13714 2 1026 12956
10622 10 127 16256 5642 5536 9586 8 10 2 12352 8483
10624 7 2048 5700 2 10432 2050 321 5777
10626 11 127 16256 9373 9799 9352 4690 64 9877 8 1353 72
10628 10 6402 3162 7717 4096 1380 556 13699 6144 2048 4314
10630 10 127 16256 64 7408 1824 5382 596 13832 68 4
10632 8 48 10379 7058 16 4756 32 2818 5408
10634 8 127 16256 5384 4128 32 4096 4400 10961
10636 10 8342 10251 16032 1067 722 2521 2705 2 1 3
10638 8 127 16256 2176 128 2465 5970 33 2048
10640 8 256 3160 55 2304 325 858 14884 2048
10642 11 127 16256 8377 9420 256 1162 1 257 2225 608 1842
10644 9 7747 8365 4 704 12721 3232 1028 1024 8946
10646 10 127 16256 8193 100 1 552 11411 8192 8765 15656
10648 8 3278 32 12856 4310 288 2184 256 6192
10650 11 127 16256 5522 6022 2817 528 268 5504 2231 512 16
10652 9 12677 9518 2346 8713 8 2965 13126 12 4
10654 10 127 16256 13448 3072 3233 14944 10384 144 2048 1024
10656 7 2081 16 18 6148 2 4833 4540
10658 12 127 16256 64 139 1331 128 4765 3976 9440 8681 192 12340
10660 10 2066 10278 4096 2060 3682 12518 4097 15890 9099 1
10662 8 127 16256 48 11060 4224 128 4096 306
10664 7 256 2115 11202 4193 1 862 257
10666 9 127 16256 12430 2370 8628 256 272 409 16
10668 9 10361 64 4 8389 14090 2083 68 4388 12176
10670 8 127 16256 1281 2048 128 6556 5280 2176
10672 7 14468 2307 1637 730 260 4 256
10674 9 127 16256 12737 256 264 1162 8915 8 4930
10676 10 3456 8474 4096 2681 1080 2482 13897 4510 4112 16
10678 10 127 16256 2 2050 10968 10277 2048 1044 5340 14528
10680 8 7309 8200 8192 3430 8 5385 10260 940
10682 11 127 16256 12288 8192 2449 8544 4944 6826 4096 14924 113
10684 9 2366 5 13313 8996 4 6708 9712 1 5929
10686 12 127 16256 1124 7491 1032 3704 4427 10282 8 1024 14625 15122
10688 6 3908 2117 2193 2048 6144 4096
10690 10 127 16256 1177 1 512 10132 6664 9157 513 312
10692 8 14501 394 1608 4224 9476 4096 1302 128
10694 10 127 16256 2048 1294 204 2112 64 6548 1451 10529
10696 8 11027 12451 256 8 2848 2413 2114 264
10698 9 127 16256 8432 136 650 8 7225 128 4849
10700 9 6213 10336 64 128 10136 1994 1465 192 9866
10702 10 127 16256 8720 6330 8242 264 256 610 63 8
10704 7 11496 12561 18 2 16 257 8633
10706 9 127 16256 1024 16 1040 1172 2163 14486 4186
10708 9 8 11384 3475 12 4 8468 5379 10317 2708
10710 10 127 16256 8192 13096 4173 1882 12288 4096 9448 5280
10712 7 7200 8192 1024 301 9216 8978 15752
10714 9 127 16256 294 4098 4096 2 10788 1158 3357
10716 9 7500 9216 8230 8463 1024 5042 74 11593 8192
10718 8 127 16256 12409 9216 4240 8192 4354 1024
10720 6 9061 2096 4224 4096 128 1552
10722 9 127 16256 1812 2048 4 5315 14658 200 2052
10724 9 1 10268 11537 4496 17 1388 16 9011 4794
10726 8 127 16256 144 2321 13444 11922 16 128
10728 7 1541 2260 1 128 4186 4064 129
10730 10 127 16256 5222 672 8267 8 4104 4096 381 1889
10732 8 8 24 6822 5160 4658 2395 9265 16
10734 10 127 16256 1024 8 1032 10467 1107 212 8335 2178
10736 7 790 1064 256 6340 768 512 5921
10738 11 127 16256 2 4488 4098 4096 5713 2204 1136 7008 6810
10740 10 1028 8561 1024 4421 3622 266 4 14390 13961 5940
10742 10 127 16256 2048 8838 1849 4 4239 280 12815 2052
10744 8 14737 10129 4364 8224 32 1059 8934 8192
10746 9 127 16256 9601 256 8192 363 8448 6342 4400
10748 8 32 5354 2288 8 8203 40 15184 4525
10750 10 127 16256 5779 11300 3477 1192 1088 1024 64 7452
10752 5 4160 41 4096 52 64
10754 11 127 16256 3659 919 192 64 128 10752 6866 15617 4492
10756 9 8004 6273 5792 12932 7888 4096 2 4098 1451
10758 10 127 16256 7170 2 4675 18 4609 462 5532 16
10760 9 32 13069 3432 10529 160 5546 1792 128 3089
10762 10 127 16256 10208 6352 2048 1024 14224 3072 3655 11265
10764 8 288 10437 4904 1311 256 82 6497 32
10766 8 127 16256 4 4100 9600 2209 4096 3328
10768 6 8192 3264 1024 8732 13835 9216
10770 9 127 16256 256 10984 9478 2786 384 128 389
10772 8 576 4705 64 4918 204 512 10887 5554
10774 8 127 16256 32 8224 12901 577 8192 8266
10776 8 13637 10568 8 6490 1024 11504 1032 5252
10778 10 127 16256 6542 32 174 7938 4400 1 12423 33
10780 8 32 14632 196 16 10405 1800 48 4314
10782 10 127 16256 4168 8192 8193 11144 8406 12962 4755 1
10784 6 8704 6912 9440 14531 512 8192
10786 9 127 16256 512 2340 1177 2560 1198 2048 590
10788 10 128 4358 15634 7461 10676 4 132 1756 118 2992
10790 10 127 16256 4626 8224 4300 5908 8192 32 1718 2656
10792 8 1474 2 4622 8192 3429 8194 78 11283
10794 9 127 16256 12512 128 646 10980 32 160 13850
10796 8 1670 10373 65 1 9017 1220 64 7233
10798 8 127 16256 16 2691 4112 1554 4280 4096
10800 6 512 612 4608 4096 14786 13840
10802 9 127 16256 3344 2147 4245 3072 1024 7701 2048
10804 9 2677 2283 8707 9337 2112 2048 7498 8324 64
10806 8 127 16256 8518 4096 2059 477 2 4098
10808 8 9378 256 1280 10356 11280 8907 1024 3205
10810 9 127 16256 6724 1766 8211 128 8320 2384 8192
10812 9 4104 9359 11568 416 9062 4096 8 743 7234
10814 9 127 16256 8234 3861 1 64 65 6720 9649
10816 7 13636 2049 4370 2048 10880 1 7732
10818 9 127 16256 215 6544 4128 32 353 4096 14859
10820 8 13064 256 5686 11399 6404 384 9548 128
10822 9 127 16256 7817 32 12306 8 40 6950 8452
10824 7 64 227 68 4609 8346 7462 4
10826 9 127 16256 132 13412 2368 4 128 8424 6325
10828 9 8608 16 2282 7362 528 512 2060 14661 3865
10830 8 127 16256 256 512 6826 6657 768 466
10832 7 16 8228 2150 4112 667 4096 5416
10834 9 127 16256 4096 2320 4098 5698 5922 6050 2
10836 10 5272 93 5475 32 288 900 7242 10571 10267 256
10838 9 127 16256 2320 13602 4100 4 4096 16016 4623
10840 8 2 9129 1486 10 11430 1676 8 4680
10842 9 127 16256 198 4622 1 8 9 7269 2092
10844 9 40 5413 32 10868 8283 4225 12416 11156 8
10846 8 127 16256 2 2338 8 10 6251 4292
10848 6 12563 128 4688 1288 32 160
10850 10 127 16256 256 8516 64 3608 15041 8425 320 7828
10852 9 64 4096 9757 7074 145 4160 14978 2633 3284
10854 10 127 16256 5104 4610 11301 12162 2048 2961 2056 8
10856 8 7944 10759 593 9633 1 14690 32 33
10858 9 127 16256 4546 4112 7873 5252 16 3873 4096
10860 10 685 4 10355 5 12097 6795 12932 6022 1 2432
10862 8 127 16256 4353 6659 4 2048 812 2052
10864 7 8476 8193 14388 3136 1 8192 3690
10866 7 127 16256 2 2432 5131 8 10
10868 10 15636 2514 10396 8208 8192 2618 4132 16 191 2917
10870 8 127 16256 256 9398 10498 525 64 320
10872 8 4 13843 4162 1229 1024 1028 1322 6380
10874 9 1040 13414 4 4939 2052 8908 11444 2048 1076
10876 9 7320 3696 610 1 339 10253 1025 6096 1024
10878 10 127 16256 5512 8192 128 8320 8440 13432 2128 2383
10880 5 16 8473 10432 8192 8208
10882 9 127 16256 5286 16 256 272 4432 2409 1482
10884 8 1024 1032 8 10581 1349 3246 5675 1232
10886 8 127 16256 128 192 64 6593 8772 12489
10888 8 4097 4096 8630 11027 13377 9239 1 1284
10890 9 3222 4096 2001 12288 5450 8364 8458 8192 14382
10892 8 265 2048 2080 32 13484 724 2471 2245
10894 9 127 16256 265 8224 32 8192 12709 8672 4342
10896 7 4345 514 2 8740 13474 512 8337
10898 8 127 16256 5140 8688 256 260 4 4271
10900 8 9766 1024 6357 15746 568 3072 2048 11776
10902 9 127 16256 8484 11280 33 9430 505 32 1
10904 8 6191 256 8813 5000 4122 264 8 1142
10906 9 127 16256 1824 2 32 8350 34 12469 6671
10908 8 8 512 7046 9777 1264 3159 8520 520
10910 8 127 16256 6 4 234 13354 304 2
10912 6 9297 64 14347 4 68 10500
10914 9 127 16256 1474 1 10556 2121 8193 13128 8192
10916 9 5333 8 13326 6508 2048 5227 9099 10432 2056
10918 9 127 16256 36 9351 836 32 2250 4 7041
10920 7 8981 128 952 6953 132 198 4
10922 9 127 16256 4112 160 11584 32 3187 6160 128
10924 9 1 12514 10637 14904 13335 3208 128 129 10160
10926 8 127 16256 5793 4112 4096 119 16 12360
10928 6 5120 4181 1024 9562 4096 4752
10930 9 127 16256 1152 3428 1024 12868 8360 1261 128
10932 8 2159 5900 2048 2050 644 2 10904 10433
10934 9 127 16256 4096 8804 262 10357 32 8207 4128
10936 7 452 15626 1152 128 4909 5896 1024
10938 9 127 16256 144 16 9261 8848 3340 128 9667
10940 8 4570 65 3717 64 1479 8233 1941 1
10942 8 127 16256 8 300 136 725 128 7203
10944 6 5184 8192 8224 10694 32 11297
10946 9 127 16256 320 2143 10344 64 256 9288 4562
10948 7 3304 14089 14988 8 22 1032 1024
10950 9 127 16256 4444 2056 8 13524 2048 4811 2464
10952 8 9402 4 4096 5001 13124 4100 9232 14784
10954 9 127 16256 64 3842 10581 8 4342 72 5132
10956 8 11909 6360 8675 16 64 1034 10281 80
10958 10 127 16256 4096 4097 14930 1 296 6435 5262 1450
10960 6 177 606 14355 1 5 4
10962 9 127 16256 16 1040 1024 5329 12664 1856 5724
10964 8 6360 8560 2048 2064 16 8449 6926 1582
10966 10 127 16256 3142 10004 14614 3330 1024 9216 8192 4774
10968 7 4617 24 5746 8 8538 9351 16
10970 9 127 16256 8547 4 13466 6 1220 2 11545
10972 8 5263 2 32 10243 34 8291 15110 9336
10974 8 127 16256 258 2 5074 2827 12560 256
10976 6 10260 5 199 10868 1 4
10978 9 127 16256 4104 585 8529 8 7716 3768 4096
10980 6 8192 8 8200 2954 8721 13414
10982 8 127 16256 2112 64 2572 2048 13397 12521
10984 7 5156 9817 1036 128 32 9602 160
10986 9 127 16256 2080 6408 9733 6866 32 12636 2048
10988 8 404 1900 256 14978 13393 16 272 9829
10990 8 127 16256 1873 1060 13092 8208 16 8192
10992 7 1125 257 256 4464 11202 302 1
10994 9 127 16256 8 2224 15106 8929 128 136 434
10996 8 8192 13122 3300 1842 12298 8763 8448 256
10998 9 127 16256 1536 8555 5898 1024 12980 512 10816
11000 7 4096 19 16064 4104 8 1380 13636
11002 9 127 16256 344 16 2899 4112 1578 4096 2462
11004 9 14978 1024 1468 2413 610 10830 2 1026 10648
11006 8 127 16256 512 6470 8714 12806 4608 4096
11008 5 8192 1024 9216 517 8297
11010 7 127 16256 129 128 848 1 100
11012 7 392 5174 15169 2982 4 2048 2052
11014 8 127 16256 7431 9226 4709 32 40 8
11016 7 6356 8224 13837 385 32 8192 10566
11018 7 127 16256 15394 388 1024 2 1026
11020 6 4 10348 16 20 6851 5392
11022 8 127 16256 2 8192 2612 14862 4360 8194
11024 6 64 2032 8840 8 72 4691
11026 7 127 16256 12849 8193 8192 1 448
11028 8 64 1248 435 10835 96 32 1996 12722
11030 8 127 16256 12552 1419 136 14342 8 128
11032 7 512 9894 528 305 3613 16 4828
11034 9 127 16256 96 582 64 32 1001 8684 1339
11036 7 256 9987 14450 4352 4737 6860 4096
11038 10 127 16256 8662 512 13398 1545 4331 4096 191 4608
11040 6 1024 7195 1056 32 2180 5443
11042 9 127 16256 4346 3072 1365 1186 1024 2048 8735
11044 8 8 860 2048 3599 13395 8832 13496 2056
11046 8 127 16256 3512 12350 264 1548 256 8
11048 6 8 9170 108 9 13333 1
11050 8 127 16256 12098 2112 64 8480 2048 4770
11052 8 544 13889 32 8336 8539 512 2203 7842
11054 8 127 16256 7564 534 130 6223 2 128
11056 7 8577 2048 2176 11034 128 1524 4346
11058 7 127 16256 11292 194 17 16 1
11060 7 6737 8193 3288 8192 12582 13056 1
11062 8 127 16256 2048 5003 1 10753 2049 5350
11064 7 15412 128 8621 8 136 4817 10264
11066 9 127 16256 2216 128 9882 10806 16 144 618
11068 8 16 4207 13461 128 144 2956 15875 8848
11070 8 127 16256 978 6196 5127 4096 4098 2
11072 5 8717 128 1152 2320 1024
11074 7 127 16256 8480 4096 8 13890 4104
11076 8 13202 128 8706 1370 12325 2176 2048 7080
11078 8 127 16256 4096 12583 32 2352 4128 3853
11080 6 512 576 2238 3592 14660 64
11082 9 127 16256 2048 6453 4879 2307 256 2304 2838
11084 7 7698 8196 9652 8317 8520 4 8192
11086 8 127 16256 32 1953 8192 1216 1865 8224
11088 7 32 14605 8224 14929 8553 8192 1128
11090 8 127 16256 4687 8192 2419 14400 8194 2
11092 8 32 160 5319 128 15874 5689 1493 524
11094 8 127 16256 4096 2761 4224 128 12745 4193
11096 8 128 10808 192 470 64 2248 3129 3848
11098 8 127 16256 4096 4224 8344 3017 128 4414
11100 8 10696 512 6451 4116 12164 513 1 10542
11102 8 127 16256 10066 14456 515 8208 8192 16
11104 6 6658 2112 64 4111 3880 2048
11106 7 127 16256 2 2107 3 549 1
11108 8 9926 8256 3467 441 8192 515 64 7512
11110 8 127 16256 4100 4 4096 4358 9065 14634
11112 6 13846 8384 514 2 4411 512
11114 7 127 16256 72 64 836 8 10395
11116 7 5578 1 14097 9728 2228 2 3
11118 8 127 16256 32 2309 1 2538 7450 33
11120 6 6315 4096 776 2048 11411 6144
11122 8 127 16256 512 7618 4096 4608 1898 9024
11124 9 2053 5403 1026 8408 2 10728 6385 3623 1024
11126 8 127 16256 2282 4 9809 6 8722 2
11128 6 12446 3625 9344 32 16 48
11130 9 127 16256 160 2501 128 32 772 6453 14020
11132 6 13635 8192 8208 2100 16 974
11134 8 127 16256 10349 4096 3084 6144 2048 13962
11136 5 2049 2048 5197 4368 1
11138 7 127 16256 164 10276 9216 1024 8192
11140 7 537 10428 8192 8208 6082 2993 16
11142 8 127 16256 1821 8322 320 10887 256 64
11144 7 14948 15808 2 1026 2338 1024 758
11146 7 127 16256 512 640 128 49 4526
11148 8 7811 1 3190 128 129 4516 276 9676
11150 9 127 16256 8192 5653 8208 12674 3448 16 1094
11152 6 290 3749 512 128 14436 640
11154 7 127 16256 4 271 512 2062 516
11156 8 324 5120 3698 11090 13641 1024 4998 4096
11158 8 127 16256 4872 512 8704 9325 8192 5864
11160 6 64 8340 192 128 764 16192
11162 8 127 16256 3638 1824 512 256 768 15752
11164 8 256 15373 1578 32 4826 288 8738 8002
11166 6 127 16256 64 12808 8256 8192
11168 5 512 520 612 8 15500
11170 7 127 16256 1 513 14732 512 5136
11172 7 1060 2 2048 11913 13368 2050 4342
11174 10 127 16256 12315 1024 5888 5120 435 4096 13714 14145
11176 6 2174 7972 64 8289 72 8
11178 9 127 16256 4 49 6762 5281 2 6 2352
11180 9 4128 10118 32 4096 499 8361 6302 3978 7428
11182 8 127 16256 32 2051 16 5957 9619 48
11184 6 1152 2434 128 12547 1024 6828
11186 9 127 16256 64 14632 32 7208 1906 96 8580
11188 8 2143 1024 1 14465 13384 6925 13488 1025
11190 8 127 16256 22 10032 3800 8 128 136
11192 6 8 256 9841 4102 7904 264
11194 7 127 16256 8707 1 9 9586 8
11196 6 1032 6795 290 8 1024 9573
11198 6 127 16256 4 36 6240 32
11200 5 4008 5132 1024 4096 5120
11202 7 127 16256 10528 16 48 6540 32
11204 9 512 9954 13874 2560 2284 14345 1799 2677 2048
11206 9 127 16256 64 96 2817 1424 32 13448 5523
11208 7 4096 13448 8715 4663 4 4100 3138
11210 7 127 16256 260 4 9050 3200 256
11212 8 4755 13900 20 2342 15881 2149 16 4
11214 8 127 16256 9802 8720 2048 10948 128 2176
11216 6 594 11561 4096 6731 4608 512
11218 7 127 16256 3974 1024 8 1032 7296
11220 8 1024 10825 8712 1025 10053 2711 5165 1
11222 9 127 16256 2515 8225 2048 3072 11555 15016 1024
11224 7 3749 5124 6423 16 1 1101 17
11226 8 127 16256 9273 1024 1152 128 4935 5888
11228 7 12916 6683 12288 52 8066 4096 8192
11230 8 127 16256 512 8409 2048 8336 2560 3938
11232 5 134 8192 1521 8704 512
11234 11 127 16256 5317 288 32 3285 1252 256 12323 11860 1190
11236 8 9247 512 4096 10764 4608 5864 7558 805
11238 8 127 16256 7556 1024 3856 12356 1280 256
11240 6 3100 72 8 6752 64 12746
11242 9 127 16256 4 562 1024 1028 14083 3704 9289
11244 7 9606 4944 512 8 2097 520 4969
11246 9 127 16256 12333 257 256 11029 1 13696 4614
11248 6 13852 8490 4096 4179 8192 12288
11250 9 127 16256 245 1569 2 16 12820 18 10693
11252 8 4096 8593 256 7848 6485 4352 9608 8463
11254 8 127 16256 8938 1088 64 14873 11776 1024
11256 6 4873 4096 4112 6626 13456 16
11258 7 127 16256 128 8 136 8382 10752
11260 8 12641 33 2412 1 6806 9237 32 6789
11262 8 127 16256 4096 12334 12288 8192 8866 2152
11264 4 32 5132 36 4
11266 7 127 16256 6754 4192 256 16 272
11268 8 8 7825 16 1321 10560 24 2711 8552
11270 8 127 16256 3285 5120 4096 1217 361 1024
11272 8 2294 1864 8192 338 15112 8193 2578 1
11274 9 127 16256 12 8577 12851 790 1686 8 4
11276 8 3157 8 72 2279 7536 14602 653 64
11278 8 127 16256 8497 1682 80 16 64 4537
11280 6 8656 13365 8256 2565 64 8192
11282 9 127 16256 8770 144 16 9014 12567 128 9632
11284 8 12312 1024 6318 1056 32 1550 14673 1702
11286 10 127 16256 4417 16 13217 48 5484 941 32 4156
11288 8 1760 4352 4096 12327 12652 14505 256 2325
11290 10 127 16256 3840 16 6978 10853 8208 8192 14472 6828
11292 8 14210 7536 8 2218 2957 24 16 3856
11294 9 127 16256 3113 1 10864 12676 33 883 32
11296 5 68 1070 961 64 4
11298 7 127 16256 5386 1025 1024 6164 1
11300 7 2376 32 48 3217 10021 16 5271
11302 8 127 16256 3878 4096 8 1129 4104 4389
11304 7 11012 1028 4 3018 13444 2296 1024
11306 9 127 16256 8 8451 3629 10830 8281 12 4
11308 8 12098 8320 128 274 6222 3907 8634 8192
11310 8 127 16256 2056 3361 8 8710 2048 4001
11312 6 2 1 3 1570 14442 3635
11314 7 127 16256 4096 9510 4608 512 5378
11316 8 16 4497 11462 48 8504 32 14546 10810
11318 8 127 16256 4096 8268 6439 5120 4485 1024
11320 7 10411 48 32 5657 1362 2992 16
11322 8 127 16256 1416 512 15140 2588 8704 8192
11324 8 6163 16 2289 272 8844 256 1715 5962
11326 9 127 16256 2048 2080 1920 32 15536 7880 13824
11328 5 2069 10457 4100 4 4096
11330 9 127 16256 14866 6377 1024 32 12452 1056 173
11332 8 3689 117 5536 11489 4112 16 1870 4096
11334 9 127 16256 839 9301 2048 9003 2052 3744 4
11336 7 8 8192 7186 7305 4188 8200 10596
11338 8 127 16256 13466 103 256 2304 2048 2055
11340 8 13032 1335 379 1204 3072 2048 13442 1024
11342 8 127 16256 3348 128 2048 8890 1236 2176
11344 6 16 7281 24 8 6208 14114
11346 9 127 16256 8 1648 13574 1032 1500 6022 1024
11348 8 4352 15490 4096 4413 256 9160 6692 10446
11350 10 127 16256 132 9230 4 13416 128 2349 6380 12770
11352 8 4482 33 11793 12396 12737 9114 1 32
11354 8 127 16256 256 12939 1301 2 258 10593
11356 8 9409 256 1 5738 14210 257 3382 10320
11358 9 127 16256 2248 3349 272 8590 16 12192 256
11360 6 1024 9026 14464 1536 512 9450
11362 9 127 16256 2064 2048 8566 4386 16 3364 3750
11364 8 6733 16 1040 10280 13339 1024 10514 4064
11366 8 127 16256 2304 3280 2048 14422 256 2225
11368 7 14409 2112 3056 2048 64 15489 716
11370 9 127 16256 6964 6204 2048 3162 1 3142 2049
11372 8 5056 32 4096 12941 4128 498 5958 11270
11374 8 127 16256 2048 12640 2049 6850 1 301
11376 6 256 12580 1864 8192 8448 5834
11378 7 127 16256 80 16 2648 2563 64
11380 8 8541 9323 8 14606 249 3618 1024 1032
11382 10 127 16256 2721 6658 3589 144 128 16 10856 6439
11384 6 4402 2377 11812 32 4 36
11386 9 127 16256 1797 4096 4097 12875 2500 1 14936
11388 8 1 7076 4945 4097 14918 5179 4096 9360
11390 8 127 16256 512 946 12370 528 8351 16
11392 5 1045 512 640 4646 128
11394 9 127 16256 13082 34 14672 32 1892 6696 2
11396 9 2214 1520 4698 13420 8192 2070 5057 8200 8
11398 8 127 16256 512 8269 514 2659 2 5896
11400 7 96 9868 6417 64 32 2065 3228
11402 9 127 16256 12850 6144 11527 2048 4096 13492 3170
11404 7 28 2364 32 3659 13193 34 2
11406 8 127 16256 4706 1386 10826 192 64 128
11408 6 320 256 13514 64 4516 10532
11410 9 127 16256 217 192 128 2836 64 5305 13921
11412 8 1199 1850 130 128 8904 10897 2 4837
11414 8 127 16256 2 5361 8739 2695 4096 4098
11416 7 3117 2112 5211 2048 64 10072 8644
11418 9 127 16256 867 544 8407 1049 32 512 13040
11420 8 48 1163 8308 16 32 3444 5260 7106
11422 8 127 16256 1025 1024 898 14785 1 464
11424 6 264 11786 8 256 10537 6916
11426 7 127 16256 4178 256 8192 13322 8448
11428 8 5048 4096 3385 64 14600 4160 4333 5651
11430 8 127 16256 5797 256 4576 4241 2048 2304
11432 7 2080 10010 12385 2048 8504 5841 32
11434 8 127 16256 8 4209 264 5388 256 942
11436 9 2505 512 4096 1431 1314 4969 5397 10544 4608
11438 8 127 16256 1056 1473 32 3736 10267 1024
11440 6 2274 4 8192 9392 11017 8196
11442 9 127 16256 11728 10818 1026 10117 9906 2 1024
11444 7 8224 2486 8192 32 4219 13128 1285
11446 8 127 16256 32 9480 3696 4096 4128 4439
11448 6 256 6467 12960 512 5272 768
11450 9 127 16256 2048 9937 3252 10776 5290 2304 256
11452 8 32 10025 3756 7632 4774 1585 128 160
11454 7 127 16256 256 257 8363 342 1
11456 6 828 32 8452 10052 64 96
11458 7 127 16256 128 1732 1325 129 1
11460 8 14890 80 12854 6422 64 8360 6601 16
11462 8 1 9068 2049 2680 2718 7315 15392 2048
11464 7 424 4096 10533 2288 4100 4 13928
11466 7 127 16256 4096 4104 7684 12600 8
11468 6 544 5304 9011 512 2117 32
11470 8 127 16256 64 8 54 6412 14603 72
11472 6 1888 513 14601 1 12970 512
11474 9 127 16256 7716 8200 8 8269 1273 9460 8192
11476 7 2883 6362 2 15497 182 64 66
11478 8 127 16256 3233 10018 1024 4921 9216 8192
11480 7 2304 8354 7762 256 2857 4345 2048
11482 8 127 16256 10373 9987 32 128 160 7322
11484 8 4096 3476 4 4100 4972 422 8995 14018
11486 8 127 16256 2444 6535 13604 4 2 6
11488 6 3205 8550 128 160 32 10978
11490 9 127 16256 8539 8362 8 8267 9350 24 16
11492 7 9528 2048 8192 4165 12341 10240 7814
11494 8 127 16256 128 1514 16 144 9765 10434
11496 6 4438 2209 3595 8208 16 8192
11498 7 127 16256 2048 2649 2304 10262 256
11500 8 8413 6604 1024 14988 298 1040 9425 16
11502 8 127 16256 12488 256 512 768 5442 10857
11504 6 1924 32 8192 10936 1137 8224
11506 7 127 16256 3075 80 64 16 4913
11508 7 9066 36 4 32 1335 1336 6800
11510 8 127 16256 4096 1024 1230 12449 5120 8874
11512 6 12681 4151 7696 128 1024 1152
11514 9 127 16256 32 3481 33 1 445 1588 15410
11516 8 8788 9792 3493 32 2 9371 4271 34
11518 8 127 16256 4128 2922 4096 3204 32 13603
11520 5 256 3552 1120 768 512
11522 7 127 16256 640 2661 4268 512 128
11524 7 6194 9132 4128 4096 32 1243 12390
11526 8 127 16256 64 5280 6254 80 6536 16
11528 6 6821 256 11842 1280 1024 5393
11530 7 127 16256 13058 3107 512 128 640
11532 7 1706 8537 15041 72 64 8 5404
11534 8 127 16256 1025 4629 1 1024 6769 2668
11536 6 6528 1024 64 1088 1227 14048
11538 7 127 16256 4096 12364 32 4128 7691
11540 8 4104 4096 16136 9760 10646 8 911 611
11542 8 127 16256 2048 10514 4 2052 6727 10058
11544 7 8 64 4286 1550 72 2681 10357
11546 9 127 16256 384 256 5276 8998 128 6542 996
11548 7 10918 2056 2048 8 9500 4299 5544
11550 8 127 16256 4096 4352 454 9396 1196 256
11552 5 8 12801 2386 1032 1024
11554 7 127 16256 2380 1 256 3245 257
11556 7 2 128 130 4238 5210 12521 6964
11558 8 127 16256 1024 32 8291 970 11590 1056
11560 6 32 128 160 1108 5545 11458
11562 8 127 16256 256 1570 4096 11172 4352 13587
11564 8 3537 8688 39 13256 4096 8653 8 4104
11566 8 127 16256 2237 128 6788 2235 4 132
11568 6 11350 544 512 2868 14344 32
11570 8 127 16256 9292 64 80 1479 499 16
11572 8 2944 6 7273 3417 2 4 12555 15264
11574 8 127 16256 10390 4 8192 8196 14816 8278
11576 6 8192 32 8376 7213 15107 8224
11578 7 127 16256 1 8192 8193 14000 8364
11580 7 4899 15397 841 258 5042 256 2
11582 8 127 16256 512 16 8846 6549 5425 528
11584 5 8 64 4649 3612 72
11586 7 127 16256 8337 264 9562 8 256
11588 7 520 7888 8 13094 512 8292 7195
11590 8 127 16256 10754 32 96 9038 1925 64
11592 6 256 288 3137 32 14520 9074
11594 7 127 16256 4096 7753 2048 6144 10440
11596 7 1573 8410 4224 6456 128 4096 2017
11598 8 127 16256 3373 5127 256 9734 768 512
11600 6 8 10453 136 128 345 2734
11602 7 127 16256 13484 1536 714 512 1024
11604 7 8474 2048 2304 6868 256 15622 11531
11606 8 127 16256 3864 512 2048 2560 7206 6534
11608 6 2 130 12574 128 738 7754
11610 8 127 16256 14104 4096 714 128 2538 4224
11612 7 7170 512 640 7282 11020 128 3523
11614 6 127 16256 3240 128 1 129
11616 6 1024 10262 2 979 11459 1026
11618 7 127 16256 9774 16 6178 144 128
11620 6 7307 1 375 8835 256 257
11622 8 127 16256 2056 2048 210 603 15427 8
11624 6 128 13892 132 2714 4 2980
11626 9 127 16256 2861 11045 4112 13249 16 12688 4096
11628 7 10460 8424 4 8192 12403 8196 1929
11630 8 127 16256 8 72 6933 13352 13106 64
11632 6 144 10823 16 2586 128 1801
11634 7 127 16256 4 7600 516 8451 512
11636 7 32 14689 6485 1024 3614 4372 1056
11638 8 127 16256 2 8385 8867 34 11160 32
11640 6 9573 4280 2176 2048 15379 128
11642 7 127 16256 1749 4128 32 4096 4153
11644 7 6919 32 1793 14024 2 34 12349
11646 8 127 16256 7557 8 2929 2 404 10
11648 5 4 516 512 5506 3364
11650 7 127 16256 4112 1062 16 4096 13420
11652 8 6465 512 32 544 8342 6052 9820 2921
11654 8 127 16256 16 1 3333 10414 17 3278
11656 7 9862 8192 2510 550 12288 4096 5308
11658 9 127 16256 2048 2560 512 9020 14376 14426 12520
11660 8 11347 8 7044 24 6241 16 1669 3500
11662 8 127 16256 512 14536 2411 768 8522 256
11664 5 2048 1024 5816 3072 11267
11666 7 127 16256 68 12403 2059 64 4
11668 7 6205 1024 3556 10264 10010 256 1280
11670 9 127 16256 5120 1024 1431 4781 2714 1388 4096
11672 6 4 2063 1024 1028 8933 6542
11674 7 127 16256 4096 4686 4160 12377 64
11676 6 7780 32 10650 512 428 544
11678 6 127 16256 128 1024 1152 8737
11680 5 13322 1024 16 1933 1040
11682 7 127 16256 1056 13400 4483 1024 32
11684 8 9863 855 2652 1660 4 16 4450 20
11686 8 127 16256 7317 3290 14602 1026 1024 2
11688 7 10299 2138 768 5220 9285 512 256
11690 7 127 16256 8192 64 8256 3464 124
11692 8 2 6219 5841 11043 2636 6299 4096 4098
11694 8 127 16256 32 11153 128 160 13349 15505
11696 6 32 4008 8224 4393 8192 7445
11698 7 127 16256 2176 5217 2048 5824 128
11700 7 1 1025 1024 650 2972 8363 9443
11702 8 127 16256 8 512 3404 4717 9126 520
11704 6 931 4371 1024 32 13340 1056
11706 8 127 16256 10721 258 13648 2 256 9247
11708 7 1660 13475 1056 1024 32 1210 6410
11710 8 127 16256 1387 5808 512 256 768 12392
11712 5 12508 384 256 4265 128
11714 7 127 16256 16 2730 528 2605 512
11716 8 11364 2048 14120 5785 8192 10406 10240 6247
11718 8 127 16256 14403 7818 7253 4096 4112 16
11720 6 1395 8 32 9804 12688 40
11722 7 127 16256 2048 256 2304 13184 4768
11724 8 13349 15625 128 3752 160 7245 11184 32
11726 6 127 16256 16 17 1 2102
11728 5 4100 8619 4 4096 597
11730 8 127 16256 7555 8731 128 1 129 8606
11732 6 256 4096 4352 7721 966 11152
11734 8 127 16256 2048 128 11420 7764 2176 6691
11736 6 12617 2734 17 16 4296 1
11738 7 127 16256 256 14658 8900 2304 2048
11740 7 1024 256 3851 2407 15556 1280 1212
11742 8 127 16256 5457 16 80 8684 64 14614
11744 5 32 395 33 1 15248
11746 7 127 16256 4097 1133 4096 1 3590
11748 7 11201 1025 1024 1 10132 4685 1522
11750 8 127 16256 128 11287 866 2176 2048 10693
11752 7 8 3153 128 13505 136 9502 11562
11754 7 127 16256 2050 2 6451 2502 2048
11756 8 16008 9795 1769 6716 1280 256 1024 10705
11758 8 127 16256 8 520 6242 12068 10503 512
11760 6 18 10771 2 6315 229 16
11762 7 127 16256 78 5466 16 272 256
11764 7 10279 272 7764 1438 256 6608 16
11766 7 127 16256 5766 512 528 11156 16
11768 6 13988 737 1024 2 3401 1026
11770 7 127 16256 260 256 1386 12508 4
11772 7 2235 128 32 11013 11782 4554 160
11774 7 127 16256 10510 8192 5832 8193 1
11776 4 8192 8320 8300 128
11778 7 127 16256 9425 8256 8192 3194 64
11780 7 8936 768 3213 256 2873 512 4474
11782 8 127 16256 2213 4096 64 4331 4160 11015
11784 6 10822 20 4 8758 7377 16
11786 7 127 16256 16 1024 4694 9002 1040
11788 8 3877 638 14617 1841 11406 4096 5120 1024
11790 9 127 16256 256 288 12815 15460 3491 32 9998
11792 6 6342 2736 260 4 2957 256
11794 7 127 16256 1032 6448 1024 8 5715
11796 8 2538 14980 14601 4 6 2 3436 11801
11798 8 127 16256 2304 6947 2048 6817 256 9712
11800 7 1206 7226 6084 2 4096 4098 3721
11802 7 127 16256 4096 4160 7813 4284 64
11804 7 8192 1641 8194 2 667 15508 11019
11806 8 127 16256 4128 6758 4894 14723 32 4096
11808 5 1024 1536 5769 512 1446
11810 8 127 16256 512 9869 513 12379 4850 1
11812 7 12403 2048 3478 11913 3072 4363 1024
11814 8 127 16256 66 8948 64 4520 2 5306
11816 6 32 10349 1056 5577 1024 948
11818 7 127 16256 3660 11378 256 2304 2048
11820 7 1 6242 13012 10659 257 256 9502
11822 7 127 16256 64 3460 16 80 12885
11824 6 64 12333 4 68 8733 9169
11826 7 127 16256 512 12311 948 640 128
11828 6 2048 2304 859 9380 7273 256
11830 7 127 16256 4096 8 1765 4104 14626
11832 6 15010 12112 2064 16 2048 12565
11834 7 127 16256 2 12343 4098 4096 9008
11836 6 2 4098 6205 843 9605 4096
11838 6 127 16256 4096 4948 4160 64
11840 5 4247 8498 128 4224 4096
11842 7 127 16256 9554 16 18 4348 2
11844 6 8200 8 2900 8192 14915 3244
11846 8 127 16256 1024 1152 13447 9113 3497 128
11848 6 128 3794 1486 640 12675 512
11850 7 127 16256 14114 1024 1025 4217 1
11852 6 256 822 3273 14898 2 258
11854 6 127 16256 9865 128 4 132
11856 6 10177 64 2048 10916 9458 2112
11858 7 127 16256 8 5601 40 12393 32
11860 7 12784 2064 2048 16 1615 5446 8394
11862 7 127 16256 1024 4 1028 3357 4966
11864 6 32 5089 8192 6332 8224 15496
11866 7 127 16256 1040 13649 16 9138 1024
11868 6 7074 4367 768 256 1373 512
11870 6 127 16256 1088 8486 64 1024
11872 6 4224 3733 4096 128 13126 732
11874 7 127 16256 256 8287 384 9514 128
11876 6 2292 8224 14985 1870 32 8192
11878 7 127 16256 80 8309 16 64 5406
11880 6 1 65 10833 5340 7080 64
11882 7 127 16256 8192 8194 2481 10860 2
11884 7 1024 10854 16 1677 1500 6347 1040
11886 7 127 16256 8192 8200 12823 8 505
11888 6 1152 1402 128 4941 1024 12961
11890 7 127 16256 512 11968 14534 544 32
11892 8 15144 512 12459 5244 9656 8192 6000 8704
11894 8 127 16256 2 16 11588 3193 18 1465
11896 6 10854 4 4096 4100 11146 13573
11898 7 127 16256 528 986 7332 16 512
11900 7 12760 16 5014 48 32 11112 4279
11902 6 127 16256 20 4545 16 4
11904 5 9002 681 256 8192 8448
11906 7 127 16256 2732 8192 16 8208 758
11908 5 64 13009 3370 320 256
11910 6 127 16256 1 257 7568 256
11912 5 1339 8 4104 4096 12740
11914 7 127 16256 8555 8224 32 8192 8825
11916 7 512 10736 9834 4 516 5340 5287
11918 6 127 16256 128 129 1 9986
11920 5 4382 128 4 132 8903
11922 7 127 16256 4954 4221 8 8192 8200
11924 7 5468 128 192 3782 4473 1780 64
11926 7 127 16256 8192 2048 12839 10240 12379
11928 6 9464 4452 2 1026 1024 5415
11930 7 127 16256 9779 64 16 6918 80
11932 7 2080 8096 3448 2279 2048 32 4759
11934 9 127 16256 10053 10523 8692 10565 1536 1024 512
11936 5 132 2459 4 14343 128
11938 7 127 16256 1026 1024 2993 6324 2
11940 7 512 2 14083 15619 9144 514 9310
11942 7 127 16256 512 10962 8192 8704 2621
11944 6 8797 8704 11146 8192 5104 512
11946 7 127 16256 130 2929 2 128 1357
11948 6 6546 8509 128 130 2 10072
11950 6 127 16256 4 512 516 9782
11952 6 2048 9954 3637 2531 2 2050
11954 7 127 16256 130 2 128 12916 4821
11956 6 1024 2048 3072 4937 9523 6805
11960 6 8192 9588 10240 3357 2048 2223
11962 7 127 16256 1040 1024 16 2914 15116
11964 6 160 6566 8921 8636 128 32
11966 6 127 16256 1032 8 1024 4899
11968 5 9144 384 2105 128 256
11972 6 1 12571 7876 16 17 8602
11974 6 127 16256 8192 1 3103 8193
11976 6 8 15393 24 16 11322 475
11978 7 127 16256 7400 2008 32 34 2
11980 6 1024 4387 5175 9162 1028 4
11982 6 127 16256 1024 1025 1 2236
11984 5 16 8433 144 128 14414
11986 7 127 16256 8 8200 3890 2742 8192
11988 7 1500 2049 2048 1 12770 743 15016
11992 6 13341 5 4 494 5517 1
11994 7 127 16256 1152 1024 128 10355 9169
11996 6 2 2050 2048 4961 11287 13976
12000 5 4096 4160 64 431 6948
12008 6 10331 5017 2048 2080 32 13218
12010 7 127 16256 6 4 9549 5465 2
12014 6 127 16256 4096 11789 4098 2
12016 6 11092 512 7284 4 12649 516
12020 6 256 5525 264 8 11384 9779
12024 6 14725 4334 2996 16 32 48
12032 4 8902 4 36 32
12034 5 127 16256 132 128 4
12036 5 12679 4 4100 7736 4096
12038 6 127 16256 2048 8399 2064 16
12040 5 15110 256 264 9421 8
12044 6 1 129 10691 15426 128 5724
12048 5 8194 11057 2 9387 8192
12050 7 127 16256 13125 1024 1152 13094 128
12056 6 8192 973 2894 2 6770 8194
12062 6 13401 2982 1024 12709 64 1088
12064 5 8192 4563 8320 128 3147
12070 6 127 16256 4 12 11682 8
12072 6 6022 8192 5752 10240 6489 2048
12076 6 1 5530 33 32 11672 10980
12080 6 11395 4112 1453 16 4096 687
12088 6 15371 256 16 272 11154 15398
12096 5 3747 9 1 3985 8
12098 5 127 16256 4 6 2
12100 6 11279 12728 64 4160 9140 4096
12104 5 7956 8622 512 16 528
12112 5 5492 1 2 3683 3
12128 5 64 12604 15200 65 1
12136 6 11154 32 1 11414 5518 33
12160 4 8192 32 7468 8224
12168 5 10597 8 4096 3779 4104
12192 5 1088 64 2715 1024 8735
12224 4 2777 4128 32 4096
12288 3 48 32 16
