mask,gap_x0_y0,gap_x0_y1,gap_x0_y2,gap_x0_y3,gap_x1_y0,gap_x1_y1,gap_x1_y2,gap_x1_y3,gap_x2_y0,gap_x2_y1,gap_x2_y2,gap_x2_y3
0,1384,1684,678,92,1192,1456,588,80,266,326,132,18
1,952,1180,486,68,832,1036,428,60,194,242,100,14
2,952,1180,486,68,832,1036,428,60,194,242,100,14
3,808,1060,462,68,712,936,408,60,170,222,96,14
4,952,1180,486,68,832,1036,428,60,194,242,100,14
5,616,772,318,44,552,696,288,40,138,174,72,10
6,808,1060,462,68,712,936,408,60,170,222,96,14
7,760,1036,462,68,672,916,408,60,162,218,96,14
8,1060,1360,570,80,922,1186,498,70,212,272,114,16
9,676,880,378,56,602,786,338,50,148,192,82,12
10,772,976,402,56,682,866,358,50,164,208,86,12
11,676,880,378,56,602,786,338,50,148,192,82,12
12,1060,1360,570,80,922,1186,498,70,212,272,114,16
13,772,976,402,56,682,866,358,50,164,208,86,12
14,1060,1360,570,80,922,1186,498,70,212,272,114,16
15,1060,1360,570,80,922,1186,498,70,212,272,114,16
16,952,1180,486,68,832,1036,428,60,194,242,100,14
17,808,1012,422,60,760,952,396,56,194,242,100,14
18,664,820,338,48,568,708,294,42,134,168,70,10
19,592,784,346,52,556,734,322,48,146,190,82,12
20,592,736,306,44,528,666,278,40,126,160,68,10
21,472,604,254,36,476,612,256,36,130,166,70,10
22,544,712,314,48,468,618,274,42,114,150,66,10
23,496,712,334,52,476,674,312,48,130,178,80,12
24,664,868,378,56,592,776,338,50,142,188,82,12
25,532,712,314,48,530,702,306,46,144,190,82,12
26,496,616,254,36,428,538,224,32,106,134,56,8
27,436,592,262,40,426,574,252,38,120,158,68,10
28,736,928,390,56,628,818,348,50,146,190,82,12
29,628,808,338,48,586,774,326,46,152,198,84,12
30,808,1012,422,60,688,868,364,52,158,200,84,12
31,772,1024,442,64,706,934,402,58,176,230,98,14
32,952,1180,486,68,832,1036,428,60,194,242,100,14
33,616,780,330,48,544,688,290,42,134,168,70,10
34,808,1012,422,60,760,952,396,56,194,242,100,14
35,616,824,354,52,568,756,330,48,146,190,82,12
36,664,820,338,48,568,708,294,42,134,168,70,10
37,352,456,194,28,300,390,166,24,78,100,42,6
38,592,784,346,52,556,734,322,48,146,190,82,12
39,472,644,290,44,440,596,266,40,114,154,68,10
40,736,928,390,56,628,818,348,50,146,190,82,12
41,412,540,234,36,350,480,210,32,88,118,52,8
42,628,808,338,48,586,774,326,46,152,198,84,12
43,484,632,270,40,434,598,260,38,112,150,66,10
44,808,1012,422,60,688,868,364,52,158,200,84,12
45,508,660,278,40,430,560,236,34,104,134,56,8
46,772,1024,442,64,706,934,402,58,176,230,98,14
47,676,896,386,56,610,806,346,50,152,198,84,12
48,808,1060,462,68,712,936,408,60,170,222,96,14
49,616,804,350,52,580,764,328,48,146,190,82,12
50,616,804,350,52,568,744,324,48,146,190,82,12
51,616,852,390,60,616,832,372,56,170,222,96,14
52,496,672,306,48,420,578,266,42,102,140,64,10
53,352,480,214,32,348,466,204,30,94,124,54,8
54,424,588,274,44,384,536,250,40,102,140,64,10
55,472,692,330,52,464,664,310,48,130,178,80,12
56,592,808,366,56,500,718,328,50,118,168,78,12
57,412,564,254,40,396,556,248,38,102,140,64,10
58,448,600,266,40,404,566,254,38,106,146,66,10
59,484,672,306,48,474,674,302,46,132,180,80,12
60,616,852,390,60,520,728,336,52,122,170,78,12
61,508,684,298,44,478,636,274,40,122,158,68,10
62,616,828,370,56,544,736,330,50,134,180,80,12
63,676,944,426,64,634,874,390,58,164,220,96,14
64,952,1180,486,68,832,1036,428,60,194,242,100,14
65,552,700,298,44,496,632,270,40,126,160,68,10
66,616,780,330,48,544,688,290,42,134,168,70,10
67,456,644,302,48,400,564,264,42,102,140,64,10
68,808,1012,422,60,760,952,396,56,194,242,100,14
69,456,588,250,36,456,588,250,36,130,166,70,10
70,616,824,354,52,568,756,330,48,146,190,82,12
71,552,780,346,52,504,712,322,48,130,178,80,12
72,808,1012,422,60,688,868,364,52,158,200,84,12
73,420,544,234,36,362,474,206,32,92,120,52,8
74,508,660,278,40,430,560,236,34,104,134,56,8
75,396,548,250,40,326,456,210,34,80,110,50,8
76,772,1024,442,64,706,934,402,58,176,230,98,14
77,468,624,270,40,442,590,256,38,120,158,68,10
78,676,896,386,56,610,806,346,50,152,198,84,12
79,644,864,378,56,578,774,338,50,144,190,82,12
80,616,772,318,44,552,696,288,40,138,174,72,10
81,456,580,246,36,464,588,248,36,130,166,70,10
82,360,460,194,28,304,392,166,24,78,100,42,6
83,320,448,206,32,316,434,196,30,94,124,54,8
84,496,624,258,36,480,616,258,36,130,166,70,10
85,360,468,198,28,424,544,228,32,138,174,72,10
86,384,516,218,32,348,470,206,30,94,124,54,8
87,368,540,242,36,380,542,246,36,114,154,68,10
88,472,604,254,36,408,528,224,32,98,130,56,8
89,324,424,182,28,330,430,184,28,98,126,54,8
90,264,340,142,20,200,264,112,16,50,66,28,4
91,236,340,154,24,222,316,142,22,68,92,40,6
92,480,648,278,40,436,598,264,38,114,154,68,10
93,372,504,218,32,410,546,234,34,124,164,70,10
94,456,588,250,36,400,520,222,32,102,132,56,8
95,452,624,274,40,442,602,262,38,124,164,70,10
96,808,1060,462,68,712,936,408,60,170,222,96,14
97,504,684,310,48,448,604,272,42,114,150,66,10
98,616,804,350,52,580,764,328,48,146,190,82,12
99,408,584,274,44,376,544,254,40,102,140,64,10
100,616,804,350,52,568,744,324,48,146,190,82,12
101,336,464,210,32,324,442,198,30,94,124,54,8
102,616,852,390,60,616,832,372,56,170,222,96,14
103,464,680,326,52,468,662,308,48,130,178,80,12
104,616,852,390,60,520,728,336,52,122,170,78,12
105,324,488,238,40,266,406,200,34,68,100,48,8
106,508,684,298,44,478,636,274,40,122,158,68,10
107,332,476,222,36,302,436,200,32,80,110,50,8
108,616,828,370,56,544,736,330,50,134,180,80,12
109,348,500,230,36,310,444,204,32,84,116,52,8
110,676,944,426,64,634,874,390,58,164,220,96,14
111,548,784,362,56,506,714,326,50,132,180,80,12
112,760,1036,462,68,672,916,408,60,162,218,96,14
113,552,756,342,52,508,714,320,48,130,178,80,12
114,456,636,290,44,424,588,266,40,114,154,68,10
115,456,676,326,52,464,660,308,48,130,178,80,12
116,528,736,338,52,492,686,314,48,130,178,80,12
117,384,536,242,36,404,558,246,36,114,154,68,10
118,480,696,330,52,468,666,310,48,130,178,80,12
119,552,820,390,60,568,808,372,56,162,218,96,14
120,552,820,390,60,464,700,336,52,110,164,78,12
121,372,560,270,44,336,516,248,40,86,128,62,10
122,360,516,238,36,320,460,212,32,86,120,54,8
123,396,580,274,44,390,552,254,40,110,148,66,10
124,504,748,358,56,448,668,320,50,114,166,78,12
125,396,572,262,40,398,560,252,38,106,146,66,10
126,552,788,366,56,496,708,328,50,126,176,80,12
127,644,928,426,64,610,862,390,58,160,218,96,14
128,1060,1360,570,80,922,1186,498,70,212,272,114,16
129,644,860,378,56,574,768,338,50,142,188,82,12
130,676,884,382,56,598,784,340,50,146,190,82,12
131,524,760,358,56,466,678,320,50,118,168,78,12
132,772,988,418,60,670,856,362,52,158,200,84,12
133,428,576,250,36,378,510,222,32,98,130,56,8
134,604,848,390,60,514,726,336,52,122,170,78,12
135,548,820,390,60,462,700,336,52,110,164,78,12
136,952,1252,534,76,868,1132,480,68,212,272,114,16
137,560,768,342,52,536,726,320,48,144,190,82,12
138,640,848,362,52,592,782,334,48,152,198,84,12
139,536,748,338,52,500,696,314,48,132,180,80,12
140,808,1084,470,68,724,964,416,60,176,230,98,14
141,512,696,302,44,472,638,276,40,124,164,70,10
142,760,1044,462,68,676,924,408,60,164,220,96,14
143,744,1036,462,68,660,916,408,60,160,218,96,14
144,676,880,378,56,602,786,338,50,148,192,82,12
145,524,704,314,48,522,694,306,46,144,190,82,12
146,404,536,234,36,346,466,206,32,88,118,52,8
147,348,504,242,40,346,494,234,38,102,140,64,10
148,436,560,238,36,378,498,212,32,92,120,52,8
149,308,420,186,28,326,436,190,28,98,126,54,8
150,356,512,242,40,282,418,202,34,68,100,48,8
151,324,516,262,44,302,476,240,40,86,128,62,10
152,580,776,342,52,554,734,320,48,144,190,82,12
153,440,612,278,44,484,652,288,44,148,192,82,12
154,380,500,214,32,350,464,200,30,96,126,54,8
155,336,480,222,36,360,502,228,36,112,150,66,10
156,500,668,290,44,442,606,266,40,112,150,66,10
157,392,540,238,36,412,564,244,36,120,158,68,10
158,524,708,314,48,454,616,274,42,112,150,66,10
159,504,724,334,52,484,684,312,48,132,180,80,12
160,772,976,402,56,682,866,358,50,164,208,86,12
161,452,580,246,36,406,520,220,32,106,134,56,8
162,604,776,330,48,586,750,318,46,152,198,84,12
163,404,580,262,40,382,548,252,38,106,146,66,10
164,532,680,282,40,442,570,238,34,104,134,56,8
165,236,320,138,20,186,254,110,16,50,66,28,4
166,508,672,294,44,466,614,268,40,122,158,68,10
167,372,524,238,36,334,468,212,32,86,120,54,8
168,676,892,370,52,610,806,342,48,152,198,84,12
169,368,508,214,32,344,470,204,30,96,126,54,8
170,568,740,310,44,580,748,312,44,164,208,86,12
171,408,556,242,36,416,566,246,36,120,158,68,10
172,604,788,334,48,526,688,292,42,128,166,70,10
173,320,440,190,28,280,382,164,24,76,100,42,6
174,616,828,358,52,580,772,332,48,152,198,84,12
175,504,692,302,44,468,636,276,40,124,164,70,10
176,676,880,378,56,602,786,338,50,148,192,82,12
177,476,616,266,40,454,606,258,38,120,158,68,10
178,428,580,258,40,406,552,246,38,112,150,66,10
179,428,624,298,48,450,634,294,46,132,180,80,12
180,404,552,250,40,330,458,210,34,80,110,50,8
181,260,356,158,24,254,340,148,22,68,92,40,6
182,356,488,222,36,306,426,196,32,80,110,50,8
183,420,596,278,44,398,556,256,40,110,148,66,10
184,572,796,346,52,518,724,322,48,132,180,80,12
185,392,544,234,36,402,556,242,36,112,150,66,10
186,404,544,238,36,410,550,240,36,120,158,68,10
187,440,612,278,44,484,652,288,44,148,192,82,12
188,452,648,302,48,394,566,264,42,100,140,64,10
189,344,476,210,32,348,468,202,30,96,126,54,8
190,476,644,286,44,430,584,260,40,112,150,66,10
191,552,764,342,52,532,724,320,48,144,190,82,12
192,1060,1360,570,80,922,1186,498,70,212,272,114,16
193,676,884,382,56,598,784,340,50,146,190,82,12
194,772,988,418,60,670,856,362,52,158,200,84,12
195,604,848,390,60,514,726,336,52,122,170,78,12
196,844,1072,450,64,742,974,410,58,176,230,98,14
197,484,644,278,40,438,604,264,38,114,154,68,10
198,628,844,374,56,550,756,336,50,134,180,80,12
199,556,792,366,56,474,706,328,50,114,166,78,12
200,844,1108,474,68,742,976,418,60,176,230,98,14
201,472,644,286,44,428,584,260,40,112,150,66,10
202,592,784,334,48,520,686,292,42,128,166,70,10
203,472,668,306,48,404,576,266,42,100,140,64,10
204,952,1252,534,76,868,1132,480,68,212,272,114,16
205,640,848,362,52,592,782,334,48,152,198,84,12
206,808,1084,470,68,724,964,416,60,176,230,98,14
207,760,1044,462,68,676,924,408,60,164,220,96,14
208,772,976,402,56,682,866,358,50,164,208,86,12
209,604,776,330,48,586,750,318,46,152,198,84,12
210,532,680,282,40,442,570,238,34,104,134,56,8
211,508,672,294,44,466,614,268,40,122,158,68,10
212,556,700,286,40,486,648,272,38,120,158,68,10
213,412,536,226,32,426,570,242,34,124,164,70,10
214,412,548,238,36,342,480,212,32,84,116,52,8
215,412,576,262,40,386,554,252,38,106,146,66,10
216,556,724,306,44,502,656,278,40,124,164,70,10
217,400,536,234,36,416,550,238,36,120,158,68,10
218,364,476,198,28,302,400,168,24,76,100,42,6
219,352,480,210,32,336,454,198,30,96,126,54,8
220,676,892,370,52,610,806,342,48,152,198,84,12
221,568,740,310,44,580,748,312,44,164,208,86,12
222,604,788,334,48,526,688,292,42,128,166,70,10
223,616,828,358,52,580,772,332,48,152,198,84,12
224,1060,1360,570,80,922,1186,498,70,212,272,114,16
225,772,988,418,60,670,856,362,52,158,200,84,12
226,844,1072,450,64,742,974,410,58,176,230,98,14
227,628,844,374,56,550,756,336,50,134,180,80,12
228,700,916,390,56,622,816,348,50,152,198,84,12
229,436,580,250,36,390,516,222,32,102,132,56,8
230,700,952,426,64,658,882,390,58,164,220,96,14
231,532,772,362,56,494,704,326,50,126,176,80,12
232,772,1048,462,68,682,926,408,60,164,220,96,14
233,496,688,310,48,440,606,272,42,112,150,66,10
234,664,868,366,52,622,812,340,48,152,198,84,12
235,472,652,290,44,440,604,266,40,112,150,66,10
236,844,1108,474,68,742,976,418,60,176,230,98,14
237,592,784,334,48,520,686,292,42,128,166,70,10
238,952,1252,534,76,868,1132,480,68,212,272,114,16
239,808,1084,470,68,724,964,416,60,176,230,98,14
240,1060,1360,570,80,922,1186,498,70,212,272,114,16
241,844,1072,450,64,742,976,410,58,176,230,98,14
242,700,916,390,56,622,816,348,50,152,198,84,12
243,700,952,426,64,658,882,390,58,164,220,96,14
244,652,868,378,56,582,776,338,50,144,190,82,12
245,508,664,282,40,482,642,270,38,124,164,70,10
246,580,808,366,56,522,726,328,50,132,180,80,12
247,652,928,426,64,618,862,390,58,160,218,96,14
248,748,1036,462,68,662,916,408,60,160,218,96,14
249,568,772,342,52,522,726,320,48,132,180,80,12
250,532,712,306,44,482,646,278,40,124,164,70,10
251,568,772,342,52,548,732,320,48,144,190,82,12
252,772,1048,462,68,682,926,408,60,164,220,96,14
253,664,868,366,52,622,812,340,48,152,198,84,12
254,844,1108,474,68,742,976,418,60,176,230,98,14
255,952,1252,534,76,868,1132,480,68,212,272,114,16
256,1060,1306,534,74,976,1204,492,68,230,284,116,16
257,772,970,406,58,688,868,364,52,158,200,84,12
258,736,904,370,52,652,826,342,48,158,200,84,12
259,628,826,362,54,568,768,338,50,134,180,80,12
260,688,856,354,50,636,794,332,48,158,200,84,12
261,436,562,238,34,408,528,224,32,102,132,56,8
262,592,796,346,52,532,726,322,48,134,180,80,12
263,532,754,350,54,512,716,328,50,126,176,80,12
264,772,994,426,62,716,934,402,58,176,230,98,14
265,496,670,298,46,458,618,274,42,112,150,66,10
266,556,700,286,40,502,656,272,38,128,166,70,10
267,472,634,278,42,458,616,268,40,112,150,66,10
268,808,1036,438,62,736,944,402,58,176,230,98,14
269,592,766,322,46,538,698,294,42,128,166,70,10
270,844,1096,454,64,742,976,412,58,176,230,98,14
271,808,1066,458,66,742,976,418,60,176,230,98,14
272,1060,1306,534,74,976,1204,492,68,230,284,116,16
273,1060,1306,534,74,976,1204,492,68,230,284,116,16
274,808,988,402,56,712,876,358,50,170,210,86,12
275,772,994,426,62,736,944,402,58,182,232,98,14
276,700,862,354,50,672,834,342,48,162,202,84,12
277,676,850,354,50,656,824,342,48,166,208,86,12
278,688,880,378,56,612,786,338,50,150,192,82,12
279,676,922,414,62,656,884,392,58,166,220,96,14
280,772,994,426,62,736,944,402,58,178,230,98,14
281,760,994,426,62,726,944,402,58,180,232,98,14
282,640,784,318,44,572,706,288,40,142,176,72,10
283,616,802,342,50,606,784,332,48,156,200,84,12
284,844,1054,438,62,772,986,412,58,182,232,98,14
285,808,1042,438,62,766,984,412,58,188,240,100,14
286,952,1180,486,68,832,1036,428,60,194,242,100,14
287,952,1234,522,74,886,1144,482,68,212,272,114,16
288,808,988,402,56,712,876,358,50,170,210,86,12
289,508,630,262,38,460,570,236,34,110,136,56,8
290,616,756,310,44,616,760,312,44,170,210,86,12
291,508,678,302,44,484,638,276,40,122,158,68,10
292,496,624,254,36,448,548,224,32,110,136,56,8
293,244,306,126,18,216,272,112,16,54,68,28,4
294,424,540,234,36,432,552,238,36,122,158,68,10
295,388,536,238,36,356,478,212,32,90,122,54,8
296,592,736,306,44,508,658,278,40,122,158,68,10
297,304,390,166,26,266,362,156,24,64,86,38,6
298,448,552,226,32,452,582,242,34,128,166,70,10
299,376,498,218,32,350,480,206,30,88,118,52,8
300,616,804,338,48,568,708,294,42,134,168,70,10
301,400,510,210,30,346,442,182,26,80,102,42,6
302,616,780,330,48,586,752,318,46,152,198,84,12
303,604,788,334,48,526,688,292,42,128,166,70,10
304,772,994,426,62,736,944,402,58,182,232,98,14
305,676,866,370,54,640,816,346,50,158,200,84,12
306,616,780,330,48,592,752,318,46,158,200,84,12
307,676,890,390,58,688,892,384,56,182,232,98,14
308,484,634,278,42,444,586,260,40,114,150,66,10
309,436,554,234,34,416,528,222,32,106,134,56,8
310,424,564,254,40,408,544,244,38,114,150,66,10
311,508,710,326,50,524,714,320,48,142,188,82,12
312,556,742,330,50,524,726,322,48,130,178,80,12
313,484,626,274,42,456,608,266,40,114,150,66,10
314,448,576,246,36,428,574,248,36,118,156,68,10
315,520,698,306,46,534,724,314,46,144,190,82,12
316,616,826,362,54,544,736,330,50,134,180,80,12
317,604,758,318,46,556,698,292,42,134,168,70,10
318,616,804,350,52,568,744,324,48,146,190,82,12
319,712,962,422,62,694,924,400,58,176,230,98,14
320,700,862,354,50,668,826,340,48,162,202,84,12
321,396,502,218,34,372,474,206,32,94,120,52,8
322,408,508,214,32,384,488,204,30,102,128,54,8
323,300,446,210,34,276,406,200,32,70,100,48,8
324,552,692,294,42,568,712,300,44,162,202,84,12
325,300,390,170,26,332,430,186,28,98,126,54,8
326,424,564,238,36,408,556,244,36,114,150,66,10
327,380,546,246,38,380,554,250,38,98,138,64,10
328,552,694,290,42,504,648,276,40,126,160,68,10
329,264,346,154,26,238,316,142,24,60,80,36,6
330,312,388,162,24,270,360,150,22,72,94,40,6
331,240,346,158,26,202,298,146,24,48,70,34,6
332,528,704,314,46,524,694,306,46,144,190,82,12
333,312,426,190,30,318,432,192,30,88,118,52,8
334,484,636,270,40,450,606,260,38,120,158,68,10
335,464,630,278,42,450,606,266,40,112,150,66,10
336,676,850,354,50,656,824,342,48,166,208,86,12
337,644,818,346,50,624,792,334,48,158,200,84,12
338,456,580,246,36,408,520,220,32,106,134,56,8
339,452,610,274,42,456,604,266,40,122,158,68,10
340,556,702,294,42,584,744,312,44,158,200,84,12
341,548,698,294,42,592,748,312,44,166,208,86,12
342,480,636,270,40,452,598,260,38,122,158,68,10
343,500,702,310,46,520,712,316,46,142,188,82,12
344,532,682,290,42,512,656,278,40,126,164,70,10
345,524,662,282,42,500,634,270,40,126,160,68,10
346,360,460,194,28,304,392,166,24,78,100,42,6
347,368,502,222,34,362,486,212,32,96,126,54,8
348,556,726,314,46,540,726,318,46,142,188,82,12
349,536,722,314,46,558,740,318,46,152,198,84,12
350,552,708,302,44,504,648,276,40,130,166,70,10
351,584,786,342,50,582,772,332,48,152,198,84,12
352,688,880,378,56,612,786,338,50,150,192,82,12
353,420,546,242,38,384,496,218,34,94,120,52,8
354,432,552,238,36,452,574,244,36,126,160,68,10
355,324,466,222,36,312,436,200,32,82,110,50,8
356,496,624,266,40,468,594,254,38,126,160,68,10
357,252,326,142,22,260,334,144,22,74,94,40,6
358,456,612,278,44,496,652,288,44,150,192,82,12
359,416,584,274,44,404,554,254,40,110,148,66,10
360,496,672,306,48,420,578,266,42,102,140,64,10
361,240,350,170,30,202,298,146,26,48,70,34,6
362,336,432,186,28,348,446,190,28,102,128,54,8
363,264,370,170,28,238,328,146,24,60,80,36,6
364,480,648,286,44,444,586,260,40,114,150,66,10
365,264,362,162,26,246,336,150,24,64,86,38,6
366,528,704,314,48,524,694,306,46,144,190,82,12
367,500,688,310,48,442,606,272,42,112,150,66,10
368,676,922,414,62,656,884,392,58,166,220,96,14
369,548,762,350,54,528,724,328,50,134,180,80,12
370,408,564,258,40,408,556,250,38,118,156,68,10
371,500,698,322,50,516,712,318,48,134,180,80,12
372,480,664,302,46,476,654,298,46,134,180,80,12
373,404,554,250,38,424,572,254,38,118,156,68,10
374,432,624,298,48,452,634,294,46,134,180,80,12
375,548,794,374,58,592,820,372,56,166,220,96,14
376,484,714,342,54,448,668,320,50,114,166,78,12
377,380,566,278,46,356,526,256,42,90,130,62,10
378,312,444,206,32,304,428,196,30,90,122,54,8
379,416,590,270,42,434,594,264,40,114,150,66,10
380,456,676,322,50,432,636,304,48,118,168,78,12
381,428,590,270,42,420,574,260,40,110,148,66,10
382,504,716,334,52,480,676,312,48,130,178,80,12
383,632,898,410,62,630,872,390,58,164,220,96,14
384,772,994,426,62,732,942,402,58,178,230,98,14
385,476,650,298,46,440,600,274,42,108,146,66,10
386,464,608,266,40,428,574,254,38,112,148,66,10
387,356,534,258,42,332,510,250,40,84,126,62,10
388,512,664,286,42,476,614,266,40,124,158,68,10
389,260,366,170,26,244,342,158,24,64,88,40,6
390,400,584,274,44,344,516,250,40,88,128,62,10
391,348,546,278,46,328,508,256,42,76,122,62,10
392,676,890,390,58,664,880,384,56,178,230,98,14
393,392,558,262,42,402,558,256,40,110,148,66,10
394,436,572,246,36,422,572,248,36,118,156,68,10
395,360,510,238,38,366,528,244,38,98,138,64,10
396,560,760,338,50,540,722,320,48,142,188,82,12
397,344,486,222,34,338,470,212,32,90,122,54,8
398,556,780,346,52,506,714,322,48,130,178,80,12
399,528,754,350,54,506,714,328,50,126,176,80,12
400,760,994,426,62,726,944,402,58,180,232,98,14
401,744,986,426,62,710,936,402,58,176,230,98,14
402,524,692,298,44,470,624,270,40,120,158,68,10
403,504,702,322,50,506,694,314,48,134,180,80,12
404,520,674,286,42,502,656,276,40,124,160,68,10
405,504,662,286,42,498,646,276,40,130,166,70,10
406,476,668,306,48,406,576,266,42,100,140,64,10
407,480,714,342,54,462,676,320,50,118,168,78,12
408,664,890,390,58,678,892,384,56,176,230,98,14
409,660,890,390,58,676,892,384,56,180,232,98,14
410,500,656,278,40,474,622,264,38,128,166,70,10
411,492,678,302,46,520,702,308,46,144,190,82,12
412,592,782,338,50,566,764,330,48,144,190,82,12
413,564,770,338,50,572,764,330,48,152,198,84,12
414,644,864,378,56,578,774,338,50,144,190,82,12
415,660,922,414,62,644,884,392,58,164,220,96,14
416,640,784,318,44,572,706,288,40,142,176,72,10
417,356,430,178,26,332,402,166,24,84,102,42,6
418,416,520,218,32,444,558,234,34,130,166,70,10
419,308,438,210,32,308,430,198,30,84,114,52,8
420,392,488,198,28,332,410,168,24,82,102,42,6
421,140,170,70,10,112,136,56,8,28,34,14,2
422,344,428,182,28,344,432,184,28,100,126,54,8
423,308,416,186,28,260,350,158,24,64,88,40,6
424,544,700,286,40,500,646,272,38,130,166,70,10
425,272,358,146,22,270,352,150,22,74,94,40,6
426,392,484,198,28,448,556,228,32,142,176,72,10
427,320,426,190,28,342,448,192,28,98,126,54,8
428,440,588,250,36,416,528,222,32,106,134,56,8
429,224,290,122,18,206,264,110,16,54,68,28,4
430,464,584,246,36,468,590,248,36,130,166,70,10
431,444,584,250,36,394,518,222,32,102,132,56,8
432,616,802,342,50,606,784,332,48,156,200,84,12
433,504,666,286,42,494,648,276,40,128,166,70,10
434,404,544,238,36,410,550,240,36,120,158,68,10
435,480,658,298,46,518,692,306,46,140,188,82,12
436,376,506,222,34,334,456,204,32,88,118,52,8
437,312,418,178,26,294,392,166,24,76,100,42,6
438,332,452,202,32,310,424,190,30,88,118,52,8
439,432,602,274,42,438,596,266,40,118,156,68,10
440,520,718,310,46,522,722,316,46,140,188,82,12
441,432,594,254,38,442,598,260,38,120,158,68,10
442,380,508,218,32,414,548,234,34,128,166,70,10
443,468,634,278,42,532,700,300,44,156,200,84,12
444,428,612,274,42,398,564,258,40,108,148,66,10
445,408,538,230,34,398,520,220,32,104,134,56,8
446,452,608,266,40,434,582,254,38,120,158,68,10
447,564,770,338,50,572,764,330,48,152,198,84,12
448,844,1054,438,62,772,984,410,58,182,232,98,14
449,532,686,302,46,484,626,276,42,116,150,66,10
450,568,716,302,44,520,656,276,40,128,160,68,10
451,460,650,298,46,400,568,272,42,92,130,62,10
452,592,752,322,46,564,734,314,46,146,190,82,12
453,340,446,198,30,324,446,200,30,84,114,52,8
454,448,584,258,40,400,556,250,38,104,140,64,10
455,412,570,266,42,360,548,256,40,84,126,62,10
456,616,802,342,50,584,764,330,48,146,190,82,12
457,328,446,206,34,314,426,196,32,82,110,50,8
458,400,512,218,32,370,486,206,30,98,126,54,8
459,328,470,214,34,290,418,202,32,70,100,48,8
460,712,932,406,58,688,892,384,56,182,232,98,14
461,496,650,282,42,478,624,270,40,122,158,68,10
462,628,824,354,52,574,764,330,48,146,190,82,12
463,616,822,362,54,562,764,336,50,134,180,80,12
464,808,1042,438,62,766,984,412,58,188,240,100,14
465,760,1002,430,62,718,944,404,58,176,230,98,14
466,604,788,334,48,526,688,292,42,128,166,70,10
467,616,822,362,54,586,774,338,50,146,190,82,12
468,592,766,322,46,570,766,326,46,144,190,82,12
469,592,762,322,46,578,772,326,46,148,196,84,12
470,484,656,290,44,426,598,266,40,108,148,66,10
471,520,726,330,50,506,714,322,48,130,178,80,12
472,592,790,342,50,586,774,332,48,148,196,84,12
473,568,762,334,50,558,744,324,48,144,190,82,12
474,436,584,250,36,386,518,222,32,100,132,56,8
475,460,630,278,42,456,614,268,40,120,158,68,10
476,736,958,406,58,694,924,396,56,176,230,98,14
477,724,954,406,58,724,940,396,56,188,240,100,14
478,676,896,386,56,610,806,346,50,152,198,84,12
479,724,978,426,62,700,932,402,58,176,230,98,14
480,952,1180,486,68,832,1036,428,60,194,242,100,14
481,700,850,350,50,616,748,308,44,140,170,70,10
482,664,820,338,48,640,792,326,46,158,200,84,12
483,556,730,322,48,496,648,282,42,116,150,66,10
484,592,736,306,44,532,666,278,40,134,168,70,10
485,364,442,182,26,336,408,168,24,84,102,42,6
486,544,712,314,48,540,702,306,46,146,190,82,12
487,496,676,310,48,440,596,272,42,108,146,66,10
488,664,868,378,56,592,776,338,50,146,190,82,12
489,424,550,242,38,386,498,218,34,94,120,52,8
490,496,616,254,36,500,622,256,36,134,168,70,10
491,424,550,238,36,386,496,212,32,94,120,52,8
492,736,928,390,56,652,826,348,50,158,200,84,12
493,520,646,266,38,466,578,238,34,110,136,56,8
494,808,1012,422,60,760,952,396,56,194,242,100,14
495,772,988,418,60,670,856,362,52,158,200,84,12
496,952,1234,522,74,886,1144,482,68,212,272,114,16
497,808,1066,458,66,742,976,418,60,176,230,98,14
498,628,832,358,52,586,774,332,48,152,198,84,12
499,736,970,422,62,682,924,400,58,164,220,96,14
500,580,784,342,50,546,734,322,48,144,190,82,12
501,496,670,290,42,482,646,278,40,124,164,70,10
502,508,724,334,52,486,684,312,48,132,180,80,12
503,640,898,410,62,638,872,390,58,160,218,96,14
504,664,922,414,62,626,874,392,58,160,218,96,14
505,544,766,350,54,522,726,328,50,132,180,80,12
506,460,628,274,40,446,604,262,38,124,164,70,10
507,580,778,338,50,582,772,330,48,144,190,82,12
508,700,964,426,62,646,884,392,58,164,220,96,14
509,664,874,374,54,622,816,348,50,152,198,84,12
510,772,1024,442,64,706,934,402,58,176,230,98,14
511,916,1210,518,74,868,1132,480,68,212,272,114,16
512,1060,1306,534,74,976,1204,492,68,230,284,116,16
513,676,854,360,52,628,794,334,48,158,200,84,12
514,772,970,406,58,688,868,364,52,158,200,84,12
515,604,818,366,54,544,736,330,50,134,180,80,12
516,736,904,370,52,652,826,342,48,158,200,84,12
517,376,488,208,30,348,454,194,28,102,132,56,8
518,628,826,362,54,568,768,338,50,134,180,80,12
519,556,750,334,50,504,716,324,48,126,176,80,12
520,808,1036,438,62,736,944,402,58,176,230,98,14
521,436,596,264,40,398,544,244,38,112,150,66,10
522,592,766,322,46,538,698,294,42,128,166,70,10
523,472,638,282,42,434,586,260,40,112,150,66,10
524,844,1096,454,64,742,976,412,58,176,230,98,14
525,532,692,292,42,478,624,264,38,128,166,70,10
526,808,1066,458,66,742,976,418,60,176,230,98,14
527,760,1002,430,62,718,944,404,58,176,230,98,14
528,772,958,396,56,700,866,356,50,170,210,86,12
529,604,746,308,44,616,760,312,44,170,210,86,12
530,532,650,266,38,472,580,238,34,110,136,56,8
531,508,666,292,44,472,616,268,40,122,158,68,10
532,448,556,232,34,396,496,206,30,102,128,54,8
533,304,380,156,22,336,420,172,24,106,134,56,8
534,412,518,222,34,372,490,212,32,90,118,52,8
535,412,570,260,40,392,556,252,38,106,146,66,10
536,520,688,300,44,460,606,266,40,118,156,68,10
537,364,488,212,32,386,510,222,34,120,158,68,10
538,364,446,182,26,332,410,168,24,82,102,42,6
539,352,474,208,32,342,456,198,30,96,126,54,8
540,568,740,316,46,496,648,276,40,122,158,68,10
541,460,584,240,34,466,590,242,34,128,166,70,10
542,604,758,318,46,556,698,292,42,134,168,70,10
543,616,822,356,52,586,774,332,48,152,198,84,12
544,1060,1306,534,74,976,1204,492,68,230,284,116,16
545,772,958,396,56,700,866,356,50,170,210,86,12
546,1060,1306,534,74,976,1204,492,68,230,284,116,16
547,844,1054,438,62,760,976,412,58,182,232,98,14
548,808,988,402,56,712,876,358,50,170,210,86,12
549,544,676,276,38,456,568,232,32,114,142,58,8
550,772,994,426,62,736,944,402,58,182,232,98,14
551,604,790,342,50,596,774,332,48,150,196,84,12
552,844,1054,438,62,772,986,412,58,182,232,98,14
553,568,718,300,44,506,658,276,40,124,160,68,10
554,808,1042,438,62,766,984,412,58,188,240,100,14
555,616,802,342,50,590,776,332,48,148,192,82,12
556,952,1180,486,68,832,1036,428,60,194,242,100,14
557,700,880,360,50,586,738,302,42,140,176,72,10
558,952,1234,522,74,886,1144,482,68,212,272,114,16
559,808,1042,438,62,766,984,412,58,188,240,100,14
560,844,1054,438,62,760,976,410,58,182,232,98,14
561,628,790,332,48,604,774,324,46,158,200,84,12
562,700,886,374,54,652,826,348,50,158,200,84,12
563,700,922,404,58,688,892,384,56,182,232,98,14
564,544,712,306,44,468,618,274,40,114,150,66,10
565,400,508,212,30,380,484,200,28,106,134,56,8
566,436,586,266,42,432,576,258,40,114,150,66,10
567,508,706,310,46,524,712,314,46,142,188,82,12
568,604,802,342,50,548,758,330,48,130,178,80,12
569,424,550,236,36,420,566,244,36,114,150,66,10
570,460,622,278,42,452,606,268,40,118,156,68,10
571,496,682,308,46,518,692,304,46,144,190,82,12
572,664,892,390,56,568,768,344,50,134,180,80,12
573,556,712,296,42,514,654,270,38,134,168,70,10
574,628,826,362,54,592,776,338,50,146,190,82,12
575,736,958,406,58,694,924,394,56,176,230,98,14
576,808,988,402,56,712,876,358,50,170,210,86,12
577,456,560,232,34,388,482,202,30,102,128,54,8
578,508,630,262,38,460,570,236,34,110,136,56,8
579,324,462,214,34,292,414,196,32,78,108,50,8
580,616,756,310,44,616,760,312,44,170,210,86,12
581,288,364,152,22,312,396,166,24,106,134,56,8
582,508,678,302,44,484,638,276,40,122,158,68,10
583,404,570,266,40,396,562,254,38,106,146,66,10
584,616,804,338,48,568,708,294,42,134,168,70,10
585,276,388,168,26,254,324,138,22,68,88,38,6
586,400,510,210,30,346,442,182,26,80,102,42,6
587,264,366,162,26,218,306,142,24,56,78,36,6
588,616,780,330,48,586,752,318,46,152,198,84,12
589,300,400,172,26,298,398,172,26,96,126,54,8
590,604,788,334,48,526,688,292,42,128,166,70,10
591,524,692,298,44,470,624,270,40,120,158,68,10
592,544,676,276,38,456,568,232,32,114,142,58,8
593,360,440,180,26,356,438,180,26,106,134,56,8
594,228,290,122,18,208,264,110,16,54,68,28,4
595,228,330,152,24,232,316,142,22,70,92,40,6
596,336,432,184,26,348,446,186,26,106,134,56,8
597,192,244,100,14,280,352,144,20,114,142,58,8
598,252,350,162,24,252,342,150,22,70,92,40,6
599,284,426,204,30,296,424,192,28,90,122,54,8
600,352,492,212,30,312,400,168,24,74,98,42,6
601,180,268,116,18,222,280,116,18,74,94,40,6
602,132,170,70,10,104,136,56,8,26,34,14,2
603,152,222,100,16,138,198,88,14,44,60,26,4
604,312,444,204,30,304,428,192,28,90,122,54,8
605,204,280,120,18,266,354,150,22,100,132,56,8
606,360,460,194,28,304,392,166,24,78,100,42,6
607,404,548,236,34,358,484,208,30,100,132,56,8
608,772,994,426,62,736,944,402,58,182,232,98,14
609,516,670,292,44,484,622,268,40,126,160,68,10
610,676,866,370,54,640,816,346,50,158,200,84,12
611,476,622,274,42,448,604,266,40,114,150,66,10
612,616,780,330,48,592,752,318,46,158,200,84,12
613,384,492,208,30,360,460,194,28,106,134,56,8
614,676,890,390,58,688,892,384,56,182,232,98,14
615,476,654,298,46,516,690,306,46,142,188,82,12
616,616,826,362,54,544,736,330,50,134,180,80,12
617,372,514,228,36,302,424,196,32,80,110,50,8
618,604,758,318,46,556,698,292,42,134,168,70,10
619,392,514,222,34,374,496,212,32,92,120,52,8
620,616,804,350,52,568,744,324,48,146,190,82,12
621,396,528,228,34,346,462,200,30,96,126,54,8
622,712,962,422,62,694,924,400,58,176,230,98,14
623,536,738,330,50,542,732,322,48,144,190,82,12
624,604,790,342,50,592,772,332,48,150,196,84,12
625,404,550,240,36,412,562,246,36,118,156,68,10
626,396,526,230,34,388,510,220,32,102,132,56,8
627,396,554,254,38,416,560,250,38,118,156,68,10
628,432,576,246,36,420,566,248,36,118,156,68,10
629,288,372,156,22,308,410,172,24,102,132,56,8
630,372,522,242,38,408,556,250,38,118,156,68,10
631,444,618,278,42,496,676,300,44,150,196,84,12
632,448,622,278,42,392,566,260,40,98,142,66,10
633,272,394,176,28,240,364,174,28,74,106,50,8
634,300,406,178,26,284,382,166,24,74,98,42,6
635,336,458,202,30,342,452,196,30,98,126,54,8
636,408,596,266,40,376,548,254,38,102,144,66,10
637,300,408,176,26,304,412,178,26,94,124,54,8
638,420,594,274,42,424,588,266,40,114,154,68,10
639,512,702,310,46,542,728,316,46,148,196,84,12
640,844,1054,438,62,772,984,410,58,182,232,98,14
641,476,606,264,40,436,576,252,38,112,148,66,10
642,532,686,302,46,484,626,276,42,116,150,66,10
643,356,530,262,42,328,488,242,40,88,128,62,10
644,568,716,302,44,520,656,276,40,128,160,68,10
645,224,304,140,22,204,278,128,20,68,90,40,6
646,460,650,298,46,400,568,272,42,92,130,62,10
647,372,566,270,42,324,510,258,40,80,124,62,10
648,712,932,406,58,688,892,384,56,182,232,98,14
649,356,496,232,36,362,494,226,36,114,150,66,10
650,496,650,282,42,478,624,270,40,122,158,68,10
651,368,518,242,38,362,506,236,38,102,140,64,10
652,628,824,354,52,574,764,330,48,146,190,82,12
653,308,424,192,30,298,406,182,28,94,124,54,8
654,616,822,362,54,562,764,336,50,134,180,80,12
655,552,750,334,50,522,724,322,48,130,178,80,12
656,568,718,300,44,506,656,274,40,124,160,68,10
657,392,498,212,32,414,542,230,34,120,158,68,10
658,272,366,162,26,250,338,150,24,64,86,38,6
659,264,386,188,32,262,376,180,30,78,108,50,8
660,284,380,164,26,246,328,140,22,68,88,38,6
661,140,196,88,14,182,244,106,16,74,94,40,6
662,224,342,158,26,186,290,146,24,44,68,34,6
663,240,398,196,32,218,358,186,30,62,96,48,8
664,436,596,268,40,422,564,248,38,120,158,68,10
665,272,388,180,28,340,460,204,32,124,160,68,10
666,248,330,142,22,254,336,144,22,72,94,40,6
667,252,362,168,28,276,384,174,28,88,118,52,8
668,332,476,216,34,310,436,194,30,88,118,52,8
669,224,316,140,22,276,372,160,24,96,126,54,8
670,392,514,222,34,358,486,210,32,88,118,52,8
671,420,582,260,40,400,564,250,38,108,148,66,10
672,808,1042,438,62,766,984,412,58,188,240,100,14
673,536,698,300,44,502,648,276,40,130,166,70,10
674,760,1002,430,62,718,944,404,58,176,230,98,14
675,552,750,334,50,514,718,324,48,130,178,80,12
676,604,788,334,48,526,688,292,42,128,166,70,10
677,356,480,208,30,282,382,166,24,74,98,42,6
678,616,822,362,54,586,774,338,50,146,190,82,12
679,432,610,278,42,430,596,268,40,110,152,68,10
680,736,958,406,58,694,924,396,56,176,230,98,14
681,476,626,268,40,440,598,260,38,120,158,68,10
682,724,954,406,58,724,940,396,56,188,240,100,14
683,516,706,310,46,536,726,316,46,144,190,82,12
684,676,896,386,56,610,806,346,50,152,198,84,12
685,440,600,260,38,376,510,220,32,100,132,56,8
686,724,978,426,62,700,932,402,58,176,230,98,14
687,564,778,342,50,564,764,332,48,148,196,84,12
688,616,802,342,50,590,776,330,48,148,192,82,12
689,408,542,236,36,418,566,244,36,120,158,68,10
690,440,602,270,42,430,584,260,40,112,150,66,10
691,440,634,300,46,462,644,296,46,132,180,80,12
692,380,532,238,36,318,448,208,32,80,110,50,8
693,236,324,144,22,218,308,134,20,68,92,40,6
694,296,426,202,34,294,416,194,32,80,110,50,8
695,368,538,246,38,386,546,250,38,110,148,66,10
696,536,718,310,46,506,714,314,46,132,180,80,12
697,356,470,204,32,366,516,228,34,112,150,66,10
698,392,546,246,38,422,572,252,38,120,158,68,10
699,428,602,276,42,484,652,288,44,148,192,82,12
700,428,628,290,44,382,556,262,40,100,140,64,10
701,320,444,196,30,322,436,188,28,96,126,54,8
702,416,582,266,42,418,574,258,40,112,150,66,10
703,516,706,310,46,532,724,314,46,144,190,82,12
704,952,1180,486,68,832,1036,428,60,194,242,100,14
705,616,756,316,46,520,644,272,40,128,160,68,10
706,700,850,350,50,616,748,308,44,140,170,70,10
707,508,678,302,46,436,586,268,42,104,140,64,10
708,664,820,338,48,640,792,326,46,158,200,84,12
709,352,432,180,26,348,430,180,26,96,124,54,8
710,556,730,322,48,496,648,282,42,116,150,66,10
711,436,614,286,44,396,566,260,40,96,136,64,10
712,736,928,390,56,652,826,348,50,158,200,84,12
713,412,516,220,34,350,444,192,30,94,120,52,8
714,520,646,266,38,466,578,238,34,110,136,56,8
715,376,494,218,34,326,436,198,32,82,110,50,8
716,808,1012,422,60,760,952,396,56,194,242,100,14
717,508,636,264,38,478,600,250,36,134,168,70,10
718,772,988,418,60,670,856,362,52,158,200,84,12
719,676,884,382,56,598,784,340,50,146,190,82,12
720,700,880,360,50,586,738,302,42,140,176,72,10
721,508,636,264,38,478,600,250,36,128,166,70,10
722,400,510,210,30,346,442,182,26,80,102,42,6
723,400,554,240,36,382,496,214,32,98,126,54,8
724,388,504,212,30,378,486,200,28,96,126,54,8
725,244,312,128,18,306,386,158,22,100,132,56,8
726,280,402,182,28,246,352,156,24,60,84,38,6
727,328,482,224,34,302,436,198,30,82,114,52,8
728,484,628,264,38,406,528,222,32,100,132,56,8
729,304,396,168,26,308,400,170,26,96,126,54,8
730,232,306,126,18,206,272,112,16,52,68,28,4
731,268,362,156,24,252,336,144,22,72,94,40,6
732,508,684,296,42,478,636,270,38,128,166,70,10
733,400,516,212,30,436,556,228,32,140,176,72,10
734,508,660,278,40,430,560,236,34,104,134,56,8
735,568,752,320,46,496,654,278,40,128,166,70,10
736,952,1234,522,74,886,1144,482,68,212,272,114,16
737,712,914,388,56,646,824,348,50,158,200,84,12
738,808,1066,458,66,742,976,418,60,176,230,98,14
739,616,822,362,54,562,766,338,50,134,180,80,12
740,628,832,358,52,586,774,332,48,152,198,84,12
741,412,548,236,34,366,484,208,30,102,132,56,8
742,736,970,422,62,682,924,400,58,164,220,96,14
743,520,726,330,50,506,714,322,48,126,176,80,12
744,700,964,426,62,646,884,392,58,164,220,96,14
745,472,656,292,44,416,574,258,40,112,150,66,10
746,664,874,374,54,622,816,348,50,152,198,84,12
747,460,630,278,42,452,614,268,40,112,150,66,10
748,772,1024,442,64,706,934,402,58,176,230,98,14
749,568,752,320,46,496,654,278,40,128,166,70,10
750,916,1210,518,74,868,1132,480,68,212,272,114,16
751,724,978,426,62,700,932,402,58,176,230,98,14
752,808,1042,438,62,766,984,412,58,188,240,100,14
753,616,806,336,48,586,774,326,46,152,198,84,12
754,568,746,318,46,526,688,292,42,128,166,70,10
755,568,770,342,50,550,732,322,48,140,188,82,12
756,484,640,274,40,450,606,262,38,120,158,68,10
757,340,440,184,26,326,444,186,26,100,132,56,8
758,448,614,274,42,426,598,266,40,108,148,66,10
759,520,702,310,46,510,712,316,46,136,186,82,12
760,556,772,342,50,526,724,322,48,136,186,82,12
761,388,548,240,36,366,524,236,36,108,148,66,10
762,400,542,234,34,386,518,222,32,100,132,56,8
763,436,590,258,38,440,582,252,38,120,158,68,10
764,604,832,358,52,550,756,332,48,140,188,82,12
765,496,644,268,38,466,614,256,36,128,166,70,10
766,640,854,370,54,610,806,346,50,152,198,84,12
767,724,954,406,58,724,940,396,56,188,240,100,14
768,952,1216,516,74,904,1144,480,68,218,274,114,16
769,640,836,364,54,604,786,340,50,146,190,82,12
770,676,866,370,54,628,816,346,50,146,190,82,12
771,568,800,372,58,520,728,336,52,122,170,78,12
772,592,776,342,52,564,734,320,48,146,190,82,12
773,340,470,212,32,324,446,200,30,90,122,54,8
774,556,734,326,50,508,718,320,48,122,170,78,12
775,520,744,348,54,480,708,328,50,114,166,78,12
776,688,944,420,62,644,874,390,58,164,220,96,14
777,400,578,268,42,374,536,250,40,100,140,64,10
778,508,662,286,42,478,646,276,40,116,156,68,10
779,436,620,288,46,410,578,266,42,100,140,64,10
780,712,956,426,64,664,884,390,58,164,220,96,14
781,496,674,296,44,454,616,270,40,116,156,68,10
782,736,974,422,62,682,926,400,58,164,220,96,14
783,724,996,444,66,682,926,408,60,164,220,96,14
784,808,1024,432,62,784,984,410,58,194,242,100,14
785,760,960,404,58,760,952,396,56,194,242,100,14
786,604,758,318,46,556,698,292,42,134,168,70,10
787,616,816,360,54,592,776,338,50,146,190,82,12
788,484,622,268,40,480,614,260,38,126,160,68,10
789,484,606,252,36,476,614,256,36,130,166,70,10
790,484,626,274,42,456,608,266,40,114,150,66,10
791,520,720,328,50,512,716,322,48,130,178,80,12
792,556,754,336,50,544,724,320,48,142,188,82,12
793,532,702,308,46,540,702,306,46,144,190,82,12
794,436,554,234,34,416,528,222,32,106,134,56,8
795,460,624,276,42,462,616,268,40,120,158,68,10
796,628,814,352,52,580,766,330,48,146,190,82,12
797,616,810,336,48,586,774,326,46,152,198,84,12
798,676,866,370,54,640,816,346,50,158,200,84,12
799,724,972,424,62,706,934,402,58,176,230,98,14
800,844,1054,438,62,796,994,412,58,194,242,100,14
801,592,748,316,46,556,698,292,42,134,168,70,10
802,772,970,406,58,760,952,396,56,194,242,100,14
803,664,880,374,54,616,808,348,50,146,190,82,12
804,592,736,306,44,532,666,278,40,134,168,70,10
805,364,466,196,28,312,400,168,24,78,100,42,6
806,508,670,298,46,540,702,306,46,146,190,82,12
807,460,622,278,42,452,606,268,40,114,154,68,10
808,628,802,342,50,592,776,332,48,146,190,82,12
809,388,508,220,34,362,490,212,32,88,118,52,8
810,532,706,310,46,560,732,316,46,152,198,84,12
811,460,634,278,42,446,608,268,40,112,150,66,10
812,736,928,390,56,652,826,348,50,158,200,84,12
813,520,670,280,40,442,570,238,34,104,134,56,8
814,700,910,394,58,700,902,386,56,176,230,98,14
815,664,874,374,54,622,816,348,50,152,198,84,12
816,952,1216,516,74,904,1144,480,68,218,274,114,16
817,808,1024,432,62,784,984,410,58,194,242,100,14
818,844,1054,438,62,796,994,412,58,194,242,100,14
819,952,1216,516,74,904,1144,480,68,218,274,114,16
820,688,880,378,56,612,786,338,50,150,192,82,12
821,604,754,312,44,560,696,286,40,142,176,72,10
822,580,754,330,50,576,744,322,48,150,192,82,12
823,712,952,420,62,704,924,400,58,178,230,98,14
824,736,964,420,62,692,926,400,58,166,220,96,14
825,616,784,336,50,600,776,330,48,150,192,82,12
826,604,790,342,50,596,774,332,48,154,198,84,12
827,724,964,420,62,714,934,400,58,180,232,98,14
828,808,1060,462,68,712,936,408,60,170,222,96,14
829,772,958,396,56,700,866,356,50,170,210,86,12
830,772,994,426,62,736,944,402,58,182,232,98,14
831,916,1204,516,74,874,1134,480,68,212,272,114,16
832,688,880,378,56,612,786,338,50,150,192,82,12
833,372,494,224,36,324,434,198,32,82,110,50,8
834,348,470,214,34,356,470,208,32,90,118,52,8
835,240,396,212,38,228,366,192,34,58,90,46,8
836,456,612,278,44,496,652,288,44,150,192,82,12
837,204,298,144,24,248,348,162,26,86,116,52,8
838,372,530,254,40,384,548,248,38,102,140,64,10
839,336,540,274,44,332,514,250,40,86,128,62,10
840,480,696,314,48,468,618,274,42,114,150,66,10
841,192,322,160,28,190,276,134,24,48,70,34,6
842,252,350,162,26,246,342,154,24,60,84,38,6
843,180,300,160,30,154,258,138,26,36,60,32,6
844,432,624,298,48,452,634,294,46,132,180,80,12
845,216,334,164,28,234,350,168,28,76,108,50,8
846,480,640,286,44,426,598,264,40,108,148,66,10
847,476,668,306,48,406,576,266,42,100,140,64,10
848,604,754,312,44,560,696,286,40,142,176,72,10
849,524,658,276,40,504,632,264,38,134,168,70,10
850,324,410,174,26,312,392,164,24,82,102,42,6
851,368,492,220,34,372,486,212,32,98,126,54,8
852,412,522,220,32,452,574,240,34,134,168,70,10
853,380,474,196,28,448,556,228,32,142,176,72,10
854,348,470,214,32,356,470,204,30,98,126,54,8
855,416,588,272,40,436,594,262,38,118,156,68,10
856,412,570,248,36,416,528,222,32,102,132,56,8
857,356,486,212,32,380,474,200,30,102,128,54,8
858,228,290,122,18,208,264,110,16,54,68,28,4
859,284,384,168,26,278,368,158,24,72,94,40,6
860,408,546,240,36,408,556,246,36,118,156,68,10
861,404,510,216,32,438,558,234,34,128,166,70,10
862,456,580,246,36,408,520,220,32,106,134,56,8
863,536,710,304,44,498,654,278,40,128,166,70,10
864,580,754,330,50,576,744,322,48,150,192,82,12
865,360,472,212,34,360,464,204,32,94,120,52,8
866,444,574,250,38,476,606,258,38,126,160,68,10
867,336,466,210,34,324,446,202,32,82,110,50,8
868,424,540,234,36,432,552,238,36,126,160,68,10
869,228,294,128,20,236,302,130,20,74,94,40,6
870,420,570,262,42,496,652,288,44,150,192,82,12
871,356,498,234,38,392,532,242,38,110,148,66,10
872,424,586,266,42,384,536,250,40,102,140,64,10
873,216,316,148,26,178,266,132,24,48,70,34,6
874,348,454,198,30,372,478,204,30,102,128,54,8
875,272,358,158,26,250,338,148,24,60,80,36,6
876,424,564,254,40,408,544,244,38,114,150,66,10
877,240,330,148,24,222,304,136,22,64,86,38,6
878,468,642,294,46,512,684,304,46,144,190,82,12
879,416,582,266,42,418,574,258,40,112,150,66,10
880,712,952,420,62,704,924,400,58,178,230,98,14
881,536,728,328,50,552,732,322,48,146,190,82,12
882,492,646,282,42,492,638,274,40,130,166,70,10
883,584,792,356,54,576,764,336,50,146,190,82,12
884,528,704,314,48,524,694,306,46,146,190,82,12
885,428,562,244,36,448,580,248,36,130,166,70,10
886,468,642,294,46,512,684,304,46,146,190,82,12
887,632,864,388,58,664,880,384,56,178,230,98,14
888,552,784,356,54,496,708,328,50,126,176,80,12
889,404,572,264,42,380,534,250,40,102,140,64,10
890,396,526,230,34,388,510,220,32,102,132,56,8
891,536,696,304,46,512,656,282,42,126,160,68,10
892,504,716,334,52,480,676,312,48,130,178,80,12
893,452,598,264,40,444,582,254,38,122,158,68,10
894,516,714,326,50,528,716,320,48,142,188,82,12
895,692,948,420,62,690,922,400,58,176,230,98,14
896,736,964,420,62,692,922,398,58,166,220,96,14
897,416,576,268,42,392,558,258,40,96,136,64,10
898,404,570,266,42,404,564,258,40,100,138,64,10
899,296,500,268,46,284,470,248,42,72,116,60,10
900,416,584,274,44,404,554,254,40,112,148,66,10
901,164,274,144,24,160,260,134,22,52,78,38,6
902,356,546,262,42,320,508,254,40,76,118,60,10
903,320,560,284,46,280,492,262,42,64,112,60,10
904,584,836,388,58,592,820,372,56,166,220,96,14
905,296,466,236,38,318,476,232,38,98,138,64,10
906,380,534,246,38,398,562,252,38,106,146,66,10
907,308,488,248,42,318,488,242,40,86,128,62,10
908,464,680,326,52,468,662,308,48,130,178,80,12
909,248,394,196,32,254,388,188,30,78,112,52,8
910,520,718,326,50,482,704,318,48,118,168,78,12
911,516,744,348,54,478,704,326,50,114,166,78,12
912,616,784,336,50,600,774,328,48,150,192,82,12
913,552,712,308,46,560,734,314,46,146,190,82,12
914,356,474,214,34,344,456,204,32,90,118,52,8
915,384,536,256,42,392,536,250,40,104,140,64,10
916,340,446,200,32,340,446,194,30,94,120,52,8
917,324,422,184,28,348,446,190,28,100,126,54,8
918,308,450,210,34,280,408,200,32,70,100,48,8
919,360,548,264,42,348,518,256,40,88,128,62,10
920,484,662,304,46,516,682,302,46,146,190,82,12
921,444,602,276,42,496,652,288,44,150,192,82,12
922,332,438,194,30,348,454,198,30,98,126,54,8
923,372,512,236,38,406,544,244,38,114,150,66,10
924,412,554,252,40,404,554,248,38,114,150,66,10
925,408,542,236,36,422,564,244,36,122,158,68,10
926,476,622,274,42,452,604,264,40,114,150,66,10
927,540,732,328,50,530,724,320,48,134,180,80,12
928,604,790,342,50,596,774,332,48,154,198,84,12
929,368,488,220,34,368,480,212,32,96,124,54,8
930,500,674,302,46,528,700,308,46,142,188,82,12
931,392,580,270,42,380,550,260,40,96,136,64,10
932,400,536,238,36,356,478,212,32,94,124,54,8
933,188,270,128,20,148,214,102,16,40,56,26,4
934,356,498,234,38,392,532,242,38,112,148,66,10
935,300,442,214,34,296,428,204,32,76,110,52,8
936,532,706,310,46,524,714,316,46,142,188,82,12
937,308,416,188,30,306,430,196,30,86,116,52,8
938,452,618,278,42,520,688,300,44,154,198,84,12
939,380,538,246,38,402,558,252,38,110,148,66,10
940,472,644,290,44,440,596,266,40,118,156,68,10
941,272,390,180,28,242,342,156,24,66,90,40,6
942,476,654,298,46,516,690,306,46,142,188,82,12
943,432,610,278,42,430,596,268,40,114,154,68,10
944,724,964,420,62,714,934,400,58,180,232,98,14
945,564,764,336,50,578,766,330,48,152,198,84,12
946,560,758,334,50,554,742,324,48,144,190,82,12
947,660,916,412,62,650,886,392,58,164,220,96,14
948,500,688,310,48,442,606,272,42,112,150,66,10
949,408,558,244,36,378,510,220,32,100,132,56,8
950,416,582,266,42,418,574,258,40,112,150,66,10
951,564,784,356,54,558,756,336,50,142,188,82,12
952,652,880,388,58,630,872,384,56,164,220,96,14
953,516,692,304,46,526,716,314,46,144,190,82,12
954,512,702,310,46,546,730,316,46,152,198,84,12
955,648,880,388,58,676,892,384,56,180,232,98,14
956,548,784,362,56,506,714,326,50,132,180,80,12
957,504,678,296,44,482,638,274,40,128,166,70,10
958,536,738,330,50,542,732,322,48,144,190,82,12
959,696,952,420,62,692,924,400,58,176,230,98,14
960,808,1060,462,68,712,936,408,60,170,222,96,14
961,508,678,308,48,436,586,268,42,104,140,64,10
962,508,678,302,46,484,638,280,42,116,150,66,10
963,400,600,300,50,352,528,264,44,80,120,60,10
964,496,672,306,48,516,682,302,46,134,180,80,12
965,244,354,172,28,264,372,176,28,72,104,50,8
966,388,570,274,44,376,548,254,40,92,130,62,10
967,352,576,294,48,312,508,256,42,72,116,60,10
968,592,808,366,56,532,726,328,50,134,180,80,12
969,304,438,212,36,266,386,188,32,70,100,48,8
970,340,474,218,34,344,468,210,32,86,116,52,8
971,268,420,216,38,242,378,194,34,58,90,46,8
972,616,852,390,60,616,832,372,56,170,222,96,14
973,400,558,256,40,394,542,246,38,110,148,66,10
974,616,828,370,56,550,756,334,50,134,180,80,12
975,604,848,390,60,514,726,336,52,122,170,78,12
976,772,958,396,56,700,866,356,50,170,210,86,12
977,676,854,360,52,628,794,334,48,158,200,84,12
978,508,630,262,38,460,570,236,34,110,136,56,8
979,568,716,308,46,532,666,284,42,128,160,68,10
980,484,598,248,36,492,614,254,36,126,160,68,10
981,436,542,224,32,476,590,242,34,130,166,70,10
982,388,522,234,36,360,480,210,32,90,118,52,8
983,472,644,292,44,452,606,268,40,112,148,66,10
984,556,706,300,44,520,656,276,40,130,166,70,10
985,484,614,264,40,468,594,254,38,126,160,68,10
986,340,426,178,26,320,400,166,24,82,102,42,6
987,412,524,224,34,402,506,214,32,102,128,54,8
988,616,790,332,48,592,764,324,46,158,200,84,12
989,604,746,308,44,616,760,312,44,170,210,86,12
990,616,780,330,48,544,688,290,42,134,168,70,10
991,712,914,388,56,646,824,348,50,158,200,84,12
992,772,994,426,62,736,944,402,58,182,232,98,14
993,568,716,308,46,532,666,284,42,128,160,68,10
994,604,782,338,50,592,774,330,48,146,190,82,12
995,496,666,298,46,448,608,274,42,104,140,64,10
996,448,592,262,40,436,574,252,38,122,158,68,10
997,268,350,156,24,252,326,144,22,72,92,40,6
998,484,650,294,46,504,684,304,46,134,180,80,12
999,412,570,266,42,392,556,258,40,96,136,64,10
1000,520,724,330,50,496,684,312,48,134,180,80,12
1001,328,458,212,34,302,416,194,32,82,110,50,8
1002,436,578,254,38,464,604,260,38,122,158,68,10
1003,352,474,214,34,338,456,204,32,82,110,50,8
1004,592,784,346,52,556,734,322,48,146,190,82,12
1005,424,554,240,36,382,496,214,32,98,126,54,8
1006,676,890,390,58,688,892,384,56,182,232,98,14
1007,616,822,362,54,586,774,338,50,146,190,82,12
1008,916,1204,516,74,874,1134,480,68,212,272,114,16
1009,724,972,424,62,706,934,402,58,176,230,98,14
1010,640,854,370,54,610,806,346,50,152,198,84,12
1011,724,996,444,66,682,926,408,60,164,220,96,14
1012,556,764,342,52,534,724,320,48,144,190,82,12
1013,448,618,272,40,446,604,262,38,124,164,70,10
1014,520,722,326,50,510,716,320,48,132,180,80,12
1015,700,948,420,62,662,914,400,58,160,218,96,14
1016,652,932,420,62,614,864,390,58,160,218,96,14
1017,496,714,328,50,486,684,312,48,132,180,80,12
1018,472,650,286,42,470,636,276,40,124,164,70,10
1019,604,816,360,54,582,776,338,50,144,190,82,12
1020,676,944,426,64,634,874,390,58,164,220,96,14
1021,616,822,356,52,586,774,332,48,152,198,84,12
1022,712,962,422,62,694,924,400,58,176,230,98,14
1023,904,1200,516,74,868,1132,480,68,212,272,114,16
1024,1060,1306,534,74,976,1204,492,68,230,284,116,16
1025,644,814,344,50,620,786,332,48,158,200,84,12
1026,676,854,360,52,628,794,334,48,158,200,84,12
1027,524,726,334,52,500,686,312,48,134,180,80,12
1028,772,970,406,58,688,868,364,52,158,200,84,12
1029,428,554,236,34,400,520,222,32,102,132,56,8
1030,604,818,366,54,544,736,330,50,134,180,80,12
1031,548,786,362,54,496,708,328,50,126,176,80,12
1032,844,1096,454,64,742,974,412,58,176,230,98,14
1033,452,616,264,40,414,568,252,38,112,150,66,10
1034,532,692,292,42,478,624,264,38,128,166,70,10
1035,428,588,266,42,390,536,242,38,112,150,66,10
1036,808,1066,458,66,742,976,418,60,176,230,98,14
1037,512,674,288,42,494,648,276,40,128,166,70,10
1038,760,1002,430,62,718,944,404,58,176,230,98,14
1039,744,986,426,62,710,936,402,58,176,230,98,14
1040,676,838,348,50,644,802,334,48,162,202,84,12
1041,524,658,280,42,568,712,300,44,162,202,84,12
1042,404,502,212,32,380,474,200,30,102,128,54,8
1043,348,478,222,36,372,502,228,36,114,150,66,10
1044,436,542,228,34,400,506,214,32,94,120,52,8
1045,308,398,172,26,348,446,190,28,98,126,54,8
1046,356,478,218,34,316,426,196,32,82,110,50,8
1047,324,490,240,38,328,484,234,38,98,138,64,10
1048,472,628,268,40,428,574,254,38,110,148,66,10
1049,332,460,200,32,362,494,220,34,112,150,66,10
1050,272,340,144,22,240,304,130,20,74,94,40,6
1051,228,328,154,26,242,342,158,26,88,118,52,8
1052,500,650,280,42,464,616,268,40,114,150,66,10
1053,392,518,224,34,426,574,244,36,120,158,68,10
1054,524,662,282,42,500,634,270,40,126,160,68,10
1055,504,686,304,46,522,702,308,46,144,190,82,12
1056,772,958,396,56,700,866,356,50,170,210,86,12
1057,452,570,242,36,416,520,218,32,110,136,56,8
1058,604,746,308,44,616,760,312,44,170,210,86,12
1059,404,542,236,36,416,556,244,36,122,158,68,10
1060,532,650,266,38,472,580,238,34,110,136,56,8
1061,236,298,124,18,208,264,110,16,54,68,28,4
1062,508,666,292,44,472,616,268,40,122,158,68,10
1063,372,510,232,36,348,470,210,32,90,122,54,8
1064,568,740,316,46,496,648,276,40,122,158,68,10
1065,260,364,162,26,222,312,138,22,64,86,38,6
1066,460,584,240,34,466,590,242,34,128,166,70,10
1067,300,392,168,26,306,406,174,26,88,118,52,8
1068,604,758,318,46,556,698,292,42,134,168,70,10
1069,320,418,176,26,302,392,164,24,80,102,42,6
1070,616,822,356,52,586,774,332,48,152,198,84,12
1071,504,678,296,44,482,638,274,40,128,166,70,10
1072,604,814,366,56,548,734,328,50,138,182,80,12
1073,404,546,250,40,408,556,246,38,114,150,66,10
1074,356,486,224,36,380,510,230,36,114,150,66,10
1075,356,530,262,44,424,592,276,44,138,182,80,12
1076,332,470,226,38,292,418,202,34,70,100,48,8
1077,188,274,132,22,216,300,138,22,62,84,38,6
1078,284,418,208,36,256,376,186,32,70,100,48,8
1079,348,534,266,44,340,506,246,40,98,138,64,10
1080,392,596,286,46,336,516,248,40,86,128,62,10
1081,212,340,170,30,224,348,166,28,70,100,48,8
1082,224,324,156,26,240,340,160,26,74,106,50,8
1083,260,392,194,34,314,442,206,34,100,140,64,10
1084,380,566,278,46,356,526,256,42,90,130,62,10
1085,272,394,184,30,310,428,192,30,90,118,52,8
1086,404,574,272,44,380,534,250,40,102,140,64,10
1087,480,702,330,52,474,674,310,48,132,180,80,12
1088,1060,1306,534,74,976,1204,492,68,230,284,116,16
1089,676,838,348,50,644,802,334,48,162,202,84,12
1090,772,958,396,56,700,866,356,50,170,210,86,12
1091,604,814,366,56,548,734,328,50,138,182,80,12
1092,1060,1306,534,74,976,1204,492,68,230,284,116,16
1093,700,874,360,50,664,832,344,48,166,208,86,12
1094,844,1054,438,62,760,976,412,58,182,232,98,14
1095,772,994,426,62,688,924,402,58,166,220,96,14
1096,952,1180,486,68,832,1036,428,60,194,242,100,14
1097,580,724,300,44,510,644,270,40,128,162,68,10
1098,700,880,360,50,586,738,302,42,140,176,72,10
1099,580,760,330,50,474,626,274,42,116,152,66,10
1100,952,1234,522,74,886,1144,482,68,212,272,114,16
1101,640,826,348,50,614,792,334,48,156,200,84,12
1102,808,1042,438,62,766,984,412,58,188,240,100,14
1103,760,994,426,62,726,944,402,58,180,232,98,14
1104,700,874,360,50,664,832,344,48,166,208,86,12
1105,532,670,284,42,572,718,302,44,158,200,84,12
1106,460,586,248,36,416,528,222,32,106,134,56,8
1107,436,586,262,40,432,572,252,38,122,158,68,10
1108,700,874,360,50,652,826,344,48,158,200,84,12
1109,556,706,296,42,592,748,312,44,166,208,86,12
1110,556,694,290,42,496,648,278,40,122,158,68,10
1111,556,730,316,46,532,722,318,46,142,188,82,12
1112,592,748,312,44,520,664,280,40,126,164,70,10
1113,436,556,236,36,438,560,238,36,126,160,68,10
1114,400,508,212,30,312,400,168,24,78,100,42,6
1115,388,520,226,34,338,454,198,30,96,126,54,8
1116,604,814,348,50,572,766,334,48,142,188,82,12
1117,496,658,284,42,542,708,302,44,152,198,84,12
1118,532,682,290,42,512,656,278,40,130,166,70,10
1119,544,730,316,46,558,740,318,46,152,198,84,12
1120,844,1054,438,62,760,976,410,58,182,232,98,14
1121,556,690,288,42,500,646,274,40,126,160,68,10
1122,628,790,332,48,604,774,324,46,158,200,84,12
1123,412,554,252,40,404,554,248,38,114,150,66,10
1124,700,886,374,54,652,826,348,50,158,200,84,12
1125,436,558,236,34,412,526,222,32,106,134,56,8
1126,700,922,404,58,688,892,384,56,182,232,98,14
1127,532,734,336,50,532,714,318,48,142,188,82,12
1128,664,892,390,56,568,768,344,50,134,180,80,12
1129,388,540,240,36,318,448,208,32,80,110,50,8
1130,556,712,296,42,514,654,270,38,134,168,70,10
1131,364,488,216,34,330,446,194,30,92,120,52,8
1132,628,826,362,54,592,776,338,50,146,190,82,12
1133,376,510,224,34,362,486,212,32,96,126,54,8
1134,736,958,406,58,694,924,394,56,176,230,98,14
1135,592,782,338,50,558,756,328,48,144,190,82,12
1136,772,994,426,62,688,924,400,58,166,220,96,14
1137,556,714,308,46,516,714,312,46,134,180,80,12
1138,412,570,260,40,416,564,252,38,118,156,68,10
1139,412,606,294,48,452,630,292,46,134,180,80,12
1140,580,786,354,54,544,736,330,50,134,180,80,12
1141,436,582,256,38,448,602,260,38,118,156,68,10
1142,508,714,332,50,496,684,312,48,134,180,80,12
1143,580,834,388,58,592,820,372,56,166,220,96,14
1144,568,828,378,56,480,708,334,50,114,166,78,12
1145,388,564,260,40,344,516,246,38,90,130,62,10
1146,352,492,224,34,312,436,198,30,90,122,54,8
1147,388,552,258,42,378,522,238,38,114,150,66,10
1148,484,714,342,54,464,676,320,50,118,168,78,12
1149,376,534,244,38,408,562,250,38,110,148,66,10
1150,556,750,334,50,512,716,322,48,130,178,80,12
1151,664,890,390,58,630,872,382,56,164,220,96,14
1152,952,1180,486,68,832,1036,428,60,194,242,100,14
1153,552,692,296,44,488,620,268,40,124,158,68,10
1154,616,756,316,46,520,644,272,40,128,160,68,10
1155,456,624,290,46,380,530,250,40,100,138,64,10
1156,700,850,350,50,616,748,308,44,140,170,70,10
1157,348,430,180,26,316,394,166,24,80,100,42,6
1158,508,678,302,46,436,586,268,42,104,140,64,10
1159,444,642,298,46,376,552,266,42,92,134,64,10
1160,808,1012,422,60,760,952,396,56,194,242,100,14
1161,420,536,232,36,426,546,236,36,126,160,68,10
1162,508,636,264,38,478,600,250,36,134,168,70,10
1163,396,528,238,38,378,506,228,36,114,150,66,10
1164,772,988,418,60,670,856,362,52,158,200,84,12
1165,468,592,248,36,410,522,220,32,106,134,56,8
1166,676,884,382,56,598,784,340,50,146,190,82,12
1167,644,860,378,56,574,768,338,50,142,188,82,12
1168,580,724,300,44,510,644,270,40,128,162,68,10
1169,420,536,232,36,426,546,236,36,124,160,68,10
1170,324,404,168,26,254,324,138,22,68,88,38,6
1171,284,384,178,30,258,354,166,28,82,110,50,8
1172,352,426,172,26,310,388,158,24,72,90,38,6
1173,216,274,116,18,254,320,134,20,78,96,40,6
1174,240,338,154,26,190,276,134,24,48,70,34,6
1175,224,354,176,30,214,336,172,30,66,98,48,8
1176,436,556,236,36,438,560,238,36,124,160,68,10
1177,288,380,168,28,364,472,204,32,128,162,68,10
1178,228,284,116,18,222,280,116,18,76,96,40,6
1179,200,276,126,22,236,320,144,24,92,120,52,8
1180,444,576,240,36,374,496,212,32,92,120,52,8
1181,336,436,184,28,348,448,188,28,100,128,54,8
1182,420,544,234,36,362,474,206,32,92,120,52,8
1183,416,572,256,40,396,544,244,38,112,150,66,10
1184,700,880,360,50,586,738,302,42,140,176,72,10
1185,396,496,206,30,314,394,164,24,82,102,42,6
1186,508,636,264,38,478,600,250,36,128,166,70,10
1187,300,424,192,30,266,390,182,28,82,114,52,8
1188,400,510,210,30,346,442,182,26,80,102,42,6
1189,120,162,68,10,94,128,54,8,26,34,14,2
1190,400,554,240,36,382,496,214,32,98,126,54,8
1191,248,390,180,28,242,342,156,24,62,88,40,6
1192,508,684,296,42,478,636,270,38,128,166,70,10
1193,216,312,142,22,216,302,132,20,72,94,40,6
1194,400,516,212,30,436,556,228,32,140,176,72,10
1195,224,316,140,22,264,366,160,24,96,126,54,8
1196,508,660,278,40,430,560,236,34,104,134,56,8
1197,240,324,136,20,188,256,108,16,52,68,28,4
1198,568,752,320,46,496,654,278,40,128,166,70,10
1199,440,600,260,38,376,510,220,32,100,132,56,8
1200,580,760,330,50,474,626,274,42,116,152,66,10
1201,372,484,214,34,318,440,192,30,88,118,52,8
1202,276,388,180,30,254,360,168,28,80,110,50,8
1203,276,428,218,38,294,436,214,36,100,140,64,10
1204,240,350,170,30,202,298,146,26,48,70,34,6
1205,96,150,76,14,118,174,82,14,36,52,24,4
1206,192,318,156,28,178,266,132,24,48,70,34,6
1207,264,438,214,36,274,398,192,32,78,108,50,8
1208,372,560,266,42,354,522,242,38,100,140,64,10
1209,192,300,150,26,230,348,160,26,80,110,50,8
1210,180,268,128,22,222,316,146,24,88,118,52,8
1211,216,332,166,30,292,412,192,32,116,152,66,10
1212,324,488,238,40,266,406,200,34,68,100,48,8
1213,216,312,144,24,216,302,136,22,64,86,38,6
1214,372,516,236,38,302,424,196,32,80,110,50,8
1215,464,648,294,46,408,566,256,40,112,150,66,10
1216,952,1234,522,74,886,1144,482,68,212,272,114,16
1217,584,770,336,50,566,744,324,48,146,190,82,12
1218,712,914,388,56,646,824,348,50,158,200,84,12
1219,536,766,358,56,482,686,320,50,122,170,78,12
1220,808,1066,458,66,742,976,418,60,176,230,98,14
1221,464,638,284,42,442,606,270,40,114,154,68,10
1222,616,822,362,54,562,766,338,50,134,180,80,12
1223,528,754,350,54,478,708,328,50,114,166,78,12
1224,772,1024,442,64,706,934,402,58,176,230,98,14
1225,416,572,256,40,396,544,244,38,112,150,66,10
1226,568,752,320,46,496,654,278,40,128,166,70,10
1227,440,628,290,46,372,536,250,40,100,140,64,10
1228,916,1210,518,74,868,1132,480,68,212,272,114,16
1229,596,798,344,50,584,774,332,48,152,198,84,12
1230,724,978,426,62,700,932,402,58,176,230,98,14
1231,660,922,414,62,644,884,392,58,164,220,96,14
1232,640,826,348,50,614,792,334,48,156,200,84,12
1233,464,614,272,42,514,670,292,44,144,190,82,12
1234,416,554,240,36,374,496,214,32,96,126,54,8
1235,408,558,254,40,402,542,244,38,114,150,66,10
1236,488,658,284,42,454,616,270,40,112,150,66,10
1237,344,482,220,34,390,532,238,36,116,156,68,10
1238,344,474,214,34,310,448,204,32,76,108,50,8
1239,360,514,240,38,358,524,244,38,98,138,64,10
1240,460,616,268,40,434,582,254,38,116,156,68,10
1241,296,416,192,32,344,470,212,34,112,150,66,10
1242,284,392,172,26,234,326,144,22,68,92,40,6
1243,288,408,186,30,272,382,174,28,88,118,52,8
1244,584,802,344,50,566,764,332,48,144,190,82,12
1245,476,642,280,42,532,700,300,44,156,200,84,12
1246,464,630,278,42,458,614,268,40,120,158,68,10
1247,492,682,304,46,516,700,308,46,144,190,82,12
1248,808,1042,438,62,766,984,412,58,188,240,100,14
1249,536,682,288,42,518,656,276,40,134,168,70,10
1250,616,806,336,48,586,774,326,46,152,198,84,12
1251,408,562,256,40,398,556,250,38,110,148,66,10
1252,568,746,318,46,526,688,292,42,128,166,70,10
1253,320,422,180,26,298,390,166,24,78,100,42,6
1254,568,770,342,50,550,732,322,48,140,188,82,12
1255,384,574,274,42,378,546,256,40,102,144,66,10
1256,604,832,358,52,550,756,332,48,140,188,82,12
1257,344,484,208,32,312,438,196,30,88,118,52,8
1258,496,644,268,38,466,614,256,36,128,166,70,10
1259,288,412,188,30,288,404,180,28,88,118,52,8
1260,640,854,370,54,610,806,346,50,152,198,84,12
1261,404,542,232,34,392,518,220,32,104,134,56,8
1262,724,954,406,58,724,940,396,56,188,240,100,14
1263,564,770,338,50,572,764,330,48,152,198,84,12
1264,760,994,426,62,726,944,402,58,180,232,98,14
1265,552,718,308,46,546,734,314,46,144,190,82,12
1266,440,598,264,40,434,582,254,38,120,158,68,10
1267,440,630,298,48,466,642,294,46,132,180,80,12
1268,488,666,298,46,454,616,274,42,112,150,66,10
1269,344,458,200,30,346,476,204,30,92,124,54,8
1270,392,574,270,42,370,534,250,40,100,140,64,10
1271,464,690,326,50,462,664,310,48,128,178,80,12
1272,548,784,346,52,498,714,322,48,128,178,80,12
1273,368,520,228,36,350,516,234,36,100,140,64,10
1274,308,436,196,30,294,412,184,28,92,124,54,8
1275,344,492,230,38,356,492,224,36,112,150,66,10
1276,536,762,350,54,518,724,328,50,132,180,80,12
1277,428,578,252,38,450,604,258,38,120,158,68,10
1278,560,758,334,50,554,742,324,48,144,190,82,12
1279,660,890,390,58,676,892,384,56,180,232,98,14
1280,808,1000,408,56,808,1000,408,56,202,250,102,14
1281,512,652,276,40,516,658,278,40,130,166,70,10
1282,500,622,256,36,488,624,258,36,130,166,70,10
1283,392,556,250,38,396,558,254,38,106,146,66,10
1284,548,690,288,40,528,664,278,40,130,166,70,10
1285,296,392,168,24,296,392,168,24,74,98,42,6
1286,436,598,262,38,404,566,254,38,106,146,66,10
1287,384,568,268,40,384,556,260,40,98,142,66,10
1288,604,790,328,46,572,762,328,46,148,196,84,12
1289,320,454,196,30,310,440,198,30,84,116,52,8
1290,364,460,188,26,338,454,188,26,100,132,56,8
1291,288,406,182,28,286,408,184,28,84,116,52,8
1292,596,786,340,48,592,772,332,48,148,196,84,12
1293,380,512,220,32,390,520,222,32,100,132,56,8
1294,592,782,326,46,578,774,328,46,148,196,84,12
1295,564,764,332,48,578,774,334,48,148,196,84,12
1296,760,952,396,56,768,960,398,56,194,242,100,14
1297,744,936,392,56,760,952,396,56,194,242,100,14
1298,524,658,276,40,504,632,264,38,134,168,70,10
1299,504,676,302,46,532,702,308,46,146,190,82,12
1300,520,656,276,40,524,664,278,40,126,160,68,10
1301,504,648,276,40,512,656,278,40,130,166,70,10
1302,476,634,282,42,440,584,260,40,114,150,66,10
1303,480,688,320,48,488,684,314,48,130,178,80,12
1304,556,742,316,46,552,732,318,46,142,188,82,12
1305,552,738,312,46,546,732,316,46,144,190,82,12
1306,392,496,208,30,364,462,194,28,106,134,56,8
1307,384,526,234,36,402,542,238,36,120,158,68,10
1308,592,764,328,48,588,774,332,48,146,190,82,12
1309,564,756,328,48,586,774,332,48,152,198,84,12
1310,644,818,346,50,624,792,334,48,158,200,84,12
1311,660,884,384,56,682,902,388,56,176,230,98,14
1312,604,754,312,44,560,696,286,40,142,176,72,10
1313,320,408,174,26,312,392,164,24,82,102,42,6
1314,380,474,196,28,448,556,228,32,142,176,72,10
1315,272,392,184,28,312,428,190,28,94,124,54,8
1316,356,446,182,26,332,410,168,24,82,102,42,6
1317,104,136,56,8,104,136,56,8,26,34,14,2
1318,308,406,180,28,324,422,184,28,94,124,54,8
1319,272,390,180,28,244,342,156,24,62,88,40,6
1320,400,536,232,34,356,478,206,30,94,124,54,8
1321,128,202,94,16,118,184,84,14,36,52,24,4
1322,248,312,128,18,308,386,158,22,100,132,56,8
1323,176,254,116,18,202,278,120,18,60,84,38,6
1324,404,554,234,34,416,528,222,32,106,134,56,8
1325,188,256,108,16,198,264,110,16,52,68,28,4
1326,428,562,244,36,446,580,248,36,124,164,70,10
1327,408,558,244,36,378,510,220,32,100,132,56,8
1328,616,796,342,50,612,782,332,48,158,200,84,12
1329,504,652,282,42,508,646,274,40,134,168,70,10
1330,404,510,216,32,444,558,234,34,134,168,70,10
1331,480,632,278,42,544,700,300,44,158,200,84,12
1332,376,488,212,32,356,466,206,32,90,118,52,8
1333,312,392,164,24,320,400,166,24,82,102,42,6
1334,332,442,200,32,320,424,190,30,90,118,52,8
1335,432,600,274,42,440,596,266,40,118,156,68,10
1336,412,578,262,40,400,564,252,38,106,146,66,10
1337,324,446,202,32,324,438,194,30,90,118,52,8
1338,272,348,148,22,304,388,164,24,94,124,54,8
1339,360,482,210,32,414,540,230,34,120,158,68,10
1340,428,590,264,40,420,574,260,40,110,148,66,10
1341,408,512,216,32,424,528,220,32,110,136,56,8
1342,452,598,264,40,444,582,254,38,122,158,68,10
1343,564,768,338,50,574,764,330,48,152,198,84,12
1344,808,1000,408,56,796,992,406,56,194,242,100,14
1345,496,628,268,40,500,634,270,40,126,160,68,10
1346,532,670,280,40,520,654,270,38,134,168,70,10
1347,424,604,278,42,404,566,264,40,102,140,64,10
1348,772,970,406,56,760,952,396,56,194,242,100,14
1349,520,664,280,40,520,664,280,40,130,166,70,10
1350,628,778,322,46,580,766,326,46,146,190,82,12
1351,592,772,332,48,544,756,332,48,130,178,80,12
1352,688,874,360,50,636,814,342,48,158,200,84,12
1353,400,514,220,34,366,476,206,32,92,120,52,8
1354,472,592,244,34,406,526,216,30,104,134,56,8
1355,400,550,242,36,330,458,210,32,80,110,50,8
1356,676,898,394,56,680,892,386,56,176,230,98,14
1357,460,616,268,40,470,624,270,40,120,158,68,10
1358,592,766,322,46,586,774,326,46,152,198,84,12
1359,580,772,332,48,582,774,332,48,144,190,82,12
1360,808,1000,408,56,808,1000,408,56,202,250,102,14
1361,760,952,396,56,768,960,398,56,194,242,100,14
1362,604,754,312,44,560,696,286,40,142,176,72,10
1363,616,796,342,50,612,782,332,48,158,200,84,12
1364,808,1000,408,56,796,994,408,56,194,242,100,14
1365,808,1000,408,56,808,1000,408,56,202,250,102,14
1366,700,862,354,50,640,816,342,48,158,200,84,12
1367,736,940,396,56,712,932,398,56,178,230,98,14
1368,700,874,360,50,664,832,344,48,162,206,86,12
1369,676,838,348,50,644,802,334,48,162,202,84,12
1370,544,676,276,38,456,568,232,32,114,142,58,8
1371,568,730,306,44,518,664,278,40,132,168,70,10
1372,736,940,396,56,716,934,398,56,178,230,98,14
1373,724,940,396,56,738,950,398,56,188,240,100,14
1374,676,850,354,50,656,824,342,48,166,208,86,12
1375,724,940,396,56,738,950,398,56,188,240,100,14
1376,700,862,354,50,640,816,340,48,158,200,84,12
1377,448,540,220,32,416,528,220,32,102,128,54,8
1378,412,522,220,32,464,580,240,34,134,168,70,10
1379,304,432,200,32,320,436,194,30,90,118,52,8
1380,556,694,290,42,532,666,278,40,134,168,70,10
1381,328,408,168,24,328,408,168,24,82,102,42,6
1382,508,666,292,42,544,700,300,44,158,200,84,12
1383,460,626,284,42,448,596,264,40,118,156,68,10
1384,520,700,306,44,448,608,274,40,110,148,66,10
1385,280,390,172,26,234,330,154,24,56,78,36,6
1386,352,444,184,26,360,452,186,26,110,136,56,8
1387,280,378,164,26,246,328,140,22,68,88,38,6
1388,484,634,278,42,472,616,268,40,122,158,68,10
1389,268,360,156,24,278,368,158,24,72,94,40,6
1390,556,702,294,42,560,732,310,44,152,198,84,12
1391,520,674,286,42,474,638,274,40,120,158,68,10
1392,736,940,396,56,712,932,396,56,178,230,98,14
1393,592,764,328,48,576,764,330,48,146,190,82,12
1394,412,546,240,36,440,572,246,36,130,166,70,10
1395,520,692,306,46,540,722,314,46,146,190,82,12
1396,580,762,332,48,568,744,324,48,146,190,82,12
1397,496,644,276,40,508,654,278,40,130,166,70,10
1398,508,690,312,46,520,692,306,46,146,190,82,12
1399,640,872,390,56,664,880,384,56,178,230,98,14
1400,556,778,348,50,504,716,330,48,126,176,80,12
1401,436,614,280,42,404,566,264,40,102,140,64,10
1402,352,468,204,30,336,444,192,28,102,132,56,8
1403,472,626,270,40,470,612,260,38,126,160,68,10
1404,484,690,320,48,488,684,314,48,130,178,80,12
1405,448,596,264,40,468,614,268,40,122,158,68,10
1406,556,726,314,46,536,724,316,46,142,188,82,12
1407,700,920,392,56,690,922,394,56,176,230,98,14
1408,700,874,360,50,660,830,344,48,162,206,86,12
1409,396,518,228,34,364,482,214,32,92,122,54,8
1410,408,512,212,30,360,464,196,28,96,124,54,8
1411,300,450,206,32,256,392,192,30,68,102,50,8
1412,444,558,232,32,428,534,222,32,108,134,56,8
1413,192,256,112,16,192,256,112,16,48,64,28,4
1414,316,446,198,30,276,406,192,30,72,104,50,8
1415,272,420,204,32,252,398,198,32,60,98,50,8
1416,552,706,296,42,568,736,312,44,162,206,86,12
1417,264,362,164,26,302,408,182,28,94,124,54,8
1418,312,392,160,22,318,420,174,24,102,132,56,8
1419,240,342,154,24,254,368,170,26,82,114,52,8
1420,528,696,300,42,492,642,276,40,126,164,70,10
1421,312,418,180,26,286,384,166,24,74,98,42,6
1422,484,652,278,40,438,604,264,38,114,154,68,10
1423,464,638,284,42,438,604,270,40,110,152,68,10
1424,676,838,348,50,644,802,334,48,162,202,84,12
1425,644,814,344,50,620,786,332,48,158,200,84,12
1426,456,560,232,34,388,482,202,30,102,128,54,8
1427,452,582,258,40,428,554,246,38,116,150,66,10
1428,448,540,220,32,444,546,222,32,106,130,54,8
1429,440,532,220,32,444,538,222,32,112,136,56,8
1430,372,494,218,34,324,434,198,32,82,110,50,8
1431,392,552,256,40,384,536,252,40,100,138,64,10
1432,532,670,284,42,572,718,302,44,158,200,84,12
1433,524,658,280,42,568,712,300,44,162,202,84,12
1434,360,440,180,26,356,438,180,26,110,136,56,8
1435,368,474,206,32,406,520,224,34,126,160,68,10
1436,556,690,288,42,508,654,276,40,126,160,68,10
1437,536,682,288,42,518,656,276,40,134,168,70,10
1438,552,700,298,44,496,632,270,40,126,160,68,10
1439,584,770,336,50,566,744,324,48,146,190,82,12
1440,544,676,276,38,456,568,232,32,114,142,58,8
1441,276,334,138,20,220,266,110,16,56,68,28,4
1442,288,364,152,22,312,396,166,24,102,132,56,8
1443,180,278,140,22,172,262,128,20,56,80,38,6
1444,244,306,126,18,216,272,112,16,54,68,28,4
1445,0,0,0,0,0,0,0,0,0,0,0,0
1446,204,294,128,20,236,302,130,20,72,92,40,6
1447,164,270,128,20,148,214,102,16,36,54,26,4
1448,352,480,212,30,348,466,200,28,102,132,56,8
1449,96,150,74,12,122,174,78,12,46,60,26,4
1450,192,244,100,14,280,352,144,20,114,142,58,8
1451,120,182,88,14,170,238,106,16,70,92,40,6
1452,336,456,194,28,300,390,166,24,78,100,42,6
1453,120,162,68,10,94,128,54,8,26,34,14,2
1454,384,492,208,30,360,460,194,28,102,132,56,8
1455,356,480,208,30,282,382,166,24,74,98,42,6
1456,568,730,306,44,518,664,278,40,132,168,70,10
1457,440,578,246,36,398,520,220,32,104,134,56,8
1458,300,400,172,26,298,398,172,26,96,126,54,8
1459,392,526,234,36,410,542,238,36,116,156,68,10
1460,264,360,156,24,246,336,150,24,64,86,38,6
1461,188,256,108,16,198,264,110,16,52,68,28,4
1462,216,330,148,24,222,304,136,22,64,86,38,6
1463,332,492,222,34,354,478,212,32,94,124,54,8
1464,376,534,242,36,398,560,246,36,116,156,68,10
1465,272,394,182,28,310,428,188,28,96,126,54,8
1466,204,280,120,18,266,354,150,22,104,134,56,8
1467,308,418,182,28,388,508,216,32,132,168,70,10
1468,348,500,224,34,310,444,204,32,84,116,52,8
1469,320,418,176,26,302,392,164,24,80,102,42,6
1470,396,528,228,34,346,462,200,30,96,126,54,8
1471,524,702,302,44,488,646,276,40,128,166,70,10
1472,736,940,396,56,716,934,396,56,178,230,98,14
1473,416,560,256,40,432,576,260,40,112,148,66,10
1474,476,626,272,40,472,612,262,38,124,158,68,10
1475,368,556,270,42,348,518,256,40,88,128,62,10
1476,548,738,330,48,552,732,322,48,142,188,82,12
1477,296,428,204,32,308,438,206,32,80,112,52,8
1478,404,546,246,38,392,556,252,38,100,138,64,10
1479,368,544,256,40,344,540,258,40,80,124,62,10
1480,536,730,316,46,536,720,316,46,142,188,82,12
1481,248,362,176,30,262,376,180,30,78,108,50,8
1482,344,464,204,30,326,442,192,28,94,124,54,8
1483,272,418,202,32,238,368,186,30,66,98,48,8
1484,644,874,390,56,664,880,384,56,178,230,98,14
1485,428,588,264,40,450,606,268,40,118,156,68,10
1486,520,702,310,46,530,722,316,46,142,188,82,12
1487,516,712,320,48,510,716,322,48,130,178,80,12
1488,724,940,396,56,738,950,398,56,188,240,100,14
1489,660,884,384,56,682,902,388,56,176,230,98,14
1490,536,710,304,44,498,654,278,40,128,166,70,10
1491,564,756,334,50,562,742,324,48,146,190,82,12
1492,580,772,332,48,578,774,334,48,144,190,82,12
1493,564,764,332,48,578,774,334,48,148,196,84,12
1494,464,630,278,42,434,606,268,40,108,148,66,10
1495,516,712,320,48,518,724,324,48,130,178,80,12
1496,544,730,316,46,558,740,318,46,148,196,84,12
1497,504,686,304,46,522,702,308,46,144,190,82,12
1498,404,548,236,34,358,484,208,30,100,132,56,8
1499,444,606,266,40,432,582,254,38,120,158,68,10
1500,700,920,392,56,690,922,396,56,176,230,98,14
1501,696,920,392,56,724,940,396,56,188,240,100,14
1502,584,786,342,50,582,772,332,48,152,198,84,12
1503,648,880,384,56,676,900,388,56,176,230,98,14
1504,676,850,354,50,656,824,342,48,166,208,86,12
1505,440,532,220,32,444,538,222,32,112,136,56,8
1506,428,538,224,32,472,588,242,34,130,166,70,10
1507,320,444,204,32,324,438,196,30,88,116,52,8
1508,436,554,234,34,416,528,222,32,106,134,56,8
1509,224,272,112,16,224,272,112,16,56,68,28,4
1510,380,514,230,34,408,540,238,36,118,156,68,10
1511,324,466,222,34,304,428,202,32,80,112,52,8
1512,472,640,274,40,440,596,262,38,118,156,68,10
1513,248,334,140,22,238,320,142,22,66,86,38,6
1514,296,376,156,22,332,418,172,24,106,134,56,8
1515,224,304,136,22,214,286,126,20,66,86,38,6
1516,508,662,286,42,500,646,276,40,130,166,70,10
1517,308,392,164,24,318,400,166,24,82,102,42,6
1518,548,698,294,42,592,748,312,44,166,208,86,12
1519,504,662,286,42,498,646,276,40,130,166,70,10
1520,724,940,396,56,738,950,398,56,188,240,100,14
1521,564,756,328,48,586,774,332,48,152,198,84,12
1522,416,562,244,36,438,580,248,36,128,166,70,10
1523,516,712,310,46,526,724,316,46,140,188,82,12
1524,464,630,276,40,458,614,268,40,120,158,68,10
1525,372,508,220,32,386,518,222,32,100,132,56,8
1526,368,538,250,38,374,532,244,38,108,148,66,10
1527,516,724,328,48,530,722,322,48,136,186,82,12
1528,520,730,316,46,502,712,318,46,136,186,82,12
1529,384,558,248,38,390,556,252,38,108,148,66,10
1530,284,400,176,26,298,410,178,26,100,132,56,8
1531,420,562,242,36,426,574,246,36,120,158,68,10
1532,512,726,328,48,522,722,322,48,140,188,82,12
1533,468,628,272,40,490,646,276,40,128,166,70,10
1534,536,722,314,46,558,740,318,46,152,198,84,12
1535,696,920,392,56,724,940,396,56,188,240,100,14
1536,952,1216,516,74,904,1144,480,68,218,274,114,16
1537,584,776,344,52,560,736,322,48,146,190,82,12
1538,640,836,364,54,604,786,340,50,146,190,82,12
1539,464,676,320,50,452,646,304,48,122,170,78,12
1540,676,866,370,54,628,816,346,50,146,190,82,12
1541,332,462,210,32,316,438,198,30,90,122,54,8
1542,568,800,372,58,520,728,336,52,122,170,78,12
1543,480,708,340,54,448,668,320,50,114,166,78,12
1544,712,956,426,64,664,884,390,58,164,220,96,14
1545,356,528,254,42,330,486,232,38,100,140,64,10
1546,496,674,296,44,454,616,270,40,116,156,68,10
1547,368,538,252,40,342,496,234,38,100,140,64,10
1548,736,974,422,62,682,924,400,58,164,220,96,14
1549,416,582,262,40,410,566,252,38,116,156,68,10
1550,724,996,444,66,682,926,408,60,164,220,96,14
1551,660,916,412,62,650,886,392,58,164,220,96,14
1552,712,904,384,56,656,824,346,50,162,202,84,12
1553,536,680,292,44,568,712,300,44,162,202,84,12
1554,416,524,224,34,404,506,214,32,102,128,54,8
1555,408,552,252,40,408,544,244,38,114,150,66,10
1556,428,550,238,36,388,496,212,32,94,120,52,8
1557,284,366,158,24,324,414,176,26,98,126,54,8
1558,368,500,232,38,340,458,210,34,82,110,50,8
1559,384,564,272,44,364,526,250,40,98,138,64,10
1560,472,644,294,46,416,564,256,40,110,148,66,10
1561,308,432,202,34,338,462,210,34,112,150,66,10
1562,284,362,156,24,264,336,144,22,74,94,40,6
1563,288,402,184,30,278,384,174,28,88,118,52,8
1564,476,646,290,44,452,606,266,40,114,150,66,10
1565,368,486,210,32,418,542,230,34,120,158,68,10
1566,536,696,304,46,512,656,282,42,126,160,68,10
1567,564,772,344,52,546,734,322,48,144,190,82,12
1568,808,1024,432,62,784,984,410,58,194,242,100,14
1569,536,688,296,44,512,648,274,40,134,168,70,10
1570,760,960,404,58,760,952,396,56,194,242,100,14
1571,552,712,308,46,548,726,316,46,146,190,82,12
1572,604,758,318,46,556,698,292,42,134,168,70,10
1573,356,458,194,28,304,392,166,24,78,100,42,6
1574,616,816,360,54,592,776,338,50,146,190,82,12
1575,432,596,272,42,444,598,266,40,114,154,68,10
1576,628,814,352,52,580,766,330,48,146,190,82,12
1577,368,490,216,34,318,440,194,30,88,118,52,8
1578,616,810,336,48,586,772,326,46,152,198,84,12
1579,408,562,240,36,402,558,246,36,112,150,66,10
1580,676,866,370,54,640,816,346,50,158,200,84,12
1581,440,578,246,36,398,520,220,32,104,134,56,8
1582,724,972,424,62,706,934,402,58,176,230,98,14
1583,564,764,336,50,578,766,330,48,152,198,84,12
1584,616,784,336,50,596,774,328,48,150,192,82,12
1585,408,532,232,36,432,564,242,36,126,160,68,10
1586,440,568,248,38,464,592,254,38,126,160,68,10
1587,440,600,276,42,496,652,288,44,150,192,82,12
1588,380,510,222,34,340,458,210,32,82,110,50,8
1589,236,302,130,20,244,318,134,20,74,94,40,6
1590,296,416,200,34,304,416,194,32,82,110,50,8
1591,368,524,240,38,396,546,248,38,110,148,66,10
1592,428,574,256,40,384,556,248,38,98,138,64,10
1593,248,334,152,26,248,356,162,26,82,110,50,8
1594,284,406,180,28,288,404,184,28,86,116,52,8
1595,320,462,208,32,350,484,218,34,112,150,66,10
1596,428,606,274,42,404,566,264,40,102,140,64,10
1597,320,422,182,28,346,446,188,28,102,128,54,8
1598,416,572,264,42,428,574,258,40,114,150,66,10
1599,516,692,304,46,534,724,312,46,144,190,82,12
1600,844,1054,438,62,796,994,412,58,194,242,100,14
1601,508,638,270,40,476,602,256,38,126,160,68,10
1602,592,748,316,46,556,698,292,42,134,168,70,10
1603,400,572,264,42,380,534,250,40,102,140,64,10
1604,772,970,406,58,760,952,396,56,194,242,100,14
1605,460,590,250,36,460,590,250,36,130,166,70,10
1606,664,880,374,54,616,808,348,50,146,190,82,12
1607,544,756,334,50,520,724,324,48,130,178,80,12
1608,736,928,390,56,652,826,348,50,158,200,84,12
1609,412,524,222,34,342,444,192,30,92,120,52,8
1610,520,670,280,40,442,570,238,34,104,134,56,8
1611,376,510,228,36,306,426,196,32,80,110,50,8
1612,700,910,394,58,700,902,386,56,176,230,98,14
1613,400,542,238,36,410,550,240,36,120,158,68,10
1614,664,874,374,54,622,816,348,50,152,198,84,12
1615,568,762,334,50,558,744,324,48,144,190,82,12
1616,628,778,318,44,568,704,288,40,142,176,72,10
1617,436,530,218,32,464,568,234,34,134,168,70,10
1618,328,416,176,26,320,400,166,24,82,102,42,6
1619,328,464,208,32,348,454,198,30,98,126,54,8
1620,532,674,286,40,520,656,272,38,134,168,70,10
1621,388,482,198,28,448,556,228,32,142,176,72,10
1622,424,560,234,34,400,520,222,32,98,126,54,8
1623,472,648,278,40,448,604,264,38,118,156,68,10
1624,520,652,270,38,424,536,224,32,102,132,56,8
1625,340,416,170,26,330,410,170,26,102,128,54,8
1626,268,338,140,20,216,272,112,16,54,68,28,4
1627,304,402,172,26,254,336,144,22,72,94,40,6
1628,436,602,274,40,440,596,262,38,118,156,68,10
1629,328,434,186,28,398,516,218,32,128,166,70,10
1630,436,554,234,34,416,528,222,32,106,134,56,8
1631,496,654,278,40,474,622,264,38,128,166,70,10
1632,952,1216,516,74,904,1144,480,68,218,274,114,16
1633,712,904,384,56,656,824,346,50,162,202,84,12
1634,808,1024,432,62,784,984,410,58,194,242,100,14
1635,616,784,336,50,596,774,330,48,150,192,82,12
1636,844,1054,438,62,796,994,412,58,194,242,100,14
1637,628,778,318,44,568,704,288,40,142,176,72,10
1638,952,1216,516,74,904,1144,480,68,218,274,114,16
1639,736,964,420,62,724,934,400,58,178,230,98,14
1640,808,1060,462,68,712,936,408,60,170,222,96,14
1641,580,760,330,50,474,626,274,42,116,152,66,10
1642,772,958,396,56,700,866,356,50,170,210,86,12
1643,568,718,300,44,522,666,276,40,128,162,68,10
1644,772,994,426,62,736,944,402,58,182,232,98,14
1645,568,730,306,44,518,664,278,40,132,168,70,10
1646,916,1204,516,74,874,1134,480,68,212,272,114,16
1647,724,964,420,62,714,934,400,58,180,232,98,14
1648,736,964,420,62,720,932,400,58,178,230,98,14
1649,544,736,320,48,540,722,314,46,146,190,82,12
1650,496,652,284,42,500,646,276,40,130,166,70,10
1651,496,676,304,46,524,690,304,46,146,190,82,12
1652,628,802,342,50,592,776,332,48,146,190,82,12
1653,484,610,254,36,472,612,256,36,130,166,70,10
1654,592,796,356,54,580,766,336,50,146,190,82,12
1655,664,880,388,58,664,880,384,56,178,230,98,14
1656,592,808,366,56,528,726,328,50,126,176,80,12
1657,424,592,266,42,368,524,242,38,102,140,64,10
1658,436,574,248,36,396,518,222,32,102,132,56,8
1659,472,622,268,40,450,582,250,38,126,160,68,10
1660,532,742,330,50,512,716,322,48,130,178,80,12
1661,424,562,242,36,432,572,246,36,122,158,68,10
1662,568,784,356,54,560,756,336,50,142,188,82,12
1663,652,880,388,58,674,890,384,56,176,230,98,14
1664,808,1060,462,68,712,936,408,60,170,222,96,14
1665,456,624,290,46,380,530,250,40,100,138,64,10
1666,508,678,308,48,436,586,268,42,104,140,64,10
1667,324,514,264,44,272,440,232,40,76,118,60,10
1668,508,678,302,46,484,638,280,42,116,150,66,10
1669,180,278,142,24,172,262,132,22,56,80,38,6
1670,400,600,300,50,352,528,264,44,80,120,60,10
1671,296,500,268,46,268,462,248,42,68,114,60,10
1672,616,852,390,60,616,832,372,56,170,222,96,14
1673,276,428,218,38,294,436,214,36,102,140,64,10
1674,400,558,256,40,394,542,246,38,110,148,66,10
1675,264,418,212,36,270,416,210,36,90,130,62,10
1676,616,828,370,56,550,754,334,50,134,180,80,12
1677,300,440,210,34,266,390,186,30,82,114,52,8
1678,604,848,390,60,514,726,336,52,122,170,78,12
1679,524,760,358,56,466,678,320,50,118,168,78,12
1680,580,760,330,50,474,626,274,42,116,152,66,10
1681,396,528,238,38,378,506,228,36,112,150,66,10
1682,264,366,168,28,218,306,142,24,56,78,36,6
1683,264,398,196,34,234,346,172,30,70,100,48,8
1684,264,370,170,28,238,328,146,24,60,80,36,6
1685,120,182,90,16,170,238,110,18,66,86,38,6
1686,180,300,160,30,154,258,138,26,36,60,32,6
1687,212,368,200,36,190,328,178,32,54,88,46,8
1688,388,552,258,42,378,522,238,38,112,150,66,10
1689,216,332,166,30,292,412,192,32,116,152,66,10
1690,168,246,116,20,186,262,120,20,64,86,38,6
1691,188,290,144,26,212,312,150,26,80,110,50,8
1692,348,508,238,38,302,436,200,32,80,110,50,8
1693,240,344,158,26,264,366,164,26,88,118,52,8
1694,396,548,250,40,326,456,210,34,80,110,50,8
1695,440,628,290,46,372,536,250,40,100,140,64,10
1696,772,958,396,56,700,866,356,50,170,210,86,12
1697,516,626,260,38,440,532,220,32,112,136,56,8
1698,676,854,360,52,628,794,334,48,158,200,84,12
1699,476,606,264,40,428,570,254,38,112,148,66,10
1700,508,630,262,38,460,570,236,34,110,136,56,8
1701,276,334,138,20,220,266,110,16,56,68,28,4
1702,568,716,308,46,532,666,284,42,128,160,68,10
1703,368,488,220,34,368,480,212,32,92,122,54,8
1704,616,790,332,48,592,764,324,46,158,200,84,12
1705,372,470,196,30,342,440,188,28,102,128,54,8
1706,604,746,308,44,616,760,312,44,170,210,86,12
1707,392,498,212,32,426,546,232,34,126,160,68,10
1708,616,780,330,48,544,688,290,42,134,168,70,10
1709,396,496,206,30,314,394,164,24,82,102,42,6
1710,712,914,388,56,646,824,348,50,158,200,84,12
1711,536,698,300,44,502,648,276,40,130,166,70,10
1712,568,718,300,44,522,658,274,40,128,162,68,10
1713,368,470,196,30,342,448,188,28,100,128,54,8
1714,360,470,204,32,338,442,192,30,92,120,52,8
1715,360,498,232,36,366,496,226,36,112,150,66,10
1716,288,390,166,26,250,338,154,24,60,80,36,6
1717,144,178,74,12,142,192,78,12,48,62,26,4
1718,228,316,148,26,226,306,140,24,60,80,36,6
1719,300,416,188,30,314,430,194,30,90,118,52,8
1720,412,550,236,36,402,562,242,36,112,150,66,10
1721,236,314,132,22,254,356,156,24,92,120,52,8
1722,264,350,152,24,306,398,170,26,100,128,54,8
1723,300,402,180,28,364,472,204,32,128,162,68,10
1724,372,528,234,36,314,446,208,32,80,110,50,8
1725,264,340,142,22,246,320,132,20,76,96,40,6
1726,384,514,228,36,350,464,204,32,92,120,52,8
1727,476,626,268,40,468,608,258,38,124,160,68,10
1728,772,994,426,62,736,944,402,58,182,232,98,14
1729,452,582,258,40,428,554,246,38,116,150,66,10
1730,568,716,308,46,532,666,284,42,128,160,68,10
1731,368,536,256,42,344,496,242,40,92,130,62,10
1732,604,782,338,50,592,774,330,48,146,190,82,12
1733,308,406,182,28,304,414,184,28,84,114,52,8
1734,496,666,298,46,448,608,274,42,104,140,64,10
1735,360,534,258,42,340,518,250,40,84,126,62,10
1736,592,784,346,52,556,734,322,48,146,190,82,12
1737,284,384,178,30,258,354,166,28,82,110,50,8
1738,424,554,240,36,382,496,214,32,98,126,54,8
1739,264,386,188,32,234,346,172,30,70,100,48,8
1740,676,890,390,58,688,892,384,56,182,232,98,14
1741,392,526,234,36,410,542,238,36,122,158,68,10
1742,616,822,362,54,586,774,338,50,146,190,82,12
1743,504,702,322,50,506,694,314,48,134,180,80,12
1744,568,730,306,44,518,664,278,40,132,168,70,10
1745,368,474,206,32,402,520,224,34,120,158,68,10
1746,284,384,168,26,278,368,158,24,72,94,40,6
1747,284,428,200,32,318,424,190,30,90,118,52,8
1748,368,494,218,32,358,486,206,30,88,118,52,8
1749,224,298,130,20,282,380,162,24,92,124,54,8
1750,236,346,158,26,214,320,148,24,52,76,36,6
1751,300,438,202,32,274,406,190,30,74,106,50,8
1752,380,520,226,34,338,454,198,30,92,124,54,8
1753,200,276,126,22,236,320,144,24,88,118,52,8
1754,152,222,100,16,138,198,88,14,44,60,26,4
1755,188,290,132,22,188,264,120,20,64,86,38,6
1756,416,590,270,40,434,594,260,38,120,158,68,10
1757,308,418,182,28,388,508,216,32,132,168,70,10
1758,368,502,222,34,362,486,212,32,96,126,54,8
1759,444,606,266,40,432,582,254,38,120,158,68,10
1760,916,1204,516,74,874,1134,480,68,212,272,114,16
1761,692,896,384,56,638,816,346,50,158,200,84,12
1762,724,972,424,62,706,934,402,58,176,230,98,14
1763,540,732,328,50,530,726,322,48,134,180,80,12
1764,640,854,370,54,610,806,346,50,152,198,84,12
1765,440,582,250,36,394,518,222,32,102,132,56,8
1766,724,996,444,66,682,926,408,60,164,220,96,14
1767,516,744,348,54,510,716,328,50,126,176,80,12
1768,676,944,426,64,634,874,390,58,164,220,96,14
1769,464,648,294,46,408,566,256,40,112,150,66,10
1770,616,822,356,52,586,774,332,48,152,198,84,12
1771,420,582,260,40,420,574,252,38,112,150,66,10
1772,712,962,422,62,694,924,400,58,176,230,98,14
1773,524,702,302,44,488,646,276,40,128,166,70,10
1774,904,1200,516,74,868,1132,480,68,212,272,114,16
1775,696,952,420,62,692,924,400,58,176,230,98,14
1776,724,964,420,62,714,934,400,58,180,232,98,14
1777,540,740,320,48,534,724,314,46,144,190,82,12
1778,452,620,276,42,458,614,268,40,120,158,68,10
1779,452,640,296,46,478,652,296,46,132,180,80,12
1780,448,614,274,42,442,606,266,40,112,150,66,10
1781,312,426,186,28,310,436,190,28,92,124,54,8
1782,404,596,284,46,394,566,264,42,100,140,64,10
1783,468,672,316,50,474,674,312,48,128,178,80,12
1784,484,704,330,52,474,674,310,48,128,178,80,12
1785,324,492,230,38,314,474,224,36,100,140,64,10
1786,320,458,208,32,318,444,198,30,92,124,54,8
1787,356,502,228,36,368,502,226,36,112,150,66,10
1788,512,722,326,50,506,714,320,48,132,180,80,12
1789,404,546,238,36,414,564,244,36,120,158,68,10
1790,572,792,356,54,566,764,336,50,144,190,82,12
1791,648,880,388,58,676,892,384,56,180,232,98,14
1792,916,1198,516,74,880,1132,480,68,214,272,114,16
1793,596,806,360,54,576,768,338,50,142,188,82,12
1794,584,776,340,50,584,772,332,48,142,188,82,12
1795,476,706,340,54,468,678,320,50,118,168,78,12
1796,596,802,358,54,576,764,336,50,142,188,82,12
1797,344,492,226,34,332,470,214,32,86,120,54,8
1798,536,752,348,54,500,718,328,50,118,168,78,12
1799,500,766,372,58,464,700,336,52,110,164,78,12
1800,656,928,426,64,620,862,390,58,160,218,96,14
1801,368,558,270,44,346,518,248,40,96,138,64,10
1802,452,614,272,40,434,602,262,38,112,154,68,10
1803,380,568,272,44,358,528,250,40,96,138,64,10
1804,644,898,410,62,640,872,390,58,160,218,96,14
1805,428,612,278,42,426,598,268,40,112,154,68,10
1806,700,948,420,62,662,916,400,58,160,218,96,14
1807,696,982,444,66,662,916,408,60,160,218,96,14
1808,724,958,420,62,720,932,400,58,182,232,98,14
1809,660,878,388,58,688,892,384,56,182,232,98,14
1810,464,620,276,42,468,614,268,40,122,158,68,10
1811,492,690,320,50,508,694,314,48,134,180,80,12
1812,448,608,274,42,452,604,266,40,114,150,66,10
1813,432,576,254,38,452,604,260,38,118,156,68,10
1814,416,596,284,46,404,566,264,42,102,140,64,10
1815,468,702,340,54,464,676,320,50,118,168,78,12
1816,484,698,330,52,480,672,310,48,130,178,80,12
1817,444,630,298,48,468,642,294,46,132,180,80,12
1818,332,458,208,32,328,444,198,30,94,124,54,8
1819,372,540,252,40,378,534,244,38,108,148,66,10
1820,520,716,326,50,516,714,320,48,134,180,80,12
1821,516,696,306,46,526,722,314,46,140,188,82,12
1822,584,792,356,54,576,764,336,50,146,190,82,12
1823,648,910,412,62,646,884,392,58,164,220,96,14
1824,640,820,348,50,644,814,340,48,166,208,86,12
1825,404,526,228,34,408,520,220,32,106,134,56,8
1826,536,688,292,42,592,748,312,44,166,208,86,12
1827,428,592,256,38,444,598,262,38,118,156,68,10
1828,436,554,234,34,416,528,222,32,106,134,56,8
1829,224,296,126,18,200,264,112,16,50,66,28,4
1830,392,536,244,38,432,572,252,38,118,156,68,10
1831,336,476,220,34,340,470,212,32,86,120,54,8
1832,460,610,268,40,440,596,260,38,118,156,68,10
1833,236,328,148,24,214,312,140,22,60,84,38,6
1834,380,526,224,32,416,560,242,34,124,164,70,10
1835,308,442,188,28,298,430,192,28,84,116,52,8
1836,508,662,286,42,500,646,276,40,130,166,70,10
1837,308,416,178,26,294,392,166,24,76,100,42,6
1838,512,692,308,46,556,730,316,46,148,196,84,12
1839,468,644,284,42,474,638,276,40,124,164,70,10
1840,724,958,420,62,720,932,400,58,182,232,98,14
1841,564,750,332,50,592,764,328,48,158,200,84,12
1842,560,724,312,46,588,750,318,46,158,200,84,12
1843,660,878,388,58,688,892,384,56,182,232,98,14
1844,500,666,298,46,464,616,274,42,114,150,66,10
1845,408,532,230,34,404,518,220,32,106,134,56,8
1846,416,572,264,42,428,574,258,40,114,150,66,10
1847,564,782,356,54,560,756,336,50,142,188,82,12
1848,544,748,340,52,508,714,320,48,130,178,80,12
1849,408,552,252,40,408,556,248,38,114,150,66,10
1850,404,562,244,36,412,562,248,36,118,156,68,10
1851,540,740,320,48,534,722,314,46,144,190,82,12
1852,548,762,350,54,528,724,328,50,134,180,80,12
1853,504,652,282,42,508,646,274,40,134,168,70,10
1854,536,728,328,50,552,732,322,48,146,190,82,12
1855,696,950,420,62,694,924,400,58,176,230,98,14
1856,772,994,426,62,736,944,402,58,182,232,98,14
1857,472,620,274,42,452,594,262,40,114,150,66,10
1858,472,632,280,42,488,636,274,40,122,158,68,10
1859,364,554,276,46,356,526,256,42,90,130,62,10
1860,676,890,390,58,688,892,384,56,182,232,98,14
1861,424,572,254,38,436,582,256,38,118,156,68,10
1862,568,776,338,50,556,756,330,48,134,180,80,12
1863,532,780,354,54,496,716,330,50,118,168,78,12
1864,664,868,378,56,592,776,338,50,146,190,82,12
1865,376,506,226,36,318,436,198,32,80,110,50,8
1866,412,554,244,36,382,508,220,32,92,124,54,8
1867,340,500,240,40,282,418,202,34,68,100,48,8
1868,580,818,378,58,608,832,374,56,164,220,96,14
1869,364,524,242,38,386,542,246,38,108,148,66,10
1870,580,770,338,50,562,764,330,48,140,188,82,12
1871,568,786,354,54,534,736,330,50,132,180,80,12
1872,664,844,354,50,652,822,342,48,166,208,86,12
1873,568,732,314,46,588,750,318,46,158,200,84,12
1874,400,524,228,34,404,518,220,32,106,134,56,8
1875,460,618,276,42,468,614,268,40,122,158,68,10
1876,592,760,322,46,604,774,326,46,158,200,84,12
1877,544,696,294,42,592,748,312,44,166,208,86,12
1878,496,668,286,42,484,638,276,40,122,158,68,10
1879,580,798,346,50,568,764,334,48,142,188,82,12
1880,556,718,306,44,508,654,278,40,126,164,70,10
1881,484,618,266,40,464,592,254,38,126,160,68,10
1882,340,446,192,28,300,390,166,24,78,100,42,6
1883,412,552,240,36,374,496,214,32,96,126,54,8
1884,508,700,310,46,524,714,316,46,142,188,82,12
1885,496,648,282,42,552,708,302,44,152,198,84,12
1886,508,662,286,42,500,646,276,40,130,166,70,10
1887,604,804,346,50,594,782,334,48,152,198,84,12
1888,736,964,420,62,724,934,400,58,182,232,98,14
1889,532,694,304,46,512,656,282,42,126,160,68,10
1890,568,736,316,46,604,772,324,46,158,200,84,12
1891,460,616,272,42,452,606,266,40,114,150,66,10
1892,628,802,342,50,616,784,332,48,158,200,84,12
1893,448,568,238,34,424,536,224,32,106,134,56,8
1894,664,880,388,58,688,892,384,56,182,232,98,14
1895,592,796,356,54,580,766,336,50,142,188,82,12
1896,592,808,366,56,532,726,328,50,134,180,80,12
1897,400,550,250,40,330,458,210,34,80,110,50,8
1898,508,658,280,40,504,644,270,38,134,168,70,10
1899,424,550,236,36,378,498,212,32,92,120,52,8
1900,556,742,330,50,556,734,322,48,146,190,82,12
1901,388,520,226,34,374,496,214,32,96,126,54,8
1902,640,868,388,58,668,882,384,56,176,230,98,14
1903,580,796,356,54,570,766,336,50,144,190,82,12
1904,916,1198,516,74,880,1132,480,68,214,272,114,16
1905,724,958,420,62,720,932,400,58,182,232,98,14
1906,640,820,348,50,644,814,340,48,166,208,86,12
1907,724,958,420,62,720,932,400,58,182,232,98,14
1908,772,994,426,62,736,944,402,58,182,232,98,14
1909,664,844,354,50,652,822,342,48,166,208,86,12
1910,736,964,420,62,724,934,400,58,182,232,98,14
1911,916,1198,516,74,880,1132,480,68,214,272,114,16
1912,760,1036,462,68,672,916,408,60,162,218,96,14
1913,604,814,366,56,548,734,328,50,138,182,80,12
1914,580,742,312,44,540,686,286,40,138,174,72,10
1915,712,904,384,56,656,824,346,50,162,202,84,12
1916,676,922,414,62,656,884,392,58,166,220,96,14
1917,616,796,342,50,612,782,332,48,158,200,84,12
1918,712,952,420,62,704,924,400,58,178,230,98,14
1919,904,1198,516,74,870,1132,480,68,212,272,114,16
1920,760,1036,462,68,672,916,408,60,162,218,96,14
1921,444,642,306,48,376,552,266,42,92,134,64,10
1922,420,606,284,44,396,562,260,40,96,136,64,10
1923,312,532,284,48,268,462,248,42,68,114,60,10
1924,420,610,290,46,416,584,270,42,108,146,66,10
1925,168,296,158,26,168,284,148,24,48,76,38,6
1926,336,540,276,46,312,508,256,42,72,116,60,10
1927,300,550,300,50,264,484,264,44,60,110,60,10
1928,552,820,390,60,568,808,372,56,162,218,96,14
1929,264,446,234,40,290,458,230,38,94,136,64,10
1930,324,486,232,36,354,518,238,36,102,144,66,10
1931,252,436,232,40,266,438,226,38,82,126,62,10
1932,504,748,358,56,480,692,324,50,126,176,80,12
1933,288,458,226,36,262,412,202,32,74,110,52,8
1934,552,788,366,56,474,706,328,50,114,166,78,12
1935,548,820,390,60,462,700,336,52,110,164,78,12
1936,604,814,366,56,548,734,328,50,138,182,80,12
1937,524,726,334,52,500,686,312,48,134,180,80,12
1938,324,462,220,36,292,414,196,32,78,108,50,8
1939,368,536,264,44,344,496,242,40,92,130,62,10
1940,304,432,206,34,312,436,200,32,82,110,50,8
1941,272,392,186,30,312,428,194,30,88,116,52,8
1942,240,396,212,38,228,366,192,34,58,90,46,8
1943,308,506,268,46,300,478,248,42,76,118,60,10
1944,412,606,294,48,452,630,292,46,134,180,80,12
1945,356,530,262,44,424,592,276,44,138,182,80,12
1946,228,342,168,28,260,370,174,28,86,116,52,8
1947,284,428,212,36,322,462,220,36,102,140,64,10
1948,408,582,274,44,376,544,254,40,102,140,64,10
1949,404,554,254,40,398,554,248,38,110,148,66,10
1950,456,644,302,48,400,564,264,42,102,140,64,10
1951,536,766,358,56,482,686,320,50,122,170,78,12
1952,580,742,312,44,540,686,286,40,138,174,72,10
1953,360,452,192,28,316,394,166,24,80,100,42,6
1954,444,578,248,36,456,588,250,36,126,164,70,10
1955,336,474,212,32,304,432,200,30,80,112,52,8
1956,316,414,178,26,300,390,166,24,78,100,42,6
1957,120,160,70,10,96,128,56,8,24,32,14,2
1958,312,424,192,30,344,452,198,30,96,124,54,8
1959,248,356,168,26,244,342,158,24,60,86,40,6
1960,424,574,248,36,432,584,254,36,126,164,70,10
1961,216,296,128,20,218,302,134,20,70,92,40,6
1962,348,458,196,28,424,544,228,32,138,174,72,10
1963,272,366,160,24,302,408,178,26,94,124,54,8
1964,424,564,246,36,384,508,220,32,102,132,56,8
1965,240,322,138,20,190,256,110,16,50,66,28,4
1966,468,622,272,40,468,610,262,38,126,164,70,10
1967,416,566,248,36,378,510,222,32,98,130,56,8
1968,712,904,384,56,656,824,346,50,162,202,84,12
1969,536,688,296,44,512,648,274,40,134,168,70,10
1970,492,626,268,40,472,600,256,38,126,160,68,10
1971,584,776,344,52,560,736,322,48,146,190,82,12
1972,420,546,242,38,384,496,218,34,94,120,52,8
1973,320,408,174,26,312,392,164,24,82,102,42,6
1974,360,472,212,34,360,464,204,32,94,120,52,8
1975,524,686,304,46,504,648,282,42,124,158,68,10
1976,552,736,320,48,536,720,314,46,146,190,82,12
1977,404,532,232,36,424,556,242,36,126,160,68,10
1978,396,506,216,32,440,556,234,34,134,168,70,10
1979,536,680,292,44,568,712,300,44,162,202,84,12
1980,504,684,310,48,448,604,272,42,114,150,66,10
1981,452,570,242,36,416,520,218,32,110,136,56,8
1982,516,670,292,44,484,622,268,40,126,160,68,10
1983,692,896,384,56,638,816,346,50,158,200,84,12
1984,676,922,414,62,656,884,392,58,166,220,96,14
1985,392,552,262,42,384,536,252,40,100,138,64,10
1986,416,588,272,42,436,594,266,40,112,148,66,10
1987,308,506,268,46,300,478,248,42,76,118,60,10
1988,500,698,322,50,512,712,318,48,130,178,80,12
1989,248,376,186,30,260,396,190,30,68,102,50,8
1990,368,550,262,42,368,546,256,40,88,128,62,10
1991,332,546,278,46,296,500,256,42,68,114,60,10
1992,496,712,334,52,476,674,312,48,130,178,80,12
1993,224,354,182,32,214,336,172,30,66,98,48,8
1994,284,426,204,32,296,424,196,30,82,114,52,8
1995,212,368,200,36,190,328,178,32,54,88,46,8
1996,548,794,374,58,592,820,372,56,166,220,96,14
1997,332,496,238,38,366,524,244,38,106,146,66,10
1998,500,706,326,50,506,712,320,48,130,178,80,12
1999,480,714,342,54,462,676,320,50,118,168,78,12
2000,616,796,342,50,612,782,332,48,158,200,84,12
2001,504,676,302,46,532,702,308,46,146,190,82,12
2002,368,492,220,34,372,486,212,32,98,126,54,8
2003,444,590,268,42,448,584,260,40,116,150,66,10
2004,448,584,254,38,452,604,260,38,114,150,66,10
2005,384,512,226,34,428,572,246,36,118,156,68,10
2006,320,454,210,34,308,438,202,32,78,108,50,8
2007,420,588,270,42,404,566,260,40,100,138,64,10
2008,436,586,262,40,432,572,252,38,118,156,68,10
2009,348,478,222,36,372,502,228,36,114,150,66,10
2010,236,330,152,24,232,316,142,22,70,92,40,6
2011,324,440,200,32,318,424,190,30,90,118,52,8
2012,500,692,306,46,528,712,314,46,146,190,82,12
2013,480,632,278,42,544,700,300,44,158,200,84,12
2014,452,610,274,42,456,604,266,40,122,158,68,10
2015,564,756,334,50,562,742,324,48,146,190,82,12
2016,712,952,420,62,704,924,400,58,178,230,98,14
2017,524,686,304,46,504,648,282,42,124,158,68,10
2018,512,692,308,46,536,724,316,46,142,188,82,12
2019,404,564,264,42,396,558,258,40,100,138,64,10
2020,436,602,274,42,440,596,266,40,118,156,68,10
2021,272,372,170,26,260,350,158,24,68,90,40,6
2022,464,668,316,50,492,682,312,48,130,178,80,12
2023,384,576,284,46,376,548,264,42,92,134,64,10
2024,472,692,330,52,464,664,310,48,130,178,80,12
2025,296,438,214,36,274,398,192,32,78,108,50,8
2026,380,530,240,36,416,560,246,36,118,156,68,10
2027,288,414,196,32,286,406,188,30,78,108,50,8
2028,508,710,326,50,524,714,320,48,142,188,82,12
2029,356,492,222,34,354,478,212,32,94,124,54,8
2030,632,864,388,58,664,880,384,56,178,230,98,14
2031,564,784,356,54,558,756,336,50,142,188,82,12
2032,904,1198,516,74,870,1132,480,68,212,272,114,16
2033,696,950,420,62,694,924,400,58,176,230,98,14
2034,572,776,340,50,582,772,332,48,152,198,84,12
2035,648,910,412,62,646,884,392,58,164,220,96,14
2036,584,802,358,54,566,764,336,50,144,190,82,12
2037,468,648,286,42,470,636,276,40,124,164,70,10
2038,524,752,348,54,518,724,328,50,132,180,80,12
2039,696,982,444,66,662,916,408,60,160,218,96,14
2040,644,928,426,64,610,862,390,58,160,218,96,14
2041,480,702,330,52,474,674,310,48,132,180,80,12
2042,440,614,272,40,442,602,262,38,124,164,70,10
2043,564,772,344,52,546,734,322,48,144,190,82,12
2044,632,898,410,62,630,872,390,58,164,220,96,14
2045,564,768,338,50,574,764,330,48,152,198,84,12
2046,692,948,420,62,690,922,400,58,176,230,98,14
2047,900,1198,516,74,868,1132,480,68,212,272,114,16
